h3,species_use_log_pred,plausibility
606916319094243327,0.566964,0
606916321241726975,0.525001,0
606916399893315583,0.820983,0
606916400027533311,0.790623,0
606916400161751039,0.759739,0
606916400295968767,0.78456,0
606916400430186495,0.813979,0
606916400564404223,0.841579,0
606916400698621951,0.781356,0
606916400967057407,0.826817,0
606916401235492863,0.814453,0
606916401503928319,0.823768,0
606916401772363775,0.814169,0
606916402040799231,0.757789,0
606916402175016959,0.777945,0
606916402309234687,0.778223,0
606916402443452415,0.774017,0
606916402577670143,0.745389,0
606916402711887871,0.731253,0
606916402846105599,0.764542,0
606916403114541055,0.798891,0
606916403248758783,0.779464,0
606916403382976511,0.784235,0
606916403517194239,0.810134,0
606916403651411967,0.771547,0
606916403785629695,0.790602,0
606916403919847423,0.745398,0
606916404188282879,0.814299,0
606916404322500607,0.832832,0
606916404456718335,0.808545,0
606916404590936063,0.786396,0
606916404725153791,0.843305,0
606916404859371519,0.819489,0
606916404993589247,0.820011,0
606916405262024703,0.815306,0
606916405396242431,0.83737,0
606916405530460159,0.832901,0
606916405664677887,0.789535,0
606916405798895615,0.857706,0
606916405933113343,0.865122,0
606916406067331071,0.839455,0
606916406335766527,0.78902,0
606916406469984255,0.73791,0
606916406604201983,0.759131,0
606916406738419711,0.753151,0
606916406872637439,0.793601,0
606916407006855167,0.792908,0
606916407141072895,0.757174,0
606916417073184767,0.752052,0
606916417207402495,0.744536,0
606916417341620223,0.711642,0
606916417475837951,0.722874,0
606916417610055679,0.803877,0
606916417744273407,0.810184,0
606916417878491135,0.772628,0
606916418146926591,0.758105,0
606916418281144319,0.735379,0
606916418415362047,0.730917,0
606916418549579775,0.707581,0
606916418683797503,0.781417,0
606916418818015231,0.781534,0
606916418952232959,0.781911,0
606916419220668415,0.695833,0
606916419354886143,0.705163,0
606916419489103871,0.693559,0
606916419623321599,0.702953,0
606916419757539327,0.731924,0
606916419891757055,0.714312,0
606916420025974783,0.707139,0
606916420294410239,0.690749,0
606916420428627967,0.698804,0
606916420562845695,0.703546,0
606916420697063423,0.682447,0
606916420831281151,0.705807,0
606916420965498879,0.711177,0
606916421099716607,0.713189,0
606916421368152063,0.76895,0
606916421502369791,0.790927,0
606916421636587519,0.75276,0
606916421770805247,0.794698,0
606916421905022975,0.77605,0
606916422039240703,0.776933,0
606916422173458431,0.762147,0
606916422441893887,0.814969,0
606916422576111615,0.796422,0
606916422710329343,0.798442,0
606916422844547071,0.806932,0
606916422978764799,0.772181,0
606916423112982527,0.789718,0
606916423247200255,0.778952,0
606916423515635711,0.726015,0
606916423649853439,0.726942,0
606916423784071167,0.706808,0
606916423918288895,0.718569,0
606916424052506623,0.752726,0
606916424186724351,0.75766,0
606916424320942079,0.729837,0
606916425663119359,0.756715,0
606916425931554815,0.717701,0
606916426199990271,0.788034,0
606916426468425727,0.770503,0
606916427810603007,0.741979,0
606916428079038463,0.707413,0
606916428347473919,0.741302,0
606916428615909375,0.733076,0
606916429958086655,0.76609,0
606916430092304383,0.785028,0
606916430226522111,0.72306,0
606916430360739839,0.761282,0
606916430494957567,0.772634,0
606916430629175295,0.798621,0
606916430763393023,0.765701,0
606916431837134847,0.812503,0
606916432105570303,0.723519,0
606916432239788031,0.728401,0
606916432374005759,0.686172,0
606916432508223487,0.71519,0
606916432642441215,0.701134,0
606916432776658943,0.725347,0
606916432910876671,0.704957,0
606916434253053951,0.846888,0
606916434387271679,0.881392,0
606916434521489407,0.838757,0
606916434655707135,0.813519,0
606916434789924863,0.837652,0
606916434924142591,0.860021,0
606916435058360319,0.832788,0
606916435326795775,0.858669,0
606916435461013503,0.840007,0
606916435595231231,0.858615,0
606916435729448959,0.882706,0
606916435863666687,0.833945,0
606916435997884415,0.854924,0
606916436132102143,0.851005,0
606916436400537599,0.869075,0
606916436534755327,0.865762,0
606916436668973055,0.842542,0
606916436803190783,0.842424,0
606916436937408511,0.842988,0
606916437071626239,0.851936,0
606916437205843967,0.869004,0
606916437474279423,0.865294,0
606916437608497151,0.894719,0
606916437742714879,0.848123,0
606916437876932607,0.863094,0
606916438011150335,0.845323,0
606916438145368063,0.873838,0
606916438279585791,0.844657,0
606916438548021247,0.871564,0
606916438682238975,0.854118,0
606916438816456703,0.87297,0
606916438950674431,0.825409,0
606916439084892159,0.860276,0
606916439219109887,0.83828,0
606916439353327615,0.856761,0
606916439621763071,0.851323,0
606916439755980799,0.843083,0
606916439890198527,0.859671,0
606916440024416255,0.817871,0
606916440158633983,0.847521,0
606916440292851711,0.841655,0
606916440427069439,0.871136,0
606916440695504895,0.822666,0
606916440829722623,0.827338,0
606916440963940351,0.839844,0
606916441098158079,0.84221,0
606916441232375807,0.808982,0
606916441366593535,0.831743,0
606916441500811263,0.809564,0
606916445258907647,0.836441,0
606916445795778559,0.853392,0
606916447137955839,0.877698,0
606916447406391295,0.838494,0
606916447540609023,0.874853,0
606916447674826751,0.844415,0
606916447943262207,0.86536,0
606916449285439487,0.889571,0
606916449419657215,0.880035,0
606916449553874943,0.879337,0
606916449688092671,0.879439,0
606916449822310399,0.836885,0
606916449956528127,0.86639,0
606916450090745855,0.866788,0
606916451432923135,0.771061,0
606916451567140863,0.779526,0
606916451701358591,0.753951,0
606916451835576319,0.766699,0
606916451969794047,0.771442,0
606916452104011775,0.791437,0
606916452238229503,0.778404,0
606916452506664959,0.790698,0
606916452640882687,0.805283,0
606916452775100415,0.777405,0
606916452909318143,0.790711,0
606916453043535871,0.797337,0
606916453177753599,0.791681,0
606916453311971327,0.801793,0
606916453580406783,0.766275,0
606916453714624511,0.760618,0
606916453848842239,0.768177,0
606916453983059967,0.776608,0
606916454117277695,0.752667,0
606916454251495423,0.762759,0
606916454385713151,0.76458,0
606916454654148607,0.769642,0
606916454788366335,0.76221,0
606916454922584063,0.768142,0
606916455056801791,0.774055,0
606916455191019519,0.747992,0
606916455325237247,0.759189,0
606916455459454975,0.750531,0
606916455727890431,0.832688,0
606916455862108159,0.826174,0
606916455996325887,0.817146,0
606916456130543615,0.7903,0
606916456264761343,0.857496,0
606916456398979071,0.859703,0
606916456533196799,0.835976,0
606916456801632255,0.858074,0
606916456935849983,0.853734,0
606916457070067711,0.833082,0
606916457204285439,0.814798,0
606916457338503167,0.8649,0
606916457472720895,0.834606,0
606916457606938623,0.861704,0
606916457875374079,0.77552,0
606916458009591807,0.766468,0
606916458143809535,0.756071,0
606916458278027263,0.753652,0
606916458412244991,0.804599,0
606916458546462719,0.797451,0
606916458680680447,0.790294,0
606916537332269055,0.604064,0
606916537466486783,0.586058,0
606916537600704511,0.606695,0
606916537734922239,0.62523,0
606916537869139967,0.617062,0
606916538003357695,0.618073,0
606916538137575423,0.592777,0
606916538406010879,0.623709,0
606916538540228607,0.621883,0
606916538674446335,0.595999,0
606916538808664063,0.590493,0
606916538942881791,0.617667,0
606916539077099519,0.636671,0
606916539211317247,0.60672,0
606916539479752703,0.582235,0
606916539613970431,0.6199,0
606916539748188159,0.547605,0
606916539882405887,0.583574,0
606916540016623615,0.589631,0
606916540150841343,0.613552,0
606916540285059071,0.596178,0
606916540553494527,0.609864,0
606916540687712255,0.597167,0
606916540821929983,0.625333,0
606916540956147711,0.616516,0
606916541090365439,0.602176,0
606916541224583167,0.594874,0
606916541358800895,0.63373,0
606916541627236351,0.605754,0
606916541761454079,0.631601,0
606916541895671807,0.606288,0
606916542029889535,0.606918,0
606916542164107263,0.621694,0
606916542298324991,0.613562,0
606916542432542719,0.605771,0
606916542700978175,0.627778,0
606916542835195903,0.649667,0
606916542969413631,0.622935,0
606916543103631359,0.639236,0
606916543237849087,0.641924,0
606916543372066815,0.650483,0
606916543506284543,0.613733,0
606916543774719999,0.618728,0
606916543908937727,0.629711,0
606916544043155455,0.584861,0
606916544177373183,0.615181,0
606916544311590911,0.590836,0
606916544445808639,0.589375,0
606916544580026367,0.572044,0
606916550217170943,0.639398,0
606916550485606399,0.620159,0
606916550619824127,0.6256,0
606916550754041855,0.668122,0
606916550888259583,0.665955,0
606916551022477311,0.640858,0
606916552364654591,0.57813,0
606916552633090047,0.593497,0
606916552767307775,0.604427,0
606916552901525503,0.574259,0
606916553035743231,0.600976,0
606916553169960959,0.569762,0
606916554512138239,0.527021,0
606916554646355967,0.525117,0
606916554780573695,0.524859,0
606916554914791423,0.531452,0
606916555049009151,0.539767,0
606916555183226879,0.556454,0
606916555317444607,0.526386,0
606916555585880063,0.545004,0
606916555720097791,0.541409,0
606916555854315519,0.527752,0
606916555988533247,0.524482,0
606916556122750975,0.556677,0
606916556256968703,0.56075,0
606916556391186431,0.533311,0
606916556659621887,0.558804,0
606916556793839615,0.573098,0
606916556928057343,0.560525,0
606916557062275071,0.570286,0
606916557196492799,0.559001,0
606916557330710527,0.532177,0
606916557464928255,0.560176,0
606916557733363711,0.558679,0
606916557867581439,0.551366,0
606916558001799167,0.55496,0
606916558136016895,0.550107,0
606916558270234623,0.54458,0
606916558404452351,0.542851,0
606916558538670079,0.56122,0
606916558807105535,0.529807,0
606916558941323263,0.552516,0
606916559075540991,0.521728,0
606916559209758719,0.528818,0
606916559343976447,0.552749,0
606916559478194175,0.570177,0
606916559612411903,0.509851,0
606916559880847359,0.567349,0
606916560015065087,0.573087,0
606916560149282815,0.567188,0
606916560283500543,0.551946,0
606916560417718271,0.55841,0
606916560551935999,0.563629,0
606916560686153727,0.554099,0
606916560954589183,0.535812,0
606916561088806911,0.539754,0
606916561223024639,0.542869,0
606916561357242367,0.560724,0
606916561491460095,0.52941,0
606916561625677823,0.543818,0
606916561759895551,0.542346,0
606916563102072831,0.564248,0
606916563236290559,0.566648,0
606916563370508287,0.526899,0
606916563504726015,0.548162,0
606916563638943743,0.56887,0
606916563773161471,0.582289,0
606916563907379199,0.559074,0
606916565249556479,0.528617,0
606916565383774207,0.543445,0
606916565517991935,0.564888,0
606916565652209663,0.567046,0
606916565786427391,0.524698,0
606916565920645119,0.521423,0
606916566054862847,0.566003,0
606916567128604671,0.547233,0
606916567397040127,0.579848,0
606916567531257855,0.591168,0
606916567665475583,0.561019,0
606916567799693311,0.567335,0
606916567933911039,0.604912,0
606916568068128767,0.623635,0
606916568202346495,0.577978,0
606916568470781951,0.646587,0
606916568604999679,0.625397,0
606916568739217407,0.626205,0
606916568873435135,0.633298,0
606916569007652863,0.615813,0
606916569141870591,0.61331,0
606916569276088319,0.642236,0
606916569544523775,0.535684,0
606916569678741503,0.528804,0
606916569812959231,0.534009,0
606916569947176959,0.524124,0
606916570081394687,0.532475,0
606916570215612415,0.5522,0
606916570349830143,0.538791,0
606916571692007423,0.637319,0
606916571826225151,0.625853,0
606916571960442879,0.646397,0
606916572094660607,0.634032,0
606916572228878335,0.687843,0
606916572363096063,0.685679,0
606916572497313791,0.642511,0
606916572765749247,0.683586,0
606916572899966975,0.697346,0
606916573034184703,0.644338,0
606916573168402431,0.659656,0
606916573302620159,0.708583,0
606916573436837887,0.71753,0
606916573571055615,0.667466,0
606916573839491071,0.629744,0
606916573973708799,0.62827,0
606916574107926527,0.63546,0
606916574242144255,0.597157,0
606916574376361983,0.654209,0
606916574510579711,0.646823,0
606916574644797439,0.63368,0
606916574913232895,0.655485,0
606916575047450623,0.680749,0
606916575181668351,0.636816,0
606916575315886079,0.663279,0
606916575450103807,0.638705,0
606916575584321535,0.657017,0
606916575718539263,0.650835,0
606916575986974719,0.681226,0
606916576121192447,0.702648,0
606916576255410175,0.688126,0
606916576389627903,0.689376,0
606916576523845631,0.703305,0
606916576658063359,0.710596,0
606916576792281087,0.696895,0
606916577060716543,0.710017,0
606916577194934271,0.700886,0
606916577329151999,0.712914,0
606916577463369727,0.710552,0
606916577597587455,0.694457,0
606916577731805183,0.700346,0
606916577866022911,0.716403,0
606916578134458367,0.656804,0
606916578268676095,0.648708,0
606916578402893823,0.673164,0
606916578537111551,0.658231,0
606916578671329279,0.665441,0
606916578805547007,0.676216,0
606916578939764735,0.674717,0
606916580281942015,0.657728,0
606916580416159743,0.668745,0
606916580550377471,0.657453,0
606916580684595199,0.688014,0
606916580818812927,0.671284,0
606916580953030655,0.663536,0
606916581087248383,0.663273,0
606916581355683839,0.694006,0
606916581624119295,0.679451,0
606916581892554751,0.690353,0
606916582026772479,0.704806,0
606916582160990207,0.666576,0
606916582429425663,0.637338,0
606916582563643391,0.688991,0
606916582697861119,0.623095,0
606916582832078847,0.646586,0
606916582966296575,0.619167,0
606916583100514303,0.652721,0
606916583234732031,0.656148,0
606916583503167487,0.65223,0
606916583771602943,0.679401,0
606916583905820671,0.678767,0
606916584040038399,0.683201,0
606916584174256127,0.668786,0
606916584308473855,0.662036,0
606916584576909311,0.701801,0
606916584711127039,0.684013,0
606916584845344767,0.681044,0
606916584979562495,0.67869,0
606916585113780223,0.699282,0
606916585247997951,0.668538,0
606916585382215679,0.71241,0
606916585650651135,0.687929,0
606916585784868863,0.678736,0
606916585919086591,0.686882,0
606916586053304319,0.678371,0
606916586187522047,0.686179,0
606916586321739775,0.695843,0
606916586455957503,0.686619,0
606916586724392959,0.666202,0
606916586858610687,0.656174,0
606916586992828415,0.662668,0
606916587127046143,0.638958,0
606916587261263871,0.662859,0
606916587395481599,0.657989,0
606916587529699327,0.677327,0
606916588871876607,0.566131,0
606916589006094335,0.569443,0
606916589140312063,0.571426,0
606916589274529791,0.556305,0
606916589408747519,0.594695,0
606916589542965247,0.586106,0
606916589677182975,0.571116,0
606916589945618431,0.611309,0
606916590079836159,0.597516,0
606916590214053887,0.564955,0
606916590348271615,0.581521,0
606916590482489343,0.652312,0
606916590616707071,0.631527,0
606916590750924799,0.591691,0
606916591019360255,0.540531,0
606916591153577983,0.530019,0
606916591287795711,0.545549,0
606916591422013439,0.542216,0
606916591556231167,0.565302,0
606916591690448895,0.589901,0
606916591824666623,0.533548,0
606916592093102079,0.569171,0
606916592227319807,0.594818,0
606916592361537535,0.556717,0
606916592495755263,0.570468,0
606916592629972991,0.57073,0
606916592764190719,0.565299,0
606916592898408447,0.555648,0
606916593166843903,0.613032,0
606916593301061631,0.595796,0
606916593435279359,0.597063,0
606916593569497087,0.583334,0
606916593703714815,0.625146,0
606916593837932543,0.60099,0
606916593972150271,0.608838,0
606916594240585727,0.591222,0
606916594374803455,0.613615,0
606916594509021183,0.603284,0
606916594643238911,0.605273,0
606916594777456639,0.631124,0
606916594911674367,0.623611,0
606916595045892095,0.590417,0
606916595314327551,0.596238,0
606916595448545279,0.573914,0
606916595582763007,0.571471,0
606916595716980735,0.575177,0
606916595851198463,0.584419,0
606916595985416191,0.584164,0
606916596119633919,0.569905,0
606924152309284863,0.0373401,0
606924152577720319,0.0456718,0
606924152846155775,0.0349585,0
606924152980373503,0.0386556,0
606924153114591231,0.040789,0
606924154456768511,0.0357843,0
606924154725203967,0.0398381,0
606924154993639423,0.0371304,0
606924155262074879,0.0385981,0
606924290016673791,0.0219876,0
606924290285109247,0.0252111,0
606924290553544703,0.0218329,0
606924292164157439,0.0248461,0
606924292432592895,0.0213844,0
606924292701028351,0.0376758,0
606925195986337791,0.00712738,0
606925196120555519,0.00785705,0
606925196254773247,0.0148827,0
606925196388990975,0.00822066,0
606925196523208703,0.0056255,0
606925196657426431,0.00551647,0
606925196791644159,0.0141056,0
606925197060079615,0.00721466,0
606925197194297343,0.00906952,0
606925197328515071,0.00529998,0
606925197462732799,0.00632479,0
606925197596950527,0.00970991,0
606925197731168255,0.0125265,0
606925197865385983,0.00616533,0
606925198133821439,0.0185454,0
606925198268039167,0.0208995,0
606925198402256895,0.0162341,0
606925198536474623,0.0218875,0
606925198670692351,0.0174969,0
606925198804910079,0.0204664,0
606925198939127807,0.0207069,0
606925199207563263,0.0149052,0
606925199341780991,0.0101849,0
606925199475998719,0.00957755,0
606925199610216447,0.0181171,0
606925199744434175,0.0057866,0
606925199878651903,0.0108412,0
606925200012869631,0.0108503,0
606925200281305087,0.0116002,0
606925200415522815,0.0111016,0
606925200549740543,0.0109917,0
606925200683958271,0.0084816,0
606925200818175999,0.00410713,0
606925200952393727,0.0117125,0
606925201086611455,0.00517868,0
606925201355046911,0.00767004,0
606925201489264639,0.0125787,0
606925201623482367,0.0118383,0
606925201757700095,0.0079379,0
606925201891917823,0.0067787,0
606925202026135551,0.00816981,0
606925202160353279,0.0140894,0
606925202428788735,0.0130903,0
606925202563006463,0.0193925,0
606925202697224191,0.0103262,0
606925202831441919,0.00976712,0
606925202965659647,0.00978819,0
606925203099877375,0.00762367,0
606925203234095103,0.0135055,0
606925208871239679,0.0115051,0
606925209005457407,0.00985186,0
606925209139675135,0.00918818,0
606925209273892863,0.00880899,0
606925209408110591,0.0139581,0
606925209542328319,0.0121408,0
606925209676546047,0.0126227,0
606925211018723327,0.00623332,0
606925211287158783,0.0143366,0
606925211421376511,0.00725269,0
606925211555594239,0.00635327,0
606925211689811967,0.00439191,0
606925211824029695,0.00907822,0
606925213166206975,0.0131415,0
606925213300424703,0.011503,0
606925213434642431,0.0148336,0
606925213568860159,0.0138789,0
606925213703077887,0.0145296,0
606925213837295615,0.0122538,0
606925213971513343,0.00557177,0
606925214239948799,0.0075941,0
606925214374166527,0.0148829,0
606925214508384255,0.00634509,0
606925214642601983,0.00708186,0
606925214776819711,0.0106634,0
606925214911037439,0.0179827,0
606925215045255167,0.013159,0
606925215313690623,0.0143614,0
606925215447908351,0.0189005,0
606925215582126079,0.0250211,0
606925215716343807,0.025029,0
606925215850561535,0.00944578,0
606925215984779263,0.0162318,0
606925216118996991,0.0258027,0
606925216387432447,0.0125865,0
606925216521650175,0.0046488,0
606925216655867903,0.0177512,0
606925216790085631,0.0163222,0
606925216924303359,0.0113698,0
606925217058521087,0.00546943,0
606925217192738815,0.0157284,0
606925217461174271,0.0145931,0
606925217595391999,0.0158862,0
606925217729609727,0.013667,0
606925217863827455,0.00651697,0
606925217998045183,0.00946444,0
606925218132262911,0.0198463,0
606925218266480639,0.0142699,0
606925218534916095,0.0107855,0
606925218669133823,0.0117017,0
606925218803351551,0.0162519,0
606925218937569279,0.0112537,0
606925219071787007,0.0187421,0
606925219206004735,0.0141972,0
606925219340222463,0.0185506,0
606925219608657919,0.0174845,0
606925219742875647,0.00860914,0
606925219877093375,0.0101026,0
606925220011311103,0.0162809,0
606925220145528831,0.0141705,0
606925220279746559,0.00584248,0
606925220413964287,0.00972638,0
606925221756141567,0.0167862,0
606925222024577023,0.00391537,0
606925222293012479,0.0113862,0
606925222427230207,0.00869653,0
606925222561447935,0.00742338,0
606925223903625215,0.0132665,0
606925224172060671,0.0159743,0
606925224440496127,0.0121003,0
606925224574713855,0.00318792,0
606925224708931583,0.0145193,0
606925226051108863,0.0185981,0
606925226185326591,0.00900888,0
606925226319544319,0.0175899,0
606925226453762047,0.0124647,0
606925226587979775,0.0215116,0
606925226722197503,0.0128228,0
606925226856415231,0.0175457,0
606925227124850687,0.00953352,0
606925227393286143,0.00917825,0
606925227661721599,0.00830097,0
606925227795939327,0.0159589,0
606925227930157055,0.0210413,0
606925228198592511,0.0178407,0
606925228332810239,0.0135508,0
606925228467027967,0.0159963,0
606925228601245695,0.0148673,0
606925228735463423,0.012981,0
606925228869681151,0.015954,0
606925229003898879,0.0116222,0
606925230346076159,0.00924961,0
606925230480293887,0.0148936,0
606925230614511615,0.0083621,0
606925230748729343,0.0114283,0
606925230882947071,0.00898742,0
606925231017164799,0.015416,0
606925231151382527,0.010329,0
606925231419817983,0.00925807,0
606925231554035711,0.00848848,0
606925231688253439,0.0130405,0
606925231822471167,0.00790474,0
606925231956688895,0.0157932,0
606925232090906623,0.0101913,0
606925232225124351,0.0162449,0
606925232493559807,0.00692324,0
606925232627777535,0.00628942,0
606925232761995263,0.0130928,0
606925232896212991,0.0104383,0
606925233030430719,0.0122551,0
606925233164648447,0.00973728,0
606925233298866175,0.0157412,0
606925233567301631,0.0120918,0
606925233701519359,0.0150039,0
606925233835737087,0.0109532,0
606925233969954815,0.0142378,0
606925234104172543,0.0147735,0
606925234238390271,0.0133622,0
606925234372607999,0.014745,0
606925234641043455,0.0109529,0
606925234775261183,0.0103476,0
606925234909478911,0.0196573,0
606925235043696639,0.00861893,0
606925235177914367,0.0136849,0
606925235312132095,0.0107819,0
606925235446349823,0.0120675,0
606925235714785279,0.0186912,0
606925235849003007,0.0171031,0
606925235983220735,0.0103658,0
606925236117438463,0.017005,0
606925236251656191,0.010432,0
606925236385873919,0.0183801,0
606925236520091647,0.00980177,0
606925236788527103,0.00996668,0
606925236922744831,0.00946909,0
606925237056962559,0.0132085,0
606925237191180287,0.00938023,0
606925237325398015,0.0147933,0
606925237459615743,0.0108485,0
606925237593833471,0.0106085,0
606925238936010751,0.00852822,0
606925239070228479,0.0174898,0
606925239204446207,0.0153882,0
606925239338663935,0.0115152,0
606925239472881663,0.00852387,0
606925239607099391,0.015691,0
606925239741317119,0.010532,0
606925240009752575,0.0172678,0
606925240143970303,0.016924,0
606925240278188031,0.0161491,0
606925240412405759,0.0156855,0
606925240546623487,0.010476,0
606925240680841215,0.0163201,0
606925240815058943,0.0173013,0
606925241083494399,0.0114589,0
606925241217712127,0.0168846,0
606925241351929855,0.013916,0
606925241486147583,0.0147804,0
606925241620365311,0.0204579,0
606925241754583039,0.0153446,0
606925241888800767,0.0131447,0
606925242157236223,0.012249,0
606925242291453951,0.0167247,0
606925242425671679,0.0201213,0
606925242559889407,0.012174,0
606925242694107135,0.0216423,0
606925242828324863,0.0162174,0
606925242962542591,0.0214231,0
606925243230978047,0.00948752,0
606925243365195775,0.010109,0
606925243499413503,0.014995,0
606925243633631231,0.00865641,0
606925243767848959,0.0100677,0
606925243902066687,0.00947873,0
606925244036284415,0.00971987,0
606925244304719871,0.0125,0
606925244438937599,0.014198,0
606925244573155327,0.0103505,0
606925244707373055,0.0108481,0
606925244841590783,0.0161196,0
606925244975808511,0.0108643,0
606925245110026239,0.0106663,0
606925245378461695,0.00953828,0
606925245512679423,0.0105428,0
606925245646897151,0.013656,0
606925245781114879,0.0158741,0
606925245915332607,0.0082694,0
606925246049550335,0.0176374,0
606925246183768063,0.0133717,0
606925247525945343,0.0152759,0
606925247660163071,0.00844513,0
606925247794380799,0.0101828,0
606925247928598527,0.00797181,0
606925248062816255,0.00779319,0
606925248197033983,0.0175532,0
606925248331251711,0.0121716,0
606925248599687167,0.0171165,0
606925248733904895,0.0183926,0
606925248868122623,0.0163144,0
606925249002340351,0.0138536,0
606925249136558079,0.0132401,0
606925249270775807,0.0144633,0
606925249404993535,0.0148755,0
606925249673428991,0.015182,0
606925249807646719,0.0151436,0
606925249941864447,0.00703224,0
606925250076082175,0.0160078,0
606925250210299903,0.0181336,0
606925250344517631,0.0119511,0
606925250478735359,0.00772267,0
606925250747170815,0.0202753,0
606925250881388543,0.0181779,0
606925251015606271,0.0178953,0
606925251149823999,0.0194404,0
606925251284041727,0.0181067,0
606925251418259455,0.0246921,0
606925251552477183,0.00994583,0
606925251820912639,0.0171164,0
606925251955130367,0.0110929,0
606925252089348095,0.0152368,0
606925252223565823,0.0113838,0
606925252357783551,0.0147006,0
606925252492001279,0.00920938,0
606925252626219007,0.00841158,0
606925252894654463,0.0127948,0
606925253028872191,0.0137602,0
606925253163089919,0.0112947,0
606925253297307647,0.0155308,0
606925253431525375,0.0115303,0
606925253565743103,0.0191526,0
606925253699960831,0.0117184,0
606925253968396287,0.0147935,0
606925254102614015,0.00946178,0
606925254236831743,0.00802571,0
606925254371049471,0.0142037,0
606925254505267199,0.0212176,0
606925254639484927,0.0155216,0
606925254773702655,0.0182405,0
606925321345695743,0.0167688,0
606925333425291263,0.0256727,0
606925333559508991,0.0298063,0
606925333693726719,0.0294931,0
606925333827944447,0.0279548,0
606925333962162175,0.0240764,0
606925334096379903,0.0253367,0
606925334230597631,0.0341279,0
606925334499033087,0.0342728,0
606925334633250815,0.0325604,0
606925334767468543,0.0251132,0
606925334901686271,0.0298944,0
606925335035903999,0.0367718,0
606925335170121727,0.0321546,0
606925335304339455,0.027808,0
606925335572774911,0.0323795,0
606925335706992639,0.0299135,0
606925335841210367,0.0347104,0
606925335975428095,0.0292963,0
606925336109645823,0.0328938,0
606925336243863551,0.0279711,0
606925336378081279,0.0374497,0
606925336646516735,0.0327677,0
606925336780734463,0.0281911,0
606925336914952191,0.0277016,0
606925337049169919,0.0306038,0
606925337183387647,0.0311113,0
606925337317605375,0.0249066,0
606925337451823103,0.0268896,0
606925337720258559,0.0303495,0
606925337854476287,0.0226745,0
606925337988694015,0.0347089,0
606925338122911743,0.0291001,0
606925338257129471,0.0300791,0
606925338391347199,0.019917,0
606925338525564927,0.0306304,0
606925338794000383,0.0328475,0
606925338928218111,0.0327512,0
606925339062435839,0.0263631,0
606925339196653567,0.0300771,0
606925339330871295,0.0303028,0
606925339465089023,0.0278131,0
606925339599306751,0.0232917,0
606925339867742207,0.0351217,0
606925340001959935,0.0337545,0
606925340136177663,0.0296846,0
606925340270395391,0.0325447,0
606925340404613119,0.0358754,0
606925340538830847,0.0367165,0
606925340673048575,0.0339239,0
606925346847064063,0.0304457,0
606925347115499519,0.033901,0
606925348994547711,0.0340697,0
606925349262983167,0.0244514,0
606925350605160447,0.0301166,0
606925350739378175,0.0341164,0
606925350873595903,0.0250579,0
606925351007813631,0.0256072,0
606925351142031359,0.0223853,0
606925351276249087,0.031389,0
606925351410466815,0.0220329,0
606925351678902271,0.0285651,0
606925351813119999,0.0306854,0
606925351947337727,0.0317759,0
606925352081555455,0.0356073,0
606925352215773183,0.0354269,0
606925352349990911,0.0353592,0
606925352484208639,0.0334964,0
606925352752644095,0.0240719,0
606925352886861823,0.028545,0
606925353021079551,0.0249848,0
606925353155297279,0.0194287,0
606925353289515007,0.0221294,0
606925353423732735,0.0204976,0
606925353557950463,0.0257109,0
606925353826385919,0.0292134,0
606925353960603647,0.0345251,0
606925354094821375,0.0289403,0
606925354229039103,0.0345332,0
606925354363256831,0.0262306,0
606925354497474559,0.03517,0
606925354631692287,0.0285226,0
606925354900127743,0.0237295,0
606925355034345471,0.0245452,0
606925355168563199,0.0233125,0
606925355302780927,0.022945,0
606925355436998655,0.0203077,0
606925355571216383,0.0217758,0
606925355705434111,0.0223981,0
606925355973869567,0.031987,0
606925356108087295,0.0354661,0
606925356242305023,0.0312221,0
606925356376522751,0.0316812,0
606925356510740479,0.0325828,0
606925356644958207,0.0348794,0
606925356779175935,0.0249699,0
606925357047611391,0.0237983,0
606925357181829119,0.0209461,0
606925357316046847,0.0263229,0
606925357450264575,0.0370468,0
606925357584482303,0.0227162,0
606925357718700031,0.0229028,0
606925357852917759,0.0233071,0
606925363490062335,0.024873,0
606925363624280063,0.0230761,0
606925363758497791,0.0243909,0
606925363892715519,0.0252969,0
606925364026933247,0.0267659,0
606925364161150975,0.0276009,0
606925364295368703,0.0247882,0
606925365369110527,0.0245649,0
606925365637545983,0.0270045,0
606925365771763711,0.021836,0
606925365905981439,0.0349095,0
606925366040199167,0.0218011,0
606925366174416895,0.0303651,0
606925366308634623,0.0256051,0
606925366442852351,0.0366666,0
606925367785029631,0.0262891,0
606925367919247359,0.0253788,0
606925368053465087,0.0284965,0
606925368187682815,0.0322849,0
606925368321900543,0.0261373,0
606925368456118271,0.0265252,0
606925368590335999,0.0275702,0
606925368858771455,0.0287372,0
606925368992989183,0.0233309,0
606925369127206911,0.0267731,0
606925369261424639,0.0295765,0
606925369395642367,0.0279582,0
606925369529860095,0.0223589,0
606925369664077823,0.0224586,0
606925369932513279,0.0274314,0
606925370066731007,0.0315163,0
606925370200948735,0.0204464,0
606925370335166463,0.0232608,0
606925370469384191,0.0290348,0
606925370603601919,0.0281051,0
606925370737819647,0.019506,0
606925371006255103,0.0219791,0
606925371140472831,0.0308635,0
606925371274690559,0.0272825,0
606925371408908287,0.0204723,0
606925371543126015,0.0241443,0
606925371677343743,0.0249723,0
606925371811561471,0.0288887,0
606925372079996927,0.0237096,0
606925372214214655,0.0246645,0
606925372348432383,0.0238606,0
606925372482650111,0.0257081,0
606925372616867839,0.0230012,0
606925372751085567,0.0240624,0
606925372885303295,0.0263168,0
606925373153738751,0.023716,0
606925373287956479,0.0239977,0
606925373422174207,0.0279765,0
606925373556391935,0.0221324,0
606925373690609663,0.0237028,0
606925373824827391,0.0191878,0
606925373959045119,0.028651,0
606925374227480575,0.0212458,0
606925374361698303,0.0284679,0
606925374495916031,0.0210775,0
606925374630133759,0.0254291,0
606925374764351487,0.0226154,0
606925374898569215,0.0179876,0
606925375032786943,0.0213227,0
606925376374964223,0.0325557,0
606925376509181951,0.027769,0
606925376643399679,0.0373491,0
606925376777617407,0.0419784,0
606925376911835135,0.032424,0
606925377046052863,0.0189076,0
606925377180270591,0.0318716,0
606925377448706047,0.0217761,0
606925377717141503,0.0312958,0
606925377985576959,0.019332,0
606925378254012415,0.0231083,0
606925378522447871,0.0381642,0
606925378656665599,0.0380217,0
606925378790883327,0.0394445,0
606925378925101055,0.0385759,0
606925379059318783,0.0341627,0
606925379193536511,0.038434,0
606925379327754239,0.0339889,0
606925379864625151,0.0335366,0
606925380133060607,0.035072,0
606925380401496063,0.0406723,0
606925380669931519,0.0251813,0
606925380804149247,0.0243091,0
606925380938366975,0.0295675,0
606925381072584703,0.0306182,0
606925381206802431,0.0251718,0
606925381341020159,0.02474,0
606925381475237887,0.0281384,0
606925381743673343,0.00962045,0
606925381877891071,0.0136148,0
606925382012108799,0.0174315,0
606925382146326527,0.0154696,0
606925382280544255,0.00712445,0
606925382414761983,0.0148809,0
606925382548979711,0.0215734,0
606925382817415167,0.0318989,0
606925382951632895,0.0313185,0
606925383085850623,0.0268171,0
606925383220068351,0.0301209,0
606925383354286079,0.0299985,0
606925383488503807,0.030359,0
606925383622721535,0.0334423,0
606925384964898815,0.0267108,0
606925385099116543,0.0252247,0
606925385233334271,0.025439,0
606925385367551999,0.0259707,0
606925385501769727,0.0256549,0
606925385635987455,0.0215379,0
606925385770205183,0.02763,0
606925386038640639,0.032831,0
606925386172858367,0.0322061,0
606925386307076095,0.0333821,0
606925386441293823,0.0358114,0
606925386575511551,0.0270121,0
606925386709729279,0.0316188,0
606925386843947007,0.0316969,0
606925387112382463,0.0222681,0
606925387246600191,0.0232648,0
606925387380817919,0.0189886,0
606925387515035647,0.0214919,0
606925387649253375,0.0234253,0
606925387783471103,0.0237706,0
606925387917688831,0.019474,0
606925388186124287,0.0266581,0
606925388320342015,0.0261345,0
606925388454559743,0.0185956,0
606925388588777471,0.0294532,0
606925388722995199,0.0273492,0
606925388857212927,0.0344468,0
606925388991430655,0.0200765,0
606925389259866111,0.0227353,0
606925389394083839,0.0278598,0
606925389528301567,0.0201196,0
606925389662519295,0.0248377,0
606925389796737023,0.0220843,0
606925389930954751,0.027761,0
606925390065172479,0.0204497,0
606925390333607935,0.0260752,0
606925390467825663,0.0194341,0
606925390602043391,0.0214328,0
606925390736261119,0.0273414,0
606925390870478847,0.0176318,0
606925391004696575,0.0204834,0
606925391138914303,0.0215984,0
606925391407349759,0.0237611,0
606925391541567487,0.0273405,0
606925391675785215,0.0274246,0
606925391810002943,0.0193149,0
606925391944220671,0.0222004,0
606925392078438399,0.0201871,0
606925392212656127,0.0286327,0
607134006827286527,0.84832,0
607134007364157439,0.875336,0
607134017296269311,0.811872,0
607134017430487039,0.821786,0
607134017564704767,0.81606,0
607134017698922495,0.804005,0
607134017833140223,0.806526,0
607134017967357951,0.811512,0
607134018101575679,0.811574,0
607134018370011135,0.801641,0
607134018638446591,0.811934,0
607134018906882047,0.80912,0
607134019175317503,0.808391,0
607134019980623871,0.833053,0
607134020114841599,0.817985,0
607134020249059327,0.820156,0
607134021591236607,0.79999,0
607134021725454335,0.817981,0
607134021859672063,0.83756,0
607134021993889791,0.815854,0
607134022128107519,0.822224,0
607134022262325247,0.812919,0
607134022396542975,0.820823,0
607134022664978431,0.829231,0
607134022799196159,0.820487,0
607134022933413887,0.806554,0
607134023067631615,0.809254,0
607134023201849343,0.832078,0
607134023336067071,0.837388,0
607134023470284799,0.809321,0
607134023738720255,0.833025,0
607134023872937983,0.831114,0
607134024007155711,0.827029,0
607134024141373439,0.820854,0
607134024275591167,0.83452,0
607134024409808895,0.821746,0
607134024544026623,0.816625,0
607134240634568703,0.809676,0
607134240768786431,0.839213,0
607134240903004159,0.807398,0
607134241037221887,0.82861,0
607134241171439615,0.805731,0
607134241305657343,0.848739,0
607134241439875071,0.791626,0
607134241976745983,0.855334,0
607134242513616895,0.866417,0
607134242782052351,0.837711,0
607134242916270079,0.810306,0
607134243050487807,0.849993,0
607134243184705535,0.827271,0
607134243318923263,0.818562,0
607134243453140991,0.820901,0
607134243587358719,0.848104,0
607134243855794175,0.849456,0
607134243990011903,0.840354,0
607134244124229631,0.821873,0
607134244258447359,0.825942,0
607134244392665087,0.855559,0
607134244526882815,0.85652,0
607134244661100543,0.821643,0
607134244929535999,0.793622,0
607134245063753727,0.79109,0
607134245197971455,0.804624,0
607134245332189183,0.786483,0
607134245466406911,0.790874,0
607134245600624639,0.792662,0
607134245734842367,0.813929,0
607134246003277823,0.841209,0
607134246271713279,0.821129,0
607134246405931007,0.8592,0
607134246540148735,0.83439,0
607134246808584191,0.802348,0
607134247077019647,0.793873,0
607134247211237375,0.79272,0
607134247345455103,0.820482,0
607134247479672831,0.812612,0
607134247613890559,0.823662,0
607134247748108287,0.789045,0
607134247882326015,0.813124,0
607134257814437887,0.890785,0
607134257948655615,0.845813,0
607134258082873343,0.853186,0
607134258217091071,0.870701,0
607134258351308799,0.890014,0
607134258485526527,0.860966,0
607134258619744255,0.861784,0
607134258888179711,0.834269,0
607134259022397439,0.833586,0
607134259156615167,0.857426,0
607134259290832895,0.810418,0
607134259425050623,0.828885,0
607134259559268351,0.850589,0
607134259693486079,0.862534,0
607134259961921535,0.860278,0
607134260096139263,0.83066,0
607134260230356991,0.87278,0
607134260364574719,0.838237,0
607134260498792447,0.865916,0
607134260633010175,0.837784,0
607134260767227903,0.862157,0
607134261035663359,0.850665,0
607134261169881087,0.846624,0
607134261304098815,0.81492,0
607134261438316543,0.845953,0
607134261572534271,0.833396,0
607134261706751999,0.853386,0
607134261840969727,0.82957,0
607134262109405183,0.850645,0
607134262243622911,0.871147,0
607134262377840639,0.901689,0
607134262512058367,0.855663,0
607134262646276095,0.836423,0
607134262780493823,0.855977,0
607134262914711551,0.891714,0
607134263183147007,0.83837,0
607134263317364735,0.842221,0
607134263451582463,0.876112,0
607134263585800191,0.829369,0
607134263720017919,0.839797,0
607134263854235647,0.812656,0
607134263988453375,0.850408,0
607134264256888831,0.90806,0
607134264391106559,0.891658,0
607134264525324287,0.891483,0
607134264659542015,0.885737,0
607134264793759743,0.90118,0
607134264927977471,0.892511,0
607134265062195199,0.913351,0
607134266404372479,0.807803,0
607134266538590207,0.801102,0
607134266672807935,0.824316,0
607134266807025663,0.814976,0
607134266941243391,0.848402,0
607134267075461119,0.807361,0
607134267209678847,0.827079,0
607134267746549759,0.822195,0
607134268283420671,0.812985,0
607134268551856127,0.855326,0
607134268686073855,0.833973,0
607134268820291583,0.860972,0
607134268954509311,0.835235,0
607134269088727039,0.827703,0
607134269222944767,0.812863,0
607134269357162495,0.8418,0
607134269625597951,0.829163,0
607134269759815679,0.848355,0
607134269894033407,0.808287,0
607134270028251135,0.818362,0
607134270162468863,0.800077,0
607134270296686591,0.83971,0
607134270430904319,0.809721,0
607134270699339775,0.811637,0
607134270833557503,0.820227,0
607134270967775231,0.815592,0
607134271101992959,0.823495,0
607134271236210687,0.806039,0
607134271370428415,0.822258,0
607134271504646143,0.82062,0
607134271773081599,0.886059,0
607134272041517055,0.840412,0
607134272175734783,0.854329,0
607134272309952511,0.874813,0
607134272578387967,0.835549,0
607134272846823423,0.845224,0
607134272981041151,0.81945,0
607134273115258879,0.840987,0
607134273249476607,0.820349,0
607134273383694335,0.825602,0
607134273517912063,0.824583,0
607134273652129791,0.831813,0
607134274994307071,0.789623,0
607134275128524799,0.795458,0
607134275262742527,0.792074,0
607134275396960255,0.789131,0
607134275531177983,0.795386,0
607134275665395711,0.811261,0
607134275799613439,0.786505,0
607134277141790719,0.785572,0
607134277276008447,0.792245,0
607134277410226175,0.804388,0
607134277544443903,0.804441,0
607134277678661631,0.795445,0
607134277812879359,0.78228,0
607134277947097087,0.8095,0
607134278215532543,0.823077,0
607134278349750271,0.820001,0
607134278483967999,0.790347,0
607134278618185727,0.817761,0
607134278752403455,0.797705,0
607134278886621183,0.835285,0
607134279020838911,0.794668,0
607134279289274367,0.782465,0
607134279423492095,0.795273,0
607134279557709823,0.785108,0
607134279691927551,0.782221,0
607134279826145279,0.77765,0
607134279960363007,0.788865,0
607134280094580735,0.780005,0
607134280631451647,0.801134,0
607134281168322559,0.804412,0
607134281436758015,0.802163,0
607134281570975743,0.785206,0
607134281705193471,0.791124,0
607134281839411199,0.797696,0
607134281973628927,0.798222,0
607134282107846655,0.77828,0
607134282242064383,0.802595,0
607134292174176255,0.824486,0
607134292308393983,0.834554,0
607134292442611711,0.807328,0
607134292576829439,0.821362,0
607134292711047167,0.813732,0
607134292845264895,0.818195,0
607134292979482623,0.805827,0
607134293247918079,0.839792,0
607134293382135807,0.807396,0
607134293516353535,0.81514,0
607134293650571263,0.822787,0
607134293784788991,0.822171,0
607134293919006719,0.817606,0
607134294053224447,0.834969,0
607134294321659903,0.858737,0
607134294455877631,0.815633,0
607134294590095359,0.876232,0
607134294724313087,0.877477,0
607134294858530815,0.833357,0
607134294992748543,0.83055,0
607134295126966271,0.86432,0
607134295395401727,0.825065,0
607134295529619455,0.821075,0
607134295663837183,0.839974,0
607134295798054911,0.844983,0
607134295932272639,0.833588,0
607134296066490367,0.840163,0
607134296200708095,0.856175,0
607134296469143551,0.795809,0
607134296603361279,0.808507,0
607134296737579007,0.799908,0
607134296871796735,0.799249,0
607134297006014463,0.790831,0
607134297140232191,0.801488,0
607134297274449919,0.828454,0
607134297542885375,0.794106,0
607134297677103103,0.788101,0
607134297811320831,0.822246,0
607134297945538559,0.808393,0
607134298079756287,0.790851,0
607134298213974015,0.80099,0
607134298348191743,0.811688,0
607134298616627199,0.847601,0
607134298750844927,0.827965,0
607134298885062655,0.829183,0
607134299019280383,0.843275,0
607134299153498111,0.824333,0
607134299287715839,0.840999,0
607134299421933567,0.814724,0
607136181959786495,0.805061,0
607136182094004223,0.804879,0
607136182228221951,0.806257,0
607136182362439679,0.805638,0
607136182496657407,0.809581,0
607136182630875135,0.803517,0
607136182765092863,0.790284,0
607136184107270143,0.771794,0
607136184241487871,0.772283,0
607136184375705599,0.792671,0
607136184509923327,0.788354,0
607136184644141055,0.799587,0
607136184778358783,0.793172,0
607136184912576511,0.775944,0
607136185181011967,0.802825,0
607136185449447423,0.803917,0
607136185583665151,0.799755,0
607136185717882879,0.809411,0
607136185986318335,0.792462,0
607136186254753791,0.804588,0
607136186388971519,0.805231,0
607136186523189247,0.787944,0
607136186657406975,0.759581,0
607136186791624703,0.803944,0
607136186925842431,0.80934,0
607136187060060159,0.79722,0
607136187596931071,0.782491,0
607136188133801983,0.824214,0
607136188402237439,0.774885,0
607136188536455167,0.811577,0
607136188670672895,0.769577,0
607136188804890623,0.781851,0
607136188939108351,0.759206,0
607136189073326079,0.793614,0
607136189207543807,0.74455,0
607136216319524863,0.779126,0
607136216453742591,0.786918,0
607136216587960319,0.774697,0
607136216722178047,0.78013,0
607136216856395775,0.74749,0
607136216990613503,0.792645,0
607136217124831231,0.752457,0
607136218467008511,0.764101,0
607136218601226239,0.777219,0
607136218735443967,0.727129,0
607136218869661695,0.77548,0
607136219003879423,0.740534,0
607136219138097151,0.768435,0
607136219272314879,0.721504,0
607136219540750335,0.791512,0
607136219809185791,0.79469,0
607136219943403519,0.819726,0
607136220077621247,0.802949,0
607136220346056703,0.767094,0
607136220614492159,0.746035,0
607136220748709887,0.774963,0
607136220882927615,0.76111,0
607136221017145343,0.758478,0
607136221151363071,0.75493,0
607136221285580799,0.760641,0
607136221419798527,0.734571,0
607136221956669439,0.776077,0
607136222493540351,0.768546,0
607136222761975807,0.734767,0
607136222896193535,0.759656,0
607136223030411263,0.721874,0
607136223164628991,0.739078,0
607136223298846719,0.73549,0
607136223433064447,0.740905,0
607136223567282175,0.740285,0
607136439657824255,0.679751,0
607136439792041983,0.68249,0
607136439926259711,0.6806,0
607136440060477439,0.675806,0
607136440194695167,0.676873,0
607136440328912895,0.689901,0
607136440463130623,0.662232,0
607136441805307903,0.680906,0
607136441939525631,0.685656,0
607136442073743359,0.675424,0
607136442207961087,0.697177,0
607136442342178815,0.676148,0
607136442476396543,0.68298,0
607136442610614271,0.662773,0
607136442879049727,0.695603,0
607136443147485183,0.703502,0
607136443281702911,0.72696,0
607136443415920639,0.680652,0
607136443684356095,0.678258,0
607136443952791551,0.694193,0
607136444087009279,0.669261,0
607136444221227007,0.696249,0
607136444355444735,0.680566,0
607136444489662463,0.698826,0
607136444623880191,0.697486,0
607136444758097919,0.69969,0
607136445026533375,0.678073,0
607136445294968831,0.670841,0
607136445429186559,0.697213,0
607136445563404287,0.702559,0
607136445831839743,0.681079,0
607136446100275199,0.659373,0
607136446234492927,0.67711,0
607136446368710655,0.656438,0
607136446502928383,0.655404,0
607136446637146111,0.674989,0
607136446771363839,0.660866,0
607136446905581567,0.657395,0
607136456837693439,0.62821,0
607136456971911167,0.644016,0
607136457106128895,0.637937,0
607136457240346623,0.630374,0
607136457374564351,0.6627,0
607136457508782079,0.656761,0
607136457642999807,0.655523,0
607136457911435263,0.666863,0
607136458045652991,0.68145,0
607136458179870719,0.642495,0
607136458314088447,0.668198,0
607136458448306175,0.668273,0
607136458582523903,0.679371,0
607136458716741631,0.656181,0
607136458985177087,0.625514,0
607136459119394815,0.638536,0
607136459253612543,0.633394,0
607136459387830271,0.668185,0
607136459522047999,0.628818,0
607136459656265727,0.628858,0
607136459790483455,0.621539,0
607136460058918911,0.655271,0
607136460193136639,0.686159,0
607136460327354367,0.639768,0
607136460461572095,0.645258,0
607136460595789823,0.655694,0
607136460730007551,0.673165,0
607136460864225279,0.62206,0
607136461132660735,0.647823,0
607136461266878463,0.624855,0
607136461401096191,0.632008,0
607136461535313919,0.66258,0
607136461669531647,0.634956,0
607136461803749375,0.631949,0
607136461937967103,0.622615,0
607136462206402559,0.647047,0
607136462340620287,0.668952,0
607136462474838015,0.637561,0
607136462609055743,0.655473,0
607136462743273471,0.64132,0
607136462877491199,0.652007,0
607136463011708927,0.638646,0
607136463280144383,0.64835,0
607136463414362111,0.650716,0
607136463548579839,0.635174,0
607136463682797567,0.64076,0
607136463817015295,0.647424,0
607136463951233023,0.65012,0
607136464085450751,0.644121,0
607136465427628031,0.770571,0
607136465561845759,0.763164,0
607136465696063487,0.776176,0
607136465830281215,0.775429,0
607136465964498943,0.764524,0
607136466098716671,0.77638,0
607136466232934399,0.773386,0
607136467575111679,0.772314,0
607136467709329407,0.743082,0
607136467843547135,0.752087,0
607136467977764863,0.770739,0
607136468111982591,0.760102,0
607136468246200319,0.769839,0
607136468380418047,0.756277,0
607136468648853503,0.769952,0
607136468917288959,0.739815,0
607136469051506687,0.761708,0
607136469185724415,0.768704,0
607136469454159871,0.747429,0
607136469722595327,0.725707,0
607136469856813055,0.747461,0
607136469991030783,0.71633,0
607136470125248511,0.738007,0
607136470259466239,0.708223,0
607136470393683967,0.72189,0
607136470527901695,0.703693,0
607136471064772607,0.72909,0
607136471601643519,0.745433,0
607136471870078975,0.724783,0
607136472004296703,0.754148,0
607136472138514431,0.711048,0
607136472272732159,0.723912,0
607136472406949887,0.692283,0
607136472541167615,0.723583,0
607136472675385343,0.682715,0
607136474017562623,0.705034,0
607136474151780351,0.704941,0
607136474285998079,0.693758,0
607136474420215807,0.706397,0
607136474554433535,0.707391,0
607136474688651263,0.738357,0
607136474822868991,0.707314,0
607136475359739903,0.694943,0
607136475896610815,0.708788,0
607136476165046271,0.696159,0
607136476299263999,0.724088,0
607136476433481727,0.659534,0
607136476567699455,0.709172,0
607136476701917183,0.68873,0
607136476836134911,0.70304,0
607136476970352639,0.68218,0
607136477238788095,0.709579,0
607136477373005823,0.694333,0
607136477507223551,0.688043,0
607136477641441279,0.705955,0
607136477775659007,0.692412,0
607136477909876735,0.683373,0
607136478044094463,0.691486,0
607136478312529919,0.673687,0
607136478446747647,0.690737,0
607136478580965375,0.673496,0
607136478715183103,0.691789,0
607136478849400831,0.676389,0
607136478983618559,0.72358,0
607136479117836287,0.673013,0
607136479386271743,0.684115,0
607136479654707199,0.692235,0
607136479788924927,0.733467,0
607136479923142655,0.723801,0
607136480191578111,0.69467,0
607136480460013567,0.682041,0
607136480594231295,0.712814,0
607136480728449023,0.668641,0
607136480862666751,0.685814,0
607136480996884479,0.665352,0
607136481131102207,0.700728,0
607136481265319935,0.676927,0
607136491197431807,0.660214,0
607136491331649535,0.758527,0
607136491465867263,0.658456,0
607136491600084991,0.640844,0
607136491734302719,0.655444,0
607136491868520447,0.720887,0
607136492002738175,0.667702,0
607136492271173631,0.693205,0
607136492405391359,0.668432,0
607136492539609087,0.694605,0
607136492673826815,0.662278,0
607136492808044543,0.658499,0
607136492942262271,0.686774,0
607136493076479999,0.725968,0
607136493344915455,0.631273,0
607136493479133183,0.622565,0
607136493613350911,0.626064,0
607136493747568639,0.631857,0
607136493881786367,0.662816,0
607136494016004095,0.64164,0
607136494150221823,0.64696,0
607136494418657279,0.641277,0
607136494552875007,0.633431,0
607136494687092735,0.639123,0
607136494821310463,0.650642,0
607136494955528191,0.673965,0
607136495089745919,0.639359,0
607136495223963647,0.634246,0
607136495492399103,0.659749,0
607136495626616831,0.647499,0
607136495760834559,0.713648,0
607136495895052287,0.673573,0
607136496029270015,0.687118,0
607136496163487743,0.647296,0
607136496297705471,0.70718,0
607136496566140927,0.674564,0
607136496700358655,0.675134,0
607136496834576383,0.69761,0
607136496968794111,0.661753,0
607136497103011839,0.661663,0
607136497237229567,0.673183,0
607136497371447295,0.657858,0
607136497639882751,0.685236,0
607136497774100479,0.655872,0
607136497908318207,0.69111,0
607136498042535935,0.646571,0
607136498176753663,0.700756,0
607136498310971391,0.703163,0
607136498445189119,0.710372,0
607387824093659135,0.00271532,0
607387824227876863,0.00923574,0
607387824362094591,0.00323997,0
607387824496312319,0.00388539,0
607387824630530047,0.00232441,0
607387824764747775,0.00765328,0
607387824898965503,0.00147642,0
607387825167400959,0.0310654,0
607387825301618687,0.0140414,0
607387825435836415,0.0172774,0
607387825570054143,0.0141711,0
607387825704271871,0.0108293,0
607387825838489599,0.0162377,0
607387825972707327,0.0347564,0
607387826241142783,0.00360072,0
607387826375360511,0.00428612,0
607387826509578239,0.00454636,0
607387826643795967,0.00398534,0
607387826778013695,0.00266215,0
607387826912231423,0.0128207,0
607387827046449151,0.00156199,0
607387827314884607,0.0168888,0
607387827449102335,0.0149133,0
607387827583320063,0.00694312,0
607387827717537791,0.0138662,0
607387827851755519,0.00564003,0
607387827985973247,0.0479159,0
607387828120190975,0.0032672,0
607387828388626431,0.00124687,0
607387828522844159,0.00255824,0
607387828657061887,0.00194363,0
607387828791279615,0.00301567,0
607387829059715071,0.00119192,0
607387829462368255,0.00825755,0
607387829596585983,0.0103308,0
607387829730803711,0.00282609,0
607387829865021439,0.00493569,0
607387829999239167,0.00147642,0
607387830133456895,0.0070564,0
607387830267674623,0.00147642,0
607387830536110079,0.0045615,0
607387830670327807,0.00154065,0
607387830804545535,0.00143813,0
607387830938763263,0.00230344,0
607387831207198719,0.00268345,0
607387841273528319,0.00763136,0
607387841407746047,0.00363561,0
607387841541963775,0.00106356,0
607387841676181503,0.00169035,0
607387841810399231,0.00606682,0
607387841944616959,0.00398112,0
607387842347270143,0.0064837,0
607387842481487871,0.00468432,0
607387842615705599,0.00596807,0
607387842749923327,0.00494321,0
607387842884141055,0.0041856,0
607387843018358783,0.00638418,0
607387843152576511,0.00266215,0
607387843421011967,0.00539246,0
607387843555229695,0.00156199,0
607387843689447423,0.00166497,0
607387843823665151,0.00190429,0
607387843957882879,0.00111851,0
607387844092100607,0.00230344,0
607387844226318335,0.000990153,0
607387844494753791,0.0151697,0
607387844628971519,0.00432231,0
607387844763189247,0.0112587,0
607387844897406975,0.00419377,0
607387845031624703,0.00587675,0
607387845165842431,0.00602011,0
607387845300060159,0.0109393,0
607387846642237439,0.00188868,0
607387846776455167,0.00169035,0
607387846910672895,0.00410162,0
607387847044890623,0.00451996,0
607387847313326079,0.00339386,0
607387859527139327,0.00172442,0
607387859661357055,0.00543229,0
607387859929792511,0.00519254,0
607387860198227967,0.00405397,0
607387861674622975,0.000678477,0
607387861808840703,0.00543721,0
607387862077276159,0.00141563,0
607387862345711615,0.00443905,0
607387884223201279,0.122584,0
607387884357419007,0.11079,0
607387884491636735,0.118471,0
607387884625854463,0.108477,0
607387884760072191,0.0692621,0
607387884894289919,0.0767828,0
607387885028507647,0.105855,0
607387885296943103,0.130318,0
607387885431160831,0.0903112,0
607387885565378559,0.112602,0
607387885699596287,0.0864118,0
607387885833814015,0.113075,0
607387885968031743,0.124493,0
607387886102249471,0.0900443,0
607387886370684927,0.0872687,0
607387886504902655,0.077101,0
607387886639120383,0.0761722,0
607387886773338111,0.0531249,0
607387886907555839,0.0551629,0
607387887041773567,0.102788,0
607387887175991295,0.042551,0
607387887444426751,0.103103,0
607387887578644479,0.0757291,0
607387887712862207,0.0762992,0
607387887847079935,0.0687018,0
607387887981297663,0.102071,0
607387888115515391,0.0794905,0
607387888249733119,0.100631,0
607387888518168575,0.0679502,0
607387888652386303,0.0797227,0
607387888786604031,0.0575514,0
607387888920821759,0.0689636,0
607387889055039487,0.07451,0
607387889189257215,0.0790303,0
607387889323474943,0.0647588,0
607387889591910399,0.118367,0
607387889726128127,0.140148,0
607387889860345855,0.103959,0
607387889994563583,0.0995403,0
607387890128781311,0.147777,0
607387890262999039,0.147792,0
607387890397216767,0.121462,0
607387890665652223,0.048672,0
607387890799869951,0.115801,0
607387890934087679,0.0359059,0
607387891068305407,0.0475333,0
607387891202523135,0.0675573,0
607387891336740863,0.0561087,0
607387891470958591,0.0588622,0
607387892813135871,0.0658362,0
607387892947353599,0.0703677,0
607387893081571327,0.0603391,0
607387893215789055,0.0637105,0
607387893350006783,0.0758185,0
607387893484224511,0.0794549,0
607387893618442239,0.0637504,0
607387893886877695,0.0775103,0
607387894021095423,0.0636129,0
607387894155313151,0.0633529,0
607387894289530879,0.0665012,0
607387894423748607,0.0722158,0
607387894557966335,0.076576,0
607387894692184063,0.0803569,0
607387894960619519,0.0511116,0
607387895094837247,0.0622944,0
607387895229054975,0.0422233,0
607387895363272703,0.0424224,0
607387895497490431,0.0567161,0
607387895631708159,0.0641233,0
607387895765925887,0.0531181,0
607387896034361343,0.0577698,0
607387896168579071,0.0569257,0
607387896302796799,0.0514325,0
607387896437014527,0.0504142,0
607387896571232255,0.0623796,0
607387896705449983,0.053062,0
607387896839667711,0.0613187,0
607387897108103167,0.0846779,0
607387897242320895,0.0794221,0
607387897376538623,0.0685673,0
607387897510756351,0.0746301,0
607387897644974079,0.0869261,0
607387897779191807,0.0868651,0
607387897913409535,0.0861509,0
607387898181844991,0.102322,0
607387898316062719,0.0832109,0
607387898450280447,0.0728975,0
607387898584498175,0.074504,0
607387898718715903,0.0887469,0
607387898852933631,0.100726,0
607387898987151359,0.0895819,0
607387899255586815,0.0614972,0
607387899389804543,0.0590252,0
607387899524022271,0.0663245,0
607387899658239999,0.0573567,0
607387899792457727,0.0669939,0
607387899926675455,0.0636382,0
607387900060893183,0.081727,0
607387901403070463,0.031856,0
607387901537288191,0.0557005,0
607387901671505919,0.0315405,0
607387901805723647,0.0288205,0
607387901939941375,0.0415013,0
607387902074159103,0.035413,0
607387902208376831,0.0295831,0
607387902476812287,0.0405504,0
607387902611030015,0.0573638,0
607387902745247743,0.0648686,0
607387902879465471,0.0407317,0
607387903013683199,0.0388113,0
607387903147900927,0.0619089,0
607387903282118655,0.0381764,0
607387903550554111,0.0305681,0
607387903684771839,0.032507,0
607387903818989567,0.0318049,0
607387903953207295,0.0240565,0
607387904087425023,0.0312761,0
607387904221642751,0.0325799,0
607387904355860479,0.0259775,0
607387904624295935,0.033196,0
607387904758513663,0.0328139,0
607387904892731391,0.0328758,0
607387905026949119,0.0310631,0
607387905161166847,0.0580535,0
607387905295384575,0.0362306,0
607387905429602303,0.0409468,0
607387905698037759,0.0234751,0
607387905832255487,0.0262433,0
607387905966473215,0.0238291,0
607387906100690943,0.0381787,0
607387906234908671,0.0260599,0
607387906369126399,0.0334267,0
607387906503344127,0.0212152,0
607387906771779583,0.0309617,0
607387906905997311,0.0336306,0
607387907040215039,0.0258404,0
607387907174432767,0.0365766,0
607387907308650495,0.02656,0
607387907442868223,0.0291774,0
607387907577085951,0.0306142,0
607387907845521407,0.0288065,0
607387907979739135,0.0350683,0
607387908113956863,0.0206354,0
607387908248174591,0.0291041,0
607387908382392319,0.0188912,0
607387908516610047,0.0256981,0
607387908650827775,0.0502957,0
607387909993005055,0.03623,0
607387910127222783,0.043854,0
607387910261440511,0.0367559,0
607387910395658239,0.0372317,0
607387910529875967,0.043515,0
607387910664093695,0.0380523,0
607387910798311423,0.0635803,0
607387911066746879,0.0361247,0
607387911200964607,0.0361876,0
607387911335182335,0.0434434,0
607387911469400063,0.0355771,0
607387911603617791,0.0382907,0
607387911737835519,0.0369224,0
607387911872053247,0.0471406,0
607387912140488703,0.045257,0
607387912274706431,0.0362185,0
607387912408924159,0.044218,0
607387912543141887,0.042378,0
607387912677359615,0.0578204,0
607387912811577343,0.035522,0
607387912945795071,0.0423733,0
607387913214230527,0.0528043,0
607387913348448255,0.0461892,0
607387913482665983,0.0361448,0
607387913616883711,0.0487023,0
607387913751101439,0.0362369,0
607387913885319167,0.0367663,0
607387914019536895,0.040508,0
607387914287972351,0.0683853,0
607387914422190079,0.0585778,0
607387914556407807,0.0561223,0
607387914690625535,0.0555956,0
607387914824843263,0.0711997,0
607387914959060991,0.0691359,0
607387915093278719,0.0604063,0
607387915361714175,0.0483895,0
607387915495931903,0.0452921,0
607387915630149631,0.0450676,0
607387915764367359,0.0385167,0
607387915898585087,0.0693435,0
607387916032802815,0.0544581,0
607387916167020543,0.0620121,0
607387916435455999,0.037149,0
607387916569673727,0.0518536,0
607387916703891455,0.0326258,0
607387916838109183,0.0352994,0
607387916972326911,0.0459358,0
607387917106544639,0.0591564,0
607387917240762367,0.0343588,0
607387918582939647,0.0722165,0
607387918717157375,0.0773535,0
607387918851375103,0.0577315,0
607387918985592831,0.0834208,0
607387919119810559,0.0564167,0
607387919254028287,0.0698423,0
607387919388246015,0.0568163,0
607387919656681471,0.132846,0
607387919790899199,0.125317,0
607387919925116927,0.113087,0
607387920059334655,0.138088,0
607387920193552383,0.109435,0
607387920327770111,0.139503,0
607387920461987839,0.0981385,0
607387920730423295,0.0773728,0
607387920864641023,0.122729,0
607387920998858751,0.0987797,0
607387921133076479,0.124704,0
607387921267294207,0.0455327,0
607387921401511935,0.100444,0
607387921535729663,0.0874978,0
607387921804165119,0.167323,0
607387921938382847,0.156208,0
607387922072600575,0.0872543,0
607387922206818303,0.15588,0
607387922341036031,0.176371,0
607387922475253759,0.14837,0
607387922609471487,0.167445,0
607387922877906943,0.0278782,0
607387923012124671,0.0514118,0
607387923146342399,0.0173932,0
607387923280560127,0.044149,0
607387923414777855,0.0324525,0
607387923548995583,0.037995,0
607387923683213311,0.0195666,0
607387923951648767,0.0931796,0
607387924085866495,0.0915012,0
607387924220084223,0.0782089,0
607387924354301951,0.0936804,0
607387924488519679,0.0686018,0
607387924622737407,0.0866188,0
607387924756955135,0.0702924,0
607387925025390591,0.0391377,0
607387925159608319,0.0448158,0
607387925293826047,0.0220737,0
607387925428043775,0.0522272,0
607387925562261503,0.0227525,0
607387925696479231,0.0297213,0
607387925830696959,0.0226975,0
607387927172874239,0.144315,0
607387927307091967,0.125886,0
607387927441309695,0.17051,0
607387927575527423,0.129523,0
607387927709745151,0.14541,0
607387927843962879,0.127995,0
607387927978180607,0.145955,0
607387928246616063,0.106541,0
607387928380833791,0.110346,0
607387928515051519,0.100412,0
607387928649269247,0.103791,0
607387928783486975,0.0952185,0
607387928917704703,0.107788,0
607387929051922431,0.112704,0
607387929320357887,0.151446,0
607387929454575615,0.111205,0
607387929588793343,0.131285,0
607387929723011071,0.122632,0
607387929857228799,0.159173,0
607387929991446527,0.143927,0
607387930125664255,0.141401,0
607387930394099711,0.108762,0
607387930528317439,0.10446,0
607387930662535167,0.104528,0
607387930796752895,0.0973184,0
607387930930970623,0.102474,0
607387931065188351,0.106414,0
607387931199406079,0.105311,0
607387931467841535,0.131322,0
607387931602059263,0.139901,0
607387931736276991,0.12245,0
607387931870494719,0.148396,0
607387932004712447,0.126106,0
607387932138930175,0.156292,0
607387932273147903,0.128368,0
607387932541583359,0.125742,0
607387932675801087,0.113796,0
607387932810018815,0.143548,0
607387932944236543,0.118451,0
607387933078454271,0.131275,0
607387933212671999,0.112841,0
607387933346889727,0.151773,0
607387933615325183,0.145126,0
607387933749542911,0.163979,0
607387933883760639,0.122405,0
607387934017978367,0.132573,0
607387934152196095,0.125239,0
607387934286413823,0.14209,0
607387934420631551,0.148828,0
607387935762808831,0.0204417,0
607387935897026559,0.027918,0
607387936031244287,0.0095645,0
607387936165462015,0.0218784,0
607387936299679743,0.01308,0
607387936433897471,0.02516,0
607387936568115199,0.0100333,0
607387936836550655,0.0725766,0
607387936970768383,0.0626338,0
607387937104986111,0.0328827,0
607387937239203839,0.0606208,0
607387937373421567,0.0314157,0
607387937507639295,0.0660823,0
607387937641857023,0.0272786,0
607387937910292479,0.0221236,0
607387938044510207,0.0185414,0
607387938178727935,0.0186868,0
607387938312945663,0.0268787,0
607387938447163391,0.0098799,0
607387938581381119,0.0191386,0
607387938715598847,0.010802,0
607387938984034303,0.0313796,0
607387939118252031,0.0415709,0
607387939252469759,0.0231792,0
607387939386687487,0.0393512,0
607387939520905215,0.0279276,0
607387939655122943,0.0388007,0
607387939789340671,0.0222229,0
607387940057776127,0.00945572,0
607387940191993855,0.0112431,0
607387940326211583,0.00543088,0
607387940460429311,0.0103473,0
607387940594647039,0.00641535,0
607387940728864767,0.014611,0
607387940863082495,0.0077151,0
607387941131517951,0.0221717,0
607387941265735679,0.0317324,0
607387941399953407,0.0157917,0
607387941534171135,0.0285035,0
607387941668388863,0.0151951,0
607387941802606591,0.0314957,0
607387941936824319,0.0138819,0
607387942205259775,0.00947971,0
607387942339477503,0.009106,0
607387942473695231,0.00634802,0
607387942607912959,0.0152704,0
607387942742130687,0.0050476,0
607387942876348415,0.0105084,0
607387943010566143,0.00599486,0
607387954150637567,0.00423567,0
607387954419073023,0.00346551,0
607387956298121215,0.0134043,0
607387956566556671,0.0147154,0
607387961532612607,0.00659413,0
607387961666830335,0.0135723,0
607387961801048063,0.00997315,0
607387961935265791,0.0106177,0
607387962069483519,0.00690033,0
607387962203701247,0.00626045,0
607387962337918975,0.00889218,0
607387962606354431,0.0106667,0
607387962740572159,0.0127601,0
607387962874789887,0.012309,0
607387963009007615,0.0145894,0
607387963143225343,0.0120132,0
607387963277443071,0.0128272,0
607387963411660799,0.0117593,0
607387963680096255,0.00736247,0
607387963814313983,0.0165283,0
607387963948531711,0.00746172,0
607387964082749439,0.0146978,0
607387964216967167,0.00896452,0
607387964351184895,0.0231592,0
607387964485402623,0.0143334,0
607387964753838079,0.0264456,0
607387964888055807,0.0203568,0
607387965022273535,0.012465,0
607387965156491263,0.018066,0
607387965290708991,0.0143523,0
607387965424926719,0.0101621,0
607387965559144447,0.0276383,0
607387965827579903,0.00147642,0
607387965961797631,0.00631643,0
607387966096015359,0.0020541,0
607387966230233087,0.0139126,0
607387966364450815,0.00131295,0
607387966498668543,0.00147642,0
607387966632886271,0.00144864,0
607387966901321727,0.00539352,0
607387967035539455,0.0100767,0
607387967169757183,0.00602578,0
607387967303974911,0.0101328,0
607387967438192639,0.00557569,0
607387967572410367,0.00580056,0
607387967706628095,0.00543959,0
607387967975063551,0.00190429,0
607387968109281279,0.0108108,0
607387968243499007,0.00450183,0
607387968377716735,0.00856667,0
607387968511934463,0.00428372,0
607387968646152191,0.00291887,0
607387968780369919,0.00449662,0
607387978712481791,0.0314659,0
607387978846699519,0.0456106,0
607387978980917247,0.00698055,0
607387979115134975,0.0323049,0
607387979249352703,0.0196545,0
607387979383570431,0.0363772,0
607387979517788159,0.00502991,0
607387979786223615,0.0156689,0
607387979920441343,0.0290235,0
607387980054659071,0.0299469,0
607387980188876799,0.0312545,0
607387980323094527,0.0118091,0
607387980457312255,0.0187015,0
607387980591529983,0.0261542,0
607387981933707263,0.0564894,0
607387982067924991,0.0255312,0
607387982470578175,0.0402348,0
607387982604795903,0.0473981,0
607387982739013631,0.0346382,0
607387983141666815,0.015794,0
607387983410102271,0.00447752,0
607387983678537727,0.00540107,0
607387984081190911,0.0143394,0
607387984215408639,0.0146856,0
607387984349626367,0.019096,0
607387984483844095,0.0243708,0
607387984618061823,0.00778479,0
607387984752279551,0.0189736,0
607387984886497279,0.0134686,0
607387985289150463,0.00368593,0
607387985826021375,0.00360605,0
607387996966092799,0.00164334,0
607387997100310527,0.00673362,0
607387997234528255,0.00100488,0
607387997368745983,0.00147642,0
607387997502963711,0.000935199,0
607387997637181439,0.0100135,0
607387997771399167,0.000165035,0
607387998174052351,0.000165035,0
607387999113576447,0.00154065,0
607387999247794175,0.0036893,0
607387999382011903,0.00154065,0
607387999516229631,0.00147642,0
607387999650447359,0.000935199,0
607387999784665087,0.00190429,0
607387999918882815,0.000935199,0
607388021662154751,0.0241891,0
607388021796372479,0.0267179,0
607388021930590207,0.0241148,0
607388022064807935,0.0361494,0
607388022199025663,0.0230707,0
607388022333243391,0.0306429,0
607388022467461119,0.0229928,0
607388022735896575,0.0563647,0
607388022870114303,0.0499087,0
607388023004332031,0.0394289,0
607388023138549759,0.0513031,0
607388023272767487,0.0486933,0
607388023406985215,0.0440482,0
607388023541202943,0.0405291,0
607388023809638399,0.0236977,0
607388023943856127,0.0219157,0
607388024078073855,0.0259768,0
607388024212291583,0.0385081,0
607388024346509311,0.021884,0
607388024480727039,0.0254157,0
607388024614944767,0.0285887,0
607388024883380223,0.020495,0
607388025017597951,0.0292545,0
607388025151815679,0.0258152,0
607388025286033407,0.0220127,0
607388025420251135,0.0232194,0
607388025554468863,0.0380876,0
607388025688686591,0.0214652,0
607388025957122047,0.0176672,0
607388026091339775,0.0250837,0
607388026225557503,0.0483844,0
607388026359775231,0.0245328,0
607388026493992959,0.0171145,0
607388026628210687,0.020251,0
607388026762428415,0.0167929,0
607388027030863871,0.0233064,0
607388027165081599,0.0393099,0
607388027299299327,0.027379,0
607388027433517055,0.032101,0
607388027567734783,0.0257946,0
607388027701952511,0.0351347,0
607388027836170239,0.0258903,0
607388028104605695,0.0203847,0
607388028238823423,0.0230871,0
607388028373041151,0.0210789,0
607388028507258879,0.023269,0
607388028641476607,0.0219411,0
607388028775694335,0.0244371,0
607388028909912063,0.0183099,0
607388030252089343,0.0601032,0
607388030386307071,0.0568818,0
607388030520524799,0.063402,0
607388030654742527,0.0670963,0
607388030788960255,0.13178,0
607388030923177983,0.0456608,0
607388031057395711,0.0683806,0
607388031325831167,0.0795284,0
607388031460048895,0.0886189,0
607388031594266623,0.108277,0
607388031728484351,0.118004,0
607388031862702079,0.142025,0
607388031996919807,0.100381,0
607388032131137535,0.0763099,0
607388032399572991,0.025918,0
607388032533790719,0.0240034,0
607388032668008447,0.0211745,0
607388032802226175,0.0207373,0
607388032936443903,0.123916,0
607388033070661631,0.0454735,0
607388033204879359,0.0394074,0
607388033473314815,0.0427878,0
607388033607532543,0.0335557,0
607388033741750271,0.0409836,0
607388033875967999,0.125683,0
607388034010185727,0.124263,0
607388034144403455,0.0347928,0
607388034278621183,0.0412403,0
607388034547056639,0.0748208,0
607388034681274367,0.134847,0
607388034815492095,0.0719761,0
607388034949709823,0.0702174,0
607388035083927551,0.0803018,0
607388035218145279,0.0507384,0
607388035352363007,0.085815,0
607388035620798463,0.0327459,0
607388035755016191,0.0779252,0
607388035889233919,0.0274404,0
607388036023451647,0.0278149,0
607388036157669375,0.0221168,0
607388036291887103,0.0500037,0
607388036426104831,0.0266092,0
607388036694540287,0.0523018,0
607388036828758015,0.0730061,0
607388036962975743,0.0445998,0
607388037097193471,0.066394,0
607388037231411199,0.0558872,0
607388037365628927,0.0841515,0
607388037499846655,0.0489933,0
607388038842023935,0.0172901,0
607388038976241663,0.0206542,0
607388039110459391,0.0149531,0
607388039244677119,0.0235253,0
607388039378894847,0.0143398,0
607388039513112575,0.0180617,0
607388039647330303,0.0166814,0
607388039915765759,0.0260173,0
607388040049983487,0.0298508,0
607388040184201215,0.0304197,0
607388040318418943,0.02318,0
607388040452636671,0.0219551,0
607388040586854399,0.0382231,0
607388040721072127,0.022818,0
607388040989507583,0.0192547,0
607388041123725311,0.0216492,0
607388041257943039,0.0422448,0
607388041392160767,0.0297977,0
607388041526378495,0.0139718,0
607388041660596223,0.0207498,0
607388041794813951,0.0227809,0
607388042063249407,0.0268751,0
607388042197467135,0.029354,0
607388042331684863,0.0220924,0
607388042465902591,0.0283951,0
607388042600120319,0.0277989,0
607388042734338047,0.0236154,0
607388042868555775,0.0235629,0
607388043136991231,0.0294689,0
607388043271208959,0.0194596,0
607388043405426687,0.019613,0
607388043539644415,0.0221118,0
607388043673862143,0.0172641,0
607388043808079871,0.0409514,0
607388043942297599,0.0138834,0
607388044210733055,0.0214213,0
607388044344950783,0.0253114,0
607388044479168511,0.0188749,0
607388044613386239,0.018193,0
607388044747603967,0.0228129,0
607388044881821695,0.0228701,0
607388045016039423,0.0169206,0
607388045284474879,0.0210122,0
607388045418692607,0.0163346,0
607388045552910335,0.0255685,0
607388045687128063,0.0137029,0
607388045821345791,0.0155341,0
607388045955563519,0.0250904,0
607388046089781247,0.0169457,0
607388047431958527,0.0296587,0
607388047566176255,0.020369,0
607388047700393983,0.0371809,0
607388047834611711,0.0192369,0
607388047968829439,0.0418889,0
607388048103047167,0.023992,0
607388048237264895,0.0434606,0
607388048505700351,0.0374119,0
607388048639918079,0.0387745,0
607388048774135807,0.0201649,0
607388048908353535,0.0401347,0
607388049042571263,0.026899,0
607388049176788991,0.0182591,0
607388049311006719,0.0202433,0
607388049579442175,0.0356079,0
607388049713659903,0.0219252,0
607388049847877631,0.0265962,0
607388049982095359,0.0213933,0
607388050116313087,0.0338891,0
607388050250530815,0.0170151,0
607388050384748543,0.0363695,0
607388050653183999,0.0210516,0
607388050787401727,0.0321619,0
607388050921619455,0.0338337,0
607388051055837183,0.0184087,0
607388051190054911,0.0201131,0
607388051324272639,0.0188665,0
607388051458490367,0.0198517,0
607388051726925823,0.0365629,0
607388051861143551,0.0358485,0
607388051995361279,0.0505282,0
607388052129579007,0.0350358,0
607388052263796735,0.0323275,0
607388052398014463,0.0512631,0
607388052532232191,0.0413313,0
607388052800667647,0.0428049,0
607388052934885375,0.0196327,0
607388053069103103,0.0448566,0
607388053203320831,0.0205835,0
607388053337538559,0.0310816,0
607388053471756287,0.0309124,0
607388053605974015,0.0360365,0
607388053874409471,0.0244494,0
607388054008627199,0.0329228,0
607388054142844927,0.0250294,0
607388054277062655,0.0297061,0
607388054411280383,0.0350449,0
607388054545498111,0.039887,0
607388054679715839,0.0279127,0
607388056021893119,0.0161982,0
607388056156110847,0.0306404,0
607388056290328575,0.0151202,0
607388056424546303,0.0276814,0
607388056558764031,0.0182523,0
607388056692981759,0.0235131,0
607388056827199487,0.0139799,0
607388057095634943,0.0234582,0
607388057229852671,0.0269753,0
607388057364070399,0.0193365,0
607388057498288127,0.0209587,0
607388057632505855,0.0378941,0
607388057766723583,0.0284644,0
607388057900941311,0.0178115,0
607388058169376767,0.0142644,0
607388058303594495,0.0156559,0
607388058437812223,0.0127018,0
607388058572029951,0.0259949,0
607388058706247679,0.0143076,0
607388058840465407,0.0244994,0
607388058974683135,0.00997801,0
607388059243118591,0.0229595,0
607388059377336319,0.0267634,0
607388059511554047,0.0238651,0
607388059645771775,0.0260318,0
607388059779989503,0.0193916,0
607388059914207231,0.0220151,0
607388060048424959,0.0190932,0
607388060316860415,0.00912318,0
607388060451078143,0.0152521,0
607388060585295871,0.00937863,0
607388060719513599,0.0121042,0
607388060853731327,0.0077823,0
607388060987949055,0.00978905,0
607388061122166783,0.00587659,0
607388061390602239,0.0175619,0
607388061524819967,0.0328253,0
607388061659037695,0.0158889,0
607388061793255423,0.0276567,0
607388061927473151,0.0190779,0
607388062061690879,0.0230406,0
607388062195908607,0.0157131,0
607388062464344063,0.0587537,0
607388062598561791,0.0208123,0
607388062732779519,0.00961458,0
607388062866997247,0.0086659,0
607388063001214975,0.0121049,0
607388063135432703,0.0132212,0
607388063269650431,0.0126588,0
607388064611827711,0.050671,0
607388064746045439,0.0484935,0
607388064880263167,0.0538033,0
607388065014480895,0.0334736,0
607388065148698623,0.0367745,0
607388065282916351,0.0378626,0
607388065417134079,0.0477337,0
607388065685569535,0.0439478,0
607388065819787263,0.0270614,0
607388065954004991,0.0398484,0
607388066088222719,0.0271508,0
607388066222440447,0.0498878,0
607388066356658175,0.0410277,0
607388066490875903,0.0456333,0
607388066759311359,0.0497428,0
607388066893529087,0.0331479,0
607388067027746815,0.0594795,0
607388067161964543,0.032807,0
607388067296182271,0.0464581,0
607388067430399999,0.0399473,0
607388067564617727,0.0439243,0
607388067833053183,0.0479092,0
607388067967270911,0.026268,0
607388068101488639,0.0537131,0
607388068235706367,0.0255239,0
607388068369924095,0.0308497,0
607388068504141823,0.0254684,0
607388068638359551,0.0539305,0
607388068906795007,0.0343153,0
607388069041012735,0.0286712,0
607388069175230463,0.0329745,0
607388069309448191,0.0357132,0
607388069443665919,0.0349654,0
607388069577883647,0.0337256,0
607388069712101375,0.029041,0
607388069980536831,0.0325094,0
607388070114754559,0.0487961,0
607388070248972287,0.0404019,0
607388070383190015,0.0406703,0
607388070517407743,0.0306516,0
607388070651625471,0.0345728,0
607388070785843199,0.0278314,0
607388071054278655,0.033482,0
607388071188496383,0.036722,0
607388071322714111,0.0270817,0
607388071456931839,0.0355344,0
607388071591149567,0.0423391,0
607388071725367295,0.0338783,0
607388071859585023,0.0289208,0
607388073201762303,0.00962693,0
607388073335980031,0.0113628,0
607388073470197759,0.0098233,0
607388073604415487,0.0113755,0
607388073738633215,0.0120506,0
607388073872850943,0.0109804,0
607388074007068671,0.00918506,0
607388074275504127,0.0200137,0
607388074409721855,0.0198659,0
607388074543939583,0.0150233,0
607388074678157311,0.0384747,0
607388074812375039,0.0122398,0
607388074946592767,0.0250114,0
607388075080810495,0.0134292,0
607388075349245951,0.0111938,0
607388075483463679,0.0150788,0
607388075617681407,0.0125671,0
607388075751899135,0.0140361,0
607388075886116863,0.0112628,0
607388076020334591,0.0207556,0
607388076154552319,0.00803002,0
607388076422987775,0.0260711,0
607388076557205503,0.0326594,0
607388076691423231,0.0360437,0
607388076825640959,0.0307966,0
607388076959858687,0.0143854,0
607388077094076415,0.0426742,0
607388077228294143,0.0140361,0
607388077496729599,0.00519116,0
607388077630947327,0.00491803,0
607388077765165055,0.00490374,0
607388077899382783,0.0100922,0
607388078033600511,0.00455269,0
607388078167818239,0.00593493,0
607388078302035967,0.0125444,0
607388078570471423,0.0130834,0
607388078704689151,0.0121977,0
607388078838906879,0.0135583,0
607388078973124607,0.0201135,0
607388079107342335,0.00977357,0
607388079241560063,0.0125188,0
607388079375777791,0.0121167,0
607388079644213247,0.00493838,0
607388079778430975,0.00906843,0
607388079912648703,0.00513302,0
607388080046866431,0.00513683,0
607388080181084159,0.00552517,0
607388080315301887,0.00597911,0
607388080449519615,0.00753306,0
607388167691042815,0.016811,0
607388167825260543,0.0256319,0
607388167959478271,0.00969836,0
607388168093695999,0.0254556,0
607388168227913727,0.0344185,0
607388168362131455,0.0201475,0
607388168496349183,0.0100307,0
607388168764784639,0.0375761,0
607388168899002367,0.0734587,0
607388169033220095,0.029844,0
607388169167437823,0.0481373,0
607388169301655551,0.0504497,0
607388169435873279,0.065687,0
607388169570091007,0.0247279,0
607388169838526463,0.0117513,0
607388169972744191,0.0244853,0
607388170106961919,0.008881,0
607388170241179647,0.022701,0
607388170375397375,0.0182373,0
607388170509615103,0.0144337,0
607388170643832831,0.0106652,0
607388170912268287,0.038162,0
607388171046486015,0.059691,0
607388171180703743,0.0298546,0
607388171314921471,0.0528717,0
607388171449139199,0.0357243,0
607388171583356927,0.0429159,0
607388171717574655,0.0204241,0
607388172120227839,0.0165294,0
607388172388663295,0.00612595,0
607388173059751935,0.0155873,0
607388173193969663,0.0282357,0
607388173328187391,0.0166373,0
607388173462405119,0.0251346,0
607388173596622847,0.0177776,0
607388173730840575,0.0214874,0
607388173865058303,0.0153194,0
607388174267711487,0.00764794,0
607388174536146943,0.00619659,0
607388174804582399,0.00245364,0
607388185005129727,0.00864605,0
607388185273565183,0.0150443,0
607388185542000639,0.00944369,0
607388185944653823,0.00665373,0
607388186078871551,0.0152019,0
607388186213089279,0.0096508,0
607388186347307007,0.0310257,0
607388186481524735,0.00868169,0
607388186615742463,0.0136558,0
607388186749960191,0.00877808,0
607388187018395647,0.00394121,0
607388187152613375,0.00889347,0
607388187421048831,0.00503844,0
607388187689484287,0.00705998,0
607388188092137471,0.0118335,0
607388188226355199,0.0171382,0
607388188360572927,0.00939856,0
607388188494790655,0.0361913,0
607388188629008383,0.0261487,0
607388188763226111,0.0179536,0
607388188897443839,0.00889347,0
607388190373838847,0.0146784,0
607388190642274303,0.00966054,0
607388190910709759,0.00719226,0
607388203258740735,0.0195198,0
607388203527176191,0.0160237,0
607388205406224383,0.030043,0
607388205674659839,0.0228934,0
607388365259538431,0.0853142,0
607388365393756159,0.0842564,0
607388365527973887,0.106539,0
607388365662191615,0.0992489,0
607388365796409343,0.0769255,0
607388365930627071,0.0665377,0
607388366064844799,0.0903287,0
607388366333280255,0.0720041,0
607388366467497983,0.0805293,0
607388366601715711,0.0775776,0
607388366735933439,0.0772888,0
607388366870151167,0.0695282,0
607388367004368895,0.0816258,0
607388367138586623,0.0692234,0
607388367407022079,0.093654,0
607388367541239807,0.108999,0
607388367675457535,0.0785409,0
607388367809675263,0.0910987,0
607388367943892991,0.099774,0
607388368078110719,0.102922,0
607388368212328447,0.0760915,0
607388368480763903,0.115115,0
607388368614981631,0.104248,0
607388368749199359,0.113936,0
607388368883417087,0.113003,0
607388369017634815,0.10146,0
607388369151852543,0.0975933,0
607388369286070271,0.108819,0
607388369554505727,0.0611914,0
607388369688723455,0.0671269,0
607388369822941183,0.0637904,0
607388369957158911,0.0621489,0
607388370091376639,0.0592308,0
607388370225594367,0.06539,0
607388370359812095,0.0608996,0
607388370628247551,0.0626907,0
607388370762465279,0.068183,0
607388370896683007,0.0652279,0
607388371030900735,0.0651294,0
607388371165118463,0.0696039,0
607388371299336191,0.0712819,0
607388371433553919,0.0636381,0
607388371701989375,0.0849947,0
607388371836207103,0.0957809,0
607388371970424831,0.0598904,0
607388372104642559,0.0950421,0
607388372238860287,0.0685101,0
607388372373078015,0.0810489,0
607388372507295743,0.0599781,0
607388373849473023,0.0538063,0
607388373983690751,0.0464076,0
607388374117908479,0.0616165,0
607388374252126207,0.0473023,0
607388374386343935,0.0586112,0
607388374520561663,0.0453476,0
607388374654779391,0.0704596,0
607388374923214847,0.0468309,0
607388375057432575,0.047139,0
607388375191650303,0.0472785,0
607388375325868031,0.0435127,0
607388375460085759,0.0538181,0
607388375594303487,0.0549666,0
607388375728521215,0.0462262,0
607388375996956671,0.0754978,0
607388376131174399,0.0641033,0
607388376265392127,0.0919411,0
607388376399609855,0.0773607,0
607388376533827583,0.0779666,0
607388376668045311,0.0658773,0
607388376802263039,0.0935573,0
607388377070698495,0.0478221,0
607388377204916223,0.0426348,0
607388377339133951,0.0607924,0
607388377473351679,0.0608219,0
607388377607569407,0.0494593,0
607388377741787135,0.0484963,0
607388377876004863,0.0576983,0
607388378144440319,0.0846498,0
607388378278658047,0.0646373,0
607388378412875775,0.0813034,0
607388378547093503,0.0688699,0
607388378681311231,0.0881594,0
607388378815528959,0.071391,0
607388378949746687,0.0853963,0
607388379218182143,0.0664123,0
607388379352399871,0.0607496,0
607388379486617599,0.0492331,0
607388379620835327,0.0469887,0
607388379755053055,0.0750472,0
607388379889270783,0.0619166,0
607388380023488511,0.0770912,0
607388380291923967,0.0851292,0
607388380426141695,0.0747357,0
607388380560359423,0.102617,0
607388380694577151,0.0912221,0
607388380828794879,0.0895419,0
607388380963012607,0.0731189,0
607388381097230335,0.0954767,0
607388382439407615,0.0753354,0
607388382573625343,0.0702133,0
607388382707843071,0.0652145,0
607388382842060799,0.06574,0
607388382976278527,0.067038,0
607388383110496255,0.0717241,0
607388383244713983,0.0548138,0
607388383513149439,0.0887495,0
607388383647367167,0.0926741,0
607388383781584895,0.0750432,0
607388383915802623,0.0793703,0
607388384050020351,0.0732375,0
607388384184238079,0.0875754,0
607388384318455807,0.0793699,0
607388384586891263,0.0631962,0
607388384721108991,0.0626552,0
607388384855326719,0.0572336,0
607388384989544447,0.0560512,0
607388385123762175,0.0562872,0
607388385257979903,0.0699575,0
607388385392197631,0.0513424,0
607388385660633087,0.0688761,0
607388385794850815,0.0738592,0
607388385929068543,0.0770159,0
607388386063286271,0.070393,0
607388386197503999,0.0725679,0
607388386331721727,0.0783975,0
607388386465939455,0.0646184,0
607388386734374911,0.0567423,0
607388386868592639,0.063674,0
607388387002810367,0.0368804,0
607388387137028095,0.0606092,0
607388387271245823,0.0467819,0
607388387405463551,0.0559655,0
607388387539681279,0.0403118,0
607388387808116735,0.0620634,0
607388387942334463,0.0679457,0
607388388076552191,0.0635977,0
607388388210769919,0.0724665,0
607388388344987647,0.0593348,0
607388388479205375,0.0605281,0
607388388613423103,0.0547142,0
607388388881858559,0.0384767,0
607388389016076287,0.0557272,0
607388389150294015,0.0397437,0
607388389284511743,0.0542182,0
607388389418729471,0.0368603,0
607388389552947199,0.0501128,0
607388389687164927,0.0443752,0
607388391029342207,0.0761575,0
607388391163559935,0.0736548,0
607388391297777663,0.0937307,0
607388391431995391,0.0804171,0
607388391566213119,0.0925551,0
607388391700430847,0.0912028,0
607388391834648575,0.0941176,0
607388392103084031,0.0835859,0
607388392237301759,0.094372,0
607388392371519487,0.0671884,0
607388392505737215,0.0739299,0
607388392639954943,0.089285,0
607388392774172671,0.0784801,0
607388392908390399,0.0845758,0
607388393176825855,0.0975559,0
607388393311043583,0.0911346,0
607388393445261311,0.097232,0
607388393579479039,0.100752,0
607388393713696767,0.0976173,0
607388393847914495,0.0974013,0
607388393982132223,0.100736,0
607388394250567679,0.068485,0
607388394384785407,0.0703033,0
607388394519003135,0.0839483,0
607388394653220863,0.0797069,0
607388394787438591,0.0714332,0
607388394921656319,0.0670821,0
607388395055874047,0.0875726,0
607388395324309503,0.102945,0
607388395458527231,0.115057,0
607388395592744959,0.10355,0
607388395726962687,0.100169,0
607388395861180415,0.109883,0
607388395995398143,0.106735,0
607388396129615871,0.0967664,0
607388396398051327,0.1206,0
607388396532269055,0.114924,0
607388396666486783,0.111779,0
607388396800704511,0.112175,0
607388396934922239,0.12176,0
607388397069139967,0.0994936,0
607388397203357695,0.121578,0
607388397471793151,0.0883984,0
607388397606010879,0.0932862,0
607388397740228607,0.0884992,0
607388397874446335,0.100786,0
607388398008664063,0.0815355,0
607388398142881791,0.0881324,0
607388398277099519,0.0834093,0
607388399619276799,0.0781913,0
607388399753494527,0.0825202,0
607388399887712255,0.0761514,0
607388400021929983,0.0731376,0
607388400156147711,0.0767065,0
607388400290365439,0.0752847,0
607388400424583167,0.0710804,0
607388400693018623,0.0734113,0
607388400827236351,0.0832482,0
607388400961454079,0.0866046,0
607388401095671807,0.0784358,0
607388401229889535,0.0820088,0
607388401364107263,0.0770495,0
607388401498324991,0.0830696,0
607388401766760447,0.0705632,0
607388401900978175,0.0614731,0
607388402035195903,0.0592245,0
607388402169413631,0.0627658,0
607388402303631359,0.0644624,0
607388402437849087,0.0614297,0
607388402572066815,0.0517311,0
607388402840502271,0.0790556,0
607388402974719999,0.0791087,0
607388403108937727,0.0632564,0
607388403243155455,0.0630618,0
607388403377373183,0.0795223,0
607388403511590911,0.0814269,0
607388403645808639,0.0777662,0
607388403914244095,0.0644692,0
607388404048461823,0.0829393,0
607388404182679551,0.0649273,0
607388404316897279,0.0599236,0
607388404451115007,0.0546958,0
607388404585332735,0.0691755,0
607388404719550463,0.0551992,0
607388404987985919,0.0667344,0
607388405122203647,0.0713888,0
607388405256421375,0.0669253,0
607388405390639103,0.0702346,0
607388405524856831,0.06919,0
607388405659074559,0.0707107,0
607388405793292287,0.0810251,0
607388406061727743,0.0640951,0
607388406195945471,0.0728172,0
607388406330163199,0.0505171,0
607388406464380927,0.0525356,0
607388406598598655,0.0606321,0
607388406732816383,0.0639302,0
607388406867034111,0.0602629,0
607388408209211391,0.0791815,0
607388408343429119,0.0826795,0
607388408477646847,0.0799496,0
607388408611864575,0.0782419,0
607388408746082303,0.0756944,0
607388408880300031,0.0859959,0
607388409014517759,0.0794196,0
607388409282953215,0.0773223,0
607388409417170943,0.0934436,0
607388409551388671,0.0925013,0
607388409685606399,0.0797736,0
607388409819824127,0.0903204,0
607388409954041855,0.105734,0
607388410088259583,0.0867678,0
607388410356695039,0.087408,0
607388410490912767,0.0971604,0
607388410625130495,0.0737652,0
607388410759348223,0.0784394,0
607388410893565951,0.0802138,0
607388411027783679,0.0846175,0
607388411162001407,0.082243,0
607388411430436863,0.0862982,0
607388411564654591,0.0832942,0
607388411698872319,0.0913619,0
607388411833090047,0.0827328,0
607388411967307775,0.0844039,0
607388412101525503,0.0873157,0
607388412235743231,0.0902091,0
607388412504178687,0.0844956,0
607388412638396415,0.0801238,0
607388412772614143,0.0776939,0
607388412906831871,0.0863406,0
607388413041049599,0.0832099,0
607388413175267327,0.0848064,0
607388413309485055,0.0793277,0
607388413577920511,0.0841993,0
607388413712138239,0.0923212,0
607388413846355967,0.0775732,0
607388413980573695,0.0792707,0
607388414114791423,0.0860379,0
607388414249009151,0.0958512,0
607388414383226879,0.0769183,0
607388414651662335,0.075261,0
607388414785880063,0.0765305,0
607388414920097791,0.0725579,0
607388415054315519,0.0747612,0
607388415188533247,0.0732661,0
607388415322750975,0.0762971,0
607388415456968703,0.0731808,0
607388416799145983,0.0348496,0
607388416933363711,0.0289215,0
607388417067581439,0.0364443,0
607388417201799167,0.0410414,0
607388417336016895,0.0292526,0
607388417470234623,0.0402468,0
607388417604452351,0.0371984,0
607388417872887807,0.0519594,0
607388418007105535,0.0554609,0
607388418141323263,0.0455569,0
607388418275540991,0.0609192,0
607388418409758719,0.0530149,0
607388418543976447,0.062273,0
607388418678194175,0.0421186,0
607388418946629631,0.0323684,0
607388419080847359,0.0442303,0
607388419215065087,0.0408118,0
607388419349282815,0.0375344,0
607388419483500543,0.0326873,0
607388419617718271,0.0302306,0
607388419751935999,0.0318922,0
607388420020371455,0.0533722,0
607388420154589183,0.0539002,0
607388420288806911,0.0591818,0
607388420423024639,0.0603355,0
607388420557242367,0.0482646,0
607388420691460095,0.046769,0
607388420825677823,0.0548828,0
607388421094113279,0.0400573,0
607388421228331007,0.0295053,0
607388421362548735,0.0300131,0
607388421496766463,0.0391841,0
607388421630984191,0.0332899,0
607388421765201919,0.0403074,0
607388421899419647,0.0358122,0
607388422167855103,0.0482527,0
607388422302072831,0.04961,0
607388422436290559,0.0519638,0
607388422570508287,0.0381238,0
607388422704726015,0.054387,0
607388422838943743,0.0571226,0
607388422973161471,0.0444651,0
607388423241596927,0.0254939,0
607388423375814655,0.0234307,0
607388423510032383,0.0271023,0
607388423644250111,0.0265383,0
607388423778467839,0.0275499,0
607388423912685567,0.0274842,0
607388424046903295,0.0282599,0
607388433979015167,0.11129,0
607388434113232895,0.119687,0
607388434247450623,0.1018,0
607388434381668351,0.109773,0
607388434515886079,0.123888,0
607388434650103807,0.130273,0
607388434784321535,0.121297,0
607388435052756991,0.149176,0
607388435186974719,0.140287,0
607388435321192447,0.136531,0
607388435455410175,0.137544,0
607388435589627903,0.141767,0
607388435723845631,0.145583,0
607388435858063359,0.144588,0
607388436126498815,0.0994076,0
607388436260716543,0.101915,0
607388436394934271,0.0813209,0
607388436529151999,0.0931142,0
607388436663369727,0.0992261,0
607388436797587455,0.101543,0
607388436931805183,0.0932021,0
607388437200240639,0.104802,0
607388437334458367,0.10597,0
607388437468676095,0.116578,0
607388437602893823,0.110365,0
607388437737111551,0.118195,0
607388437871329279,0.128953,0
607388438005547007,0.111543,0
607388438273982463,0.104241,0
607388438408200191,0.123309,0
607388438542417919,0.0899554,0
607388438676635647,0.113075,0
607388438810853375,0.105814,0
607388438945071103,0.113861,0
607388439079288831,0.102301,0
607388439347724287,0.136611,0
607388439481942015,0.140874,0
607388439616159743,0.130144,0
607388439750377471,0.131001,0
607388439884595199,0.136189,0
607388440018812927,0.134898,0
607388440153030655,0.132634,0
607388440421466111,0.0775543,0
607388440555683839,0.101401,0
607388440689901567,0.0677557,0
607388440824119295,0.0857385,0
607388440958337023,0.0934689,0
607388441092554751,0.0937601,0
607388441226772479,0.0723535,0
607388442568949759,0.135017,0
607388442703167487,0.129793,0
607388442837385215,0.130726,0
607388442971602943,0.135116,0
607388443105820671,0.116137,0
607388443240038399,0.111173,0
607388443374256127,0.14148,0
607388443642691583,0.122095,0
607388443776909311,0.120113,0
607388443911127039,0.118535,0
607388444045344767,0.132451,0
607388444179562495,0.113009,0
607388444313780223,0.12472,0
607388444447997951,0.107891,0
607388444716433407,0.110758,0
607388444850651135,0.113355,0
607388444984868863,0.121282,0
607388445119086591,0.1139,0
607388445253304319,0.122485,0
607388445387522047,0.147291,0
607388445521739775,0.134897,0
607388445790175231,0.119892,0
607388445924392959,0.115423,0
607388446058610687,0.117361,0
607388446192828415,0.120146,0
607388446327046143,0.121755,0
607388446461263871,0.120696,0
607388446595481599,0.114494,0
607388446863917055,0.124147,0
607388446998134783,0.133167,0
607388447132352511,0.131252,0
607388447266570239,0.145358,0
607388447400787967,0.113196,0
607388447535005695,0.123374,0
607388447669223423,0.145242,0
607388447937658879,0.127107,0
607388448071876607,0.130098,0
607388448206094335,0.117994,0
607388448340312063,0.120402,0
607388448474529791,0.143064,0
607388448608747519,0.154246,0
607388448742965247,0.128988,0
607388449011400703,0.144059,0
607388449145618431,0.147529,0
607388449279836159,0.123063,0
607388449414053887,0.130179,0
607388449548271615,0.13758,0
607388449682489343,0.151876,0
607388449816707071,0.136464,0
607388451158884351,0.0549855,0
607388451293102079,0.0696918,0
607388451427319807,0.0453436,0
607388451561537535,0.0601666,0
607388451695755263,0.0537009,0
607388451829972991,0.0727945,0
607388451964190719,0.05001,0
607388452232626175,0.0753409,0
607388452366843903,0.0801376,0
607388452501061631,0.0688847,0
607388452635279359,0.0699144,0
607388452769497087,0.0748272,0
607388452903714815,0.0873909,0
607388453037932543,0.0714792,0
607388453306367999,0.056568,0
607388453440585727,0.0643578,0
607388453574803455,0.0463943,0
607388453709021183,0.0688074,0
607388453843238911,0.0393049,0
607388453977456639,0.0576119,0
607388454111674367,0.0464751,0
607388454380109823,0.0701496,0
607388454514327551,0.0811358,0
607388454648545279,0.0738165,0
607388454782763007,0.0666478,0
607388454916980735,0.0639089,0
607388455051198463,0.0811149,0
607388455185416191,0.0637963,0
607388455453851647,0.0584562,0
607388455588069375,0.0572143,0
607388455722287103,0.045408,0
607388455856504831,0.0471592,0
607388455990722559,0.0645526,0
607388456124940287,0.0589271,0
607388456259158015,0.0656188,0
607388456527593471,0.0624954,0
607388456661811199,0.0772462,0
607388456796028927,0.058539,0
607388456930246655,0.0704695,0
607388457064464383,0.0610145,0
607388457198682111,0.0763295,0
607388457332899839,0.0609018,0
607388457601335295,0.0388146,0
607388457735553023,0.0468864,0
607388457869770751,0.0338082,0
607388458003988479,0.043957,0
607388458138206207,0.0443268,0
607388458272423935,0.0376464,0
607388458406641663,0.0418281,0
607388459748818943,0.112523,0
607388459883036671,0.114284,0
607388460017254399,0.0983645,0
607388460151472127,0.101832,0
607388460285689855,0.11041,0
607388460419907583,0.111227,0
607388460554125311,0.109082,0
607388460822560767,0.112875,0
607388460956778495,0.105527,0
607388461090996223,0.110351,0
607388461225213951,0.107296,0
607388461359431679,0.107624,0
607388461493649407,0.110254,0
607388461627867135,0.114724,0
607388461896302591,0.100307,0
607388462030520319,0.0897547,0
607388462164738047,0.0908701,0
607388462298955775,0.0964336,0
607388462433173503,0.0951243,0
607388462567391231,0.102228,0
607388462701608959,0.0981796,0
607388462970044415,0.0942883,0
607388463104262143,0.094725,0
607388463238479871,0.0831387,0
607388463372697599,0.0921808,0
607388463506915327,0.106611,0
607388463641133055,0.106132,0
607388463775350783,0.083831,0
607388464043786239,0.101477,0
607388464178003967,0.108807,0
607388464312221695,0.0930577,0
607388464446439423,0.103723,0
607388464580657151,0.103523,0
607388464714874879,0.109148,0
607388464849092607,0.100537,0
607388465117528063,0.112128,0
607388465251745791,0.115614,0
607388465385963519,0.109785,0
607388465520181247,0.113362,0
607388465654398975,0.112847,0
607388465788616703,0.116922,0
607388465922834431,0.112661,0
607388466191269887,0.0813212,0
607388466325487615,0.0962933,0
607388466459705343,0.0828982,0
607388466593923071,0.0846991,0
607388466728140799,0.0715137,0
607388466862358527,0.0788609,0
607388466996576255,0.0815274,0
607388468338753535,0.116734,0
607388468472971263,0.117587,0
607388468607188991,0.118492,0
607388468741406719,0.128867,0
607388468875624447,0.120772,0
607388469009842175,0.116788,0
607388469144059903,0.118995,0
607388469412495359,0.124519,0
607388469546713087,0.13942,0
607388469680930815,0.119184,0
607388469815148543,0.129824,0
607388469949366271,0.128083,0
607388470083583999,0.147189,0
607388470217801727,0.122577,0
607388470486237183,0.111014,0
607388470620454911,0.118089,0
607388470754672639,0.110968,0
607388470888890367,0.0958212,0
607388471023108095,0.122464,0
607388471157325823,0.118658,0
607388471291543551,0.109665,0
607388471559979007,0.120791,0
607388471694196735,0.130477,0
607388471828414463,0.123322,0
607388471962632191,0.13678,0
607388472096849919,0.131244,0
607388472231067647,0.122479,0
607388472365285375,0.119636,0
607388472633720831,0.111175,0
607388472767938559,0.127495,0
607388472902156287,0.115636,0
607388473036374015,0.119921,0
607388473170591743,0.129066,0
607388473304809471,0.132635,0
607388473439027199,0.120788,0
607388473707462655,0.143976,0
607388473841680383,0.145003,0
607388473975898111,0.12497,0
607388474110115839,0.127263,0
607388474244333567,0.147014,0
607388474378551295,0.156196,0
607388474512769023,0.131029,0
607388474781204479,0.115439,0
607388474915422207,0.117032,0
607388475049639935,0.122923,0
607388475183857663,0.106869,0
607388475318075391,0.123183,0
607388475452293119,0.11563,0
607388475586510847,0.119995,0
607388476928688127,0.153414,0
607388477062905855,0.14095,0
607388477197123583,0.111856,0
607388477331341311,0.133803,0
607388477465559039,0.141861,0
607388477599776767,0.150103,0
607388477733994495,0.128104,0
607388478002429951,0.171212,0
607388478136647679,0.202192,0
607388478270865407,0.150737,0
607388478405083135,0.189017,0
607388478539300863,0.173008,0
607388478673518591,0.192041,0
607388478807736319,0.175833,0
607388479076171775,0.109124,0
607388479210389503,0.112626,0
607388479344607231,0.138398,0
607388479478824959,0.133237,0
607388479613042687,0.128685,0
607388479747260415,0.117404,0
607388479881478143,0.137471,0
607388480149913599,0.14364,0
607388480284131327,0.185542,0
607388480418349055,0.127494,0
607388480552566783,0.144833,0
607388480686784511,0.150706,0
607388480821002239,0.147643,0
607388480955219967,0.126489,0
607388481223655423,0.161282,0
607388481357873151,0.167016,0
607388481492090879,0.158954,0
607388481626308607,0.137662,0
607388481760526335,0.165804,0
607388481894744063,0.169011,0
607388482028961791,0.156919,0
607388482297397247,0.186543,0
607388482431614975,0.187,0
607388482565832703,0.176341,0
607388482700050431,0.160259,0
607388482834268159,0.207208,0
607388482968485887,0.192812,0
607388483102703615,0.189144,0
607388483371139071,0.126843,0
607388483505356799,0.114857,0
607388483639574527,0.136843,0
607388483773792255,0.141565,0
607388483908009983,0.129129,0
607388484042227711,0.128794,0
607388484176445439,0.128402,0
607388485518622719,0.077268,0
607388485652840447,0.0736085,0
607388485787058175,0.0639327,0
607388485921275903,0.0717989,0
607388486055493631,0.080885,0
607388486189711359,0.0817956,0
607388486323929087,0.0783646,0
607388486592364543,0.102587,0
607388486726582271,0.0932342,0
607388486860799999,0.0855505,0
607388486995017727,0.074989,0
607388487129235455,0.0996124,0
607388487263453183,0.108878,0
607388487397670911,0.103532,0
607388487666106367,0.0687892,0
607388487800324095,0.0661905,0
607388487934541823,0.0667967,0
607388488068759551,0.0665776,0
607388488202977279,0.0698255,0
607388488337195007,0.0710541,0
607388488471412735,0.0656389,0
607388488739848191,0.061644,0
607388488874065919,0.065546,0
607388489008283647,0.0683965,0
607388489142501375,0.0659001,0
607388489276719103,0.074995,0
607388489410936831,0.0664151,0
607388489545154559,0.0646539,0
607388489813590015,0.0956063,0
607388489947807743,0.0839392,0
607388490082025471,0.084722,0
607388490216243199,0.072023,0
607388490350460927,0.110162,0
607388490484678655,0.0988886,0
607388490618896383,0.111042,0
607388490887331839,0.114596,0
607388491021549567,0.104961,0
607388491155767295,0.0923263,0
607388491289985023,0.0994371,0
607388491424202751,0.111334,0
607388491558420479,0.113471,0
607388491692638207,0.108693,0
607388491961073663,0.0737138,0
607388492095291391,0.0672259,0
607388492229509119,0.06685,0
607388492363726847,0.071892,0
607388492497944575,0.0788853,0
607388492632162303,0.070816,0
607388492766380031,0.0842267,0
607388502698491903,0.0620895,0
607388502832709631,0.0794022,0
607388502966927359,0.0606233,0
607388503101145087,0.0857522,0
607388503235362815,0.0557422,0
607388503369580543,0.0602621,0
607388503503798271,0.0544337,0
607388503772233727,0.0818548,0
607388503906451455,0.0661717,0
607388504040669183,0.0837626,0
607388504174886911,0.0848882,0
607388504309104639,0.0683904,0
607388504443322367,0.0634145,0
607388504577540095,0.0744977,0
607388504845975551,0.069844,0
607388504980193279,0.0947564,0
607388505114411007,0.0793311,0
607388505248628735,0.0905091,0
607388505382846463,0.0600456,0
607388505517064191,0.0733756,0
607388505651281919,0.058418,0
607388505919717375,0.0951794,0
607388506053935103,0.0855657,0
607388506188152831,0.0914846,0
607388506322370559,0.0932058,0
607388506456588287,0.0875316,0
607388506590806015,0.0873732,0
607388506725023743,0.0954967,0
607388506993459199,0.0525685,0
607388507127676927,0.0463092,0
607388507261894655,0.0468608,0
607388507396112383,0.063795,0
607388507530330111,0.0413409,0
607388507664547839,0.0420408,0
607388507798765567,0.0482161,0
607388508067201023,0.0437239,0
607388508201418751,0.0530259,0
607388508335636479,0.0517279,0
607388508469854207,0.0602823,0
607388508604071935,0.0527474,0
607388508738289663,0.0461173,0
607388508872507391,0.0517502,0
607388509140942847,0.0513787,0
607388509275160575,0.0517937,0
607388509409378303,0.0566663,0
607388509543596031,0.0512233,0
607388509677813759,0.0520979,0
607388509812031487,0.0535502,0
607388509946249215,0.040084,0
607388511288426495,0.0654002,0
607388511422644223,0.0675578,0
607388511556861951,0.0757435,0
607388511691079679,0.0666614,0
607388511825297407,0.0606853,0
607388511959515135,0.0696031,0
607388512093732863,0.0584913,0
607388512362168319,0.0821472,0
607388512496386047,0.0874167,0
607388512630603775,0.0678862,0
607388512764821503,0.0720449,0
607388512899039231,0.0758323,0
607388513033256959,0.0915714,0
607388513167474687,0.0749589,0
607388513435910143,0.0803853,0
607388513570127871,0.0906291,0
607388513704345599,0.0873832,0
607388513838563327,0.0920242,0
607388513972781055,0.0761498,0
607388514106998783,0.0791417,0
607388514241216511,0.0825421,0
607388514509651967,0.085434,0
607388514643869695,0.0851533,0
607388514778087423,0.0952611,0
607388514912305151,0.0773668,0
607388515046522879,0.0642482,0
607388515180740607,0.0657925,0
607388515314958335,0.0773557,0
607388515583393791,0.0615978,0
607388515717611519,0.0605702,0
607388515851829247,0.063819,0
607388515986046975,0.0616303,0
607388516120264703,0.0629235,0
607388516254482431,0.0664764,0
607388516388700159,0.0606959,0
607388516657135615,0.098586,0
607388516791353343,0.0980277,0
607388516925571071,0.0739897,0
607388517059788799,0.0795884,0
607388517194006527,0.088266,0
607388517328224255,0.108003,0
607388517462441983,0.0818383,0
607388517730877439,0.0819784,0
607388517865095167,0.0717605,0
607388517999312895,0.0883642,0
607388518133530623,0.0835336,0
607388518267748351,0.0776655,0
607388518401966079,0.0662868,0
607388518536183807,0.0793029,0
607388519878361087,0.0467994,0
607388520012578815,0.0572371,0
607388520146796543,0.0474286,0
607388520281014271,0.0428111,0
607388520415231999,0.0531421,0
607388520549449727,0.057179,0
607388520683667455,0.0505989,0
607388520952102911,0.0793361,0
607388521086320639,0.0977973,0
607388521220538367,0.0745423,0
607388521354756095,0.0982614,0
607388521488973823,0.066145,0
607388521623191551,0.0945614,0
607388521757409279,0.0634012,0
607388522025844735,0.0397366,0
607388522160062463,0.0546572,0
607388522294280191,0.0454195,0
607388522428497919,0.0476825,0
607388522562715647,0.0457609,0
607388522696933375,0.0396955,0
607388522831151103,0.0441055,0
607388523099586559,0.0765617,0
607388523233804287,0.0970648,0
607388523368022015,0.0673138,0
607388523502239743,0.0961289,0
607388523636457471,0.067253,0
607388523770675199,0.0893161,0
607388523904892927,0.0605905,0
607388524173328383,0.0507402,0
607388524307546111,0.0500836,0
607388524441763839,0.0401167,0
607388524575981567,0.0505413,0
607388524710199295,0.039993,0
607388524844417023,0.0511114,0
607388524978634751,0.037499,0
607388525247070207,0.0591307,0
607388525381287935,0.0598778,0
607388525515505663,0.0526532,0
607388525649723391,0.0604795,0
607388525783941119,0.0486197,0
607388525918158847,0.0633257,0
607388526052376575,0.0502428,0
607388526320812031,0.0333687,0
607388526455029759,0.0437181,0
607388526589247487,0.0319619,0
607388526723465215,0.0354573,0
607388526857682943,0.033781,0
607388526991900671,0.0401198,0
607388527126118399,0.0307838,0
607388528468295679,0.11058,0
607388528602513407,0.0921903,0
607388528736731135,0.114405,0
607388528870948863,0.108268,0
607388529005166591,0.110971,0
607388529139384319,0.0915826,0
607388529273602047,0.105041,0
607388529542037503,0.0869458,0
607388529676255231,0.0875191,0
607388529810472959,0.0922731,0
607388529944690687,0.0843929,0
607388530078908415,0.0774036,0
607388530213126143,0.0777497,0
607388530347343871,0.102821,0
607388530615779327,0.0979929,0
607388530749997055,0.102311,0
607388530884214783,0.10673,0
607388531018432511,0.103378,0
607388531152650239,0.113307,0
607388531286867967,0.102385,0
607388531421085695,0.106413,0
607388531689521151,0.0890803,0
607388531823738879,0.0898334,0
607388531957956607,0.0926908,0
607388532092174335,0.094966,0
607388532226392063,0.0952587,0
607388532360609791,0.0838919,0
607388532494827519,0.100194,0
607388532763262975,0.0930431,0
607388532897480703,0.096412,0
607388533031698431,0.0987613,0
607388533165916159,0.0978043,0
607388533300133887,0.0945993,0
607388533434351615,0.0903335,0
607388533568569343,0.104372,0
607388533837004799,0.0915986,0
607388533971222527,0.0809247,0
607388534105440255,0.105173,0
607388534239657983,0.0810292,0
607388534373875711,0.0928732,0
607388534508093439,0.0873363,0
607388534642311167,0.0874594,0
607388534910746623,0.106341,0
607388535044964351,0.106438,0
607388535179182079,0.105333,0
607388535313399807,0.103486,0
607388535447617535,0.101203,0
607388535581835263,0.097001,0
607388535716052991,0.100157,0
607388537058230271,0.0466846,0
607388537192447999,0.0421105,0
607388537326665727,0.0408109,0
607388537460883455,0.0419146,0
607388537595101183,0.0433182,0
607388537729318911,0.0440055,0
607388537863536639,0.0386304,0
607388538131972095,0.0430169,0
607388538266189823,0.0502612,0
607388538400407551,0.0396739,0
607388538534625279,0.0488637,0
607388538668843007,0.0453171,0
607388538803060735,0.0397209,0
607388538937278463,0.0425666,0
607388539205713919,0.0396151,0
607388539339931647,0.0380511,0
607388539474149375,0.0334705,0
607388539608367103,0.0429065,0
607388539742584831,0.0318288,0
607388539876802559,0.0461069,0
607388540011020287,0.0357785,0
607388540279455743,0.0411188,0
607388540413673471,0.0533915,0
607388540547891199,0.0403044,0
607388540682108927,0.0460748,0
607388540816326655,0.0374609,0
607388540950544383,0.0436034,0
607388541084762111,0.0416129,0
607388541353197567,0.04018,0
607388541487415295,0.0390474,0
607388541621633023,0.0432471,0
607388541755850751,0.0456215,0
607388541890068479,0.0415993,0
607388542024286207,0.036349,0
607388542158503935,0.0459974,0
607388542426939391,0.0414252,0
607388542561157119,0.0407756,0
607388542695374847,0.0466822,0
607388542829592575,0.0422567,0
607388542963810303,0.0419054,0
607388543098028031,0.0406139,0
607388543232245759,0.0435318,0
607388543500681215,0.0350521,0
607388543634898943,0.0393338,0
607388543769116671,0.0312914,0
607388543903334399,0.0328715,0
607388544037552127,0.038473,0
607388544171769855,0.0393225,0
607388544305987583,0.031133,0
607388545648164863,0.0743391,0
607388545782382591,0.0862786,0
607388545916600319,0.0757269,0
607388546050818047,0.0916239,0
607388546185035775,0.0798455,0
607388546319253503,0.0809419,0
607388546453471231,0.0654541,0
607388546721906687,0.105266,0
607388546856124415,0.113199,0
607388546990342143,0.0995084,0
607388547124559871,0.115046,0
607388547258777599,0.0959842,0
607388547392995327,0.1093,0
607388547527213055,0.086099,0
607388547795648511,0.0694278,0
607388547929866239,0.0727803,0
607388548064083967,0.0664467,0
607388548198301695,0.0676182,0
607388548332519423,0.0630291,0
607388548466737151,0.0699178,0
607388548600954879,0.0586983,0
607388548869390335,0.0995089,0
607388549003608063,0.0984245,0
607388549137825791,0.0751179,0
607388549272043519,0.0942926,0
607388549406261247,0.0827583,0
607388549540478975,0.0977158,0
607388549674696703,0.0745494,0
607388549943132159,0.0713944,0
607388550077349887,0.0650065,0
607388550211567615,0.0498583,0
607388550345785343,0.0673772,0
607388550480003071,0.0607243,0
607388550614220799,0.0745463,0
607388550748438527,0.0549592,0
607388551016873983,0.0848115,0
607388551151091711,0.0873204,0
607388551285309439,0.0762137,0
607388551419527167,0.081523,0
607388551553744895,0.0825906,0
607388551687962623,0.0907553,0
607388551822180351,0.0728967,0
607388552090615807,0.042847,0
607388552224833535,0.0573327,0
607388552359051263,0.0460022,0
607388552493268991,0.0466593,0
607388552627486719,0.0468542,0
607388552761704447,0.0499175,0
607388552895922175,0.0531475,0
607388554238099455,0.0286589,0
607388554372317183,0.0300951,0
607388554506534911,0.0281753,0
607388554640752639,0.0336842,0
607388554774970367,0.0359232,0
607388554909188095,0.0257816,0
607388555043405823,0.0299481,0
607388555311841279,0.0425147,0
607388555446059007,0.0420104,0
607388555580276735,0.0370051,0
607388555714494463,0.045469,0
607388555848712191,0.0315911,0
607388555982929919,0.0378343,0
607388556117147647,0.028959,0
607388556385583103,0.0335624,0
607388556519800831,0.038895,0
607388556654018559,0.0317118,0
607388556788236287,0.0373223,0
607388556922454015,0.0344041,0
607388557056671743,0.0335486,0
607388557190889471,0.0337666,0
607388557459324927,0.0477546,0
607388557593542655,0.0457945,0
607388557727760383,0.0513888,0
607388557861978111,0.0501431,0
607388557996195839,0.0399511,0
607388558130413567,0.0435456,0
607388558264631295,0.0367264,0
607388558533066751,0.029966,0
607388558667284479,0.0238034,0
607388558801502207,0.0323936,0
607388558935719935,0.0262503,0
607388559069937663,0.0282191,0
607388559204155391,0.0233617,0
607388559338373119,0.0295101,0
607388559606808575,0.0283281,0
607388559741026303,0.0271416,0
607388559875244031,0.0269564,0
607388560009461759,0.0283653,0
607388560143679487,0.0275088,0
607388560277897215,0.0333146,0
607388560412114943,0.026837,0
607388560680550399,0.0311684,0
607388560814768127,0.030171,0
607388560948985855,0.0336706,0
607388561083203583,0.0333885,0
607388561217421311,0.0314175,0
607388561351639039,0.0261764,0
607388561485856767,0.0308153,0
607388571417968639,0.0872203,0
607388571552186367,0.0731843,0
607388571686404095,0.0914432,0
607388571820621823,0.0756211,0
607388571954839551,0.081523,0
607388572089057279,0.0802104,0
607388572223275007,0.0816859,0
607388572491710463,0.0886789,0
607388572625928191,0.0863116,0
607388572760145919,0.0801894,0
607388572894363647,0.084275,0
607388573028581375,0.0786925,0
607388573162799103,0.0771291,0
607388573297016831,0.0802084,0
607388573565452287,0.0913393,0
607388573699670015,0.0817119,0
607388573833887743,0.0913933,0
607388573968105471,0.0825616,0
607388574102323199,0.0943263,0
607388574236540927,0.0864396,0
607388574370758655,0.099273,0
607388574639194111,0.090543,0
607388574773411839,0.0910166,0
607388574907629567,0.0905155,0
607388575041847295,0.104751,0
607388575176065023,0.0804172,0
607388575310282751,0.0942164,0
607388575444500479,0.0822865,0
607388575712935935,0.0876987,0
607388575847153663,0.0837448,0
607388575981371391,0.0886127,0
607388576115589119,0.0782795,0
607388576249806847,0.0814232,0
607388576384024575,0.0958657,0
607388576518242303,0.0778553,0
607388576786677759,0.0808201,0
607388576920895487,0.0691536,0
607388577055113215,0.0904566,0
607388577189330943,0.0821648,0
607388577323548671,0.0723738,0
607388577457766399,0.0745181,0
607388577591984127,0.083575,0
607388577860419583,0.105827,0
607388577994637311,0.0956504,0
607388578128855039,0.11553,0
607388578263072767,0.0967797,0
607388578397290495,0.112777,0
607388578531508223,0.0806631,0
607388578665725951,0.116363,0
607388580007903231,0.0737961,0
607388580142120959,0.0696018,0
607388580276338687,0.0777815,0
607388580410556415,0.0730776,0
607388580544774143,0.0702006,0
607388580678991871,0.0698404,0
607388580813209599,0.0759624,0
607388581081645055,0.0816141,0
607388581215862783,0.0904344,0
607388581350080511,0.0820151,0
607388581484298239,0.0806434,0
607388581618515967,0.0790392,0
607388581752733695,0.0851632,0
607388581886951423,0.0742043,0
607388582155386879,0.0748655,0
607388582289604607,0.0777921,0
607388582423822335,0.0825456,0
607388582558040063,0.0808032,0
607388582692257791,0.0755747,0
607388582826475519,0.0772267,0
607388582960693247,0.0859682,0
607388583229128703,0.0828149,0
607388583363346431,0.0823846,0
607388583497564159,0.0747061,0
607388583631781887,0.0746484,0
607388583765999615,0.0838208,0
607388583900217343,0.0652795,0
607388584034435071,0.0738254,0
607388584302870527,0.0937574,0
607388584437088255,0.0731958,0
607388584571305983,0.0888054,0
607388584705523711,0.0869049,0
607388584839741439,0.0742837,0
607388584973959167,0.0863303,0
607388585108176895,0.0876882,0
607388585376612351,0.0730986,0
607388585510830079,0.0757101,0
607388585645047807,0.0710735,0
607388585779265535,0.0854351,0
607388585913483263,0.0821952,0
607388586047700991,0.069477,0
607388586181918719,0.0796193,0
607388586450354175,0.108697,0
607388586584571903,0.0746795,0
607388586718789631,0.091908,0
607388586853007359,0.0768425,0
607388586987225087,0.0915503,0
607388587121442815,0.0968286,0
607388587255660543,0.0966309,0
607388588597837823,0.0877818,0
607388588732055551,0.0729694,0
607388588866273279,0.0951899,0
607388589000491007,0.0844703,0
607388589134708735,0.0927717,0
607388589268926463,0.0899383,0
607388589403144191,0.0824229,0
607388589671579647,0.0813452,0
607388589805797375,0.0756134,0
607388589940015103,0.0889431,0
607388590074232831,0.0740541,0
607388590208450559,0.0934918,0
607388590342668287,0.0917814,0
607388590476886015,0.0876992,0
607388590745321471,0.0987395,0
607388590879539199,0.105647,0
607388591013756927,0.106952,0
607388591147974655,0.0919219,0
607388591282192383,0.0914961,0
607388591416410111,0.0941459,0
607388591550627839,0.0992214,0
607388591819063295,0.0860497,0
607388591953281023,0.0830175,0
607388592087498751,0.0936103,0
607388592221716479,0.0819862,0
607388592355934207,0.0886767,0
607388592490151935,0.0908887,0
607388592624369663,0.0929487,0
607388592892805119,0.0891176,0
607388593027022847,0.101239,0
607388593161240575,0.0783717,0
607388593295458303,0.0764302,0
607388593429676031,0.103587,0
607388593563893759,0.102887,0
607388593698111487,0.103626,0
607388593966546943,0.102657,0
607388594100764671,0.0855977,0
607388594234982399,0.0957463,0
607388594369200127,0.0810264,0
607388594503417855,0.111995,0
607388594637635583,0.101587,0
607388594771853311,0.118479,0
607388595040288767,0.0815577,0
607388595174506495,0.0844524,0
607388595308724223,0.0818362,0
607388595442941951,0.0796903,0
607388595577159679,0.0735946,0
607388595711377407,0.0848322,0
607388595845595135,0.0761697,0
607388597187772415,0.103915,0
607388597321990143,0.0838223,0
607388597456207871,0.110087,0
607388597590425599,0.260755,0
607388597724643327,0.0960521,0
607388597858861055,0.102833,0
607388597993078783,0.0907822,0
607388598261514239,0.0731406,0
607388598395731967,0.0796719,0
607388598529949695,0.082116,0
607388598664167423,0.0775688,0
607388598798385151,0.0772596,0
607388598932602879,0.0759858,0
607388599066820607,0.0809923,0
607388599335256063,0.108063,0
607388599469473791,0.0875262,0
607388599603691519,0.101671,0
607388599737909247,0.137457,0
607388599872126975,0.109639,0
607388600006344703,0.0967995,0
607388600140562431,0.104106,0
607388600408997887,0.0736012,0
607388600543215615,0.0773056,0
607388600677433343,0.0723029,0
607388600811651071,0.0760876,0
607388600945868799,0.0789678,0
607388601080086527,0.0729799,0
607388601214304255,0.0885847,0
607388601482739711,0.103577,0
607388601616957439,0.0923155,0
607388601751175167,0.0972064,0
607388601885392895,0.100463,0
607388602019610623,0.0778997,0
607388602153828351,0.103175,0
607388602288046079,0.080941,0
607388602556481535,0.103573,0
607388602690699263,0.0913502,0
607388602824916991,0.101306,0
607388602959134719,0.0942578,0
607388603093352447,0.0902062,0
607388603227570175,0.106316,0
607388603361787903,0.0924657,0
607388603630223359,0.106876,0
607388603764441087,0.0914119,0
607388603898658815,0.0924624,0
607388604032876543,0.0973093,0
607388604167094271,0.0951248,0
607388604301311999,0.111277,0
607388604435529727,0.0882267,0
607388605777707007,0.0801339,0
607388605911924735,0.0606832,0
607388606046142463,0.0778052,0
607388606180360191,0.0819182,0
607388606314577919,0.0714305,0
607388606448795647,0.0515925,0
607388606583013375,0.080526,0
607388606851448831,0.0590234,0
607388606985666559,0.0664968,0
607388607119884287,0.0520982,0
607388607254102015,0.0688649,0
607388607388319743,0.0473347,0
607388607522537471,0.063663,0
607388607656755199,0.0478524,0
607388607925190655,0.0751707,0
607388608059408383,0.0815128,0
607388608193626111,0.0872231,0
607388608327843839,0.0723709,0
607388608462061567,0.082159,0
607388608596279295,0.0796819,0
607388608730497023,0.0742598,0
607388608998932479,0.081758,0
607388609133150207,0.0737356,0
607388609267367935,0.0851846,0
607388609401585663,0.0797509,0
607388609535803391,0.0604948,0
607388609670021119,0.0832365,0
607388609804238847,0.0769687,0
607388610072674303,0.0663589,0
607388610206892031,0.0629449,0
607388610341109759,0.0913121,0
607388610475327487,0.0712332,0
607388610609545215,0.0675962,0
607388610743762943,0.0645342,0
607388610877980671,0.0806511,0
607388611146416127,0.0493992,0
607388611280633855,0.0447183,0
607388611414851583,0.0525315,0
607388611549069311,0.041782,0
607388611683287039,0.0486645,0
607388611817504767,0.0411641,0
607388611951722495,0.0478144,0
607388612220157951,0.0715064,0
607388612354375679,0.0786863,0
607388612488593407,0.0680034,0
607388612622811135,0.0690312,0
607388612757028863,0.0700573,0
607388612891246591,0.0890751,0
607388613025464319,0.0713589,0
607388614367641599,0.0787574,0
607388614501859327,0.0873195,0
607388614636077055,0.0784038,0
607388614770294783,0.0811604,0
607388614904512511,0.0857363,0
607388615038730239,0.0812023,0
607388615172947967,0.0736753,0
607388615441383423,0.0954956,0
607388615575601151,0.101058,0
607388615709818879,0.0952071,0
607388615844036607,0.09904,0
607388615978254335,0.0957279,0
607388616112472063,0.0916942,0
607388616246689791,0.092286,0
607388616515125247,0.0678131,0
607388616649342975,0.069952,0
607388616783560703,0.0673878,0
607388616917778431,0.0727406,0
607388617051996159,0.0752943,0
607388617186213887,0.0801048,0
607388617320431615,0.071026,0
607388617588867071,0.103735,0
607388617723084799,0.0871864,0
607388617857302527,0.0758117,0
607388617991520255,0.0860556,0
607388618125737983,0.0925285,0
607388618259955711,0.0984072,0
607388618394173439,0.0855822,0
607388618662608895,0.0707858,0
607388618796826623,0.0711796,0
607388618931044351,0.0767037,0
607388619065262079,0.0765243,0
607388619199479807,0.069947,0
607388619333697535,0.0691837,0
607388619467915263,0.0679945,0
607388619736350719,0.0879593,0
607388619870568447,0.0931469,0
607388620004786175,0.0788811,0
607388620139003903,0.0900892,0
607388620273221631,0.0795861,0
607388620407439359,0.0836416,0
607388620541657087,0.0768803,0
607388620810092543,0.0668636,0
607388620944310271,0.0683489,0
607388621078527999,0.0618041,0
607388621212745727,0.0654877,0
607388621346963455,0.0611629,0
607388621481181183,0.0675695,0
607388621615398911,0.0629796,0
607388622957576191,0.104371,0
607388623091793919,0.111853,0
607388623226011647,0.111865,0
607388623360229375,0.114827,0
607388623494447103,0.112755,0
607388623628664831,0.107137,0
607388623762882559,0.112196,0
607388624031318015,0.114478,0
607388624165535743,0.104673,0
607388624299753471,0.128894,0
607388624433971199,0.11272,0
607388624568188927,0.0939079,0
607388624702406655,0.0832546,0
607388624836624383,0.109868,0
607388625105059839,0.11139,0
607388625239277567,0.110779,0
607388625373495295,0.0919099,0
607388625507713023,0.0948293,0
607388625641930751,0.109763,0
607388625776148479,0.111363,0
607388625910366207,0.106172,0
607388626178801663,0.120823,0
607388626313019391,0.120895,0
607388626447237119,0.115152,0
607388626581454847,0.11968,0
607388626715672575,0.131286,0
607388626849890303,0.116989,0
607388626984108031,0.118013,0
607388627252543487,0.111196,0
607388627386761215,0.112507,0
607388627520978943,0.116026,0
607388627655196671,0.120778,0
607388627789414399,0.0895401,0
607388627923632127,0.0923467,0
607388628057849855,0.104345,0
607388628326285311,0.091433,0
607388628460503039,0.0816704,0
607388628594720767,0.113525,0
607388628728938495,0.10004,0
607388628863156223,0.0720504,0
607388628997373951,0.0708098,0
607388629131591679,0.0866064,0
607388629400027135,0.11563,0
607388629534244863,0.120026,0
607388629668462591,0.103881,0
607388629802680319,0.118093,0
607388629936898047,0.112204,0
607388630071115775,0.120135,0
607388630205333503,0.107319,0
607388640137445375,0.0617924,0
607388640271663103,0.0592161,0
607388640405880831,0.0670051,0
607388640540098559,0.05584,0
607388640674316287,0.0659673,0
607388640808534015,0.0566133,0
607388640942751743,0.0599461,0
607388641211187199,0.0598519,0
607388641345404927,0.0612251,0
607388641479622655,0.0548094,0
607388641613840383,0.0587394,0
607388641748058111,0.0633075,0
607388641882275839,0.0642327,0
607388642016493567,0.0631566,0
607388642284929023,0.0591239,0
607388642419146751,0.068798,0
607388642553364479,0.0626363,0
607388642687582207,0.0600891,0
607388642821799935,0.0584929,0
607388642956017663,0.0696654,0
607388643090235391,0.0517137,0
607388643358670847,0.0529324,0
607388643492888575,0.0581465,0
607388643627106303,0.0545898,0
607388643761324031,0.0517276,0
607388643895541759,0.054168,0
607388644029759487,0.0568664,0
607388644163977215,0.0569707,0
607388644432412671,0.0857804,0
607388644566630399,0.0671793,0
607388644700848127,0.0854581,0
607388644835065855,0.0720411,0
607388644969283583,0.081552,0
607388645103501311,0.0846654,0
607388645237719039,0.0928446,0
607388645506154495,0.0682605,0
607388645640372223,0.0709874,0
607388645774589951,0.0585498,0
607388645908807679,0.0672056,0
607388646043025407,0.0626693,0
607388646177243135,0.0728037,0
607388646311460863,0.0641489,0
607388646579896319,0.0719875,0
607388646714114047,0.0672276,0
607388646848331775,0.0708087,0
607388646982549503,0.0523791,0
607388647116767231,0.0772576,0
607388647250984959,0.0796265,0
607388647385202687,0.0634475,0
607388648727379967,0.0728028,0
607388648861597695,0.07022,0
607388648995815423,0.0663274,0
607388649130033151,0.0751839,0
607388649264250879,0.083004,0
607388649398468607,0.0763652,0
607388649532686335,0.0725694,0
607388649801121791,0.077934,0
607388649935339519,0.0738274,0
607388650069557247,0.0842124,0
607388650203774975,0.0739843,0
607388650337992703,0.0832962,0
607388650472210431,0.0896183,0
607388650606428159,0.0724774,0
607388650874863615,0.0463171,0
607388651009081343,0.0599332,0
607388651143299071,0.0578323,0
607388651277516799,0.0514048,0
607388651411734527,0.0560481,0
607388651545952255,0.0670636,0
607388651680169983,0.0473431,0
607388651948605439,0.077298,0
607388652082823167,0.078277,0
607388652217040895,0.0808792,0
607388652351258623,0.0671566,0
607388652485476351,0.0689914,0
607388652619694079,0.0795999,0
607388652753911807,0.0733074,0
607388653022347263,0.0801125,0
607388653156564991,0.0826263,0
607388653290782719,0.075446,0
607388653425000447,0.0681068,0
607388653559218175,0.0781775,0
607388653693435903,0.0815525,0
607388653827653631,0.0718081,0
607388654096089087,0.0897734,0
607388654230306815,0.0862314,0
607388654364524543,0.0801022,0
607388654498742271,0.0808712,0
607388654632959999,0.0974705,0
607388654767177727,0.0974275,0
607388654901395455,0.0891556,0
607388655169830911,0.0617945,0
607388655304048639,0.0636791,0
607388655438266367,0.0516527,0
607388655572484095,0.0539481,0
607388655706701823,0.066895,0
607388655840919551,0.0729421,0
607388655975137279,0.0588528,0
607388657317314559,0.0723947,0
607388657451532287,0.0589409,0
607388657585750015,0.0726894,0
607388657719967743,0.0537225,0
607388657854185471,0.0790701,0
607388657988403199,0.0805755,0
607388658122620927,0.0655342,0
607388658391056383,0.0603402,0
607388658525274111,0.0431672,0
607388658659491839,0.0524144,0
607388658793709567,0.0451969,0
607388658927927295,0.060911,0
607388659062145023,0.0504866,0
607388659196362751,0.0672116,0
607388659464798207,0.0590802,0
607388659599015935,0.0536614,0
607388659733233663,0.0508413,0
607388659867451391,0.0553403,0
607388660001669119,0.0549978,0
607388660135886847,0.0626116,0
607388660270104575,0.0606139,0
607388660538540031,0.0530279,0
607388660672757759,0.0520418,0
607388660806975487,0.0526179,0
607388660941193215,0.0404755,0
607388661075410943,0.0452193,0
607388661209628671,0.0436858,0
607388661343846399,0.0650139,0
607388661612281855,0.0933508,0
607388661746499583,0.0803461,0
607388661880717311,0.0626499,0
607388662014935039,0.0755247,0
607388662149152767,0.0879461,0
607388662283370495,0.0826449,0
607388662417588223,0.0731502,0
607388662686023679,0.0851325,0
607388662820241407,0.0660533,0
607388662954459135,0.091495,0
607388663088676863,0.0713317,0
607388663222894591,0.0741468,0
607388663357112319,0.0644784,0
607388663491330047,0.0862031,0
607388663759765503,0.051585,0
607388663893983231,0.0529582,0
607388664028200959,0.0593187,0
607388664162418687,0.0528917,0
607388664296636415,0.064149,0
607388664430854143,0.0655794,0
607388664565071871,0.0530856,0
607388665907249151,0.0557206,0
607388666041466879,0.0629729,0
607388666175684607,0.0429043,0
607388666309902335,0.0460722,0
607388666444120063,0.0528319,0
607388666578337791,0.0606886,0
607388666712555519,0.0524367,0
607388666980990975,0.0540645,0
607388667115208703,0.0566614,0
607388667249426431,0.0575642,0
607388667383644159,0.0598837,0
607388667517861887,0.0594583,0
607388667652079615,0.0509511,0
607388667786297343,0.0558475,0
607388668054732799,0.0529414,0
607388668188950527,0.0451424,0
607388668323168255,0.0323833,0
607388668457385983,0.0361478,0
607388668591603711,0.0494238,0
607388668725821439,0.0494381,0
607388668860039167,0.0443314,0
607388669128474623,0.0457854,0
607388669262692351,0.0476872,0
607388669396910079,0.0439867,0
607388669531127807,0.0450506,0
607388669665345535,0.0488188,0
607388669799563263,0.0593332,0
607388669933780991,0.0447498,0
607388670202216447,0.0460842,0
607388670336434175,0.048259,0
607388670470651903,0.0457394,0
607388670604869631,0.0483424,0
607388670739087359,0.0529601,0
607388670873305087,0.0512811,0
607388671007522815,0.0519665,0
607388671275958271,0.0546589,0
607388671410175999,0.04991,0
607388671544393727,0.058357,0
607388671678611455,0.0520773,0
607388671812829183,0.0506652,0
607388671947046911,0.0545819,0
607388672081264639,0.060287,0
607388672349700095,0.0495936,0
607388672483917823,0.0523668,0
607388672618135551,0.0486111,0
607388672752353279,0.0452257,0
607388672886571007,0.0406943,0
607388673020788735,0.051153,0
607388673155006463,0.0441334,0
607388674497183743,0.0924122,0
607388674631401471,0.0940624,0
607388674765619199,0.0913709,0
607388674899836927,0.0809148,0
607388675034054655,0.092408,0
607388675168272383,0.104154,0
607388675302490111,0.0979864,0
607388675570925567,0.102521,0
607388675705143295,0.0997179,0
607388675839361023,0.0860453,0
607388675973578751,0.0939885,0
607388676107796479,0.102732,0
607388676242014207,0.117318,0
607388676376231935,0.0992173,0
607388676644667391,0.0928624,0
607388676778885119,0.0747353,0
607388676913102847,0.087476,0
607388677047320575,0.088114,0
607388677181538303,0.0910823,0
607388677315756031,0.0808881,0
607388677449973759,0.0893058,0
607388677718409215,0.0764464,0
607388677852626943,0.0761944,0
607388677986844671,0.0781132,0
607388678121062399,0.0732304,0
607388678255280127,0.088278,0
607388678389497855,0.086622,0
607388678523715583,0.0752749,0
607388678792151039,0.105577,0
607388678926368767,0.1158,0
607388679060586495,0.0989904,0
607388679194804223,0.108196,0
607388679329021951,0.106045,0
607388679463239679,0.120044,0
607388679597457407,0.121276,0
607388679865892863,0.0921699,0
607388680000110591,0.108506,0
607388680134328319,0.0933842,0
607388680268546047,0.0917464,0
607388680402763775,0.100228,0
607388680536981503,0.107282,0
607388680671199231,0.115045,0
607388680939634687,0.0902633,0
607388681073852415,0.0984364,0
607388681208070143,0.0961252,0
607388681342287871,0.0954754,0
607388681476505599,0.0889884,0
607388681610723327,0.109345,0
607388681744941055,0.0988147,0
607388683087118335,0.0987903,0
607388683221336063,0.103782,0
607388683355553791,0.0938837,0
607388683489771519,0.0915432,0
607388683623989247,0.10106,0
607388683758206975,0.0952571,0
607388683892424703,0.0923125,0
607388684160860159,0.100176,0
607388684295077887,0.10072,0
607388684429295615,0.109805,0
607388684563513343,0.110185,0
607388684697731071,0.0954716,0
607388684831948799,0.114416,0
607388684966166527,0.0959166,0
607388685234601983,0.0806432,0
607388685368819711,0.0921103,0
607388685503037439,0.0653906,0
607388685637255167,0.0718988,0
607388685771472895,0.0783055,0
607388685905690623,0.0893465,0
607388686039908351,0.0655195,0
607388686308343807,0.0980024,0
607388686442561535,0.0898312,0
607388686576779263,0.0850853,0
607388686710996991,0.0945902,0
607388686845214719,0.0966074,0
607388686979432447,0.0941562,0
607388687113650175,0.0960417,0
607388687382085631,0.0863029,0
607388687516303359,0.101051,0
607388687650521087,0.0872956,0
607388687784738815,0.0889028,0
607388687918956543,0.103384,0
607388688053174271,0.0987121,0
607388688187391999,0.106018,0
607388688455827455,0.105861,0
607388688590045183,0.0873246,0
607388688724262911,0.0966205,0
607388688858480639,0.104261,0
607388688992698367,0.1084,0
607388689126916095,0.113698,0
607388689261133823,0.105455,0
607388689529569279,0.0773936,0
607388689663787007,0.0785597,0
607388689798004735,0.0709401,0
607388689932222463,0.0768341,0
607388690066440191,0.080965,0
607388690200657919,0.0793823,0
607388690334875647,0.0816243,0
607388691677052927,0.0815542,0
607388691811270655,0.0823902,0
607388691945488383,0.0794413,0
607388692079706111,0.0850445,0
607388692213923839,0.0876995,0
607388692348141567,0.0885882,0
607388692482359295,0.0862151,0
607388692750794751,0.0830414,0
607388692885012479,0.095475,0
607388693019230207,0.0803683,0
607388693153447935,0.0818455,0
607388693287665663,0.0803352,0
607388693421883391,0.101758,0
607388693556101119,0.082826,0
607388693824536575,0.0856774,0
607388693958754303,0.083854,0
607388694092972031,0.085294,0
607388694227189759,0.0743376,0
607388694361407487,0.0799131,0
607388694495625215,0.0781769,0
607388694629842943,0.0887243,0
607388694898278399,0.0735906,0
607388695032496127,0.0704043,0
607388695166713855,0.0892792,0
607388695300931583,0.0855753,0
607388695435149311,0.0753148,0
607388695569367039,0.07886,0
607388695703584767,0.0775797,0
607388695972020223,0.102643,0
607388696106237951,0.0935443,0
607388696240455679,0.0912002,0
607388696374673407,0.0890227,0
607388696508891135,0.095612,0
607388696643108863,0.0952834,0
607388696777326591,0.0961982,0
607388697045762047,0.0931765,0
607388697179979775,0.0880975,0
607388697314197503,0.087124,0
607388697448415231,0.0833498,0
607388697582632959,0.0994586,0
607388697716850687,0.103742,0
607388697851068415,0.1012,0
607388698119503871,0.0931301,0
607388698253721599,0.0931931,0
607388698387939327,0.097312,0
607388698522157055,0.0908075,0
607388698656374783,0.0911745,0
607388698790592511,0.0928016,0
607388698924810239,0.0900527,0
607388708856922111,0.126534,0
607388708991139839,0.128849,0
607388709125357567,0.119766,0
607388709259575295,0.120824,0
607388709393793023,0.121838,0
607388709528010751,0.133257,0
607388709662228479,0.126302,0
607388709930663935,0.128614,0
607388710064881663,0.149692,0
607388710199099391,0.130257,0
607388710333317119,0.139427,0
607388710467534847,0.144339,0
607388710601752575,0.148215,0
607388710735970303,0.122008,0
607388711004405759,0.120187,0
607388711138623487,0.123192,0
607388711272841215,0.102586,0
607388711407058943,0.111523,0
607388711541276671,0.131667,0
607388711675494399,0.128701,0
607388711809712127,0.115037,0
607388712078147583,0.123282,0
607388712212365311,0.145528,0
607388712346583039,0.112608,0
607388712480800767,0.12886,0
607388712615018495,0.135513,0
607388712749236223,0.142677,0
607388712883453951,0.121375,0
607388713151889407,0.13086,0
607388713286107135,0.126928,0
607388713420324863,0.135037,0
607388713554542591,0.130403,0
607388713688760319,0.125154,0
607388713822978047,0.136213,0
607388713957195775,0.129406,0
607388714225631231,0.139312,0
607388714359848959,0.138975,0
607388714494066687,0.124345,0
607388714628284415,0.141829,0
607388714762502143,0.139377,0
607388714896719871,0.137258,0
607388715030937599,0.128162,0
607388715299373055,0.11457,0
607388715433590783,0.129936,0
607388715567808511,0.108086,0
607388715702026239,0.110565,0
607388715836243967,0.126449,0
607388715970461695,0.13273,0
607388716104679423,0.136994,0
607388717446856703,0.167961,0
607388717581074431,0.151285,0
607388717715292159,0.162565,0
607388717849509887,0.150832,0
607388717983727615,0.160363,0
607388718117945343,0.174206,0
607388718252163071,0.157117,0
607388718520598527,0.160314,0
607388718654816255,0.161947,0
607388718789033983,0.158925,0
607388718923251711,0.164148,0
607388719057469439,0.190397,0
607388719191687167,0.173406,0
607388719325904895,0.179233,0
607388719594340351,0.145668,0
607388719728558079,0.134107,0
607388719862775807,0.137511,0
607388719996993535,0.111635,0
607388720131211263,0.157537,0
607388720265428991,0.160065,0
607388720399646719,0.1278,0
607388720668082175,0.14554,0
607388720802299903,0.156268,0
607388720936517631,0.136625,0
607388721070735359,0.147972,0
607388721204953087,0.149561,0
607388721339170815,0.144208,0
607388721473388543,0.146888,0
607388721741823999,0.171452,0
607388721876041727,0.16051,0
607388722010259455,0.16763,0
607388722144477183,0.15822,0
607388722278694911,0.153951,0
607388722412912639,0.170735,0
607388722547130367,0.1728,0
607388722815565823,0.187316,0
607388722949783551,0.200805,0
607388723084001279,0.180192,0
607388723218219007,0.176181,0
607388723352436735,0.174578,0
607388723486654463,0.196308,0
607388723620872191,0.174875,0
607388723889307647,0.139819,0
607388724023525375,0.14722,0
607388724157743103,0.129159,0
607388724291960831,0.135098,0
607388724426178559,0.146462,0
607388724560396287,0.158345,0
607388724694614015,0.127949,0
607388726036791295,0.0852311,0
607388726171009023,0.0889383,0
607388726305226751,0.0695497,0
607388726439444479,0.082396,0
607388726573662207,0.0846703,0
607388726707879935,0.0917809,0
607388726842097663,0.0823474,0
607388727110533119,0.0888359,0
607388727244750847,0.106082,0
607388727378968575,0.0881861,0
607388727513186303,0.090838,0
607388727647404031,0.0938864,0
607388727781621759,0.108101,0
607388727915839487,0.0895294,0
607388728184274943,0.0769702,0
607388728318492671,0.0793175,0
607388728452710399,0.0822686,0
607388728586928127,0.0761635,0
607388728721145855,0.0757838,0
607388728855363583,0.0752175,0
607388728989581311,0.076045,0
607388729258016767,0.0811116,0
607388729392234495,0.0845315,0
607388729526452223,0.0717935,0
607388729660669951,0.0751332,0
607388729794887679,0.0781643,0
607388729929105407,0.0935589,0
607388730063323135,0.0797598,0
607388730331758591,0.0854227,0
607388730465976319,0.0876546,0
607388730600194047,0.0707211,0
607388730734411775,0.0840193,0
607388730868629503,0.088362,0
607388731002847231,0.0939554,0
607388731137064959,0.0747556,0
607388731405500415,0.0947245,0
607388731539718143,0.102333,0
607388731673935871,0.090659,0
607388731808153599,0.0957704,0
607388731942371327,0.104001,0
607388732076589055,0.101951,0
607388732210806783,0.0959607,0
607388732479242239,0.0692435,0
607388732613459967,0.0727799,0
607388732747677695,0.0590449,0
607388732881895423,0.0708682,0
607388733016113151,0.0699418,0
607388733150330879,0.0808169,0
607388733284548607,0.0750058,0
607388734626725887,0.126968,0
607388734760943615,0.129827,0
607388734895161343,0.131329,0
607388735029379071,0.127629,0
607388735163596799,0.129378,0
607388735297814527,0.129143,0
607388735432032255,0.132606,0
607388735700467711,0.114176,0
607388735834685439,0.115267,0
607388735968903167,0.13197,0
607388736103120895,0.113756,0
607388736237338623,0.109565,0
607388736371556351,0.11842,0
607388736505774079,0.119707,0
607388736774209535,0.110247,0
607388736908427263,0.115863,0
607388737042644991,0.0934389,0
607388737176862719,0.111747,0
607388737311080447,0.115893,0
607388737445298175,0.117258,0
607388737579515903,0.10886,0
607388737847951359,0.125684,0
607388737982169087,0.116333,0
607388738116386815,0.122169,0
607388738250604543,0.104568,0
607388738384822271,0.127682,0
607388738519039999,0.132442,0
607388738653257727,0.127555,0
607388738921693183,0.109086,0
607388739055910911,0.1352,0
607388739190128639,0.117678,0
607388739324346367,0.112928,0
607388739458564095,0.108114,0
607388739592781823,0.126923,0
607388739726999551,0.109322,0
607388739995435007,0.124508,0
607388740129652735,0.126229,0
607388740263870463,0.129969,0
607388740398088191,0.11911,0
607388740532305919,0.13919,0
607388740666523647,0.124258,0
607388740800741375,0.137508,0
607388741069176831,0.107417,0
607388741203394559,0.119731,0
607388741337612287,0.0987852,0
607388741471830015,0.104877,0
607388741606047743,0.110327,0
607388741740265471,0.114019,0
607388741874483199,0.115228,0
607388743216660479,0.137904,0
607388743350878207,0.140529,0
607388743485095935,0.137348,0
607388743619313663,0.133876,0
607388743753531391,0.148419,0
607388743887749119,0.14439,0
607388744021966847,0.149995,0
607388744290402303,0.140112,0
607388744424620031,0.158178,0
607388744558837759,0.146377,0
607388744693055487,0.142224,0
607388744827273215,0.15104,0
607388744961490943,0.148317,0
607388745095708671,0.152673,0
607388745364144127,0.155904,0
607388745498361855,0.136055,0
607388745632579583,0.135702,0
607388745766797311,0.123525,0
607388745901015039,0.148972,0
607388746035232767,0.142045,0
607388746169450495,0.150744,0
607388746437885951,0.134411,0
607388746572103679,0.132721,0
607388746706321407,0.126991,0
607388746840539135,0.122865,0
607388746974756863,0.135457,0
607388747108974591,0.147082,0
607388747243192319,0.130409,0
607388747511627775,0.196391,0
607388747645845503,0.166981,0
607388747780063231,0.155856,0
607388747914280959,0.15986,0
607388748048498687,0.193213,0
607388748182716415,0.173576,0
607388748316934143,0.166097,0
607388748585369599,0.151775,0
607388748719587327,0.158294,0
607388748853805055,0.14152,0
607388748988022783,0.147843,0
607388749122240511,0.159104,0
607388749256458239,0.154843,0
607388749390675967,0.154759,0
607388749659111423,0.158368,0
607388749793329151,0.157258,0
607388749927546879,0.14052,0
607388750061764607,0.158656,0
607388750195982335,0.165638,0
607388750330200063,0.156221,0
607388750464417791,0.15195,0
607388751806595071,0.163811,0
607388751940812799,0.172855,0
607388752075030527,0.159143,0
607388752209248255,0.173291,0
607388752343465983,0.149938,0
607388752477683711,0.163637,0
607388752611901439,0.147511,0
607388752880336895,0.227506,0
607388753014554623,0.269866,0
607388753148772351,0.204965,0
607388753282990079,0.223304,0
607388753417207807,0.24218,0
607388753551425535,0.270079,0
607388753685643263,0.187398,0
607388753954078719,0.144049,0
607388754088296447,0.168195,0
607388754222514175,0.163625,0
607388754356731903,0.163259,0
607388754490949631,0.144406,0
607388754625167359,0.158958,0
607388754759385087,0.134354,0
607388755027820543,0.196935,0
607388755162038271,0.215135,0
607388755296255999,0.170284,0
607388755430473727,0.182715,0
607388755564691455,0.176151,0
607388755698909183,0.19076,0
607388755833126911,0.168024,0
607388756101562367,0.158726,0
607388756235780095,0.160116,0
607388756369997823,0.164845,0
607388756504215551,0.156834,0
607388756638433279,0.16152,0
607388756772651007,0.161226,0
607388756906868735,0.148521,0
607388757175304191,0.219357,0
607388757309521919,0.253689,0
607388757443739647,0.160306,0
607388757577957375,0.198705,0
607388757712175103,0.237907,0
607388757846392831,0.259684,0
607388757980610559,0.155915,0
607388758249046015,0.151278,0
607388758383263743,0.142761,0
607388758517481471,0.135019,0
607388758651699199,0.137782,0
607388758785916927,0.158798,0
607388758920134655,0.153859,0
607388759054352383,0.137735,0
607388760396529663,0.123048,0
607388760530747391,0.127747,0
607388760664965119,0.111337,0
607388760799182847,0.11308,0
607388760933400575,0.125179,0
607388761067618303,0.143419,0
607388761201836031,0.111892,0
607388761470271487,0.128472,0
607388761604489215,0.124395,0
607388761738706943,0.123128,0
607388761872924671,0.122002,0
607388762007142399,0.129995,0
607388762141360127,0.131128,0
607388762275577855,0.133098,0
607388762544013311,0.100284,0
607388762678231039,0.100926,0
607388762812448767,0.102312,0
607388762946666495,0.0890209,0
607388763080884223,0.100072,0
607388763215101951,0.10614,0
607388763349319679,0.0882198,0
607388763617755135,0.100157,0
607388763751972863,0.112575,0
607388763886190591,0.0976745,0
607388764020408319,0.0965677,0
607388764154626047,0.111983,0
607388764288843775,0.118653,0
607388764423061503,0.105159,0
607388764691496959,0.112292,0
607388764825714687,0.127059,0
607388764959932415,0.108169,0
607388765094150143,0.133989,0
607388765228367871,0.120007,0
607388765362585599,0.147589,0
607388765496803327,0.109365,0
607388765765238783,0.139499,0
607388765899456511,0.138876,0
607388766033674239,0.136416,0
607388766167891967,0.158932,0
607388766302109695,0.139992,0
607388766436327423,0.139662,0
607388766570545151,0.140192,0
607388766838980607,0.0853516,0
607388766973198335,0.100639,0
607388767107416063,0.0891847,0
607388767241633791,0.0841688,0
607388767375851519,0.096904,0
607388767510069247,0.103306,0
607388767644286975,0.091786,0
607388777576398847,0.0316372,0
607388777710616575,0.0440915,0
607388777844834303,0.0365291,0
607388777979052031,0.0336103,0
607388778113269759,0.0361047,0
607388778247487487,0.0591837,0
607388778381705215,0.0305454,0
607388778650140671,0.0401129,0
607388778784358399,0.0380976,0
607388778918576127,0.0416259,0
607388779052793855,0.0324568,0
607388779187011583,0.0531453,0
607388779321229311,0.0376982,0
607388779455447039,0.0620636,0
607388779723882495,0.0344449,0
607388779858100223,0.0360752,0
607388779992317951,0.040198,0
607388780126535679,0.0357527,0
607388780260753407,0.0362387,0
607388780394971135,0.0282523,0
607388780529188863,0.0372119,0
607388780797624319,0.0285896,0
607388780931842047,0.0278272,0
607388781066059775,0.0230181,0
607388781200277503,0.0252177,0
607388781334495231,0.0302755,0
607388781468712959,0.0302763,0
607388781602930687,0.0337155,0
607388781871366143,0.0387876,0
607388782005583871,0.0344413,0
607388782139801599,0.0387195,0
607388782274019327,0.0315096,0
607388782408237055,0.0491248,0
607388782542454783,0.051473,0
607388782676672511,0.0470315,0
607388782945107967,0.0456736,0
607388783079325695,0.0420198,0
607388783213543423,0.0478556,0
607388783347761151,0.0466877,0
607388783481978879,0.0476662,0
607388783616196607,0.050163,0
607388783750414335,0.0470898,0
607388784018849791,0.0398991,0
607388784153067519,0.0292544,0
607388784287285247,0.0418798,0
607388784421502975,0.0232402,0
607388784555720703,0.0378524,0
607388784689938431,0.0367162,0
607388784824156159,0.039657,0
607388786166333439,0.0470727,0
607388786300551167,0.0338124,0
607388786434768895,0.0502289,0
607388786568986623,0.0452748,0
607388786703204351,0.0411139,0
607388786837422079,0.039086,0
607388786971639807,0.0461467,0
607388787240075263,0.0388495,0
607388787374292991,0.0352004,0
607388787508510719,0.0340123,0
607388787642728447,0.0299306,0
607388787776946175,0.0323577,0
607388787911163903,0.0403795,0
607388788045381631,0.0345162,0
607388788313817087,0.0505499,0
607388788448034815,0.041546,0
607388788582252543,0.0513607,0
607388788716470271,0.0469281,0
607388788850687999,0.0458417,0
607388788984905727,0.0495991,0
607388789119123455,0.0437358,0
607388789387558911,0.0365616,0
607388789521776639,0.0448485,0
607388789655994367,0.0368176,0
607388789790212095,0.0354975,0
607388789924429823,0.0384758,0
607388790058647551,0.0339777,0
607388790192865279,0.0370707,0
607388790461300735,0.0373263,0
607388790595518463,0.0467299,0
607388790729736191,0.0387194,0
607388790863953919,0.0389955,0
607388790998171647,0.0319594,0
607388791132389375,0.0446896,0
607388791266607103,0.0350139,0
607388791535042559,0.0333288,0
607388791669260287,0.0326559,0
607388791803478015,0.0417994,0
607388791937695743,0.0327193,0
607388792071913471,0.0331884,0
607388792206131199,0.033436,0
607388792340348927,0.0367479,0
607388792608784383,0.039094,0
607388792743002111,0.0406523,0
607388792877219839,0.0338059,0
607388793011437567,0.03656,0
607388793145655295,0.0358403,0
607388793279873023,0.0468423,0
607388793414090751,0.0274113,0
607388794756268031,0.0193572,0
607388794890485759,0.0240249,0
607388795024703487,0.0442914,0
607388795158921215,0.0146858,0
607388795293138943,0.0265311,0
607388795427356671,0.0221063,0
607388795561574399,0.0506864,0
607388795830009855,0.0276417,0
607388795964227583,0.0407211,0
607388796098445311,0.0217887,0
607388796232663039,0.0341109,0
607388796366880767,0.0336419,0
607388796501098495,0.0361747,0
607388796635316223,0.0236822,0
607388796903751679,0.0445278,0
607388797037969407,0.0170475,0
607388797172187135,0.0432252,0
607388797306404863,0.0428408,0
607388797440622591,0.0423027,0
607388797574840319,0.0189366,0
607388797709058047,0.047289,0
607388797977493503,0.0158685,0
607388798111711231,0.0402612,0
607388798245928959,0.0182285,0
607388798380146687,0.0309059,0
607388798514364415,0.0243058,0
607388798648582143,0.0138308,0
607388798782799871,0.015596,0
607388799051235327,0.162184,0
607388799185453055,0.0168871,0
607388799319670783,0.0988551,0
607388799453888511,0.0689236,0
607388799588106239,0.148631,0
607388799722323967,0.0394899,0
607388799856541695,0.104104,0
607388800124977151,0.0402195,0
607388800259194879,0.0246843,0
607388800393412607,0.0232971,0
607388800527630335,0.0155648,0
607388800661848063,0.0382463,0
607388800796065791,0.0258765,0
607388800930283519,0.0297849,0
607388801198718975,0.052048,0
607388801332936703,0.044022,0
607388801467154431,0.0485499,0
607388801601372159,0.0507392,0
607388801735589887,0.0528142,0
607388801869807615,0.033266,0
607388802004025343,0.0470889,0
607388803346202623,0.0301949,0
607388803480420351,0.0326783,0
607388803614638079,0.0251343,0
607388803748855807,0.027842,0
607388803883073535,0.0299718,0
607388804017291263,0.0305279,0
607388804151508991,0.0234791,0
607388804419944447,0.0338901,0
607388804554162175,0.0380526,0
607388804688379903,0.0424489,0
607388804822597631,0.0334953,0
607388804956815359,0.0391638,0
607388805091033087,0.040999,0
607388805225250815,0.0353296,0
607388805493686271,0.022266,0
607388805627903999,0.0267203,0
607388805762121727,0.0211709,0
607388805896339455,0.0243822,0
607388806030557183,0.0188025,0
607388806164774911,0.0282927,0
607388806298992639,0.0194553,0
607388806567428095,0.0330319,0
607388806701645823,0.0307874,0
607388806835863551,0.033429,0
607388806970081279,0.0250593,0
607388807104299007,0.0377595,0
607388807238516735,0.0303079,0
607388807372734463,0.0318162,0
607388807641169919,0.0261714,0
607388807775387647,0.0216666,0
607388807909605375,0.0284561,0
607388808043823103,0.0250028,0
607388808178040831,0.0321146,0
607388808312258559,0.0236659,0
607388808446476287,0.0324513,0
607388808714911743,0.032319,0
607388808849129471,0.0373154,0
607388808983347199,0.0306214,0
607388809117564927,0.0328238,0
607388809251782655,0.0310622,0
607388809386000383,0.0334738,0
607388809520218111,0.022032,0
607388809788653567,0.0200398,0
607388809922871295,0.0242644,0
607388810057089023,0.0246017,0
607388810191306751,0.0231857,0
607388810325524479,0.0340185,0
607388810459742207,0.0257913,0
607388810593959935,0.0337381,0
607388811936137215,0.0480948,0
607388812070354943,0.041494,0
607388812204572671,0.0470543,0
607388812338790399,0.0510343,0
607388812473008127,0.0466509,0
607388812607225855,0.0389185,0
607388812741443583,0.0391635,0
607388813009879039,0.0497152,0
607388813144096767,0.042803,0
607388813278314495,0.042969,0
607388813412532223,0.0419003,0
607388813546749951,0.0615588,0
607388813680967679,0.0516018,0
607388813815185407,0.0398495,0
607388814083620863,0.0450219,0
607388814217838591,0.0418214,0
607388814352056319,0.052382,0
607388814486274047,0.043377,0
607388814620491775,0.0458714,0
607388814754709503,0.0478263,0
607388814888927231,0.0454768,0
607388815157362687,0.0502801,0
607388815291580415,0.0542253,0
607388815425798143,0.048127,0
607388815560015871,0.0524958,0
607388815694233599,0.0448404,0
607388815828451327,0.04403,0
607388815962669055,0.0436036,0
607388816231104511,0.0529607,0
607388816365322239,0.0484172,0
607388816499539967,0.0439927,0
607388816633757695,0.0437909,0
607388816767975423,0.0484491,0
607388816902193151,0.0576384,0
607388817036410879,0.0385578,0
607388817304846335,0.0475636,0
607388817439064063,0.0591233,0
607388817573281791,0.045966,0
607388817707499519,0.0623237,0
607388817841717247,0.0581846,0
607388817975934975,0.0615916,0
607388818110152703,0.0466102,0
607388818378588159,0.0448661,0
607388818512805887,0.044914,0
607388818647023615,0.0433379,0
607388818781241343,0.0463094,0
607388818915459071,0.0391339,0
607388819049676799,0.0472299,0
607388819183894527,0.0398379,0
607388820526071807,0.0291182,0
607388820660289535,0.0292198,0
607388820794507263,0.0315167,0
607388820928724991,0.0280146,0
607388821062942719,0.0463655,0
607388821197160447,0.0301854,0
607388821331378175,0.0298133,0
607388821599813631,0.0227286,0
607388821734031359,0.0295607,0
607388821868249087,0.0252759,0
607388822002466815,0.0235602,0
607388822136684543,0.0314818,0
607388822270902271,0.031351,0
607388822405119999,0.0267936,0
607388822673555455,0.0358387,0
607388822807773183,0.0318554,0
607388822941990911,0.0397019,0
607388823076208639,0.0391429,0
607388823210426367,0.0366502,0
607388823344644095,0.030019,0
607388823478861823,0.0375389,0
607388823747297279,0.0318029,0
607388823881515007,0.0328634,0
607388824015732735,0.0288514,0
607388824149950463,0.0462392,0
607388824284168191,0.0229919,0
607388824418385919,0.0329311,0
607388824552603647,0.0338882,0
607388824821039103,0.0552911,0
607388824955256831,0.0532232,0
607388825089474559,0.0435787,0
607388825223692287,0.0493004,0
607388825357910015,0.0516323,0
607388825492127743,0.0485939,0
607388825626345471,0.0456763,0
607388825894780927,0.0300738,0
607388826028998655,0.0334432,0
607388826163216383,0.0344123,0
607388826297434111,0.0332917,0
607388826431651839,0.0312943,0
607388826565869567,0.0359593,0
607388826700087295,0.0371049,0
607388826968522751,0.0386956,0
607388827102740479,0.0358627,0
607388827236958207,0.0532907,0
607388827371175935,0.0503894,0
607388827505393663,0.039805,0
607388827639611391,0.0406282,0
607388827773829119,0.0464276,0
607388829116006399,0.060348,0
607388829250224127,0.042357,0
607388829384441855,0.070291,0
607388829518659583,0.134342,0
607388829652877311,0.072389,0
607388829787095039,0.0559964,0
607388829921312767,0.0729035,0
607388830189748223,0.0340222,0
607388830323965951,0.0287552,0
607388830458183679,0.0291911,0
607388830592401407,0.0305082,0
607388830726619135,0.0416652,0
607388830860836863,0.0411784,0
607388830995054591,0.034942,0
607388831263490047,0.0853057,0
607388831397707775,0.0875327,0
607388831531925503,0.0725897,0
607388831666143231,0.108332,0
607388831800360959,0.0763969,0
607388831934578687,0.0741899,0
607388832068796415,0.0885976,0
607388832337231871,0.0213313,0
607388832471449599,0.0379343,0
607388832605667327,0.0413232,0
607388832739885055,0.019267,0
607388832874102783,0.0231693,0
607388833008320511,0.0287882,0
607388833142538239,0.0525077,0
607388833410973695,0.0419885,0
607388833545191423,0.0684501,0
607388833679409151,0.0260934,0
607388833813626879,0.0748644,0
607388833947844607,0.0365717,0
607388834082062335,0.0507979,0
607388834216280063,0.0301987,0
607388834484715519,0.0500328,0
607388834618933247,0.0364249,0
607388834753150975,0.0960253,0
607388834887368703,0.037098,0
607388835021586431,0.0601518,0
607388835155804159,0.0415662,0
607388835290021887,0.0577726,0
607388835558457343,0.0240142,0
607388835692675071,0.134549,0
607388835826892799,0.0249043,0
607388835961110527,0.0470069,0
607388836095328255,0.0243085,0
607388836229545983,0.0480587,0
607388836363763711,0.0241676,0
607389513626419199,0.027151,0
607389513760636927,0.0545979,0
607389533490642943,0.105987,0
607389533624860671,0.108267,0
607389534027513855,0.098763,0
607389534161731583,0.115345,0
607389534295949311,0.0933497,0
607389534564384767,0.103063,0
607389534698602495,0.108667,0
607389534832820223,0.108832,0
607389534967037951,0.109314,0
607389535101255679,0.102132,0
607389535235473407,0.101866,0
607389535369691135,0.105917,0
607389537248739327,0.104805,0
607389537382957055,0.107524,0
607389537785610239,0.064886,0
607389537919827967,0.0821642,0
607389538054045695,0.0727713,0
607389538188263423,0.0810306,0
607389538322481151,0.0607985,0
607389538456698879,0.0659338,0
607389538590916607,0.0618031,0
607389538859352063,0.104271,0
607389538993569791,0.113737,0
607389539127787519,0.103181,0
607389539262005247,0.113884,0
607389539396222975,0.0923218,0
607389539530440703,0.114537,0
607389539664658431,0.0861182,0
607389542080577535,0.098621,0
607389542214795263,0.0943155,0
607389542349012991,0.0944704,0
607389542483230719,0.0984157,0
607389542617448447,0.0880772,0
607389542751666175,0.096349,0
607389542885883903,0.0913271,0
607389543154319359,0.0930317,0
607389543288537087,0.104063,0
607389543422754815,0.0998825,0
607389543556972543,0.0961639,0
607389543691190271,0.103482,0
607389543825407999,0.102178,0
607389543959625727,0.093031,0
607389544764932095,0.0922267,0
607389544899149823,0.0981135,0
607389545301803007,0.105893,0
607389545436020735,0.105387,0
607389545570238463,0.107371,0
607389545704456191,0.104858,0
607389545838673919,0.0999771,0
607389545972891647,0.105782,0
607389546107109375,0.0989425,0
607389546375544831,0.0978707,0
607389546509762559,0.0936487,0
607389546643980287,0.102376,0
607389546778198015,0.0950483,0
607389546912415743,0.0987172,0
607389547046633471,0.0972175,0
607389547180851199,0.107257,0
607389547449286655,0.0954059,0
607389547583504383,0.100176,0
607389547717722111,0.0884724,0
607389547851939839,0.096998,0
607389547986157567,0.0914944,0
607389548120375295,0.0944324,0
607389548254593023,0.0966087,0
607389548523028479,0.0975277,0
607389548657246207,0.0884451,0
607389548925681663,0.0939103,0
607389549059899391,0.100464,0
607389549194117119,0.096311,0
607389549328334847,0.0991291,0
607389567850381311,0.0396522,0
607389567984599039,0.0502152,0
607389568118816767,0.0336167,0
607389568253034495,0.0517814,0
607389568387252223,0.0337348,0
607389568521469951,0.03089,0
607389568655687679,0.0332433,0
607389568924123135,0.0501012,0
607389569058340863,0.0686943,0
607389569192558591,0.0517799,0
607389569326776319,0.0685229,0
607389569460994047,0.0490789,0
607389569595211775,0.045697,0
607389569729429503,0.0531038,0
607389569997864959,0.0429587,0
607389570132082687,0.062981,0
607389570266300415,0.0444229,0
607389570400518143,0.0620123,0
607389570534735871,0.0359745,0
607389570668953599,0.0473826,0
607389570803171327,0.0374805,0
607389571071606783,0.0601588,0
607389571205824511,0.0801927,0
607389571340042239,0.0652043,0
607389571474259967,0.0757135,0
607389571608477695,0.0561821,0
607389571742695423,0.0656801,0
607389571876913151,0.0590955,0
607389572145348607,0.0264159,0
607389572279566335,0.028241,0
607389572413784063,0.0261799,0
607389572548001791,0.0274203,0
607389572682219519,0.022655,0
607389572816437247,0.0283063,0
607389572950654975,0.032556,0
607389573219090431,0.0367694,0
607389573353308159,0.0436587,0
607389573487525887,0.0340208,0
607389573621743615,0.0460846,0
607389573755961343,0.0343975,0
607389573890179071,0.0307397,0
607389574024396799,0.0328623,0
607389574292832255,0.0287549,0
607389574427049983,0.0344999,0
607389574561267711,0.028274,0
607389574695485439,0.0348397,0
607389574829703167,0.0224917,0
607389574963920895,0.0283349,0
607389575098138623,0.0328471,0
607389576440315903,0.108779,0
607389576574533631,0.11605,0
607389576708751359,0.111318,0
607389576842969087,0.118197,0
607389576977186815,0.11641,0
607389577111404543,0.108571,0
607389577245622271,0.122349,0
607389577514057727,0.104443,0
607389577648275455,0.103909,0
607389577782493183,0.0998877,0
607389577916710911,0.102969,0
607389578050928639,0.118552,0
607389578185146367,0.109872,0
607389578319364095,0.117684,0
607389578587799551,0.107334,0
607389578722017279,0.113364,0
607389578856235007,0.106579,0
607389578990452735,0.110789,0
607389579124670463,0.10901,0
607389579258888191,0.111191,0
607389579393105919,0.112374,0
607389579661541375,0.104869,0
607389579795759103,0.101176,0
607389579929976831,0.0997895,0
607389580064194559,0.09319,0
607389580198412287,0.113386,0
607389580332630015,0.0997077,0
607389580466847743,0.112043,0
607389580735283199,0.0957616,0
607389580869500927,0.114909,0
607389581003718655,0.0911069,0
607389581137936383,0.116756,0
607389581272154111,0.0728637,0
607389581406371839,0.093073,0
607389581540589567,0.0703959,0
607389581809025023,0.106896,0
607389581943242751,0.11047,0
607389582077460479,0.11407,0
607389582211678207,0.114825,0
607389582345895935,0.107493,0
607389582480113663,0.10626,0
607389582614331391,0.116315,0
607389582882766847,0.10522,0
607389583016984575,0.122162,0
607389583151202303,0.0976684,0
607389583285420031,0.116492,0
607389583419637759,0.0875955,0
607389583553855487,0.115196,0
607389583688073215,0.084977,0
607389586103992319,0.055549,0
607389586238210047,0.0649501,0
607389586640863231,0.0418744,0
607389586775080959,0.059339,0
607389589459435519,0.0260574,0
607389589862088703,0.0342766,0
607389589996306431,0.0319606,0
607389590398959615,0.0328532,0
607389590533177343,0.0406145,0
607389590667395071,0.0328153,0
607389590801612799,0.0403222,0
607389590935830527,0.0302583,0
607389591070048255,0.0330121,0
607389591204265983,0.0257315,0
607389741259685887,0.0371988,0
607389741393903615,0.0436065,0
607389744480911359,0.0591559,0
607389744615129087,0.0593374,0
607389745017782271,0.0395224,0
607389745151999999,0.0356115,0
607389745420435455,0.0406296,0
607389745554653183,0.0306261,0
607389745688870911,0.0411582,0
607389745823088639,0.0365063,0
607389748239007743,0.0229796,0
607389748373225471,0.0269128,0
607389748775878655,0.0271045,0
607389748910096383,0.0263095,0
607389749312749567,0.0179696,0
607389749446967295,0.0227894,0
607389749581185023,0.0223635,0
607389749715402751,0.0191098,0
607389749849620479,0.0305381,0
607389749983838207,0.0223433,0
607389750118055935,0.0233127,0
607389752533975039,0.0323157,0
607389752668192767,0.035639,0
607389752802410495,0.0450838,0
607389752936628223,0.0383469,0
607389753070845951,0.039362,0
607389753205063679,0.0408859,0
607389753339281407,0.0384851,0
607389753607716863,0.0198593,0
607389753741934591,0.0255231,0
607389753876152319,0.0359392,0
607389754010370047,0.0367382,0
607389754144587775,0.036172,0
607389754278805503,0.0177742,0
607389754413023231,0.0290514,0
607389774008811519,0.0610344,0
607389774143029247,0.0350441,0
607389774277246975,0.0480485,0
607389774411464703,0.0763029,0
607389774545682431,0.0541647,0
607389774679900159,0.0506674,0
607389774814117887,0.0769332,0
607389775082553343,0.0277465,0
607389775216771071,0.0257187,0
607389775350988799,0.0374942,0
607389775485206527,0.0277892,0
607389775619424255,0.016912,0
607389775753641983,0.0331342,0
607389775887859711,0.0205697,0
607389776156295167,0.0551549,0
607389776290512895,0.0553348,0
607389776693166079,0.0767472,0
607389776827383807,0.076187,0
607389776961601535,0.0629577,0
607389777230036991,0.0585411,0
607389777364254719,0.0413687,0
607389777498472447,0.0534603,0
607389777632690175,0.0447953,0
607389777766907903,0.0464183,0
607389777901125631,0.0420335,0
607389778035343359,0.0605649,0
607389778303778815,0.0462197,0
607389778437996543,0.0256353,0
607389778572214271,0.0298512,0
607389778706431999,0.0559232,0
607389778840649727,0.0276075,0
607389778974867455,0.0156039,0
607389779109085183,0.0228024,0
607389779377520639,0.0376089,0
607389779511738367,0.0645588,0
607389779645956095,0.0517823,0
607389779780173823,0.0314785,0
607389779914391551,0.0405404,0
607389780048609279,0.0163763,0
607389780182827007,0.038532,0
607389780451262463,0.0331977,0
607389780585480191,0.0533744,0
607389780719697919,0.0255939,0
607389780853915647,0.033981,0
607389780988133375,0.0317265,0
607389781122351103,0.0369984,0
607389781256568831,0.0231767,0
607389782598746111,0.0315441,0
607389782732963839,0.0405316,0
607389782867181567,0.0264477,0
607389783001399295,0.0335017,0
607389783135617023,0.0331875,0
607389783269834751,0.0351828,0
607389783404052479,0.0283555,0
607389783672487935,0.0353757,0
607389783806705663,0.0434225,0
607389783940923391,0.0428778,0
607389784075141119,0.036525,0
607389784209358847,0.0427575,0
607389784343576575,0.0194128,0
607389784477794303,0.0290447,0
607389784746229759,0.0394592,0
607389784880447487,0.027484,0
607389785014665215,0.0737363,0
607389785148882943,0.0394102,0
607389785283100671,0.0233152,0
607389785417318399,0.0340631,0
607389785551536127,0.0285608,0
607389785819971583,0.0306199,0
607389785954189311,0.0339888,0
607389786088407039,0.0287183,0
607389786222624767,0.0441884,0
607389786356842495,0.0452605,0
607389786491060223,0.0338374,0
607389786625277951,0.0288327,0
607389786893713407,0.0224528,0
607389787027931135,0.0392594,0
607389787162148863,0.0250076,0
607389787296366591,0.0372861,0
607389787430584319,0.0221862,0
607389787564802047,0.0276006,0
607389787699019775,0.0277046,0
607389787967455231,0.033351,0
607389788101672959,0.0362748,0
607389788235890687,0.0356403,0
607389788370108415,0.0343438,0
607389788504326143,0.0252818,0
607389788638543871,0.0348532,0
607389788772761599,0.0331434,0
607389789041197055,0.0291154,0
607389789175414783,0.0244297,0
607389789309632511,0.0350787,0
607389789443850239,0.0365078,0
607389789578067967,0.0235498,0
607389789712285695,0.0241618,0
607389789846503423,0.0277496,0
607389797228478463,0.0287244,0
607389808368549887,0.0214485,0
607389808502767615,0.0173057,0
607389808636985343,0.0212708,0
607389808771203071,0.0173057,0
607389808905420799,0.0181232,0
607389809039638527,0.0219437,0
607389809173856255,0.0288406,0
607389809442291711,0.0185683,0
607389809576509439,0.0219965,0
607389809710727167,0.0216034,0
607389809844944895,0.0215263,0
607389809979162623,0.0190717,0
607389810113380351,0.0191551,0
607389810247598079,0.0176899,0
607389810516033535,0.0675399,0
607389810650251263,0.0203089,0
607389810784468991,0.104917,0
607389810918686719,0.0200935,0
607389811052904447,0.0650634,0
607389811187122175,0.020171,0
607389811321339903,0.0637036,0
607389811589775359,0.0223946,0
607389811723993087,0.0221471,0
607389811858210815,0.0219605,0
607389811992428543,0.0219605,0
607389812126646271,0.0226819,0
607389812260863999,0.0215916,0
607389812395081727,0.022061,0
607389812663517183,0.029004,0
607389812797734911,0.0142554,0
607389812931952639,0.0445695,0
607389813066170367,0.0795029,0
607389813200388095,0.0628301,0
607389813334605823,0.010661,0
607389813468823551,0.0912052,0
607389813737259007,0.0171351,0
607389813871476735,0.0209312,0
607389814005694463,0.0174417,0
607389814139912191,0.0197473,0
607389814274129919,0.0164614,0
607389814408347647,0.0196187,0
607389814542565375,0.0107667,0
607389814811000831,0.0151976,0
607389814945218559,0.0362174,0
607389815079436287,0.0218699,0
607389815213654015,0.025823,0
607389815347871743,0.0123366,0
607389815482089471,0.06362,0
607389815616307199,0.0210947,0
607389816958484479,0.0203189,0
607389817092702207,0.0198998,0
607389817226919935,0.0219361,0
607389817361137663,0.0229991,0
607389817495355391,0.0216083,0
607389817629573119,0.0305832,0
607389817763790847,0.0217677,0
607389818032226303,0.0321059,0
607389818166444031,0.0359761,0
607389818300661759,0.0261966,0
607389818434879487,0.0348821,0
607389818569097215,0.0321892,0
607389818703314943,0.0468833,0
607389818837532671,0.0247945,0
607389819105968127,0.0260758,0
607389819240185855,0.0243265,0
607389819374403583,0.0210521,0
607389819508621311,0.0254525,0
607389819642839039,0.0277156,0
607389819777056767,0.0239422,0
607389819911274495,0.0211906,0
607389820179709951,0.029902,0
607389820313927679,0.030024,0
607389820448145407,0.0236341,0
607389820582363135,0.0323338,0
607389820716580863,0.0206772,0
607389820850798591,0.030346,0
607389820985016319,0.0227515,0
607389821253451775,0.0407917,0
607389821387669503,0.0238225,0
607389821521887231,0.0233385,0
607389821656104959,0.0237508,0
607389821790322687,0.0231948,0
607389821924540415,0.027745,0
607389822058758143,0.0265076,0
607389822327193599,0.0299706,0
607389822461411327,0.0317871,0
607389822595629055,0.0308007,0
607389822729846783,0.0252516,0
607389822864064511,0.0307038,0
607389822998282239,0.0303483,0
607389823132499967,0.0275733,0
607389823400935423,0.0268218,0
607389823535153151,0.027858,0
607389823669370879,0.0270524,0
607389823803588607,0.0283183,0
607389823937806335,0.0222202,0
607389824072024063,0.0251,0
607389824206241791,0.02186,0
607389825548419071,0.0116701,0
607389825682636799,0.0156506,0
607389825816854527,0.0259214,0
607389825951072255,0.0143413,0
607389826085289983,0.00947155,0
607389826219507711,0.0100034,0
607389826353725439,0.0167458,0
607389826622160895,0.0812588,0
607389826756378623,0.0228305,0
607389826890596351,0.024024,0
607389827024814079,0.164552,0
607389827159031807,0.0252527,0
607389827293249535,0.0397201,0
607389827427467263,0.0232138,0
607389828366991359,0.0218801,0
607389828769644543,0.0273747,0
607389828903862271,0.0745487,0
607389829306515455,0.0283782,0
607389829440733183,0.106507,0
607389829574950911,0.030709,0
607389829843386367,0.018143,0
607389829977604095,0.0151774,0
607389830111821823,0.0200373,0
607389830246039551,0.0144953,0
607389830380257279,0.0197751,0
607389830514475007,0.0172449,0
607389830648692735,0.0182219,0
607389830917128191,0.0236048,0
607389831051345919,0.0213888,0
607389831185563647,0.00804869,0
607389831319781375,0.0223553,0
607389831453999103,0.0128655,0
607389831588216831,0.0190242,0
607389831722434559,0.0156161,0
607389831990870015,0.0179967,0
607389832125087743,0.0174599,0
607389832527740927,0.0190577,0
607389832661958655,0.0183501,0
607389832796176383,0.0239939,0
607389834138353663,0.0277033,0
607389834272571391,0.0309318,0
607389834406789119,0.0281721,0
607389834541006847,0.0289562,0
607389834675224575,0.0274517,0
607389834809442303,0.0261704,0
607389834943660031,0.0232139,0
607389835212095487,0.0213098,0
607389835346313215,0.0264743,0
607389835480530943,0.0292851,0
607389835614748671,0.0243172,0
607389835748966399,0.033868,0
607389835883184127,0.0214006,0
607389836017401855,0.0309675,0
607389836285837311,0.0290108,0
607389836420055039,0.0335887,0
607389836554272767,0.0509682,0
607389836688490495,0.031547,0
607389836822708223,0.0524644,0
607389836956925951,0.0280382,0
607389837091143679,0.0550547,0
607389837359579135,0.0354769,0
607389837493796863,0.0285177,0
607389837628014591,0.029814,0
607389837762232319,0.0296473,0
607389837896450047,0.0338243,0
607389838030667775,0.030038,0
607389838164885503,0.0339261,0
607389838433320959,0.0170064,0
607389838567538687,0.0219962,0
607389838701756415,0.0195032,0
607389838835974143,0.0156302,0
607389838970191871,0.0160766,0
607389839104409599,0.0151957,0
607389839238627327,0.0185337,0
607389839507062783,0.0267696,0
607389839641280511,0.0268888,0
607389839775498239,0.026583,0
607389839909715967,0.0373892,0
607389840043933695,0.0217486,0
607389840178151423,0.0281811,0
607389840312369151,0.0219962,0
607389840580804607,0.0483866,0
607389840715022335,0.0224797,0
607389840849240063,0.0230979,0
607389840983457791,0.0474769,0
607389841117675519,0.0263656,0
607389841251893247,0.0496844,0
607389841386110975,0.0714694,0
607389842728288255,0.153161,0
607389842862505983,0.0474845,0
607389842996723711,0.0781623,0
607389843130941439,0.0756745,0
607389843265159167,0.124974,0
607389843399376895,0.0435758,0
607389843533594623,0.0763215,0
607389843802030079,0.036086,0
607389843936247807,0.0207152,0
607389844070465535,0.0408733,0
607389844204683263,0.0401635,0
607389844338900991,0.0494622,0
607389844473118719,0.0336896,0
607389844607336447,0.0413166,0
607389844875771903,0.0637653,0
607389845009989631,0.0397582,0
607389845144207359,0.0635005,0
607389845278425087,0.058134,0
607389845412642815,0.065223,0
607389845546860543,0.0834747,0
607389845681078271,0.0350724,0
607389845949513727,0.0148126,0
607389846083731455,0.0165714,0
607389846217949183,0.0583941,0
607389846352166911,0.0160589,0
607389846486384639,0.0396201,0
607389846620602367,0.0340268,0
607389846754820095,0.0372461,0
607389847023255551,0.129571,0
607389847157473279,0.0840225,0
607389847291691007,0.0710252,0
607389847425908735,0.076467,0
607389847560126463,0.0248162,0
607389847694344191,0.0515416,0
607389847828561919,0.0217335,0
607389848096997375,0.0437704,0
607389848231215103,0.0564304,0
607389848365432831,0.0616121,0
607389848499650559,0.0371994,0
607389848633868287,0.032667,0
607389848768086015,0.0376683,0
607389848902303743,0.0621581,0
607389849170739199,0.0229786,0
607389849304956927,0.0741603,0
607389849439174655,0.0192406,0
607389849573392383,0.0400312,0
607389849707610111,0.0238272,0
607389849841827839,0.16,0
607389849976045567,0.0192626,0
607389851318222847,0.0320346,0
607389851452440575,0.0233047,0
607389851586658303,0.0234011,0
607389851720876031,0.0233047,0
607389851855093759,0.0241096,0
607389851989311487,0.0205472,0
607389852123529215,0.0261053,0
607389852391964671,0.0254173,0
607389852526182399,0.0310342,0
607389852660400127,0.0238238,0
607389852794617855,0.0294913,0
607389852928835583,0.0208599,0
607389853063053311,0.0308489,0
607389853197271039,0.0236228,0
607389853465706495,0.0218239,0
607389853599924223,0.0209539,0
607389853734141951,0.0215673,0
607389853868359679,0.0212536,0
607389854002577407,0.0154297,0
607389854136795135,0.0194851,0
607389854271012863,0.0253853,0
607389854539448319,0.0274901,0
607389854673666047,0.0304555,0
607389854807883775,0.0177803,0
607389854942101503,0.0277965,0
607389855076319231,0.0232957,0
607389855210536959,0.030978,0
607389855344754687,0.0199737,0
607389855613190143,0.0159573,0
607389855747407871,0.0272801,0
607389855881625599,0.0185231,0
607389856015843327,0.032705,0
607389856150061055,0.0224652,0
607389856284278783,0.0215191,0
607389856418496511,0.0224192,0
607389856686931967,0.0208552,0
607389856821149695,0.0255811,0
607389856955367423,0.0310148,0
607389857089585151,0.0254292,0
607389857223802879,0.0315484,0
607389857358020607,0.0234608,0
607389857492238335,0.0210128,0
607389857760673791,0.0297537,0
607389857894891519,0.0199937,0
607389858029109247,0.0258632,0
607389858163326975,0.0227889,0
607389858297544703,0.0210505,0
607389858431762431,0.031898,0
607389858565980159,0.018201,0
607389859908157439,0.012819,0
607389860042375167,0.0193937,0
607389860176592895,0.0341103,0
607389860310810623,0.024034,0
607389860445028351,0.015925,0
607389860579246079,0.0204582,0
607389860713463807,0.0313437,0
607389860981899263,0.0166092,0
607389861116116991,0.0649772,0
607389861250334719,0.0187874,0
607389861384552447,0.018383,0
607389861518770175,0.0223072,0
607389861652987903,0.0610119,0
607389861787205631,0.0196035,0
607389862055641087,0.0270311,0
607389862189858815,0.0120745,0
607389862324076543,0.0225521,0
607389862458294271,0.0213462,0
607389862592511999,0.0382545,0
607389862726729727,0.0124988,0
607389862860947455,0.0297504,0
607389863129382911,0.0107686,0
607389863263600639,0.00565437,0
607389863397818367,0.0102019,0
607389863532036095,0.0101938,0
607389863666253823,0.0201802,0
607389863800471551,0.0173895,0
607389863934689279,0.0134461,0
607389864203124735,0.0350731,0
607389864337342463,0.020498,0
607389864471560191,0.0382455,0
607389864605777919,0.0152648,0
607389864739995647,0.0296705,0
607389864874213375,0.0346426,0
607389865008431103,0.0208623,0
607389865276866559,0.0117231,0
607389865411084287,0.0118567,0
607389865545302015,0.0111091,0
607389865679519743,0.0213013,0
607389865813737471,0.0126127,0
607389865947955199,0.00932732,0
607389866082172927,0.0360576,0
607389866350608383,0.0372123,0
607389866484826111,0.0311786,0
607389866619043839,0.0189894,0
607389866753261567,0.0157896,0
607389866887479295,0.0308981,0
607389867021697023,0.0343736,0
607389867155914751,0.0318907,0
607390564282793983,0.169127,0
607390564417011711,0.177671,0
607390564551229439,0.166618,0
607390564685447167,0.149242,0
607390564819664895,0.183041,0
607390564953882623,0.175879,0
607390565088100351,0.170588,0
607390565356535807,0.196281,0
607390565490753535,0.17949,0
607390565624971263,0.18336,0
607390565759188991,0.175434,0
607390565893406719,0.200396,0
607390566027624447,0.180411,0
607390566161842175,0.197069,0
607390566430277631,0.15564,0
607390566564495359,0.157873,0
607390566698713087,0.161687,0
607390566832930815,0.156433,0
607390566967148543,0.14625,0
607390567101366271,0.154858,0
607390567235583999,0.164284,0
607390567504019455,0.17683,0
607390567638237183,0.146215,0
607390567772454911,0.15818,0
607390567906672639,0.138096,0
607390568040890367,0.167575,0
607390568175108095,0.153395,0
607390568309325823,0.164138,0
607390568577761279,0.176107,0
607390568711979007,0.179788,0
607390568846196735,0.173309,0
607390568980414463,0.190612,0
607390569114632191,0.159388,0
607390569248849919,0.158532,0
607390569383067647,0.173654,0
607390569651503103,0.166888,0
607390569785720831,0.176037,0
607390569919938559,0.181711,0
607390570054156287,0.186299,0
607390570188374015,0.172351,0
607390570322591743,0.167465,0
607390570456809471,0.171371,0
607390570725244927,0.171433,0
607390570859462655,0.176769,0
607390570993680383,0.151973,0
607390571127898111,0.1489,0
607390571262115839,0.166954,0
607390571396333567,0.173075,0
607390571530551295,0.156624,0
607390572872728575,0.0927446,0
607390573006946303,0.101134,0
607390573141164031,0.0968638,0
607390573275381759,0.0913965,0
607390573409599487,0.132372,0
607390573543817215,0.0999941,0
607390573678034943,0.137595,0
607390573946470399,0.118202,0
607390574080688127,0.118418,0
607390574214905855,0.118023,0
607390574349123583,0.105757,0
607390574483341311,0.119061,0
607390574617559039,0.10092,0
607390574751776767,0.102889,0
607390575020212223,0.0844517,0
607390575154429951,0.0777616,0
607390575288647679,0.0932513,0
607390575422865407,0.0832757,0
607390575557083135,0.0868274,0
607390575691300863,0.0830304,0
607390575825518591,0.088308,0
607390576093954047,0.0728549,0
607390576228171775,0.102355,0
607390576362389503,0.0868746,0
607390576496607231,0.0943344,0
607390576630824959,0.0969851,0
607390576765042687,0.105145,0
607390576899260415,0.075743,0
607390577167695871,0.169599,0
607390577301913599,0.166905,0
607390577436131327,0.177824,0
607390577570349055,0.177182,0
607390577704566783,0.193903,0
607390577838784511,0.16934,0
607390577973002239,0.180477,0
607390578241437695,0.138369,0
607390578375655423,0.123678,0
607390578509873151,0.128806,0
607390578644090879,0.0968869,0
607390578778308607,0.16899,0
607390578912526335,0.149112,0
607390579046744063,0.167329,0
607390579315179519,0.138586,0
607390579449397247,0.153475,0
607390579583614975,0.156468,0
607390579717832703,0.149778,0
607390579852050431,0.165788,0
607390579986268159,0.174723,0
607390580120485887,0.153567,0
607390581462663167,0.168319,0
607390581596880895,0.166098,0
607390581731098623,0.155567,0
607390581865316351,0.16029,0
607390581999534079,0.159699,0
607390582133751807,0.156563,0
607390582267969535,0.143227,0
607390582536404991,0.160072,0
607390582670622719,0.144143,0
607390582804840447,0.162296,0
607390582939058175,0.154563,0
607390583073275903,0.155046,0
607390583207493631,0.15236,0
607390583341711359,0.159814,0
607390583610146815,0.140697,0
607390583744364543,0.148174,0
607390583878582271,0.138142,0
607390584012799999,0.147235,0
607390584147017727,0.138726,0
607390584281235455,0.158022,0
607390584415453183,0.13539,0
607390584683888639,0.154845,0
607390584818106367,0.147062,0
607390584952324095,0.141769,0
607390585086541823,0.14687,0
607390585220759551,0.153556,0
607390585354977279,0.153387,0
607390585489195007,0.146249,0
607390585757630463,0.138759,0
607390585891848191,0.154802,0
607390586026065919,0.125787,0
607390586160283647,0.142055,0
607390586294501375,0.12763,0
607390586428719103,0.146383,0
607390586562936831,0.13011,0
607390586831372287,0.155633,0
607390586965590015,0.164492,0
607390587099807743,0.158708,0
607390587234025471,0.161419,0
607390587368243199,0.151494,0
607390587502460927,0.15855,0
607390587636678655,0.162244,0
607390587905114111,0.152539,0
607390588039331839,0.136132,0
607390588173549567,0.135833,0
607390588307767295,0.131096,0
607390588441985023,0.12052,0
607390588576202751,0.129708,0
607390588710420479,0.11967,0
607390590052597759,0.193497,0
607390590186815487,0.108238,0
607390590321033215,0.205064,0
607390590455250943,0.118606,0
607390590589468671,0.219206,0
607390590723686399,0.1833,0
607390590857904127,0.229649,0
607390591126339583,0.0848645,0
607390591260557311,0.0809787,0
607390591394775039,0.0805479,0
607390591528992767,0.0692338,0
607390591663210495,0.0882228,0
607390591797428223,0.0826193,0
607390591931645951,0.098407,0
607390592200081407,0.128857,0
607390592334299135,0.103877,0
607390592468516863,0.124463,0
607390592602734591,0.102501,0
607390592736952319,0.202294,0
607390592871170047,0.131878,0
607390593005387775,0.236688,0
607390593273823231,0.0718289,0
607390593408040959,0.0830539,0
607390593542258687,0.0566191,0
607390593676476415,0.0731016,0
607390593810694143,0.0848043,0
607390593944911871,0.0676002,0
607390594079129599,0.0893706,0
607390594347565055,0.135181,0
607390594481782783,0.130377,0
607390594616000511,0.145315,0
607390594750218239,0.130371,0
607390594884435967,0.143461,0
607390595018653695,0.132836,0
607390595152871423,0.143415,0
607390595421306879,0.192423,0
607390595555524607,0.0854795,0
607390595689742335,0.206309,0
607390595823960063,0.108166,0
607390595958177791,0.130413,0
607390596092395519,0.183017,0
607390596226613247,0.131607,0
607390596495048703,0.133986,0
607390596629266431,0.229211,0
607390596763484159,0.148025,0
607390596897701887,0.172855,0
607390597031919615,0.14137,0
607390597166137343,0.126818,0
607390597300355071,0.141931,0
607390598642532351,0.152609,0
607390598776750079,0.16144,0
607390598910967807,0.152233,0
607390599045185535,0.159899,0
607390599179403263,0.146907,0
607390599313620991,0.158593,0
607390599447838719,0.153839,0
607390599716274175,0.182389,0
607390599850491903,0.185286,0
607390599984709631,0.15915,0
607390600118927359,0.165771,0
607390600253145087,0.19558,0
607390600387362815,0.164351,0
607390600521580543,0.155437,0
607390600790015999,0.156251,0
607390600924233727,0.163655,0
607390601058451455,0.164674,0
607390601192669183,0.166508,0
607390601326886911,0.137668,0
607390601461104639,0.146433,0
607390601595322367,0.144556,0
607390601863757823,0.150329,0
607390601997975551,0.157452,0
607390602132193279,0.157651,0
607390602266411007,0.154029,0
607390602400628735,0.154188,0
607390602534846463,0.161557,0
607390602669064191,0.151195,0
607390602937499647,0.155812,0
607390603071717375,0.153199,0
607390603205935103,0.15789,0
607390603340152831,0.155821,0
607390603474370559,0.142206,0
607390603608588287,0.135427,0
607390603742806015,0.141072,0
607390604011241471,0.260802,0
607390604145459199,0.176284,0
607390604279676927,0.158177,0
607390604413894655,0.1776,0
607390604548112383,0.148673,0
607390604682330111,0.273728,0
607390604816547839,0.18451,0
607390605084983295,0.119094,0
607390605219201023,0.134134,0
607390605353418751,0.11437,0
607390605487636479,0.124487,0
607390605621854207,0.207876,0
607390605756071935,0.148132,0
607390605890289663,0.111751,0
607390607232466943,0.193802,0
607390607366684671,0.202406,0
607390607500902399,0.202682,0
607390607635120127,0.19791,0
607390607769337855,0.202167,0
607390607903555583,0.19305,0
607390608037773311,0.199528,0
607390608306208767,0.226907,0
607390608440426495,0.2254,0
607390608574644223,0.231959,0
607390608708861951,0.209494,0
607390608843079679,0.206728,0
607390608977297407,0.232294,0
607390609111515135,0.206434,0
607390609379950591,0.202055,0
607390609514168319,0.188898,0
607390609648386047,0.202255,0
607390609782603775,0.195584,0
607390609916821503,0.19694,0
607390610051039231,0.190261,0
607390610185256959,0.184444,0
607390610453692415,0.191591,0
607390610587910143,0.181297,0
607390610722127871,0.192133,0
607390610856345599,0.1737,0
607390610990563327,0.20122,0
607390611124781055,0.190715,0
607390611258998783,0.194377,0
607390611527434239,0.170574,0
607390611661651967,0.17593,0
607390611795869695,0.175112,0
607390611930087423,0.181903,0
607390612064305151,0.176289,0
607390612198522879,0.187994,0
607390612332740607,0.17962,0
607390612601176063,0.181314,0
607390612735393791,0.20173,0
607390612869611519,0.174629,0
607390613003829247,0.195605,0
607390613138046975,0.182245,0
607390613272264703,0.191761,0
607390613406482431,0.175326,0
607390613674917887,0.169193,0
607390613809135615,0.185038,0
607390613943353343,0.171605,0
607390614077571071,0.175652,0
607390614211788799,0.171144,0
607390614346006527,0.181416,0
607390614480224255,0.161339,0
607390615822401535,0.129769,0
607390615956619263,0.133224,0
607390616090836991,0.139844,0
607390616225054719,0.125237,0
607390616359272447,0.12601,0
607390616493490175,0.134532,0
607390616627707903,0.163212,0
607390616896143359,0.171085,0
607390617030361087,0.180728,0
607390617164578815,0.150304,0
607390617298796543,0.164969,0
607390617433014271,0.168345,0
607390617567231999,0.172237,0
607390617701449727,0.149901,0
607390617969885183,0.128936,0
607390618104102911,0.116345,0
607390618238320639,0.0997832,0
607390618372538367,0.12075,0
607390618506756095,0.114256,0
607390618640973823,0.116462,0
607390618775191551,0.0973452,0
607390619043627007,0.140579,0
607390619177844735,0.151589,0
607390619312062463,0.131382,0
607390619446280191,0.147821,0
607390619580497919,0.138127,0
607390619714715647,0.149276,0
607390619848933375,0.128738,0
607390620117368831,0.196448,0
607390620251586559,0.113203,0
607390620385804287,0.0729896,0
607390620520022015,0.18294,0
607390620654239743,0.163271,0
607390620788457471,0.114437,0
607390620922675199,0.0617104,0
607390621191110655,0.1295,0
607390621325328383,0.155743,0
607390621459546111,0.148281,0
607390621593763839,0.135447,0
607390621727981567,0.108703,0
607390621862199295,0.136567,0
607390621996417023,0.119936,0
607390622264852479,0.0867227,0
607390622399070207,0.141814,0
607390622533287935,0.0818079,0
607390622667505663,0.129509,0
607390622801723391,0.0578312,0
607390622935941119,0.0782424,0
607390623070158847,0.0630593,0
607390633002270719,0.183607,0
607390633136488447,0.201251,0
607390633270706175,0.199543,0
607390633404923903,0.201397,0
607390633539141631,0.246497,0
607390633673359359,0.222649,0
607390633807577087,0.210644,0
607390634076012543,0.317166,0
607390634210230271,0.334968,0
607390634344447999,0.272207,0
607390634478665727,0.282507,0
607390634612883455,0.261097,0
607390634747101183,0.294883,0
607390634881318911,0.266626,0
607390635149754367,0.191628,0
607390635283972095,0.183343,0
607390635418189823,0.165698,0
607390635552407551,0.17688,0
607390635686625279,0.169374,0
607390635820843007,0.185126,0
607390635955060735,0.157132,0
607390636223496191,0.245641,0
607390636357713919,0.29084,0
607390636491931647,0.268402,0
607390636626149375,0.274932,0
607390636760367103,0.234564,0
607390636894584831,0.306751,0
607390637028802559,0.232066,0
607390637297238015,0.199947,0
607390637431455743,0.232789,0
607390637565673471,0.201653,0
607390637699891199,0.218963,0
607390637834108927,0.257869,0
607390637968326655,0.230815,0
607390638102544383,0.199634,0
607390638370979839,0.239097,0
607390638505197567,0.278912,0
607390638639415295,0.249162,0
607390638773633023,0.242955,0
607390638907850751,0.238425,0
607390639042068479,0.240622,0
607390639176286207,0.256271,0
607390639444721663,0.163783,0
607390639578939391,0.185468,0
607390639713157119,0.146453,0
607390639847374847,0.165858,0
607390639981592575,0.180987,0
607390640115810303,0.174161,0
607390640250028031,0.156239,0
607390641592205311,0.394942,0
607390641726423039,0.406814,0
607390641860640767,0.400227,0
607390641994858495,0.392502,0
607390642129076223,0.459871,0
607390642263293951,0.402373,0
607390642397511679,0.385415,0
607390642665947135,0.468866,0
607390642800164863,0.500656,0
607390642934382591,0.432529,0
607390643068600319,0.440697,0
607390643202818047,0.490857,0
607390643337035775,0.477322,0
607390643471253503,0.44374,0
607390643739688959,0.390852,0
607390643873906687,0.419188,0
607390644008124415,0.367116,0
607390644142342143,0.397432,0
607390644276559871,0.377204,0
607390644410777599,0.425229,0
607390644544995327,0.360883,0
607390644813430783,0.429097,0
607390644947648511,0.455343,0
607390645081866239,0.405704,0
607390645216083967,0.423927,0
607390645350301695,0.421876,0
607390645484519423,0.40873,0
607390645618737151,0.416373,0
607390645887172607,0.41088,0
607390646021390335,0.404893,0
607390646155608063,0.390982,0
607390646289825791,0.407944,0
607390646424043519,0.384531,0
607390646558261247,0.400709,0
607390646692478975,0.385445,0
607390646960914431,0.422201,0
607390647095132159,0.478181,0
607390647229349887,0.428985,0
607390647363567615,0.445565,0
607390647497785343,0.452944,0
607390647632003071,0.45069,0
607390647766220799,0.429547,0
607390648034656255,0.336627,0
607390648168873983,0.36169,0
607390648303091711,0.33883,0
607390648437309439,0.352711,0
607390648571527167,0.328031,0
607390648705744895,0.339715,0
607390648839962623,0.333324,0
607390650182139903,0.155559,0
607390650316357631,0.174865,0
607390650450575359,0.149285,0
607390650584793087,0.170273,0
607390650719010815,0.135928,0
607390650853228543,0.149941,0
607390650987446271,0.148066,0
607390651255881727,0.149387,0
607390651390099455,0.172934,0
607390651524317183,0.166856,0
607390651658534911,0.172168,0
607390651792752639,0.180343,0
607390651926970367,0.167576,0
607390652061188095,0.163932,0
607390652329623551,0.14915,0
607390652463841279,0.164938,0
607390652598059007,0.136142,0
607390652732276735,0.157323,0
607390652866494463,0.148244,0
607390653000712191,0.172611,0
607390653134929919,0.130795,0
607390653403365375,0.168555,0
607390653537583103,0.170965,0
607390653671800831,0.149688,0
607390653806018559,0.150366,0
607390653940236287,0.17136,0
607390654074454015,0.176122,0
607390654208671743,0.170736,0
607390654477107199,0.11922,0
607390654611324927,0.125384,0
607390654745542655,0.114588,0
607390654879760383,0.116538,0
607390655013978111,0.131179,0
607390655148195839,0.118699,0
607390655282413567,0.107971,0
607390655550849023,0.145949,0
607390655685066751,0.156249,0
607390655819284479,0.133866,0
607390655953502207,0.143584,0
607390656087719935,0.139112,0
607390656221937663,0.143991,0
607390656356155391,0.124474,0
607390656624590847,0.115693,0
607390656758808575,0.155013,0
607390656893026303,0.0884024,0
607390657027244031,0.122719,0
607390657161461759,0.127471,0
607390657295679487,0.122067,0
607390657429897215,0.108449,0
607390658772074495,0.259203,0
607390658906292223,0.260966,0
607390659040509951,0.272329,0
607390659174727679,0.246984,0
607390659308945407,0.257236,0
607390659443163135,0.265726,0
607390659577380863,0.265638,0
607390659845816319,0.333343,0
607390659980034047,0.356219,0
607390660114251775,0.290212,0
607390660248469503,0.328079,0
607390660382687231,0.348619,0
607390660516904959,0.3797,0
607390660651122687,0.300741,0
607390660919558143,0.243588,0
607390661053775871,0.231681,0
607390661187993599,0.218733,0
607390661322211327,0.20028,0
607390661456429055,0.24004,0
607390661590646783,0.245401,0
607390661724864511,0.211121,0
607390661993299967,0.286539,0
607390662127517695,0.290429,0
607390662261735423,0.249191,0
607390662395953151,0.305248,0
607390662530170879,0.26205,0
607390662664388607,0.304427,0
607390662798606335,0.248685,0
607390663067041791,0.228297,0
607390663201259519,0.243801,0
607390663335477247,0.213951,0
607390663469694975,0.224148,0
607390663603912703,0.207806,0
607390663738130431,0.237526,0
607390663872348159,0.19938,0
607390664140783615,0.295605,0
607390664275001343,0.340585,0
607390664409219071,0.261017,0
607390664543436799,0.281817,0
607390664677654527,0.299356,0
607390664811872255,0.30942,0
607390664946089983,0.271582,0
607390665214525439,0.223984,0
607390665348743167,0.240184,0
607390665482960895,0.206669,0
607390665617178623,0.227839,0
607390665751396351,0.19922,0
607390665885614079,0.212947,0
607390666019831807,0.181719,0
607390667362009087,0.389447,0
607390667496226815,0.280391,0
607390667630444543,0.298082,0
607390667764662271,0.264971,0
607390667898879999,0.35928,0
607390668033097727,0.33249,0
607390668167315455,0.328548,0
607390668435750911,0.284772,0
607390668569968639,0.294562,0
607390668704186367,0.251385,0
607390668838404095,0.253211,0
607390668972621823,0.265505,0
607390669106839551,0.286017,0
607390669241057279,0.290109,0
607390669509492735,0.276245,0
607390669643710463,0.244742,0
607390669777928191,0.232042,0
607390669912145919,0.253775,0
607390670046363647,0.277209,0
607390670180581375,0.366,0
607390670314799103,0.283158,0
607390670583234559,0.268923,0
607390670717452287,0.214465,0
607390670851670015,0.254928,0
607390670985887743,0.240758,0
607390671120105471,0.281209,0
607390671254323199,0.271539,0
607390671388540927,0.269883,0
607390671656976383,0.307842,0
607390671791194111,0.315572,0
607390671925411839,0.317527,0
607390672059629567,0.312815,0
607390672193847295,0.327784,0
607390672328065023,0.348739,0
607390672462282751,0.324901,0
607390672730718207,0.34726,0
607390672864935935,0.337325,0
607390672999153663,0.410441,0
607390673133371391,0.302445,0
607390673267589119,0.432161,0
607390673401806847,0.324757,0
607390673536024575,0.386793,0
607390673804460031,0.324769,0
607390673938677759,0.312401,0
607390674072895487,0.316891,0
607390674207113215,0.289526,0
607390674341330943,0.330932,0
607390674475548671,0.296644,0
607390674609766399,0.279785,0
607390675951943679,0.401505,0
607390676086161407,0.427105,0
607390676220379135,0.409583,0
607390676354596863,0.385869,0
607390676488814591,0.341835,0
607390676623032319,0.377501,0
607390676757250047,0.351576,0
607390677025685503,0.487185,0
607390677159903231,0.52103,0
607390677294120959,0.533321,0
607390677428338687,0.4989,0
607390677562556415,0.5673,0
607390677696774143,0.536354,0
607390677830991871,0.479328,0
607390678099427327,0.344333,0
607390678233645055,0.379913,0
607390678367862783,0.366687,0
607390678502080511,0.333102,0
607390678636298239,0.341278,0
607390678770515967,0.389585,0
607390678904733695,0.286612,0
607390679173169151,0.495588,0
607390679307386879,0.466302,0
607390679441604607,0.430974,0
607390679575822335,0.46191,0
607390679710040063,0.471013,0
607390679844257791,0.478838,0
607390679978475519,0.414014,0
607390680246910975,0.274311,0
607390680381128703,0.330045,0
607390680515346431,0.262883,0
607390680649564159,0.28816,0
607390680783781887,0.293966,0
607390680917999615,0.332727,0
607390681052217343,0.26175,0
607390681320652799,0.462318,0
607390681454870527,0.555359,0
607390681589088255,0.388581,0
607390681723305983,0.426117,0
607390681857523711,0.460403,0
607390681991741439,0.537879,0
607390682125959167,0.38425,0
607390682394394623,0.253845,0
607390682528612351,0.288844,0
607390682662830079,0.224615,0
607390682797047807,0.243114,0
607390682931265535,0.24591,0
607390683065483263,0.267545,0
607390683199700991,0.245,0
607390684541878271,0.19993,0
607390684676095999,0.190499,0
607390684810313727,0.169683,0
607390684944531455,0.174478,0
607390685078749183,0.247056,0
607390685212966911,0.229384,0
607390685347184639,0.238423,0
607390685615620095,0.18802,0
607390685749837823,0.173632,0
607390685884055551,0.199348,0
607390686018273279,0.163546,0
607390686152491007,0.24062,0
607390686286708735,0.225137,0
607390686420926463,0.193075,0
607390686689361919,0.142376,0
607390686823579647,0.127365,0
607390686957797375,0.143147,0
607390687092015103,0.113567,0
607390687226232831,0.164906,0
607390687360450559,0.148832,0
607390687494668287,0.135693,0
607390687763103743,0.140277,0
607390687897321471,0.158215,0
607390688031539199,0.13307,0
607390688165756927,0.128121,0
607390688299974655,0.164554,0
607390688434192383,0.152523,0
607390688568410111,0.140434,0
607390688836845567,0.263335,0
607390688971063295,0.25152,0
607390689105281023,0.21967,0
607390689239498751,0.205958,0
607390689373716479,0.265918,0
607390689507934207,0.259003,0
607390689642151935,0.242527,0
607390689910587391,0.274029,0
607390690044805119,0.292718,0
607390690179022847,0.268558,0
607390690313240575,0.265991,0
607390690447458303,0.277889,0
607390690581676031,0.280944,0
607390690715893759,0.270814,0
607390690984329215,0.193789,0
607390691118546943,0.202852,0
607390691252764671,0.174957,0
607390691386982399,0.173139,0
607390691521200127,0.194251,0
607390691655417855,0.178591,0
607390691789635583,0.189849,0
607390701721747455,0.144246,0
607390701855965183,0.124458,0
607390701990182911,0.11758,0
607390702124400639,0.127402,0
607390702258618367,0.133713,0
607390702392836095,0.154574,0
607390702527053823,0.122468,0
607390702795489279,0.134838,0
607390702929707007,0.109637,0
607390703063924735,0.111884,0
607390703198142463,0.10488,0
607390703332360191,0.11676,0
607390703466577919,0.127794,0
607390703600795647,0.154264,0
607390703869231103,0.107851,0
607390704003448831,0.122328,0
607390704137666559,0.103049,0
607390704271884287,0.11862,0
607390704406102015,0.117981,0
607390704540319743,0.124622,0
607390704674537471,0.110937,0
607390704942972927,0.0998623,0
607390705077190655,0.112847,0
607390705211408383,0.110722,0
607390705345626111,0.114426,0
607390705479843839,0.10816,0
607390705614061567,0.101304,0
607390705748279295,0.113759,0
607390706016714751,0.110369,0
607390706150932479,0.129687,0
607390706285150207,0.110888,0
607390706419367935,0.113007,0
607390706553585663,0.121779,0
607390706687803391,0.129447,0
607390706822021119,0.118376,0
607390707090456575,0.140442,0
607390707224674303,0.143064,0
607390707358892031,0.16386,0
607390707493109759,0.141081,0
607390707627327487,0.14571,0
607390707761545215,0.160918,0
607390707895762943,0.142337,0
607390708164198399,0.116298,0
607390708298416127,0.127614,0
607390708432633855,0.109257,0
607390708566851583,0.112653,0
607390708701069311,0.118514,0
607390708835287039,0.113916,0
607390708969504767,0.114183,0
607390710311682047,0.0864777,0
607390710445899775,0.09826,0
607390710580117503,0.0972432,0
607390710714335231,0.101946,0
607390710848552959,0.0822046,0
607390710982770687,0.0856704,0
607390711116988415,0.0903502,0
607390711385423871,0.0957544,0
607390711519641599,0.107958,0
607390711653859327,0.0976026,0
607390711788077055,0.104193,0
607390711922294783,0.0868215,0
607390712056512511,0.105411,0
607390712190730239,0.0958641,0
607390712459165695,0.0878258,0
607390712593383423,0.102028,0
607390712727601151,0.0890413,0
607390712861818879,0.0967953,0
607390712996036607,0.0872375,0
607390713130254335,0.102036,0
607390713264472063,0.0890984,0
607390713532907519,0.0967528,0
607390713667125247,0.116378,0
607390713801342975,0.103155,0
607390713935560703,0.125562,0
607390714069778431,0.0972319,0
607390714203996159,0.103111,0
607390714338213887,0.10969,0
607390714606649343,0.111651,0
607390714740867071,0.0981451,0
607390714875084799,0.108574,0
607390715009302527,0.105663,0
607390715143520255,0.105581,0
607390715277737983,0.11303,0
607390715411955711,0.109996,0
607390715680391167,0.0909285,0
607390715814608895,0.0900177,0
607390715948826623,0.0834188,0
607390716083044351,0.0910943,0
607390716217262079,0.0936209,0
607390716351479807,0.0795168,0
607390716485697535,0.0937649,0
607390716754132991,0.0892839,0
607390716888350719,0.0908732,0
607390717022568447,0.104297,0
607390717156786175,0.102564,0
607390717291003903,0.094216,0
607390717425221631,0.0859741,0
607390717559439359,0.100971,0
607390718901616639,0.130213,0
607390719035834367,0.104729,0
607390719170052095,0.110041,0
607390719304269823,0.0996352,0
607390719438487551,0.133756,0
607390719572705279,0.112355,0
607390719706923007,0.140742,0
607390719975358463,0.114699,0
607390720109576191,0.106011,0
607390720243793919,0.108831,0
607390720378011647,0.11802,0
607390720512229375,0.107798,0
607390720646447103,0.115421,0
607390720780664831,0.112236,0
607390721049100287,0.122251,0
607390721183318015,0.109981,0
607390721317535743,0.130145,0
607390721451753471,0.125368,0
607390721585971199,0.130286,0
607390721720188927,0.099405,0
607390721854406655,0.109219,0
607390722122842111,0.133454,0
607390722257059839,0.136901,0
607390722391277567,0.129725,0
607390722525495295,0.149534,0
607390722659713023,0.120493,0
607390722793930751,0.118627,0
607390722928148479,0.114373,0
607390723196583935,0.136751,0
607390723330801663,0.123557,0
607390723465019391,0.0735894,0
607390723599237119,0.136171,0
607390723733454847,0.104995,0
607390723867672575,0.103162,0
607390724001890303,0.0910431,0
607390724270325759,0.117575,0
607390724404543487,0.189039,0
607390724538761215,0.113004,0
607390724672978943,0.11831,0
607390724807196671,0.111961,0
607390724941414399,0.114526,0
607390725075632127,0.115069,0
607390725344067583,0.08593,0
607390725478285311,0.132493,0
607390725612503039,0.0734954,0
607390725746720767,0.0936508,0
607390725880938495,0.0725959,0
607390726015156223,0.118272,0
607390726149373951,0.0618447,0
607390727491551231,0.101195,0
607390727625768959,0.100775,0
607390727759986687,0.103521,0
607390727894204415,0.0899932,0
607390728028422143,0.0942764,0
607390728162639871,0.10689,0
607390728296857599,0.107197,0
607390728565293055,0.0937292,0
607390728699510783,0.0951702,0
607390728833728511,0.100299,0
607390728967946239,0.0960557,0
607390729102163967,0.0839051,0
607390729236381695,0.100158,0
607390729370599423,0.0990649,0
607390729639034879,0.10068,0
607390729773252607,0.0925906,0
607390729907470335,0.0935301,0
607390730041688063,0.102146,0
607390730175905791,0.0981966,0
607390730310123519,0.102863,0
607390730444341247,0.10796,0
607390730712776703,0.0842398,0
607390730846994431,0.0988127,0
607390730981212159,0.0930624,0
607390731115429887,0.0954835,0
607390731249647615,0.0978091,0
607390731383865343,0.102797,0
607390731518083071,0.0908776,0
607390731786518527,0.108779,0
607390731920736255,0.112944,0
607390732054953983,0.105915,0
607390732189171711,0.115991,0
607390732323389439,0.109893,0
607390732457607167,0.106724,0
607390732591824895,0.113425,0
607390732860260351,0.0974194,0
607390732994478079,0.0947589,0
607390733128695807,0.0986107,0
607390733262913535,0.102107,0
607390733397131263,0.112367,0
607390733531348991,0.105263,0
607390733665566719,0.115989,0
607390733934002175,0.112939,0
607390734068219903,0.105625,0
607390734202437631,0.117162,0
607390734336655359,0.116328,0
607390734470873087,0.10855,0
607390734605090815,0.109575,0
607390734739308543,0.121553,0
607390736081485823,0.128722,0
607390736215703551,0.134435,0
607390736349921279,0.114045,0
607390736484139007,0.128283,0
607390736618356735,0.119564,0
607390736752574463,0.134952,0
607390736886792191,0.115521,0
607390737155227647,0.142137,0
607390737289445375,0.146898,0
607390737423663103,0.155455,0
607390737557880831,0.142188,0
607390737692098559,0.135821,0
607390737826316287,0.14166,0
607390737960534015,0.136562,0
607390738228969471,0.112115,0
607390738363187199,0.133195,0
607390738497404927,0.137639,0
607390738631622655,0.115596,0
607390738765840383,0.134965,0
607390738900058111,0.116619,0
607390739034275839,0.101551,0
607390739302711295,0.139449,0
607390739436929023,0.146108,0
607390739571146751,0.132189,0
607390739705364479,0.13501,0
607390739839582207,0.153989,0
607390739973799935,0.153529,0
607390740108017663,0.127735,0
607390740376453119,0.102504,0
607390740510670847,0.175678,0
607390740644888575,0.0696726,0
607390740779106303,0.0938256,0
607390740913324031,0.137467,0
607390741047541759,0.133367,0
607390741181759487,0.0808236,0
607390741450194943,0.131807,0
607390741584412671,0.141345,0
607390741718630399,0.13865,0
607390741852848127,0.131562,0
607390741987065855,0.151363,0
607390742121283583,0.154044,0
607390742255501311,0.120424,0
607390742523936767,0.0444797,0
607390742658154495,0.150623,0
607390742792372223,0.0460655,0
607390742926589951,0.0467202,0
607390743060807679,0.0450538,0
607390743195025407,0.0890182,0
607390743329243135,0.0433791,0
607390744671420415,0.157415,0
607390744805638143,0.133833,0
607390744939855871,0.177558,0
607390745074073599,0.130259,0
607390745208291327,0.222337,0
607390745342509055,0.116727,0
607390745476726783,0.275294,0
607390745745162239,0.106645,0
607390745879379967,0.0835119,0
607390746013597695,0.107272,0
607390746147815423,0.0863615,0
607390746282033151,0.135792,0
607390746416250879,0.0969711,0
607390746550468607,0.135447,0
607390746818904063,0.183035,0
607390746953121791,0.11265,0
607390747087339519,0.155172,0
607390747221557247,0.113872,0
607390747355774975,0.139948,0
607390747489992703,0.16974,0
607390747624210431,0.148274,0
607390747892645887,0.117469,0
607390748026863615,0.103693,0
607390748161081343,0.105154,0
607390748295299071,0.105854,0
607390748429516799,0.118599,0
607390748563734527,0.10546,0
607390748697952255,0.11123,0
607390748966387711,0.159588,0
607390749100605439,0.16549,0
607390749234823167,0.152284,0
607390749369040895,0.188727,0
607390749503258623,0.1492,0
607390749637476351,0.146861,0
607390749771694079,0.147002,0
607390750040129535,0.172557,0
607390750174347263,0.202322,0
607390750308564991,0.212997,0
607390750442782719,0.142506,0
607390750577000447,0.150129,0
607390750711218175,0.14668,0
607390750845435903,0.157932,0
607390751113871359,0.158126,0
607390751248089087,0.214796,0
607390751382306815,0.153823,0
607390751516524543,0.169737,0
607390751650742271,0.149566,0
607390751784959999,0.168082,0
607390751919177727,0.159672,0
607390753261355007,0.0688893,0
607390753395572735,0.082018,0
607390753529790463,0.05313,0
607390753664008191,0.0511436,0
607390753798225919,0.0695838,0
607390753932443647,0.0582288,0
607390754066661375,0.0551161,0
607390754335096831,0.106553,0
607390754469314559,0.121445,0
607390754603532287,0.160277,0
607390754737750015,0.100465,0
607390754871967743,0.0743402,0
607390755006185471,0.116806,0
607390755140403199,0.0964275,0
607390755408838655,0.056392,0
607390755543056383,0.075437,0
607390755677274111,0.0468842,0
607390755811491839,0.0651338,0
607390755945709567,0.0445853,0
607390756079927295,0.0632979,0
607390756214145023,0.0385824,0
607390756482580479,0.0954748,0
607390756616798207,0.115044,0
607390756751015935,0.0825619,0
607390756885233663,0.108576,0
607390757019451391,0.091975,0
607390757153669119,0.109268,0
607390757287886847,0.0703829,0
607390757556322303,0.0303718,0
607390757690540031,0.0757561,0
607390757824757759,0.0445645,0
607390757958975487,0.0380627,0
607390758093193215,0.0585823,0
607390758227410943,0.0664135,0
607390758361628671,0.0211797,0
607390758630064127,0.0550102,0
607390758764281855,0.0686902,0
607390758898499583,0.0527792,0
607390759032717311,0.0648396,0
607390759166935039,0.0400577,0
607390759301152767,0.0497658,0
607390759435370495,0.0472348,0
607390759703805951,0.02836,0
607390759838023679,0.0468725,0
607390759972241407,0.017697,0
607390760106459135,0.0245074,0
607390760240676863,0.0310814,0
607390760374894591,0.0446431,0
607390760509112319,0.0153688,0
607390770441224191,0.0912002,0
607390770575441919,0.104044,0
607390770709659647,0.085818,0
607390770843877375,0.0880067,0
607390770978095103,0.0943458,0
607390771112312831,0.106967,0
607390771246530559,0.0776217,0
607390771514966015,0.156733,0
607390771649183743,0.165199,0
607390771783401471,0.138914,0
607390771917619199,0.165712,0
607390772051836927,0.115491,0
607390772186054655,0.160624,0
607390772320272383,0.105679,0
607390772588707839,0.0765036,0
607390772722925567,0.086598,0
607390772857143295,0.0834138,0
607390772991361023,0.0787564,0
607390773125578751,0.075753,0
607390773259796479,0.0853322,0
607390773394014207,0.0762248,0
607390773662449663,0.147397,0
607390773796667391,0.174208,0
607390773930885119,0.125279,0
607390774065102847,0.1531,0
607390774199320575,0.127205,0
607390774333538303,0.15289,0
607390774467756031,0.0982658,0
607390774736191487,0.103252,0
607390774870409215,0.0992445,0
607390775004626943,0.0960539,0
607390775138844671,0.0899603,0
607390775273062399,0.110862,0
607390775407280127,0.0896097,0
607390775541497855,0.0908557,0
607390775809933311,0.0956573,0
607390775944151039,0.101131,0
607390776078368767,0.0991702,0
607390776212586495,0.0981036,0
607390776346804223,0.0903078,0
607390776481021951,0.0993241,0
607390776615239679,0.0869784,0
607390776883675135,0.0966432,0
607390777017892863,0.0788069,0
607390777152110591,0.107646,0
607390777286328319,0.0757537,0
607390777420546047,0.103479,0
607390777554763775,0.0831002,0
607390777688981503,0.0957914,0
607390779031158783,0.181823,0
607390779165376511,0.170299,0
607390779299594239,0.155694,0
607390779433811967,0.175891,0
607390779568029695,0.16282,0
607390779702247423,0.172201,0
607390779836465151,0.157339,0
607390780104900607,0.181741,0
607390780239118335,0.188421,0
607390780373336063,0.192127,0
607390780507553791,0.190757,0
607390780641771519,0.201965,0
607390780775989247,0.196013,0
607390780910206975,0.181716,0
607390781178642431,0.193701,0
607390781312860159,0.173114,0
607390781447077887,0.161902,0
607390781581295615,0.169302,0
607390781715513343,0.168839,0
607390781849731071,0.17241,0
607390781983948799,0.166511,0
607390782252384255,0.168624,0
607390782386601983,0.171955,0
607390782520819711,0.183007,0
607390782655037439,0.152925,0
607390782789255167,0.189441,0
607390782923472895,0.181056,0
607390783057690623,0.168432,0
607390783326126079,0.157712,0
607390783460343807,0.159107,0
607390783594561535,0.177138,0
607390783728779263,0.162407,0
607390783862996991,0.181327,0
607390783997214719,0.161175,0
607390784131432447,0.167311,0
607390784399867903,0.200676,0
607390784534085631,0.176951,0
607390784668303359,0.189824,0
607390784802521087,0.182057,0
607390784936738815,0.176159,0
607390785070956543,0.180832,0
607390785205174271,0.192976,0
607390785473609727,0.170686,0
607390785607827455,0.170467,0
607390785742045183,0.16379,0
607390785876262911,0.159248,0
607390786010480639,0.196378,0
607390786144698367,0.174252,0
607390786278916095,0.187526,0
607390787621093375,0.125674,0
607390787755311103,0.0945249,0
607390787889528831,0.118176,0
607390788023746559,0.117557,0
607390788157964287,0.126095,0
607390788292182015,0.122368,0
607390788426399743,0.125485,0
607390788694835199,0.0886107,0
607390788829052927,0.0937126,0
607390788963270655,0.0944565,0
607390789097488383,0.100002,0
607390789231706111,0.0910406,0
607390789365923839,0.0892938,0
607390789500141567,0.0974931,0
607390789768577023,0.122618,0
607390789902794751,0.109963,0
607390790037012479,0.109611,0
607390790171230207,0.114594,0
607390790305447935,0.109893,0
607390790439665663,0.123932,0
607390790573883391,0.119706,0
607390790842318847,0.093338,0
607390790976536575,0.0959716,0
607390791110754303,0.0994459,0
607390791244972031,0.10338,0
607390791379189759,0.0961291,0
607390791513407487,0.100212,0
607390791647625215,0.104175,0
607390791916060671,0.0890777,0
607390792050278399,0.10673,0
607390792184496127,0.101947,0
607390792318713855,0.114242,0
607390792452931583,0.0984967,0
607390792587149311,0.0981256,0
607390792721367039,0.104194,0
607390792989802495,0.110881,0
607390793124020223,0.0862606,0
607390793258237951,0.119529,0
607390793392455679,0.0988054,0
607390793526673407,0.102739,0
607390793660891135,0.0905046,0
607390793795108863,0.108606,0
607390794063544319,0.110509,0
607390794197762047,0.113312,0
607390794331979775,0.105971,0
607390794466197503,0.112493,0
607390794600415231,0.117353,0
607390794734632959,0.122426,0
607390794868850687,0.125159,0
607390796211027967,0.136571,0
607390796345245695,0.143315,0
607390796479463423,0.132443,0
607390796613681151,0.135686,0
607390796747898879,0.153585,0
607390796882116607,0.15408,0
607390797016334335,0.129203,0
607390797284769791,0.15513,0
607390797418987519,0.184202,0
607390797553205247,0.146959,0
607390797687422975,0.155263,0
607390797821640703,0.185034,0
607390797955858431,0.164516,0
607390798090076159,0.150108,0
607390798358511615,0.117451,0
607390798492729343,0.11516,0
607390798626947071,0.116938,0
607390798761164799,0.11438,0
607390798895382527,0.13665,0
607390799029600255,0.125223,0
607390799163817983,0.111505,0
607390799432253439,0.134263,0
607390799566471167,0.140998,0
607390799700688895,0.119983,0
607390799834906623,0.136264,0
607390799969124351,0.14354,0
607390800103342079,0.14475,0
607390800237559807,0.124377,0
607390800505995263,0.120666,0
607390800640212991,0.149341,0
607390800774430719,0.11803,0
607390800908648447,0.121587,0
607390801042866175,0.102972,0
607390801177083903,0.141095,0
607390801311301631,0.0921389,0
607390801579737087,0.166043,0
607390801713954815,0.165987,0
607390801848172543,0.153707,0
607390801982390271,0.15761,0
607390802116607999,0.192687,0
607390802250825727,0.161333,0
607390802385043455,0.172216,0
607390802653478911,0.113876,0
607390802787696639,0.117232,0
607390802921914367,0.108335,0
607390803056132095,0.102862,0
607390803190349823,0.112024,0
607390803324567551,0.1266,0
607390803458785279,0.106256,0
607390804800962559,0.103679,0
607390804935180287,0.11844,0
607390805069398015,0.109423,0
607390805203615743,0.126608,0
607390805337833471,0.0964819,0
607390805472051199,0.0991508,0
607390805606268927,0.112791,0
607390805874704383,0.133544,0
607390806008922111,0.138589,0
607390806143139839,0.131856,0
607390806277357567,0.129915,0
607390806411575295,0.126323,0
607390806545793023,0.160951,0
607390806680010751,0.105787,0
607390806948446207,0.0802028,0
607390807082663935,0.0938882,0
607390807216881663,0.0790514,0
607390807351099391,0.0877796,0
607390807485317119,0.063591,0
607390807619534847,0.124303,0
607390807753752575,0.0805233,0
607390808022188031,0.137269,0
607390808156405759,0.101957,0
607390808290623487,0.109214,0
607390808424841215,0.101445,0
607390808559058943,0.130231,0
607390808693276671,0.128015,0
607390808827494399,0.135021,0
607390809095929855,0.0716833,0
607390809230147583,0.087809,0
607390809364365311,0.0805855,0
607390809498583039,0.0968128,0
607390809632800767,0.0643739,0
607390809767018495,0.0814037,0
607390809901236223,0.0815234,0
607390810169671679,0.0905249,0
607390810303889407,0.117299,0
607390810438107135,0.0838909,0
607390810572324863,0.0929701,0
607390810706542591,0.0874109,0
607390810840760319,0.0915348,0
607390810974978047,0.0785328,0
607390811243413503,0.0686066,0
607390811377631231,0.092589,0
607390811511848959,0.0629896,0
607390811646066687,0.0717159,0
607390811780284415,0.0639234,0
607390811914502143,0.085592,0
607390812048719871,0.0659315,0
607390813390897151,0.192566,0
607390813525114879,0.205308,0
607390813659332607,0.175642,0
607390813793550335,0.167409,0
607390813927768063,0.176691,0
607390814061985791,0.205977,0
607390814196203519,0.155704,0
607390814464638975,0.203902,0
607390814598856703,0.193773,0
607390814733074431,0.201624,0
607390814867292159,0.185345,0
607390815001509887,0.205674,0
607390815135727615,0.194744,0
607390815269945343,0.203075,0
607390815538380799,0.156006,0
607390815672598527,0.166881,0
607390815806816255,0.148034,0
607390815941033983,0.160286,0
607390816075251711,0.122638,0
607390816209469439,0.170009,0
607390816343687167,0.110699,0
607390816612122623,0.192289,0
607390816746340351,0.177146,0
607390816880558079,0.191189,0
607390817014775807,0.171999,0
607390817148993535,0.1876,0
607390817283211263,0.179651,0
607390817417428991,0.177309,0
607390817685864447,0.160517,0
607390817820082175,0.16187,0
607390817954299903,0.153027,0
607390818088517631,0.163186,0
607390818222735359,0.135769,0
607390818356953087,0.156409,0
607390818491170815,0.145083,0
607390818759606271,0.200587,0
607390818893823999,0.211309,0
607390819028041727,0.191037,0
607390819162259455,0.2008,0
607390819296477183,0.180551,0
607390819430694911,0.209173,0
607390819564912639,0.154487,0
607390819833348095,0.132581,0
607390819967565823,0.144162,0
607390820101783551,0.110111,0
607390820236001279,0.109249,0
607390820370219007,0.129469,0
607390820504436735,0.147523,0
607390820638654463,0.125042,0
607390821980831743,0.0828176,0
607390822115049471,0.0809779,0
607390822249267199,0.084788,0
607390822383484927,0.0908587,0
607390822517702655,0.0694023,0
607390822651920383,0.0849685,0
607390822786138111,0.0805917,0
607390823054573567,0.0883091,0
607390823188791295,0.0816313,0
607390823323009023,0.0871171,0
607390823457226751,0.0815748,0
607390823591444479,0.0767322,0
607390823725662207,0.0721375,0
607390823859879935,0.0811279,0
607390824128315391,0.0897219,0
607390824262533119,0.103762,0
607390824396750847,0.0975114,0
607390824530968575,0.110213,0
607390824665186303,0.0809646,0
607390824799404031,0.08047,0
607390824933621759,0.0868851,0
607390825202057215,0.0922804,0
607390825336274943,0.10013,0
607390825470492671,0.095479,0
607390825604710399,0.101839,0
607390825738928127,0.0834131,0
607390825873145855,0.0955235,0
607390826007363583,0.0947478,0
607390826275799039,0.0787077,0
607390826410016767,0.0819566,0
607390826544234495,0.0780962,0
607390826678452223,0.0747879,0
607390826812669951,0.101168,0
607390826946887679,0.101858,0
607390827081105407,0.0799385,0
607390827349540863,0.086046,0
607390827483758591,0.0730166,0
607390827617976319,0.0769207,0
607390827752194047,0.0799126,0
607390827886411775,0.0739631,0
607390828020629503,0.0838267,0
607390828154847231,0.0835651,0
607390828423282687,0.0837404,0
607390828557500415,0.0747292,0
607390828691718143,0.0871603,0
607390828825935871,0.0887417,0
607390828960153599,0.0797242,0
607390829094371327,0.0815377,0
607390829228589055,0.0874607,0
607390847750635519,0.0742483,0
607390847884853247,0.0859155,0
607390848019070975,0.096058,0
607390848153288703,0.0922561,0
607390848287506431,0.052206,0
607390848421724159,0.084792,0
607390848555941887,0.0567088,0
607390848824377343,0.140272,0
607390848958595071,0.225155,0
607390849092812799,0.0842412,0
607390849227030527,0.233004,0
607390849361248255,0.114573,0
607390849495465983,0.26452,0
607390849629683711,0.0869934,0
607390849898119167,0.115592,0
607390850032336895,0.13674,0
607390850166554623,0.1174,0
607390850300772351,0.136765,0
607390850434990079,0.0817146,0
607390850569207807,0.104191,0
607390850703425535,0.0702219,0
607390850971860991,0.150924,0
607390851106078719,0.134876,0
607390851240296447,0.170763,0
607390851374514175,0.213328,0
607390851508731903,0.112973,0
607390851642949631,0.124748,0
607390851777167359,0.133043,0
607390852179820543,0.0483412,0
607390852448255999,0.0358736,0
607390852716691455,0.0433855,0
607390853119344639,0.0754561,0
607390853253562367,0.13646,0
607390853387780095,0.0731564,0
607390853521997823,0.0804823,0
607390853656215551,0.0701884,0
607390853790433279,0.0842662,0
607390853924651007,0.0589001,0
607390854193086463,0.0540144,0
607390854327304191,0.0706346,0
607390854461521919,0.0490248,0
607390854595739647,0.0721628,0
607390854864175103,0.0303359,0
607390864930504703,0.0448595,0
607390865064722431,0.0664577,0
607390865333157887,0.0507231,0
607390865601593343,0.0460015,0
607390866004246527,0.0619313,0
607390866138464255,0.197044,0
607390866272681983,0.085466,0
607390866406899711,0.116611,0
607390866541117439,0.0527244,0
607390866675335167,0.137081,0
607390866809552895,0.0597533,0
607390867212206079,0.064128,0
607390867480641535,0.0510361,0
607390868151730175,0.107112,0
607390868285947903,0.105738,0
607390868420165631,0.113968,0
607390868554383359,0.104105,0
607390868688601087,0.087626,0
607390868822818815,0.111348,0
607390868957036543,0.0658517,0
607390870299213823,0.0459974,0
607390870433431551,0.0514097,0
607390870567649279,0.0532856,0
607390870701867007,0.0511792,0
607390870970302463,0.051014,0
607390883184115711,0.0743632,0
607390883318333439,0.0913093,0
607390883586768895,0.0667868,0
607390883855204351,0.074083,0
607390885465817087,0.0680767,0
607390885734252543,0.0454129,0
607390886002687999,0.0639639,0
607390907880177663,0.299492,0
607390908014395391,0.272868,0
607390908148613119,0.301473,0
607390908282830847,0.311812,0
607390908417048575,0.27584,0
607390908551266303,0.253917,0
607390908685484031,0.308494,0
607390908953919487,0.268018,0
607390909088137215,0.271783,0
607390909222354943,0.271491,0
607390909356572671,0.270863,0
607390909490790399,0.250077,0
607390909625008127,0.252953,0
607390909759225855,0.255597,0
607390910027661311,0.248002,0
607390910161879039,0.225331,0
607390910296096767,0.227254,0
607390910430314495,0.226056,0
607390910564532223,0.25107,0
607390910698749951,0.268483,0
607390910832967679,0.228163,0
607390911101403135,0.2623,0
607390911235620863,0.26016,0
607390911369838591,0.262442,0
607390911504056319,0.245646,0
607390911638274047,0.313504,0
607390911772491775,0.276953,0
607390911906709503,0.271886,0
607390912175144959,0.261958,0
607390912309362687,0.254822,0
607390912443580415,0.256241,0
607390912577798143,0.261788,0
607390912712015871,0.250192,0
607390912846233599,0.247545,0
607390912980451327,0.257638,0
607390913248886783,0.244032,0
607390913383104511,0.239158,0
607390913517322239,0.261404,0
607390913651539967,0.246802,0
607390913785757695,0.231379,0
607390913919975423,0.21852,0
607390914054193151,0.261997,0
607390914322628607,0.277611,0
607390914456846335,0.292972,0
607390914591064063,0.232977,0
607390914725281791,0.225155,0
607390914859499519,0.271899,0
607390914993717247,0.289795,0
607390915127934975,0.255727,0
607390916470112255,0.30932,0
607390916604329983,0.319903,0
607390916738547711,0.313014,0
607390916872765439,0.342362,0
607390917006983167,0.288296,0
607390917141200895,0.310203,0
607390917275418623,0.313823,0
607390917543854079,0.354188,0
607390917678071807,0.358739,0
607390917812289535,0.34924,0
607390917946507263,0.373101,0
607390918080724991,0.328861,0
607390918214942719,0.398046,0
607390918349160447,0.316824,0
607390918617595903,0.302066,0
607390918751813631,0.33537,0
607390918886031359,0.289066,0
607390919020249087,0.319073,0
607390919154466815,0.318883,0
607390919288684543,0.345809,0
607390919422902271,0.304911,0
607390919691337727,0.373652,0
607390919825555455,0.433061,0
607390919959773183,0.347433,0
607390920093990911,0.345024,0
607390920228208639,0.380275,0
607390920362426367,0.340596,0
607390920496644095,0.342421,0
607390920765079551,0.286972,0
607390920899297279,0.298377,0
607390921033515007,0.275174,0
607390921167732735,0.290665,0
607390921301950463,0.271342,0
607390921436168191,0.265865,0
607390921570385919,0.268096,0
607390921838821375,0.299274,0
607390921973039103,0.31378,0
607390922107256831,0.291575,0
607390922241474559,0.325352,0
607390922375692287,0.291177,0
607390922509910015,0.314873,0
607390922644127743,0.283988,0
607390922912563199,0.309359,0
607390923046780927,0.335826,0
607390923180998655,0.301848,0
607390923315216383,0.328349,0
607390923449434111,0.266641,0
607390923583651839,0.29104,0
607390923717869567,0.299066,0
607390925060046847,0.182227,0
607390925194264575,0.17177,0
607390925328482303,0.16927,0
607390925462700031,0.17312,0
607390925596917759,0.186621,0
607390925731135487,0.185822,0
607390925865353215,0.164537,0
607390926133788671,0.201244,0
607390926268006399,0.193453,0
607390926402224127,0.18188,0
607390926536441855,0.191069,0
607390926670659583,0.206919,0
607390926804877311,0.215335,0
607390926939095039,0.201018,0
607390927207530495,0.172314,0
607390927341748223,0.170277,0
607390927475965951,0.173182,0
607390927610183679,0.179003,0
607390927744401407,0.167959,0
607390927878619135,0.180478,0
607390928012836863,0.167956,0
607390928281272319,0.184131,0
607390928415490047,0.185936,0
607390928549707775,0.175706,0
607390928683925503,0.184332,0
607390928818143231,0.169774,0
607390928952360959,0.195313,0
607390929086578687,0.174311,0
607390929355014143,0.17776,0
607390929489231871,0.194493,0
607390929623449599,0.189036,0
607390929757667327,0.182123,0
607390929891885055,0.175281,0
607390930026102783,0.181773,0
607390930160320511,0.159848,0
607390930428755967,0.196498,0
607390930562973695,0.20648,0
607390930697191423,0.199346,0
607390930831409151,0.190749,0
607390930965626879,0.192759,0
607390931099844607,0.215357,0
607390931234062335,0.192953,0
607390931502497791,0.153009,0
607390931636715519,0.166963,0
607390931770933247,0.325505,0
607390931905150975,0.169793,0
607390932039368703,0.175241,0
607390932173586431,0.159663,0
607390932307804159,0.291361,0
607390933649981439,0.239651,0
607390933784199167,0.251108,0
607390933918416895,0.229137,0
607390934052634623,0.243245,0
607390934186852351,0.234707,0
607390934321070079,0.25672,0
607390934455287807,0.214846,0
607390934723723263,0.272847,0
607390934857940991,0.274627,0
607390934992158719,0.271542,0
607390935126376447,0.282368,0
607390935260594175,0.280517,0
607390935394811903,0.274091,0
607390935529029631,0.271919,0
607390935797465087,0.213633,0
607390935931682815,0.240349,0
607390936065900543,0.22365,0
607390936200118271,0.226709,0
607390936334335999,0.218419,0
607390936468553727,0.216586,0
607390936602771455,0.197747,0
607390936871206911,0.253776,0
607390937005424639,0.2803,0
607390937139642367,0.263248,0
607390937273860095,0.26201,0
607390937408077823,0.264423,0
607390937542295551,0.262872,0
607390937676513279,0.249714,0
607390937944948735,0.219298,0
607390938079166463,0.228912,0
607390938213384191,0.198213,0
607390938347601919,0.211485,0
607390938481819647,0.24054,0
607390938616037375,0.22916,0
607390938750255103,0.212278,0
607390939018690559,0.255823,0
607390939152908287,0.286833,0
607390939287126015,0.245025,0
607390939421343743,0.261239,0
607390939555561471,0.281106,0
607390939689779199,0.28269,0
607390939823996927,0.253159,0
607390940092432383,0.20172,0
607390940226650111,0.208417,0
607390940360867839,0.191158,0
607390940495085567,0.208946,0
607390940629303295,0.215245,0
607390940763521023,0.216157,0
607390940897738751,0.184363,0
607390942239916031,0.240007,0
607390942374133759,0.248147,0
607390942508351487,0.223025,0
607390942642569215,0.234316,0
607390942776786943,0.273851,0
607390942911004671,0.25998,0
607390943045222399,0.260661,0
607390943313657855,0.227088,0
607390943447875583,0.222516,0
607390943582093311,0.233904,0
607390943716311039,0.217358,0
607390943850528767,0.253246,0
607390943984746495,0.232,0
607390944118964223,0.243804,0
607390944387399679,0.237125,0
607390944521617407,0.237833,0
607390944655835135,0.23604,0
607390944790052863,0.239509,0
607390944924270591,0.2203,0
607390945058488319,0.22783,0
607390945192706047,0.21797,0
607390945461141503,0.227645,0
607390945595359231,0.226067,0
607390945729576959,0.235429,0
607390945863794687,0.218158,0
607390945998012415,0.242686,0
607390946132230143,0.234276,0
607390946266447871,0.237056,0
607390946534883327,0.188176,0
607390946669101055,0.223245,0
607390946803318783,0.151155,0
607390946937536511,0.205154,0
607390947071754239,0.268493,0
607390947205971967,0.203921,0
607390947340189695,0.220567,0
607390947608625151,0.279977,0
607390947742842879,0.274792,0
607390947877060607,0.270122,0
607390948011278335,0.25126,0
607390948145496063,0.25564,0
607390948279713791,0.254331,0
607390948413931519,0.263625,0
607390948682366975,0.180057,0
607390948816584703,0.239469,0
607390948950802431,0.155855,0
607390949085020159,0.213678,0
607390949219237887,0.153785,0
607390949353455615,0.198627,0
607390949487673343,0.148553,0
607390950829850623,0.262103,0
607390950964068351,0.287702,0
607390951098286079,0.253017,0
607390951232503807,0.270412,0
607390951366721535,0.231944,0
607390951500939263,0.253244,0
607390951635156991,0.254042,0
607390951903592447,0.252527,0
607390952037810175,0.340371,0
607390952172027903,0.260541,0
607390952306245631,0.287963,0
607390952440463359,0.265057,0
607390952574681087,0.307833,0
607390952708898815,0.277232,0
607390952977334271,0.25592,0
607390953111551999,0.276522,0
607390953245769727,0.241316,0
607390953379987455,0.247072,0
607390953514205183,0.254326,0
607390953648422911,0.255839,0
607390953782640639,0.258677,0
607390954051076095,0.26027,0
607390954185293823,0.30036,0
607390954319511551,0.259683,0
607390954453729279,0.255182,0
607390954587947007,0.261833,0
607390954722164735,0.270643,0
607390954856382463,0.277974,0
607390955124817919,0.247302,0
607390955259035647,0.225727,0
607390955393253375,0.242171,0
607390955527471103,0.233407,0
607390955661688831,0.249847,0
607390955795906559,0.232242,0
607390955930124287,0.262257,0
607390956198559743,0.247061,0
607390956332777471,0.277228,0
607390956466995199,0.22029,0
607390956601212927,0.258431,0
607390956735430655,0.24213,0
607390956869648383,0.25376,0
607390957003866111,0.213945,0
607390957272301567,0.234614,0
607390957406519295,0.254753,0
607390957540737023,0.242541,0
607390957674954751,0.242702,0
607390957809172479,0.236644,0
607390957943390207,0.239958,0
607390958077607935,0.229344,0
607390959419785215,0.252948,0
607390959554002943,0.2011,0
607390959688220671,0.191826,0
607390959822438399,0.204226,0
607390959956656127,0.115738,0
607390960090873855,0.268744,0
607390960225091583,0.155359,0
607390960493527039,0.229177,0
607390960627744767,0.242899,0
607390960761962495,0.264466,0
607390960896180223,0.26686,0
607390961030397951,0.231391,0
607390961164615679,0.243339,0
607390961298833407,0.2375,0
607390961567268863,0.175657,0
607390961701486591,0.17792,0
607390961835704319,0.172646,0
607390961969922047,0.158773,0
607390962104139775,0.157379,0
607390962238357503,0.156443,0
607390962372575231,0.140748,0
607390962641010687,0.221463,0
607390962775228415,0.217576,0
607390962909446143,0.17961,0
607390963043663871,0.197425,0
607390963177881599,0.219909,0
607390963312099327,0.237262,0
607390963446317055,0.199425,0
607390963714752511,0.0916939,0
607390963848970239,0.108226,0
607390963983187967,0.104343,0
607390964117405695,0.121192,0
607390964251623423,0.103739,0
607390964385841151,0.0927396,0
607390964520058879,0.0837413,0
607390964788494335,0.193474,0
607390964922712063,0.214999,0
607390965056929791,0.21926,0
607390965191147519,0.197449,0
607390965325365247,0.280963,0
607390965459582975,0.190429,0
607390965593800703,0.134989,0
607390965862236159,0.0921499,0
607390965996453887,0.167579,0
607390966130671615,0.0626635,0
607390966264889343,0.101083,0
607390966399107071,0.0985282,0
607390966533324799,0.119395,0
607390966667542527,0.0749429,0
607390985189588991,0.105261,0
607390985323806719,0.107612,0
607390985458024447,0.131756,0
607390985592242175,0.101202,0
607390985726459903,0.088918,0
607390985860677631,0.0985174,0
607390985994895359,0.110303,0
607390986263330815,0.111819,0
607390986397548543,0.120228,0
607390986531766271,0.126546,0
607390986665983999,0.112181,0
607390986800201727,0.0991717,0
607390986934419455,0.110859,0
607390987068637183,0.102225,0
607390987337072639,0.0312114,0
607390987471290367,0.147197,0
607390987605508095,0.0386633,0
607390987739725823,0.0381731,0
607390987873943551,0.0454304,0
607390988008161279,0.165654,0
607390988142379007,0.0287786,0
607390988410814463,0.117956,0
607390988545032191,0.123305,0
607390988679249919,0.113659,0
607390988813467647,0.121356,0
607390988947685375,0.104747,0
607390989081903103,0.117849,0
607390989216120831,0.105681,0
607390989618774015,0.0736286,0
607390989887209471,0.0769501,0
607390990558298111,0.10893,0
607390990692515839,0.100015,0
607390990826733567,0.0968552,0
607390990960951295,0.102632,0
607390991095169023,0.0874516,0
607390991229386751,0.0894461,0
607390991363604479,0.0756941,0
607390991766257663,0.0505105,0
607390992034693119,0.0316219,0
607391002503675903,0.0402265,0
607391002772111359,0.054345,0
607391003443199999,0.0546766,0
607391003577417727,0.0474027,0
607391003711635455,0.0356253,0
607391003845853183,0.0297924,0
607391003980070911,0.0755276,0
607391004114288639,0.13625,0
607391004248506367,0.0482703,0
607391004651159551,0.0343599,0
607391004919595007,0.0163701,0
607391005590683647,0.039147,0
607391005724901375,0.0375288,0
607391005859119103,0.0373141,0
607391005993336831,0.0398829,0
607391006127554559,0.0384136,0
607391006261772287,0.0351591,0
607391006395990015,0.0468402,0
607391007872385023,0.0322777,0
607391008140820479,0.0407911,0
607391020757286911,0.0401783,0
607391021025722367,0.0533237,0
607391022904770559,0.086306,0
607391023173206015,0.0698278,0
607391023441641471,0.127115,0
607392213550235647,0.422302,0
607392213684453375,0.421814,0
607392213818671103,0.392619,0
607392213952888831,0.39816,0
607392214087106559,0.420233,0
607392214221324287,0.415542,0
607392214355542015,0.410742,0
607392214623977471,0.417414,0
607392214758195199,0.448512,0
607392214892412927,0.429667,0
607392215026630655,0.433272,0
607392215160848383,0.453231,0
607392215295066111,0.431768,0
607392215429283839,0.45485,0
607392215697719295,0.39032,0
607392215831937023,0.402637,0
607392215966154751,0.353281,0
607392216100372479,0.390896,0
607392216234590207,0.381692,0
607392216368807935,0.394588,0
607392216503025663,0.389741,0
607392216771461119,0.434257,0
607392216905678847,0.423455,0
607392217039896575,0.415108,0
607392217174114303,0.415393,0
607392217308332031,0.407886,0
607392217442549759,0.416338,0
607392217576767487,0.413333,0
607392217845202943,0.460422,0
607392217979420671,0.443508,0
607392218113638399,0.452152,0
607392218247856127,0.434894,0
607392218382073855,0.48915,0
607392218516291583,0.463767,0
607392218650509311,0.467726,0
607392218918944767,0.438385,0
607392219053162495,0.475693,0
607392219187380223,0.438844,0
607392219321597951,0.453555,0
607392219455815679,0.453416,0
607392219590033407,0.437995,0
607392219724251135,0.466065,0
607392219992686591,0.402424,0
607392220126904319,0.399713,0
607392220261122047,0.428987,0
607392220395339775,0.419443,0
607392220529557503,0.42567,0
607392220663775231,0.412088,0
607392220797992959,0.461236,0
607392222140170239,0.383871,0
607392222274387967,0.426077,0
607392222408605695,0.401001,0
607392222542823423,0.425016,0
607392222677041151,0.388344,0
607392222811258879,0.46547,0
607392222945476607,0.416142,0
607392223213912063,0.423721,0
607392223348129791,0.449415,0
607392223482347519,0.391103,0
607392223616565247,0.441023,0
607392223750782975,0.415178,0
607392223885000703,0.430066,0
607392224019218431,0.422952,0
607392224287653887,0.378044,0
607392224421871615,0.433768,0
607392224556089343,0.402946,0
607392224690307071,0.409177,0
607392224824524799,0.383902,0
607392224958742527,0.392815,0
607392225092960255,0.410919,0
607392225361395711,0.461727,0
607392225495613439,0.450113,0
607392225629831167,0.433188,0
607392225764048895,0.5829,0
607392225898266623,0.408401,0
607392226032484351,0.44319,0
607392226166702079,0.413151,0
607392226435137535,0.419081,0
607392226569355263,0.452593,0
607392226703572991,0.433012,0
607392226837790719,0.415174,0
607392226972008447,0.454559,0
607392227106226175,0.450776,0
607392227240443903,0.439708,0
607392227508879359,0.477466,0
607392227643097087,0.456145,0
607392227777314815,0.470912,0
607392227911532543,0.438001,0
607392228045750271,0.476091,0
607392228179967999,0.467583,0
607392228314185727,0.463296,0
607392228582621183,0.427004,0
607392228716838911,0.434593,0
607392228851056639,0.418427,0
607392228985274367,0.430808,0
607392229119492095,0.413545,0
607392229253709823,0.40497,0
607392229387927551,0.398784,0
607392230730104831,0.350117,0
607392230864322559,0.295272,0
607392230998540287,0.305721,0
607392231132758015,0.309437,0
607392231266975743,0.347105,0
607392231401193471,0.375654,0
607392231535411199,0.322016,0
607392231803846655,0.360135,0
607392231938064383,0.344421,0
607392232072282111,0.305865,0
607392232206499839,0.314592,0
607392232340717567,0.340209,0
607392232474935295,0.359515,0
607392232609153023,0.349789,0
607392232877588479,0.276195,0
607392233011806207,0.271406,0
607392233146023935,0.289316,0
607392233280241663,0.271614,0
607392233414459391,0.290729,0
607392233548677119,0.298573,0
607392233682894847,0.308193,0
607392233951330303,0.289827,0
607392234085548031,0.282408,0
607392234219765759,0.267867,0
607392234353983487,0.282969,0
607392234488201215,0.277977,0
607392234622418943,0.296729,0
607392234756636671,0.27595,0
607392235025072127,0.44149,0
607392235159289855,0.382927,0
607392235293507583,0.426176,0
607392235427725311,0.372546,0
607392235561943039,0.459663,0
607392235696160767,0.455927,0
607392235830378495,0.431738,0
607392236098813951,0.423228,0
607392236233031679,0.361195,0
607392236367249407,0.402108,0
607392236501467135,0.38504,0
607392236635684863,0.423326,0
607392236769902591,0.422576,0
607392236904120319,0.404297,0
607392237172555775,0.382419,0
607392237306773503,0.353336,0
607392237440991231,0.373236,0
607392237575208959,0.354912,0
607392237709426687,0.408181,0
607392237843644415,0.407781,0
607392237977862143,0.385402,0
607392239320039423,0.316484,0
607392239454257151,0.366128,0
607392239588474879,0.276687,0
607392239722692607,0.334701,0
607392239856910335,0.34921,0
607392239991128063,0.373531,0
607392240125345791,0.306965,0
607392240393781247,0.368796,0
607392240527998975,0.604493,0
607392240662216703,0.424048,0
607392240796434431,0.567936,0
607392240930652159,0.402652,0
607392241064869887,0.40273,0
607392241199087615,0.367753,0
607392241467523071,0.297976,0
607392241601740799,0.275242,0
607392241735958527,0.24353,0
607392241870176255,0.280798,0
607392242004393983,0.275714,0
607392242138611711,0.305701,0
607392242272829439,0.255221,0
607392242541264895,0.298486,0
607392242675482623,0.344863,0
607392242809700351,0.271113,0
607392242943918079,0.274697,0
607392243078135807,0.364014,0
607392243212353535,0.335041,0
607392243346571263,0.307388,0
607392243615006719,0.364169,0
607392243749224447,0.365381,0
607392243883442175,0.345563,0
607392244017659903,0.353249,0
607392244151877631,0.383029,0
607392244286095359,0.402356,0
607392244420313087,0.377975,0
607392244688748543,0.400109,0
607392244822966271,0.423749,0
607392244957183999,0.390588,0
607392245091401727,0.415828,0
607392245225619455,0.380029,0
607392245359837183,0.410955,0
607392245494054911,0.385944,0
607392245762490367,0.290427,0
607392245896708095,0.281897,0
607392246030925823,0.270402,0
607392246165143551,0.304449,0
607392246299361279,0.313354,0
607392246433579007,0.328507,0
607392246567796735,0.293162,0
607392247909974015,0.545178,0
607392248044191743,0.446198,0
607392248178409471,0.499434,0
607392248312627199,0.45661,0
607392248446844927,0.507421,0
607392248581062655,0.505172,0
607392248715280383,0.484801,0
607392248983715839,0.492333,0
607392249117933567,0.484237,0
607392249252151295,0.472455,0
607392249386369023,0.471483,0
607392249520586751,0.451657,0
607392249654804479,0.465437,0
607392249789022207,0.448241,0
607392250057457663,0.497831,0
607392250191675391,0.493454,0
607392250325893119,0.472834,0
607392250460110847,0.474399,0
607392250594328575,0.465167,0
607392250728546303,0.532697,0
607392250862764031,0.445027,0
607392251131199487,0.485755,0
607392251265417215,0.474263,0
607392251399634943,0.481393,0
607392251533852671,0.478605,0
607392251668070399,0.445201,0
607392251802288127,0.482755,0
607392251936505855,0.477208,0
607392252204941311,0.556667,0
607392252339159039,0.52298,0
607392252473376767,0.561123,0
607392252607594495,0.51186,0
607392252741812223,0.593866,0
607392252876029951,0.544278,0
607392253010247679,0.572172,0
607392253278683135,0.556403,0
607392253412900863,0.472646,0
607392253547118591,0.568088,0
607392253681336319,0.480507,0
607392253815554047,0.510961,0
607392253949771775,0.481761,0
607392254083989503,0.514081,0
607392254352424959,0.601564,0
607392254486642687,0.483703,0
607392254620860415,0.523173,0
607392254755078143,0.476275,0
607392254889295871,0.538961,0
607392255023513599,0.505985,0
607392255157731327,0.501868,0
607392256499908607,0.452864,0
607392256634126335,0.451042,0
607392256768344063,0.451011,0
607392256902561791,0.46187,0
607392257036779519,0.482143,0
607392257170997247,0.476402,0
607392257305214975,0.471035,0
607392257573650431,0.471127,0
607392257707868159,0.489786,0
607392257842085887,0.476319,0
607392257976303615,0.513645,0
607392258110521343,0.459546,0
607392258244739071,0.505265,0
607392258378956799,0.450473,0
607392258647392255,0.45304,0
607392258781609983,0.450483,0
607392258915827711,0.448154,0
607392259050045439,0.450828,0
607392259184263167,0.440776,0
607392259318480895,0.450538,0
607392259452698623,0.456659,0
607392259721134079,0.421252,0
607392259855351807,0.455859,0
607392259989569535,0.464812,0
607392260123787263,0.457073,0
607392260258004991,0.450531,0
607392260392222719,0.489161,0
607392260526440447,0.445055,0
607392260794875903,0.453838,0
607392260929093631,0.457076,0
607392261063311359,0.474941,0
607392261197529087,0.483846,0
607392261331746815,0.442918,0
607392261465964543,0.448797,0
607392261600182271,0.455378,0
607392261868617727,0.453137,0
607392262002835455,0.450194,0
607392262137053183,0.460363,0
607392262271270911,0.463302,0
607392262405488639,0.448528,0
607392262539706367,0.464844,0
607392262673924095,0.449982,0
607392262942359551,0.448067,0
607392263076577279,0.453476,0
607392263210795007,0.451809,0
607392263345012735,0.452554,0
607392263479230463,0.468365,0
607392263613448191,0.469366,0
607392263747665919,0.451164,0
607392265089843199,0.517043,0
607392265224060927,0.437231,0
607392265358278655,0.517366,0
607392265492496383,0.481259,0
607392265626714111,0.501375,0
607392265760931839,0.470159,0
607392265895149567,0.479921,0
607392266163585023,0.455599,0
607392266297802751,0.449499,0
607392266432020479,0.469438,0
607392266566238207,0.43895,0
607392266700455935,0.434472,0
607392266834673663,0.453895,0
607392266968891391,0.418509,0
607392267237326847,0.500786,0
607392267371544575,0.483654,0
607392267505762303,0.496525,0
607392267639980031,0.446509,0
607392267774197759,0.503218,0
607392267908415487,0.514277,0
607392268042633215,0.479539,0
607392268311068671,0.486169,0
607392268445286399,0.430984,0
607392268579504127,0.489743,0
607392268713721855,0.435314,0
607392268847939583,0.455467,0
607392268982157311,0.460921,0
607392269116375039,0.459658,0
607392269384810495,0.571216,0
607392269519028223,0.491358,0
607392269653245951,0.577929,0
607392269787463679,0.5183,0
607392269921681407,0.607895,0
607392270055899135,0.527499,0
607392270190116863,0.540157,0
607392270458552319,0.52138,0
607392270592770047,0.426776,0
607392270726987775,0.483115,0
607392270861205503,0.445851,0
607392270995423231,0.501581,0
607392271129640959,0.488214,0
607392271263858687,0.47505,0
607392271532294143,0.586821,0
607392271666511871,0.501048,0
607392271800729599,0.569559,0
607392271934947327,0.495382,0
607392272069165055,0.590446,0
607392272203382783,0.534449,0
607392272337600511,0.539838,0
607392282269712383,0.409189,0
607392282403930111,0.447574,0
607392282538147839,0.40827,0
607392282672365567,0.405414,0
607392282806583295,0.437515,0
607392282940801023,0.430753,0
607392283075018751,0.428883,0
607392283343454207,0.428944,0
607392283477671935,0.400597,0
607392283611889663,0.48041,0
607392283746107391,0.429072,0
607392283880325119,0.438612,0
607392284014542847,0.418103,0
607392284148760575,0.409954,0
607392284417196031,0.350433,0
607392284551413759,0.397726,0
607392284685631487,0.341579,0
607392284819849215,0.386111,0
607392284954066943,0.385425,0
607392285088284671,0.376222,0
607392285222502399,0.368609,0
607392285490937855,0.385999,0
607392285625155583,0.412247,0
607392285759373311,0.382849,0
607392285893591039,0.449761,0
607392286027808767,0.410803,0
607392286162026495,0.407147,0
607392286296244223,0.402613,0
607392286564679679,0.486823,0
607392286698897407,0.471455,0
607392286833115135,0.474401,0
607392286967332863,0.458257,0
607392287101550591,0.510459,0
607392287235768319,0.489705,0
607392287369986047,0.532434,0
607392287638421503,0.452362,0
607392287772639231,0.445956,0
607392287906856959,0.444616,0
607392288041074687,0.430713,0
607392288175292415,0.486951,0
607392288309510143,0.455574,0
607392288443727871,0.478026,0
607392288712163327,0.42622,0
607392288846381055,0.420705,0
607392288980598783,0.402564,0
607392289114816511,0.37699,0
607392289249034239,0.446372,0
607392289383251967,0.419084,0
607392289517469695,0.449759,0
607392290859646975,0.592356,0
607392290993864703,0.477155,0
607392291128082431,0.394328,0
607392291262300159,0.521447,0
607392291396517887,0.642521,0
607392291530735615,0.55454,0
607392291664953343,0.550977,0
607392291933388799,0.443689,0
607392292067606527,0.442795,0
607392292201824255,0.487809,0
607392292336041983,0.398823,0
607392292470259711,0.480636,0
607392292604477439,0.427483,0
607392292738695167,0.598795,0
607392293007130623,0.340425,0
607392293141348351,0.329931,0
607392293275566079,0.332411,0
607392293409783807,0.328948,0
607392293544001535,0.37927,0
607392293678219263,0.358105,0
607392293812436991,0.375799,0
607392294080872447,0.37204,0
607392294215090175,0.377804,0
607392294349307903,0.369372,0
607392294483525631,0.351173,0
607392294617743359,0.510698,0
607392294751961087,0.370675,0
607392294886178815,0.360528,0
607392295154614271,0.456347,0
607392295288831999,0.461494,0
607392295423049727,0.412104,0
607392295557267455,0.444931,0
607392295691485183,0.459346,0
607392295825702911,0.455062,0
607392295959920639,0.420344,0
607392296228356095,0.437114,0
607392296362573823,0.420652,0
607392296496791551,0.490161,0
607392296631009279,0.516743,0
607392296765227007,0.437293,0
607392296899444735,0.448918,0
607392297033662463,0.425058,0
607392297302097919,0.515224,0
607392297436315647,0.610603,0
607392297570533375,0.481881,0
607392297704751103,0.476052,0
607392297838968831,0.447918,0
607392297973186559,0.448839,0
607392298107404287,0.414129,0
607392299449581567,0.363824,0
607392299583799295,0.590451,0
607392299718017023,0.542577,0
607392299852234751,0.463822,0
607392299986452479,0.491902,0
607392300120670207,0.396163,0
607392300254887935,0.474026,0
607392300523323391,0.577305,0
607392300657541119,0.444228,0
607392300791758847,0.528409,0
607392300925976575,0.478164,0
607392301060194303,0.417581,0
607392301194412031,0.489063,0
607392301328629759,0.534923,0
607392301597065215,0.487324,0
607392301731282943,0.453619,0
607392301865500671,0.464429,0
607392301999718399,0.388462,0
607392302133936127,0.557815,0
607392302268153855,0.502482,0
607392302402371583,0.515647,0
607392302670807039,0.394519,0
607392302805024767,0.340538,0
607392302939242495,0.367742,0
607392303073460223,0.336729,0
607392303207677951,0.389094,0
607392303341895679,0.379115,0
607392303476113407,0.440038,0
607392303744548863,0.401392,0
607392303878766591,0.428534,0
607392304012984319,0.383365,0
607392304147202047,0.398742,0
607392304281419775,0.405781,0
607392304415637503,0.402266,0
607392304549855231,0.453429,0
607392304818290687,0.386657,0
607392304952508415,0.378743,0
607392305086726143,0.37744,0
607392305220943871,0.365396,0
607392305355161599,0.386322,0
607392305489379327,0.37287,0
607392305623597055,0.416233,0
607392305892032511,0.418801,0
607392306026250239,0.498226,0
607392306160467967,0.397526,0
607392306294685695,0.483455,0
607392306428903423,0.40488,0
607392306563121151,0.488233,0
607392306697338879,0.46104,0
607392308039516159,0.332995,0
607392308173733887,0.30837,0
607392308307951615,0.328278,0
607392308442169343,0.310435,0
607392308576387071,0.33437,0
607392308710604799,0.330995,0
607392308844822527,0.348645,0
607392309113257983,0.282576,0
607392309247475711,0.259111,0
607392309381693439,0.281076,0
607392309515911167,0.265197,0
607392309650128895,0.312478,0
607392309784346623,0.289997,0
607392309918564351,0.286473,0
607392310186999807,0.295787,0
607392310321217535,0.274839,0
607392310455435263,0.304277,0
607392310589652991,0.279265,0
607392310723870719,0.295378,0
607392310858088447,0.290067,0
607392310992306175,0.286248,0
607392311260741631,0.250167,0
607392311394959359,0.256702,0
607392311529177087,0.250776,0
607392311663394815,0.245198,0
607392311797612543,0.283335,0
607392311931830271,0.273337,0
607392312066047999,0.266161,0
607392312334483455,0.416488,0
607392312468701183,0.449202,0
607392312602918911,0.484756,0
607392312737136639,0.377046,0
607392312871354367,0.487181,0
607392313005572095,0.511658,0
607392313139789823,0.602895,0
607392313408225279,0.365812,0
607392313542443007,0.331087,0
607392313676660735,0.348617,0
607392313810878463,0.347455,0
607392313945096191,0.388401,0
607392314079313919,0.386489,0
607392314213531647,0.383262,0
607392314481967103,0.350799,0
607392314616184831,0.335475,0
607392314750402559,0.334219,0
607392314884620287,0.300733,0
607392315018838015,0.439148,0
607392315153055743,0.364798,0
607392315287273471,0.350296,0
607392316629450751,0.477662,0
607392316763668479,0.487628,0
607392316897886207,0.498783,0
607392317032103935,0.499124,0
607392317166321663,0.476981,0
607392317300539391,0.496861,0
607392317434757119,0.48144,0
607392317703192575,0.482885,0
607392317837410303,0.50312,0
607392317971628031,0.454562,0
607392318105845759,0.479104,0
607392318240063487,0.510116,0
607392318374281215,0.511631,0
607392318508498943,0.500555,0
607392318776934399,0.500731,0
607392318911152127,0.522761,0
607392319045369855,0.526768,0
607392319179587583,0.5228,0
607392319313805311,0.494075,0
607392319448023039,0.501285,0
607392319582240767,0.503503,0
607392319850676223,0.539552,0
607392319984893951,0.532936,0
607392320119111679,0.530503,0
607392320253329407,0.497987,0
607392320387547135,0.515239,0
607392320521764863,0.479175,0
607392320655982591,0.523328,0
607392320924418047,0.486992,0
607392321058635775,0.517944,0
607392321192853503,0.481718,0
607392321327071231,0.491451,0
607392321461288959,0.472119,0
607392321595506687,0.49123,0
607392321729724415,0.453943,0
607392321998159871,0.457672,0
607392322132377599,0.48408,0
607392322266595327,0.46853,0
607392322400813055,0.496274,0
607392322535030783,0.44321,0
607392322669248511,0.477031,0
607392322803466239,0.447069,0
607392323071901695,0.470497,0
607392323206119423,0.506623,0
607392323340337151,0.512945,0
607392323474554879,0.512114,0
607392323608772607,0.44198,0
607392323742990335,0.482529,0
607392323877208063,0.447432,0
607392325219385343,0.464735,0
607392325353603071,0.485758,0
607392325487820799,0.444966,0
607392325622038527,0.448642,0
607392325756256255,0.506368,0
607392325890473983,0.475776,0
607392326024691711,0.475213,0
607392326293127167,0.470652,0
607392326427344895,0.460276,0
607392326561562623,0.495034,0
607392326695780351,0.479061,0
607392326829998079,0.464458,0
607392326964215807,0.463173,0
607392327098433535,0.4657,0
607392327366868991,0.407256,0
607392327501086719,0.449055,0
607392327635304447,0.400213,0
607392327769522175,0.433247,0
607392327903739903,0.453868,0
607392328037957631,0.451612,0
607392328172175359,0.44028,0
607392328440610815,0.447902,0
607392328574828543,0.429989,0
607392328709046271,0.448529,0
607392328843263999,0.445442,0
607392328977481727,0.441997,0
607392329111699455,0.437206,0
607392329245917183,0.463235,0
607392329514352639,0.498672,0
607392329648570367,0.505076,0
607392329782788095,0.491011,0
607392329917005823,0.528513,0
607392330051223551,0.537675,0
607392330185441279,0.531633,0
607392330319659007,0.519012,0
607392330588094463,0.528139,0
607392330722312191,0.530771,0
607392330856529919,0.50315,0
607392330990747647,0.509071,0
607392331124965375,0.553841,0
607392331259183103,0.537225,0
607392331393400831,0.520675,0
607392331661836287,0.458367,0
607392331796054015,0.457355,0
607392331930271743,0.476609,0
607392332064489471,0.453345,0
607392332198707199,0.483022,0
607392332332924927,0.483796,0
607392332467142655,0.460568,0
607392333809319935,0.531358,0
607392333943537663,0.491347,0
607392334077755391,0.498136,0
607392334211973119,0.51269,0
607392334346190847,0.518098,0
607392334480408575,0.54613,0
607392334614626303,0.527632,0
607392334883061759,0.541929,0
607392335017279487,0.509739,0
607392335151497215,0.49503,0
607392335285714943,0.466203,0
607392335419932671,0.51491,0
607392335554150399,0.542017,0
607392335688368127,0.508604,0
607392335956803583,0.424683,0
607392336091021311,0.448991,0
607392336225239039,0.416252,0
607392336359456767,0.463047,0
607392336493674495,0.453268,0
607392336627892223,0.461558,0
607392336762109951,0.466025,0
607392337030545407,0.432964,0
607392337164763135,0.404076,0
607392337298980863,0.412796,0
607392337433198591,0.416571,0
607392337567416319,0.481634,0
607392337701634047,0.414729,0
607392337835851775,0.4932,0
607392338104287231,0.465434,0
607392338238504959,0.498669,0
607392338372722687,0.507703,0
607392338506940415,0.519274,0
607392338641158143,0.455126,0
607392338775375871,0.461963,0
607392338909593599,0.490956,0
607392339178029055,0.491464,0
607392339312246783,0.538371,0
607392339446464511,0.489991,0
607392339580682239,0.547108,0
607392339714899967,0.476718,0
607392339849117695,0.477612,0
607392339983335423,0.488515,0
607392340251770879,0.469248,0
607392340385988607,0.502877,0
607392340520206335,0.448707,0
607392340654424063,0.476972,0
607392340788641791,0.499202,0
607392340922859519,0.514287,0
607392341057077247,0.454658,0
607392350989189119,0.186502,0
607392351123406847,0.187346,0
607392351257624575,0.182932,0
607392351391842303,0.177164,0
607392351526060031,0.202679,0
607392351660277759,0.209884,0
607392351794495487,0.192693,0
607392352062930943,0.197031,0
607392352197148671,0.199102,0
607392352331366399,0.204146,0
607392352465584127,0.195741,0
607392352599801855,0.20995,0
607392352734019583,0.222774,0
607392352868237311,0.206189,0
607392353136672767,0.177341,0
607392353270890495,0.182459,0
607392353405108223,0.179588,0
607392353539325951,0.180508,0
607392353673543679,0.180123,0
607392353807761407,0.185248,0
607392353941979135,0.178224,0
607392354210414591,0.188719,0
607392354344632319,0.196329,0
607392354478850047,0.17778,0
607392354613067775,0.181069,0
607392354747285503,0.187497,0
607392354881503231,0.187659,0
607392355015720959,0.1935,0
607392355284156415,0.207603,0
607392355418374143,0.21546,0
607392355552591871,0.195764,0
607392355686809599,0.191907,0
607392355821027327,0.244276,0
607392355955245055,0.236198,0
607392356089462783,0.203463,0
607392356357898239,0.209132,0
607392356492115967,0.21953,0
607392356626333695,0.215385,0
607392356760551423,0.221538,0
607392356894769151,0.201413,0
607392357028986879,0.22514,0
607392357163204607,0.212997,0
607392357431640063,0.181044,0
607392357565857791,0.182532,0
607392357700075519,0.177027,0
607392357834293247,0.171112,0
607392357968510975,0.186694,0
607392358102728703,0.178223,0
607392358236946431,0.188902,0
607392359579123711,0.205239,0
607392359713341439,0.211435,0
607392359847559167,0.201055,0
607392359981776895,0.188265,0
607392360115994623,0.220907,0
607392360250212351,0.201378,0
607392360384430079,0.20868,0
607392360652865535,0.227108,0
607392360787083263,0.221134,0
607392360921300991,0.218278,0
607392361055518719,0.227274,0
607392361189736447,0.21725,0
607392361323954175,0.237116,0
607392361458171903,0.211363,0
607392361726607359,0.199655,0
607392361860825087,0.187245,0
607392361995042815,0.192076,0
607392362129260543,0.18176,0
607392362263478271,0.206145,0
607392362397695999,0.197745,0
607392362531913727,0.202838,0
607392362800349183,0.195146,0
607392362934566911,0.211257,0
607392363068784639,0.196434,0
607392363203002367,0.196972,0
607392363337220095,0.216203,0
607392363471437823,0.255178,0
607392363605655551,0.18662,0
607392363874091007,0.204764,0
607392364008308735,0.205365,0
607392364142526463,0.207007,0
607392364276744191,0.194872,0
607392364410961919,0.214074,0
607392364545179647,0.193722,0
607392364679397375,0.203936,0
607392364947832831,0.227554,0
607392365082050559,0.244207,0
607392365216268287,0.214798,0
607392365350486015,0.192695,0
607392365484703743,0.236675,0
607392365618921471,0.219992,0
607392365753139199,0.200221,0
607392366021574655,0.19538,0
607392366155792383,0.197389,0
607392366290010111,0.1841,0
607392366424227839,0.184846,0
607392366558445567,0.210787,0
607392366692663295,0.19732,0
607392366826881023,0.198141,0
607392368169058303,0.152257,0
607392368303276031,0.160527,0
607392368437493759,0.158375,0
607392368571711487,0.161554,0
607392368705929215,0.164132,0
607392368840146943,0.170865,0
607392368974364671,0.15724,0
607392369242800127,0.166384,0
607392369377017855,0.170914,0
607392369511235583,0.17422,0
607392369645453311,0.163573,0
607392369779671039,0.176805,0
607392369913888767,0.178613,0
607392370048106495,0.166966,0
607392370316541951,0.149956,0
607392370450759679,0.158179,0
607392370584977407,0.151858,0
607392370719195135,0.150949,0
607392370853412863,0.155523,0
607392370987630591,0.162313,0
607392371121848319,0.147286,0
607392371390283775,0.157399,0
607392371524501503,0.159002,0
607392371658719231,0.15952,0
607392371792936959,0.162246,0
607392371927154687,0.17763,0
607392372061372415,0.171389,0
607392372195590143,0.168846,0
607392372464025599,0.157787,0
607392372598243327,0.162576,0
607392372732461055,0.155362,0
607392372866678783,0.166378,0
607392373000896511,0.179693,0
607392373135114239,0.173722,0
607392373269331967,0.169442,0
607392373537767423,0.17016,0
607392373671985151,0.173706,0
607392373806202879,0.176521,0
607392373940420607,0.183566,0
607392374074638335,0.164087,0
607392374208856063,0.170843,0
607392374343073791,0.179772,0
607392374611509247,0.161177,0
607392374745726975,0.160448,0
607392374879944703,0.163337,0
607392375014162431,0.154488,0
607392375148380159,0.157735,0
607392375282597887,0.14491,0
607392375416815615,0.147337,0
607392376758992895,0.16909,0
607392376893210623,0.156142,0
607392377027428351,0.155536,0
607392377161646079,0.150843,0
607392377295863807,0.169512,0
607392377430081535,0.178169,0
607392377564299263,0.158677,0
607392377832734719,0.184782,0
607392377966952447,0.188863,0
607392378101170175,0.155884,0
607392378235387903,0.160866,0
607392378369605631,0.198768,0
607392378503823359,0.184363,0
607392378638041087,0.174318,0
607392378906476543,0.143807,0
607392379040694271,0.148618,0
607392379174911999,0.138812,0
607392379309129727,0.147687,0
607392379443347455,0.147986,0
607392379577565183,0.142626,0
607392379711782911,0.148559,0
607392379980218367,0.148918,0
607392380114436095,0.151181,0
607392380248653823,0.142502,0
607392380382871551,0.152747,0
607392380517089279,0.155531,0
607392380651307007,0.144718,0
607392380785524735,0.14156,0
607392381053960191,0.182346,0
607392381188177919,0.174531,0
607392381322395647,0.173459,0
607392381456613375,0.161439,0
607392381590831103,0.166409,0
607392381725048831,0.175325,0
607392381859266559,0.166988,0
607392382127702015,0.17828,0
607392382261919743,0.175894,0
607392382396137471,0.174036,0
607392382530355199,0.18029,0
607392382664572927,0.181906,0
607392382798790655,0.185338,0
607392382933008383,0.166559,0
607392383201443839,0.155839,0
607392383335661567,0.149204,0
607392383469879295,0.153105,0
607392383604097023,0.155915,0
607392383738314751,0.164344,0
607392383872532479,0.154833,0
607392384006750207,0.163691,0
607392385348927487,0.31574,0
607392385483145215,0.332014,0
607392385617362943,0.307353,0
607392385751580671,0.260743,0
607392385885798399,0.359285,0
607392386020016127,0.333987,0
607392386154233855,0.347874,0
607392386422669311,0.282574,0
607392386556887039,0.28017,0
607392386691104767,0.279667,0
607392386825322495,0.271876,0
607392386959540223,0.299222,0
607392387093757951,0.295548,0
607392387227975679,0.283582,0
607392387496411135,0.264501,0
607392387630628863,0.250741,0
607392387764846591,0.260353,0
607392387899064319,0.251696,0
607392388033282047,0.283839,0
607392388167499775,0.26663,0
607392388301717503,0.288972,0
607392388570152959,0.235944,0
607392388704370687,0.208343,0
607392388838588415,0.240176,0
607392388972806143,0.223669,0
607392389107023871,0.251604,0
607392389241241599,0.238409,0
607392389375459327,0.259195,0
607392389643894783,0.405422,0
607392389778112511,0.384659,0
607392389912330239,0.423772,0
607392390046547967,0.390217,0
607392390180765695,0.41646,0
607392390314983423,0.388043,0
607392390449201151,0.415892,0
607392390717636607,0.34961,0
607392390851854335,0.322954,0
607392390986072063,0.354338,0
607392391120289791,0.31532,0
607392391254507519,0.367948,0
607392391388725247,0.32315,0
607392391522942975,0.37302,0
607392391791378431,0.350902,0
607392391925596159,0.330177,0
607392392059813887,0.32419,0
607392392194031615,0.315785,0
607392392328249343,0.397638,0
607392392462467071,0.387645,0
607392392596684799,0.354553,0
607392393938862079,0.233588,0
607392394073079807,0.256818,0
607392394207297535,0.23086,0
607392394341515263,0.275408,0
607392394475732991,0.228167,0
607392394609950719,0.277768,0
607392394744168447,0.240885,0
607392395012603903,0.247793,0
607392395146821631,0.238697,0
607392395281039359,0.243517,0
607392395415257087,0.258754,0
607392395549474815,0.238941,0
607392395683692543,0.218274,0
607392395817910271,0.251823,0
607392396086345727,0.257065,0
607392396220563455,0.301845,0
607392396354781183,0.222138,0
607392396488998911,0.239757,0
607392396623216639,0.233807,0
607392396757434367,0.238499,0
607392396891652095,0.225829,0
607392397160087551,0.220363,0
607392397294305279,0.23186,0
607392397428523007,0.203881,0
607392397562740735,0.230793,0
607392397696958463,0.229887,0
607392397831176191,0.238627,0
607392397965393919,0.222334,0
607392398233829375,0.261644,0
607392398368047103,0.24114,0
607392398502264831,0.253504,0
607392398636482559,0.289788,0
607392398770700287,0.23929,0
607392398904918015,0.25443,0
607392399039135743,0.263316,0
607392399307571199,0.260357,0
607392399441788927,0.268985,0
607392399576006655,0.239215,0
607392399710224383,0.282251,0
607392399844442111,0.248008,0
607392399978659839,0.276769,0
607392400112877567,0.226332,0
607392400381313023,0.240479,0
607392400515530751,0.223681,0
607392400649748479,0.21669,0
607392400783966207,0.231569,0
607392400918183935,0.267734,0
607392401052401663,0.27648,0
607392401186619391,0.203323,0
607392402528796671,0.216407,0
607392402663014399,0.206595,0
607392402797232127,0.225586,0
607392402931449855,0.20844,0
607392403065667583,0.22509,0
607392403199885311,0.233615,0
607392403334103039,0.216066,0
607392403602538495,0.208759,0
607392403736756223,0.187386,0
607392403870973951,0.203164,0
607392404005191679,0.194806,0
607392404139409407,0.257636,0
607392404273627135,0.228166,0
607392404407844863,0.204791,0
607392404676280319,0.199573,0
607392404810498047,0.199636,0
607392404944715775,0.178819,0
607392405078933503,0.184676,0
607392405213151231,0.22688,0
607392405347368959,0.202221,0
607392405481586687,0.205501,0
607392405750022143,0.185528,0
607392405884239871,0.181332,0
607392406018457599,0.190544,0
607392406152675327,0.168245,0
607392406286893055,0.20173,0
607392406421110783,0.192694,0
607392406555328511,0.191372,0
607392406823763967,0.275794,0
607392406957981695,0.262954,0
607392407092199423,0.256876,0
607392407226417151,0.229438,0
607392407360634879,0.287306,0
607392407494852607,0.269591,0
607392407629070335,0.258633,0
607392407897505791,0.279394,0
607392408031723519,0.273498,0
607392408165941247,0.27525,0
607392408300158975,0.258978,0
607392408434376703,0.320132,0
607392408568594431,0.310343,0
607392408702812159,0.294095,0
607392408971247615,0.20758,0
607392409105465343,0.216505,0
607392409239683071,0.198367,0
607392409373900799,0.206039,0
607392409508118527,0.219659,0
607392409642336255,0.232512,0
607392409776553983,0.208428,0
607392419708665855,0.218587,0
607392419842883583,0.189693,0
607392419977101311,0.204861,0
607392420111319039,0.189141,0
607392420245536767,0.217513,0
607392420379754495,0.19713,0
607392420513972223,0.194066,0
607392420782407679,0.170673,0
607392420916625407,0.263568,0
607392421050843135,0.171886,0
607392421185060863,0.16123,0
607392421319278591,0.186319,0
607392421453496319,0.275801,0
607392421587714047,0.186136,0
607392421856149503,0.16226,0
607392421990367231,0.225455,0
607392422124584959,0.154577,0
607392422258802687,0.150281,0
607392422393020415,0.186664,0
607392422527238143,0.178799,0
607392422661455871,0.16143,0
607392422929891327,0.173062,0
607392423064109055,0.167893,0
607392423198326783,0.147633,0
607392423332544511,0.161696,0
607392423466762239,0.182805,0
607392423600979967,0.182428,0
607392423735197695,0.203842,0
607392424003633151,0.212266,0
607392424137850879,0.208542,0
607392424272068607,0.216318,0
607392424406286335,0.205283,0
607392424540504063,0.248155,0
607392424674721791,0.21622,0
607392424808939519,0.264825,0
607392425077374975,0.223608,0
607392425211592703,0.219764,0
607392425345810431,0.220744,0
607392425480028159,0.196601,0
607392425614245887,0.246554,0
607392425748463615,0.245469,0
607392425882681343,0.220577,0
607392426151116799,0.207097,0
607392426285334527,0.195432,0
607392426419552255,0.202553,0
607392426553769983,0.186292,0
607392426687987711,0.214812,0
607392426822205439,0.212432,0
607392426956423167,0.222011,0
607392428298600447,0.143144,0
607392428432818175,0.140858,0
607392428567035903,0.137615,0
607392428701253631,0.123305,0
607392428835471359,0.209666,0
607392428969689087,0.130545,0
607392429103906815,0.212314,0
607392429372342271,0.132392,0
607392429506559999,0.188065,0
607392429640777727,0.121559,0
607392429774995455,0.115935,0
607392429909213183,0.147797,0
607392430043430911,0.150124,0
607392430177648639,0.132747,0
607392430446084095,0.173477,0
607392430580301823,0.132824,0
607392430714519551,0.154697,0
607392430848737279,0.111157,0
607392430982955007,0.181651,0
607392431117172735,0.165342,0
607392431251390463,0.17978,0
607392431519825919,0.122351,0
607392431654043647,0.120202,0
607392431788261375,0.114719,0
607392431922479103,0.114514,0
607392432056696831,0.126171,0
607392432190914559,0.112965,0
607392432325132287,0.128171,0
607392432593567743,0.264927,0
607392432727785471,0.213875,0
607392432862003199,0.170899,0
607392432996220927,0.173397,0
607392433130438655,0.213425,0
607392433264656383,0.297808,0
607392433398874111,0.267629,0
607392433667309567,0.165278,0
607392433801527295,0.16094,0
607392433935745023,0.206803,0
607392434069962751,0.153992,0
607392434204180479,0.236867,0
607392434338398207,0.185374,0
607392434472615935,0.240126,0
607392434741051391,0.217256,0
607392434875269119,0.18847,0
607392435009486847,0.134193,0
607392435143704575,0.146922,0
607392435277922303,0.254062,0
607392435412140031,0.244098,0
607392435546357759,0.158745,0
607392436888535039,0.220782,0
607392437022752767,0.135002,0
607392437156970495,0.156388,0
607392437291188223,0.187938,0
607392437425405951,0.23634,0
607392437559623679,0.148078,0
607392437693841407,0.199214,0
607392437962276863,0.146981,0
607392438096494591,0.146936,0
607392438230712319,0.137486,0
607392438364930047,0.138693,0
607392438499147775,0.155376,0
607392438633365503,0.16368,0
607392438767583231,0.142157,0
607392439036018687,0.136198,0
607392439170236415,0.142338,0
607392439304454143,0.14088,0
607392439438671871,0.138616,0
607392439572889599,0.143437,0
607392439707107327,0.140726,0
607392439841325055,0.147301,0
607392440109760511,0.165564,0
607392440243978239,0.126465,0
607392440378195967,0.128321,0
607392440512413695,0.124062,0
607392440646631423,0.166173,0
607392440780849151,0.133646,0
607392440915066879,0.213123,0
607392441183502335,0.221834,0
607392441317720063,0.291084,0
607392441451937791,0.233772,0
607392441586155519,0.199511,0
607392441720373247,0.235253,0
607392441854590975,0.246522,0
607392441988808703,0.240211,0
607392442257244159,0.172372,0
607392442391461887,0.177855,0
607392442525679615,0.180753,0
607392442659897343,0.178628,0
607392442794115071,0.189822,0
607392442928332799,0.170175,0
607392443062550527,0.219003,0
607392443330985983,0.212493,0
607392443465203711,0.161977,0
607392443599421439,0.195294,0
607392443733639167,0.158928,0
607392443867856895,0.216478,0
607392444002074623,0.208994,0
607392444136292351,0.272541,0
607392445478469631,0.124972,0
607392445612687359,0.138388,0
607392445746905087,0.126333,0
607392445881122815,0.132225,0
607392446015340543,0.142519,0
607392446149558271,0.130381,0
607392446283775999,0.137488,0
607392446552211455,0.117399,0
607392446686429183,0.155181,0
607392446820646911,0.113713,0
607392446954864639,0.115444,0
607392447089082367,0.159509,0
607392447223300095,0.145792,0
607392447357517823,0.134907,0
607392447625953279,0.111979,0
607392447760171007,0.12819,0
607392447894388735,0.118253,0
607392448028606463,0.125404,0
607392448162824191,0.114399,0
607392448297041919,0.111077,0
607392448431259647,0.118959,0
607392448699695103,0.099506,0
607392448833912831,0.100068,0
607392448968130559,0.0977999,0
607392449102348287,0.0922669,0
607392449236566015,0.119879,0
607392449370783743,0.0999507,0
607392449505001471,0.13004,0
607392449773436927,0.135915,0
607392449907654655,0.137801,0
607392450041872383,0.133801,0
607392450176090111,0.150789,0
607392450310307839,0.137254,0
607392450444525567,0.132571,0
607392450578743295,0.151638,0
607392450847178751,0.122756,0
607392450981396479,0.131527,0
607392451115614207,0.128237,0
607392451249831935,0.132684,0
607392451384049663,0.134924,0
607392451518267391,0.168606,0
607392451652485119,0.126129,0
607392451920920575,0.126939,0
607392452055138303,0.132961,0
607392452189356031,0.120768,0
607392452323573759,0.11274,0
607392452457791487,0.130074,0
607392452592009215,0.132131,0
607392452726226943,0.132252,0
607392454068404223,0.422054,0
607392454202621951,0.349032,0
607392454336839679,0.38672,0
607392454471057407,0.373276,0
607392454605275135,0.455008,0
607392454739492863,0.360173,0
607392454873710591,0.387923,0
607392455142146047,0.349472,0
607392455276363775,0.334091,0
607392455410581503,0.342644,0
607392455544799231,0.322937,0
607392455679016959,0.39509,0
607392455813234687,0.362221,0
607392455947452415,0.353873,0
607392456215887871,0.313762,0
607392456350105599,0.303682,0
607392456484323327,0.287359,0
607392456618541055,0.291439,0
607392456752758783,0.331411,0
607392456886976511,0.374046,0
607392457021194239,0.336329,0
607392457289629695,0.267359,0
607392457423847423,0.249319,0
607392457558065151,0.262176,0
607392457692282879,0.244699,0
607392457826500607,0.321501,0
607392457960718335,0.292298,0
607392458094936063,0.318199,0
607392458363371519,0.605766,0
607392458497589247,0.543273,0
607392458631806975,0.550541,0
607392458766024703,0.402061,0
607392458900242431,0.437108,0
607392459034460159,0.501561,0
607392459168677887,0.437945,0
607392459437113343,0.501036,0
607392459571331071,0.529556,0
607392459705548799,0.496726,0
607392459839766527,0.45607,0
607392459973984255,0.496662,0
607392460108201983,0.538563,0
607392460242419711,0.524918,0
607392460510855167,0.383101,0
607392460645072895,0.391455,0
607392460779290623,0.33688,0
607392460913508351,0.342121,0
607392461047726079,0.387592,0
607392461181943807,0.428197,0
607392461316161535,0.377142,0
607392462658338815,0.248486,0
607392462792556543,0.257014,0
607392462926774271,0.273968,0
607392463060991999,0.267778,0
607392463195209727,0.318176,0
607392463329427455,0.291305,0
607392463463645183,0.291056,0
607392463732080639,0.274871,0
607392463866298367,0.259863,0
607392464000516095,0.246237,0
607392464134733823,0.246648,0
607392464268951551,0.292455,0
607392464403169279,0.280802,0
607392464537387007,0.278038,0
607392464805822463,0.208895,0
607392464940040191,0.201879,0
607392465074257919,0.211753,0
607392465208475647,0.20816,0
607392465342693375,0.299795,0
607392465476911103,0.243153,0
607392465611128831,0.270353,0
607392465879564287,0.282465,0
607392466013782015,0.326668,0
607392466147999743,0.221119,0
607392466282217471,0.300074,0
607392466416435199,0.26894,0
607392466550652927,0.263164,0
607392466684870655,0.255185,0
607392466953306111,0.324799,0
607392467087523839,0.337108,0
607392467221741567,0.338489,0
607392467355959295,0.303786,0
607392467490177023,0.360701,0
607392467624394751,0.372807,0
607392467758612479,0.338789,0
607392468027047935,0.329869,0
607392468161265663,0.309812,0
607392468295483391,0.319973,0
607392468429701119,0.305365,0
607392468563918847,0.329862,0
607392468698136575,0.30126,0
607392468832354303,0.350106,0
607392469100789759,0.301788,0
607392469235007487,0.281719,0
607392469369225215,0.273375,0
607392469503442943,0.283442,0
607392469637660671,0.336767,0
607392469771878399,0.33256,0
607392469906096127,0.296045,0
607392471248273407,0.251906,0
607392471382491135,0.27071,0
607392471516708863,0.250875,0
607392471650926591,0.292588,0
607392471785144319,0.266425,0
607392471919362047,0.255812,0
607392472053579775,0.243848,0
607392472322015231,0.247872,0
607392472456232959,0.248141,0
607392472590450687,0.243729,0
607392472724668415,0.245363,0
607392472858886143,0.287403,0
607392472993103871,0.265411,0
607392473127321599,0.282423,0
607392473395757055,0.244288,0
607392473529974783,0.229887,0
607392473664192511,0.23528,0
607392473798410239,0.25404,0
607392473932627967,0.239301,0
607392474066845695,0.247693,0
607392474201063423,0.215204,0
607392474469498879,0.251231,0
607392474603716607,0.233693,0
607392474737934335,0.327682,0
607392474872152063,0.218079,0
607392475006369791,0.254894,0
607392475140587519,0.254107,0
607392475274805247,0.280707,0
607392475543240703,0.237845,0
607392475677458431,0.294874,0
607392475811676159,0.251052,0
607392475945893887,0.228485,0
607392476080111615,0.23964,0
607392476214329343,0.245525,0
607392476348547071,0.22865,0
607392476616982527,0.283167,0
607392476751200255,0.314352,0
607392476885417983,0.267935,0
607392477019635711,0.284385,0
607392477153853439,0.332468,0
607392477288071167,0.320047,0
607392477422288895,0.287663,0
607392477690724351,0.238917,0
607392477824942079,0.265047,0
607392477959159807,0.235408,0
607392478093377535,0.225034,0
607392478227595263,0.241663,0
607392478361812991,0.249201,0
607392478496030719,0.239843,0
607392488428142591,0.888508,0
607392488562360319,0.845301,0
607392488696578047,0.948575,0
607392488830795775,0.890352,0
607392488965013503,0.871055,0
607392489099231231,0.821923,0
607392489233448959,0.907529,0
607392489501884415,0.776164,0
607392489636102143,0.777829,0
607392489770319871,0.827739,0
607392489904537599,0.795305,0
607392490038755327,0.751839,0
607392490172973055,0.770694,0
607392490307190783,0.796626,0
607392490575626239,0.917237,0
607392490709843967,0.85219,0
607392490844061695,0.870711,0
607392490978279423,0.867658,0
607392491112497151,0.951935,0
607392491246714879,0.914416,0
607392491380932607,0.924773,0
607392491649368063,0.863321,0
607392491783585791,0.849,0
607392491917803519,0.860694,0
607392492052021247,0.863126,0
607392492186238975,0.863893,0
607392492320456703,0.842061,0
607392492454674431,0.866753,0
607392492723109887,0.907999,0
607392492857327615,0.897211,0
607392492991545343,0.919989,0
607392493125763071,0.926603,0
607392493259980799,0.937833,0
607392493394198527,0.932524,0
607392493528416255,0.900133,0
607392493796851711,0.812371,0
607392493931069439,0.768865,0
607392494065287167,0.829667,0
607392494199504895,0.777359,0
607392494333722623,0.869831,0
607392494467940351,0.801681,0
607392494602158079,0.849851,0
607392494870593535,0.885962,0
607392495004811263,0.948227,0
607392495139028991,0.927968,0
607392495273246719,0.897752,0
607392495407464447,0.92625,0
607392495541682175,0.892532,0
607392495675899903,0.897562,0
607392497018077183,0.665895,0
607392497152294911,0.601805,0
607392497286512639,0.708193,0
607392497420730367,0.625887,0
607392497554948095,0.701957,0
607392497689165823,0.641478,0
607392497823383551,0.739742,0
607392498091819007,0.571441,0
607392498226036735,0.526159,0
607392498360254463,0.56372,0
607392498494472191,0.544748,0
607392498628689919,0.609271,0
607392498762907647,0.574677,0
607392498897125375,0.619651,0
607392499165560831,0.684834,0
607392499299778559,0.609624,0
607392499433996287,0.742369,0
607392499568214015,0.625354,0
607392499702431743,0.771124,0
607392499836649471,0.676874,0
607392499970867199,0.74303,0
607392500239302655,0.569384,0
607392500373520383,0.534935,0
607392500507738111,0.594533,0
607392500641955839,0.537756,0
607392500776173567,0.585788,0
607392500910391295,0.543013,0
607392501044609023,0.635492,0
607392501313044479,0.722687,0
607392501447262207,0.721439,0
607392501581479935,0.735297,0
607392501715697663,0.69025,0
607392501849915391,0.763684,0
607392501984133119,0.699617,0
607392502118350847,0.761877,0
607392502386786303,0.674874,0
607392502521004031,0.639093,0
607392502655221759,0.685122,0
607392502789439487,0.662928,0
607392502923657215,0.691677,0
607392503057874943,0.674054,0
607392503192092671,0.707683,0
607392503460528127,0.747859,0
607392503594745855,0.734404,0
607392503728963583,0.775318,0
607392503863181311,0.715487,0
607392503997399039,0.784237,0
607392504131616767,0.726846,0
607392504265834495,0.796076,0
607392505608011775,0.838176,0
607392505742229503,0.842892,0
607392505876447231,0.867703,0
607392506010664959,0.868726,0
607392506144882687,0.857124,0
607392506279100415,0.85024,0
607392506413318143,0.839983,0
607392506681753599,0.816765,0
607392506815971327,0.792496,0
607392506950189055,0.84261,0
607392507084406783,0.79497,0
607392507218624511,0.858681,0
607392507352842239,0.8582,0
607392507487059967,0.837337,0
607392507755495423,0.97469,0
607392507889713151,0.899552,0
607392508023930879,0.823247,0
607392508158148607,0.807056,0
607392508292366335,0.984741,0
607392508426584063,0.949776,0
607392508560801791,0.975207,0
607392508829237247,0.807149,0
607392508963454975,0.737503,0
607392509097672703,0.811003,0
607392509231890431,0.746985,0
607392509366108159,0.824904,0
607392509500325887,0.803253,0
607392509634543615,0.838032,0
607392509902979071,0.884321,0
607392510037196799,0.880699,0
607392510171414527,0.894106,0
607392510305632255,0.859741,0
607392510439849983,0.978318,0
607392510574067711,0.928181,0
607392510708285439,0.885425,0
607392510976720895,0.934066,0
607392511110938623,0.891859,0
607392511245156351,0.905504,0
607392511379374079,0.913453,0
607392511513591807,0.909468,0
607392511647809535,0.947113,0
607392511782027263,0.901482,0
607392512050462719,0.858399,0
607392512184680447,0.837102,0
607392512318898175,0.856553,0
607392512453115903,0.860745,0
607392512587333631,0.902714,0
607392512721551359,0.889117,0
607392512855769087,0.861913,0
607392514197946367,0.70579,0
607392514332164095,0.673845,0
607392514466381823,0.776111,0
607392514600599551,0.771709,0
607392514734817279,0.753634,0
607392514869035007,0.70318,0
607392515003252735,0.773823,0
607392515271688191,0.622774,0
607392515405905919,0.538656,0
607392515540123647,0.674258,0
607392515674341375,0.556676,0
607392515808559103,0.73932,0
607392515942776831,0.610806,0
607392516076994559,0.694869,0
607392516345430015,0.67732,0
607392516479647743,0.612325,0
607392516613865471,0.706635,0
607392516748083199,0.598499,0
607392516882300927,0.732696,0
607392517016518655,0.679707,0
607392517150736383,0.715716,0
607392517419171839,0.595033,0
607392517553389567,0.515933,0
607392517687607295,0.642524,0
607392517821825023,0.546707,0
607392517956042751,0.693938,0
607392518090260479,0.56443,0
607392518224478207,0.665927,0
607392518492913663,0.825287,0
607392518627131391,0.804221,0
607392518761349119,0.796814,0
607392518895566847,0.781993,0
607392519029784575,0.879509,0
607392519164002303,0.837099,0
607392519298220031,0.820583,0
607392519566655487,0.731287,0
607392519700873215,0.728549,0
607392519835090943,0.806079,0
607392519969308671,0.746762,0
607392520103526399,0.813742,0
607392520237744127,0.737996,0
607392520371961855,0.833851,0
607392520640397311,0.734235,0
607392520774615039,0.756595,0
607392520908832767,0.732666,0
607392521043050495,0.729927,0
607392521177268223,0.758628,0
607392521311485951,0.770142,0
607392521445703679,0.734432,0
607392522787880959,0.943023,0
607392522922098687,0.926836,0
607392523056316415,0.920852,0
607392523190534143,0.911557,0
607392523324751871,0.933738,0
607392523458969599,0.958984,0
607392523593187327,0.961591,0
607392523861622783,0.90417,0
607392523995840511,0.87075,0
607392524130058239,0.919376,0
607392524264275967,0.876678,0
607392524398493695,0.919262,0
607392524532711423,0.921215,0
607392524666929151,0.946011,0
607392524935364607,0.908223,0
607392525069582335,0.905357,0
607392525203800063,0.921643,0
607392525338017791,0.917872,0
607392525472235519,0.897591,0
607392525606453247,0.895951,0
607392525740670975,0.950292,0
607392526009106431,0.912849,0
607392526143324159,0.885059,0
607392526277541887,0.945879,0
607392526411759615,0.902751,0
607392526545977343,0.910522,0
607392526680195071,0.869315,0
607392526814412799,0.889426,0
607392527082848255,0.949785,0
607392527217065983,0.934644,0
607392527351283711,0.980051,0
607392527485501439,0.922854,0
607392527619719167,0.942288,0
607392527753936895,0.936686,0
607392527888154623,0.999259,0
607392528156590079,0.937015,0
607392528290807807,0.911591,0
607392528425025535,0.925222,0
607392528559243263,0.915498,0
607392528693460991,0.917496,0
607392528827678719,0.945933,0
607392528961896447,0.956325,0
607392529230331903,0.947541,0
607392529364549631,0.894328,0
607392529498767359,0.930354,0
607392529632985087,0.95117,0
607392529767202815,0.983003,0
607392529901420543,0.924344,0
607392530035638271,0.999041,0
607392531377815551,0.790003,0
607392531512033279,0.760186,0
607392531646251007,0.80223,0
607392531780468735,0.76936,0
607392531914686463,0.767947,0
607392532048904191,0.779547,0
607392532183121919,0.751844,0
607392532451557375,0.787369,0
607392532585775103,0.793072,0
607392532719992831,0.742947,0
607392532854210559,0.774022,0
607392532988428287,0.801117,0
607392533122646015,0.78929,0
607392533256863743,0.778055,0
607392533525299199,0.795429,0
607392533659516927,0.747434,0
607392533793734655,0.779263,0
607392533927952383,0.767437,0
607392534062170111,0.750556,0
607392534196387839,0.794122,0
607392534330605567,0.760593,0
607392534599041023,0.752958,0
607392534733258751,0.72179,0
607392534867476479,0.736394,0
607392535001694207,0.7314,0
607392535135911935,0.762894,0
607392535270129663,0.749821,0
607392535404347391,0.749015,0
607392535672782847,0.845888,0
607392535807000575,0.846276,0
607392535941218303,0.862801,0
607392536075436031,0.801287,0
607392536209653759,0.893459,0
607392536343871487,0.865693,0
607392536478089215,0.913455,0
607392536746524671,0.808814,0
607392536880742399,0.780134,0
607392537014960127,0.807368,0
607392537149177855,0.814785,0
607392537283395583,0.826181,0
607392537417613311,0.813004,0
607392537551831039,0.823998,0
607392537820266495,0.842697,0
607392537954484223,0.754636,0
607392538088701951,0.858842,0
607392538222919679,0.772821,0
607392538357137407,0.844296,0
607392538491355135,0.803629,0
607392538625572863,0.862267,0
607392539967750143,0.984067,0
607392540101967871,0.9545,0
607392540236185599,0.967734,0
607392540370403327,1.00962,0
607392540504621055,1.00383,0
607392540638838783,0.97465,0
607392540773056511,1.02201,0
607392541041491967,0.939734,0
607392541175709695,0.901326,0
607392541309927423,0.920353,0
607392541444145151,0.91678,0
607392541578362879,0.906796,0
607392541712580607,0.895728,0
607392541846798335,0.954856,0
607392542115233791,0.96972,0
607392542249451519,0.951117,0
607392542383669247,0.942715,0
607392542517886975,0.911395,0
607392542652104703,1.01651,0
607392542786322431,0.995598,0
607392542920540159,0.965333,0
607392543188975615,0.941876,0
607392543323193343,0.90122,0
607392543457411071,0.943727,0
607392543591628799,0.949431,0
607392543725846527,0.917687,0
607392543860064255,0.910879,0
607392543994281983,0.937698,0
607392544262717439,1.08068,0
607392544396935167,1.01228,0
607392544531152895,1.14179,0
607392544665370623,1.04278,0
607392544799588351,1.03129,0
607392544933806079,1.00199,0
607392545068023807,1.32303,0
607392545336459263,0.929914,0
607392545470676991,0.97159,0
607392545604894719,0.97253,0
607392545739112447,0.902592,0
607392545873330175,0.9642,0
607392546007547903,0.977918,0
607392546141765631,0.982487,0
607392546410201087,1.01421,0
607392546544418815,1.01429,0
607392546678636543,1.0285,0
607392546812854271,1.00319,0
607392546947071999,1.08829,0
607392547081289727,1.034,0
607392547215507455,1.19616,0
607392557147619327,0.5768,0
607392557281837055,0.549966,0
607392557416054783,0.559532,0
607392557550272511,0.501868,0
607392557684490239,0.610868,0
607392557818707967,0.57312,0
607392557952925695,0.595276,0
607392558221361151,0.517005,0
607392558355578879,0.507494,0
607392558489796607,0.517022,0
607392558624014335,0.465291,0
607392558758232063,0.551476,0
607392558892449791,0.498414,0
607392559026667519,0.54761,0
607392559295102975,0.470106,0
607392559429320703,0.446907,0
607392559563538431,0.441694,0
607392559697756159,0.428807,0
607392559831973887,0.532999,0
607392559966191615,0.501054,0
607392560100409343,0.460444,0
607392560368844799,0.501893,0
607392560503062527,0.458775,0
607392560637280255,0.451647,0
607392560771497983,0.423582,0
607392560905715711,0.471118,0
607392561039933439,0.460619,0
607392561174151167,0.477085,0
607392561442586623,0.635504,0
607392561576804351,0.624124,0
607392561711022079,0.591421,0
607392561845239807,0.605416,0
607392561979457535,0.64263,0
607392562113675263,0.634257,0
607392562247892991,0.635528,0
607392562516328447,0.593422,0
607392562650546175,0.564462,0
607392562784763903,0.586988,0
607392562918981631,0.604206,0
607392563053199359,0.604676,0
607392563187417087,0.598203,0
607392563321634815,0.627118,0
607392563590070271,0.591291,0
607392563724287999,0.574938,0
607392563858505727,0.55326,0
607392563992723455,0.562862,0
607392564126941183,0.621934,0
607392564261158911,0.600164,0
607392564395376639,0.61505,0
607392565737553919,0.459354,0
607392565871771647,0.452815,0
607392566005989375,0.43969,0
607392566140207103,0.453046,0
607392566274424831,0.480026,0
607392566408642559,0.488222,0
607392566542860287,0.459703,0
607392566811295743,0.453445,0
607392566945513471,0.451852,0
607392567079731199,0.445307,0
607392567213948927,0.447122,0
607392567348166655,0.455859,0
607392567482384383,0.457134,0
607392567616602111,0.459884,0
607392567885037567,0.445978,0
607392568019255295,0.47091,0
607392568153473023,0.464463,0
607392568287690751,0.484853,0
607392568421908479,0.44782,0
607392568556126207,0.46153,0
607392568690343935,0.442334,0
607392568958779391,0.451699,0
607392569092997119,0.447055,0
607392569227214847,0.458056,0
607392569361432575,0.452385,0
607392569495650303,0.449623,0
607392569629868031,0.478244,0
607392569764085759,0.463891,0
607392570032521215,0.502211,0
607392570166738943,0.48641,0
607392570300956671,0.495932,0
607392570435174399,0.495403,0
607392570569392127,0.516126,0
607392570703609855,0.511284,0
607392570837827583,0.491057,0
607392571106263039,0.484997,0
607392571240480767,0.467034,0
607392571374698495,0.48116,0
607392571508916223,0.467416,0
607392571643133951,0.500541,0
607392571777351679,0.48642,0
607392571911569407,0.510427,0
607392572180004863,0.447403,0
607392572314222591,0.442515,0
607392572448440319,0.449874,0
607392572582658047,0.605192,0
607392572716875775,0.461551,0
607392572851093503,0.469342,0
607392572985311231,0.45159,0
607392574327488511,0.478148,0
607392574461706239,0.449346,0
607392574595923967,0.49359,0
607392574730141695,0.522903,0
607392574864359423,0.516764,0
607392574998577151,0.46029,0
607392575132794879,0.474123,0
607392575401230335,0.416368,0
607392575535448063,0.414275,0
607392575669665791,0.415212,0
607392575803883519,0.428877,0
607392575938101247,0.426308,0
607392576072318975,0.432044,0
607392576206536703,0.419012,0
607392576474972159,0.480688,0
607392576609189887,0.509742,0
607392576743407615,0.477184,0
607392576877625343,0.455979,0
607392577011843071,0.477112,0
607392577146060799,0.54434,0
607392577280278527,0.474752,0
607392577548713983,0.487082,0
607392577682931711,0.48144,0
607392577817149439,0.457536,0
607392577951367167,0.449322,0
607392578085584895,0.462486,0
607392578219802623,0.47796,0
607392578354020351,0.558643,0
607392578622455807,0.516778,0
607392578756673535,0.508168,0
607392578890891263,0.550642,0
607392579025108991,0.49365,0
607392579159326719,0.589552,0
607392579293544447,0.52431,0
607392579427762175,0.530749,0
607392579696197631,0.483685,0
607392579830415359,0.452008,0
607392579964633087,0.492216,0
607392580098850815,0.465399,0
607392580233068543,0.530145,0
607392580367286271,0.495218,0
607392580501503999,0.513724,0
607392580769939455,0.531101,0
607392580904157183,0.480392,0
607392581038374911,0.53761,0
607392581172592639,0.481831,0
607392581306810367,0.529228,0
607392581441028095,0.499331,0
607392581575245823,0.505654,0
607392582917423103,0.456014,0
607392583051640831,0.450511,0
607392583185858559,0.438236,0
607392583320076287,0.436466,0
607392583454294015,0.4297,0
607392583588511743,0.460789,0
607392583722729471,0.435759,0
607392583991164927,0.472031,0
607392584125382655,0.480899,0
607392584259600383,0.448599,0
607392584393818111,0.438066,0
607392584528035839,0.453703,0
607392584662253567,0.476764,0
607392584796471295,0.438672,0
607392585064906751,0.492603,0
607392585199124479,0.47603,0
607392585333342207,0.452049,0
607392585467559935,0.502261,0
607392585601777663,0.434546,0
607392585735995391,0.469888,0
607392585870213119,0.441412,0
607392586138648575,0.473996,0
607392586272866303,0.475503,0
607392586407084031,0.461275,0
607392586541301759,0.476235,0
607392586675519487,0.441652,0
607392586809737215,0.460416,0
607392586943954943,0.455131,0
607392587212390399,0.458883,0
607392587346608127,0.43439,0
607392587480825855,0.435991,0
607392587615043583,0.43632,0
607392587749261311,0.429991,0
607392587883479039,0.42762,0
607392588017696767,0.42383,0
607392588286132223,0.456298,0
607392588420349951,0.45523,0
607392588554567679,0.462824,0
607392588688785407,0.471258,0
607392588823003135,0.419089,0
607392588957220863,0.436529,0
607392589091438591,0.42504,0
607392589359874047,0.462504,0
607392589494091775,0.427669,0
607392589628309503,0.495264,0
607392589762527231,0.461682,0
607392589896744959,0.457456,0
607392590030962687,0.474916,0
607392590165180415,0.461414,0
607392591507357695,0.655075,0
607392591641575423,0.660055,0
607392591775793151,0.686662,0
607392591910010879,0.639809,0
607392592044228607,0.681385,0
607392592178446335,0.665364,0
607392592312664063,0.684935,0
607392592581099519,0.667298,0
607392592715317247,0.655506,0
607392592849534975,0.636009,0
607392592983752703,0.685151,0
607392593117970431,0.642109,0
607392593252188159,0.649972,0
607392593386405887,0.645211,0
607392593654841343,0.635814,0
607392593789059071,0.634821,0
607392593923276799,0.631498,0
607392594057494527,0.66596,0
607392594191712255,0.654852,0
607392594325929983,0.635181,0
607392594460147711,0.655422,0
607392594728583167,0.627531,0
607392594862800895,0.625876,0
607392594997018623,0.592439,0
607392595131236351,0.615598,0
607392595265454079,0.657611,0
607392595399671807,0.646518,0
607392595533889535,0.626816,0
607392595802324991,0.752246,0
607392595936542719,0.695662,0
607392596070760447,0.772053,0
607392596204978175,0.725838,0
607392596339195903,0.720866,0
607392596473413631,0.725212,0
607392596607631359,0.729837,0
607392596876066815,0.635707,0
607392597010284543,0.631848,0
607392597144502271,0.683843,0
607392597278719999,0.65388,0
607392597412937727,0.654247,0
607392597547155455,0.608057,0
607392597681373183,0.678666,0
607392597949808639,0.741529,0
607392598084026367,0.697779,0
607392598218244095,0.716582,0
607392598352461823,0.714268,0
607392598486679551,0.757052,0
607392598620897279,0.740886,0
607392598755115007,0.721364,0
607392600097292287,0.578807,0
607392600231510015,0.562758,0
607392600365727743,0.590474,0
607392600499945471,0.559968,0
607392600634163199,0.59467,0
607392600768380927,0.573933,0
607392600902598655,0.591316,0
607392601171034111,0.56073,0
607392601305251839,0.538807,0
607392601439469567,0.562104,0
607392601573687295,0.533131,0
607392601707905023,0.549951,0
607392601842122751,0.525723,0
607392601976340479,0.558723,0
607392602244775935,0.551366,0
607392602378993663,0.505527,0
607392602513211391,0.540017,0
607392602647429119,0.50962,0
607392602781646847,0.586253,0
607392602915864575,0.547783,0
607392603050082303,0.572821,0
607392603318517759,0.528943,0
607392603452735487,0.519169,0
607392603586953215,0.507557,0
607392603721170943,0.501046,0
607392603855388671,0.551221,0
607392603989606399,0.541316,0
607392604123824127,0.516212,0
607392604392259583,0.649415,0
607392604526477311,0.601982,0
607392604660695039,0.64357,0
607392604794912767,0.617479,0
607392604929130495,0.625829,0
607392605063348223,0.617895,0
607392605197565951,0.625982,0
607392605466001407,0.541378,0
607392605600219135,0.521276,0
607392605734436863,0.562242,0
607392605868654591,0.551594,0
607392606002872319,0.554552,0
607392606137090047,0.526891,0
607392606271307775,0.568627,0
607392606539743231,0.644379,0
607392606673960959,0.611752,0
607392606808178687,0.645172,0
607392606942396415,0.608205,0
607392607076614143,0.653827,0
607392607210831871,0.643452,0
607392607345049599,0.652741,0
607392608687226879,0.700131,0
607392608821444607,0.696458,0
607392608955662335,0.64505,0
607392609089880063,0.629276,0
607392609224097791,0.73329,0
607392609358315519,0.712895,0
607392609492533247,0.718306,0
607392609760968703,0.635759,0
607392609895186431,0.64639,0
607392610029404159,0.636714,0
607392610163621887,0.625285,0
607392610297839615,0.657726,0
607392610432057343,0.653533,0
607392610566275071,0.661897,0
607392610834710527,0.639326,0
607392610968928255,0.622785,0
607392611103145983,0.623448,0
607392611237363711,0.617195,0
607392611371581439,0.665573,0
607392611505799167,0.64853,0
607392611640016895,0.648009,0
607392611908452351,0.58064,0
607392612042670079,0.571096,0
607392612176887807,0.577494,0
607392612311105535,0.546455,0
607392612445323263,0.642069,0
607392612579540991,0.640345,0
607392612713758719,0.600729,0
607392612982194175,0.7589,0
607392613116411903,0.734134,0
607392613250629631,0.742316,0
607392613384847359,0.747553,0
607392613519065087,0.750843,0
607392613653282815,0.737519,0
607392613787500543,0.761922,0
607392614055935999,0.712374,0
607392614190153727,0.69117,0
607392614324371455,0.739222,0
607392614458589183,0.681789,0
607392614592806911,0.697317,0
607392614727024639,0.707712,0
607392614861242367,0.710063,0
607392615129677823,0.702042,0
607392615263895551,0.679565,0
607392615398113279,0.704991,0
607392615532331007,0.682631,0
607392615666548735,0.7212,0
607392615800766463,0.702557,0
607392615934984191,0.733245,0
607392625867096063,0.540445,0
607392626001313791,0.636659,0
607392626135531519,0.549165,0
607392626269749247,0.508695,0
607392626403966975,0.614603,0
607392626538184703,0.554171,0
607392626672402431,0.543393,0
607392626940837887,0.610899,0
607392627075055615,0.549985,0
607392627209273343,0.615287,0
607392627343491071,0.534742,0
607392627477708799,0.811688,0
607392627611926527,0.530609,0
607392627746144255,0.796025,0
607392628014579711,0.526597,0
607392628148797439,0.583156,0
607392628283015167,0.540546,0
607392628417232895,0.490991,0
607392628551450623,0.53288,0
607392628685668351,0.494627,0
607392628819886079,0.502432,0
607392629088321535,0.539958,0
607392629222539263,0.510276,0
607392629356756991,0.599499,0
607392629490974719,0.466702,0
607392629625192447,0.677563,0
607392629759410175,0.504088,0
607392629893627903,0.633809,0
607392630162063359,0.673078,0
607392630296281087,0.621485,0
607392630430498815,0.643937,0
607392630564716543,0.629148,0
607392630698934271,0.75183,0
607392630833151999,0.702914,0
607392630967369727,0.7264,0
607392631235805183,0.59791,0
607392631370022911,0.683372,0
607392631504240639,0.603463,0
607392631638458367,0.626474,0
607392631772676095,0.713677,0
607392631906893823,0.688332,0
607392632041111551,0.651118,0
607392632309547007,0.576537,0
607392632443764735,0.535217,0
607392632577982463,0.579424,0
607392632712200191,0.534536,0
607392632846417919,0.616069,0
607392632980635647,0.581877,0
607392633114853375,0.585102,0
607392634457030655,0.461812,0
607392634591248383,0.426012,0
607392634725466111,0.442991,0
607392634859683839,0.400108,0
607392634993901567,0.477147,0
607392635128119295,0.462967,0
607392635262337023,0.514293,0
607392635530772479,0.436486,0
607392635664990207,0.412081,0
607392635799207935,0.424444,0
607392635933425663,0.408861,0
607392636067643391,0.48463,0
607392636201861119,0.472027,0
607392636336078847,0.423666,0
607392636604514303,0.428502,0
607392636738732031,0.378613,0
607392636872949759,0.433193,0
607392637007167487,0.429206,0
607392637141385215,0.420656,0
607392637275602943,0.399475,0
607392637409820671,0.424835,0
607392637678256127,0.397327,0
607392637812473855,0.39268,0
607392637946691583,0.377191,0
607392638080909311,0.371904,0
607392638215127039,0.397032,0
607392638349344767,0.385799,0
607392638483562495,0.389815,0
607392638751997951,0.543318,0
607392638886215679,0.512965,0
607392639020433407,0.562929,0
607392639154651135,0.526097,0
607392639288868863,0.56719,0
607392639423086591,0.57265,0
607392639557304319,0.517057,0
607392639825739775,0.5628,0
607392639959957503,0.512766,0
607392640094175231,0.521914,0
607392640228392959,0.48436,0
607392640362610687,0.552676,0
607392640496828415,0.539505,0
607392640631046143,0.507572,0
607392640899481599,0.496374,0
607392641033699327,0.462973,0
607392641167917055,0.491418,0
607392641302134783,0.455395,0
607392641436352511,0.533448,0
607392641570570239,0.516513,0
607392641704787967,0.521686,0
607392643046965247,0.490778,0
607392643181182975,0.474974,0
607392643315400703,0.474091,0
607392643449618431,0.422997,0
607392643583836159,0.480583,0
607392643718053887,0.468706,0
607392643852271615,0.464175,0
607392644120707071,0.478583,0
607392644254924799,0.4481,0
607392644389142527,0.458677,0
607392644523360255,0.452949,0
607392644657577983,0.500453,0
607392644791795711,0.526395,0
607392644926013439,0.455831,0
607392645194448895,0.43526,0
607392645328666623,0.411774,0
607392645462884351,0.404209,0
607392645597102079,0.397533,0
607392645731319807,0.432828,0
607392645865537535,0.426448,0
607392645999755263,0.449762,0
607392646268190719,0.424501,0
607392646402408447,0.406022,0
607392646536626175,0.415605,0
607392646670843903,0.375472,0
607392646805061631,0.444144,0
607392646939279359,0.424888,0
607392647073497087,0.437818,0
607392647341932543,0.499072,0
607392647476150271,0.517276,0
607392647610367999,0.455256,0
607392647744585727,0.465791,0
607392647878803455,0.541461,0
607392648013021183,0.520468,0
607392648147238911,0.525234,0
607392648415674367,0.566392,0
607392648549892095,0.497817,0
607392648684109823,0.515776,0
607392648818327551,0.503709,0
607392648952545279,0.547939,0
607392649086763007,0.532232,0
607392649220980735,0.545493,0
607392649489416191,0.443071,0
607392649623633919,0.448087,0
607392649757851647,0.444088,0
607392649892069375,0.430346,0
607392650026287103,0.456861,0
607392650160504831,0.4612,0
607392650294722559,0.433496,0
607392651636899839,0.397254,0
607392651771117567,0.395323,0
607392651905335295,0.392866,0
607392652039553023,0.384829,0
607392652173770751,0.467549,0
607392652307988479,0.437242,0
607392652442206207,0.433277,0
607392652710641663,0.434807,0
607392652844859391,0.437457,0
607392652979077119,0.395535,0
607392653113294847,0.391409,0
607392653247512575,0.442859,0
607392653381730303,0.427527,0
607392653515948031,0.451568,0
607392653784383487,0.32746,0
607392653918601215,0.333328,0
607392654052818943,0.333456,0
607392654187036671,0.308111,0
607392654321254399,0.381674,0
607392654455472127,0.336333,0
607392654589689855,0.351858,0
607392654858125311,0.34758,0
607392654992343039,0.32193,0
607392655126560767,0.324961,0
607392655260778495,0.310481,0
607392655394996223,0.371774,0
607392655529213951,0.360333,0
607392655663431679,0.342114,0
607392655931867135,0.532599,0
607392656066084863,0.45811,0
607392656200302591,0.424714,0
607392656334520319,0.426163,0
607392656468738047,0.575649,0
607392656602955775,0.563197,0
607392656737173503,0.505282,0
607392657005608959,0.474134,0
607392657139826687,0.475351,0
607392657274044415,0.481309,0
607392657408262143,0.467622,0
607392657542479871,0.499231,0
607392657676697599,0.457933,0
607392657810915327,0.464916,0
607392658079350783,0.381137,0
607392658213568511,0.420723,0
607392658347786239,0.397391,0
607392658482003967,0.383178,0
607392658616221695,0.404681,0
607392658750439423,0.389973,0
607392658884657151,0.41281,0
607392660226834431,0.828744,0
607392660361052159,0.808802,0
607392660495269887,0.819693,0
607392660629487615,0.81341,0
607392660763705343,0.819484,0
607392660897923071,0.837305,0
607392661032140799,0.784842,0
607392661300576255,0.833008,0
607392661434793983,0.802352,0
607392661569011711,0.835003,0
607392661703229439,0.811173,0
607392661837447167,0.798283,0
607392661971664895,0.800772,0
607392662105882623,0.811206,0
607392662374318079,0.768182,0
607392662508535807,0.760833,0
607392662642753535,0.754028,0
607392662776971263,0.7435,0
607392662911188991,0.804219,0
607392663045406719,0.790274,0
607392663179624447,0.755441,0
607392663448059903,0.794251,0
607392663582277631,0.778188,0
607392663716495359,0.782683,0
607392663850713087,0.735143,0
607392663984930815,0.793129,0
607392664119148543,0.814517,0
607392664253366271,0.790417,0
607392664521801727,0.871808,0
607392664656019455,0.8264,0
607392664790237183,0.84317,0
607392664924454911,0.858561,0
607392665058672639,0.851735,0
607392665192890367,0.842137,0
607392665327108095,0.835131,0
607392665595543551,0.857268,0
607392665729761279,0.842345,0
607392665863979007,0.848664,0
607392665998196735,0.84266,0
607392666132414463,0.863342,0
607392666266632191,0.850954,0
607392666400849919,0.848254,0
607392666669285375,0.792584,0
607392666803503103,0.811579,0
607392666937720831,0.7839,0
607392667071938559,0.770898,0
607392667206156287,0.839587,0
607392667340374015,0.808414,0
607392667474591743,0.839588,0
607392668816769023,0.653169,0
607392668950986751,0.621098,0
607392669085204479,0.70686,0
607392669219422207,0.622818,0
607392669353639935,0.694216,0
607392669487857663,0.691612,0
607392669622075391,0.690631,0
607392669890510847,0.597052,0
607392670024728575,0.553649,0
607392670158946303,0.659122,0
607392670293164031,0.617507,0
607392670427381759,0.680083,0
607392670561599487,0.568689,0
607392670695817215,0.651615,0
607392670964252671,0.703802,0
607392671098470399,0.595781,0
607392671232688127,0.784296,0
607392671366905855,0.56318,0
607392671501123583,0.860993,0
607392671635341311,0.66486,0
607392671769559039,0.766453,0
607392672037994495,0.630235,0
607392672172212223,0.560404,0
607392672306429951,0.624524,0
607392672440647679,0.576789,0
607392672574865407,0.666709,0
607392672709083135,0.5769,0
607392672843300863,0.636026,0
607392673111736319,0.773347,0
607392673245954047,0.713396,0
607392673380171775,0.81768,0
607392673514389503,0.720295,0
607392673648607231,0.77599,0
607392673782824959,0.757501,0
607392673917042687,0.78785,0
607392674185478143,0.688036,0
607392674319695871,0.677568,0
607392674453913599,0.697151,0
607392674588131327,0.67746,0
607392674722349055,0.719701,0
607392674856566783,0.69407,0
607392674990784511,0.730801,0
607392675259219967,0.705185,0
607392675393437695,0.650506,0
607392675527655423,0.715123,0
607392675661873151,0.738367,0
607392675796090879,0.786739,0
607392675930308607,0.719775,0
607392676064526335,0.775096,0
607392677406703615,0.681139,0
607392677540921343,0.659156,0
607392677675139071,0.66748,0
607392677809356799,0.651949,0
607392677943574527,0.70948,0
607392678077792255,0.693169,0
607392678212009983,0.700627,0
607392678480445439,0.68183,0
607392678614663167,0.670548,0
607392678748880895,0.661167,0
607392678883098623,0.616256,0
607392679017316351,0.714486,0
607392679151534079,0.728391,0
607392679285751807,0.670117,0
607392679554187263,0.593788,0
607392679688404991,0.574277,0
607392679822622719,0.540484,0
607392679956840447,0.578133,0
607392680091058175,0.665344,0
607392680225275903,0.639645,0
607392680359493631,0.65411,0
607392680627929087,0.545053,0
607392680762146815,0.54461,0
607392680896364543,0.566001,0
607392681030582271,0.522524,0
607392681164799999,0.614349,0
607392681299017727,0.557659,0
607392681433235455,0.570401,0
607392681701670911,0.740533,0
607392681835888639,0.75213,0
607392681970106367,0.727536,0
607392682104324095,0.717782,0
607392682238541823,0.803216,0
607392682372759551,0.794661,0
607392682506977279,0.75928,0
607392682775412735,0.770467,0
607392682909630463,0.74531,0
607392683043848191,0.745677,0
607392683178065919,0.743284,0
607392683312283647,0.8223,0
607392683446501375,0.754456,0
607392683580719103,0.785366,0
607392683849154559,0.688893,0
607392683983372287,0.663014,0
607392684117590015,0.685947,0
607392684251807743,0.683258,0
607392684386025471,0.718013,0
607392684520243199,0.697758,0
607392684654460927,0.676359,0
607392763306049535,0.258075,0
607392763440267263,0.263357,0
607392763574484991,0.247019,0
607392763708702719,0.245746,0
607392763842920447,0.289428,0
607392763977138175,0.274612,0
607392764111355903,0.268167,0
607392764379791359,0.296808,0
607392764514009087,0.283402,0
607392764648226815,0.276447,0
607392764782444543,0.282033,0
607392764916662271,0.304177,0
607392765050879999,0.307677,0
607392765185097727,0.287735,0
607392765453533183,0.222832,0
607392765587750911,0.223997,0
607392765721968639,0.234865,0
607392765856186367,0.265168,0
607392765990404095,0.230391,0
607392766124621823,0.226309,0
607392766258839551,0.239346,0
607392766527275007,0.286801,0
607392766661492735,0.235172,0
607392766795710463,0.321211,0
607392766929928191,0.235639,0
607392767064145919,0.312005,0
607392767198363647,0.250515,0
607392767332581375,0.31245,0
607392767601016831,0.282237,0
607392767735234559,0.304488,0
607392767869452287,0.279998,0
607392768003670015,0.299265,0
607392768137887743,0.329416,0
607392768272105471,0.338174,0
607392768406323199,0.286317,0
607392768674758655,0.330321,0
607392768808976383,0.455905,0
607392768943194111,0.303056,0
607392769077411839,0.282968,0
607392769211629567,0.361002,0
607392769345847295,0.365027,0
607392769480065023,0.336393,0
607392769748500479,0.248047,0
607392769882718207,0.252671,0
607392770016935935,0.227108,0
607392770151153663,0.227888,0
607392770285371391,0.258219,0
607392770419589119,0.253561,0
607392770553806847,0.241502,0
607392771895984127,0.26405,0
607392772164419583,0.246359,0
607392772432855039,0.274484,0
607392772701290495,0.278572,0
607392774043467775,0.234422,0
607392774311903231,0.214056,0
607392774580338687,0.250384,0
607392774848774143,0.232986,0
607392776190951423,0.321559,0
607392776325169151,0.318285,0
607392776459386879,0.287601,0
607392776593604607,0.27144,0
607392776727822335,0.351744,0
607392776862040063,0.483978,0
607392776996257791,0.314114,0
607392777264693247,0.334703,0
607392777533128703,0.330416,0
607392777801564159,0.382323,0
607392778069999615,0.349573,0
607392778338435071,0.263027,0
607392778472652799,0.261908,0
607392778606870527,0.234376,0
607392778741088255,0.241849,0
607392778875305983,0.262888,0
607392779009523711,0.281915,0
607392779143741439,0.261134,0
607392780485918719,0.175469,0
607392780620136447,0.175165,0
607392780754354175,0.191674,0
607392780888571903,0.195192,0
607392781022789631,0.188514,0
607392781157007359,0.195305,0
607392781291225087,0.18306,0
607392781559660543,0.20061,0
607392781693878271,0.199508,0
607392781828095999,0.174787,0
607392781962313727,0.178891,0
607392782096531455,0.207645,0
607392782230749183,0.237809,0
607392782364966911,0.196616,0
607392782633402367,0.162475,0
607392782767620095,0.17141,0
607392782901837823,0.152586,0
607392783036055551,0.146746,0
607392783170273279,0.179628,0
607392783304491007,0.170089,0
607392783438708735,0.165415,0
607392783707144191,0.18823,0
607392783841361919,0.174248,0
607392783975579647,0.178784,0
607392784109797375,0.17995,0
607392784244015103,0.193691,0
607392784378232831,0.191127,0
607392784512450559,0.175749,0
607392784780886015,0.188865,0
607392784915103743,0.183682,0
607392785049321471,0.174894,0
607392785183539199,0.201428,0
607392785317756927,0.23839,0
607392785451974655,0.241472,0
607392785586192383,0.191499,0
607392785854627839,0.254762,0
607392785988845567,0.255617,0
607392786123063295,0.183258,0
607392786257281023,0.184918,0
607392786391498751,0.247623,0
607392786525716479,0.23538,0
607392786659934207,0.255212,0
607392786928369663,0.198731,0
607392787062587391,0.187476,0
607392787196805119,0.170862,0
607392787331022847,0.175583,0
607392787465240575,0.173329,0
607392787599458303,0.247394,0
607392787733676031,0.185133,0
607392789075853311,0.179638,0
607392789210071039,0.18306,0
607392789344288767,0.184634,0
607392789478506495,0.192742,0
607392789612724223,0.231677,0
607392789746941951,0.199524,0
607392789881159679,0.23142,0
607392790149595135,0.240411,0
607392790418030591,0.179106,0
607392790686466047,0.283611,0
607392790954901503,0.209978,0
607392791223336959,0.164739,0
607392791357554687,0.173503,0
607392791491772415,0.184992,0
607392791625990143,0.244499,0
607392791760207871,0.266416,0
607392791894425599,0.195391,0
607392792028643327,0.186545,0
607392792297078783,0.190309,0
607392792565514239,0.179022,0
607392792833949695,0.192866,0
607392793102385151,0.192535,0
607392793370820607,0.24992,0
607392793505038335,0.283037,0
607392793639256063,0.19657,0
607392793773473791,0.212643,0
607392793907691519,0.29068,0
607392794041909247,0.28665,0
607392794176126975,0.218866,0
607392794444562431,0.231743,0
607392794578780159,0.216597,0
607392794712997887,0.252399,0
607392794847215615,0.282101,0
607392794981433343,0.228161,0
607392795115651071,0.234795,0
607392795249868799,0.227747,0
607392795518304255,0.185799,0
607392795652521983,0.258857,0
607392795786739711,0.187641,0
607392795920957439,0.188444,0
607392796055175167,0.187409,0
607392796189392895,0.203246,0
607392796323610623,0.183321,0
607392797665787903,0.408818,0
607392797800005631,0.397698,0
607392797934223359,0.391962,0
607392798068441087,0.374953,0
607392798202658815,0.449454,0
607392798336876543,0.423608,0
607392798471094271,0.386407,0
607392798739529727,0.453029,0
607392798873747455,0.516904,0
607392799007965183,0.400844,0
607392799142182911,0.419904,0
607392799276400639,0.454318,0
607392799410618367,0.457907,0
607392799544836095,0.439811,0
607392799813271551,0.342321,0
607392799947489279,0.35881,0
607392800081707007,0.318261,0
607392800215924735,0.336115,0
607392800350142463,0.367903,0
607392800484360191,0.366097,0
607392800618577919,0.338483,0
607392800887013375,0.371664,0
607392801021231103,0.361518,0
607392801155448831,0.358331,0
607392801289666559,0.36097,0
607392801423884287,0.404568,0
607392801558102015,0.381176,0
607392801692319743,0.359225,0
607392801960755199,0.446846,0
607392802094972927,0.458378,0
607392802229190655,0.451221,0
607392802363408383,0.454383,0
607392802497626111,0.43785,0
607392802631843839,0.432709,0
607392802766061567,0.445742,0
607392803034497023,0.433,0
607392803168714751,0.45218,0
607392803302932479,0.447049,0
607392803437150207,0.425018,0
607392803571367935,0.457464,0
607392803705585663,0.455985,0
607392803839803391,0.463919,0
607392804108238847,0.368886,0
607392804242456575,0.390637,0
607392804376674303,0.397284,0
607392804510892031,0.442691,0
607392804645109759,0.406616,0
607392804779327487,0.367831,0
607392804913545215,0.376279,0
607392806255722495,0.429832,0
607392806389940223,0.403518,0
607392806524157951,0.396971,0
607392806658375679,0.381151,0
607392806792593407,0.441901,0
607392806926811135,0.459726,0
607392807061028863,0.40642,0
607392807329464319,0.477947,0
607392807463682047,0.462272,0
607392807597899775,0.412495,0
607392807732117503,0.403037,0
607392807866335231,0.445841,0
607392808000552959,0.442396,0
607392808134770687,0.523979,0
607392808403206143,0.343508,0
607392808537423871,0.343267,0
607392808671641599,0.329356,0
607392808805859327,0.327931,0
607392808940077055,0.386084,0
607392809074294783,0.362039,0
607392809208512511,0.48099,0
607392809476947967,0.367037,0
607392809611165695,0.49209,0
607392809745383423,0.358359,0
607392809879601151,0.493737,0
607392810013818879,0.392077,0
607392810148036607,0.393324,0
607392810282254335,0.359952,0
607392810550689791,0.438482,0
607392810684907519,0.436987,0
607392810819125247,0.43037,0
607392810953342975,0.419964,0
607392811087560703,0.611036,0
607392811221778431,0.451881,0
607392811355996159,0.525994,0
607392811624431615,0.458188,0
607392811758649343,0.457959,0
607392811892867071,0.502729,0
607392812027084799,0.460968,0
607392812161302527,0.497342,0
607392812295520255,0.496676,0
607392812429737983,0.46079,0
607392812698173439,0.506478,0
607392812832391167,0.428492,0
607392812966608895,0.371984,0
607392813100826623,0.487939,0
607392813235044351,0.493108,0
607392813369262079,0.432961,0
607392813503479807,0.414719,0
607392814845657087,0.300658,0
607392814979874815,0.254174,0
607392815114092543,0.278955,0
607392815248310271,0.270217,0
607392815382527999,0.253898,0
607392815516745727,0.279381,0
607392815650963455,0.263448,0
607392815919398911,0.28411,0
607392816053616639,0.283629,0
607392816187834367,0.253452,0
607392816322052095,0.25331,0
607392816456269823,0.302664,0
607392816590487551,0.281469,0
607392816724705279,0.276228,0
607392816993140735,0.252942,0
607392817127358463,0.256559,0
607392817261576191,0.215876,0
607392817395793919,0.214028,0
607392817530011647,0.223559,0
607392817664229375,0.229706,0
607392817798447103,0.256819,0
607392818066882559,0.241454,0
607392818201100287,0.229667,0
607392818335318015,0.232993,0
607392818469535743,0.229464,0
607392818603753471,0.2494,0
607392818737971199,0.235441,0
607392818872188927,0.243865,0
607392819140624383,0.302125,0
607392819274842111,0.303423,0
607392819409059839,0.255179,0
607392819543277567,0.265076,0
607392819677495295,0.317129,0
607392819811713023,0.317784,0
607392819945930751,0.292572,0
607392820214366207,0.300083,0
607392820348583935,0.320034,0
607392820482801663,0.28175,0
607392820617019391,0.297021,0
607392820751237119,0.331678,0
607392820885454847,0.397045,0
607392821019672575,0.309126,0
607392821288108031,0.235651,0
607392821422325759,0.234523,0
607392821556543487,0.221928,0
607392821690761215,0.222786,0
607392821824978943,0.250098,0
607392821959196671,0.254773,0
607392822093414399,0.236879,0
607392888128536575,0.441434,0
607392888396972031,0.467577,0
607392888665407487,0.470988,0
607392890007584767,0.402284,0
607392890276020223,0.571087,0
607392890544455679,0.387965,0
607392890812891135,0.404322,0
607392900745003007,0.0626668,0
607392900879220735,0.0668193,0
607392901013438463,0.0616514,0
607392901147656191,0.060844,0
607392901281873919,0.0684193,0
607392901416091647,0.0802868,0
607392901550309375,0.06044,0
607392901818744831,0.0719417,0
607392901952962559,0.0745805,0
607392902087180287,0.0709426,0
607392902221398015,0.0690496,0
607392902355615743,0.0746043,0
607392902489833471,0.0749434,0
607392902624051199,0.0728107,0
607392902892486655,0.0586102,0
607392903026704383,0.0623053,0
607392903160922111,0.0520498,0
607392903295139839,0.0565752,0
607392903429357567,0.0637133,0
607392903563575295,0.0608978,0
607392903697793023,0.0596201,0
607392903966228479,0.0564923,0
607392904100446207,0.0608605,0
607392904234663935,0.0631063,0
607392904368881663,0.0551959,0
607392904503099391,0.0607342,0
607392904637317119,0.0657737,0
607392904771534847,0.057444,0
607392905039970303,0.0735847,0
607392905174188031,0.0820261,0
607392905308405759,0.0725324,0
607392905442623487,0.0744675,0
607392905576841215,0.0763523,0
607392905711058943,0.079742,0
607392905845276671,0.0745599,0
607392906113712127,0.0769765,0
607392906247929855,0.0826745,0
607392906382147583,0.0727424,0
607392906516365311,0.0807913,0
607392906650583039,0.0787443,0
607392906784800767,0.0935807,0
607392906919018495,0.0833617,0
607392907187453951,0.0644364,0
607392907321671679,0.0601202,0
607392907455889407,0.0734086,0
607392907590107135,0.0601005,0
607392907724324863,0.0708467,0
607392907858542591,0.0651307,0
607392907992760319,0.0633552,0
607392909334937599,0.119329,0
607392909603373055,0.125694,0
607392909871808511,0.0824625,0
607392910006026239,0.127916,0
607392910140243967,0.0697818,0
607392911482421247,0.0644536,0
607392911750856703,0.0588629,0
607392912019292159,0.0776384,0
607392912153509887,0.0821184,0
607392912287727615,0.0656742,0
607392913629904895,0.0733068,0
607392913764122623,0.0965482,0
607392913898340351,0.068389,0
607392914032558079,0.0874069,0
607392914166775807,0.0961446,0
607392914300993535,0.102109,0
607392914435211263,0.0678198,0
607392914703646719,0.153401,0
607392914972082175,0.105926,0
607392915240517631,0.201127,0
607392915374735359,0.198336,0
607392915508953087,0.161864,0
607392915777388543,0.0716696,0
607392915911606271,0.085979,0
607392916045823999,0.0662017,0
607392916180041727,0.0643009,0
607392916314259455,0.0779953,0
607392916448477183,0.0634751,0
607392916582694911,0.0707669,0
607392917924872191,0.0555747,0
607392918059089919,0.0488118,0
607392918193307647,0.0463064,0
607392918327525375,0.0423335,0
607392918461743103,0.0593181,0
607392918595960831,0.0632953,0
607392918730178559,0.0535331,0
607392918998614015,0.0550194,0
607392919132831743,0.054122,0
607392919267049471,0.0433358,0
607392919401267199,0.0479228,0
607392919535484927,0.0534888,0
607392919669702655,0.0524768,0
607392919803920383,0.058053,0
607392920072355839,0.0487634,0
607392920206573567,0.0347954,0
607392920340791295,0.0393371,0
607392920475009023,0.0392473,0
607392920609226751,0.0437658,0
607392920743444479,0.0497746,0
607392920877662207,0.0391751,0
607392921146097663,0.048624,0
607392921280315391,0.0493541,0
607392921414533119,0.043198,0
607392921548750847,0.0479969,0
607392921682968575,0.0421487,0
607392921817186303,0.0463699,0
607392921951404031,0.0375404,0
607392922219839487,0.059564,0
607392922354057215,0.0605399,0
607392922488274943,0.0640815,0
607392922622492671,0.0547602,0
607392922756710399,0.0566464,0
607392922890928127,0.0599098,0
607392923025145855,0.0646068,0
607392923293581311,0.0599265,0
607392923427799039,0.0564701,0
607392923562016767,0.0559266,0
607392923696234495,0.0619522,0
607392923830452223,0.0614736,0
607392923964669951,0.0650045,0
607392924098887679,0.0610537,0
607392924367323135,0.0451559,0
607392924501540863,0.0523405,0
607392924635758591,0.0497277,0
607392924769976319,0.0442263,0
607392924904194047,0.0613568,0
607392925038411775,0.0486427,0
607392925172629503,0.0537329,0
607392926514806783,0.0460102,0
607392926649024511,0.0458484,0
607392926783242239,0.0430093,0
607392926917459967,0.0388913,0
607392927051677695,0.0473133,0
607392927185895423,0.0522493,0
607392927320113151,0.0497743,0
607392927588548607,0.0545506,0
607392927856984063,0.0471236,0
607392928125419519,0.0497347,0
607392928259637247,0.0560496,0
607392928393854975,0.0535755,0
607392928662290431,0.0433596,0
607392928796508159,0.0417778,0
607392928930725887,0.0424742,0
607392929064943615,0.0422321,0
607392929199161343,0.0423125,0
607392929333379071,0.045646,0
607392929467596799,0.035712,0
607392929736032255,0.041453,0
607392930004467711,0.0391945,0
607392930272903167,0.0382809,0
607392930407120895,0.0445646,0
607392930541338623,0.0426276,0
607392930809774079,0.0540792,0
607392930943991807,0.050923,0
607392931078209535,0.052178,0
607392931212427263,0.0525013,0
607392931346644991,0.0589947,0
607392931480862719,0.0569105,0
607392931615080447,0.0505037,0
607392931883515903,0.0647573,0
607392932017733631,0.0579617,0
607392932151951359,0.0511671,0
607392932286169087,0.0496854,0
607392932420386815,0.058526,0
607392932554604543,0.0630345,0
607392932688822271,0.0597464,0
607392932957257727,0.0423112,0
607392933091475455,0.0402242,0
607392933225693183,0.0435688,0
607392933359910911,0.0379537,0
607392933494128639,0.0487996,0
607392933628346367,0.0530315,0
607392933762564095,0.0445568,0
607392935104741375,0.147591,0
607392935238959103,0.158365,0
607392935373176831,0.254009,0
607392935507394559,0.208028,0
607392935641612287,0.149795,0
607392935775830015,0.164164,0
607392935910047743,0.143296,0
607392936178483199,0.166018,0
607392936312700927,0.160107,0
607392936446918655,0.181712,0
607392936581136383,0.188779,0
607392936715354111,0.14629,0
607392936849571839,0.158145,0
607392936983789567,0.171108,0
607392937252225023,0.103352,0
607392937386442751,0.101151,0
607392937520660479,0.0782853,0
607392937654878207,0.0778885,0
607392937789095935,0.191612,0
607392937923313663,0.182052,0
607392938057531391,0.0939403,0
607392938325966847,0.148414,0
607392938460184575,0.131054,0
607392938594402303,0.0873125,0
607392938728620031,0.0886475,0
607392938862837759,0.25729,0
607392938997055487,0.267534,0
607392939131273215,0.147208,0
607392939399708671,0.137747,0
607392939533926399,0.154566,0
607392939668144127,0.142222,0
607392939802361855,0.136834,0
607392939936579583,0.153334,0
607392940070797311,0.153315,0
607392940205015039,0.154365,0
607392940473450495,0.153321,0
607392940607668223,0.150975,0
607392940741885951,0.149851,0
607392940876103679,0.140951,0
607392941010321407,0.144689,0
607392941144539135,0.155382,0
607392941278756863,0.155511,0
607392941547192319,0.200384,0
607392941681410047,0.214245,0
607392941815627775,0.176926,0
607392941949845503,0.172166,0
607392942084063231,0.210304,0
607392942218280959,0.141142,0
607392942352498687,0.189143,0
607392943694675967,0.18771,0
607392943828893695,0.156342,0
607392943963111423,0.151287,0
607392944097329151,0.164682,0
607392944231546879,0.158627,0
607392944365764607,0.165225,0
607392944499982335,0.178523,0
607392944768417791,0.17566,0
607392944902635519,0.187946,0
607392945036853247,0.159864,0
607392945171070975,0.163716,0
607392945305288703,0.186424,0
607392945439506431,0.18573,0
607392945573724159,0.150373,0
607392945842159615,0.123453,0
607392945976377343,0.146222,0
607392946110595071,0.0891306,0
607392946244812799,0.103074,0
607392946379030527,0.215886,0
607392946513248255,0.238286,0
607392946647465983,0.111228,0
607392946915901439,0.204522,0
607392947050119167,0.176142,0
607392947184336895,0.194225,0
607392947318554623,0.199179,0
607392947452772351,0.119297,0
607392947586990079,0.138912,0
607392947721207807,0.216168,0
607392947989643263,0.160585,0
607392948123860991,0.158632,0
607392948258078719,0.151973,0
607392948392296447,0.14658,0
607392948526514175,0.146528,0
607392948660731903,0.156484,0
607392948794949631,0.157353,0
607392949063385087,0.160266,0
607392949197602815,0.203633,0
607392949331820543,0.162551,0
607392949466038271,0.165372,0
607392949600255999,0.171435,0
607392949734473727,0.218005,0
607392949868691455,0.162396,0
607392950137126911,0.251725,0
607392950271344639,0.171866,0
607392950405562367,0.154181,0
607392950539780095,0.247669,0
607392950673997823,0.182549,0
607392950808215551,0.16357,0
607392950942433279,0.240601,0
607392952284610559,0.0793556,0
607392952418828287,0.0756056,0
607392952553046015,0.0783239,0
607392952687263743,0.0820532,0
607392952821481471,0.0950737,0
607392952955699199,0.0774032,0
607392953089916927,0.0835129,0
607392953358352383,0.0771745,0
607392953492570111,0.0755043,0
607392953626787839,0.0740441,0
607392953761005567,0.0709383,0
607392953895223295,0.0822729,0
607392954029441023,0.077887,0
607392954163658751,0.0805418,0
607392954432094207,0.0705183,0
607392954566311935,0.0660043,0
607392954700529663,0.0633807,0
607392954834747391,0.0601055,0
607392954968965119,0.0850675,0
607392955103182847,0.078261,0
607392955237400575,0.0701149,0
607392955505836031,0.0653065,0
607392955640053759,0.0656858,0
607392955774271487,0.0693453,0
607392955908489215,0.0639414,0
607392956042706943,0.0715157,0
607392956176924671,0.0632716,0
607392956311142399,0.0693543,0
607392956579577855,0.0807835,0
607392956713795583,0.0831722,0
607392956848013311,0.0873187,0
607392956982231039,0.0961517,0
607392957116448767,0.0903696,0
607392957250666495,0.0767829,0
607392957384884223,0.0909473,0
607392957653319679,0.0892654,0
607392957787537407,0.0870855,0
607392957921755135,0.0910415,0
607392958055972863,0.0813635,0
607392958190190591,0.150572,0
607392958324408319,0.0922652,0
607392958458626047,0.0808126,0
607392958727061503,0.0839,0
607392958861279231,0.0860912,0
607392958995496959,0.0771214,0
607392959129714687,0.0836782,0
607392959263932415,0.0888679,0
607392959398150143,0.0905258,0
607392959532367871,0.0865963,0
607393025299054591,0.156616,0
607393025567490047,0.210856,0
607393025835925503,0.174269,0
607393025970143231,0.173872,0
607393026104360959,0.155112,0
607393027446538239,0.232338,0
607393027714973695,0.182757,0
607393027983409151,0.223091,0
607393028117626879,0.186662,0
607393028251844607,0.166845,0
607393038183956479,0.489599,0
607393038318174207,0.493871,0
607393038452391935,0.458119,0
607393038586609663,0.483144,0
607393038720827391,0.484401,0
607393038855045119,0.482101,0
607393038989262847,0.594237,0
607393039257698303,0.482755,0
607393039391916031,0.500511,0
607393039526133759,0.441312,0
607393039660351487,0.478792,0
607393039794569215,0.476877,0
607393039928786943,0.539374,0
607393040063004671,0.466443,0
607393040331440127,0.564019,0
607393040465657855,0.476211,0
607393040599875583,0.433123,0
607393040734093311,0.465597,0
607393040868311039,0.443185,0
607393041002528767,0.469839,0
607393041136746495,0.445972,0
607393041405181951,0.438869,0
607393041539399679,0.482468,0
607393041673617407,0.446509,0
607393041807835135,0.473469,0
607393041942052863,0.464607,0
607393042076270591,0.476398,0
607393042210488319,0.435202,0
607393042478923775,0.493136,0
607393042613141503,0.451989,0
607393042747359231,0.469549,0
607393042881576959,0.58966,0
607393043015794687,0.476904,0
607393043150012415,0.460236,0
607393043284230143,0.468888,0
607393043552665599,0.467752,0
607393043686883327,0.483113,0
607393043821101055,0.465993,0
607393043955318783,0.508237,0
607393044089536511,0.487427,0
607393044223754239,0.4856,0
607393044357971967,0.470127,0
607393044626407423,0.501373,0
607393044760625151,0.437323,0
607393044894842879,0.43521,0
607393045029060607,0.447287,0
607393045163278335,0.440747,0
607393045297496063,0.480762,0
607393045431713791,0.507514,0
607393046773891071,0.480289,0
607393046908108799,0.493783,0
607393047042326527,0.471274,0
607393047176544255,0.502024,0
607393047310761983,0.499507,0
607393047444979711,0.478177,0
607393047579197439,0.50251,0
607393047847632895,0.517696,0
607393047981850623,0.542618,0
607393048116068351,0.495992,0
607393048250286079,0.501019,0
607393048384503807,0.481745,0
607393048518721535,0.468608,0
607393048652939263,0.494118,0
607393048921374719,0.468503,0
607393049055592447,0.445063,0
607393049189810175,0.468248,0
607393049324027903,0.444564,0
607393049458245631,0.488095,0
607393049592463359,0.489531,0
607393049726681087,0.444583,0
607393049995116543,0.467971,0
607393050129334271,0.481176,0
607393050263551999,0.457797,0
607393050397769727,0.470101,0
607393050531987455,0.500623,0
607393050666205183,0.470392,0
607393050800422911,0.469866,0
607393051068858367,0.468915,0
607393051203076095,0.471339,0
607393051337293823,0.502415,0
607393051471511551,0.460648,0
607393051605729279,0.49825,0
607393051739947007,0.483848,0
607393051874164735,0.538812,0
607393052142600191,0.506888,0
607393052276817919,0.514837,0
607393052411035647,0.482641,0
607393052545253375,0.475453,0
607393052679471103,0.540762,0
607393052813688831,0.520231,0
607393052947906559,0.511454,0
607393053216342015,0.463732,0
607393053350559743,0.463424,0
607393053484777471,0.482507,0
607393053618995199,0.468487,0
607393053753212927,0.465317,0
607393053887430655,0.467462,0
607393054021648383,0.492627,0
607393055363825663,0.385613,0
607393055498043391,0.37073,0
607393055632261119,0.368352,0
607393055766478847,0.381972,0
607393055900696575,0.391142,0
607393056034914303,0.399145,0
607393056169132031,0.384939,0
607393056437567487,0.40341,0
607393056571785215,0.435822,0
607393056706002943,0.378053,0
607393056840220671,0.411001,0
607393056974438399,0.42821,0
607393057108656127,0.451413,0
607393057242873855,0.427838,0
607393057511309311,0.333873,0
607393057645527039,0.347053,0
607393057779744767,0.336063,0
607393057913962495,0.331212,0
607393058048180223,0.370134,0
607393058182397951,0.369562,0
607393058316615679,0.371874,0
607393058585051135,0.371012,0
607393058719268863,0.374044,0
607393058853486591,0.320838,0
607393058987704319,0.341751,0
607393059121922047,0.378824,0
607393059256139775,0.376719,0
607393059390357503,0.377069,0
607393059658792959,0.437084,0
607393059793010687,0.414745,0
607393059927228415,0.439185,0
607393060061446143,0.428183,0
607393060195663871,0.421583,0
607393060329881599,0.450778,0
607393060464099327,0.413136,0
607393060732534783,0.463759,0
607393060866752511,0.447655,0
607393061000970239,0.432127,0
607393061135187967,0.453515,0
607393061269405695,0.423916,0
607393061403623423,0.493513,0
607393061537841151,0.412062,0
607393061806276607,0.378067,0
607393061940494335,0.388611,0
607393062074712063,0.379345,0
607393062208929791,0.376918,0
607393062343147519,0.388277,0
607393062477365247,0.380572,0
607393062611582975,0.358194,0
607393063953760255,0.399667,0
607393064087977983,0.380332,0
607393064222195711,0.393393,0
607393064356413439,0.384005,0
607393064490631167,0.417605,0
607393064624848895,0.40508,0
607393064759066623,0.422738,0
607393065027502079,0.418347,0
607393065161719807,0.457218,0
607393065295937535,0.375766,0
607393065430155263,0.368568,0
607393065564372991,0.440457,0
607393065698590719,0.432724,0
607393065832808447,0.417563,0
607393066101243903,0.353378,0
607393066235461631,0.343755,0
607393066369679359,0.424323,0
607393066503897087,0.31295,0
607393066638114815,0.362872,0
607393066772332543,0.36805,0
607393066906550271,0.355989,0
607393067174985727,0.372133,0
607393067309203455,0.364673,0
607393067443421183,0.352949,0
607393067577638911,0.34585,0
607393067711856639,0.379821,0
607393067846074367,0.376624,0
607393067980292095,0.389398,0
607393068248727551,0.454635,0
607393068382945279,0.447947,0
607393068517163007,0.42998,0
607393068651380735,0.517488,0
607393068785598463,0.486096,0
607393068919816191,0.445423,0
607393069054033919,0.432335,0
607393069322469375,0.450217,0
607393069456687103,0.442654,0
607393069590904831,0.425724,0
607393069725122559,0.441812,0
607393069859340287,0.439478,0
607393069993558015,0.458015,0
607393070127775743,0.457714,0
607393070396211199,0.399457,0
607393070530428927,0.391851,0
607393070664646655,0.368326,0
607393070798864383,0.35428,0
607393070933082111,0.412046,0
607393071067299839,0.403503,0
607393071201517567,0.404221,0
607393072543694847,0.48297,0
607393072677912575,0.490386,0
607393072812130303,0.485208,0
607393072946348031,0.504597,0
607393073080565759,0.436367,0
607393073214783487,0.457879,0
607393073349001215,0.461228,0
607393073617436671,0.468596,0
607393073751654399,0.475222,0
607393073885872127,0.471499,0
607393074020089855,0.481942,0
607393074154307583,0.507097,0
607393074288525311,0.5115,0
607393074422743039,0.489414,0
607393074691178495,0.476418,0
607393074825396223,0.488179,0
607393074959613951,0.490637,0
607393075093831679,0.460827,0
607393075228049407,0.47189,0
607393075362267135,0.481535,0
607393075496484863,0.459048,0
607393075764920319,0.507487,0
607393075899138047,0.500306,0
607393076033355775,0.487158,0
607393076167573503,0.466963,0
607393076301791231,0.491686,0
607393076436008959,0.479466,0
607393076570226687,0.476723,0
607393076838662143,0.428434,0
607393076972879871,0.422459,0
607393077107097599,0.491022,0
607393077241315327,0.444473,0
607393077375533055,0.43632,0
607393077509750783,0.463037,0
607393077643968511,0.45573,0
607393077912403967,0.468545,0
607393078046621695,0.495022,0
607393078180839423,0.441134,0
607393078315057151,0.490394,0
607393078449274879,0.512979,0
607393078583492607,0.508096,0
607393078717710335,0.46307,0
607393078986145791,0.478394,0
607393079120363519,0.474443,0
607393079254581247,0.481066,0
607393079388798975,0.46814,0
607393079523016703,0.465809,0
607393079657234431,0.448232,0
607393079791452159,0.512597,0
607393081133629439,0.456371,0
607393081267847167,0.472442,0
607393081402064895,0.473394,0
607393081536282623,0.466354,0
607393081670500351,0.468776,0
607393081804718079,0.495044,0
607393081938935807,0.486404,0
607393082207371263,0.515624,0
607393082341588991,0.492057,0
607393082475806719,0.480677,0
607393082610024447,0.463027,0
607393082744242175,0.501173,0
607393082878459903,0.530783,0
607393083012677631,0.512243,0
607393083281113087,0.505181,0
607393083415330815,0.49012,0
607393083549548543,0.502566,0
607393083683766271,0.486985,0
607393083817983999,0.483938,0
607393083952201727,0.499523,0
607393084086419455,0.496567,0
607393084354854911,0.495582,0
607393084489072639,0.505377,0
607393084623290367,0.518852,0
607393084757508095,0.53468,0
607393084891725823,0.483163,0
607393085025943551,0.505094,0
607393085160161279,0.493934,0
607393085428596735,0.492069,0
607393085562814463,0.470454,0
607393085697032191,0.489438,0
607393085831249919,0.484993,0
607393085965467647,0.54032,0
607393086099685375,0.527707,0
607393086233903103,0.488514,0
607393086502338559,0.516191,0
607393086636556287,0.540226,0
607393086770774015,0.476856,0
607393086904991743,0.503363,0
607393087039209471,0.539279,0
607393087173427199,0.559199,0
607393087307644927,0.506299,0
607393087576080383,0.492097,0
607393087710298111,0.487225,0
607393087844515839,0.482046,0
607393087978733567,0.469735,0
607393088112951295,0.482606,0
607393088247169023,0.494388,0
607393088381386751,0.501321,0
607393089723564031,0.451919,0
607393089857781759,0.45938,0
607393089991999487,0.436206,0
607393090126217215,0.435855,0
607393090260434943,0.47371,0
607393090394652671,0.46921,0
607393090528870399,0.446507,0
607393090797305855,0.463989,0
607393090931523583,0.461345,0
607393091065741311,0.452212,0
607393091199959039,0.452609,0
607393091334176767,0.468036,0
607393091468394495,0.485956,0
607393091602612223,0.474442,0
607393091871047679,0.426923,0
607393092005265407,0.433164,0
607393092139483135,0.452963,0
607393092273700863,0.458829,0
607393092407918591,0.427251,0
607393092542136319,0.43637,0
607393092676354047,0.414869,0
607393092944789503,0.469254,0
607393093079007231,0.510939,0
607393093213224959,0.459667,0
607393093347442687,0.458613,0
607393093481660415,0.478038,0
607393093615878143,0.534069,0
607393093750095871,0.454425,0
607393094018531327,0.45299,0
607393094152749055,0.474359,0
607393094286966783,0.465069,0
607393094421184511,0.473066,0
607393094555402239,0.487412,0
607393094689619967,0.486646,0
607393094823837695,0.437092,0
607393095092273151,0.484783,0
607393095226490879,0.478447,0
607393095360708607,0.474725,0
607393095494926335,0.476248,0
607393095629144063,0.480277,0
607393095763361791,0.468394,0
607393095897579519,0.494633,0
607393096166014975,0.434634,0
607393096300232703,0.427258,0
607393096434450431,0.436173,0
607393096568668159,0.416594,0
607393096702885887,0.46675,0
607393096837103615,0.428744,0
607393096971321343,0.433027,0
607393106903433215,0.518941,0
607393107037650943,0.521659,0
607393107171868671,0.482961,0
607393107306086399,0.48781,0
607393107440304127,0.554089,0
607393107574521855,0.516558,0
607393107708739583,0.487245,0
607393107977175039,0.530852,0
607393108111392767,0.538341,0
607393108245610495,0.515805,0
607393108379828223,0.510855,0
607393108514045951,0.527206,0
607393108648263679,0.54,0
607393108782481407,0.525515,0
607393109050916863,0.503863,0
607393109185134591,0.498637,0
607393109319352319,0.5043,0
607393109453570047,0.518737,0
607393109587787775,0.494095,0
607393109722005503,0.494223,0
607393109856223231,0.497381,0
607393110124658687,0.457587,0
607393110258876415,0.497612,0
607393110393094143,0.483694,0
607393110527311871,0.467571,0
607393110661529599,0.496591,0
607393110795747327,0.51835,0
607393110929965055,0.462872,0
607393111198400511,0.521713,0
607393111332618239,0.517954,0
607393111466835967,0.507197,0
607393111601053695,0.532659,0
607393111735271423,0.575149,0
607393111869489151,0.541813,0
607393112003706879,0.538353,0
607393112272142335,0.551914,0
607393112406360063,0.545162,0
607393112540577791,0.551001,0
607393112674795519,0.549336,0
607393112809013247,0.546353,0
607393112943230975,0.546065,0
607393113077448703,0.543784,0
607393113345884159,0.490427,0
607393113480101887,0.491503,0
607393113614319615,0.484624,0
607393113748537343,0.492347,0
607393113882755071,0.47201,0
607393114016972799,0.471304,0
607393114151190527,0.477981,0
607393116030238719,0.548298,0
607393116298674175,0.527889,0
607393117909286911,0.53143,0
607393118177722367,0.532192,0
607393118446157823,0.504411,0
607393119788335103,0.536915,0
607393119922552831,0.541109,0
607393120056770559,0.538831,0
607393120190988287,0.548358,0
607393120325206015,0.543628,0
607393120459423743,0.541165,0
607393120593641471,0.536455,0
607393121398947839,0.53796,0
607393121667383295,0.530231,0
607393121935818751,0.508025,0
607393122070036479,0.525445,0
607393122204254207,0.5248,0
607393122338471935,0.517737,0
607393122472689663,0.504522,0
607393122606907391,0.514051,0
607393122741125119,0.499897,0
607393124083302399,0.501686,0
607393124217520127,0.468998,0
607393124351737855,0.480089,0
607393124485955583,0.511381,0
607393124620173311,0.521703,0
607393124754391039,0.501388,0
607393124888608767,0.504443,0
607393125157044223,0.509874,0
607393125291261951,0.470755,0
607393125425479679,0.477885,0
607393125559697407,0.465389,0
607393125693915135,0.496498,0
607393125828132863,0.48839,0
607393125962350591,0.501834,0
607393126230786047,0.480211,0
607393126365003775,0.473439,0
607393126499221503,0.457219,0
607393126633439231,0.46893,0
607393126767656959,0.516517,0
607393126901874687,0.476011,0
607393127036092415,0.467184,0
607393127304527871,0.497576,0
607393127438745599,0.515543,0
607393127572963327,0.455192,0
607393127707181055,0.451647,0
607393127841398783,0.48909,0
607393127975616511,0.508709,0
607393128109834239,0.494262,0
607393128378269695,0.476339,0
607393128512487423,0.476065,0
607393128646705151,0.539152,0
607393128780922879,0.526353,0
607393128915140607,0.480626,0
607393129049358335,0.496868,0
607393129183576063,0.474432,0
607393129452011519,0.533135,0
607393129586229247,0.502657,0
607393129720446975,0.469373,0
607393129854664703,0.485374,0
607393129988882431,0.475873,0
607393130123100159,0.479268,0
607393130257317887,0.503369,0
607393130525753343,0.50812,0
607393130659971071,0.485643,0
607393130794188799,0.484041,0
607393130928406527,0.531965,0
607393131062624255,0.504148,0
607393131196841983,0.506361,0
607393131331059711,0.487079,0
607393132673236991,0.521254,0
607393132807454719,0.514911,0
607393132941672447,0.472663,0
607393133075890175,0.512833,0
607393133210107903,0.514839,0
607393133344325631,0.484457,0
607393133478543359,0.510025,0
607393134015414271,0.496655,0
607393134283849727,0.523388,0
607393134552285183,0.504714,0
607393134820720639,0.496699,0
607393134954938367,0.491324,0
607393135089156095,0.474252,0
607393135223373823,0.479568,0
607393135357591551,0.467973,0
607393135491809279,0.463735,0
607393135626027007,0.506309,0
607393136162897919,0.462426,0
607393136431333375,0.543043,0
607393136699768831,0.475451,0
607393136968204287,0.512973,0
607393137102422015,0.512145,0
607393137236639743,0.474878,0
607393137370857471,0.493137,0
607393137505075199,0.52381,0
607393137639292927,0.522973,0
607393137773510655,0.486123,0
607393138041946111,0.517903,0
607393138176163839,0.522495,0
607393138310381567,0.514258,0
607393138444599295,0.519406,0
607393138578817023,0.493442,0
607393138713034751,0.509079,0
607393138847252479,0.51783,0
607393139115687935,0.455613,0
607393139249905663,0.47478,0
607393139384123391,0.484472,0
607393139518341119,0.4681,0
607393139652558847,0.466336,0
607393139786776575,0.489384,0
607393139920994303,0.474432,0
607393141263171583,0.534322,0
607393141397389311,0.547075,0
607393141531607039,0.528936,0
607393141665824767,0.537035,0
607393141800042495,0.517416,0
607393141934260223,0.540434,0
607393142068477951,0.515576,0
607393142336913407,0.580808,0
607393142471131135,0.588422,0
607393142605348863,0.529679,0
607393142739566591,0.558324,0
607393142873784319,0.587116,0
607393143008002047,0.599415,0
607393143142219775,0.561625,0
607393143410655231,0.609649,0
607393143544872959,0.549635,0
607393143679090687,0.531505,0
607393143813308415,0.581594,0
607393143947526143,0.541222,0
607393144081743871,0.525245,0
607393144215961599,0.61684,0
607393144484397055,0.527776,0
607393144618614783,0.538087,0
607393144752832511,0.540717,0
607393144887050239,0.539388,0
607393145021267967,0.535947,0
607393145155485695,0.525448,0
607393145289703423,0.525166,0
607393145558138879,0.555807,0
607393145692356607,0.563616,0
607393145826574335,0.566123,0
607393145960792063,0.555697,0
607393146095009791,0.577983,0
607393146229227519,0.584399,0
607393146363445247,0.557551,0
607393146631880703,0.578621,0
607393146766098431,0.569951,0
607393146900316159,0.544907,0
607393147034533887,0.587147,0
607393147168751615,0.567471,0
607393147302969343,0.567595,0
607393147437187071,0.585452,0
607393147705622527,0.527191,0
607393147839840255,0.535394,0
607393147974057983,0.539351,0
607393148108275711,0.53635,0
607393148242493439,0.526145,0
607393148376711167,0.513014,0
607393148510928895,0.52691,0
607393149853106175,0.550217,0
607393149987323903,0.570097,0
607393150121541631,0.531311,0
607393150255759359,0.521056,0
607393150389977087,0.562065,0
607393150524194815,0.576227,0
607393150658412543,0.553624,0
607393150926847999,0.567958,0
607393151061065727,0.580677,0
607393151195283455,0.567975,0
607393151329501183,0.563125,0
607393151463718911,0.585942,0
607393151597936639,0.567329,0
607393151732154367,0.579464,0
607393152000589823,0.550904,0
607393152134807551,0.554731,0
607393152269025279,0.539587,0
607393152403243007,0.554072,0
607393152537460735,0.523836,0
607393152671678463,0.527766,0
607393152805896191,0.534355,0
607393153074331647,0.524111,0
607393153208549375,0.527966,0
607393153342767103,0.548684,0
607393153476984831,0.540078,0
607393153611202559,0.525766,0
607393153745420287,0.521993,0
607393153879638015,0.526864,0
607393154148073471,0.561805,0
607393154282291199,0.561009,0
607393154416508927,0.584458,0
607393154550726655,0.567485,0
607393154684944383,0.575176,0
607393154819162111,0.554184,0
607393154953379839,0.586491,0
607393155221815295,0.571153,0
607393155356033023,0.581945,0
607393155490250751,0.573879,0
607393155624468479,0.572222,0
607393155758686207,0.545723,0
607393155892903935,0.556279,0
607393156027121663,0.552223,0
607393156295557119,0.541633,0
607393156429774847,0.531173,0
607393156563992575,0.543608,0
607393156698210303,0.536178,0
607393156832428031,0.566119,0
607393156966645759,0.549721,0
607393157100863487,0.540504,0
607393158443040767,0.452948,0
607393158577258495,0.497835,0
607393158711476223,0.47917,0
607393158845693951,0.480125,0
607393158979911679,0.485796,0
607393159114129407,0.496843,0
607393159248347135,0.454414,0
607393159516782591,0.494897,0
607393159651000319,0.480218,0
607393159785218047,0.496673,0
607393159919435775,0.483904,0
607393160053653503,0.510696,0
607393160187871231,0.486882,0
607393160322088959,0.461572,0
607393160590524415,0.521382,0
607393160724742143,0.507891,0
607393160858959871,0.510212,0
607393160993177599,0.498927,0
607393161127395327,0.48626,0
607393161261613055,0.489956,0
607393161395830783,0.515905,0
607393161664266239,0.474319,0
607393161798483967,0.482676,0
607393161932701695,0.507376,0
607393162066919423,0.494321,0
607393162201137151,0.465083,0
607393162335354879,0.497732,0
607393162469572607,0.489142,0
607393162738008063,0.50921,0
607393162872225791,0.506733,0
607393163006443519,0.484377,0
607393163140661247,0.483461,0
607393163274878975,0.519808,0
607393163409096703,0.511195,0
607393163543314431,0.543909,0
607393163811749887,0.528653,0
607393163945967615,0.500396,0
607393164080185343,0.494201,0
607393164214403071,0.504764,0
607393164348620799,0.537472,0
607393164482838527,0.605643,0
607393164617056255,0.538397,0
607393164885491711,0.515993,0
607393165019709439,0.492629,0
607393165153927167,0.492086,0
607393165288144895,0.473328,0
607393165422362623,0.489795,0
607393165556580351,0.460365,0
607393165690798079,0.484217,0
607393175622909951,0.191518,0
607393175757127679,0.22999,0
607393175891345407,0.163497,0
607393176025563135,0.175093,0
607393176159780863,0.206938,0
607393176293998591,0.215616,0
607393176428216319,0.181367,0
607393176696651775,0.272368,0
607393176830869503,0.1943,0
607393176965087231,0.225777,0
607393177099304959,0.229917,0
607393177233522687,0.188052,0
607393177367740415,0.190447,0
607393177501958143,0.219507,0
607393177770393599,0.167359,0
607393177904611327,0.171063,0
607393178038829055,0.157437,0
607393178173046783,0.140829,0
607393178307264511,0.176396,0
607393178441482239,0.184759,0
607393178575699967,0.16484,0
607393178844135423,0.189693,0
607393178978353151,0.215316,0
607393179112570879,0.172058,0
607393179246788607,0.177697,0
607393179381006335,0.241147,0
607393179515224063,0.208162,0
607393179649441791,0.172273,0
607393179917877247,0.287759,0
607393180052094975,0.2214,0
607393180186312703,0.205045,0
607393180320530431,0.202342,0
607393180454748159,0.327412,0
607393180588965887,0.29675,0
607393180723183615,0.219337,0
607393180991619071,0.268953,0
607393181125836799,0.264669,0
607393181260054527,0.194322,0
607393181394272255,0.203774,0
607393181528489983,0.243305,0
607393181662707711,0.271263,0
607393181796925439,0.260691,0
607393182065360895,0.182053,0
607393182199578623,0.16774,0
607393182333796351,0.202418,0
607393182468014079,0.186404,0
607393182602231807,0.197964,0
607393182736449535,0.192093,0
607393182870667263,0.178878,0
607393184212844543,0.234314,0
607393184347062271,0.220098,0
607393184481279999,0.222549,0
607393184615497727,0.203834,0
607393184749715455,0.189058,0
607393184883933183,0.181673,0
607393185018150911,0.222096,0
607393185286586367,0.179284,0
607393185420804095,0.181205,0
607393185555021823,0.192244,0
607393185689239551,0.179135,0
607393185823457279,0.184654,0
607393185957675007,0.189311,0
607393186091892735,0.174919,0
607393186360328191,0.159181,0
607393186494545919,0.151836,0
607393186628763647,0.165773,0
607393186762981375,0.160452,0
607393186897199103,0.161507,0
607393187031416831,0.171971,0
607393187165634559,0.16066,0
607393187434070015,0.184082,0
607393187568287743,0.179827,0
607393187702505471,0.153686,0
607393187836723199,0.1526,0
607393187970940927,0.181826,0
607393188105158655,0.184286,0
607393188239376383,0.227484,0
607393188507811839,0.194738,0
607393188642029567,0.195359,0
607393188776247295,0.202638,0
607393188910465023,0.195306,0
607393189044682751,0.223935,0
607393189178900479,0.216174,0
607393189313118207,0.190977,0
607393189581553663,0.210871,0
607393189715771391,0.218323,0
607393189849989119,0.193131,0
607393189984206847,0.189057,0
607393190118424575,0.289597,0
607393190252642303,0.25989,0
607393190386860031,0.212014,0
607393190655295487,0.196244,0
607393190789513215,0.201299,0
607393190923730943,0.210096,0
607393191057948671,0.18706,0
607393191192166399,0.197063,0
607393191326384127,0.194401,0
607393191460601855,0.209056,0
607393192802779135,0.106612,0
607393192936996863,0.0985123,0
607393193071214591,0.100993,0
607393193205432319,0.101037,0
607393193339650047,0.113508,0
607393193473867775,0.12685,0
607393193608085503,0.112373,0
607393193876520959,0.10458,0
607393194010738687,0.104215,0
607393194144956415,0.0948193,0
607393194279174143,0.0893579,0
607393194413391871,0.117175,0
607393194547609599,0.115256,0
607393194681827327,0.114363,0
607393194950262783,0.0915795,0
607393195084480511,0.0953018,0
607393195218698239,0.101634,0
607393195352915967,0.105053,0
607393195487133695,0.0913986,0
607393195621351423,0.0852292,0
607393195755569151,0.100071,0
607393196024004607,0.100552,0
607393196158222335,0.137058,0
607393196292440063,0.127219,0
607393196426657791,0.132785,0
607393196560875519,0.0939419,0
607393196695093247,0.0993289,0
607393196829310975,0.0884052,0
607393197097746431,0.129559,0
607393197231964159,0.121184,0
607393197366181887,0.119743,0
607393197500399615,0.11115,0
607393197634617343,0.156221,0
607393197768835071,0.130319,0
607393197903052799,0.151181,0
607393198171488255,0.14754,0
607393198305705983,0.152754,0
607393198439923711,0.127829,0
607393198574141439,0.113858,0
607393198708359167,0.192805,0
607393198842576895,0.173508,0
607393198976794623,0.142801,0
607393199245230079,0.105993,0
607393199379447807,0.102412,0
607393199513665535,0.0994219,0
607393199647883263,0.093851,0
607393199782100991,0.129262,0
607393199916318719,0.107083,0
607393200050536447,0.120354,0
607393201392713727,0.133881,0
607393201526931455,0.161405,0
607393201661149183,0.171549,0
607393201795366911,0.171496,0
607393201929584639,0.127113,0
607393202063802367,0.123584,0
607393202198020095,0.106536,0
607393202466455551,0.112675,0
607393202600673279,0.128877,0
607393202734891007,0.152468,0
607393202869108735,0.149621,0
607393203003326463,0.148268,0
607393203137544191,0.145684,0
607393203271761919,0.117293,0
607393203540197375,0.115663,0
607393203674415103,0.0799824,0
607393203808632831,0.0925225,0
607393203942850559,0.0861753,0
607393204077068287,0.163957,0
607393204211286015,0.160315,0
607393204345503743,0.15502,0
607393204613939199,0.146829,0
607393204748156927,0.162446,0
607393204882374655,0.0923632,0
607393205016592383,0.120498,0
607393205150810111,0.179755,0
607393205285027839,0.16505,0
607393205419245567,0.168571,0
607393205687681023,0.170864,0
607393205821898751,0.179953,0
607393205956116479,0.110061,0
607393206090334207,0.1249,0
607393206224551935,0.138028,0
607393206358769663,0.143758,0
607393206492987391,0.118429,0
607393206761422847,0.16216,0
607393206895640575,0.157886,0
607393207029858303,0.162428,0
607393207164076031,0.141672,0
607393207298293759,0.208997,0
607393207432511487,0.183149,0
607393207566729215,0.162629,0
607393207835164671,0.0936741,0
607393207969382399,0.098923,0
607393208103600127,0.160288,0
607393208237817855,0.160925,0
607393208372035583,0.0926348,0
607393208506253311,0.0916693,0
607393208640471039,0.097973,0
607393209982648319,0.251726,0
607393210116866047,0.252793,0
607393210251083775,0.227899,0
607393210385301503,0.229985,0
607393210519519231,0.288543,0
607393210653736959,0.279353,0
607393210787954687,0.263402,0
607393211056390143,0.257856,0
607393211190607871,0.266572,0
607393211324825599,0.23792,0
607393211459043327,0.235738,0
607393211593261055,0.300352,0
607393211727478783,0.309063,0
607393211861696511,0.275886,0
607393212130131967,0.23908,0
607393212264349695,0.21129,0
607393212398567423,0.238702,0
607393212532785151,0.264636,0
607393212667002879,0.224263,0
607393212801220607,0.233137,0
607393212935438335,0.227085,0
607393213203873791,0.224148,0
607393213338091519,0.231597,0
607393213472309247,0.207704,0
607393213606526975,0.235917,0
607393213740744703,0.222503,0
607393213874962431,0.230711,0
607393214009180159,0.235091,0
607393214277615615,0.291204,0
607393214411833343,0.293278,0
607393214546051071,0.269369,0
607393214680268799,0.287888,0
607393214814486527,0.330347,0
607393214948704255,0.337073,0
607393215082921983,0.290738,0
607393215351357439,0.324983,0
607393215485575167,0.334344,0
607393215619792895,0.283815,0
607393215754010623,0.274715,0
607393215888228351,0.347157,0
607393216022446079,0.343883,0
607393216156663807,0.329628,0
607393216425099263,0.25854,0
607393216559316991,0.235443,0
607393216693534719,0.257609,0
607393216827752447,0.244843,0
607393216961970175,0.262837,0
607393217096187903,0.261291,0
607393217230405631,0.252407,0
607393218572582911,0.26331,0
607393218706800639,0.255808,0
607393218841018367,0.239929,0
607393218975236095,0.2423,0
607393219109453823,0.280973,0
607393219243671551,0.269073,0
607393219377889279,0.261393,0
607393219646324735,0.229134,0
607393219780542463,0.241938,0
607393219914760191,0.258914,0
607393220048977919,0.250806,0
607393220183195647,0.294207,0
607393220317413375,0.290996,0
607393220451631103,0.244407,0
607393220720066559,0.276758,0
607393220854284287,0.302393,0
607393220988502015,0.262182,0
607393221122719743,0.231873,0
607393221256937471,0.209595,0
607393221391155199,0.214819,0
607393221525372927,0.269646,0
607393221793808383,0.214396,0
607393221928026111,0.216984,0
607393222062243839,0.273409,0
607393222196461567,0.295477,0
607393222330679295,0.240538,0
607393222464897023,0.236025,0
607393222599114751,0.209567,0
607393222867550207,0.295758,0
607393223001767935,0.303615,0
607393223135985663,0.264687,0
607393223270203391,0.291138,0
607393223404421119,0.333531,0
607393223538638847,0.333048,0
607393223672856575,0.326043,0
607393223941292031,0.337044,0
607393224075509759,0.315767,0
607393224209727487,0.291782,0
607393224343945215,0.283935,0
607393224478162943,0.329967,0
607393224612380671,0.355165,0
607393224746598399,0.330411,0
607393225015033855,0.227777,0
607393225149251583,0.240883,0
607393225283469311,0.213485,0
607393225417687039,0.211838,0
607393225551904767,0.23713,0
607393225686122495,0.245951,0
607393225820340223,0.221176,0
607393227162517503,0.223091,0
607393227296735231,0.227862,0
607393227430952959,0.231803,0
607393227565170687,0.232508,0
607393227699388415,0.235371,0
607393227833606143,0.28212,0
607393227967823871,0.236604,0
607393228236259327,0.22466,0
607393228370477055,0.225352,0
607393228504694783,0.227821,0
607393228638912511,0.188187,0
607393228773130239,0.291249,0
607393228907347967,0.250559,0
607393229041565695,0.259603,0
607393229310001151,0.179404,0
607393229444218879,0.19152,0
607393229578436607,0.154892,0
607393229712654335,0.137184,0
607393229846872063,0.216351,0
607393229981089791,0.196459,0
607393230115307519,0.203517,0
607393230383742975,0.173548,0
607393230517960703,0.189375,0
607393230652178431,0.172804,0
607393230786396159,0.179539,0
607393230920613887,0.195055,0
607393231054831615,0.164904,0
607393231189049343,0.197134,0
607393231457484799,0.293534,0
607393231591702527,0.363538,0
607393231725920255,0.258617,0
607393231860137983,0.278447,0
607393231994355711,0.228758,0
607393232128573439,0.219044,0
607393232262791167,0.250464,0
607393232531226623,0.266861,0
607393232665444351,0.25903,0
607393232799662079,0.296972,0
607393232933879807,0.258117,0
607393233068097535,0.241106,0
607393233202315263,0.229676,0
607393233336532991,0.218003,0
607393233604968447,0.247113,0
607393233739186175,0.245151,0
607393233873403903,0.249776,0
607393234007621631,0.210769,0
607393234141839359,0.220062,0
607393234276057087,0.205129,0
607393234410274815,0.230362,0
607393313061863423,0.127731,0
607393313196081151,0.132719,0
607393313330298879,0.13262,0
607393313464516607,0.127703,0
607393313598734335,0.126672,0
607393313732952063,0.123297,0
607393313867169791,0.142427,0
607393314135605247,0.129917,0
607393314269822975,0.129563,0
607393314404040703,0.144227,0
607393314538258431,0.141086,0
607393314672476159,0.126849,0
607393314806693887,0.131895,0
607393314940911615,0.131998,0
607393315209347071,0.123741,0
607393315343564799,0.128982,0
607393315477782527,0.127916,0
607393315612000255,0.129661,0
607393315746217983,0.121622,0
607393315880435711,0.132136,0
607393316014653439,0.126334,0
607393316283088895,0.129227,0
607393316417306623,0.124152,0
607393316551524351,0.136256,0
607393316685742079,0.134109,0
607393316819959807,0.125214,0
607393316954177535,0.12473,0
607393317088395263,0.131568,0
607393317356830719,0.139553,0
607393317491048447,0.124569,0
607393317625266175,0.132997,0
607393317759483903,0.144944,0
607393317893701631,0.128949,0
607393318027919359,0.131866,0
607393318162137087,0.134295,0
607393318430572543,0.122176,0
607393318564790271,0.119563,0
607393318699007999,0.118469,0
607393318833225727,0.13125,0
607393318967443455,0.129197,0
607393319101661183,0.142393,0
607393319235878911,0.132085,0
607393319504314367,0.145624,0
607393319638532095,0.140609,0
607393319772749823,0.13935,0
607393319906967551,0.1341,0
607393320041185279,0.134743,0
607393320175403007,0.13879,0
607393320309620735,0.13158,0
607393321651798015,0.122589,0
607393321786015743,0.132007,0
607393321920233471,0.125452,0
607393322054451199,0.132973,0
607393322188668927,0.123034,0
607393322322886655,0.122364,0
607393322457104383,0.126287,0
607393322725539839,0.114565,0
607393322859757567,0.109673,0
607393322993975295,0.121904,0
607393323128193023,0.122197,0
607393323262410751,0.112645,0
607393323396628479,0.118288,0
607393323530846207,0.130201,0
607393323799281663,0.122309,0
607393323933499391,0.12071,0
607393324067717119,0.119894,0
607393324201934847,0.124294,0
607393324336152575,0.125745,0
607393324470370303,0.118097,0
607393324604588031,0.129465,0
607393324873023487,0.118578,0
607393325007241215,0.11028,0
607393325141458943,0.116182,0
607393325275676671,0.115064,0
607393325409894399,0.116917,0
607393325544112127,0.119339,0
607393325678329855,0.126847,0
607393325946765311,0.123873,0
607393326080983039,0.127861,0
607393326215200767,0.130183,0
607393326349418495,0.121286,0
607393326483636223,0.124841,0
607393326617853951,0.126343,0
607393326752071679,0.132773,0
607393327020507135,0.119881,0
607393327154724863,0.119763,0
607393327288942591,0.11798,0
607393327423160319,0.111648,0
607393327557378047,0.120884,0
607393327691595775,0.122088,0
607393327825813503,0.12753,0
607393328094248959,0.130485,0
607393328228466687,0.135491,0
607393328362684415,0.129447,0
607393328496902143,0.133044,0
607393328631119871,0.125923,0
607393328765337599,0.118997,0
607393328899555327,0.12642,0
607393330241732607,0.138266,0
607393330375950335,0.141409,0
607393330510168063,0.138744,0
607393330644385791,0.137519,0
607393330778603519,0.147503,0
607393330912821247,0.151055,0
607393331047038975,0.130659,0
607393331315474431,0.134858,0
607393331449692159,0.130221,0
607393331583909887,0.140094,0
607393331718127615,0.139784,0
607393331852345343,0.130841,0
607393331986563071,0.130952,0
607393332120780799,0.14467,0
607393332389216255,0.115802,0
607393332523433983,0.120865,0
607393332657651711,0.120944,0
607393332791869439,0.127695,0
607393332926087167,0.127684,0
607393333060304895,0.134166,0
607393333194522623,0.128723,0
607393333462958079,0.1211,0
607393333597175807,0.118639,0
607393333731393535,0.121036,0
607393333865611263,0.118207,0
607393333999828991,0.132746,0
607393334134046719,0.137056,0
607393334268264447,0.131461,0
607393334536699903,0.137923,0
607393334670917631,0.145595,0
607393334805135359,0.107592,0
607393334939353087,0.141641,0
607393335073570815,0.111763,0
607393335207788543,0.127908,0
607393335342006271,0.108252,0
607393335610441727,0.135915,0
607393335744659455,0.13252,0
607393335878877183,0.147046,0
607393336013094911,0.13833,0
607393336147312639,0.141242,0
607393336281530367,0.12579,0
607393336415748095,0.131098,0
607393336684183551,0.116069,0
607393336818401279,0.133002,0
607393336952619007,0.1078,0
607393337086836735,0.12962,0
607393337221054463,0.103435,0
607393337355272191,0.121948,0
607393337489489919,0.108228,0
607393338831667199,0.130992,0
607393338965884927,0.130763,0
607393339100102655,0.13097,0
607393339234320383,0.128943,0
607393339368538111,0.120134,0
607393339502755839,0.132588,0
607393339636973567,0.126539,0
607393339905409023,0.123012,0
607393340039626751,0.130145,0
607393340173844479,0.125649,0
607393340308062207,0.128233,0
607393340442279935,0.124214,0
607393340576497663,0.119432,0
607393340710715391,0.132905,0
607393340979150847,0.10917,0
607393341113368575,0.107087,0
607393341247586303,0.108583,0
607393341381804031,0.102872,0
607393341516021759,0.128449,0
607393341650239487,0.124709,0
607393341784457215,0.111525,0
607393342052892671,0.109173,0
607393342187110399,0.100986,0
607393342321328127,0.105732,0
607393342455545855,0.106285,0
607393342589763583,0.129063,0
607393342723981311,0.125397,0
607393342858199039,0.120317,0
607393343126634495,0.129922,0
607393343260852223,0.127484,0
607393343395069951,0.129579,0
607393343529287679,0.127887,0
607393343663505407,0.129662,0
607393343797723135,0.133577,0
607393343931940863,0.132185,0
607393344200376319,0.12544,0
607393344334594047,0.126048,0
607393344468811775,0.125233,0
607393344603029503,0.128888,0
607393344737247231,0.12634,0
607393344871464959,0.131969,0
607393345005682687,0.124602,0
607393345274118143,0.132711,0
607393345408335871,0.124372,0
607393345542553599,0.122517,0
607393345676771327,0.12261,0
607393345810989055,0.13633,0
607393345945206783,0.137047,0
607393346079424511,0.141816,0
607393347421601791,0.130609,0
607393347555819519,0.138459,0
607393347690037247,0.125118,0
607393347824254975,0.126032,0
607393347958472703,0.13522,0
607393348092690431,0.139022,0
607393348226908159,0.130495,0
607393348495343615,0.151233,0
607393348629561343,0.149615,0
607393348763779071,0.147153,0
607393348897996799,0.161493,0
607393349032214527,0.147088,0
607393349166432255,0.150265,0
607393349300649983,0.141566,0
607393349569085439,0.11644,0
607393349703303167,0.128781,0
607393349837520895,0.123601,0
607393349971738623,0.120723,0
607393350105956351,0.12301,0
607393350240174079,0.1235,0
607393350374391807,0.11589,0
607393350642827263,0.139749,0
607393350777044991,0.131388,0
607393350911262719,0.143603,0
607393351045480447,0.126833,0
607393351179698175,0.13672,0
607393351313915903,0.139572,0
607393351448133631,0.131492,0
607393351716569087,0.156382,0
607393351850786815,0.155805,0
607393351985004543,0.155002,0
607393352119222271,0.148633,0
607393352253439999,0.183764,0
607393352387657727,0.17967,0
607393352521875455,0.157152,0
607393352790310911,0.155407,0
607393352924528639,0.15744,0
607393353058746367,0.160858,0
607393353192964095,0.156636,0
607393353327181823,0.169799,0
607393353461399551,0.185264,0
607393353595617279,0.16617,0
607393353864052735,0.132773,0
607393353998270463,0.120439,0
607393354132488191,0.131042,0
607393354266705919,0.120263,0
607393354400923647,0.155312,0
607393354535141375,0.144637,0
607393354669359103,0.141831,0
607393356011536383,0.135775,0
607393356145754111,0.14003,0
607393356279971839,0.131376,0
607393356414189567,0.138982,0
607393356548407295,0.151047,0
607393356682625023,0.151249,0
607393356816842751,0.14656,0
607393357085278207,0.141475,0
607393357219495935,0.142238,0
607393357353713663,0.146637,0
607393357487931391,0.141444,0
607393357622149119,0.154591,0
607393357756366847,0.141161,0
607393357890584575,0.152593,0
607393358159020031,0.128999,0
607393358293237759,0.135212,0
607393358427455487,0.127054,0
607393358561673215,0.127667,0
607393358695890943,0.133551,0
607393358830108671,0.137161,0
607393358964326399,0.135666,0
607393359232761855,0.13333,0
607393359366979583,0.132065,0
607393359501197311,0.120188,0
607393359635415039,0.120686,0
607393359769632767,0.128005,0
607393359903850495,0.126279,0
607393360038068223,0.136677,0
607393360306503679,0.149982,0
607393360440721407,0.160242,0
607393360574939135,0.137263,0
607393360709156863,0.140536,0
607393360843374591,0.156169,0
607393360977592319,0.146506,0
607393361111810047,0.154258,0
607393361380245503,0.285173,0
607393361514463231,0.164212,0
607393361648680959,0.209959,0
607393361782898687,0.233544,0
607393361917116415,0.177838,0
607393362051334143,0.160562,0
607393362185551871,0.219849,0
607393362453987327,0.15211,0
607393362588205055,0.153808,0
607393362722422783,0.137918,0
607393362856640511,0.135531,0
607393362990858239,0.149698,0
607393363125075967,0.144838,0
607393363259293695,0.146153,0
607393364601470975,0.129703,0
607393364735688703,0.124912,0
607393364869906431,0.130455,0
607393365004124159,0.126409,0
607393365138341887,0.128439,0
607393365272559615,0.124529,0
607393365406777343,0.13218,0
607393365675212799,0.12703,0
607393365809430527,0.136666,0
607393365943648255,0.117281,0
607393366077865983,0.133814,0
607393366212083711,0.121586,0
607393366346301439,0.120329,0
607393366480519167,0.123672,0
607393366748954623,0.138484,0
607393366883172351,0.12984,0
607393367017390079,0.124721,0
607393367151607807,0.12454,0
607393367285825535,0.1313,0
607393367420043263,0.12547,0
607393367554260991,0.13297,0
607393367822696447,0.127277,0
607393367956914175,0.135005,0
607393368091131903,0.125652,0
607393368225349631,0.134044,0
607393368359567359,0.120048,0
607393368493785087,0.121063,0
607393368628002815,0.122118,0
607393368896438271,0.126417,0
607393369030655999,0.125316,0
607393369164873727,0.128904,0
607393369299091455,0.125784,0
607393369433309183,0.116602,0
607393369567526911,0.128742,0
607393369701744639,0.124977,0
607393369970180095,0.131749,0
607393370104397823,0.125773,0
607393370238615551,0.133495,0
607393370372833279,0.132733,0
607393370507051007,0.126311,0
607393370641268735,0.125718,0
607393370775486463,0.129862,0
607393371043921919,0.133273,0
607393371178139647,0.127206,0
607393371312357375,0.140641,0
607393371446575103,0.142589,0
607393371580792831,0.137113,0
607393371715010559,0.130198,0
607393371849228287,0.146032,0
607393381781340159,0.128496,0
607393381915557887,0.127306,0
607393382049775615,0.126347,0
607393382183993343,0.124121,0
607393382318211071,0.144262,0
607393382452428799,0.13737,0
607393382586646527,0.133752,0
607393382855081983,0.128582,0
607393382989299711,0.125276,0
607393383123517439,0.131297,0
607393383257735167,0.116005,0
607393383391952895,0.129795,0
607393383526170623,0.130185,0
607393383660388351,0.133681,0
607393383928823807,0.113063,0
607393384063041535,0.113141,0
607393384197259263,0.114098,0
607393384331476991,0.11319,0
607393384465694719,0.12167,0
607393384599912447,0.11818,0
607393384734130175,0.118582,0
607393385002565631,0.112865,0
607393385136783359,0.115554,0
607393385271001087,0.115605,0
607393385405218815,0.115994,0
607393385539436543,0.117507,0
607393385673654271,0.119498,0
607393385807871999,0.113779,0
607393386076307455,0.125646,0
607393386210525183,0.14124,0
607393386344742911,0.126574,0
607393386478960639,0.139133,0
607393386613178367,0.141382,0
607393386747396095,0.133164,0
607393386881613823,0.121923,0
607393387150049279,0.134877,0
607393387284267007,0.135927,0
607393387418484735,0.14294,0
607393387552702463,0.148989,0
607393387686920191,0.139486,0
607393387821137919,0.146182,0
607393387955355647,0.136109,0
607393388223791103,0.127457,0
607393388358008831,0.126576,0
607393388492226559,0.119362,0
607393388626444287,0.117313,0
607393388760662015,0.124258,0
607393388894879743,0.13202,0
607393389029097471,0.121846,0
607393390371274751,0.123664,0
607393390505492479,0.119968,0
607393390639710207,0.118636,0
607393390773927935,0.119063,0
607393390908145663,0.126489,0
607393391042363391,0.126124,0
607393391176581119,0.124466,0
607393391445016575,0.119061,0
607393391579234303,0.118877,0
607393391713452031,0.121955,0
607393391847669759,0.115776,0
607393391981887487,0.12943,0
607393392116105215,0.120872,0
607393392250322943,0.127123,0
607393392518758399,0.113388,0
607393392652976127,0.112412,0
607393392787193855,0.110503,0
607393392921411583,0.105909,0
607393393055629311,0.132901,0
607393393189847039,0.115493,0
607393393324064767,0.117195,0
607393393592500223,0.120321,0
607393393726717951,0.113599,0
607393393860935679,0.111686,0
607393393995153407,0.105021,0
607393394129371135,0.1207,0
607393394263588863,0.119914,0
607393394397806591,0.119284,0
607393394666242047,0.138295,0
607393394800459775,0.129607,0
607393394934677503,0.129623,0
607393395068895231,0.122391,0
607393395203112959,0.131841,0
607393395337330687,0.136563,0
607393395471548415,0.135587,0
607393395739983871,0.136309,0
607393395874201599,0.126574,0
607393396008419327,0.13185,0
607393396142637055,0.124832,0
607393396276854783,0.146968,0
607393396411072511,0.136584,0
607393396545290239,0.140964,0
607393396813725695,0.118517,0
607393396947943423,0.119001,0
607393397082161151,0.115391,0
607393397216378879,0.112554,0
607393397350596607,0.125075,0
607393397484814335,0.120513,0
607393397619032063,0.120074,0
607393398961209343,0.105664,0
607393399095427071,0.10739,0
607393399229644799,0.106861,0
607393399363862527,0.108392,0
607393399498080255,0.106508,0
607393399632297983,0.112262,0
607393399766515711,0.105461,0
607393400034951167,0.102881,0
607393400169168895,0.107934,0
607393400303386623,0.107345,0
607393400437604351,0.10694,0
607393400571822079,0.110588,0
607393400706039807,0.108284,0
607393400840257535,0.105624,0
607393401108692991,0.110021,0
607393401242910719,0.106553,0
607393401377128447,0.106936,0
607393401511346175,0.110824,0
607393401645563903,0.109232,0
607393401779781631,0.106723,0
607393401913999359,0.10606,0
607393402182434815,0.107288,0
607393402316652543,0.105693,0
607393402450870271,0.103166,0
607393402585087999,0.10827,0
607393402719305727,0.108026,0
607393402853523455,0.107638,0
607393402987741183,0.10564,0
607393403256176639,0.109035,0
607393403390394367,0.107801,0
607393403524612095,0.107928,0
607393403658829823,0.109642,0
607393403793047551,0.111819,0
607393403927265279,0.116755,0
607393404061483007,0.118079,0
607393404329918463,0.114143,0
607393404464136191,0.115984,0
607393404598353919,0.106493,0
607393404732571647,0.108833,0
607393404866789375,0.125951,0
607393405001007103,0.11586,0
607393405135224831,0.118557,0
607393405403660287,0.111215,0
607393405537878015,0.108358,0
607393405672095743,0.116219,0
607393405806313471,0.112719,0
607393405940531199,0.11062,0
607393406074748927,0.111345,0
607393406208966655,0.10601,0
607393407551143935,0.101155,0
607393407685361663,0.114715,0
607393407819579391,0.102219,0
607393407953797119,0.0964538,0
607393408088014847,0.104298,0
607393408222232575,0.112593,0
607393408356450303,0.108131,0
607393408624885759,0.135206,0
607393408759103487,0.0978576,0
607393408893321215,0.145116,0
607393409027538943,0.108207,0
607393409161756671,0.112113,0
607393409295974399,0.102583,0
607393409430192127,0.116085,0
607393409698627583,0.102767,0
607393409832845311,0.111691,0
607393409967063039,0.1116,0
607393410101280767,0.109145,0
607393410235498495,0.105166,0
607393410369716223,0.106509,0
607393410503933951,0.104763,0
607393410772369407,0.116618,0
607393410906587135,0.111077,0
607393411040804863,0.111051,0
607393411175022591,0.108858,0
607393411309240319,0.114443,0
607393411443458047,0.106377,0
607393411577675775,0.107705,0
607393411846111231,0.109917,0
607393411980328959,0.112976,0
607393412114546687,0.108611,0
607393412248764415,0.109566,0
607393412382982143,0.109352,0
607393412517199871,0.111639,0
607393412651417599,0.108693,0
607393412919853055,0.103407,0
607393413054070783,0.106047,0
607393413188288511,0.106953,0
607393413322506239,0.107099,0
607393413456723967,0.113305,0
607393413590941695,0.109349,0
607393413725159423,0.112652,0
607393413993594879,0.106117,0
607393414127812607,0.110516,0
607393414262030335,0.104834,0
607393414396248063,0.105661,0
607393414530465791,0.103097,0
607393414664683519,0.108024,0
607393414798901247,0.103754,0
607393416141078527,0.154992,0
607393416275296255,0.162116,0
607393416409513983,0.156053,0
607393416543731711,0.165229,0
607393416677949439,0.167575,0
607393416812167167,0.148799,0
607393416946384895,0.156876,0
607393417214820351,0.148655,0
607393417349038079,0.149454,0
607393417483255807,0.153365,0
607393417617473535,0.149859,0
607393417751691263,0.159251,0
607393417885908991,0.150835,0
607393418020126719,0.15498,0
607393418288562175,0.154808,0
607393418422779903,0.146897,0
607393418556997631,0.134654,0
607393418691215359,0.136516,0
607393418825433087,0.15082,0
607393418959650815,0.149356,0
607393419093868543,0.141842,0
607393419362303999,0.162878,0
607393419496521727,0.154672,0
607393419630739455,0.155348,0
607393419764957183,0.147348,0
607393419899174911,0.157199,0
607393420033392639,0.158569,0
607393420167610367,0.155529,0
607393420436045823,0.157882,0
607393420570263551,0.166754,0
607393420704481279,0.155534,0
607393420838699007,0.159477,0
607393420972916735,0.151954,0
607393421107134463,0.160615,0
607393421241352191,0.149449,0
607393421509787647,0.166076,0
607393421644005375,0.145,0
607393421778223103,0.166411,0
607393421912440831,0.154556,0
607393422046658559,0.160489,0
607393422180876287,0.14693,0
607393422315094015,0.159456,0
607393422583529471,0.164523,0
607393422717747199,0.162285,0
607393422851964927,0.162615,0
607393422986182655,0.160193,0
607393423120400383,0.17533,0
607393423254618111,0.156127,0
607393423388835839,0.170081,0
607393424731013119,0.132729,0
607393424865230847,0.139009,0
607393424999448575,0.142392,0
607393425133666303,0.143524,0
607393425267884031,0.145265,0
607393425402101759,0.136787,0
607393425536319487,0.138518,0
607393425804754943,0.146532,0
607393425938972671,0.135333,0
607393426073190399,0.128586,0
607393426207408127,0.13728,0
607393426341625855,0.133538,0
607393426475843583,0.133983,0
607393426610061311,0.141736,0
607393426878496767,0.132312,0
607393427012714495,0.13387,0
607393427146932223,0.131501,0
607393427281149951,0.135749,0
607393427415367679,0.146416,0
607393427549585407,0.14238,0
607393427683803135,0.130464,0
607393427952238591,0.131183,0
607393428086456319,0.134117,0
607393428220674047,0.137034,0
607393428354891775,0.139548,0
607393428489109503,0.135482,0
607393428623327231,0.130901,0
607393428757544959,0.131731,0
607393429025980415,0.151676,0
607393429160198143,0.143652,0
607393429294415871,0.15149,0
607393429428633599,0.152453,0
607393429562851327,0.146639,0
607393429697069055,0.148462,0
607393429831286783,0.147038,0
607393430099722239,0.143091,0
607393430233939967,0.136434,0
607393430368157695,0.148532,0
607393430502375423,0.138037,0
607393430636593151,0.154575,0
607393430770810879,0.155759,0
607393430905028607,0.148706,0
607393431173464063,0.153188,0
607393431307681791,0.140664,0
607393431441899519,0.149419,0
607393431576117247,0.143944,0
607393431710334975,0.146653,0
607393431844552703,0.14373,0
607393431978770431,0.150409,0
607393433320947711,0.121029,0
607393433455165439,0.118542,0
607393433589383167,0.120057,0
607393433723600895,0.115845,0
607393433857818623,0.133325,0
607393433992036351,0.13294,0
607393434126254079,0.1236,0
607393434394689535,0.131774,0
607393434528907263,0.117626,0
607393434663124991,0.124409,0
607393434797342719,0.11729,0
607393434931560447,0.126812,0
607393435065778175,0.128645,0
607393435199995903,0.127056,0
607393435468431359,0.12264,0
607393435602649087,0.121702,0
607393435736866815,0.11358,0
607393435871084543,0.110007,0
607393436005302271,0.125492,0
607393436139519999,0.112215,0
607393436273737727,0.122824,0
607393436542173183,0.116607,0
607393436676390911,0.110712,0
607393436810608639,0.126893,0
607393436944826367,0.119368,0
607393437079044095,0.113011,0
607393437213261823,0.107,0
607393437347479551,0.106084,0
607393437615915007,0.14743,0
607393437750132735,0.136404,0
607393437884350463,0.155664,0
607393438018568191,0.135912,0
607393438152785919,0.155541,0
607393438287003647,0.147897,0
607393438421221375,0.1519,0
607393438689656831,0.144207,0
607393438823874559,0.136075,0
607393438958092287,0.140706,0
607393439092310015,0.13472,0
607393439226527743,0.163117,0
607393439360745471,0.140754,0
607393439494963199,0.144667,0
607393439763398655,0.121989,0
607393439897616383,0.123606,0
607393440031834111,0.128112,0
607393440166051839,0.121111,0
607393440300269567,0.138961,0
607393440434487295,0.128568,0
607393440568705023,0.124424,0
607393450500816895,0.0887937,0
607393450635034623,0.0887061,0
607393450769252351,0.0908283,0
607393450903470079,0.0765,0
607393451037687807,0.0983664,0
607393451171905535,0.0803958,0
607393451306123263,0.0886877,0
607393451574558719,0.0958575,0
607393451708776447,0.0961936,0
607393451842994175,0.0905915,0
607393451977211903,0.0977002,0
607393452111429631,0.0961036,0
607393452245647359,0.0997079,0
607393452379865087,0.0888846,0
607393452648300543,0.0826659,0
607393452782518271,0.0718226,0
607393452916735999,0.0800065,0
607393453050953727,0.0787093,0
607393453185171455,0.0943794,0
607393453319389183,0.0731733,0
607393453453606911,0.0760591,0
607393453722042367,0.0766149,0
607393453856260095,0.0846358,0
607393453990477823,0.0839135,0
607393454124695551,0.0860922,0
607393454258913279,0.0802866,0
607393454393131007,0.0878637,0
607393454527348735,0.0762228,0
607393454795784191,0.0839207,0
607393454930001919,0.0980727,0
607393455064219647,0.0829785,0
607393455198437375,0.0931069,0
607393455332655103,0.0891128,0
607393455466872831,0.0859764,0
607393455601090559,0.0796732,0
607393455869526015,0.0935413,0
607393456003743743,0.10095,0
607393456137961471,0.0887146,0
607393456272179199,0.0909634,0
607393456406396927,0.134569,0
607393456540614655,0.124712,0
607393456674832383,0.104661,0
607393456943267839,0.0846849,0
607393457077485567,0.0832549,0
607393457211703295,0.0895778,0
607393457345921023,0.0913195,0
607393457480138751,0.0797682,0
607393457614356479,0.0849979,0
607393457748574207,0.0862958,0
607393459090751487,0.0944158,0
607393459224969215,0.0868358,0
607393459359186943,0.0888681,0
607393459493404671,0.0853648,0
607393459627622399,0.0954338,0
607393459761840127,0.101099,0
607393459896057855,0.0955578,0
607393460164493311,0.0899715,0
607393460298711039,0.0863772,0
607393460432928767,0.0849807,0
607393460567146495,0.0854139,0
607393460701364223,0.10076,0
607393460835581951,0.0928184,0
607393460969799679,0.0847885,0
607393461238235135,0.0875037,0
607393461372452863,0.0830271,0
607393461506670591,0.0837809,0
607393461640888319,0.0829632,0
607393461775106047,0.0814611,0
607393461909323775,0.0872167,0
607393462043541503,0.0761285,0
607393462311976959,0.0845799,0
607393462446194687,0.0949735,0
607393462580412415,0.0864836,0
607393462714630143,0.0871537,0
607393462848847871,0.0846378,0
607393462983065599,0.0889235,0
607393463117283327,0.0824089,0
607393463385718783,0.104527,0
607393463519936511,0.109652,0
607393463654154239,0.10961,0
607393463788371967,0.100187,0
607393463922589695,0.117542,0
607393464056807423,0.117287,0
607393464191025151,0.102312,0
607393464459460607,0.112089,0
607393464593678335,0.0990898,0
607393464727896063,0.105751,0
607393464862113791,0.0988199,0
607393464996331519,0.111915,0
607393465130549247,0.115335,0
607393465264766975,0.114252,0
607393465533202431,0.0944385,0
607393465667420159,0.0933111,0
607393465801637887,0.0938036,0
607393465935855615,0.0894176,0
607393466070073343,0.0988181,0
607393466204291071,0.104261,0
607393466338508799,0.0938494,0
607393467680686079,0.0567093,0
607393467814903807,0.0526366,0
607393467949121535,0.0569482,0
607393468083339263,0.0556048,0
607393468217556991,0.0669647,0
607393468351774719,0.0642987,0
607393468485992447,0.0605864,0
607393468754427903,0.0713378,0
607393468888645631,0.0705686,0
607393469022863359,0.0697826,0
607393469157081087,0.0622312,0
607393469291298815,0.0805114,0
607393469425516543,0.0735386,0
607393469559734271,0.0794482,0
607393469828169727,0.0649083,0
607393469962387455,0.0603587,0
607393470096605183,0.060756,0
607393470230822911,0.0589961,0
607393470365040639,0.0613182,0
607393470499258367,0.0591732,0
607393470633476095,0.0631847,0
607393470901911551,0.0637202,0
607393471036129279,0.0694236,0
607393471170347007,0.0642673,0
607393471304564735,0.0604766,0
607393471438782463,0.0683458,0
607393471573000191,0.0646983,0
607393471707217919,0.0623043,0
607393471975653375,0.0681039,0
607393472109871103,0.0715378,0
607393472244088831,0.06695,0
607393472378306559,0.0687105,0
607393472512524287,0.0765993,0
607393472646742015,0.0696516,0
607393472780959743,0.0648813,0
607393473049395199,0.0736033,0
607393473183612927,0.0728284,0
607393473317830655,0.068534,0
607393473452048383,0.0646278,0
607393473586266111,0.0789249,0
607393473720483839,0.0812951,0
607393473854701567,0.0745591,0
607393474123137023,0.0553909,0
607393474257354751,0.0567994,0
607393474391572479,0.0637517,0
607393474525790207,0.060324,0
607393474660007935,0.0657301,0
607393474794225663,0.0645836,0
607393474928443391,0.0605983,0
607393476270620671,0.0735392,0
607393476404838399,0.058747,0
607393476539056127,0.0736381,0
607393476673273855,0.0653291,0
607393476807491583,0.0719568,0
607393476941709311,0.076918,0
607393477075927039,0.0612493,0
607393477344362495,0.0671399,0
607393477478580223,0.0639519,0
607393477612797951,0.0674879,0
607393477747015679,0.0642644,0
607393477881233407,0.0730641,0
607393478015451135,0.0707384,0
607393478149668863,0.0654623,0
607393478418104319,0.0776429,0
607393478552322047,0.0658416,0
607393478686539775,0.0780322,0
607393478820757503,0.061103,0
607393478954975231,0.0684025,0
607393479089192959,0.0783844,0
607393479223410687,0.0668999,0
607393479491846143,0.0633231,0
607393479626063871,0.0629422,0
607393479760281599,0.0684914,0
607393479894499327,0.0659525,0
607393480028717055,0.0658765,0
607393480162934783,0.0618651,0
607393480297152511,0.0678498,0
607393480565587967,0.0896101,0
607393480699805695,0.0919112,0
607393480834023423,0.0684725,0
607393480968241151,0.074422,0
607393481102458879,0.0805024,0
607393481236676607,0.0824703,0
607393481370894335,0.0684219,0
607393481639329791,0.101505,0
607393481773547519,0.0837517,0
607393481907765247,0.0947861,0
607393482041982975,0.0737871,0
607393482176200703,0.0922183,0
607393482310418431,0.0963015,0
607393482444636159,0.0894388,0
607393482713071615,0.0683907,0
607393482847289343,0.0672332,0
607393482981507071,0.0684347,0
607393483115724799,0.0697061,0
607393483249942527,0.0707796,0
607393483384160255,0.0591614,0
607393483518377983,0.0627916,0
607393484860555263,0.125494,0
607393484994772991,0.128321,0
607393485128990719,0.0996458,0
607393485263208447,0.11981,0
607393485397426175,0.109997,0
607393485531643903,0.115608,0
607393485665861631,0.102689,0
607393485934297087,0.1051,0
607393486068514815,0.113683,0
607393486202732543,0.118694,0
607393486336950271,0.125117,0
607393486471167999,0.126369,0
607393486605385727,0.126267,0
607393486739603455,0.122442,0
607393487008038911,0.0761798,0
607393487142256639,0.0783707,0
607393487276474367,0.0757446,0
607393487410692095,0.0796873,0
607393487544909823,0.0820785,0
607393487679127551,0.101778,0
607393487813345279,0.071603,0
607393488081780735,0.127586,0
607393488215998463,0.121606,0
607393488350216191,0.0940905,0
607393488484433919,0.113597,0
607393488618651647,0.123982,0
607393488752869375,0.138891,0
607393488887087103,0.109547,0
607393489155522559,0.104991,0
607393489289740287,0.102002,0
607393489423958015,0.0878898,0
607393489558175743,0.10619,0
607393489692393471,0.119633,0
607393489826611199,0.112523,0
607393489960828927,0.105156,0
607393490229264383,0.108056,0
607393490363482111,0.118786,0
607393490497699839,0.108965,0
607393490631917567,0.123475,0
607393490766135295,0.101833,0
607393490900353023,0.123515,0
607393491034570751,0.102623,0
607393491303006207,0.09172,0
607393491437223935,0.0939838,0
607393491571441663,0.0724814,0
607393491705659391,0.0707663,0
607393491839877119,0.100943,0
607393491974094847,0.0987417,0
607393492108312575,0.093217,0
607393493450489855,0.101096,0
607393493584707583,0.104268,0
607393493718925311,0.115661,0
607393493853143039,0.104666,0
607393493987360767,0.1174,0
607393494121578495,0.11034,0
607393494255796223,0.112506,0
607393494524231679,0.110512,0
607393494658449407,0.105586,0
607393494792667135,0.106733,0
607393494926884863,0.100631,0
607393495061102591,0.109208,0
607393495195320319,0.103063,0
607393495329538047,0.106729,0
607393495597973503,0.108827,0
607393495732191231,0.109416,0
607393495866408959,0.103017,0
607393496000626687,0.108488,0
607393496134844415,0.116117,0
607393496269062143,0.117061,0
607393496403279871,0.124854,0
607393496671715327,0.114664,0
607393496805933055,0.104275,0
607393496940150783,0.115609,0
607393497074368511,0.109294,0
607393497208586239,0.110088,0
607393497342803967,0.103425,0
607393497477021695,0.114117,0
607393497745457151,0.11997,0
607393497879674879,0.118151,0
607393498013892607,0.110616,0
607393498148110335,0.113381,0
607393498282328063,0.123826,0
607393498416545791,0.118598,0
607393498550763519,0.126992,0
607393498819198975,0.110969,0
607393498953416703,0.10064,0
607393499087634431,0.114406,0
607393499221852159,0.104882,0
607393499356069887,0.119923,0
607393499490287615,0.111239,0
607393499624505343,0.118989,0
607393499892940799,0.129065,0
607393500027158527,0.119166,0
607393500161376255,0.135568,0
607393500295593983,0.133876,0
607393500429811711,0.122534,0
607393500564029439,0.111908,0
607393500698247167,0.137442,0
607393502040424447,0.0596506,0
607393502174642175,0.0681075,0
607393502308859903,0.0659196,0
607393502443077631,0.0720598,0
607393502577295359,0.0691374,0
607393502711513087,0.0591735,0
607393502845730815,0.0809529,0
607393503114166271,0.0742875,0
607393503248383999,0.0768648,0
607393503382601727,0.0757904,0
607393503516819455,0.0695824,0
607393503651037183,0.0693555,0
607393503785254911,0.0676147,0
607393503919472639,0.0651274,0
607393504187908095,0.0667849,0
607393504322125823,0.0665714,0
607393504456343551,0.0657896,0
607393504590561279,0.0767582,0
607393504724779007,0.0699652,0
607393504858996735,0.0641128,0
607393504993214463,0.0729677,0
607393505261649919,0.0735696,0
607393505395867647,0.0796246,0
607393505530085375,0.0789872,0
607393505664303103,0.0791283,0
607393505798520831,0.0770571,0
607393505932738559,0.0768194,0
607393506066956287,0.0753573,0
607393506335391743,0.0714063,0
607393506469609471,0.0698435,0
607393506603827199,0.0747461,0
607393506738044927,0.0776959,0
607393506872262655,0.0743895,0
607393507006480383,0.0749468,0
607393507140698111,0.0807634,0
607393507409133567,0.0682147,0
607393507543351295,0.0651125,0
607393507677569023,0.0591315,0
607393507811786751,0.0628962,0
607393507946004479,0.0783712,0
607393508080222207,0.0760646,0
607393508214439935,0.0739101,0
607393508482875391,0.079837,0
607393508617093119,0.0761073,0
607393508751310847,0.0762518,0
607393508885528575,0.0750249,0
607393509019746303,0.0798521,0
607393509153964031,0.0791395,0
607393509288181759,0.08371,0
607393519220293631,0.132661,0
607393519354511359,0.142427,0
607393519488729087,0.133001,0
607393519622946815,0.133878,0
607393519757164543,0.129512,0
607393519891382271,0.130951,0
607393520025599999,0.127655,0
607393520294035455,0.134852,0
607393520428253183,0.139311,0
607393520562470911,0.134707,0
607393520696688639,0.145801,0
607393520830906367,0.126503,0
607393520965124095,0.129056,0
607393521099341823,0.133356,0
607393521367777279,0.124604,0
607393521501995007,0.131066,0
607393521636212735,0.117803,0
607393521770430463,0.12424,0
607393521904648191,0.129607,0
607393522038865919,0.131818,0
607393522173083647,0.124354,0
607393522441519103,0.136758,0
607393522575736831,0.132218,0
607393522709954559,0.137949,0
607393522844172287,0.120537,0
607393522978390015,0.132058,0
607393523112607743,0.136921,0
607393523246825471,0.130263,0
607393523515260927,0.112137,0
607393523649478655,0.127134,0
607393523783696383,0.117955,0
607393523917914111,0.126987,0
607393524052131839,0.104222,0
607393524186349567,0.106869,0
607393524320567295,0.108389,0
607393524589002751,0.119936,0
607393524723220479,0.124446,0
607393524857438207,0.12478,0
607393524991655935,0.124317,0
607393525125873663,0.11312,0
607393525260091391,0.111351,0
607393525394309119,0.115899,0
607393525662744575,0.121245,0
607393525796962303,0.131029,0
607393525931180031,0.122837,0
607393526065397759,0.122604,0
607393526199615487,0.121367,0
607393526333833215,0.123977,0
607393526468050943,0.11959,0
607393527810228223,0.0918784,0
607393527944445951,0.088349,0
607393528078663679,0.0932663,0
607393528212881407,0.0931504,0
607393528347099135,0.109224,0
607393528481316863,0.096717,0
607393528615534591,0.105517,0
607393528883970047,0.0797118,0
607393529018187775,0.0853386,0
607393529152405503,0.0684507,0
607393529286623231,0.0738195,0
607393529420840959,0.0943623,0
607393529555058687,0.0826462,0
607393529689276415,0.0769954,0
607393529957711871,0.085125,0
607393530091929599,0.0977191,0
607393530226147327,0.0845508,0
607393530360365055,0.0981278,0
607393530494582783,0.099581,0
607393530628800511,0.0857101,0
607393530763018239,0.0950935,0
607393531031453695,0.0676225,0
607393531165671423,0.0593517,0
607393531299889151,0.0593376,0
607393531434106879,0.0591133,0
607393531568324607,0.074324,0
607393531702542335,0.0706496,0
607393531836760063,0.0916385,0
607393532105195519,0.135617,0
607393532239413247,0.12625,0
607393532373630975,0.141635,0
607393532507848703,0.129332,0
607393532642066431,0.134702,0
607393532776284159,0.130407,0
607393532910501887,0.133144,0
607393533178937343,0.129137,0
607393533313155071,0.115776,0
607393533447372799,0.117027,0
607393533581590527,0.103034,0
607393533715808255,0.135342,0
607393533850025983,0.134869,0
607393533984243711,0.139548,0
607393534252679167,0.122954,0
607393534386896895,0.104954,0
607393534521114623,0.120826,0
607393534655332351,0.11756,0
607393534789550079,0.135089,0
607393534923767807,0.129079,0
607393535057985535,0.137678,0
607393536400162815,0.107799,0
607393536534380543,0.106657,0
607393536668598271,0.0989555,0
607393536802815999,0.0904018,0
607393536937033727,0.11061,0
607393537071251455,0.112043,0
607393537205469183,0.100097,0
607393537473904639,0.121514,0
607393537608122367,0.111013,0
607393537742340095,0.105034,0
607393537876557823,0.106871,0
607393538010775551,0.113655,0
607393538144993279,0.107913,0
607393538279211007,0.1161,0
607393538547646463,0.0804046,0
607393538681864191,0.0808763,0
607393538816081919,0.079694,0
607393538950299647,0.0739334,0
607393539084517375,0.0877285,0
607393539218735103,0.0885527,0
607393539352952831,0.0770038,0
607393539621388287,0.0841246,0
607393539755606015,0.0790498,0
607393539889823743,0.0773882,0
607393540024041471,0.0856862,0
607393540158259199,0.0911533,0
607393540292476927,0.0840415,0
607393540426694655,0.0813714,0
607393540695130111,0.0949574,0
607393540829347839,0.0985703,0
607393540963565567,0.0955088,0
607393541097783295,0.101568,0
607393541232001023,0.0997472,0
607393541366218751,0.0960532,0
607393541500436479,0.0938088,0
607393541768871935,0.102917,0
607393541903089663,0.114357,0
607393542037307391,0.102509,0
607393542171525119,0.113823,0
607393542305742847,0.111512,0
607393542439960575,0.121695,0
607393542574178303,0.102137,0
607393542842613759,0.0944447,0
607393542976831487,0.0981138,0
607393543111049215,0.0978909,0
607393543245266943,0.090962,0
607393543379484671,0.0908258,0
607393543513702399,0.101149,0
607393543647920127,0.0879594,0
607393544990097407,0.0788758,0
607393545124315135,0.0943573,0
607393545258532863,0.0765877,0
607393545392750591,0.0696298,0
607393545526968319,0.0809139,0
607393545661186047,0.0914156,0
607393545795403775,0.0682541,0
607393546063839231,0.0764081,0
607393546198056959,0.0624885,0
607393546332274687,0.0638301,0
607393546466492415,0.0583205,0
607393546600710143,0.0730905,0
607393546734927871,0.0816499,0
607393546869145599,0.0880816,0
607393547137581055,0.0639837,0
607393547271798783,0.052893,0
607393547406016511,0.0634698,0
607393547540234239,0.0668828,0
607393547674451967,0.0656899,0
607393547808669695,0.0659766,0
607393547942887423,0.0724789,0
607393548211322879,0.0577313,0
607393548345540607,0.052987,0
607393548479758335,0.0568481,0
607393548613976063,0.0546175,0
607393548748193791,0.0600575,0
607393548882411519,0.0555434,0
607393549016629247,0.056677,0
607393549285064703,0.0996816,0
607393549419282431,0.0893964,0
607393549553500159,0.0860029,0
607393549687717887,0.0879074,0
607393549821935615,0.092059,0
607393549956153343,0.108641,0
607393550090371071,0.0913161,0
607393550358806527,0.0963558,0
607393550493024255,0.0905063,0
607393550627241983,0.0910353,0
607393550761459711,0.0775722,0
607393550895677439,0.107394,0
607393551029895167,0.1054,0
607393551164112895,0.102513,0
607393551432548351,0.0791799,0
607393551566766079,0.0678167,0
607393551700983807,0.0735519,0
607393551835201535,0.0627044,0
607393551969419263,0.0878405,0
607393552103636991,0.0833805,0
607393552237854719,0.0958125,0
607393553580031999,0.11173,0
607393553714249727,0.10293,0
607393553848467455,0.105406,0
607393553982685183,0.102314,0
607393554116902911,0.11251,0
607393554251120639,0.118121,0
607393554385338367,0.109098,0
607393554653773823,0.106349,0
607393554787991551,0.101159,0
607393554922209279,0.103321,0
607393555056427007,0.103599,0
607393555190644735,0.107397,0
607393555324862463,0.109657,0
607393555459080191,0.102944,0
607393555727515647,0.102821,0
607393555861733375,0.102375,0
607393555995951103,0.0982558,0
607393556130168831,0.0994854,0
607393556264386559,0.105104,0
607393556398604287,0.108384,0
607393556532822015,0.100615,0
607393556801257471,0.104113,0
607393556935475199,0.110387,0
607393557069692927,0.109328,0
607393557203910655,0.116647,0
607393557338128383,0.105696,0
607393557472346111,0.10409,0
607393557606563839,0.107135,0
607393557874999295,0.120834,0
607393558009217023,0.10717,0
607393558143434751,0.129183,0
607393558277652479,0.119131,0
607393558411870207,0.118473,0
607393558546087935,0.1169,0
607393558680305663,0.116264,0
607393558948741119,0.11253,0
607393559082958847,0.108155,0
607393559217176575,0.111217,0
607393559351394303,0.106848,0
607393559485612031,0.110505,0
607393559619829759,0.113815,0
607393559754047487,0.109415,0
607393560022482943,0.117677,0
607393560156700671,0.104935,0
607393560290918399,0.105094,0
607393560425136127,0.102242,0
607393560559353855,0.13253,0
607393560693571583,0.120039,0
607393560827789311,0.121295,0
607393562169966591,0.0961399,0
607393562304184319,0.106883,0
607393562438402047,0.0978246,0
607393562572619775,0.102066,0
607393562706837503,0.103925,0
607393562841055231,0.0993874,0
607393562975272959,0.10073,0
607393563243708415,0.109911,0
607393563377926143,0.113403,0
607393563512143871,0.110793,0
607393563646361599,0.108537,0
607393563780579327,0.117891,0
607393563914797055,0.11332,0
607393564049014783,0.113206,0
607393564317450239,0.12831,0
607393564451667967,0.111873,0
607393564585885695,0.124952,0
607393564720103423,0.125703,0
607393564854321151,0.109217,0
607393564988538879,0.112959,0
607393565122756607,0.117016,0
607393565391192063,0.131817,0
607393565525409791,0.139589,0
607393565659627519,0.130587,0
607393565793845247,0.128681,0
607393565928062975,0.127832,0
607393566062280703,0.130102,0
607393566196498431,0.123774,0
607393566464933887,0.102628,0
607393566599151615,0.102794,0
607393566733369343,0.104259,0
607393566867587071,0.10941,0
607393567001804799,0.105389,0
607393567136022527,0.101036,0
607393567270240255,0.102028,0
607393567538675711,0.0997264,0
607393567672893439,0.111767,0
607393567807111167,0.102297,0
607393567941328895,0.101921,0
607393568075546623,0.105885,0
607393568209764351,0.0982819,0
607393568343982079,0.0979481,0
607393568612417535,0.105191,0
607393568746635263,0.103898,0
607393568880852991,0.109327,0
607393569015070719,0.105467,0
607393569149288447,0.105762,0
607393569283506175,0.104255,0
607393569417723903,0.10342,0
607393570759901183,0.0988983,0
607393570894118911,0.100898,0
607393571028336639,0.098075,0
607393571162554367,0.0997312,0
607393571296772095,0.0957668,0
607393571430989823,0.0986388,0
607393571565207551,0.102566,0
607393571833643007,0.104709,0
607393571967860735,0.10824,0
607393572102078463,0.105171,0
607393572236296191,0.116965,0
607393572370513919,0.095593,0
607393572504731647,0.0969903,0
607393572638949375,0.10023,0
607393572907384831,0.0986725,0
607393573041602559,0.0931213,0
607393573175820287,0.0961689,0
607393573310038015,0.0972448,0
607393573444255743,0.101034,0
607393573578473471,0.103837,0
607393573712691199,0.102734,0
607393573981126655,0.109382,0
607393574115344383,0.114287,0
607393574249562111,0.110845,0
607393574383779839,0.114475,0
607393574517997567,0.105812,0
607393574652215295,0.116988,0
607393574786433023,0.101796,0
607393575054868479,0.111764,0
607393575189086207,0.108554,0
607393575323303935,0.107791,0
607393575457521663,0.104314,0
607393575591739391,0.106934,0
607393575725957119,0.109742,0
607393575860174847,0.107025,0
607393576128610303,0.104252,0
607393576262828031,0.10535,0
607393576397045759,0.0973932,0
607393576531263487,0.0964801,0
607393576665481215,0.101255,0
607393576799698943,0.0993368,0
607393576933916671,0.106815,0
607393577202352127,0.107399,0
607393577336569855,0.101646,0
607393577470787583,0.109806,0
607393577605005311,0.108022,0
607393577739223039,0.105155,0
607393577873440767,0.109185,0
607393578007658495,0.105923,0
607393587939770367,0.22753,0
607393588073988095,0.223915,0
607393588208205823,0.269442,0
607393588342423551,0.212174,0
607393588476641279,0.239099,0
607393588610859007,0.226201,0
607393588745076735,0.287679,0
607393589013512191,0.223029,0
607393589147729919,0.209902,0
607393589281947647,0.202559,0
607393589416165375,0.198082,0
607393589550383103,0.221719,0
607393589684600831,0.224718,0
607393589818818559,0.224632,0
607393590087254015,0.173818,0
607393590221471743,0.227629,0
607393590355689471,0.176934,0
607393590489907199,0.183821,0
607393590624124927,0.182162,0
607393590758342655,0.248065,0
607393590892560383,0.155599,0
607393591160995839,0.212314,0
607393591295213567,0.193243,0
607393591429431295,0.198347,0
607393591563649023,0.191075,0
607393591697866751,0.197968,0
607393591832084479,0.188061,0
607393591966302207,0.246628,0
607393592234737663,0.24059,0
607393592368955391,0.282919,0
607393592503173119,0.258654,0
607393592637390847,0.297099,0
607393592771608575,0.344754,0
607393592905826303,0.361117,0
607393593040044031,0.25076,0
607393593308479487,0.277797,0
607393593442697215,0.237729,0
607393593576914943,0.223276,0
607393593711132671,0.236068,0
607393593845350399,0.325279,0
607393593979568127,0.256358,0
607393594113785855,0.342038,0
607393594382221311,0.213173,0
607393594516439039,0.214454,0
607393594650656767,0.172857,0
607393594784874495,0.200816,0
607393594919092223,0.212322,0
607393595053309951,0.234949,0
607393595187527679,0.204876,0
607393596529704959,0.192565,0
607393596663922687,0.263839,0
607393596798140415,0.185979,0
607393596932358143,0.197243,0
607393597066575871,0.200172,0
607393597200793599,0.215649,0
607393597335011327,0.192438,0
607393597603446783,0.200383,0
607393597737664511,0.17754,0
607393597871882239,0.261467,0
607393598006099967,0.249588,0
607393598140317695,0.203474,0
607393598274535423,0.19197,0
607393598408753151,0.213286,0
607393598677188607,0.168694,0
607393598811406335,0.185389,0
607393598945624063,0.169842,0
607393599079841791,0.158536,0
607393599214059519,0.187904,0
607393599348277247,0.188807,0
607393599482494975,0.175432,0
607393599750930431,0.195951,0
607393599885148159,0.185811,0
607393600019365887,0.187289,0
607393600153583615,0.1719,0
607393600287801343,0.200293,0
607393600422019071,0.185037,0
607393600556236799,0.177148,0
607393600824672255,0.234518,0
607393600958889983,0.234277,0
607393601093107711,0.208715,0
607393601227325439,0.207819,0
607393601361543167,0.251522,0
607393601495760895,0.244777,0
607393601629978623,0.241954,0
607393601898414079,0.267357,0
607393602032631807,0.208631,0
607393602166849535,0.22238,0
607393602301067263,0.227081,0
607393602435284991,0.248628,0
607393602569502719,0.235978,0
607393602703720447,0.230964,0
607393602972155903,0.203594,0
607393603106373631,0.219197,0
607393603240591359,0.183254,0
607393603374809087,0.215192,0
607393603509026815,0.190995,0
607393603643244543,0.225381,0
607393603777462271,0.193046,0
607393605119639551,0.165623,0
607393605253857279,0.174179,0
607393605388075007,0.145577,0
607393605522292735,0.169537,0
607393605656510463,0.156667,0
607393605790728191,0.168822,0
607393605924945919,0.143121,0
607393606193381375,0.170423,0
607393606327599103,0.153669,0
607393606461816831,0.171059,0
607393606596034559,0.167754,0
607393606730252287,0.155753,0
607393606864470015,0.203652,0
607393606998687743,0.15418,0
607393607267123199,0.135584,0
607393607401340927,0.186472,0
607393607535558655,0.188963,0
607393607669776383,0.146278,0
607393607803994111,0.133527,0
607393607938211839,0.170223,0
607393608072429567,0.121055,0
607393608340865023,0.160202,0
607393608475082751,0.147543,0
607393608609300479,0.161226,0
607393608743518207,0.153925,0
607393608877735935,0.174366,0
607393609011953663,0.16815,0
607393609146171391,0.173877,0
607393609414606847,0.145014,0
607393609548824575,0.145799,0
607393609683042303,0.135836,0
607393609817260031,0.135063,0
607393609951477759,0.15624,0
607393610085695487,0.157896,0
607393610219913215,0.127716,0
607393610488348671,0.15899,0
607393610622566399,0.180595,0
607393610756784127,0.161144,0
607393610891001855,0.165218,0
607393611025219583,0.158857,0
607393611159437311,0.256986,0
607393611293655039,0.143468,0
607393611562090495,0.155107,0
607393611696308223,0.141025,0
607393611830525951,0.143079,0
607393611964743679,0.124188,0
607393612098961407,0.148019,0
607393612233179135,0.132029,0
607393612367396863,0.141628,0
607393613709574143,0.147333,0
607393613843791871,0.166291,0
607393613978009599,0.178788,0
607393614112227327,0.147103,0
607393614246445055,0.154304,0
607393614380662783,0.147378,0
607393614514880511,0.170651,0
607393614783315967,0.147515,0
607393614917533695,0.147185,0
607393615051751423,0.144061,0
607393615185969151,0.141516,0
607393615320186879,0.171081,0
607393615454404607,0.157779,0
607393615588622335,0.174272,0
607393615857057791,0.132248,0
607393615991275519,0.147818,0
607393616125493247,0.117683,0
607393616259710975,0.131084,0
607393616393928703,0.142506,0
607393616528146431,0.129954,0
607393616662364159,0.120935,0
607393616930799615,0.128083,0
607393617065017343,0.125999,0
607393617199235071,0.128558,0
607393617333452799,0.128624,0
607393617467670527,0.149663,0
607393617601888255,0.134762,0
607393617736105983,0.14921,0
607393618004541439,0.148497,0
607393618138759167,0.17479,0
607393618272976895,0.145777,0
607393618407194623,0.172353,0
607393618541412351,0.151967,0
607393618675630079,0.16301,0
607393618809847807,0.150745,0
607393619078283263,0.167494,0
607393619212500991,0.17544,0
607393619346718719,0.166664,0
607393619480936447,0.152466,0
607393619615154175,0.203222,0
607393619749371903,0.170668,0
607393619883589631,0.177696,0
607393620152025087,0.145148,0
607393620286242815,0.158448,0
607393620420460543,0.149528,0
607393620554678271,0.145151,0
607393620688895999,0.157027,0
607393620823113727,0.194866,0
607393620957331455,0.138992,0
607393622299508735,0.315735,0
607393622433726463,0.301848,0
607393622567944191,0.279779,0
607393622702161919,0.274605,0
607393622836379647,0.306241,0
607393622970597375,0.334711,0
607393623104815103,0.270048,0
607393623373250559,0.425909,0
607393623507468287,0.325299,0
607393623641686015,0.308894,0
607393623775903743,0.297956,0
607393623910121471,0.348907,0
607393624044339199,0.353559,0
607393624178556927,0.324276,0
607393624446992383,0.316954,0
607393624581210111,0.334737,0
607393624715427839,0.260353,0
607393624849645567,0.235392,0
607393624983863295,0.266815,0
607393625118081023,0.298621,0
607393625252298751,0.293428,0
607393625520734207,0.25663,0
607393625654951935,0.260931,0
607393625789169663,0.382176,0
607393625923387391,0.373693,0
607393626057605119,0.269595,0
607393626191822847,0.275381,0
607393626326040575,0.256583,0
607393626594476031,0.290821,0
607393626728693759,0.305802,0
607393626862911487,0.283699,0
607393626997129215,0.281828,0
607393627131346943,0.28423,0
607393627265564671,0.33767,0
607393627399782399,0.275477,0
607393627668217855,0.365583,0
607393627802435583,0.358098,0
607393627936653311,0.333387,0
607393628070871039,0.341717,0
607393628205088767,0.405108,0
607393628339306495,0.378371,0
607393628473524223,0.34112,0
607393628741959679,0.213063,0
607393628876177407,0.235469,0
607393629010395135,0.213719,0
607393629144612863,0.211764,0
607393629278830591,0.241599,0
607393629413048319,0.263626,0
607393629547266047,0.21897,0
607393630889443327,0.293769,0
607393631023661055,0.314402,0
607393631157878783,0.260519,0
607393631292096511,0.258041,0
607393631426314239,0.323874,0
607393631560531967,0.297424,0
607393631694749695,0.264781,0
607393631963185151,0.289875,0
607393632097402879,0.294605,0
607393632231620607,0.293063,0
607393632365838335,0.286688,0
607393632500056063,0.338076,0
607393632634273791,0.321009,0
607393632768491519,0.304873,0
607393633036926975,0.272557,0
607393633171144703,0.307849,0
607393633305362431,0.222642,0
607393633439580159,0.272688,0
607393633573797887,0.239825,0
607393633708015615,0.24826,0
607393633842233343,0.264674,0
607393634110668799,0.241284,0
607393634244886527,0.254612,0
607393634379104255,0.240931,0
607393634513321983,0.229646,0
607393634647539711,0.29659,0
607393634781757439,0.254176,0
607393634915975167,0.266188,0
607393635184410623,0.339932,0
607393635318628351,0.335981,0
607393635452846079,0.314327,0
607393635587063807,0.30624,0
607393635721281535,0.36699,0
607393635855499263,0.437431,0
607393635989716991,0.359832,0
607393636258152447,0.346714,0
607393636392370175,0.345317,0
607393636526587903,0.342666,0
607393636660805631,0.336979,0
607393636795023359,0.358462,0
607393636929241087,0.360757,0
607393637063458815,0.405419,0
607393637331894271,0.261802,0
607393637466111999,0.256732,0
607393637600329727,0.257024,0
607393637734547455,0.24503,0
607393637868765183,0.304066,0
607393638002982911,0.275335,0
607393638137200639,0.257814,0
607393639479377919,0.198845,0
607393639613595647,0.178698,0
607393639747813375,0.182407,0
607393639882031103,0.201168,0
607393640016248831,0.187536,0
607393640150466559,0.240148,0
607393640284684287,0.219052,0
607393640553119743,0.234304,0
607393640687337471,0.256474,0
607393640821555199,0.216105,0
607393640955772927,0.198074,0
607393641089990655,0.247533,0
607393641224208383,0.244022,0
607393641358426111,0.224638,0
607393641626861567,0.159963,0
607393641761079295,0.146647,0
607393641895297023,0.148346,0
607393642029514751,0.142105,0
607393642163732479,0.140076,0
607393642297950207,0.175039,0
607393642432167935,0.17968,0
607393642700603391,0.222116,0
607393642834821119,0.238256,0
607393642969038847,0.158238,0
607393643103256575,0.180276,0
607393643237474303,0.2417,0
607393643371692031,0.187335,0
607393643505909759,0.184031,0
607393643774345215,0.164831,0
607393643908562943,0.192331,0
607393644042780671,0.220559,0
607393644176998399,0.198597,0
607393644311216127,0.183495,0
607393644445433855,0.193003,0
607393644579651583,0.21858,0
607393644848087039,0.218094,0
607393644982304767,0.233561,0
607393645116522495,0.219035,0
607393645250740223,0.217537,0
607393645384957951,0.207203,0
607393645519175679,0.213994,0
607393645653393407,0.252668,0
607393645921828863,0.167972,0
607393646056046591,0.186862,0
607393646190264319,0.156834,0
607393646324482047,0.139428,0
607393646458699775,0.183098,0
607393646592917503,0.184069,0
607393646727135231,0.181982,0
607393656659247103,0.198318,0
607393656793464831,0.199417,0
607393656927682559,0.215528,0
607393657061900287,0.192251,0
607393657196118015,0.241259,0
607393657330335743,0.219688,0
607393657464553471,0.224127,0
607393657732988927,0.195565,0
607393657867206655,0.186134,0
607393658001424383,0.206129,0
607393658135642111,0.193813,0
607393658269859839,0.237458,0
607393658404077567,0.205058,0
607393658538295295,0.22228,0
607393658806730751,0.188855,0
607393658940948479,0.190702,0
607393659075166207,0.218908,0
607393659209383935,0.194804,0
607393659343601663,0.226733,0
607393659477819391,0.198213,0
607393659612037119,0.204135,0
607393659880472575,0.18048,0
607393660014690303,0.186095,0
607393660148908031,0.194972,0
607393660283125759,0.176386,0
607393660417343487,0.211583,0
607393660551561215,0.184268,0
607393660685778943,0.203521,0
607393660954214399,0.314735,0
607393661088432127,0.280803,0
607393661222649855,0.291244,0
607393661356867583,0.27079,0
607393661491085311,0.320842,0
607393661625303039,0.329692,0
607393661759520767,0.314379,0
607393662027956223,0.260384,0
607393662162173951,0.255486,0
607393662296391679,0.261008,0
607393662430609407,0.247913,0
607393662564827135,0.284372,0
607393662699044863,0.296142,0
607393662833262591,0.308475,0
607393663101698047,0.244503,0
607393663235915775,0.22418,0
607393663370133503,0.246681,0
607393663504351231,0.232555,0
607393663638568959,0.272815,0
607393663772786687,0.257444,0
607393663907004415,0.244657,0
607393665249181695,0.186901,0
607393665383399423,0.168903,0
607393665517617151,0.177478,0
607393665651834879,0.157417,0
607393665786052607,0.191136,0
607393665920270335,0.180705,0
607393666054488063,0.176607,0
607393666322923519,0.168878,0
607393666457141247,0.162674,0
607393666591358975,0.16525,0
607393666725576703,0.157047,0
607393666859794431,0.189506,0
607393666994012159,0.165903,0
607393667128229887,0.18136,0
607393667396665343,0.160918,0
607393667530883071,0.148519,0
607393667665100799,0.162354,0
607393667799318527,0.148453,0
607393667933536255,0.171878,0
607393668067753983,0.155968,0
607393668201971711,0.148746,0
607393668470407167,0.152594,0
607393668604624895,0.152243,0
607393668738842623,0.155801,0
607393668873060351,0.146835,0
607393669007278079,0.151898,0
607393669141495807,0.154251,0
607393669275713535,0.154169,0
607393669544148991,0.196011,0
607393669678366719,0.186734,0
607393669812584447,0.203632,0
607393669946802175,0.175585,0
607393670081019903,0.222269,0
607393670215237631,0.188263,0
607393670349455359,0.204594,0
607393670617890815,0.19698,0
607393670752108543,0.196225,0
607393670886326271,0.188715,0
607393671020543999,0.187386,0
607393671154761727,0.193506,0
607393671288979455,0.196516,0
607393671423197183,0.193041,0
607393671691632639,0.195212,0
607393671825850367,0.15241,0
607393671960068095,0.186715,0
607393672094285823,0.153094,0
607393672228503551,0.196697,0
607393672362721279,0.16745,0
607393672496939007,0.185322,0
607393673839116287,0.197842,0
607393673973334015,0.210166,0
607393674107551743,0.213293,0
607393674241769471,0.196619,0
607393674375987199,0.211765,0
607393674510204927,0.211688,0
607393674644422655,0.209592,0
607393674912858111,0.209583,0
607393675047075839,0.196585,0
607393675181293567,0.23792,0
607393675315511295,0.194368,0
607393675449729023,0.223063,0
607393675583946751,0.201093,0
607393675718164479,0.194763,0
607393675986599935,0.175242,0
607393676120817663,0.178184,0
607393676255035391,0.168062,0
607393676389253119,0.161372,0
607393676523470847,0.192676,0
607393676657688575,0.182019,0
607393676791906303,0.179069,0
607393677060341759,0.184868,0
607393677194559487,0.184213,0
607393677328777215,0.183475,0
607393677462994943,0.161143,0
607393677597212671,0.202158,0
607393677731430399,0.181016,0
607393677865648127,0.197204,0
607393678134083583,0.198649,0
607393678268301311,0.19574,0
607393678402519039,0.182211,0
607393678536736767,0.19685,0
607393678670954495,0.200911,0
607393678805172223,0.196281,0
607393678939389951,0.191254,0
607393679207825407,0.222853,0
607393679342043135,0.21122,0
607393679476260863,0.213177,0
607393679610478591,0.211546,0
607393679744696319,0.215708,0
607393679878914047,0.212735,0
607393680013131775,0.202999,0
607393680281567231,0.193826,0
607393680415784959,0.180803,0
607393680550002687,0.196815,0
607393680684220415,0.196105,0
607393680818438143,0.178206,0
607393680952655871,0.196698,0
607393681086873599,0.229271,0
607393682429050879,0.182647,0
607393682563268607,0.17309,0
607393682697486335,0.180288,0
607393682831704063,0.170837,0
607393682965921791,0.192131,0
607393683100139519,0.183044,0
607393683234357247,0.182343,0
607393683502792703,0.1747,0
607393683637010431,0.164508,0
607393683771228159,0.193131,0
607393683905445887,0.173985,0
607393684039663615,0.169907,0
607393684173881343,0.157661,0
607393684308099071,0.16839,0
607393684576534527,0.158089,0
607393684710752255,0.152874,0
607393684844969983,0.160644,0
607393684979187711,0.141503,0
607393685113405439,0.178185,0
607393685247623167,0.152467,0
607393685381840895,0.166487,0
607393685650276351,0.16656,0
607393685784494079,0.166267,0
607393685918711807,0.169554,0
607393686052929535,0.151968,0
607393686187147263,0.188472,0
607393686321364991,0.171834,0
607393686455582719,0.177933,0
607393686724018175,0.187986,0
607393686858235903,0.184718,0
607393686992453631,0.187007,0
607393687126671359,0.200117,0
607393687260889087,0.203992,0
607393687395106815,0.197779,0
607393687529324543,0.193636,0
607393687797759999,0.168828,0
607393687931977727,0.152323,0
607393688066195455,0.182525,0
607393688200413183,0.163944,0
607393688334630911,0.190876,0
607393688468848639,0.162449,0
607393688603066367,0.173184,0
607393688871501823,0.179738,0
607393689005719551,0.173352,0
607393689139937279,0.177556,0
607393689274155007,0.173523,0
607393689408372735,0.193615,0
607393689542590463,0.18543,0
607393689676808191,0.187705,0
607393691018985471,0.358665,0
607393691153203199,0.357296,0
607393691287420927,0.33161,0
607393691421638655,0.339763,0
607393691555856383,0.362831,0
607393691690074111,0.390031,0
607393691824291839,0.339225,0
607393692092727295,0.369853,0
607393692226945023,0.340568,0
607393692361162751,0.377888,0
607393692495380479,0.3575,0
607393692629598207,0.401138,0
607393692763815935,0.402814,0
607393692898033663,0.380876,0
607393693166469119,0.301179,0
607393693300686847,0.334122,0
607393693434904575,0.286433,0
607393693569122303,0.315714,0
607393693703340031,0.320142,0
607393693837557759,0.34406,0
607393693971775487,0.320862,0
607393694240210943,0.334185,0
607393694374428671,0.329317,0
607393694508646399,0.353935,0
607393694642864127,0.333539,0
607393694777081855,0.361756,0
607393694911299583,0.337777,0
607393695045517311,0.350246,0
607393695313952767,0.413938,0
607393695448170495,0.380258,0
607393695582388223,0.426392,0
607393695716605951,0.384086,0
607393695850823679,0.424927,0
607393695985041407,0.411902,0
607393696119259135,0.436133,0
607393696387694591,0.435419,0
607393696521912319,0.412681,0
607393696656130047,0.404495,0
607393696790347775,0.413571,0
607393696924565503,0.400263,0
607393697058783231,0.437364,0
607393697193000959,0.422617,0
607393697461436415,0.377122,0
607393697595654143,0.361155,0
607393697729871871,0.371901,0
607393697864089599,0.363297,0
607393697998307327,0.407569,0
607393698132525055,0.366011,0
607393698266742783,0.39365,0
607393699608920063,0.282069,0
607393699743137791,0.252601,0
607393699877355519,0.289664,0
607393700011573247,0.276423,0
607393700145790975,0.314636,0
607393700280008703,0.281618,0
607393700414226431,0.312675,0
607393700682661887,0.269839,0
607393700816879615,0.23648,0
607393700951097343,0.219489,0
607393701085315071,0.222226,0
607393701219532799,0.262844,0
607393701353750527,0.254466,0
607393701487968255,0.242782,0
607393701756403711,0.274361,0
607393701890621439,0.237364,0
607393702024839167,0.249314,0
607393702159056895,0.225533,0
607393702293274623,0.29045,0
607393702427492351,0.257001,0
607393702561710079,0.289458,0
607393702830145535,0.223027,0
607393702964363263,0.192812,0
607393703098580991,0.218345,0
607393703232798719,0.188711,0
607393703367016447,0.229421,0
607393703501234175,0.228679,0
607393703635451903,0.257086,0
607393703903887359,0.347723,0
607393704038105087,0.337119,0
607393704172322815,0.324555,0
607393704306540543,0.301642,0
607393704440758271,0.392494,0
607393704574975999,0.351763,0
607393704709193727,0.378312,0
607393704977629183,0.311356,0
607393705111846911,0.302272,0
607393705246064639,0.327169,0
607393705380282367,0.272817,0
607393705514500095,0.363164,0
607393705648717823,0.339241,0
607393705782935551,0.33903,0
607393706051371007,0.303016,0
607393706185588735,0.299714,0
607393706319806463,0.300029,0
607393706454024191,0.293971,0
607393706588241919,0.294425,0
607393706722459647,0.319683,0
607393706856677375,0.301666,0
607393708198854655,0.24241,0
607393708333072383,0.244802,0
607393708467290111,0.242132,0
607393708601507839,0.228371,0
607393708735725567,0.244647,0
607393708869943295,0.24092,0
607393709004161023,0.257113,0
607393709272596479,0.254372,0
607393709406814207,0.282536,0
607393709541031935,0.255825,0
607393709675249663,0.258282,0
607393709809467391,0.263383,0
607393709943685119,0.276503,0
607393710077902847,0.250036,0
607393710346338303,0.209867,0
607393710480556031,0.210739,0
607393710614773759,0.208055,0
607393710748991487,0.216127,0
607393710883209215,0.22645,0
607393711017426943,0.216382,0
607393711151644671,0.229002,0
607393711420080127,0.221906,0
607393711554297855,0.230625,0
607393711688515583,0.193637,0
607393711822733311,0.198887,0
607393711956951039,0.217182,0
607393712091168767,0.22697,0
607393712225386495,0.212854,0
607393712493821951,0.2956,0
607393712628039679,0.266839,0
607393712762257407,0.279972,0
607393712896475135,0.267622,0
607393713030692863,0.30922,0
607393713164910591,0.317606,0
607393713299128319,0.310878,0
607393713567563775,0.31582,0
607393713701781503,0.315685,0
607393713835999231,0.289634,0
607393713970216959,0.275507,0
607393714104434687,0.36073,0
607393714238652415,0.355053,0
607393714372870143,0.332941,0
607393714641305599,0.256806,0
607393714775523327,0.244952,0
607393714909741055,0.247971,0
607393715043958783,0.228895,0
607393715178176511,0.308014,0
607393715312394239,0.247252,0
607393715446611967,0.256096,0
607393725378723839,0.118427,0
607393725512941567,0.119645,0
607393725647159295,0.12978,0
607393725781377023,0.119846,0
607393725915594751,0.122122,0
607393726049812479,0.117617,0
607393726184030207,0.120142,0
607393726452465663,0.113762,0
607393726586683391,0.114254,0
607393726720901119,0.115826,0
607393726855118847,0.132035,0
607393726989336575,0.124083,0
607393727123554303,0.124222,0
607393727257772031,0.123634,0
607393727526207487,0.119023,0
607393727660425215,0.120708,0
607393727794642943,0.112818,0
607393727928860671,0.146055,0
607393728063078399,0.13083,0
607393728197296127,0.133112,0
607393728331513855,0.141641,0
607393728599949311,0.115378,0
607393728734167039,0.118696,0
607393728868384767,0.1236,0
607393729002602495,0.119396,0
607393729136820223,0.146321,0
607393729271037951,0.133144,0
607393729405255679,0.127606,0
607393729673691135,0.117861,0
607393729807908863,0.122966,0
607393729942126591,0.112663,0
607393730076344319,0.118973,0
607393730210562047,0.115547,0
607393730344779775,0.124236,0
607393730478997503,0.107044,0
607393730747432959,0.1262,0
607393730881650687,0.128383,0
607393731015868415,0.119489,0
607393731150086143,0.140263,0
607393731284303871,0.127968,0
607393731418521599,0.127755,0
607393731552739327,0.14563,0
607393731821174783,0.137077,0
607393731955392511,0.142185,0
607393732089610239,0.143391,0
607393732223827967,0.147592,0
607393732358045695,0.13972,0
607393732492263423,0.122039,0
607393732626481151,0.121297,0
607393733968658431,0.107276,0
607393734102876159,0.111442,0
607393734237093887,0.104069,0
607393734371311615,0.104777,0
607393734505529343,0.119728,0
607393734639747071,0.113144,0
607393734773964799,0.115597,0
607393735042400255,0.117156,0
607393735176617983,0.10732,0
607393735310835711,0.110261,0
607393735445053439,0.0972595,0
607393735579271167,0.110267,0
607393735713488895,0.106196,0
607393735847706623,0.114122,0
607393736116142079,0.119599,0
607393736250359807,0.113476,0
607393736384577535,0.110958,0
607393736518795263,0.118445,0
607393736653012991,0.113563,0
607393736787230719,0.108307,0
607393736921448447,0.134029,0
607393737189883903,0.11048,0
607393737324101631,0.106219,0
607393737458319359,0.116608,0
607393737592537087,0.108095,0
607393737726754815,0.112222,0
607393737860972543,0.107252,0
607393737995190271,0.111484,0
607393738263625727,0.119619,0
607393738397843455,0.116442,0
607393738532061183,0.116454,0
607393738666278911,0.124648,0
607393738800496639,0.120397,0
607393738934714367,0.127035,0
607393739068932095,0.12074,0
607393739337367551,0.123292,0
607393739471585279,0.125118,0
607393739605803007,0.108475,0
607393739740020735,0.114336,0
607393739874238463,0.137718,0
607393740008456191,0.136043,0
607393740142673919,0.124987,0
607393740411109375,0.116467,0
607393740545327103,0.109962,0
607393740679544831,0.125742,0
607393740813762559,0.118463,0
607393740947980287,0.116054,0
607393741082198015,0.124577,0
607393741216415743,0.110765,0
607393742558593023,0.0973761,0
607393742692810751,0.0947256,0
607393742827028479,0.0889774,0
607393742961246207,0.0957815,0
607393743095463935,0.107067,0
607393743229681663,0.131858,0
607393743363899391,0.0905493,0
607393743632334847,0.11086,0
607393743766552575,0.130523,0
607393743900770303,0.0958125,0
607393744034988031,0.0887049,0
607393744169205759,0.107787,0
607393744303423487,0.116075,0
607393744437641215,0.132448,0
607393744706076671,0.0974387,0
607393744840294399,0.0889513,0
607393744974512127,0.0889258,0
607393745108729855,0.0907661,0
607393745242947583,0.088712,0
607393745377165311,0.0910063,0
607393745511383039,0.0913784,0
607393745779818495,0.0966875,0
607393745914036223,0.0959274,0
607393746048253951,0.0890542,0
607393746182471679,0.0885499,0
607393746316689407,0.093515,0
607393746450907135,0.0919372,0
607393746585124863,0.0899829,0
607393746853560319,0.121417,0
607393746987778047,0.125358,0
607393747121995775,0.132209,0
607393747256213503,0.140181,0
607393747390431231,0.0983681,0
607393747524648959,0.0911635,0
607393747658866687,0.0963942,0
607393747927302143,0.125065,0
607393748061519871,0.125423,0
607393748195737599,0.164168,0
607393748329955327,0.114766,0
607393748464173055,0.140126,0
607393748598390783,0.158147,0
607393748732608511,0.0947945,0
607393749001043967,0.0841309,0
607393749135261695,0.0743987,0
607393749269479423,0.0821509,0
607393749403697151,0.0755211,0
607393749537914879,0.0953517,0
607393749672132607,0.0896516,0
607393749806350335,0.0990705,0
607393751148527615,0.101115,0
607393751282745343,0.112887,0
607393751416963071,0.0959424,0
607393751551180799,0.0963099,0
607393751685398527,0.107963,0
607393751819616255,0.109173,0
607393751953833983,0.0987156,0
607393752222269439,0.0992769,0
607393752356487167,0.095526,0
607393752490704895,0.102609,0
607393752624922623,0.0971833,0
607393752759140351,0.104405,0
607393752893358079,0.104408,0
607393753027575807,0.108497,0
607393753296011263,0.0822705,0
607393753430228991,0.0926019,0
607393753564446719,0.0766285,0
607393753698664447,0.0901412,0
607393753832882175,0.08903,0
607393753967099903,0.0955032,0
607393754101317631,0.0852947,0
607393754369753087,0.0756957,0
607393754503970815,0.0786296,0
607393754638188543,0.0803888,0
607393754772406271,0.0841507,0
607393754906623999,0.0908987,0
607393755040841727,0.0945639,0
607393755175059455,0.0835809,0
607393755443494911,0.108676,0
607393755577712639,0.10686,0
607393755711930367,0.108709,0
607393755846148095,0.111849,0
607393755980365823,0.1079,0
607393756114583551,0.107265,0
607393756248801279,0.112056,0
607393756517236735,0.101443,0
607393756651454463,0.122318,0
607393756785672191,0.104916,0
607393756919889919,0.111627,0
607393757054107647,0.12343,0
607393757188325375,0.115951,0
607393757322543103,0.105891,0
607393757590978559,0.0869424,0
607393757725196287,0.08872,0
607393757859414015,0.090254,0
607393757993631743,0.0940847,0
607393758127849471,0.0959311,0
607393758262067199,0.107421,0
607393758396284927,0.0916626,0
607393759738462207,0.134223,0
607393759872679935,0.178585,0
607393760006897663,0.119649,0
607393760141115391,0.120993,0
607393760275333119,0.137311,0
607393760409550847,0.140231,0
607393760543768575,0.115231,0
607393760812204031,0.132069,0
607393760946421759,0.140045,0
607393761080639487,0.192923,0
607393761214857215,0.145263,0
607393761349074943,0.155252,0
607393761483292671,0.140595,0
607393761617510399,0.206409,0
607393761885945855,0.116875,0
607393762020163583,0.106808,0
607393762154381311,0.115536,0
607393762288599039,0.112952,0
607393762422816767,0.108404,0
607393762557034495,0.100831,0
607393762691252223,0.113091,0
607393762959687679,0.158116,0
607393763093905407,0.128202,0
607393763228123135,0.111164,0
607393763362340863,0.122457,0
607393763496558591,0.190131,0
607393763630776319,0.131839,0
607393763764994047,0.153634,0
607393764033429503,0.127812,0
607393764167647231,0.123348,0
607393764301864959,0.105937,0
607393764436082687,0.124322,0
607393764570300415,0.118017,0
607393764704518143,0.123495,0
607393764838735871,0.112987,0
607393765107171327,0.133272,0
607393765241389055,0.261875,0
607393765375606783,0.139868,0
607393765509824511,0.15356,0
607393765644042239,0.129789,0
607393765778259967,0.148078,0
607393765912477695,0.139408,0
607393766180913151,0.102045,0
607393766315130879,0.100843,0
607393766449348607,0.0931076,0
607393766583566335,0.0966997,0
607393766717784063,0.105854,0
607393766852001791,0.100895,0
607393766986219519,0.109158,0
607393768328396799,0.140868,0
607393768462614527,0.135419,0
607393768596832255,0.137771,0
607393768731049983,0.154395,0
607393768865267711,0.150211,0
607393768999485439,0.152693,0
607393769133703167,0.14534,0
607393769402138623,0.134387,0
607393769536356351,0.1429,0
607393769670574079,0.139418,0
607393769804791807,0.149877,0
607393769939009535,0.127434,0
607393770073227263,0.131845,0
607393770207444991,0.167873,0
607393770475880447,0.133321,0
607393770610098175,0.127842,0
607393770744315903,0.120404,0
607393770878533631,0.11779,0
607393771012751359,0.138537,0
607393771146969087,0.132551,0
607393771281186815,0.140943,0
607393771549622271,0.160853,0
607393771683839999,0.145771,0
607393771818057727,0.132474,0
607393771952275455,0.154938,0
607393772086493183,0.152866,0
607393772220710911,0.149319,0
607393772354928639,0.134386,0
607393772623364095,0.153567,0
607393772757581823,0.156093,0
607393772891799551,0.135335,0
607393773026017279,0.16232,0
607393773160235007,0.154318,0
607393773294452735,0.149861,0
607393773428670463,0.150281,0
607393773697105919,0.126868,0
607393773831323647,0.125749,0
607393773965541375,0.145431,0
607393774099759103,0.145281,0
607393774233976831,0.130561,0
607393774368194559,0.14082,0
607393774502412287,0.142236,0
607393774770847743,0.144488,0
607393774905065471,0.143391,0
607393775039283199,0.136897,0
607393775173500927,0.143237,0
607393775307718655,0.159513,0
607393775441936383,0.142922,0
607393775576154111,0.144834,0
607393776918331391,0.0830689,0
607393777052549119,0.0961731,0
607393777186766847,0.0852248,0
607393777320984575,0.0866668,0
607393777455202303,0.0977176,0
607393777589420031,0.0944147,0
607393777723637759,0.0798341,0
607393777992073215,0.111685,0
607393778126290943,0.108065,0
607393778260508671,0.116491,0
607393778394726399,0.112734,0
607393778528944127,0.110786,0
607393778663161855,0.104311,0
607393778797379583,0.105969,0
607393779065815039,0.0938654,0
607393779200032767,0.105488,0
607393779334250495,0.0857439,0
607393779468468223,0.0727983,0
607393779602685951,0.0885211,0
607393779736903679,0.0966311,0
607393779871121407,0.0773772,0
607393780139556863,0.110656,0
607393780273774591,0.107241,0
607393780407992319,0.114317,0
607393780542210047,0.0973578,0
607393780676427775,0.112693,0
607393780810645503,0.113552,0
607393780944863231,0.11041,0
607393781213298687,0.0848276,0
607393781347516415,0.0912111,0
607393781481734143,0.0864625,0
607393781615951871,0.0880038,0
607393781750169599,0.0984188,0
607393781884387327,0.0887606,0
607393782018605055,0.0827328,0
607393782287040511,0.100131,0
607393782421258239,0.0984563,0
607393782555475967,0.0891013,0
607393782689693695,0.132081,0
607393782823911423,0.0974713,0
607393782958129151,0.0937997,0
607393783092346879,0.0979242,0
607393783360782335,0.087109,0
607393783495000063,0.091113,0
607393783629217791,0.0773271,0
607393783763435519,0.0814421,0
607393783897653247,0.0821401,0
607393784031870975,0.0840934,0
607393784166088703,0.081062,0
607393862817677311,0.056547,0
607393862951895039,0.0504827,0
607393863086112767,0.0515395,0
607393863220330495,0.0541621,0
607393863354548223,0.0563463,0
607393863488765951,0.0597336,0
607393863622983679,0.0504757,0
607393863891419135,0.0525445,0
607393864025636863,0.056621,0
607393864159854591,0.05349,0
607393864294072319,0.0750334,0
607393864428290047,0.0524797,0
607393864562507775,0.0529743,0
607393864696725503,0.053636,0
607393864965160959,0.0619086,0
607393865099378687,0.0502506,0
607393865233596415,0.0470746,0
607393865367814143,0.0435299,0
607393865502031871,0.0491327,0
607393865636249599,0.0506676,0
607393865770467327,0.04871,0
607393866038902783,0.0447076,0
607393866173120511,0.047252,0
607393866307338239,0.0447946,0
607393866441555967,0.0471924,0
607393866575773695,0.0502277,0
607393866709991423,0.0618138,0
607393866844209151,0.058073,0
607393867112644607,0.0511426,0
607393867246862335,0.0542003,0
607393867381080063,0.0474495,0
607393867515297791,0.0516427,0
607393867649515519,0.0510004,0
607393867783733247,0.0518637,0
607393867917950975,0.0500978,0
607393868186386431,0.0485739,0
607393868320604159,0.0528332,0
607393868454821887,0.0561811,0
607393868589039615,0.0552744,0
607393868723257343,0.0501111,0
607393868857475071,0.0530067,0
607393868991692799,0.0563971,0
607393869260128255,0.0443296,0
607393869394345983,0.0460421,0
607393869528563711,0.0428633,0
607393869662781439,0.0426471,0
607393869796999167,0.044245,0
607393869931216895,0.0435779,0
607393870065434623,0.0416656,0
607393871407611903,0.0378943,0
607393871541829631,0.0386408,0
607393871676047359,0.0369691,0
607393871810265087,0.0334518,0
607393871944482815,0.0562351,0
607393872078700543,0.0532621,0
607393872212918271,0.0472229,0
607393872481353727,0.0312991,0
607393872615571455,0.03079,0
607393872749789183,0.0309158,0
607393872884006911,0.0288408,0
607393873018224639,0.0510118,0
607393873152442367,0.0447469,0
607393873286660095,0.0379245,0
607393873555095551,0.0322306,0
607393873689313279,0.0365103,0
607393873823531007,0.0430316,0
607393873957748735,0.032653,0
607393874091966463,0.0378294,0
607393874226184191,0.0327233,0
607393874360401919,0.0461199,0
607393874628837375,0.0302142,0
607393874763055103,0.0331054,0
607393874897272831,0.0333093,0
607393875031490559,0.0317876,0
607393875165708287,0.0325629,0
607393875299926015,0.0320826,0
607393875434143743,0.0329618,0
607393875702579199,0.0506044,0
607393875836796927,0.0546542,0
607393875971014655,0.0653177,0
607393876105232383,0.0693715,0
607393876239450111,0.0506249,0
607393876373667839,0.052692,0
607393876507885567,0.0511577,0
607393876776321023,0.0554426,0
607393876910538751,0.0362648,0
607393877044756479,0.0492007,0
607393877178974207,0.0516964,0
607393877313191935,0.0540661,0
607393877447409663,0.0504981,0
607393877581627391,0.0515127,0
607393877850062847,0.0513941,0
607393877984280575,0.0414726,0
607393878118498303,0.0437777,0
607393878252716031,0.038348,0
607393878386933759,0.0688869,0
607393878521151487,0.0599651,0
607393878655369215,0.0647176,0
607393879997546495,0.0386151,0
607393880131764223,0.0380107,0
607393880265981951,0.0397025,0
607393880400199679,0.0359621,0
607393880534417407,0.0399532,0
607393880668635135,0.0383459,0
607393880802852863,0.0507115,0
607393881071288319,0.0400878,0
607393881205506047,0.0391831,0
607393881339723775,0.0400743,0
607393881473941503,0.0344453,0
607393881608159231,0.0452711,0
607393881742376959,0.0408727,0
607393881876594687,0.0445409,0
607393882145030143,0.0407355,0
607393882279247871,0.0373705,0
607393882413465599,0.0395047,0
607393882547683327,0.0405493,0
607393882681901055,0.0365559,0
607393882816118783,0.0383047,0
607393882950336511,0.0391522,0
607393883218771967,0.0372803,0
607393883352989695,0.0352237,0
607393883487207423,0.0468665,0
607393883621425151,0.0370758,0
607393883755642879,0.0341306,0
607393883889860607,0.0327389,0
607393884024078335,0.0364266,0
607393884292513791,0.0408576,0
607393884426731519,0.0380196,0
607393884560949247,0.0542962,0
607393884695166975,0.0381503,0
607393884829384703,0.0395992,0
607393884963602431,0.0393402,0
607393885097820159,0.0384742,0
607393885366255615,0.0393927,0
607393885500473343,0.0466163,0
607393885634691071,0.0382153,0
607393885768908799,0.0518745,0
607393885903126527,0.0437124,0
607393886037344255,0.0410844,0
607393886171561983,0.0371929,0
607393886439997439,0.0390447,0
607393886574215167,0.0394334,0
607393886708432895,0.0399587,0
607393886842650623,0.038205,0
607393886976868351,0.0435989,0
607393887111086079,0.0512902,0
607393887245303807,0.0400877,0
607393888587481087,0.04032,0
607393888721698815,0.0335148,0
607393888855916543,0.0364701,0
607393888990134271,0.0333656,0
607393889124351999,0.0352779,0
607393889258569727,0.0341316,0
607393889392787455,0.0347132,0
607393889661222911,0.0378575,0
607393889795440639,0.037255,0
607393889929658367,0.0398445,0
607393890063876095,0.0380476,0
607393890198093823,0.0315522,0
607393890332311551,0.0302227,0
607393890466529279,0.0320421,0
607393890734964735,0.030816,0
607393890869182463,0.0304368,0
607393891003400191,0.024678,0
607393891137617919,0.0283089,0
607393891271835647,0.0306147,0
607393891406053375,0.0335276,0
607393891540271103,0.0287612,0
607393891808706559,0.025526,0
607393891942924287,0.0315147,0
607393892077142015,0.0219009,0
607393892211359743,0.0219224,0
607393892345577471,0.0310907,0
607393892479795199,0.0355149,0
607393892614012927,0.0260966,0
607393892882448383,0.0372836,0
607393893016666111,0.0374721,0
607393893150883839,0.0365846,0
607393893285101567,0.0363463,0
607393893419319295,0.043779,0
607393893553537023,0.04139,0
607393893687754751,0.0410602,0
607393893956190207,0.0390556,0
607393894090407935,0.0445223,0
607393894224625663,0.0344161,0
607393894358843391,0.0337645,0
607393894493061119,0.0449957,0
607393894627278847,0.0358199,0
607393894761496575,0.0422436,0
607393895029932031,0.0338874,0
607393895164149759,0.0346372,0
607393895298367487,0.0312975,0
607393895432585215,0.0319938,0
607393895566802943,0.0382533,0
607393895701020671,0.0362925,0
607393895835238399,0.0360539,0
607393897177415679,0.0513422,0
607393897311633407,0.0514076,0
607393897445851135,0.0502955,0
607393897580068863,0.0525449,0
607393897714286591,0.0570974,0
607393897848504319,0.051336,0
607393897982722047,0.0546004,0
607393898251157503,0.048151,0
607393898385375231,0.0498961,0
607393898519592959,0.0505963,0
607393898653810687,0.0505124,0
607393898788028415,0.0526921,0
607393898922246143,0.0460438,0
607393899056463871,0.0516035,0
607393899324899327,0.0494126,0
607393899459117055,0.0511755,0
607393899593334783,0.0472114,0
607393899727552511,0.0489419,0
607393899861770239,0.0511998,0
607393899995987967,0.0498749,0
607393900130205695,0.051905,0
607393900398641151,0.0517047,0
607393900532858879,0.0488675,0
607393900667076607,0.0500781,0
607393900801294335,0.0583917,0
607393900935512063,0.0482906,0
607393901069729791,0.0518616,0
607393901203947519,0.0500624,0
607393901472382975,0.0912269,0
607393901606600703,0.0781002,0
607393901740818431,0.0770945,0
607393901875036159,0.0716001,0
607393902009253887,0.10318,0
607393902143471615,0.0969472,0
607393902277689343,0.111461,0
607393902546124799,0.0646963,0
607393902680342527,0.0565652,0
607393902814560255,0.070064,0
607393902948777983,0.051683,0
607393903082995711,0.0862513,0
607393903217213439,0.0636997,0
607393903351431167,0.0880058,0
607393903619866623,0.0531886,0
607393903754084351,0.0520807,0
607393903888302079,0.0561437,0
607393904022519807,0.0535084,0
607393904156737535,0.0757208,0
607393904290955263,0.0548845,0
607393904425172991,0.0679506,0
607393905767350271,0.0465616,0
607393905901567999,0.0500104,0
607393906035785727,0.0466691,0
607393906170003455,0.0500974,0
607393906304221183,0.0464504,0
607393906438438911,0.0473364,0
607393906572656639,0.0462888,0
607393906841092095,0.0552114,0
607393906975309823,0.0671034,0
607393907109527551,0.0510248,0
607393907243745279,0.0591533,0
607393907377963007,0.0506526,0
607393907512180735,0.0506888,0
607393907646398463,0.0546949,0
607393907914833919,0.05092,0
607393908049051647,0.0535445,0
607393908183269375,0.0518823,0
607393908317487103,0.0530646,0
607393908451704831,0.0493394,0
607393908585922559,0.0490822,0
607393908720140287,0.0511064,0
607393908988575743,0.0494809,0
607393909122793471,0.0462499,0
607393909257011199,0.0514489,0
607393909391228927,0.0533433,0
607393909525446655,0.0541713,0
607393909659664383,0.0533026,0
607393909793882111,0.0504402,0
607393910062317567,0.0440391,0
607393910196535295,0.0438903,0
607393910330753023,0.0455269,0
607393910464970751,0.0459587,0
607393910599188479,0.0545095,0
607393910733406207,0.0440176,0
607393910867623935,0.0457093,0
607393911136059391,0.0491242,0
607393911270277119,0.046132,0
607393911404494847,0.0597459,0
607393911538712575,0.0515318,0
607393911672930303,0.0454413,0
607393911807148031,0.0499948,0
607393911941365759,0.05387,0
607393912209801215,0.0517145,0
607393912344018943,0.0524445,0
607393912478236671,0.0526704,0
607393912612454399,0.053156,0
607393912746672127,0.050432,0
607393912880889855,0.0496929,0
607393913015107583,0.0523024,0
607393914357284863,0.0406246,0
607393914491502591,0.0421087,0
607393914625720319,0.0397384,0
607393914759938047,0.0388135,0
607393914894155775,0.0460998,0
607393915028373503,0.0441812,0
607393915162591231,0.0427275,0
607393915431026687,0.0460044,0
607393915565244415,0.0470489,0
607393915699462143,0.0418774,0
607393915833679871,0.0410983,0
607393915967897599,0.0458842,0
607393916102115327,0.0453802,0
607393916236333055,0.0453123,0
607393916504768511,0.0451045,0
607393916638986239,0.0374616,0
607393916773203967,0.046257,0
607393916907421695,0.0387837,0
607393917041639423,0.0399878,0
607393917175857151,0.0451763,0
607393917310074879,0.042434,0
607393917578510335,0.0401165,0
607393917712728063,0.0402102,0
607393917846945791,0.0386095,0
607393917981163519,0.0396723,0
607393918115381247,0.040241,0
607393918249598975,0.0411481,0
607393918383816703,0.0486842,0
607393918652252159,0.0702862,0
607393918786469887,0.0507459,0
607393918920687615,0.0465759,0
607393919054905343,0.0455532,0
607393919189123071,0.0632569,0
607393919323340799,0.055362,0
607393919457558527,0.0716147,0
607393919725993983,0.0459252,0
607393919860211711,0.0475251,0
607393919994429439,0.0496061,0
607393920128647167,0.0461429,0
607393920262864895,0.0519999,0
607393920397082623,0.0449205,0
607393920531300351,0.0493903,0
607393920799735807,0.0458371,0
607393920933953535,0.0421809,0
607393921068171263,0.0407935,0
607393921202388991,0.0440826,0
607393921336606719,0.0457559,0
607393921470824447,0.0457115,0
607393921605042175,0.0445317,0
607393931537154047,0.0389024,0
607393931671371775,0.034017,0
607393931805589503,0.034683,0
607393931939807231,0.0315478,0
607393932074024959,0.0398309,0
607393932208242687,0.0336886,0
607393932342460415,0.0353572,0
607393932610895871,0.0339004,0
607393932745113599,0.0319164,0
607393932879331327,0.0335429,0
607393933013549055,0.0333333,0
607393933147766783,0.0347317,0
607393933281984511,0.0332211,0
607393933416202239,0.0344648,0
607393933684637695,0.0443262,0
607393933818855423,0.0388761,0
607393933953073151,0.041311,0
607393934087290879,0.0400581,0
607393934221508607,0.042808,0
607393934355726335,0.0362314,0
607393934489944063,0.0458104,0
607393934758379519,0.03412,0
607393934892597247,0.0331286,0
607393935026814975,0.0364156,0
607393935161032703,0.0356285,0
607393935295250431,0.0315836,0
607393935429468159,0.0351397,0
607393935563685887,0.0325406,0
607393935832121343,0.0318806,0
607393935966339071,0.0363631,0
607393936100556799,0.0337248,0
607393936234774527,0.0362383,0
607393936368992255,0.0393942,0
607393936503209983,0.0358944,0
607393936637427711,0.0383177,0
607393936905863167,0.0420762,0
607393937040080895,0.0430089,0
607393937174298623,0.0316183,0
607393937308516351,0.0355341,0
607393937442734079,0.0388373,0
607393937576951807,0.0365682,0
607393937711169535,0.0359013,0
607393937979604991,0.0437006,0
607393938113822719,0.0370207,0
607393938248040447,0.0444779,0
607393938382258175,0.046591,0
607393938516475903,0.0411915,0
607393938650693631,0.0387376,0
607393938784911359,0.0425543,0
607393940127088639,0.0301435,0
607393940395524095,0.0303726,0
607393940663959551,0.032052,0
607393940932395007,0.0309171,0
607393942274572287,0.0341966,0
607393942543007743,0.0369505,0
607393942811443199,0.0310164,0
607393943079878655,0.0308474,0
607393944422055935,0.0327884,0
607393944556273663,0.0321667,0
607393944690491391,0.0306835,0
607393944824709119,0.0328109,0
607393944958926847,0.0323542,0
607393945093144575,0.0334354,0
607393945227362303,0.0321275,0
607393945495797759,0.0356852,0
607393945764233215,0.0305991,0
607393946032668671,0.0333155,0
607393946301104127,0.0330707,0
607393946569539583,0.0306636,0
607393946703757311,0.0306995,0
607393946837975039,0.0358148,0
607393946972192767,0.0321503,0
607393947106410495,0.0354593,0
607393947240628223,0.0319219,0
607393947374845951,0.035819,0
607393948717023231,0.0297183,0
607393948851240959,0.030524,0
607393948985458687,0.0286328,0
607393949119676415,0.0300798,0
607393949253894143,0.0399505,0
607393949388111871,0.039134,0
607393949522329599,0.0312572,0
607393949790765055,0.0490968,0
607393949924982783,0.0475742,0
607393950059200511,0.0337511,0
607393950193418239,0.0334284,0
607393950327635967,0.0397855,0
607393950461853695,0.0376101,0
607393950596071423,0.0371101,0
607393950864506879,0.0327372,0
607393950998724607,0.0248205,0
607393951132942335,0.0316836,0
607393951267160063,0.0256822,0
607393951401377791,0.0323872,0
607393951535595519,0.0343965,0
607393951669813247,0.0330623,0
607393951938248703,0.0280017,0
607393952072466431,0.0265224,0
607393952206684159,0.0249088,0
607393952340901887,0.0260053,0
607393952475119615,0.0310916,0
607393952609337343,0.0307567,0
607393952743555071,0.0320897,0
607393953011990527,0.0320574,0
607393953146208255,0.0367033,0
607393953280425983,0.0331841,0
607393953414643711,0.0355389,0
607393953548861439,0.0384562,0
607393953683079167,0.041368,0
607393953817296895,0.0326129,0
607393954085732351,0.0421985,0
607393954219950079,0.0414081,0
607393954354167807,0.0386067,0
607393954488385535,0.0375119,0
607393954622603263,0.0431617,0
607393954756820991,0.0514301,0
607393954891038719,0.0413373,0
607393955159474175,0.0315528,0
607393955293691903,0.0315654,0
607393955427909631,0.0335272,0
607393955562127359,0.0328266,0
607393955696345087,0.0327605,0
607393955830562815,0.0295327,0
607393955964780543,0.0327588,0
607393957306957823,0.0425535,0
607393957441175551,0.0453545,0
607393957575393279,0.0319532,0
607393957709611007,0.0325062,0
607393957843828735,0.0398923,0
607393957978046463,0.0399892,0
607393958112264191,0.0433366,0
607393958380699647,0.0379196,0
607393958649135103,0.0355237,0
607393958917570559,0.0342873,0
607393959186006015,0.0378679,0
607393959454441471,0.0255599,0
607393959588659199,0.0269834,0
607393959722876927,0.023807,0
607393959857094655,0.0231046,0
607393959991312383,0.0288056,0
607393960125530111,0.0284086,0
607393960259747839,0.0278601,0
607393960528183295,0.0301819,0
607393960796618751,0.0268274,0
607393961065054207,0.0418264,0
607393961333489663,0.0282564,0
607393961601925119,0.0388365,0
607393961736142847,0.0402301,0
607393961870360575,0.0387705,0
607393962004578303,0.0392181,0
607393962138796031,0.0389723,0
607393962273013759,0.0343013,0
607393962407231487,0.0366016,0
607393962675666943,0.0354155,0
607393962809884671,0.0366233,0
607393962944102399,0.0380201,0
607393963078320127,0.0349575,0
607393963212537855,0.0362311,0
607393963346755583,0.0365694,0
607393963480973311,0.0331859,0
607393963749408767,0.0281454,0
607393963883626495,0.0281805,0
607393964017844223,0.0293059,0
607393964152061951,0.0274532,0
607393964286279679,0.035975,0
607393964420497407,0.0453498,0
607393964554715135,0.0299882,0
607393965896892415,0.0404767,0
607393966031110143,0.0366189,0
607393966165327871,0.0398766,0
607393966299545599,0.0363893,0
607393966433763327,0.041743,0
607393966567981055,0.0378034,0
607393966702198783,0.0423681,0
607393966970634239,0.0477454,0
607393967104851967,0.0360522,0
607393967239069695,0.0367452,0
607393967373287423,0.0357924,0
607393967507505151,0.0380311,0
607393967641722879,0.0406044,0
607393967775940607,0.0415174,0
607393968044376063,0.0412267,0
607393968178593791,0.0419066,0
607393968312811519,0.0474246,0
607393968447029247,0.0450452,0
607393968581246975,0.0439281,0
607393968715464703,0.0394329,0
607393968849682431,0.0655053,0
607393969118117887,0.0320128,0
607393969252335615,0.0338434,0
607393969386553343,0.0334192,0
607393969520771071,0.0328687,0
607393969654988799,0.0355119,0
607393969789206527,0.0368764,0
607393969923424255,0.0388469,0
607393970191859711,0.0461966,0
607393970326077439,0.0442964,0
607393970460295167,0.0549813,0
607393970594512895,0.0431817,0
607393970728730623,0.0492348,0
607393970862948351,0.0453606,0
607393970997166079,0.0538467,0
607393971265601535,0.0410076,0
607393971399819263,0.0409458,0
607393971534036991,0.0407277,0
607393971668254719,0.0409458,0
607393971802472447,0.0488251,0
607393971936690175,0.0458493,0
607393972070907903,0.041825,0
607393972339343359,0.0494434,0
607393972473561087,0.0490451,0
607393972607778815,0.0482352,0
607393972741996543,0.0662887,0
607393972876214271,0.0512816,0
607393973010431999,0.0531807,0
607393973144649727,0.0495618,0
607393974486827007,0.0444446,0
607393974621044735,0.0416042,0
607393974755262463,0.0385572,0
607393974889480191,0.0407289,0
607393975023697919,0.0378598,0
607393975157915647,0.0451719,0
607393975292133375,0.0439314,0
607393975560568831,0.0395092,0
607393975694786559,0.0460641,0
607393975829004287,0.0348799,0
607393975963222015,0.0442725,0
607393976097439743,0.0411406,0
607393976231657471,0.040087,0
607393976365875199,0.0385541,0
607393976634310655,0.0413018,0
607393976768528383,0.0343041,0
607393976902746111,0.0347027,0
607393977036963839,0.0468915,0
607393977171181567,0.0381935,0
607393977305399295,0.0384065,0
607393977439617023,0.0480951,0
607393977708052479,0.0324588,0
607393977842270207,0.038872,0
607393977976487935,0.0332163,0
607393978110705663,0.0344679,0
607393978244923391,0.0326773,0
607393978379141119,0.0413692,0
607393978513358847,0.0328036,0
607393978781794303,0.0469868,0
607393978916012031,0.0385442,0
607393979050229759,0.0363565,0
607393979184447487,0.0421877,0
607393979318665215,0.0377925,0
607393979452882943,0.047305,0
607393979587100671,0.0357709,0
607393979855536127,0.0470024,0
607393979989753855,0.0489204,0
607393980123971583,0.0372757,0
607393980258189311,0.0466053,0
607393980392407039,0.0428887,0
607393980526624767,0.0431144,0
607393980660842495,0.0391694,0
607393980929277951,0.0397429,0
607393981063495679,0.0370632,0
607393981197713407,0.0397698,0
607393981331931135,0.0357765,0
607393981466148863,0.0364363,0
607393981600366591,0.0449577,0
607393981734584319,0.0375514,0
607393983076761599,0.0398875,0
607393983210979327,0.0443249,0
607393983345197055,0.041758,0
607393983479414783,0.0435021,0
607393983613632511,0.053726,0
607393983747850239,0.0420578,0
607393983882067967,0.0469768,0
607393984150503423,0.0501311,0
607393984284721151,0.0371832,0
607393984418938879,0.043064,0
607393984553156607,0.0399777,0
607393984687374335,0.0455678,0
607393984821592063,0.0573747,0
607393984955809791,0.050381,0
607393985224245247,0.0373922,0
607393985358462975,0.0441156,0
607393985492680703,0.0313833,0
607393985626898431,0.0386634,0
607393985761116159,0.0457641,0
607393985895333887,0.0384223,0
607393986029551615,0.0436312,0
607393986297987071,0.0388615,0
607393986432204799,0.0399114,0
607393986566422527,0.039276,0
607393986700640255,0.0405535,0
607393986834857983,0.03764,0
607393986969075711,0.0394078,0
607393987103293439,0.0383535,0
607393987371728895,0.0501269,0
607393987505946623,0.0545998,0
607393987640164351,0.066213,0
607393987774382079,0.0489827,0
607393987908599807,0.0587882,0
607393988042817535,0.0598904,0
607393988177035263,0.051288,0
607393988445470719,0.0444379,0
607393988579688447,0.0438023,0
607393988713906175,0.0702528,0
607393988848123903,0.0606171,0
607393988982341631,0.0543379,0
607393989116559359,0.0472803,0
607393989250777087,0.0539367,0
607393989519212543,0.0512078,0
607393989653430271,0.0471593,0
607393989787647999,0.0534824,0
607393989921865727,0.0510931,0
607393990056083455,0.0485564,0
607393990190301183,0.0512875,0
607393990324518911,0.0511256,0
607394000256630783,0.0217855,0
607394000390848511,0.0201446,0
607394000525066239,0.0214799,0
607394000659283967,0.0218553,0
607394000793501695,0.019681,0
607394000927719423,0.0196058,0
607394001061937151,0.0281942,0
607394001330372607,0.017882,0
607394001464590335,0.0173201,0
607394001598808063,0.0179403,0
607394001733025791,0.0193101,0
607394001867243519,0.0152767,0
607394002001461247,0.0134968,0
607394002135678975,0.018541,0
607394002404114431,0.0199516,0
607394002538332159,0.0197283,0
607394002672549887,0.0178314,0
607394002806767615,0.020493,0
607394002940985343,0.0196492,0
607394003075203071,0.0213304,0
607394003209420799,0.0182028,0
607394003477856255,0.0202235,0
607394003612073983,0.018807,0
607394003746291711,0.0181917,0
607394003880509439,0.0175482,0
607394004014727167,0.0243106,0
607394004148944895,0.0208982,0
607394004283162623,0.0197087,0
607394004551598079,0.0221384,0
607394004685815807,0.0184415,0
607394004820033535,0.0250652,0
607394004954251263,0.0217963,0
607394005088468991,0.0243503,0
607394005222686719,0.0213619,0
607394005356904447,0.0258337,0
607394005625339903,0.0185015,0
607394005759557631,0.0174293,0
607394005893775359,0.0182546,0
607394006027993087,0.0191836,0
607394006162210815,0.0247685,0
607394006296428543,0.0265415,0
607394006430646271,0.0215419,0
607394006699081727,0.0244666,0
607394006833299455,0.0227391,0
607394006967517183,0.0217744,0
607394007101734911,0.0192089,0
607394007235952639,0.0239499,0
607394007370170367,0.0259923,0
607394007504388095,0.0281255,0
607394008846565375,0.0124576,0
607394008980783103,0.0107257,0
607394009115000831,0.0117816,0
607394009249218559,0.0113373,0
607394009383436287,0.00908822,0
607394009517654015,0.0104612,0
607394009651871743,0.0147668,0
607394009920307199,0.0100691,0
607394010054524927,0.0217473,0
607394010188742655,0.0112817,0
607394010322960383,0.0169497,0
607394010457178111,0.0166381,0
607394010591395839,0.0145636,0
607394010725613567,0.00987795,0
607394010994049023,0.015895,0
607394011128266751,0.0138769,0
607394011262484479,0.0160115,0
607394011396702207,0.0204685,0
607394011530919935,0.0153619,0
607394011665137663,0.0152351,0
607394011799355391,0.0176626,0
607394012067790847,0.0121703,0
607394012202008575,0.0120137,0
607394012336226303,0.0136638,0
607394012470444031,0.0109952,0
607394012604661759,0.0108918,0
607394012738879487,0.0122194,0
607394012873097215,0.0142189,0
607394013141532671,0.0113666,0
607394013275750399,0.0152711,0
607394013409968127,0.0129536,0
607394013544185855,0.0117735,0
607394013678403583,0.0147586,0
607394013812621311,0.0142008,0
607394013946839039,0.0127602,0
607394014215274495,0.0148748,0
607394014349492223,0.0187171,0
607394014483709951,0.0146063,0
607394014617927679,0.0147614,0
607394014752145407,0.0145282,0
607394014886363135,0.0139472,0
607394015020580863,0.015387,0
607394015289016319,0.0155907,0
607394015423234047,0.0153113,0
607394015557451775,0.0164561,0
607394015691669503,0.0180502,0
607394015825887231,0.0160578,0
607394015960104959,0.0157418,0
607394016094322687,0.018371,0
607394017436499967,0.010311,0
607394017570717695,0.0138298,0
607394017704935423,0.00951052,0
607394017839153151,0.0102558,0
607394017973370879,0.0121362,0
607394018107588607,0.0135196,0
607394018241806335,0.0120304,0
607394018510241791,0.0205763,0
607394018644459519,0.0198637,0
607394018778677247,0.0174984,0
607394018912894975,0.0184256,0
607394019047112703,0.0175019,0
607394019181330431,0.0216441,0
607394019315548159,0.0193763,0
607394019583983615,0.00910897,0
607394019718201343,0.0101994,0
607394019852419071,0.0115821,0
607394019986636799,0.0103235,0
607394020120854527,0.00973018,0
607394020255072255,0.0090834,0
607394020389289983,0.00986578,0
607394020657725439,0.0121703,0
607394020791943167,0.0101259,0
607394020926160895,0.0133554,0
607394021060378623,0.0128147,0
607394021194596351,0.0143876,0
607394021328814079,0.0104783,0
607394021463031807,0.0146468,0
607394021731467263,0.0143722,0
607394021865684991,0.0144187,0
607394021999902719,0.0136533,0
607394022134120447,0.0131825,0
607394022268338175,0.0178839,0
607394022402555903,0.0186677,0
607394022536773631,0.0181009,0
607394022805209087,0.0153242,0
607394022939426815,0.0168311,0
607394023073644543,0.0149249,0
607394023207862271,0.0141446,0
607394023342079999,0.0154766,0
607394023476297727,0.0175283,0
607394023610515455,0.0132944,0
607394023878950911,0.00981903,0
607394024013168639,0.0105967,0
607394024147386367,0.00899473,0
607394024281604095,0.00772258,0
607394024415821823,0.0134071,0
607394024550039551,0.0107697,0
607394024684257279,0.0136786,0
607394026026434559,0.0209921,0
607394026160652287,0.0157257,0
607394026294870015,0.0182793,0
607394026429087743,0.021,0
607394026563305471,0.0164447,0
607394026697523199,0.0165123,0
607394026831740927,0.0167949,0
607394027100176383,0.0135935,0
607394027234394111,0.0172401,0
607394027368611839,0.0219808,0
607394027502829567,0.0138479,0
607394027637047295,0.0135346,0
607394027771265023,0.012481,0
607394027905482751,0.0143224,0
607394028173918207,0.0204707,0
607394028308135935,0.0186985,0
607394028442353663,0.0219929,0
607394028576571391,0.0120357,0
607394028710789119,0.0143945,0
607394028845006847,0.017224,0
607394028979224575,0.0184126,0
607394029247660031,0.0263708,0
607394029381877759,0.0133412,0
607394029516095487,0.0155623,0
607394029650313215,0.0131123,0
607394029784530943,0.012752,0
607394029918748671,0.0225874,0
607394030052966399,0.0117894,0
607394030321401855,0.0203659,0
607394030455619583,0.0167444,0
607394030589837311,0.0246783,0
607394030724055039,0.0167855,0
607394030858272767,0.0197909,0
607394030992490495,0.0173369,0
607394031126708223,0.021348,0
607394031395143679,0.017195,0
607394031529361407,0.0158879,0
607394031663579135,0.01521,0
607394031797796863,0.0144233,0
607394031932014591,0.0165541,0
607394032066232319,0.0183607,0
607394032200450047,0.0168155,0
607394032468885503,0.015588,0
607394032603103231,0.0155114,0
607394032737320959,0.0183303,0
607394032871538687,0.0179178,0
607394033005756415,0.0208516,0
607394033139974143,0.0176519,0
607394033274191871,0.0118534,0
607394034616369151,0.0339701,0
607394034750586879,0.0309561,0
607394034884804607,0.0334379,0
607394035019022335,0.0286292,0
607394035153240063,0.0334716,0
607394035287457791,0.0353629,0
607394035421675519,0.037267,0
607394035690110975,0.0295985,0
607394035824328703,0.0319037,0
607394035958546431,0.0271209,0
607394036092764159,0.0276643,0
607394036226981887,0.0378584,0
607394036361199615,0.0408598,0
607394036495417343,0.0328187,0
607394036763852799,0.0287715,0
607394036898070527,0.023696,0
607394037032288255,0.0247487,0
607394037166505983,0.0286399,0
607394037300723711,0.0314168,0
607394037434941439,0.0303808,0
607394037569159167,0.0276713,0
607394037837594623,0.0296625,0
607394037971812351,0.0342419,0
607394038106030079,0.032252,0
607394038240247807,0.0295413,0
607394038374465535,0.025681,0
607394038508683263,0.0280699,0
607394038642900991,0.0262794,0
607394038911336447,0.0370167,0
607394039045554175,0.0377647,0
607394039179771903,0.040381,0
607394039313989631,0.0384187,0
607394039448207359,0.0517234,0
607394039582425087,0.053567,0
607394039716642815,0.0471606,0
607394039985078271,0.0435528,0
607394040119295999,0.0373179,0
607394040253513727,0.0444145,0
607394040387731455,0.0386434,0
607394040521949183,0.0371953,0
607394040656166911,0.0420969,0
607394040790384639,0.042245,0
607394041058820095,0.0387325,0
607394041193037823,0.0353583,0
607394041327255551,0.0368572,0
607394041461473279,0.0312212,0
607394041595691007,0.0393203,0
607394041729908735,0.0366393,0
607394041864126463,0.0319382,0
607394043206303743,0.0260493,0
607394043340521471,0.0246342,0
607394043474739199,0.0230755,0
607394043608956927,0.0246137,0
607394043743174655,0.0339139,0
607394043877392383,0.0313671,0
607394044011610111,0.0267421,0
607394044280045567,0.0281847,0
607394044414263295,0.0280839,0
607394044548481023,0.0267015,0
607394044682698751,0.0322659,0
607394044816916479,0.0247394,0
607394044951134207,0.0234472,0
607394045085351935,0.0276418,0
607394045353787391,0.021948,0
607394045488005119,0.019906,0
607394045622222847,0.0186205,0
607394045756440575,0.018799,0
607394045890658303,0.0260328,0
607394046024876031,0.0255209,0
607394046159093759,0.0252054,0
607394046427529215,0.0185487,0
607394046561746943,0.0168963,0
607394046695964671,0.0154574,0
607394046830182399,0.015549,0
607394046964400127,0.0227414,0
607394047098617855,0.0280279,0
607394047232835583,0.0218927,0
607394047501271039,0.03452,0
607394047635488767,0.03138,0
607394047769706495,0.0313627,0
607394047903924223,0.030607,0
607394048038141951,0.0382464,0
607394048172359679,0.0391921,0
607394048306577407,0.0369081,0
607394048575012863,0.0308682,0
607394048709230591,0.0274445,0
607394048843448319,0.0292131,0
607394048977666047,0.029953,0
607394049111883775,0.0331396,0
607394049246101503,0.0346493,0
607394049380319231,0.0333323,0
607394049648754687,0.0274597,0
607394049782972415,0.0272355,0
607394049917190143,0.0282282,0
607394050051407871,0.0294682,0
607394050185625599,0.026574,0
607394050319843327,0.0284556,0
607394050454061055,0.0288142,0
607394051796238335,0.0246307,0
607394051930456063,0.0218446,0
607394052064673791,0.0240697,0
607394052198891519,0.0224248,0
607394052333109247,0.0253746,0
607394052467326975,0.0240485,0
607394052601544703,0.0255429,0
607394052869980159,0.0266871,0
607394053004197887,0.0259089,0
607394053138415615,0.0221915,0
607394053272633343,0.0238247,0
607394053406851071,0.0267327,0
607394053541068799,0.0266045,0
607394053675286527,0.0245324,0
607394053943721983,0.0196987,0
607394054077939711,0.0203732,0
607394054212157439,0.0182529,0
607394054346375167,0.0240837,0
607394054480592895,0.0200236,0
607394054614810623,0.022215,0
607394054749028351,0.0220916,0
607394055017463807,0.0283193,0
607394055151681535,0.0201635,0
607394055285899263,0.0177131,0
607394055420116991,0.0166334,0
607394055554334719,0.0216719,0
607394055688552447,0.0219638,0
607394055822770175,0.0303155,0
607394056091205631,0.0273667,0
607394056225423359,0.0305487,0
607394056359641087,0.0266397,0
607394056493858815,0.0255371,0
607394056628076543,0.0251876,0
607394056762294271,0.0279172,0
607394056896511999,0.0300132,0
607394057164947455,0.0274015,0
607394057299165183,0.0232538,0
607394057433382911,0.0296502,0
607394057567600639,0.0277211,0
607394057701818367,0.0294453,0
607394057836036095,0.025878,0
607394057970253823,0.0320284,0
607394058238689279,0.0233883,0
607394058372907007,0.0231553,0
607394058507124735,0.0232781,0
607394058641342463,0.0195507,0
607394058775560191,0.029042,0
607394058909777919,0.0240849,0
607394059043995647,0.0269468,0
607394068976107519,0.0276079,0
607394069110325247,0.0156023,0
607394069244542975,0.0204687,0
607394069378760703,0.0237307,0
607394069512978431,0.0299451,0
607394069647196159,0.0263053,0
607394069781413887,0.0278638,0
607394070049849343,0.0217402,0
607394070184067071,0.0241161,0
607394070318284799,0.0200257,0
607394070452502527,0.0185289,0
607394070586720255,0.0206394,0
607394070720937983,0.0212786,0
607394070855155711,0.0165703,0
607394071123591167,0.0181747,0
607394071257808895,0.0209128,0
607394071392026623,0.0119506,0
607394071526244351,0.012548,0
607394071660462079,0.0203538,0
607394071794679807,0.0209583,0
607394071928897535,0.0226926,0
607394072197332991,0.0161836,0
607394072331550719,0.0157751,0
607394072465768447,0.0146369,0
607394072599986175,0.015063,0
607394072734203903,0.0152169,0
607394072868421631,0.0179728,0
607394073002639359,0.0155558,0
607394073271074815,0.0200523,0
607394073405292543,0.0222391,0
607394073539510271,0.0189883,0
607394073673727999,0.02076,0
607394073807945727,0.0192405,0
607394073942163455,0.016713,0
607394074076381183,0.0174319,0
607394074344816639,0.0163056,0
607394074479034367,0.0149323,0
607394074613252095,0.0205974,0
607394074747469823,0.0273291,0
607394074881687551,0.0179527,0
607394075015905279,0.0142785,0
607394075150123007,0.0164787,0
607394075418558463,0.0196503,0
607394075552776191,0.0190612,0
607394075686993919,0.0231242,0
607394075821211647,0.0206987,0
607394075955429375,0.0194926,0
607394076089647103,0.0158165,0
607394076223864831,0.0214746,0
607394078102913023,0.0181796,0
607394078371348479,0.0198109,0
607394080250396671,0.0212005,0
607394080518832127,0.0204255,0
607394081861009407,0.0192066,0
607394081995227135,0.0180953,0
607394082129444863,0.0175727,0
607394082263662591,0.0184411,0
607394082397880319,0.0185372,0
607394082532098047,0.0185434,0
607394082666315775,0.0195462,0
607394083203186687,0.0184745,0
607394083471622143,0.0168036,0
607394083740057599,0.0122904,0
607394084008493055,0.0195628,0
607394084142710783,0.0194769,0
607394084276928511,0.0144726,0
607394084411146239,0.0204878,0
607394084545363967,0.0194457,0
607394084679581695,0.0194457,0
607394084813799423,0.0139682,0
607394086155976703,0.0103136,0
607394086290194431,0.0167256,0
607394086424412159,0.0106202,0
607394086558629887,0.0134483,0
607394086692847615,0.0199597,0
607394086827065343,0.0205638,0
607394086961283071,0.00895702,0
607394087229718527,0.0212637,0
607394087363936255,0.0224429,0
607394087498153983,0.0163812,0
607394087632371711,0.0170118,0
607394087766589439,0.014179,0
607394087900807167,0.0139629,0
607394088035024895,0.020798,0
607394088303460351,0.0175248,0
607394088437678079,0.0101938,0
607394088571895807,0.0103369,0
607394088706113535,0.016884,0
607394088840331263,0.0171344,0
607394088974548991,0.0118435,0
607394089108766719,0.0119845,0
607394089377202175,0.0139456,0
607394089511419903,0.0109367,0
607394089645637631,0.0151676,0
607394089779855359,0.0162944,0
607394089914073087,0.0113491,0
607394090048290815,0.012244,0
607394090182508543,0.0113205,0
607394090450943999,0.0200905,0
607394090585161727,0.0200422,0
607394090719379455,0.0141084,0
607394090853597183,0.0204059,0
607394090987814911,0.014444,0
607394091122032639,0.0135144,0
607394091256250367,0.0158054,0
607394091524685823,0.0189066,0
607394091658903551,0.012237,0
607394091793121279,0.0197893,0
607394091927339007,0.0140011,0
607394092061556735,0.0139617,0
607394092195774463,0.0127503,0
607394092329992191,0.0195359,0
607394092598427647,0.0113981,0
607394092732645375,0.011129,0
607394092866863103,0.0176815,0
607394093001080831,0.011315,0
607394093135298559,0.00933353,0
607394093269516287,0.00936012,0
607394093403734015,0.0118304,0
607394094745911295,0.0245352,0
607394094880129023,0.0244071,0
607394095014346751,0.0161452,0
607394095148564479,0.0160509,0
607394095282782207,0.0174918,0
607394095416999935,0.0173085,0
607394095551217663,0.0241251,0
607394096356524031,0.0225143,0
607394096624959487,0.0187384,0
607394096893394943,0.018456,0
607394097027612671,0.017785,0
607394097161830399,0.0109658,0
607394097296048127,0.01771,0
607394097430265855,0.0177221,0
607394097564483583,0.0185417,0
607394097698701311,0.0119423,0
607394098772443135,0.0186963,0
607394099040878591,0.0130565,0
607394099175096319,0.0146985,0
607394099309314047,0.0157499,0
607394099443531775,0.015354,0
607394099577749503,0.0208241,0
607394099711967231,0.0141702,0
607394099846184959,0.0140428,0
607394100114620415,0.0200063,0
607394100248838143,0.0213413,0
607394100383055871,0.0223789,0
607394100517273599,0.0219122,0
607394100651491327,0.0210841,0
607394100785709055,0.020761,0
607394100919926783,0.0207908,0
607394101188362239,0.0119892,0
607394101322579967,0.0162207,0
607394101456797695,0.0166624,0
607394101591015423,0.0115438,0
607394101725233151,0.0173781,0
607394101859450879,0.022139,0
607394101993668607,0.0120045,0
607394103335845887,0.027812,0
607394103470063615,0.0271247,0
607394103604281343,0.0370004,0
607394103738499071,0.0343315,0
607394103872716799,0.0384696,0
607394104006934527,0.02751,0
607394104141152255,0.0311542,0
607394104409587711,0.025846,0
607394104543805439,0.0205395,0
607394104678023167,0.0328919,0
607394104812240895,0.0219807,0
607394104946458623,0.0350734,0
607394105080676351,0.0262598,0
607394105214894079,0.0303817,0
607394105483329535,0.0331284,0
607394105617547263,0.0309105,0
607394105751764991,0.0292803,0
607394105885982719,0.0264605,0
607394106020200447,0.0373528,0
607394106154418175,0.0341439,0
607394106288635903,0.0345379,0
607394106557071359,0.019582,0
607394106691289087,0.023281,0
607394106825506815,0.0210027,0
607394106959724543,0.0153896,0
607394107093942271,0.039891,0
607394107228159999,0.0290161,0
607394107362377727,0.040683,0
607394107630813183,0.0428995,0
607394107765030911,0.0387314,0
607394107899248639,0.0376087,0
607394108033466367,0.0382477,0
607394108167684095,0.0346073,0
607394108301901823,0.0362513,0
607394108436119551,0.0338752,0
607394108704555007,0.02863,0
607394108838772735,0.027189,0
607394108972990463,0.0296092,0
607394109107208191,0.026927,0
607394109241425919,0.0332661,0
607394109375643647,0.0320307,0
607394109509861375,0.0344762,0
607394109778296831,0.0368311,0
607394109912514559,0.0364385,0
607394110046732287,0.0313859,0
607394110180950015,0.0305893,0
607394110315167743,0.0360871,0
607394110449385471,0.0359693,0
607394110583603199,0.0365897,0
607394111925780479,0.0308077,0
607394112059998207,0.0256122,0
607394112194215935,0.0234996,0
607394112328433663,0.027196,0
607394112462651391,0.0232423,0
607394112596869119,0.0260001,0
607394112731086847,0.024122,0
607394112999522303,0.0231303,0
607394113133740031,0.0221755,0
607394113267957759,0.0243919,0
607394113402175487,0.0209013,0
607394113536393215,0.0216281,0
607394113670610943,0.0215963,0
607394113804828671,0.0237491,0
607394114073264127,0.0206027,0
607394114207481855,0.0205984,0
607394114341699583,0.0245156,0
607394114475917311,0.0227552,0
607394114610135039,0.0149093,0
607394114744352767,0.0220757,0
607394114878570495,0.0137476,0
607394115147005951,0.0284508,0
607394115281223679,0.020517,0
607394115415441407,0.0213097,0
607394115549659135,0.0213744,0
607394115683876863,0.027403,0
607394115818094591,0.0307588,0
607394115952312319,0.0234208,0
607394116220747775,0.0296058,0
607394116354965503,0.0295624,0
607394116489183231,0.0271347,0
607394116623400959,0.0234557,0
607394116757618687,0.0258925,0
607394116891836415,0.0319679,0
607394117026054143,0.0237897,0
607394117294489599,0.0256226,0
607394117428707327,0.0262147,0
607394117562925055,0.0229487,0
607394117697142783,0.0235394,0
607394117831360511,0.0279178,0
607394117965578239,0.0282531,0
607394118099795967,0.0242183,0
607394118368231423,0.0229609,0
607394118502449151,0.0181145,0
607394118636666879,0.0239147,0
607394118770884607,0.0150193,0
607394118905102335,0.0245278,0
607394119039320063,0.0236621,0
607394119173537791,0.0270891,0
607394120515715071,0.016374,0
607394120649932799,0.0221149,0
607394120784150527,0.0151913,0
607394120918368255,0.0143912,0
607394121052585983,0.0216791,0
607394121186803711,0.0251394,0
607394121321021439,0.0208898,0
607394121589456895,0.0143034,0
607394121723674623,0.0159519,0
607394121857892351,0.0142063,0
607394121992110079,0.0144718,0
607394122126327807,0.025214,0
607394122260545535,0.0157165,0
607394122394763263,0.0200912,0
607394122663198719,0.0143458,0
607394122797416447,0.0122548,0
607394122931634175,0.0188804,0
607394123065851903,0.0141266,0
607394123200069631,0.0196665,0
607394123334287359,0.0132087,0
607394123468505087,0.0188305,0
607394123736940543,0.0129292,0
607394123871158271,0.013781,0
607394124005375999,0.0186676,0
607394124139593727,0.020322,0
607394124273811455,0.0134064,0
607394124408029183,0.0136586,0
607394124542246911,0.0130861,0
607394124810682367,0.0292661,0
607394124944900095,0.0257787,0
607394125079117823,0.0303335,0
607394125213335551,0.0247828,0
607394125347553279,0.028419,0
607394125481771007,0.0231071,0
607394125615988735,0.0294493,0
607394125884424191,0.030066,0
607394126018641919,0.0315907,0
607394126152859647,0.0327002,0
607394126287077375,0.0268514,0
607394126421295103,0.0290721,0
607394126555512831,0.0291954,0
607394126689730559,0.0232568,0
607394126958166015,0.0173547,0
607394127092383743,0.0256814,0
607394127226601471,0.0147506,0
607394127360819199,0.0177386,0
607394127495036927,0.0330485,0
607394127629254655,0.0323684,0
607394127763472383,0.0195268,0
607394137695584255,0.100994,0
607394137829801983,0.107938,0
607394137964019711,0.097178,0
607394138098237439,0.096343,0
607394138232455167,0.11617,0
607394138366672895,0.105319,0
607394138500890623,0.110878,0
607394138769326079,0.102776,0
607394138903543807,0.10834,0
607394139037761535,0.111448,0
607394139171979263,0.1031,0
607394139306196991,0.105223,0
607394139440414719,0.113657,0
607394139574632447,0.107887,0
607394139843067903,0.102861,0
607394139977285631,0.111924,0
607394140111503359,0.0981308,0
607394140245721087,0.106975,0
607394140379938815,0.0954055,0
607394140514156543,0.101421,0
607394140648374271,0.0946508,0
607394140916809727,0.101803,0
607394141051027455,0.107991,0
607394141185245183,0.107421,0
607394141319462911,0.10704,0
607394141453680639,0.103045,0
607394141587898367,0.104672,0
607394141722116095,0.106573,0
607394141990551551,0.107868,0
607394142124769279,0.114023,0
607394142258987007,0.108238,0
607394142393204735,0.115224,0
607394142527422463,0.115661,0
607394142661640191,0.110152,0
607394142795857919,0.106874,0
607394143064293375,0.119888,0
607394143198511103,0.107781,0
607394143332728831,0.113974,0
607394143466946559,0.10092,0
607394143601164287,0.118036,0
607394143735382015,0.120033,0
607394143869599743,0.119314,0
607394144138035199,0.112069,0
607394144272252927,0.103531,0
607394144406470655,0.110849,0
607394144540688383,0.105558,0
607394144674906111,0.106303,0
607394144809123839,0.112061,0
607394144943341567,0.113606,0
607394146285518847,0.0991293,0
607394146419736575,0.0989339,0
607394146553954303,0.109788,0
607394146688172031,0.104098,0
607394146822389759,0.10729,0
607394146956607487,0.0985226,0
607394147090825215,0.109432,0
607394147359260671,0.095657,0
607394147493478399,0.120134,0
607394147627696127,0.0961441,0
607394147761913855,0.109645,0
607394147896131583,0.120918,0
607394148030349311,0.0890687,0
607394148164567039,0.111516,0
607394148433002495,0.0945203,0
607394148567220223,0.100377,0
607394148701437951,0.0984177,0
607394148835655679,0.108947,0
607394148969873407,0.0929266,0
607394149104091135,0.0961332,0
607394149238308863,0.103519,0
607394149506744319,0.10766,0
607394149640962047,0.106761,0
607394149775179775,0.0996312,0
607394149909397503,0.108703,0
607394150043615231,0.108607,0
607394150177832959,0.114672,0
607394150312050687,0.105349,0
607394150580486143,0.106098,0
607394150714703871,0.111178,0
607394150848921599,0.10179,0
607394150983139327,0.111549,0
607394151117357055,0.106445,0
607394151251574783,0.105519,0
607394151385792511,0.105789,0
607394151654227967,0.0878362,0
607394151788445695,0.100772,0
607394151922663423,0.103325,0
607394152056881151,0.123626,0
607394152191098879,0.0949742,0
607394152325316607,0.0847463,0
607394152459534335,0.107489,0
607394152727969791,0.102161,0
607394152862187519,0.112045,0
607394152996405247,0.101469,0
607394153130622975,0.12687,0
607394153264840703,0.105521,0
607394153399058431,0.11068,0
607394153533276159,0.104096,0
607394154875453439,0.102302,0
607394155009671167,0.10252,0
607394155143888895,0.104572,0
607394155278106623,0.104625,0
607394155412324351,0.0983723,0
607394155546542079,0.102467,0
607394155680759807,0.102203,0
607394155949195263,0.102728,0
607394156083412991,0.107772,0
607394156217630719,0.100517,0
607394156351848447,0.103403,0
607394156486066175,0.0995821,0
607394156620283903,0.101348,0
607394156754501631,0.102463,0
607394157022937087,0.103032,0
607394157157154815,0.099235,0
607394157291372543,0.0987399,0
607394157425590271,0.103077,0
607394157559807999,0.0976766,0
607394157694025727,0.104085,0
607394157828243455,0.123061,0
607394158096678911,0.108855,0
607394158230896639,0.0980691,0
607394158365114367,0.104196,0
607394158499332095,0.104362,0
607394158633549823,0.097111,0
607394158767767551,0.101154,0
607394158901985279,0.0993511,0
607394159170420735,0.113183,0
607394159304638463,0.113341,0
607394159438856191,0.117815,0
607394159573073919,0.112759,0
607394159707291647,0.116701,0
607394159841509375,0.11569,0
607394159975727103,0.132701,0
607394160244162559,0.111359,0
607394160378380287,0.097997,0
607394160512598015,0.114328,0
607394160646815743,0.113711,0
607394160781033471,0.105382,0
607394160915251199,0.107941,0
607394161049468927,0.106804,0
607394161317904383,0.114455,0
607394161452122111,0.0941157,0
607394161586339839,0.112749,0
607394161720557567,0.107375,0
607394161854775295,0.113315,0
607394161988993023,0.110744,0
607394162123210751,0.114264,0
607394163465388031,0.0966948,0
607394163599605759,0.118269,0
607394163733823487,0.101526,0
607394163868041215,0.114458,0
607394164002258943,0.100247,0
607394164136476671,0.112058,0
607394164270694399,0.0915219,0
607394164539129855,0.104158,0
607394164673347583,0.0793758,0
607394164807565311,0.0965842,0
607394164941783039,0.082061,0
607394165076000767,0.106514,0
607394165210218495,0.112155,0
607394165344436223,0.121651,0
607394165612871679,0.113405,0
607394165747089407,0.103288,0
607394165881307135,0.114891,0
607394166015524863,0.0758912,0
607394166149742591,0.0901623,0
607394166283960319,0.115489,0
607394166418178047,0.0877035,0
607394166686613503,0.0681777,0
607394166820831231,0.0548439,0
607394166955048959,0.0648503,0
607394167089266687,0.0531439,0
607394167223484415,0.0924347,0
607394167357702143,0.0708947,0
607394167491919871,0.0956558,0
607394167760355327,0.102905,0
607394167894573055,0.105737,0
607394168028790783,0.0952601,0
607394168163008511,0.104435,0
607394168297226239,0.105222,0
607394168431443967,0.10812,0
607394168565661695,0.10342,0
607394168834097151,0.0946881,0
607394168968314879,0.114082,0
607394169102532607,0.0913655,0
607394169236750335,0.111358,0
607394169370968063,0.104469,0
607394169505185791,0.12336,0
607394169639403519,0.104859,0
607394169907838975,0.0986832,0
607394170042056703,0.100516,0
607394170176274431,0.0920345,0
607394170310492159,0.0953909,0
607394170444709887,0.121337,0
607394170578927615,0.102548,0
607394170713145343,0.0939133,0
607394172055322623,0.153314,0
607394172189540351,0.142621,0
607394172323758079,0.150681,0
607394172457975807,0.141583,0
607394172592193535,0.158351,0
607394172726411263,0.149435,0
607394172860628991,0.1625,0
607394173129064447,0.147488,0
607394173263282175,0.124128,0
607394173397499903,0.127775,0
607394173531717631,0.126219,0
607394173665935359,0.151415,0
607394173800153087,0.136684,0
607394173934370815,0.132872,0
607394174202806271,0.128331,0
607394174337023999,0.12259,0
607394174471241727,0.133402,0
607394174605459455,0.119039,0
607394174739677183,0.141607,0
607394174873894911,0.127654,0
607394175008112639,0.139722,0
607394175276548095,0.118733,0
607394175410765823,0.114465,0
607394175544983551,0.114541,0
607394175679201279,0.112334,0
607394175813419007,0.124358,0
607394175947636735,0.12255,0
607394176081854463,0.112135,0
607394176350289919,0.181019,0
607394176484507647,0.18027,0
607394176618725375,0.173461,0
607394176752943103,0.17734,0
607394176887160831,0.187619,0
607394177021378559,0.186851,0
607394177155596287,0.185363,0
607394177424031743,0.158399,0
607394177558249471,0.146385,0
607394177692467199,0.155903,0
607394177826684927,0.153315,0
607394177960902655,0.189057,0
607394178095120383,0.153638,0
607394178229338111,0.197372,0
607394178497773567,0.15547,0
607394178631991295,0.160318,0
607394178766209023,0.157675,0
607394178900426751,0.155695,0
607394179034644479,0.1636,0
607394179168862207,0.16761,0
607394179303079935,0.139035,0
607394180645257215,0.106116,0
607394180779474943,0.117103,0
607394180913692671,0.109573,0
607394181047910399,0.120185,0
607394181182128127,0.120558,0
607394181316345855,0.125593,0
607394181450563583,0.116272,0
607394181718999039,0.124426,0
607394181853216767,0.13195,0
607394181987434495,0.10243,0
607394182121652223,0.11297,0
607394182255869951,0.114984,0
607394182390087679,0.118894,0
607394182524305407,0.128035,0
607394182792740863,0.113444,0
607394182926958591,0.107908,0
607394183061176319,0.111634,0
607394183195394047,0.105991,0
607394183329611775,0.105232,0
607394183463829503,0.120441,0
607394183598047231,0.108393,0
607394183866482687,0.108741,0
607394184000700415,0.12036,0
607394184134918143,0.0994415,0
607394184269135871,0.113725,0
607394184403353599,0.113065,0
607394184537571327,0.113554,0
607394184671789055,0.115324,0
607394184940224511,0.128127,0
607394185074442239,0.123777,0
607394185208659967,0.115185,0
607394185342877695,0.120386,0
607394185477095423,0.120515,0
607394185611313151,0.123595,0
607394185745530879,0.128342,0
607394186013966335,0.114102,0
607394186148184063,0.127718,0
607394186282401791,0.117195,0
607394186416619519,0.126364,0
607394186550837247,0.120252,0
607394186685054975,0.123025,0
607394186819272703,0.117721,0
607394187087708159,0.121062,0
607394187221925887,0.123207,0
607394187356143615,0.125783,0
607394187490361343,0.119353,0
607394187624579071,0.114917,0
607394187758796799,0.118568,0
607394187893014527,0.120498,0
607394189235191807,0.131034,0
607394189369409535,0.123796,0
607394189503627263,0.131634,0
607394189637844991,0.129117,0
607394189772062719,0.134668,0
607394189906280447,0.127068,0
607394190040498175,0.13418,0
607394190308933631,0.121742,0
607394190443151359,0.115251,0
607394190577369087,0.122454,0
607394190711586815,0.11018,0
607394190845804543,0.13389,0
607394190980022271,0.120961,0
607394191114239999,0.127698,0
607394191382675455,0.121362,0
607394191516893183,0.123294,0
607394191651110911,0.124255,0
607394191785328639,0.12273,0
607394191919546367,0.126961,0
607394192053764095,0.124465,0
607394192187981823,0.124653,0
607394192456417279,0.111487,0
607394192590635007,0.113832,0
607394192724852735,0.119271,0
607394192859070463,0.111351,0
607394192993288191,0.122124,0
607394193127505919,0.118095,0
607394193261723647,0.120365,0
607394193530159103,0.130136,0
607394193664376831,0.140937,0
607394193798594559,0.1243,0
607394193932812287,0.134083,0
607394194067030015,0.146778,0
607394194201247743,0.142995,0
607394194335465471,0.128814,0
607394194603900927,0.154429,0
607394194738118655,0.145158,0
607394194872336383,0.144744,0
607394195006554111,0.131027,0
607394195140771839,0.157426,0
607394195274989567,0.149243,0
607394195409207295,0.151092,0
607394195677642751,0.143911,0
607394195811860479,0.141309,0
607394195946078207,0.149871,0
607394196080295935,0.136002,0
607394196214513663,0.129996,0
607394196348731391,0.134952,0
607394196482949119,0.135135,0
607394206415060991,0.0623943,0
607394206549278719,0.0634224,0
607394206683496447,0.0572646,0
607394206817714175,0.0590159,0
607394206951931903,0.091906,0
607394207086149631,0.0644655,0
607394207220367359,0.0982099,0
607394207488802815,0.0722135,0
607394207623020543,0.0793659,0
607394207757238271,0.0643519,0
607394207891455999,0.0756394,0
607394208025673727,0.0792665,0
607394208159891455,0.0716419,0
607394208294109183,0.0733331,0
607394208562544639,0.056095,0
607394208696762367,0.0512928,0
607394208830980095,0.0535405,0
607394208965197823,0.061295,0
607394209099415551,0.0555467,0
607394209233633279,0.0553495,0
607394209367851007,0.0532996,0
607394209636286463,0.0583096,0
607394209770504191,0.061859,0
607394209904721919,0.0499512,0
607394210038939647,0.0544922,0
607394210173157375,0.0572067,0
607394210307375103,0.0628403,0
607394210441592831,0.0518608,0
607394210710028287,0.137297,0
607394210844246015,0.136729,0
607394210978463743,0.118087,0
607394211112681471,0.111989,0
607394211246899199,0.119124,0
607394211381116927,0.128577,0
607394211515334655,0.0788332,0
607394211783770111,0.114892,0
607394211917987839,0.10949,0
607394212052205567,0.118442,0
607394212186423295,0.109063,0
607394212320641023,0.127187,0
607394212454858751,0.109946,0
607394212589076479,0.137412,0
607394212857511935,0.127768,0
607394212991729663,0.105734,0
607394213125947391,0.103131,0
607394213260165119,0.096598,0
607394213394382847,0.112027,0
607394213528600575,0.113248,0
607394213662818303,0.12197,0
607394215004995583,0.0600255,0
607394215139213311,0.0583372,0
607394215273431039,0.0650823,0
607394215407648767,0.0650601,0
607394215541866495,0.0671546,0
607394215676084223,0.0659776,0
607394215810301951,0.0656039,0
607394216078737407,0.0507293,0
607394216212955135,0.0476534,0
607394216347172863,0.0503822,0
607394216481390591,0.0493802,0
607394216615608319,0.0739763,0
607394216749826047,0.060765,0
607394216884043775,0.0659115,0
607394217152479231,0.059354,0
607394217286696959,0.0494366,0
607394217420914687,0.0577906,0
607394217555132415,0.0534328,0
607394217689350143,0.0710603,0
607394217823567871,0.0681818,0
607394217957785599,0.0646612,0
607394218226221055,0.0435349,0
607394218360438783,0.0477351,0
607394218494656511,0.0587693,0
607394218628874239,0.0467624,0
607394218763091967,0.0518199,0
607394218897309695,0.0452401,0
607394219031527423,0.0589233,0
607394219299962879,0.076839,0
607394219434180607,0.0737536,0
607394219568398335,0.0775835,0
607394219702616063,0.0709351,0
607394219836833791,0.0803772,0
607394219971051519,0.0810221,0
607394220105269247,0.0780468,0
607394220373704703,0.0695541,0
607394220507922431,0.0678896,0
607394220642140159,0.0736137,0
607394220776357887,0.0723473,0
607394220910575615,0.0961586,0
607394221044793343,0.0670145,0
607394221179011071,0.121891,0
607394221447446527,0.0728597,0
607394221581664255,0.0710396,0
607394221715881983,0.0607664,0
607394221850099711,0.0708882,0
607394221984317439,0.0727755,0
607394222118535167,0.0738228,0
607394222252752895,0.0677241,0
607394223594930175,0.0513128,0
607394223729147903,0.0454965,0
607394223863365631,0.0525092,0
607394223997583359,0.0586602,0
607394224131801087,0.0693074,0
607394224266018815,0.0551964,0
607394224400236543,0.0699329,0
607394224668671999,0.049259,0
607394224802889727,0.0487505,0
607394224937107455,0.0469026,0
607394225071325183,0.046042,0
607394225205542911,0.0496089,0
607394225339760639,0.0526688,0
607394225473978367,0.0505043,0
607394225742413823,0.0498854,0
607394225876631551,0.0476358,0
607394226010849279,0.0479603,0
607394226145067007,0.0672827,0
607394226279284735,0.0533138,0
607394226413502463,0.0532788,0
607394226547720191,0.0535457,0
607394226816155647,0.0464604,0
607394226950373375,0.0448973,0
607394227084591103,0.0569311,0
607394227218808831,0.0417875,0
607394227353026559,0.0485145,0
607394227487244287,0.0458191,0
607394227621462015,0.0591076,0
607394227889897471,0.0880142,0
607394228024115199,0.0803842,0
607394228158332927,0.121943,0
607394228292550655,0.0737109,0
607394228426768383,0.130249,0
607394228560986111,0.0911846,0
607394228695203839,0.132603,0
607394228963639295,0.0642568,0
607394229097857023,0.0577928,0
607394229232074751,0.0735767,0
607394229366292479,0.0588948,0
607394229500510207,0.097413,0
607394229634727935,0.0701248,0
607394229768945663,0.106675,0
607394230037381119,0.0771915,0
607394230171598847,0.0795567,0
607394230305816575,0.0818811,0
607394230440034303,0.0618745,0
607394230574252031,0.124748,0
607394230708469759,0.069347,0
607394230842687487,0.124476,0
607394232184864767,0.0506225,0
607394232319082495,0.0581088,0
607394232453300223,0.0450829,0
607394232587517951,0.0516251,0
607394232721735679,0.046279,0
607394232855953407,0.0558785,0
607394232990171135,0.0463863,0
607394233258606591,0.0648215,0
607394233392824319,0.0515407,0
607394233527042047,0.0566712,0
607394233661259775,0.0608662,0
607394233795477503,0.066406,0
607394233929695231,0.0591027,0
607394234063912959,0.0610425,0
607394234332348415,0.0522628,0
607394234466566143,0.0542548,0
607394234600783871,0.0497828,0
607394234735001599,0.0581986,0
607394234869219327,0.0469451,0
607394235003437055,0.050343,0
607394235137654783,0.0453517,0
607394235406090239,0.0624906,0
607394235540307967,0.0531526,0
607394235674525695,0.0529998,0
607394235808743423,0.0584513,0
607394235942961151,0.0537987,0
607394236077178879,0.0574651,0
607394236211396607,0.0512834,0
607394236479832063,0.0516691,0
607394236614049791,0.0479878,0
607394236748267519,0.0453274,0
607394236882485247,0.0487993,0
607394237016702975,0.0560175,0
607394237150920703,0.0588981,0
607394237285138431,0.0482833,0
607394237553573887,0.0557446,0
607394237687791615,0.0638345,0
607394237822009343,0.0511561,0
607394237956227071,0.0663178,0
607394238090444799,0.0563708,0
607394238224662527,0.0642828,0
607394238358880255,0.0526172,0
607394238627315711,0.0454675,0
607394238761533439,0.0431181,0
607394238895751167,0.0456188,0
607394239029968895,0.0471343,0
607394239164186623,0.0464498,0
607394239298404351,0.0474281,0
607394239432622079,0.0456165,0
607394240774799359,0.116851,0
607394240909017087,0.143195,0
607394241043234815,0.108225,0
607394241177452543,0.0949432,0
607394241311670271,0.100895,0
607394241445887999,0.10123,0
607394241580105727,0.109387,0
607394241848541183,0.140422,0
607394241982758911,0.125426,0
607394242116976639,0.143672,0
607394242251194367,0.121819,0
607394242385412095,0.132193,0
607394242519629823,0.131258,0
607394242653847551,0.144686,0
607394242922283007,0.0919073,0
607394243056500735,0.103194,0
607394243190718463,0.122543,0
607394243324936191,0.0797422,0
607394243459153919,0.139078,0
607394243593371647,0.0944651,0
607394243727589375,0.124968,0
607394243996024831,0.140672,0
607394244130242559,0.124397,0
607394244264460287,0.137382,0
607394244398678015,0.128261,0
607394244532895743,0.143485,0
607394244667113471,0.135953,0
607394244801331199,0.138793,0
607394245069766655,0.115311,0
607394245203984383,0.101776,0
607394245338202111,0.110913,0
607394245472419839,0.101197,0
607394245606637567,0.115211,0
607394245740855295,0.10565,0
607394245875073023,0.138438,0
607394246143508479,0.0988811,0
607394246277726207,0.101742,0
607394246411943935,0.101895,0
607394246546161663,0.0898105,0
607394246680379391,0.0941459,0
607394246814597119,0.092454,0
607394246948814847,0.106656,0
607394247217250303,0.114545,0
607394247351468031,0.134445,0
607394247485685759,0.118185,0
607394247619903487,0.136923,0
607394247754121215,0.148729,0
607394247888338943,0.10973,0
607394248022556671,0.102806,0
607394249364733951,0.0836431,0
607394249498951679,0.0854027,0
607394249633169407,0.0830399,0
607394249767387135,0.0837964,0
607394249901604863,0.081509,0
607394250035822591,0.0864174,0
607394250170040319,0.0853849,0
607394250438475775,0.0874115,0
607394250572693503,0.0884626,0
607394250706911231,0.0882617,0
607394250841128959,0.0804853,0
607394250975346687,0.0865368,0
607394251109564415,0.0840166,0
607394251243782143,0.0898942,0
607394251512217599,0.0815277,0
607394251646435327,0.0851957,0
607394251780653055,0.0819389,0
607394251914870783,0.0834606,0
607394252049088511,0.0800585,0
607394252183306239,0.0847097,0
607394252317523967,0.0705724,0
607394252585959423,0.0831038,0
607394252720177151,0.0967758,0
607394252854394879,0.0830802,0
607394252988612607,0.130618,0
607394253122830335,0.0884105,0
607394253257048063,0.0886247,0
607394253391265791,0.0885494,0
607394253659701247,0.124109,0
607394253793918975,0.125295,0
607394253928136703,0.120707,0
607394254062354431,0.0805434,0
607394254196572159,0.120453,0
607394254330789887,0.128745,0
607394254465007615,0.127859,0
607394254733443071,0.120058,0
607394254867660799,0.148383,0
607394255001878527,0.0917102,0
607394255136096255,0.0958813,0
607394255270313983,0.134192,0
607394255404531711,0.138116,0
607394255538749439,0.136186,0
607394255807184895,0.083502,0
607394255941402623,0.0755475,0
607394256075620351,0.123701,0
607394256209838079,0.0809311,0
607394256344055807,0.126102,0
607394256478273535,0.0755287,0
607394256612491263,0.12514,0
607394257954668543,0.0905479,0
607394258088886271,0.0968328,0
607394258223103999,0.0934027,0
607394258357321727,0.0866936,0
607394258491539455,0.0963576,0
607394258625757183,0.0771442,0
607394258759974911,0.0957511,0
607394259028410367,0.116727,0
607394259162628095,0.0725648,0
607394259296845823,0.121829,0
607394259431063551,0.079809,0
607394259565281279,0.115417,0
607394259699499007,0.0836353,0
607394259833716735,0.120875,0
607394260102152191,0.103022,0
607394260236369919,0.12284,0
607394260370587647,0.0973415,0
607394260504805375,0.0994247,0
607394260639023103,0.101294,0
607394260773240831,0.0993118,0
607394260907458559,0.0992213,0
607394261175894015,0.0774919,0
607394261310111743,0.0859879,0
607394261444329471,0.0902569,0
607394261578547199,0.0928411,0
607394261712764927,0.12342,0
607394261846982655,0.103833,0
607394261981200383,0.116201,0
607394262249635839,0.0903759,0
607394262383853567,0.0953416,0
607394262518071295,0.09451,0
607394262652289023,0.0935662,0
607394262786506751,0.108033,0
607394262920724479,0.0979566,0
607394263054942207,0.118068,0
607394263323377663,0.0955672,0
607394263457595391,0.117483,0
607394263591813119,0.0886899,0
607394263726030847,0.114454,0
607394263860248575,0.0948054,0
607394263994466303,0.12569,0
607394264128684031,0.0954851,0
607394264397119487,0.0921698,0
607394264531337215,0.0976345,0
607394264665554943,0.0979714,0
607394264799772671,0.104025,0
607394264933990399,0.102193,0
607394265068208127,0.0905337,0
607394265202425855,0.117143,0
607394275134537727,0.108308,0
607394275268755455,0.0810313,0
607394275402973183,0.090761,0
607394275537190911,0.0837218,0
607394275671408639,0.0740247,0
607394275805626367,0.0891895,0
607394275939844095,0.100289,0
607394276208279551,0.0568079,0
607394276342497279,0.0568836,0
607394276476715007,0.0576244,0
607394276610932735,0.0552399,0
607394276745150463,0.0709638,0
607394276879368191,0.0556023,0
607394277013585919,0.0738922,0
607394277282021375,0.0911716,0
607394277416239103,0.0736435,0
607394277550456831,0.0940307,0
607394277684674559,0.071801,0
607394277818892287,0.0905774,0
607394277953110015,0.083349,0
607394278087327743,0.0913659,0
607394278355763199,0.0633943,0
607394278489980927,0.0587826,0
607394278624198655,0.0674825,0
607394278758416383,0.0752082,0
607394278892634111,0.0601269,0
607394279026851839,0.0593941,0
607394279161069567,0.0643856,0
607394279429505023,0.0836162,0
607394279563722751,0.0767481,0
607394279697940479,0.0671255,0
607394279832158207,0.0901673,0
607394279966375935,0.0882067,0
607394280100593663,0.0733659,0
607394280234811391,0.0830342,0
607394280503246847,0.0952171,0
607394280637464575,0.0691033,0
607394280771682303,0.0998786,0
607394280905900031,0.0745382,0
607394281040117759,0.0733555,0
607394281174335487,0.0956291,0
607394281308553215,0.0700444,0
607394281576988671,0.0987333,0
607394281711206399,0.113352,0
607394281845424127,0.0970863,0
607394281979641855,0.109053,0
607394282113859583,0.0709554,0
607394282248077311,0.079315,0
607394282382295039,0.0643287,0
607394283724472319,0.046178,0
607394283858690047,0.0534499,0
607394283992907775,0.0502434,0
607394284127125503,0.0456557,0
607394284261343231,0.0413272,0
607394284395560959,0.0438213,0
607394284529778687,0.0428587,0
607394284798214143,0.0400697,0
607394284932431871,0.0393167,0
607394285066649599,0.0605621,0
607394285200867327,0.0539599,0
607394285335085055,0.0428051,0
607394285469302783,0.043644,0
607394285603520511,0.0411596,0
607394285871955967,0.0482751,0
607394286006173695,0.0433247,0
607394286140391423,0.0505395,0
607394286274609151,0.0600434,0
607394286408826879,0.0602659,0
607394286543044607,0.050191,0
607394286677262335,0.0657919,0
607394286945697791,0.0516359,0
607394287079915519,0.0463251,0
607394287214133247,0.0506152,0
607394287348350975,0.0416798,0
607394287482568703,0.0529797,0
607394287616786431,0.0457421,0
607394287751004159,0.053561,0
607394288019439615,0.0566765,0
607394288153657343,0.0462718,0
607394288287875071,0.0658353,0
607394288422092799,0.0492785,0
607394288556310527,0.0626923,0
607394288690528255,0.0527302,0
607394288824745983,0.064382,0
607394289093181439,0.0422944,0
607394289227399167,0.0423952,0
607394289361616895,0.0411237,0
607394289495834623,0.0416137,0
607394289630052351,0.039659,0
607394289764270079,0.0442074,0
607394289898487807,0.0423764,0
607394290166923263,0.0526833,0
607394290301140991,0.0468049,0
607394290435358719,0.0592225,0
607394290569576447,0.0575246,0
607394290703794175,0.0556686,0
607394290838011903,0.0500112,0
607394290972229631,0.0579799,0
607394292314406911,0.0797155,0
607394292448624639,0.070872,0
607394292582842367,0.0653262,0
607394292717060095,0.0658325,0
607394292851277823,0.077987,0
607394292985495551,0.096218,0
607394293119713279,0.0632353,0
607394293388148735,0.0733482,0
607394293522366463,0.0831715,0
607394293656584191,0.0652405,0
607394293790801919,0.0746429,0
607394293925019647,0.0768836,0
607394294059237375,0.0800206,0
607394294193455103,0.0718185,0
607394294461890559,0.069498,0
607394294596108287,0.0636631,0
607394294730326015,0.0693427,0
607394294864543743,0.0608421,0
607394294998761471,0.0598212,0
607394295132979199,0.0701191,0
607394295267196927,0.0559321,0
607394295535632383,0.0727125,0
607394295669850111,0.0607095,0
607394295804067839,0.0633477,0
607394295938285567,0.0545534,0
607394296072503295,0.0665032,0
607394296206721023,0.0607392,0
607394296340938751,0.0639816,0
607394296609374207,0.0978084,0
607394296743591935,0.0857105,0
607394296877809663,0.0828427,0
607394297012027391,0.0765024,0
607394297146245119,0.0853654,0
607394297280462847,0.0958222,0
607394297414680575,0.0915372,0
607394297683116031,0.0956675,0
607394297817333759,0.0933282,0
607394297951551487,0.0852828,0
607394298085769215,0.0915002,0
607394298219986943,0.108269,0
607394298354204671,0.0815925,0
607394298488422399,0.109438,0
607394298756857855,0.0633468,0
607394298891075583,0.0585491,0
607394299025293311,0.0577014,0
607394299159511039,0.0573531,0
607394299293728767,0.0709668,0
607394299427946495,0.0641041,0
607394299562164223,0.0616691,0
607394300904341503,0.0591917,0
607394301038559231,0.043615,0
607394301172776959,0.0580567,0
607394301306994687,0.0410494,0
607394301441212415,0.0793522,0
607394301575430143,0.0620242,0
607394301709647871,0.0801,0
607394301978083327,0.0505237,0
607394302112301055,0.0408749,0
607394302246518783,0.0436479,0
607394302380736511,0.0426598,0
607394302514954239,0.0536831,0
607394302649171967,0.0439417,0
607394302783389695,0.0449677,0
607394303051825151,0.0398602,0
607394303186042879,0.036058,0
607394303320260607,0.0409951,0
607394303454478335,0.0320954,0
607394303588696063,0.0456148,0
607394303722913791,0.0396947,0
607394303857131519,0.0499766,0
607394304125566975,0.0289892,0
607394304259784703,0.0300614,0
607394304394002431,0.0290507,0
607394304528220159,0.0282195,0
607394304662437887,0.0401906,0
607394304796655615,0.0380305,0
607394304930873343,0.0349111,0
607394305199308799,0.0761273,0
607394305333526527,0.0771703,0
607394305467744255,0.0633879,0
607394305601961983,0.060452,0
607394305736179711,0.0653605,0
607394305870397439,0.0676019,0
607394306004615167,0.0640779,0
607394306273050623,0.0616528,0
607394306407268351,0.0539953,0
607394306541486079,0.0788088,0
607394306675703807,0.0553088,0
607394306809921535,0.074079,0
607394306944139263,0.0595971,0
607394307078356991,0.0761013,0
607394307346792447,0.0508088,0
607394307481010175,0.0579654,0
607394307615227903,0.0506158,0
607394307749445631,0.0486499,0
607394307883663359,0.0646306,0
607394308017881087,0.0649528,0
607394308152098815,0.0535015,0
607394309494276095,0.101725,0
607394309628493823,0.086888,0
607394309762711551,0.101639,0
607394309896929279,0.0943597,0
607394310031147007,0.103372,0
607394310165364735,0.106184,0
607394310299582463,0.101029,0
607394310568017919,0.0929852,0
607394310702235647,0.0916946,0
607394310836453375,0.0893202,0
607394310970671103,0.0911205,0
607394311104888831,0.126476,0
607394311239106559,0.0980937,0
607394311373324287,0.0889618,0
607394311641759743,0.0995094,0
607394311775977471,0.0928399,0
607394311910195199,0.0994754,0
607394312044412927,0.0952061,0
607394312178630655,0.101778,0
607394312312848383,0.0999712,0
607394312447066111,0.0982235,0
607394312715501567,0.0945267,0
607394312849719295,0.0857714,0
607394312983937023,0.086636,0
607394313118154751,0.0752127,0
607394313252372479,0.0923086,0
607394313386590207,0.0919275,0
607394313520807935,0.0943877,0
607394313789243391,0.109934,0
607394313923461119,0.101809,0
607394314057678847,0.104827,0
607394314191896575,0.113228,0
607394314326114303,0.117774,0
607394314460332031,0.104337,0
607394314594549759,0.104466,0
607394314862985215,0.112208,0
607394314997202943,0.0922158,0
607394315131420671,0.104998,0
607394315265638399,0.100897,0
607394315399856127,0.105838,0
607394315534073855,0.108068,0
607394315668291583,0.0994623,0
607394315936727039,0.127806,0
607394316070944767,0.114558,0
607394316205162495,0.122855,0
607394316339380223,0.109969,0
607394316473597951,0.104147,0
607394316607815679,0.112947,0
607394316742033407,0.116723,0
607394318084210687,0.101521,0
607394318218428415,0.0730552,0
607394318352646143,0.0898877,0
607394318486863871,0.0682983,0
607394318621081599,0.0778501,0
607394318755299327,0.106685,0
607394318889517055,0.0880475,0
607394319157952511,0.077153,0
607394319292170239,0.0736103,0
607394319426387967,0.0773523,0
607394319560605695,0.0579708,0
607394319694823423,0.0961209,0
607394319829041151,0.0842151,0
607394319963258879,0.0800137,0
607394320231694335,0.0671896,0
607394320365912063,0.0636275,0
607394320500129791,0.0722629,0
607394320634347519,0.060915,0
607394320768565247,0.0750773,0
607394320902782975,0.0676535,0
607394321037000703,0.0657719,0
607394321305436159,0.0587581,0
607394321439653887,0.0482106,0
607394321573871615,0.0621987,0
607394321708089343,0.0530967,0
607394321842307071,0.0725828,0
607394321976524799,0.057691,0
607394322110742527,0.0713998,0
607394322379177983,0.0985684,0
607394322513395711,0.0856829,0
607394322647613439,0.094205,0
607394322781831167,0.0856344,0
607394322916048895,0.0973934,0
607394323050266623,0.104875,0
607394323184484351,0.0932368,0
607394323452919807,0.107497,0
607394323587137535,0.107987,0
607394323721355263,0.0844856,0
607394323855572991,0.115129,0
607394323989790719,0.0903107,0
607394324124008447,0.0953508,0
607394324258226175,0.0867177,0
607394324526661631,0.0783651,0
607394324660879359,0.0898006,0
607394324795097087,0.0792284,0
607394324929314815,0.0976651,0
607394325063532543,0.0846239,0
607394325197750271,0.0830232,0
607394325331967999,0.0789315,0
607394326674145279,0.112266,0
607394326808363007,0.0983515,0
607394326942580735,0.119755,0
607394327076798463,0.105648,0
607394327211016191,0.13076,0
607394327345233919,0.111343,0
607394327479451647,0.124879,0
607394327747887103,0.091293,0
607394327882104831,0.0792235,0
607394328016322559,0.0899234,0
607394328150540287,0.0865502,0
607394328284758015,0.101673,0
607394328418975743,0.0906419,0
607394328553193471,0.1006,0
607394328821628927,0.100251,0
607394328955846655,0.0953439,0
607394329090064383,0.0929411,0
607394329224282111,0.0877288,0
607394329358499839,0.125725,0
607394329492717567,0.118771,0
607394329626935295,0.125346,0
607394329895370751,0.0772277,0
607394330029588479,0.0771521,0
607394330163806207,0.0742864,0
607394330298023935,0.0806441,0
607394330432241663,0.0882523,0
607394330566459391,0.0804521,0
607394330700677119,0.089177,0
607394330969112575,0.119833,0
607394331103330303,0.118091,0
607394331237548031,0.125012,0
607394331371765759,0.116583,0
607394331505983487,0.119442,0
607394331640201215,0.111318,0
607394331774418943,0.117116,0
607394332042854399,0.120657,0
607394332177072127,0.115184,0
607394332311289855,0.122528,0
607394332445507583,0.112298,0
607394332579725311,0.119672,0
607394332713943039,0.110082,0
607394332848160767,0.121584,0
607394333116596223,0.135718,0
607394333250813951,0.117258,0
607394333385031679,0.132504,0
607394333519249407,0.126064,0
607394333653467135,0.124375,0
607394333787684863,0.120507,0
607394333921902591,0.132101,0
607394412573491199,0.913299,0
607394412707708927,0.909257,0
607394412841926655,0.897718,0
607394412976144383,0.916778,0
607394413110362111,0.868779,0
607394413244579839,0.872499,0
607394413378797567,0.923985,0
607394413647233023,0.867893,0
607394413781450751,0.847878,0
607394413915668479,0.873747,0
607394414049886207,0.882117,0
607394414184103935,0.868092,0
607394414318321663,0.862694,0
607394414452539391,0.869428,0
607394414720974847,0.960634,0
607394414855192575,0.944959,0
607394414989410303,0.963988,0
607394415123628031,0.956435,0
607394415257845759,0.922008,0
607394415392063487,0.921737,0
607394415526281215,0.956755,0
607394415794716671,0.883619,0
607394415928934399,0.886875,0
607394416063152127,0.924508,0
607394416197369855,0.918508,0
607394416331587583,0.883892,0
607394416465805311,0.890945,0
607394416600023039,0.916838,0
607394416868458495,0.917998,0
607394417002676223,0.890673,0
607394417136893951,0.918251,0
607394417271111679,0.912789,0
607394417405329407,0.849033,0
607394417539547135,0.883066,0
607394417673764863,0.873583,0
607394417942200319,0.850497,0
607394418076418047,0.860208,0
607394418210635775,0.868271,0
607394418344853503,0.87377,0
607394418479071231,0.831031,0
607394418613288959,0.850572,0
607394418747506687,0.849629,0
607394419015942143,0.945088,0
607394419150159871,0.927418,0
607394419284377599,0.977824,0
607394419418595327,0.950534,0
607394419552813055,0.951383,0
607394419687030783,0.937988,0
607394419821248511,0.933078,0
607394421163425791,0.867898,0
607394421297643519,0.841753,0
607394421431861247,0.867085,0
607394421566078975,0.858022,0
607394421700296703,0.854673,0
607394421834514431,0.850172,0
607394421968732159,0.865793,0
607394422237167615,0.818611,0
607394422371385343,0.833622,0
607394422505603071,0.83272,0
607394422639820799,0.842477,0
607394422774038527,0.797399,0
607394422908256255,0.863755,0
607394423042473983,0.810042,0
607394423310909439,0.879906,0
607394423445127167,0.874388,0
607394423579344895,0.897372,0
607394423713562623,0.884381,0
607394423847780351,0.867194,0
607394423981998079,0.863968,0
607394424116215807,0.89829,0
607394424384651263,0.884019,0
607394424518868991,0.845835,0
607394424653086719,0.885046,0
607394424787304447,0.894619,0
607394424921522175,0.856326,0
607394425055739903,0.849557,0
607394425189957631,0.851311,0
607394425458393087,0.850781,0
607394425592610815,0.832213,0
607394425726828543,0.851821,0
607394425861046271,0.865233,0
607394425995263999,0.850765,0
607394426129481727,0.842813,0
607394426263699455,0.857716,0
607394426532134911,0.863753,0
607394426666352639,0.855024,0
607394426800570367,0.837183,0
607394426934788095,0.839371,0
607394427069005823,0.861808,0
607394427203223551,0.851396,0
607394427337441279,0.874658,0
607394427605876735,0.862017,0
607394427740094463,0.875494,0
607394427874312191,0.883171,0
607394428008529919,0.877743,0
607394428142747647,0.857907,0
607394428276965375,0.854996,0
607394428411183103,0.881579,0
607394429753360383,1.0406,0
607394429887578111,1.00769,0
607394430021795839,1.08009,0
607394430156013567,1.01345,0
607394430290231295,1.00499,0
607394430424449023,1.00388,0
607394430558666751,1.05991,0
607394430827102207,0.948794,0
607394430961319935,0.939786,0
607394431095537663,0.956588,0
607394431229755391,0.957482,0
607394431363973119,0.969202,0
607394431498190847,0.953043,0
607394431632408575,0.950292,0
607394431900844031,1.25112,0
607394432035061759,1.13629,0
607394432169279487,1.2054,0
607394432303497215,1.77372,0
607394432437714943,1.10335,0
607394432571932671,1.10106,0
607394432706150399,1.11354,0
607394432974585855,1.01518,0
607394433108803583,0.980908,0
607394433243021311,1.07558,0
607394433377239039,1.03923,0
607394433511456767,0.980924,0
607394433645674495,0.97869,0
607394433779892223,1.07521,0
607394434048327679,1.00193,0
607394434182545407,0.983931,0
607394434316763135,1.04161,0
607394434450980863,1.01388,0
607394434585198591,1.02075,0
607394434719416319,1.01007,0
607394434853634047,1.01546,0
607394435122069503,0.993291,0
607394435256287231,0.956232,0
607394435390504959,0.981614,0
607394435524722687,0.967929,0
607394435658940415,0.979545,0
607394435793158143,0.966246,0
607394435927375871,0.984201,0
607394436195811327,1.12227,0
607394436330029055,1.0831,0
607394436464246783,1.12501,0
607394436598464511,1.13273,0
607394436732682239,1.11132,0
607394436866899967,1.08792,0
607394437001117695,1.09367,0
607394438343294975,0.937423,0
607394438477512703,0.924727,0
607394438611730431,0.905794,0
607394438745948159,0.915976,0
607394438880165887,0.926591,0
607394439014383615,0.946072,0
607394439148601343,0.929567,0
607394439417036799,0.95161,0
607394439551254527,0.886117,0
607394439685472255,0.930665,0
607394439819689983,0.915222,0
607394439953907711,0.922692,0
607394440088125439,0.896202,0
607394440222343167,0.930504,0
607394440490778623,0.893308,0
607394440624996351,0.90467,0
607394440759214079,1.00032,0
607394440893431807,0.932531,0
607394441027649535,0.907618,0
607394441161867263,0.886184,0
607394441296084991,0.962177,0
607394441564520447,0.926659,0
607394441698738175,0.935121,0
607394441832955903,0.895677,0
607394441967173631,0.922383,0
607394442101391359,0.929401,0
607394442235609087,0.931554,0
607394442369826815,0.89794,0
607394442638262271,0.950207,0
607394442772479999,0.927651,0
607394442906697727,0.937378,0
607394443040915455,0.940418,0
607394443175133183,0.96481,0
607394443309350911,0.961055,0
607394443443568639,0.945026,0
607394443712004095,0.912589,0
607394443846221823,0.872945,0
607394443980439551,0.938379,0
607394444114657279,0.910881,0
607394444248875007,0.900203,0
607394444383092735,0.906506,0
607394444517310463,0.928538,0
607394444785745919,0.922321,0
607394444919963647,0.943272,0
607394445054181375,1.01613,0
607394445188399103,0.917941,0
607394445322616831,0.976598,0
607394445456834559,0.964387,0
607394445591052287,0.955131,0
607394446933229567,0.841208,0
607394447067447295,0.855139,0
607394447201665023,0.839349,0
607394447335882751,0.840491,0
607394447470100479,0.81415,0
607394447604318207,0.847426,0
607394447738535935,0.834894,0
607394448006971391,0.844772,0
607394448141189119,0.892316,0
607394448275406847,0.843789,0
607394448409624575,0.830375,0
607394448543842303,0.858959,0
607394448678060031,0.895809,0
607394448812277759,0.830869,0
607394449080713215,0.842664,0
607394449214930943,0.842697,0
607394449349148671,0.830072,0
607394449483366399,0.876714,0
607394449617584127,0.855401,0
607394449751801855,0.860272,0
607394449886019583,0.841168,0
607394450154455039,0.802801,0
607394450288672767,0.817281,0
607394450422890495,0.827102,0
607394450557108223,0.858406,0
607394450691325951,0.83291,0
607394450825543679,0.835718,0
607394450959761407,0.836956,0
607394451228196863,0.830078,0
607394451362414591,0.869522,0
607394451496632319,0.84239,0
607394451630850047,0.855518,0
607394451765067775,0.852238,0
607394451899285503,0.850176,0
607394452033503231,0.861282,0
607394452301938687,0.836034,0
607394452436156415,0.853396,0
607394452570374143,0.859779,0
607394452704591871,0.859281,0
607394452838809599,0.821619,0
607394452973027327,0.858993,0
607394453107245055,0.847158,0
607394453375680511,0.825196,0
607394453509898239,0.838484,0
607394453644115967,0.855039,0
607394453778333695,0.87341,0
607394453912551423,0.869319,0
607394454046769151,0.876908,0
607394454180986879,0.835673,0
607394455523164159,0.850623,0
607394455657381887,0.861969,0
607394455791599615,0.853995,0
607394455925817343,0.857662,0
607394456060035071,0.875919,0
607394456194252799,0.883523,0
607394456328470527,0.83227,0
607394456596905983,0.871686,0
607394456731123711,0.843678,0
607394456865341439,0.857318,0
607394456999559167,0.851928,0
607394457133776895,0.871756,0
607394457267994623,0.833394,0
607394457402212351,0.890706,0
607394457670647807,0.856147,0
607394457804865535,0.850699,0
607394457939083263,0.856543,0
607394458073300991,0.8487,0
607394458207518719,0.845811,0
607394458341736447,0.845271,0
607394458475954175,0.854031,0
607394458744389631,0.84942,0
607394458878607359,0.849766,0
607394459012825087,0.858739,0
607394459147042815,0.864163,0
607394459281260543,0.869185,0
607394459415478271,0.880831,0
607394459549695999,0.851385,0
607394459818131455,0.89207,0
607394459952349183,0.887419,0
607394460086566911,0.871237,0
607394460220784639,0.869001,0
607394460355002367,0.862587,0
607394460489220095,0.879228,0
607394460623437823,0.874662,0
607394460891873279,0.860847,0
607394461026091007,0.844291,0
607394461160308735,0.892429,0
607394461294526463,0.882947,0
607394461428744191,0.833651,0
607394461562961919,0.831843,0
607394461697179647,0.869228,0
607394461965615103,0.837062,0
607394462099832831,0.834671,0
607394462234050559,0.828043,0
607394462368268287,0.8314,0
607394462502486015,0.847131,0
607394462636703743,0.825172,0
607394462770921471,0.806678,0
607394464113098751,0.940234,0
607394464247316479,0.929076,0
607394464381534207,0.916243,0
607394464515751935,0.932602,0
607394464649969663,0.948249,0
607394464784187391,0.92345,0
607394464918405119,0.945992,0
607394465186840575,0.917827,0
607394465321058303,0.891546,0
607394465455276031,0.934721,0
607394465589493759,0.888899,0
607394465723711487,0.894142,0
607394465857929215,0.86633,0
607394465992146943,0.922274,0
607394466260582399,0.995911,0
607394466394800127,0.986214,0
607394466529017855,1.00123,0
607394466663235583,1.00796,0
607394466797453311,0.943238,0
607394466931671039,0.955544,0
607394467065888767,0.971966,0
607394467334324223,0.961404,0
607394467468541951,0.97588,0
607394467602759679,1.02358,0
607394467736977407,0.996833,0
607394467871195135,0.92632,0
607394468005412863,0.914517,0
607394468139630591,0.976082,0
607394468408066047,0.950704,0
607394468542283775,0.923643,0
607394468676501503,0.969574,0
607394468810719231,0.965218,0
607394468944936959,0.907727,0
607394469079154687,0.889185,0
607394469213372415,0.964248,0
607394469481807871,0.881509,0
607394469616025599,0.875281,0
607394469750243327,0.914815,0
607394469884461055,0.908347,0
607394470018678783,0.876112,0
607394470152896511,0.851902,0
607394470287114239,0.875577,0
607394470555549695,0.956398,0
607394470689767423,0.936607,0
607394470823985151,0.954213,0
607394470958202879,0.969158,0
607394471092420607,0.943767,0
607394471226638335,0.954386,0
607394471360856063,0.980706,0
607394481292967935,0.770014,0
607394481427185663,0.765237,0
607394481561403391,0.786932,0
607394481695621119,0.75747,0
607394481829838847,0.747215,0
607394481964056575,0.735127,0
607394482098274303,0.770572,0
607394482366709759,0.737622,0
607394482500927487,0.731874,0
607394482635145215,0.746346,0
607394482769362943,0.735643,0
607394482903580671,0.715478,0
607394483037798399,0.7204,0
607394483172016127,0.74176,0
607394483440451583,0.786066,0
607394483574669311,0.758701,0
607394483708887039,0.790927,0
607394483843104767,0.782767,0
607394483977322495,0.803581,0
607394484111540223,0.784565,0
607394484245757951,0.808794,0
607394484514193407,0.780885,0
607394484648411135,0.777242,0
607394484782628863,0.776434,0
607394484916846591,0.760676,0
607394485051064319,0.748797,0
607394485185282047,0.770594,0
607394485319499775,0.762413,0
607394485587935231,0.763835,0
607394485722152959,0.75517,0
607394485856370687,0.767047,0
607394485990588415,0.766362,0
607394486124806143,0.765067,0
607394486259023871,0.753853,0
607394486393241599,0.775514,0
607394486661677055,0.696099,0
607394486795894783,0.705641,0
607394486930112511,0.750722,0
607394487064330239,0.726188,0
607394487198547967,0.71368,0
607394487332765695,0.694125,0
607394487466983423,0.732662,0
607394487735418879,0.835637,0
607394487869636607,0.807968,0
607394488003854335,0.83223,0
607394488138072063,0.843557,0
607394488272289791,0.837113,0
607394488406507519,0.796292,0
607394488540725247,0.867212,0
607394489882902527,0.701032,0
607394490017120255,0.683757,0
607394490151337983,0.727134,0
607394490285555711,0.715658,0
607394490419773439,0.705107,0
607394490553991167,0.684058,0
607394490688208895,0.734707,0
607394490956644351,0.641097,0
607394491090862079,0.645212,0
607394491225079807,0.683641,0
607394491359297535,0.661145,0
607394491493515263,0.643766,0
607394491627732991,0.653929,0
607394491761950719,0.670867,0
607394492030386175,0.735738,0
607394492164603903,0.721778,0
607394492298821631,0.746117,0
607394492433039359,0.742463,0
607394492567257087,0.75711,0
607394492701474815,0.748123,0
607394492835692543,0.758596,0
607394493104127999,0.710608,0
607394493238345727,0.705459,0
607394493372563455,0.708308,0
607394493506781183,0.695836,0
607394493640998911,0.697924,0
607394493775216639,0.691409,0
607394493909434367,0.747711,0
607394494177869823,0.686171,0
607394494312087551,0.672834,0
607394494446305279,0.706647,0
607394494580523007,0.7312,0
607394494714740735,0.671342,0
607394494848958463,0.675077,0
607394494983176191,0.707753,0
607394495251611647,0.650314,0
607394495385829375,0.63686,0
607394495520047103,0.64373,0
607394495654264831,0.6531,0
607394495788482559,0.654177,0
607394495922700287,0.655295,0
607394496056918015,0.67153,0
607394496325353471,0.74147,0
607394496459571199,0.745171,0
607394496593788927,0.774665,0
607394496728006655,0.777979,0
607394496862224383,0.727817,0
607394496996442111,0.731811,0
607394497130659839,0.767345,0
607394498472837119,0.790785,0
607394498607054847,0.758343,0
607394498741272575,0.836193,0
607394498875490303,0.809989,0
607394499009708031,0.814494,0
607394499143925759,0.798098,0
607394499278143487,0.799688,0
607394499546578943,0.787186,0
607394499680796671,0.785027,0
607394499815014399,0.757692,0
607394499949232127,0.763947,0
607394500083449855,0.77903,0
607394500217667583,0.786492,0
607394500351885311,0.789624,0
607394500620320767,0.840536,0
607394500754538495,0.842729,0
607394500888756223,0.869543,0
607394501022973951,0.859854,0
607394501157191679,0.838973,0
607394501291409407,0.851285,0
607394501425627135,0.846871,0
607394501694062591,0.777738,0
607394501828280319,0.788831,0
607394501962498047,0.824367,0
607394502096715775,0.782501,0
607394502230933503,0.774346,0
607394502365151231,0.774492,0
607394502499368959,0.824191,0
607394502767804415,0.836171,0
607394502902022143,0.830035,0
607394503036239871,0.8285,0
607394503170457599,0.821071,0
607394503304675327,0.846457,0
607394503438893055,0.842204,0
607394503573110783,0.830048,0
607394503841546239,0.81376,0
607394503975763967,0.79204,0
607394504109981695,0.809205,0
607394504244199423,0.778047,0
607394504378417151,0.820403,0
607394504512634879,0.821964,0
607394504646852607,0.807193,0
607394504915288063,0.826643,0
607394505049505791,0.831711,0
607394505183723519,0.827903,0
607394505317941247,0.842917,0
607394505452158975,0.830449,0
607394505586376703,0.814948,0
607394505720594431,0.837391,0
607394507062771711,0.748751,0
607394507196989439,0.732364,0
607394507331207167,0.736306,0
607394507465424895,0.723786,0
607394507599642623,0.768461,0
607394507733860351,0.747294,0
607394507868078079,0.740685,0
607394508136513535,0.738156,0
607394508270731263,0.73445,0
607394508404948991,0.700107,0
607394508539166719,0.706254,0
607394508673384447,0.772115,0
607394508807602175,0.749488,0
607394508941819903,0.766677,0
607394509210255359,0.763386,0
607394509344473087,0.782728,0
607394509478690815,0.793165,0
607394509612908543,0.793257,0
607394509747126271,0.758607,0
607394509881343999,0.77501,0
607394510015561727,0.744395,0
607394510283997183,0.710392,0
607394510418214911,0.712508,0
607394510552432639,0.743093,0
607394510686650367,0.733007,0
607394510820868095,0.72154,0
607394510955085823,0.707981,0
607394511089303551,0.767488,0
607394511357739007,0.761415,0
607394511491956735,0.765706,0
607394511626174463,0.765423,0
607394511760392191,0.753762,0
607394511894609919,0.747865,0
607394512028827647,0.750302,0
607394512163045375,0.771553,0
607394512431480831,0.76291,0
607394512565698559,0.75112,0
607394512699916287,0.755009,0
607394512834134015,0.744071,0
607394512968351743,0.768181,0
607394513102569471,0.755778,0
607394513236787199,0.774219,0
607394513505222655,0.77838,0
607394513639440383,0.744459,0
607394513773658111,0.783042,0
607394513907875839,0.777857,0
607394514042093567,0.743746,0
607394514176311295,0.7237,0
607394514310529023,0.757774,0
607394515652706303,0.730042,0
607394515786924031,0.71052,0
607394515921141759,0.732041,0
607394516055359487,0.731766,0
607394516189577215,0.707705,0
607394516323794943,0.728125,0
607394516458012671,0.752192,0
607394516726448127,0.75734,0
607394516860665855,0.719504,0
607394516994883583,0.769936,0
607394517129101311,0.770593,0
607394517263319039,0.729273,0
607394517397536767,0.708073,0
607394517531754495,0.788533,0
607394517800189951,0.77047,0
607394517934407679,0.76325,0
607394518068625407,0.784106,0
607394518202843135,0.770577,0
607394518337060863,0.759653,0
607394518471278591,0.758693,0
607394518605496319,0.782779,0
607394518873931775,0.742069,0
607394519008149503,0.71348,0
607394519142367231,0.753918,0
607394519276584959,0.745216,0
607394519410802687,0.698007,0
607394519545020415,0.730074,0
607394519679238143,0.743721,0
607394519947673599,0.7564,0
607394520081891327,0.719767,0
607394520216109055,0.749736,0
607394520350326783,0.752773,0
607394520484544511,0.746045,0
607394520618762239,0.748936,0
607394520752979967,0.75786,0
607394521021415423,0.74749,0
607394521155633151,0.745777,0
607394521289850879,0.755479,0
607394521424068607,0.747342,0
607394521558286335,0.722757,0
607394521692504063,0.706067,0
607394521826721791,0.751057,0
607394522095157247,0.753204,0
607394522229374975,0.747852,0
607394522363592703,0.777161,0
607394522497810431,0.774127,0
607394522632028159,0.759802,0
607394522766245887,0.760164,0
607394522900463615,0.739822,0
607394524242640895,0.681761,0
607394524376858623,0.684028,0
607394524511076351,0.67007,0
607394524645294079,0.665917,0
607394524779511807,0.635615,0
607394524913729535,0.660268,0
607394525047947263,0.666155,0
607394525316382719,0.664118,0
607394525450600447,0.640995,0
607394525584818175,0.662511,0
607394525719035903,0.651294,0
607394525853253631,0.667061,0
607394525987471359,0.648317,0
607394526121689087,0.64029,0
607394526390124543,0.696977,0
607394526524342271,0.666541,0
607394526658559999,0.711846,0
607394526792777727,0.722248,0
607394526926995455,0.707499,0
607394527061213183,0.677834,0
607394527195430911,0.692239,0
607394527463866367,0.670532,0
607394527598084095,0.647251,0
607394527732301823,0.66179,0
607394527866519551,0.664346,0
607394528000737279,0.667534,0
607394528134955007,0.662644,0
607394528269172735,0.669428,0
607394528537608191,0.66068,0
607394528671825919,0.652132,0
607394528806043647,0.68518,0
607394528940261375,0.648937,0
607394529074479103,0.657957,0
607394529208696831,0.642343,0
607394529342914559,0.664011,0
607394529611350015,0.628833,0
607394529745567743,0.64783,0
607394529879785471,0.639505,0
607394530014003199,0.645883,0
607394530148220927,0.634708,0
607394530282438655,0.633076,0
607394530416656383,0.675959,0
607394530685091839,0.703118,0
607394530819309567,0.698575,0
607394530953527295,0.716134,0
607394531087745023,0.707132,0
607394531221962751,0.707384,0
607394531356180479,0.687378,0
607394531490398207,0.726242,0
607394532832575487,0.872157,0
607394532966793215,0.853905,0
607394533101010943,0.891893,0
607394533235228671,0.880509,0
607394533369446399,0.809564,0
607394533503664127,0.841793,0
607394533637881855,0.833439,0
607394533906317311,0.806064,0
607394534040535039,0.784882,0
607394534174752767,0.853464,0
607394534308970495,0.851524,0
607394534443188223,0.81465,0
607394534577405951,0.786502,0
607394534711623679,0.833225,0
607394534980059135,0.8746,0
607394535114276863,0.860592,0
607394535248494591,0.836498,0
607394535382712319,0.870096,0
607394535516930047,0.853917,0
607394535651147775,0.88122,0
607394535785365503,0.848935,0
607394536053800959,0.850525,0
607394536188018687,0.839637,0
607394536322236415,0.84554,0
607394536456454143,0.844484,0
607394536590671871,0.876268,0
607394536724889599,0.875799,0
607394536859107327,0.822151,0
607394537127542783,0.808012,0
607394537261760511,0.815072,0
607394537395978239,0.84149,0
607394537530195967,0.833766,0
607394537664413695,0.785516,0
607394537798631423,0.798141,0
607394537932849151,0.822584,0
607394538201284607,0.827099,0
607394538335502335,0.794257,0
607394538469720063,0.842836,0
607394538603937791,0.839843,0
607394538738155519,0.798184,0
607394538872373247,0.789689,0
607394539006590975,0.830531,0
607394539275026431,0.899662,0
607394539409244159,0.868723,0
607394539543461887,0.867872,0
607394539677679615,0.833978,0
607394539811897343,0.863214,0
607394539946115071,0.831254,0
607394540080332799,0.895173,0
607394550012444671,1.14814,0
607394550146662399,1.07775,0
607394550280880127,1.15093,0
607394550415097855,1.09998,0
607394550549315583,1.06141,0
607394550683533311,1.09181,0
607394550817751039,1.11781,0
607394551086186495,1.02247,0
607394551220404223,0.987666,0
607394551354621951,0.972997,0
607394551488839679,0.973971,0
607394551623057407,1.02705,0
607394551757275135,1.04461,0
607394551891492863,1.0644,0
607394552159928319,1.08617,0
607394552294146047,1.00526,0
607394552428363775,1.09351,0
607394552562581503,1.05339,0
607394552696799231,1.1589,0
607394552831016959,1.10922,0
607394552965234687,1.1688,0
607394553233670143,0.96468,0
607394553367887871,0.946647,0
607394553502105599,0.996564,0
607394553636323327,0.988825,0
607394553770541055,0.981669,0
607394553904758783,0.951947,0
607394554038976511,1.02152,0
607394554307411967,1.22973,0
607394554441629695,1.12826,0
607394554575847423,1.24957,0
607394554710065151,1.12496,0
607394554844282879,3.06042,0
607394554978500607,1.36386,0
607394555112718335,1.80727,0
607394555381153791,1.1224,0
607394555515371519,1.05342,0
607394555649589247,1.10034,0
607394555783806975,1.07699,0
607394555918024703,1.23297,0
607394556052242431,1.09894,0
607394556186460159,1.15944,0
607394556454895615,1.1725,0
607394556589113343,1.1488,0
607394556723331071,1.24416,0
607394556857548799,1.17365,0
607394556991766527,1.26512,0
607394557125984255,1.16396,0
607394557260201983,1.30558,0
607394558602379263,0.962965,0
607394558736596991,0.924832,0
607394558870814719,0.921875,0
607394559005032447,0.969489,0
607394559139250175,0.914908,0
607394559273467903,0.919831,0
607394559407685631,0.935895,0
607394559676121087,0.955108,0
607394559810338815,0.953121,0
607394559944556543,0.924306,0
607394560078774271,0.927148,0
607394560212991999,0.91832,0
607394560347209727,0.912944,0
607394560481427455,0.937471,0
607394560749862911,0.95266,0
607394560884080639,0.939386,0
607394561018298367,0.947351,0
607394561152516095,0.994657,0
607394561286733823,0.913522,0
607394561420951551,0.951814,0
607394561555169279,0.961315,0
607394561823604735,0.94741,0
607394561957822463,0.955599,0
607394562092040191,0.92539,0
607394562226257919,0.897871,0
607394562360475647,0.925429,0
607394562494693375,0.93679,0
607394562628911103,0.919983,0
607394562897346559,1.02045,0
607394563031564287,0.948496,0
607394563165782015,0.979154,0
607394563299999743,0.970238,0
607394563434217471,1.00894,0
607394563568435199,0.971843,0
607394563702652927,1.01268,0
607394563971088383,0.937507,0
607394564105306111,0.904838,0
607394564239523839,0.939057,0
607394564373741567,0.926546,0
607394564507959295,0.950663,0
607394564642177023,0.944534,0
607394564776394751,0.924027,0
607394565044830207,0.914875,0
607394565179047935,0.944806,0
607394565313265663,0.941035,0
607394565447483391,0.958047,0
607394565581701119,0.928128,0
607394565715918847,0.938086,0
607394565850136575,0.942743,0
607394567192313855,1.1656,0
607394567326531583,1.13818,0
607394567460749311,1.15344,0
607394567594967039,1.10821,0
607394567729184767,1.21166,0
607394567863402495,1.19741,0
607394567997620223,1.20705,0
607394568266055679,1.08014,0
607394568400273407,1.02643,0
607394568534491135,1.06772,0
607394568668708863,1.04271,0
607394568802926591,1.141,0
607394568937144319,1.05695,0
607394569071362047,1.16852,0
607394569339797503,1.13851,0
607394569474015231,1.11754,0
607394569608232959,1.19059,0
607394569742450687,1.16163,0
607394569876668415,1.14607,0
607394570010886143,1.13663,0
607394570145103871,1.1833,0
607394570413539327,1.07666,0
607394570547757055,1.02075,0
607394570681974783,1.08058,0
607394570816192511,1.02764,0
607394570950410239,1.1018,0
607394571084627967,1.07207,0
607394571218845695,1.14519,0
607394571487281151,1.45792,0
607394571621498879,1.39028,0
607394571755716607,1.34172,0
607394571889934335,1.22864,0
607394572024152063,1.51802,0
607394572158369791,1.45684,0
607394572292587519,1.55301,0
607394572561022975,1.23294,0
607394572695240703,1.1761,0
607394572829458431,1.19285,0
607394572963676159,1.17366,0
607394573097893887,1.30777,0
607394573232111615,1.20239,0
607394573366329343,1.26701,0
607394573634764799,1.56992,0
607394573768982527,1.19293,0
607394573903200255,1.859,0
607394574037417983,1.20228,0
607394574171635711,1.4645,0
607394574305853439,1.19103,0
607394574440071167,1.58243,0
607394575782248447,1.02552,0
607394575916466175,1.03794,0
607394576050683903,1.02414,0
607394576184901631,0.990024,0
607394576319119359,1.0362,0
607394576453337087,0.991993,0
607394576587554815,1.02023,0
607394576855990271,1.01956,0
607394576990207999,0.975928,0
607394577124425727,0.993367,0
607394577258643455,0.964665,0
607394577392861183,0.962316,0
607394577527078911,1.0239,0
607394577661296639,1.00309,0
607394577929732095,0.984284,0
607394578063949823,0.985604,0
607394578198167551,0.998742,0
607394578332385279,0.970928,0
607394578466603007,1.00482,0
607394578600820735,0.994289,0
607394578735038463,0.998251,0
607394579003473919,0.973125,0
607394579137691647,0.972476,0
607394579271909375,0.969641,0
607394579406127103,0.97534,0
607394579540344831,0.9511,0
607394579674562559,0.990537,0
607394579808780287,0.989342,0
607394580077215743,0.994286,0
607394580211433471,1.01637,0
607394580345651199,0.983231,0
607394580479868927,1.02902,0
607394580614086655,0.983663,0
607394580748304383,0.99209,0
607394580882522111,1.00491,0
607394581150957567,1.00693,0
607394581285175295,0.982102,0
607394581419393023,1.025,0
607394581553610751,1.02414,0
607394581687828479,0.982882,0
607394581822046207,0.986184,0
607394581956263935,1.00277,0
607394582224699391,0.990702,0
607394582358917119,1.00491,0
607394582493134847,0.94948,0
607394582627352575,0.98441,0
607394582761570303,0.956347,0
607394582895788031,1.02346,0
607394583030005759,0.980323,0
607394584372183039,1.29107,0
607394584506400767,1.41136,0
607394584640618495,1.36578,0
607394584774836223,1.54495,0
607394584909053951,1.1485,0
607394585043271679,1.36672,0
607394585177489407,1.13093,0
607394585445924863,2.15195,0
607394585580142591,1.80461,0
607394585714360319,2.15508,0
607394585848578047,1.80836,0
607394585982795775,1.20118,0
607394586117013503,1.57761,0
607394586251231231,1.3017,0
607394586519666687,1.65965,0
607394586653884415,2.45348,0
607394586788102143,2.56995,0
607394586922319871,2.09227,0
607394587056537599,1.28068,0
607394587190755327,1.45964,0
607394587324973055,2.09261,0
607394587593408511,1.92263,0
607394587727626239,1.35526,0
607394587861843967,2.33924,0
607394587996061695,1.3839,0
607394588130279423,6.84117,0
607394588264497151,2.36013,0
607394588398714879,2.52725,0
607394588667150335,1.03583,0
607394588801368063,1.07146,0
607394588935585791,1.13404,0
607394589069803519,1.09556,0
607394589204021247,1.01241,0
607394589338238975,1.03098,0
607394589472456703,1.04671,0
607394589740892159,1.11938,0
607394589875109887,1.13865,0
607394590009327615,1.16764,0
607394590143545343,1.227,0
607394590277763071,1.12856,0
607394590411980799,1.12812,0
607394590546198527,1.0823,0
607394590814633983,1.07221,0
607394590948851711,1.13234,0
607394591083069439,1.1142,0
607394591217287167,1.12639,0
607394591351504895,1.12289,0
607394591485722623,1.11158,0
607394591619940351,1.09573,0
607394592962117631,1.06228,0
607394593096335359,1.01363,0
607394593230553087,1.04672,0
607394593364770815,0.991878,0
607394593498988543,1.03438,0
607394593633206271,1.01676,0
607394593767423999,1.09444,0
607394594035859455,0.960009,0
607394594170077183,0.922905,0
607394594304294911,1.01978,0
607394594438512639,0.932881,0
607394594572730367,0.998637,0
607394594706948095,0.969716,0
607394594841165823,0.98868,0
607394595109601279,1.04941,0
607394595243819007,1.03491,0
607394595378036735,1.04731,0
607394595512254463,1.04007,0
607394595646472191,0.998932,0
607394595780689919,0.99174,0
607394595914907647,1.02575,0
607394596183343103,0.977128,0
607394596317560831,0.919007,0
607394596451778559,0.993473,0
607394596585996287,0.964212,0
607394596720214015,0.98113,0
607394596854431743,0.946154,0
607394596988649471,0.998288,0
607394597257084927,1.05514,0
607394597391302655,1.04208,0
607394597525520383,1.05472,0
607394597659738111,1.04445,0
607394597793955839,1.14439,0
607394597928173567,1.03144,0
607394598062391295,1.14108,0
607394598330826751,1.01376,0
607394598465044479,1.01566,0
607394598599262207,1.06347,0
607394598733479935,1.01971,0
607394598867697663,1.00515,0
607394599001915391,0.989937,0
607394599136133119,1.01989,0
607394599404568575,1.20332,0
607394599538786303,1.04385,0
607394599673004031,1.21196,0
607394599807221759,1.03246,0
607394599941439487,1.21471,0
607394600075657215,1.05999,0
607394600209874943,1.27694,0
607394601552052223,1.93864,0
607394601686269951,1.93717,0
607394601820487679,1.70537,0
607394601954705407,2.51581,0
607394602088923135,1.88032,0
607394602223140863,1.53789,0
607394602357358591,1.73643,0
607394602625794047,1.49328,0
607394602760011775,1.59887,0
607394602894229503,1.83683,0
607394603028447231,1.38321,0
607394603162664959,1.6603,0
607394603296882687,1.47514,0
607394603431100415,1.62133,0
607394603699535871,1.70856,0
607394603833753599,1.77299,0
607394603967971327,2.2782,0
607394604102189055,4.5755,0
607394604236406783,1.6348,0
607394604370624511,1.51118,0
607394604504842239,1.6348,0
607394604773277695,1.64882,0
607394604907495423,1.41403,0
607394605041713151,1.77834,0
607394605175930879,1.78562,0
607394605310148607,1.73346,0
607394605444366335,1.57992,0
607394605578584063,1.5321,0
607394605847019519,1.37578,0
607394605981237247,2.1073,0
607394606115454975,1.75071,0
607394606249672703,4.09015,0
607394606383890431,1.16107,0
607394606518108159,1.17973,0
607394606652325887,1.94017,0
607394606920761343,1.32405,0
607394607054979071,1.64872,0
607394607189196799,1.82525,0
607394607323414527,1.57642,0
607394607457632255,1.11273,0
607394607591849983,1.21896,0
607394607726067711,1.21942,0
607394608128720895,1.80743,0
607394608262938623,4.00259,0
607394608397156351,1.69113,0
607394608531374079,4.03552,0
607394608665591807,4.12628,0
607394608799809535,1.84582,0
607394618731921407,0.845959,0
607394618866139135,0.881505,0
607394619000356863,0.848672,0
607394619134574591,0.862056,0
607394619268792319,0.83959,0
607394619403010047,0.829032,0
607394619537227775,0.846054,0
607394619805663231,0.791398,0
607394619939880959,0.845902,0
607394620074098687,0.882487,0
607394620208316415,0.791286,0
607394620342534143,0.849202,0
607394620476751871,0.82372,0
607394620610969599,0.814866,0
607394620879405055,0.87314,0
607394621013622783,0.846419,0
607394621147840511,0.892974,0
607394621282058239,0.85417,0
607394621416275967,0.881639,0
607394621550493695,0.871606,0
607394621684711423,0.927637,0
607394621953146879,0.855854,0
607394622087364607,0.817194,0
607394622221582335,0.853928,0
607394622355800063,0.797071,0
607394622490017791,0.890803,0
607394622624235519,0.825182,0
607394622758453247,0.854038,0
607394623026888703,0.866133,0
607394623161106431,0.833551,0
607394623295324159,0.863233,0
607394623429541887,0.86922,0
607394623563759615,0.902389,0
607394623697977343,0.870926,0
607394623832195071,0.905395,0
607394624100630527,0.809666,0
607394624234848255,0.819148,0
607394624369065983,0.83376,0
607394624503283711,0.811373,0
607394624637501439,0.840421,0
607394624771719167,0.832585,0
607394624905936895,0.820056,0
607394625174372351,0.884327,0
607394625308590079,0.891373,0
607394625442807807,0.913965,0
607394625577025535,0.854555,0
607394625711243263,0.90502,0
607394625845460991,0.866483,0
607394625979678719,0.923704,0
607394627321855999,0.735469,0
607394627456073727,0.715271,0
607394627590291455,0.768974,0
607394627724509183,0.738038,0
607394627858726911,0.758096,0
607394627992944639,0.736603,0
607394628127162367,0.76428,0
607394628395597823,0.723839,0
607394628529815551,0.691895,0
607394628664033279,0.71823,0
607394628798251007,0.707371,0
607394628932468735,0.745448,0
607394629066686463,0.717829,0
607394629200904191,0.737257,0
607394629469339647,0.728231,0
607394629603557375,0.703908,0
607394629737775103,0.733533,0
607394629871992831,0.728025,0
607394630006210559,0.735677,0
607394630140428287,0.739201,0
607394630274646015,0.72674,0
607394630543081471,0.733458,0
607394630677299199,0.71834,0
607394630811516927,0.701547,0
607394630945734655,0.690877,0
607394631079952383,0.710098,0
607394631214170111,0.719261,0
607394631348387839,0.725613,0
607394631616823295,0.745189,0
607394631751041023,0.739456,0
607394631885258751,0.768002,0
607394632019476479,0.714389,0
607394632153694207,0.777546,0
607394632287911935,0.760895,0
607394632422129663,0.771769,0
607394632690565119,0.728356,0
607394632824782847,0.713611,0
607394632959000575,0.773617,0
607394633093218303,0.721918,0
607394633227436031,0.733183,0
607394633361653759,0.718465,0
607394633495871487,0.750805,0
607394633764306943,0.763931,0
607394633898524671,0.740245,0
607394634032742399,0.799278,0
607394634166960127,0.724931,0
607394634301177855,0.816027,0
607394634435395583,0.758847,0
607394634569613311,0.830297,0
607394635911790591,0.919888,0
607394636046008319,0.884366,0
607394636180226047,0.907572,0
607394636314443775,0.873469,0
607394636448661503,0.915575,0
607394636582879231,0.89744,0
607394636717096959,0.935778,0
607394636985532415,0.861154,0
607394637119750143,0.835286,0
607394637253967871,0.859916,0
607394637388185599,0.849798,0
607394637522403327,0.874318,0
607394637656621055,0.840347,0
607394637790838783,0.891543,0
607394638059274239,0.937081,0
607394638193491967,0.898018,0
607394638327709695,0.93554,0
607394638461927423,0.92193,0
607394638596145151,0.907357,0
607394638730362879,0.90496,0
607394638864580607,0.925592,0
607394639133016063,0.837268,0
607394639267233791,0.814774,0
607394639401451519,0.893195,0
607394639535669247,0.828102,0
607394639669886975,0.846776,0
607394639804104703,0.843427,0
607394639938322431,0.899813,0
607394640206757887,0.960497,0
607394640340975615,0.918669,0
607394640475193343,0.948581,0
607394640609411071,0.929326,0
607394640743628799,0.928679,0
607394640877846527,0.897284,0
607394641012064255,0.940484,0
607394641280499711,0.914834,0
607394641414717439,0.892471,0
607394641548935167,0.892646,0
607394641683152895,0.866285,0
607394641817370623,0.918514,0
607394641951588351,0.887156,0
607394642085806079,0.911746,0
607394642354241535,0.945571,0
607394642488459263,0.933028,0
607394642622676991,0.938498,0
607394642756894719,0.891605,0
607394642891112447,0.94107,0
607394643025330175,0.925491,0
607394643159547903,0.922167,0
607394644501725183,0.804905,0
607394644635942911,0.774369,0
607394644770160639,0.781353,0
607394644904378367,0.75874,0
607394645038596095,0.828239,0
607394645172813823,0.786836,0
607394645307031551,0.840039,0
607394645575467007,0.764336,0
607394645709684735,0.760179,0
607394645843902463,0.80371,0
607394645978120191,0.744096,0
607394646112337919,0.749021,0
607394646246555647,0.742286,0
607394646380773375,0.761328,0
607394646649208831,0.734679,0
607394646783426559,0.725875,0
607394646917644287,0.778399,0
607394647051862015,0.759109,0
607394647186079743,0.731755,0
607394647320297471,0.712988,0
607394647454515199,0.765865,0
607394647722950655,0.70937,0
607394647857168383,0.691726,0
607394647991386111,0.726235,0
607394648125603839,0.701824,0
607394648259821567,0.754765,0
607394648394039295,0.751041,0
607394648528257023,0.734246,0
607394648796692479,0.860683,0
607394648930910207,0.80496,0
607394649065127935,0.827843,0
607394649199345663,0.811296,0
607394649333563391,0.8432,0
607394649467781119,0.835669,0
607394649601998847,0.831457,0
607394649870434303,0.800145,0
607394650004652031,0.739247,0
607394650138869759,0.843486,0
607394650273087487,0.789684,0
607394650407305215,0.828339,0
607394650541522943,0.770124,0
607394650675740671,0.8419,0
607394650944176127,0.839685,0
607394651078393855,0.792085,0
607394651212611583,0.813521,0
607394651346829311,0.786731,0
607394651481047039,0.826459,0
607394651615264767,0.843339,0
607394651749482495,0.818112,0
607394653091659775,0.909579,0
607394653225877503,0.893521,0
607394653360095231,0.909814,0
607394653494312959,0.909795,0
607394653628530687,0.87986,0
607394653762748415,0.889537,0
607394653896966143,0.900762,0
607394654165401599,0.877664,0
607394654299619327,0.891734,0
607394654433837055,0.862458,0
607394654568054783,0.845147,0
607394654702272511,0.899935,0
607394654836490239,0.90308,0
607394654970707967,0.899798,0
607394655239143423,0.88259,0
607394655373361151,0.923917,0
607394655507578879,0.903166,0
607394655641796607,0.922069,0
607394655776014335,0.928984,0
607394655910232063,0.912219,0
607394656044449791,0.938713,0
607394656312885247,0.86966,0
607394656447102975,0.860381,0
607394656581320703,0.838264,0
607394656715538431,0.855366,0
607394656849756159,0.856021,0
607394656983973887,0.879116,0
607394657118191615,0.890315,0
607394657386627071,0.921905,0
607394657520844799,0.903626,0
607394657655062527,0.89545,0
607394657789280255,0.890626,0
607394657923497983,0.909316,0
607394658057715711,0.903017,0
607394658191933439,0.89252,0
607394658460368895,0.886648,0
607394658594586623,0.871122,0
607394658728804351,0.902126,0
607394658863022079,0.92733,0
607394658997239807,0.855758,0
607394659131457535,0.833824,0
607394659265675263,0.900554,0
607394659534110719,0.932923,0
607394659668328447,0.935528,0
607394659802546175,0.909517,0
607394659936763903,0.931174,0
607394660070981631,0.91351,0
607394660205199359,0.907421,0
607394660339417087,0.922157,0
607394661681594367,0.788621,0
607394661815812095,0.787387,0
607394661950029823,0.807473,0
607394662084247551,0.782408,0
607394662218465279,0.796839,0
607394662352683007,0.810889,0
607394662486900735,0.815361,0
607394662755336191,0.780125,0
607394662889553919,0.790411,0
607394663023771647,0.789122,0
607394663157989375,0.757399,0
607394663292207103,0.78127,0
607394663426424831,0.80688,0
607394663560642559,0.781982,0
607394663829078015,0.792928,0
607394663963295743,0.774241,0
607394664097513471,0.806529,0
607394664231731199,0.809295,0
607394664365948927,0.821927,0
607394664500166655,0.787668,0
607394664634384383,0.806744,0
607394664902819839,0.749822,0
607394665037037567,0.767113,0
607394665171255295,0.759205,0
607394665305473023,0.734592,0
607394665439690751,0.749674,0
607394665573908479,0.731698,0
607394665708126207,0.765341,0
607394665976561663,0.830082,0
607394666110779391,0.823578,0
607394666244997119,0.819345,0
607394666379214847,0.829533,0
607394666513432575,0.860467,0
607394666647650303,0.830966,0
607394666781868031,0.876354,0
607394667050303487,0.776177,0
607394667184521215,0.75672,0
607394667318738943,0.814177,0
607394667452956671,0.78239,0
607394667587174399,0.787782,0
607394667721392127,0.799431,0
607394667855609855,0.799097,0
607394668124045311,0.819249,0
607394668258263039,0.807409,0
607394668392480767,0.817349,0
607394668526698495,0.833246,0
607394668660916223,0.847106,0
607394668795133951,0.81437,0
607394668929351679,0.850138,0
607394670271528959,0.901584,0
607394670405746687,0.935743,0
607394670539964415,0.933037,0
607394670674182143,0.961533,0
607394670808399871,0.907986,0
607394670942617599,0.898851,0
607394671076835327,0.902141,0
607394671345270783,0.914082,0
607394671479488511,0.888966,0
607394671613706239,0.970486,0
607394671747923967,0.917084,0
607394671882141695,0.942692,0
607394672016359423,0.920028,0
607394672150577151,0.931443,0
607394672419012607,0.938155,0
607394672553230335,0.922208,0
607394672687448063,0.906351,0
607394672821665791,0.958644,0
607394672955883519,0.893624,0
607394673090101247,0.932533,0
607394673224318975,0.897673,0
607394673492754431,0.921414,0
607394673626972159,0.914672,0
607394673761189887,0.93254,0
607394673895407615,0.908364,0
607394674029625343,0.95508,0
607394674163843071,0.928674,0
607394674298060799,0.952798,0
607394674566496255,0.890397,0
607394674700713983,0.914283,0
607394674834931711,0.916565,0
607394674969149439,0.897337,0
607394675103367167,0.896142,0
607394675237584895,0.908974,0
607394675371802623,0.923709,0
607394675640238079,0.900289,0
607394675774455807,0.935566,0
607394675908673535,0.889976,0
607394676042891263,0.938113,0
607394676177108991,0.949719,0
607394676311326719,0.938568,0
607394676445544447,0.918009,0
607394676713979903,0.920753,0
607394676848197631,0.894708,0
607394676982415359,0.967093,0
607394677116633087,0.908042,0
607394677250850815,0.934898,0
607394677385068543,0.921722,0
607394677519286271,0.899932,0
607394687451398143,0.872173,0
607394687585615871,0.872417,0
607394687719833599,0.82124,0
607394687854051327,0.8512,0
607394687988269055,0.93857,0
607394688122486783,0.933726,0
607394688256704511,0.822521,0
607394688525139967,0.936244,0
607394688659357695,0.938588,0
607394688793575423,0.921406,0
607394688927793151,0.879525,0
607394689062010879,0.91453,0
607394689196228607,0.944965,0
607394689330446335,0.984815,0
607394689598881791,0.827522,0
607394689733099519,0.841319,0
607394689867317247,0.789608,0
607394690001534975,0.837797,0
607394690135752703,0.836532,0
607394690269970431,0.867193,0
607394690404188159,0.820309,0
607394690672623615,0.886415,0
607394690806841343,0.898586,0
607394690941059071,0.842055,0
607394691075276799,0.866485,0
607394691209494527,0.87754,0
607394691343712255,0.884257,0
607394691477929983,0.88244,0
607394691746365439,1.00811,0
607394691880583167,0.979063,0
607394692014800895,0.980609,0
607394692149018623,0.964528,0
607394692283236351,0.942852,0
607394692417454079,0.924804,0
607394692551671807,1.00492,0
607394692820107263,0.924935,0
607394692954324991,0.93984,0
607394693088542719,0.955972,0
607394693222760447,0.975479,0
607394693356978175,0.859112,0
607394693491195903,0.871484,0
607394693625413631,0.890732,0
607394693893849087,0.864296,0
607394694028066815,0.845992,0
607394694162284543,0.834326,0
607394694296502271,0.852693,0
607394694430719999,0.880527,0
607394694564937727,0.858183,0
607394694699155455,0.875957,0
607394696041332735,0.891672,0
607394696175550463,0.880543,0
607394696309768191,0.898624,0
607394696443985919,0.896058,0
607394696578203647,0.918553,0
607394696712421375,0.886155,0
607394696846639103,0.909523,0
607394697115074559,0.821817,0
607394697249292287,0.809052,0
607394697383510015,0.838598,0
607394697517727743,0.789892,0
607394697651945471,0.833285,0
607394697786163199,0.807512,0
607394697920380927,0.856711,0
607394698188816383,0.870178,0
607394698323034111,0.8752,0
607394698457251839,0.861102,0
607394698591469567,0.880562,0
607394698725687295,0.895195,0
607394698859905023,0.877096,0
607394698994122751,0.871331,0
607394699262558207,0.870287,0
607394699396775935,0.819085,0
607394699530993663,0.863837,0
607394699665211391,0.862578,0
607394699799429119,0.856159,0
607394699933646847,0.816472,0
607394700067864575,0.882343,0
607394700336300031,0.955778,0
607394700470517759,0.938647,0
607394700604735487,0.93491,0
607394700738953215,0.940515,0
607394700873170943,0.928621,0
607394701007388671,0.944815,0
607394701141606399,0.973633,0
607394701410041855,0.850606,0
607394701544259583,0.837612,0
607394701678477311,0.882993,0
607394701812695039,0.845936,0
607394701946912767,0.894149,0
607394702081130495,0.829027,0
607394702215348223,0.931288,0
607394702483783679,0.921145,0
607394702618001407,0.903747,0
607394702752219135,0.895515,0
607394702886436863,0.926431,0
607394703020654591,0.915229,0
607394703154872319,0.933288,0
607394703289090047,0.895891,0
607394704631267327,0.809082,0
607394704765485055,0.808118,0
607394704899702783,0.813274,0
607394705033920511,0.827836,0
607394705168138239,0.805841,0
607394705302355967,0.81813,0
607394705436573695,0.78844,0
607394705705009151,0.826622,0
607394705839226879,0.814669,0
607394705973444607,0.810926,0
607394706107662335,0.821904,0
607394706241880063,0.81961,0
607394706376097791,0.796864,0
607394706510315519,0.816874,0
607394706778750975,0.874559,0
607394706912968703,0.883596,0
607394707047186431,0.902905,0
607394707181404159,0.940873,0
607394707315621887,0.818164,0
607394707449839615,0.830806,0
607394707584057343,0.878531,0
607394707852492799,0.832513,0
607394707986710527,0.827674,0
607394708120928255,0.865998,0
607394708255145983,0.859796,0
607394708389363711,0.837931,0
607394708523581439,0.82986,0
607394708657799167,0.83597,0
607394708926234623,0.7767,0
607394709060452351,0.802146,0
607394709194670079,0.77896,0
607394709328887807,0.802109,0
607394709463105535,0.797698,0
607394709597323263,0.806356,0
607394709731540991,0.77964,0
607394709999976447,0.834137,0
607394710134194175,0.811583,0
607394710268411903,0.801535,0
607394710402629631,0.817658,0
607394710536847359,0.816911,0
607394710671065087,0.81349,0
607394710805282815,0.819177,0
607394711073718271,0.805235,0
607394711207935999,0.818442,0
607394711342153727,0.818165,0
607394711476371455,0.815105,0
607394711610589183,0.802267,0
607394711744806911,0.784486,0
607394711879024639,0.837018,0
607394713221201919,0.866566,0
607394713355419647,0.874814,0
607394713489637375,0.848797,0
607394713623855103,0.858008,0
607394713758072831,0.862397,0
607394713892290559,0.834477,0
607394714026508287,0.858792,0
607394714294943743,0.863784,0
607394714429161471,0.869318,0
607394714563379199,0.853131,0
607394714697596927,0.843832,0
607394714831814655,0.873753,0
607394714966032383,0.856457,0
607394715100250111,0.851457,0
607394715368685567,0.869964,0
607394715502903295,0.87945,0
607394715637121023,0.902899,0
607394715771338751,0.909931,0
607394715905556479,0.872134,0
607394716039774207,0.854549,0
607394716173991935,0.859864,0
607394716442427391,0.871692,0
607394716576645119,0.870208,0
607394716710862847,0.872703,0
607394716845080575,0.860118,0
607394716979298303,0.843639,0
607394717113516031,0.82109,0
607394717247733759,0.863081,0
607394717516169215,0.855227,0
607394717650386943,0.840785,0
607394717784604671,0.829187,0
607394717918822399,0.821361,0
607394718053040127,0.871861,0
607394718187257855,0.863734,0
607394718321475583,0.829667,0
607394718589911039,0.870625,0
607394718724128767,0.882511,0
607394718858346495,0.866339,0
607394718992564223,0.883212,0
607394719126781951,0.872944,0
607394719260999679,0.870496,0
607394719395217407,0.867212,0
607394719663652863,0.842965,0
607394719797870591,0.833214,0
607394719932088319,0.850888,0
607394720066306047,0.860095,0
607394720200523775,0.822063,0
607394720334741503,0.847571,0
607394720468959231,0.828736,0
607394721811136511,0.810563,0
607394721945354239,0.795669,0
607394722079571967,0.820228,0
607394722213789695,0.811178,0
607394722348007423,0.753398,0
607394722482225151,0.768974,0
607394722616442879,0.785819,0
607394722884878335,0.745184,0
607394723019096063,0.780916,0
607394723153313791,0.812567,0
607394723287531519,0.810131,0
607394723421749247,0.739659,0
607394723555966975,0.766046,0
607394723690184703,0.784286,0
607394723958620159,0.872446,0
607394724092837887,0.89259,0
607394724227055615,0.956096,0
607394724361273343,0.967934,0
607394724495491071,0.828559,0
607394724629708799,0.824784,0
607394724763926527,0.810557,0
607394725032361983,0.839967,0
607394725166579711,0.821693,0
607394725300797439,0.911714,0
607394725435015167,0.882978,0
607394725569232895,0.817413,0
607394725703450623,0.817718,0
607394725837668351,0.838068,0
607394726106103807,0.630531,0
607394726240321535,0.755803,0
607394726374539263,0.76738,0
607394726508756991,0.760652,0
607394726642974719,0.647409,0
607394726777192447,0.638858,0
607394726911410175,0.631782,0
607394727179845631,0.729573,0
607394727314063359,0.725956,0
607394727448281087,0.767116,0
607394727582498815,0.772767,0
607394727716716543,0.60855,0
607394727850934271,0.627308,0
607394727985151999,0.604359,0
607394728253587455,0.807867,0
607394728387805183,0.775617,0
607394728522022911,0.807136,0
607394728656240639,0.783305,0
607394728790458367,0.825151,0
607394728924676095,0.786698,0
607394729058893823,0.801168,0
607394730401071103,0.873966,0
607394730535288831,0.877224,0
607394730669506559,0.918009,0
607394730803724287,0.941727,0
607394730937942015,0.809475,0
607394731072159743,0.817412,0
607394731206377471,0.891703,0
607394731474812927,0.859083,0
607394731609030655,0.824103,0
607394731743248383,0.887569,0
607394731877466111,0.864965,0
607394732011683839,0.854025,0
607394732145901567,0.853882,0
607394732280119295,0.846549,0
607394732548554751,0.943544,0
607394732682772479,0.948189,0
607394732816990207,0.908598,0
607394732951207935,0.955667,0
607394733085425663,0.883429,0
607394733219643391,0.931548,0
607394733353861119,0.878795,0
607394733622296575,0.935341,0
607394733756514303,0.942462,0
607394733890732031,0.948045,0
607394734024949759,0.971809,0
607394734159167487,0.942133,0
607394734293385215,0.955473,0
607394734427602943,0.943828,0
607394734696038399,0.812452,0
607394734830256127,0.82602,0
607394734964473855,0.783009,0
607394735098691583,0.808102,0
607394735232909311,0.791273,0
607394735367127039,0.812456,0
607394735501344767,0.780408,0
607394735769780223,0.80372,0
607394735903997951,0.808372,0
607394736038215679,0.791523,0
607394736172433407,0.82321,0
607394736306651135,0.741619,0
607394736440868863,0.75311,0
607394736575086591,0.811457,0
607394736843522047,0.835049,0
607394736977739775,0.912153,0
607394737111957503,0.823812,0
607394737246175231,0.843955,0
607394737380392959,0.834713,0
607394737514610687,0.878334,0
607394737648828415,0.824494,0
607394738991005695,0.823314,0
607394739125223423,0.812765,0
607394739259441151,0.852307,0
607394739393658879,0.83484,0
607394739527876607,0.829023,0
607394739662094335,0.865162,0
607394739796312063,0.824531,0
607394740064747519,0.930972,0
607394740198965247,0.967542,0
607394740333182975,0.830704,0
607394740467400703,0.864278,0
607394740601618431,0.920805,0
607394740735836159,0.98138,0
607394740870053887,0.863281,0
607394741138489343,0.788153,0
607394741272707071,0.802166,0
607394741406924799,0.780439,0
607394741541142527,0.804456,0
607394741675360255,0.831453,0
607394741809577983,0.839182,0
607394741943795711,0.789164,0
607394742212231167,0.824792,0
607394742346448895,0.833923,0
607394742480666623,0.803056,0
607394742614884351,0.814396,0
607394742749102079,0.828679,0
607394742883319807,0.837935,0
607394743017537535,0.823076,0
607394743285972991,0.79975,0
607394743420190719,0.826046,0
607394743554408447,0.832683,0
607394743688626175,0.81668,0
607394743822843903,0.848405,0
607394743957061631,0.845288,0
607394744091279359,0.802996,0
607394744359714815,0.83412,0
607394744493932543,0.875429,0
607394744628150271,0.853581,0
607394744762367999,0.887041,0
607394744896585727,0.79051,0
607394745030803455,0.820955,0
607394745165021183,0.800851,0
607394745433456639,0.845436,0
607394745567674367,0.821393,0
607394745701892095,0.81471,0
607394745836109823,0.844891,0
607394745970327551,0.829474,0
607394746104545279,0.81737,0
607394746238763007,0.843827,0
607394756170874879,0.683749,0
607394756305092607,0.685306,0
607394756439310335,0.698242,0
607394756573528063,0.709673,0
607394756707745791,0.649731,0
607394756841963519,0.644117,0
607394756976181247,0.684457,0
607394757244616703,0.656585,0
607394757378834431,0.690311,0
607394757513052159,0.675611,0
607394757647269887,0.687246,0
607394757781487615,0.65511,0
607394757915705343,0.6462,0
607394758049923071,0.659801,0
607394758318358527,0.747492,0
607394758452576255,0.744096,0
607394758586793983,0.745263,0
607394758721011711,0.723961,0
607394758855229439,0.736689,0
607394758989447167,0.720384,0
607394759123664895,0.771182,0
607394759392100351,0.694978,0
607394759526318079,0.740781,0
607394759660535807,0.702148,0
607394759794753535,0.738519,0
607394759928971263,0.708658,0
607394760063188991,0.698169,0
607394760197406719,0.695939,0
607394760465842175,0.692963,0
607394760600059903,0.657964,0
607394760734277631,0.699225,0
607394760868495359,0.693832,0
607394761002713087,0.669861,0
607394761136930815,0.671969,0
607394761271148543,0.68138,0
607394761539583999,0.673605,0
607394761673801727,0.644898,0
607394761808019455,0.628981,0
607394761942237183,0.634884,0
607394762076454911,0.664261,0
607394762210672639,0.651658,0
607394762344890367,0.670482,0
607394762613325823,0.743451,0
607394762747543551,0.717735,0
607394762881761279,0.753427,0
607394763015979007,0.776009,0
607394763150196735,0.728853,0
607394763284414463,0.716852,0
607394763418632191,0.756649,0
607394764760809471,0.6908,0
607394764895027199,0.683757,0
607394765029244927,0.680502,0
607394765163462655,0.726045,0
607394765297680383,0.657642,0
607394765431898111,0.630075,0
607394765566115839,0.692568,0
607394765834551295,0.648796,0
607394765968769023,0.655903,0
607394766102986751,0.687957,0
607394766237204479,0.645153,0
607394766371422207,0.663701,0
607394766505639935,0.652212,0
607394766639857663,0.652211,0
607394766908293119,0.755784,0
607394767042510847,0.706751,0
607394767176728575,0.736899,0
607394767310946303,0.752852,0
607394767445164031,0.749624,0
607394767579381759,0.706787,0
607394767713599487,0.745612,0
607394767982034943,0.744875,0
607394768116252671,0.711563,0
607394768250470399,0.748282,0
607394768384688127,0.724625,0
607394768518905855,0.704699,0
607394768653123583,0.691549,0
607394768787341311,0.757064,0
607394769055776767,0.600876,0
607394769189994495,0.615954,0
607394769324212223,0.669525,0
607394769458429951,0.667197,0
607394769592647679,0.609133,0
607394769726865407,0.629607,0
607394769861083135,0.635136,0
607394770129518591,0.640172,0
607394770263736319,0.652804,0
607394770397954047,0.638343,0
607394770532171775,0.645905,0
607394770666389503,0.660265,0
607394770800607231,0.647372,0
607394770934824959,0.636046,0
607394771203260415,0.712247,0
607394771337478143,0.717757,0
607394771471695871,0.732918,0
607394771605913599,0.740737,0
607394771740131327,0.708656,0
607394771874349055,0.680758,0
607394772008566783,0.738644,0
607394773350744063,0.752092,0
607394773484961791,0.733912,0
607394773619179519,0.746438,0
607394773753397247,0.73853,0
607394773887614975,0.786851,0
607394774021832703,0.77708,0
607394774156050431,0.778616,0
607394774424485887,0.755959,0
607394774558703615,0.740648,0
607394774692921343,0.756244,0
607394774827139071,0.731795,0
607394774961356799,0.758102,0
607394775095574527,0.720422,0
607394775229792255,0.739245,0
607394775498227711,0.798436,0
607394775632445439,0.822882,0
607394775766663167,0.843146,0
607394775900880895,0.872412,0
607394776035098623,0.804193,0
607394776169316351,0.795218,0
607394776303534079,0.826153,0
607394776571969535,0.750831,0
607394776706187263,0.782262,0
607394776840404991,0.820723,0
607394776974622719,0.852624,0
607394777108840447,0.716725,0
607394777243058175,0.709052,0
607394777377275903,0.74635,0
607394777645711359,0.781199,0
607394777779929087,0.810035,0
607394777914146815,0.805699,0
607394778048364543,0.790644,0
607394778182582271,0.815908,0
607394778316799999,0.811158,0
607394778451017727,0.780258,0
607394778719453183,0.800417,0
607394778853670911,0.758654,0
607394778987888639,0.812757,0
607394779122106367,0.799014,0
607394779256324095,0.800193,0
607394779390541823,0.781021,0
607394779524759551,0.811381,0
607394779793195007,0.805406,0
607394779927412735,0.799197,0
607394780061630463,0.82046,0
607394780195848191,0.800449,0
607394780330065919,0.825722,0
607394780464283647,0.797752,0
607394780598501375,0.787486,0
607394781940678655,0.727689,0
607394782074896383,0.720268,0
607394782209114111,0.735002,0
607394782343331839,0.728467,0
607394782477549567,0.737604,0
607394782611767295,0.733239,0
607394782745985023,0.7398,0
607394783014420479,0.73135,0
607394783148638207,0.741394,0
607394783282855935,0.727378,0
607394783417073663,0.744157,0
607394783551291391,0.725931,0
607394783685509119,0.741636,0
607394783819726847,0.724528,0
607394784088162303,0.799373,0
607394784222380031,0.812218,0
607394784356597759,0.818578,0
607394784490815487,0.820385,0
607394784625033215,0.772471,0
607394784759250943,0.752726,0
607394784893468671,0.813641,0
607394785161904127,0.778686,0
607394785296121855,0.776628,0
607394785430339583,0.77788,0
607394785564557311,0.819361,0
607394785698775039,0.754427,0
607394785832992767,0.756489,0
607394785967210495,0.764683,0
607394786235645951,0.759281,0
607394786369863679,0.746955,0
607394786504081407,0.768425,0
607394786638299135,0.70105,0
607394786772516863,0.741735,0
607394786906734591,0.751078,0
607394787040952319,0.738273,0
607394787309387775,0.739241,0
607394787443605503,0.742546,0
607394787577823231,0.732842,0
607394787712040959,0.734876,0
607394787846258687,0.738904,0
607394787980476415,0.737491,0
607394788114694143,0.745251,0
607394788383129599,0.768928,0
607394788517347327,0.755195,0
607394788651565055,0.78323,0
607394788785782783,0.77255,0
607394788920000511,0.737888,0
607394789054218239,0.732529,0
607394789188435967,0.764188,0
607394790530613247,0.657386,0
607394790664830975,0.671,0
607394790799048703,0.729668,0
607394790933266431,0.733286,0
607394791067484159,0.673762,0
607394791201701887,0.66975,0
607394791335919615,0.713111,0
607394791604355071,0.6466,0
607394791738572799,0.657136,0
607394791872790527,0.679211,0
607394792007008255,0.642121,0
607394792141225983,0.695649,0
607394792275443711,0.681923,0
607394792409661439,0.669999,0
607394792678096895,0.699453,0
607394792812314623,0.696146,0
607394792946532351,0.68875,0
607394793080750079,0.681824,0
607394793214967807,0.72108,0
607394793349185535,0.72283,0
607394793483403263,0.685695,0
607394793751838719,0.702829,0
607394793886056447,0.617737,0
607394794020274175,0.685049,0
607394794154491903,0.678368,0
607394794288709631,0.664417,0
607394794422927359,0.64984,0
607394794557145087,0.715952,0
607394794825580543,0.660842,0
607394794959798271,0.676221,0
607394795094015999,0.6672,0
607394795228233727,0.661204,0
607394795630886911,0.654958,0
607394796167757823,0.673959,0
607394796301975551,0.68366,0
607394796973064191,0.72099,0
607394797107281919,0.707818,0
607394797241499647,0.707272,0
607394797375717375,0.702673,0
607394797509935103,0.729617,0
607394797644152831,0.717804,0
607394797778370559,0.726225,0
607394799120547839,0.664842,0
607394799254765567,0.685639,0
607394799388983295,0.64881,0
607394799523201023,0.657608,0
607394799657418751,0.665905,0
607394799791636479,0.67554,0
607394799925854207,0.678217,0
607394800194289663,0.690474,0
607394800328507391,0.690715,0
607394800462725119,0.690857,0
607394800596942847,0.677174,0
607394800731160575,0.717568,0
607394800865378303,0.69564,0
607394800999596031,0.725524,0
607394801268031487,0.612296,0
607394801402249215,0.639169,0
607394801536466943,0.639587,0
607394801670684671,0.620456,0
607394801804902399,0.647789,0
607394801939120127,0.657442,0
607394802073337855,0.614407,0
607394802341773311,0.646662,0
607394802475991039,0.657157,0
607394802610208767,0.639429,0
607394802744426495,0.655846,0
607394802878644223,0.652386,0
607394803012861951,0.661614,0
607394803147079679,0.650815,0
607394803415515135,0.682236,0
607394803549732863,0.679677,0
607394803683950591,0.659873,0
607394803818168319,0.683977,0
607394804220821503,0.688476,0
607394804757692415,0.68576,0
607394804891910143,0.705782,0
607394805562998783,0.641828,0
607394805697216511,0.640019,0
607394805831434239,0.611997,0
607394805965651967,0.622281,0
607394806099869695,0.655711,0
607394806234087423,0.662811,0
607394806368305151,0.622986,0
607394807710482431,0.77621,0
607394807844700159,0.795015,0
607394807978917887,0.805052,0
607394808113135615,0.792572,0
607394808247353343,0.767158,0
607394808381571071,0.763751,0
607394808515788799,0.809252,0
607394808784224255,0.726433,0
607394808918441983,0.725889,0
607394809052659711,0.777577,0
607394809186877439,0.737759,0
607394809321095167,0.731825,0
607394809455312895,0.707098,0
607394809589530623,0.759925,0
607394809857966079,0.785533,0
607394809992183807,0.848396,0
607394810126401535,0.804197,0
607394810260619263,0.778696,0
607394810394836991,0.819326,0
607394810529054719,0.825608,0
607394810663272447,0.797762,0
607394810931707903,0.798311,0
607394811065925631,0.79507,0
607394811200143359,0.811816,0
607394811334361087,0.79976,0
607394811468578815,0.797632,0
607394811602796543,0.792818,0
607394811737014271,0.808766,0
607394812005449727,0.785438,0
607394812139667455,0.750563,0
607394812273885183,0.802072,0
607394812408102911,0.790834,0
607394812542320639,0.742018,0
607394812676538367,0.765964,0
607394812810756095,0.796176,0
607394813079191551,0.680511,0
607394813213409279,0.674276,0
607394813347627007,0.741691,0
607394813481844735,0.7242,0
607394813616062463,0.693447,0
607394813750280191,0.681983,0
607394813884497919,0.727613,0
607394814152933375,0.845264,0
607394814287151103,0.805814,0
607394814421368831,0.842179,0
607394814555586559,0.843519,0
607394814689804287,0.814768,0
607394814824022015,0.800225,0
607394814958239743,0.863351,0
607394824890351615,0.989811,0
607394825024569343,1.0162,0
607394825158787071,0.997663,0
607394825293004799,0.989159,0
607394825427222527,1.01321,0
607394825561440255,0.977405,0
607394825695657983,1.00581,0
607394825964093439,0.998287,0
607394826098311167,1.00631,0
607394826232528895,0.987202,0
607394826366746623,1.01887,0
607394826500964351,0.975236,0
607394826635182079,0.984385,0
607394826769399807,0.971877,0
607394827037835263,1.09606,0
607394827172052991,1.09048,0
607394827306270719,1.37617,0
607394827440488447,1.51589,0
607394827574706175,1.05416,0
607394827708923903,1.02737,0
607394827843141631,1.07343,0
607394828111577087,1.01822,0
607394828245794815,1.03299,0
607394828380012543,1.06792,0
607394828514230271,1.08333,0
607394828648447999,0.983831,0
607394828782665727,1.02611,0
607394828916883455,1.0221,0
607394829185318911,0.952745,0
607394829319536639,0.966672,0
607394829453754367,0.979688,0
607394829587972095,0.980938,0
607394829722189823,0.916547,0
607394829856407551,0.929024,0
607394829990625279,0.939514,0
607394830259060735,0.964359,0
607394830393278463,0.98078,0
607394830527496191,0.961514,0
607394830661713919,0.984387,0
607394830795931647,0.947146,0
607394830930149375,0.908747,0
607394831064367103,0.948661,0
607394831332802559,0.999871,0
607394831467020287,1.00281,0
607394831601238015,1.02588,0
607394831735455743,1.06877,0
607394831869673471,0.981963,0
607394832003891199,1.00573,0
607394832138108927,1.0122,0
607394833480286207,1.00784,0
607394833614503935,1.04374,0
607394833748721663,1.01684,0
607394833882939391,0.994303,0
607394834017157119,1.0058,0
607394834151374847,1.0083,0
607394834285592575,1.02598,0
607394834554028031,0.9826,0
607394834688245759,1.00874,0
607394834822463487,1.0909,0
607394834956681215,1.05919,0
607394835090898943,0.985197,0
607394835225116671,1.00248,0
607394835359334399,0.985557,0
607394835627769855,1.03644,0
607394835761987583,1.02968,0
607394835896205311,1.02254,0
607394836030423039,1.00637,0
607394836164640767,1.03041,0
607394836298858495,1.00741,0
607394836433076223,1.02966,0
607394836701511679,1.04431,0
607394836835729407,1.07179,0
607394836969947135,1.04326,0
607394837104164863,1.05038,0
607394837238382591,1.02976,0
607394837372600319,1.10734,0
607394837506818047,1.03344,0
607394837775253503,1.01806,0
607394837909471231,0.992755,0
607394838043688959,1.00557,0
607394838177906687,1.03467,0
607394838312124415,0.945127,0
607394838446342143,0.984724,0
607394838580559871,1.0084,0
607394838848995327,0.981558,0
607394838983213055,0.978174,0
607394839117430783,0.999279,0
607394839251648511,0.985224,0
607394839385866239,0.965741,0
607394839520083967,0.984524,0
607394839654301695,0.966708,0
607394839922737151,1.04045,0
607394840056954879,1.04037,0
607394840191172607,1.02959,0
607394840325390335,1.06167,0
607394840459608063,1.02203,0
607394840593825791,1.04721,0
607394840728043519,1.01832,0
607394842070220799,3.26888,0
607394842204438527,2.50091,0
607394842338656255,3.09991,0
607394842472873983,3.59505,0
607394842607091711,1.56629,0
607394842741309439,1.6329,0
607394842875527167,2.4235,0
607394843143962623,1.32988,0
607394843278180351,1.61877,0
607394843412398079,1.49559,0
607394843546615807,1.23301,0
607394843680833535,1.55572,0
607394843815051263,1.66924,0
607394843949268991,1.56661,0
607394844217704447,1.45707,0
607394844351922175,1.4512,0
607394844486139903,1.23667,0
607394844620357631,1.18295,0
607394844754575359,3.10587,0
607394844888793087,2.18817,0
607394845023010815,1.46985,0
607394845291446271,1.51065,0
607394845425663999,1.25754,0
607394845559881727,1.73562,0
607394845694099455,1.35024,0
607394845828317183,2.81251,0
607394845962534911,1.43299,0
607394846096752639,1.64421,0
607394846365188095,1.09575,0
607394846499405823,1.54538,0
607394846633623551,1.56191,0
607394846767841279,1.6026,0
607394846902059007,1.05417,0
607394847036276735,1.07168,0
607394847170494463,1.10858,0
607394847438929919,1.54115,0
607394847573147647,2.54616,0
607394847707365375,1.46628,0
607394847841583103,3.62949,0
607394847975800831,1.06285,0
607394848110018559,1.1614,0
607394848244236287,1.24048,0
607394848512671743,1.56413,0
607394848646889471,3.41096,0
607394848781107199,1.59974,0
607394848915324927,1.44654,0
607394849049542655,1.53611,0
607394849183760383,1.40209,0
607394849317978111,1.79843,0
607394850660155391,1.06542,0
607394850794373119,1.08236,0
607394850928590847,1.09563,0
607394851062808575,1.10135,0
607394851197026303,1.12045,0
607394851331244031,1.08405,0
607394851465461759,1.13761,0
607394851733897215,1.17467,0
607394851868114943,1.18173,0
607394852002332671,1.07857,0
607394852136550399,1.1061,0
607394852270768127,1.08995,0
607394852404985855,1.03816,0
607394852539203583,1.19805,0
607394852807639039,1.38022,0
607394852941856767,1.07926,0
607394853076074495,1.33249,0
607394853210292223,1.3192,0
607394853344509951,1.12706,0
607394853478727679,1.0789,0
607394853612945407,1.61085,0
607394853881380863,1.06677,0
607394854015598591,1.12736,0
607394854149816319,1.09633,0
607394854284034047,1.07688,0
607394854418251775,1.08965,0
607394854552469503,1.09931,0
607394854686687231,1.09328,0
607394854955122687,1.31725,0
607394855089340415,1.19413,0
607394855223558143,1.49592,0
607394855357775871,1.07486,0
607394855491993599,1.30683,0
607394855626211327,1.09172,0
607394855760429055,1.92316,0
607394856028864511,1.07736,0
607394856163082239,1.0682,0
607394856297299967,1.07694,0
607394856431517695,1.12858,0
607394856565735423,1.07702,0
607394856699953151,1.03869,0
607394856834170879,1.1094,0
607394857102606335,1.12776,0
607394857236824063,1.12153,0
607394857371041791,1.17571,0
607394857505259519,1.14448,0
607394857639477247,1.22688,0
607394857773694975,1.07159,0
607394857907912703,1.2258,0
607394859250089983,0.908183,0
607394859384307711,0.902001,0
607394859518525439,0.899925,0
607394859652743167,0.89253,0
607394859786960895,0.959204,0
607394859921178623,0.942534,0
607394860055396351,0.920792,0
607394860323831807,0.933577,0
607394860458049535,0.934644,0
607394860592267263,0.9039,0
607394860726484991,0.902276,0
607394860860702719,0.907353,0
607394860994920447,0.930178,0
607394861129138175,0.912332,0
607394861397573631,0.917554,0
607394861531791359,0.912033,0
607394861666009087,0.956621,0
607394861800226815,0.938448,0
607394861934444543,0.90787,0
607394862068662271,0.92023,0
607394862202879999,0.904234,0
607394862471315455,0.92822,0
607394862605533183,0.949574,0
607394862739750911,0.933054,0
607394862873968639,0.897445,0
607394863008186367,0.927536,0
607394863142404095,0.90565,0
607394863276621823,0.880145,0
607394863545057279,0.916292,0
607394863679275007,0.928998,0
607394863813492735,0.887152,0
607394863947710463,0.92938,0
607394864081928191,0.918866,0
607394864216145919,0.893416,0
607394864350363647,0.916737,0
607394864618799103,0.887728,0
607394864753016831,0.897864,0
607394864887234559,0.916275,0
607394865021452287,0.90744,0
607394865155670015,0.91665,0
607394865289887743,0.873629,0
607394865424105471,0.942797,0
607394865692540927,0.936041,0
607394865826758655,0.911208,0
607394865960976383,0.926844,0
607394866095194111,0.914366,0
607394866229411839,0.907754,0
607394866363629567,0.928434,0
607394866497847295,0.913168,0
607394867840024575,0.967614,0
607394867974242303,0.936983,0
607394868108460031,0.919536,0
607394868242677759,0.959137,0
607394868376895487,0.970523,0
607394868511113215,0.967477,0
607394868645330943,0.974942,0
607394868913766399,0.973126,0
607394869047984127,0.961305,0
607394869182201855,0.952431,0
607394869316419583,0.947385,0
607394869450637311,0.939937,0
607394869584855039,0.959159,0
607394869719072767,0.947444,0
607394869987508223,0.947895,0
607394870121725951,0.932622,0
607394870255943679,0.971394,0
607394870390161407,0.945346,0
607394870524379135,0.918024,0
607394870658596863,0.928541,0
607394870792814591,0.931425,0
607394871061250047,0.975111,0
607394871195467775,0.966606,0
607394871329685503,0.947981,0
607394871463903231,0.950553,0
607394871598120959,0.966853,0
607394871732338687,0.973729,0
607394871866556415,0.966852,0
607394872134991871,0.913689,0
607394872269209599,0.929462,0
607394872403427327,0.947103,0
607394872537645055,0.930371,0
607394872671862783,0.906438,0
607394872806080511,0.905525,0
607394872940298239,0.898784,0
607394873208733695,0.927657,0
607394873342951423,0.922069,0
607394873477169151,0.953003,0
607394873611386879,0.936488,0
607394873745604607,0.868123,0
607394873879822335,0.874506,0
607394874014040063,0.912303,0
607394874282475519,0.947573,0
607394874416693247,0.901973,0
607394874550910975,0.925157,0
607394874685128703,0.904194,0
607394874819346431,0.943852,0
607394874953564159,0.953829,0
607394875087781887,0.960319,0
607394876429959167,0.979421,0
607394876564176895,1.02212,0
607394876698394623,0.972668,0
607394876832612351,0.999955,0
607394876966830079,0.971788,0
607394877101047807,1.0048,0
607394877235265535,0.987426,0
607394877503700991,1.00326,0
607394877637918719,0.955429,0
607394877772136447,1.00504,0
607394877906354175,0.985728,0
607394878040571903,0.997319,0
607394878174789631,0.98126,0
607394878309007359,1.01235,0
607394878577442815,0.99023,0
607394878711660543,1.04089,0
607394878845878271,1.07659,0
607394878980095999,1.04676,0
607394879114313727,1.00069,0
607394879248531455,1.00067,0
607394879382749183,0.999693,0
607394879651184639,1.00237,0
607394879785402367,1.00868,0
607394879919620095,1.01361,0
607394880053837823,1.00609,0
607394880188055551,1.01387,0
607394880322273279,0.996196,0
607394880456491007,1.01948,0
607394880724926463,0.978992,0
607394880859144191,0.981212,0
607394880993361919,0.978076,0
607394881127579647,0.999898,0
607394881261797375,0.970497,0
607394881396015103,0.977181,0
607394881530232831,0.941782,0
607394881798668287,0.965658,0
607394881932886015,0.948967,0
607394882067103743,0.973104,0
607394882201321471,0.977104,0
607394882335539199,0.915304,0
607394882469756927,0.926469,0
607394882603974655,0.96399,0
607394882872410111,0.98756,0
607394883006627839,0.99221,0
607394883140845567,0.976156,0
607394883275063295,1.00591,0
607394883409281023,0.96011,0
607394883543498751,0.994616,0
607394883677716479,0.951244,0
607394962329305087,0.597237,0
607394962463522815,0.617956,0
607394962597740543,0.608292,0
607394962731958271,0.617071,0
607394962866175999,0.61877,0
607394963000393727,0.623628,0
607394963134611455,0.592885,0
607394963403046911,0.623767,0
607394963537264639,0.673621,0
607394963671482367,0.612759,0
607394963805700095,0.611528,0
607394963939917823,0.675116,0
607394964074135551,0.681588,0
607394964208353279,0.631077,0
607394964476788735,0.579445,0
607394964611006463,0.565364,0
607394964745224191,0.573391,0
607394964879441919,0.560645,0
607394965013659647,0.594711,0
607394965147877375,0.578049,0
607394965282095103,0.58151,0
607394965550530559,0.588215,0
607394965684748287,0.573318,0
607394965818966015,0.574253,0
607394965953183743,0.575716,0
607394966087401471,0.623968,0
607394966221619199,0.628806,0
607394966355836927,0.590484,0
607394966624272383,0.638461,0
607394966758490111,0.626454,0
607394966892707839,0.633347,0
607394967026925567,0.624071,0
607394967161143295,0.665464,0
607394967295361023,0.653689,0
607394967429578751,0.616615,0
607394967698014207,0.684117,0
607394967832231935,0.692001,0
607394967966449663,0.611681,0
607394968100667391,0.619667,0
607394968234885119,0.68649,0
607394968369102847,0.707945,0
607394968503320575,0.695464,0
607394968771756031,0.604116,0
607394968905973759,0.620012,0
607394969040191487,0.59293,0
607394969174409215,0.594693,0
607394969308626943,0.635592,0
607394969442844671,0.621102,0
607394969577062399,0.617986,0
607394970919239679,0.645954,0
607394971053457407,0.640006,0
607394971187675135,0.599918,0
607394971321892863,0.655028,0
607394971456110591,0.670706,0
607394971590328319,0.675539,0
607394971724546047,0.634372,0
607394971992981503,0.664862,0
607394972127199231,0.646478,0
607394972261416959,0.648265,0
607394972395634687,0.64363,0
607394972529852415,0.700124,0
607394972664070143,0.6873,0
607394972798287871,0.682779,0
607394973066723327,0.550791,0
607394973200941055,0.55787,0
607394973335158783,0.559208,0
607394973469376511,0.565143,0
607394973603594239,0.578705,0
607394973737811967,0.573958,0
607394973872029695,0.552297,0
607394974140465151,0.625234,0
607394974274682879,0.625562,0
607394974408900607,0.560114,0
607394974543118335,0.577284,0
607394974677336063,0.666531,0
607394974811553791,0.648806,0
607394974945771519,0.579959,0
607394975214206975,0.669381,0
607394975348424703,0.682454,0
607394975482642431,0.655598,0
607394975616860159,0.665935,0
607394975751077887,0.685336,0
607394975885295615,0.687556,0
607394976019513343,0.669581,0
607394976287948799,0.712976,0
607394976422166527,0.713406,0
607394976556384255,0.690547,0
607394976690601983,0.686646,0
607394976824819711,0.683299,0
607394976959037439,0.692277,0
607394977093255167,0.682328,0
607394977361690623,0.582714,0
607394977495908351,0.58772,0
607394977630126079,0.579254,0
607394977764343807,0.576504,0
607394977898561535,0.588232,0
607394978032779263,0.608469,0
607394978166996991,0.606098,0
607394979509174271,0.563011,0
607394979643391999,0.574706,0
607394979777609727,0.537856,0
607394979911827455,0.556536,0
607394980046045183,0.553018,0
607394980180262911,0.556955,0
607394980314480639,0.559542,0
607394980582916095,0.551741,0
607394980717133823,0.564944,0
607394980851351551,0.569023,0
607394980985569279,0.552054,0
607394981119787007,0.567611,0
607394981254004735,0.555302,0
607394981388222463,0.564389,0
607394981656657919,0.512022,0
607394981790875647,0.528527,0
607394981925093375,0.505651,0
607394982059311103,0.528605,0
607394982193528831,0.526603,0
607394982327746559,0.521061,0
607394982461964287,0.516534,0
607394982730399743,0.546289,0
607394982864617471,0.551028,0
607394982998835199,0.530124,0
607394983133052927,0.52943,0
607394983267270655,0.552947,0
607394983401488383,0.558323,0
607394983535706111,0.529233,0
607394983804141567,0.534775,0
607394983938359295,0.535942,0
607394984072577023,0.539828,0
607394984206794751,0.541081,0
607394984341012479,0.577317,0
607394984475230207,0.579594,0
607394984609447935,0.531801,0
607394984877883391,0.571689,0
607394985012101119,0.575088,0
607394985146318847,0.550715,0
607394985280536575,0.549571,0
607394985414754303,0.597421,0
607394985548972031,0.580816,0
607394985683189759,0.577801,0
607394985951625215,0.521552,0
607394986085842943,0.532043,0
607394986220060671,0.541975,0
607394986354278399,0.506877,0
607394986488496127,0.559422,0
607394986622713855,0.536977,0
607394986756931583,0.517093,0
607394988099108863,0.562741,0
607394988233326591,0.54703,0
607394988367544319,0.521005,0
607394988501762047,0.5372,0
607394988635979775,0.549537,0
607394988770197503,0.539997,0
607394988904415231,0.537517,0
607394989172850687,0.53791,0
607394989307068415,0.53803,0
607394989441286143,0.544196,0
607394989575503871,0.547741,0
607394989709721599,0.548134,0
607394989843939327,0.561049,0
607394989978157055,0.525403,0
607394990246592511,0.500827,0
607394990380810239,0.51015,0
607394990515027967,0.515778,0
607394990649245695,0.495344,0
607394990783463423,0.516492,0
607394990917681151,0.511828,0
607394991051898879,0.532062,0
607394991320334335,0.522053,0
607394991454552063,0.523684,0
607394991588769791,0.522314,0
607394991722987519,0.513852,0
607394991857205247,0.522579,0
607394991991422975,0.545585,0
607394992125640703,0.515566,0
607394992394076159,0.564141,0
607394992528293887,0.54494,0
607394992662511615,0.546674,0
607394992796729343,0.564218,0
607394992930947071,0.553372,0
607394993065164799,0.576816,0
607394993199382527,0.571368,0
607394993467817983,0.57396,0
607394993602035711,0.563529,0
607394993736253439,0.544659,0
607394993870471167,0.547117,0
607394994004688895,0.555912,0
607394994138906623,0.555796,0
607394994273124351,0.576324,0
607394994541559807,0.555138,0
607394994675777535,0.529199,0
607394994809995263,0.53866,0
607394994944212991,0.529396,0
607394995078430719,0.550712,0
607394995212648447,0.564841,0
607394995346866175,0.556863,0
607394996689043455,0.671018,0
607394996823261183,0.67006,0
607394996957478911,0.697113,0
607394997091696639,0.694942,0
607394997225914367,0.670461,0
607394997360132095,0.666717,0
607394997494349823,0.687056,0
607394997762785279,0.685492,0
607394997897003007,0.688994,0
607394998031220735,0.661663,0
607394998165438463,0.694719,0
607394998299656191,0.718615,0
607394998433873919,0.758638,0
607394998568091647,0.684078,0
607394998836527103,0.631072,0
607394998970744831,0.666212,0
607394999104962559,0.622945,0
607394999239180287,0.622281,0
607394999373398015,0.658418,0
607394999507615743,0.689293,0
607394999641833471,0.646065,0
607394999910268927,0.705097,0
607395000044486655,0.67831,0
607395000178704383,0.700986,0
607395000312922111,0.712034,0
607395000447139839,0.669322,0
607395000581357567,0.683325,0
607395000715575295,0.674368,0
607395000984010751,0.675503,0
607395001118228479,0.661926,0
607395001252446207,0.684871,0
607395001386663935,0.668964,0
607395001520881663,0.667209,0
607395001655099391,0.663556,0
607395001789317119,0.693059,0
607395002057752575,0.699108,0
607395002191970303,0.720883,0
607395002326188031,0.68478,0
607395002460405759,0.698985,0
607395002594623487,0.685035,0
607395002728841215,0.7387,0
607395002863058943,0.680938,0
607395003131494399,0.666272,0
607395003265712127,0.701564,0
607395003399929855,0.646399,0
607395003534147583,0.655779,0
607395003668365311,0.679478,0
607395003802583039,0.71302,0
607395003936800767,0.646843,0
607395005278978047,0.69253,0
607395005413195775,0.707706,0
607395005547413503,0.693541,0
607395005681631231,0.690908,0
607395005815848959,0.731808,0
607395005950066687,0.715259,0
607395006084284415,0.689281,0
607395006352719871,0.736741,0
607395006486937599,0.727794,0
607395006621155327,0.704793,0
607395006755373055,0.712297,0
607395006889590783,0.734953,0
607395007023808511,0.744588,0
607395007158026239,0.722097,0
607395007426461695,0.691895,0
607395007560679423,0.694539,0
607395007694897151,0.687465,0
607395007829114879,0.692639,0
607395007963332607,0.688531,0
607395008097550335,0.696802,0
607395008231768063,0.703757,0
607395008500203519,0.698283,0
607395008634421247,0.68657,0
607395008768638975,0.69095,0
607395008902856703,0.696172,0
607395009037074431,0.696256,0
607395009171292159,0.687384,0
607395009305509887,0.706987,0
607395009573945343,0.76071,0
607395009708163071,0.756319,0
607395009842380799,0.686372,0
607395009976598527,0.730452,0
607395010110816255,0.755294,0
607395010245033983,0.797054,0
607395010379251711,0.738454,0
607395010647687167,0.786681,0
607395010781904895,0.753545,0
607395010916122623,0.766801,0
607395011050340351,0.758945,0
607395011184558079,0.777719,0
607395011318775807,0.787667,0
607395011452993535,0.793996,0
607395011721428991,0.698061,0
607395011855646719,0.698657,0
607395011989864447,0.682268,0
607395012124082175,0.693092,0
607395012258299903,0.696913,0
607395012392517631,0.711701,0
607395012526735359,0.706109,0
607395013868912639,0.628715,0
607395014003130367,0.605193,0
607395014137348095,0.611458,0
607395014271565823,0.613285,0
607395014405783551,0.616937,0
607395014540001279,0.599254,0
607395014674219007,0.638908,0
607395014942654463,0.611448,0
607395015076872191,0.634495,0
607395015211089919,0.610826,0
607395015345307647,0.6308,0
607395015479525375,0.604698,0
607395015613743103,0.602385,0
607395015747960831,0.608478,0
607395016016396287,0.601364,0
607395016150614015,0.593261,0
607395016284831743,0.563975,0
607395016419049471,0.555311,0
607395016553267199,0.596895,0
607395016687484927,0.59368,0
607395016821702655,0.576741,0
607395017090138111,0.599691,0
607395017224355839,0.592723,0
607395017358573567,0.59494,0
607395017492791295,0.59181,0
607395017627009023,0.624712,0
607395017761226751,0.612865,0
607395017895444479,0.597084,0
607395018163879935,0.622677,0
607395018298097663,0.608498,0
607395018432315391,0.596706,0
607395018566533119,0.632386,0
607395018700750847,0.64286,0
607395018834968575,0.650601,0
607395018969186303,0.623504,0
607395019237621759,0.611249,0
607395019371839487,0.631455,0
607395019506057215,0.608164,0
607395019640274943,0.599008,0
607395019774492671,0.643061,0
607395019908710399,0.654476,0
607395020042928127,0.620214,0
607395020311363583,0.603849,0
607395020445581311,0.605364,0
607395020579799039,0.583275,0
607395020714016767,0.581056,0
607395020848234495,0.61129,0
607395020982452223,0.627465,0
607395021116669951,0.60584,0
607395031048781823,0.742988,0
607395031182999551,0.737055,0
607395031317217279,0.750546,0
607395031451435007,0.733085,0
607395031585652735,0.748293,0
607395031719870463,0.747128,0
607395031854088191,0.754609,0
607395032122523647,0.776705,0
607395032256741375,0.765511,0
607395032390959103,0.785454,0
607395032525176831,0.785409,0
607395032659394559,0.749665,0
607395032793612287,0.779182,0
607395032927830015,0.734809,0
607395033196265471,0.721069,0
607395033330483199,0.708584,0
607395033464700927,0.690472,0
607395033598918655,0.69979,0
607395033733136383,0.711194,0
607395033867354111,0.705751,0
607395034001571839,0.680344,0
607395034270007295,0.743906,0
607395034404225023,0.735294,0
607395034538442751,0.705413,0
607395034672660479,0.726199,0
607395034806878207,0.756566,0
607395034941095935,0.771388,0
607395035075313663,0.723383,0
607395035343749119,0.736136,0
607395035477966847,0.718817,0
607395035612184575,0.813888,0
607395035746402303,0.750311,0
607395035880620031,0.749061,0
607395036014837759,0.718913,0
607395036149055487,0.769943,0
607395036417490943,0.732866,0
607395036551708671,0.731513,0
607395036685926399,0.729105,0
607395036820144127,0.726497,0
607395036954361855,0.729113,0
607395037088579583,0.735897,0
607395037222797311,0.725016,0
607395037491232767,0.669294,0
607395037625450495,0.6964,0
607395037759668223,0.672804,0
607395037893885951,0.66561,0
607395038028103679,0.760532,0
607395038162321407,0.761645,0
607395038296539135,0.709096,0
607395039638716415,0.755308,0
607395039772934143,0.760288,0
607395039907151871,0.752991,0
607395040041369599,0.741614,0
607395040175587327,0.786057,0
607395040309805055,0.758435,0
607395040444022783,0.758525,0
607395040712458239,0.756744,0
607395040846675967,0.760854,0
607395040980893695,0.743553,0
607395041115111423,0.756779,0
607395041249329151,0.776016,0
607395041383546879,0.74757,0
607395041517764607,0.766388,0
607395041786200063,0.709409,0
607395041920417791,0.717109,0
607395042054635519,0.689124,0
607395042188853247,0.705562,0
607395042323070975,0.737927,0
607395042457288703,0.718607,0
607395042591506431,0.712571,0
607395042859941887,0.701281,0
607395042994159615,0.709453,0
607395043128377343,0.721917,0
607395043262595071,0.714925,0
607395043396812799,0.744189,0
607395043531030527,0.747628,0
607395043665248255,0.704989,0
607395043933683711,0.757012,0
607395044067901439,0.786093,0
607395044202119167,0.754872,0
607395044336336895,0.752034,0
607395044470554623,0.793053,0
607395044604772351,0.831906,0
607395044738990079,0.749515,0
607395045007425535,0.78295,0
607395045141643263,0.765297,0
607395045275860991,0.806789,0
607395045410078719,0.774372,0
607395045544296447,0.767075,0
607395045678514175,0.752824,0
607395045812731903,0.829645,0
607395046081167359,0.750163,0
607395046215385087,0.763479,0
607395046349602815,0.730817,0
607395046483820543,0.730484,0
607395046618038271,0.737733,0
607395046752255999,0.754768,0
607395046886473727,0.773355,0
607395048228651007,0.669138,0
607395048362868735,0.649819,0
607395048497086463,0.646966,0
607395048631304191,0.680569,0
607395048765521919,0.67016,0
607395048899739647,0.655956,0
607395049033957375,0.665923,0
607395049302392831,0.664099,0
607395049436610559,0.659351,0
607395049570828287,0.636644,0
607395049705046015,0.629454,0
607395049839263743,0.669069,0
607395049973481471,0.673018,0
607395050107699199,0.655564,0
607395050376134655,0.617701,0
607395050510352383,0.610577,0
607395050644570111,0.614708,0
607395050778787839,0.620153,0
607395050913005567,0.631742,0
607395051047223295,0.634167,0
607395051181441023,0.640079,0
607395051449876479,0.634841,0
607395051584094207,0.629988,0
607395051718311935,0.596393,0
607395051852529663,0.624233,0
607395051986747391,0.656341,0
607395052120965119,0.653517,0
607395052255182847,0.642638,0
607395052523618303,0.683197,0
607395052657836031,0.688763,0
607395052792053759,0.652182,0
607395052926271487,0.66002,0
607395053060489215,0.706764,0
607395053194706943,0.698773,0
607395053328924671,0.691148,0
607395053597360127,0.696642,0
607395053731577855,0.685633,0
607395053865795583,0.693464,0
607395054000013311,0.688022,0
607395054134231039,0.663843,0
607395054268448767,0.664526,0
607395054402666495,0.70333,0
607395054671101951,0.627263,0
607395054805319679,0.647544,0
607395054939537407,0.630158,0
607395055073755135,0.635022,0
607395055207972863,0.644439,0
607395055342190591,0.650449,0
607395055476408319,0.63559,0
607395056818585599,0.646186,0
607395056952803327,0.672385,0
607395057087021055,0.646148,0
607395057221238783,0.658683,0
607395057355456511,0.697385,0
607395057489674239,0.690881,0
607395057623891967,0.63885,0
607395057892327423,0.692132,0
607395058026545151,0.684056,0
607395058160762879,0.666318,0
607395058294980607,0.67894,0
607395058429198335,0.672625,0
607395058563416063,0.690086,0
607395058697633791,0.687126,0
607395058966069247,0.626689,0
607395059100286975,0.634536,0
607395059234504703,0.629312,0
607395059368722431,0.627625,0
607395059502940159,0.643092,0
607395059637157887,0.653903,0
607395059771375615,0.619852,0
607395060039811071,0.681796,0
607395060174028799,0.68187,0
607395060308246527,0.630303,0
607395060442464255,0.640038,0
607395060576681983,0.658571,0
607395060710899711,0.670105,0
607395060845117439,0.675642,0
607395061113552895,0.704975,0
607395061247770623,0.712329,0
607395061381988351,0.660158,0
607395061516206079,0.706507,0
607395061650423807,0.719652,0
607395061784641535,0.717678,0
607395061918859263,0.686631,0
607395062187294719,0.68557,0
607395062321512447,0.672601,0
607395062455730175,0.716857,0
607395062589947903,0.69043,0
607395062724165631,0.739307,0
607395062858383359,0.713143,0
607395062992601087,0.71973,0
607395063261036543,0.641664,0
607395063395254271,0.647995,0
607395063529471999,0.641104,0
607395063663689727,0.62912,0
607395063797907455,0.624516,0
607395063932125183,0.639546,0
607395064066342911,0.624261,0
607395065408520191,0.768125,0
607395065542737919,0.739522,0
607395065676955647,0.727813,0
607395065811173375,0.711072,0
607395065945391103,0.779135,0
607395066079608831,0.777098,0
607395066213826559,0.789966,0
607395066482262015,0.736712,0
607395066616479743,0.763679,0
607395066750697471,0.73545,0
607395066884915199,0.729528,0
607395067019132927,0.811871,0
607395067153350655,0.783638,0
607395067287568383,0.771716,0
607395067556003839,0.763338,0
607395067690221567,0.754182,0
607395067824439295,0.764954,0
607395067958657023,0.783903,0
607395068092874751,0.741131,0
607395068227092479,0.704398,0
607395068361310207,0.787069,0
607395068629745663,0.698051,0
607395068763963391,0.708105,0
607395068898181119,0.721379,0
607395069032398847,0.721069,0
607395069166616575,0.709891,0
607395069300834303,0.699027,0
607395069435052031,0.704131,0
607395069703487487,0.795038,0
607395069837705215,0.790645,0
607395069971922943,0.766807,0
607395070106140671,0.758254,0
607395070240358399,0.816928,0
607395070374576127,0.806458,0
607395070508793855,0.792069,0
607395070777229311,0.801343,0
607395070911447039,0.796463,0
607395071045664767,0.792801,0
607395071179882495,0.794877,0
607395071314100223,0.83612,0
607395071448317951,0.821947,0
607395071582535679,0.792615,0
607395071850971135,0.733888,0
607395071985188863,0.758574,0
607395072119406591,0.759261,0
607395072253624319,0.776192,0
607395072387842047,0.743785,0
607395072522059775,0.766392,0
607395072656277503,0.733129,0
607395073998454783,0.767618,0
607395074132672511,0.787089,0
607395074266890239,0.740482,0
607395074401107967,0.744836,0
607395074535325695,0.779935,0
607395074669543423,0.778336,0
607395074803761151,0.739868,0
607395075072196607,0.830261,0
607395075206414335,0.828466,0
607395075340632063,0.790153,0
607395075474849791,0.801249,0
607395075609067519,0.845003,0
607395075743285247,0.866036,0
607395075877502975,0.805839,0
607395076145938431,0.760511,0
607395076280156159,0.765674,0
607395076414373887,0.782724,0
607395076548591615,0.785985,0
607395076682809343,0.746612,0
607395076817027071,0.750302,0
607395076951244799,0.746147,0
607395077219680255,0.765454,0
607395077353897983,0.779629,0
607395077488115711,0.78203,0
607395077622333439,0.79154,0
607395077756551167,0.751328,0
607395077890768895,0.788733,0
607395078024986623,0.752322,0
607395078293422079,0.806796,0
607395078427639807,0.835204,0
607395078561857535,0.763947,0
607395078696075263,0.77201,0
607395078830292991,0.850108,0
607395078964510719,0.849329,0
607395079098728447,0.798315,0
607395079367163903,0.866656,0
607395079501381631,0.884189,0
607395079635599359,0.83837,0
607395079769817087,0.843879,0
607395079904034815,0.896963,0
607395080038252543,0.885417,0
607395080172470271,0.884531,0
607395080440905727,0.710307,0
607395080575123455,0.729242,0
607395080709341183,0.726939,0
607395080843558911,0.735201,0
607395080977776639,0.726948,0
607395081111994367,0.74589,0
607395081246212095,0.712116,0
607395082588389375,0.715478,0
607395082722607103,0.731419,0
607395082856824831,0.670288,0
607395082991042559,0.699055,0
607395083125260287,0.747584,0
607395083259478015,0.72601,0
607395083393695743,0.718555,0
607395083662131199,0.736954,0
607395083796348927,0.792554,0
607395083930566655,0.709652,0
607395084064784383,0.737692,0
607395084199002111,0.751719,0
607395084333219839,0.758302,0
607395084467437567,0.765081,0
607395084735873023,0.694763,0
607395084870090751,0.693149,0
607395085004308479,0.704699,0
607395085138526207,0.687995,0
607395085272743935,0.685014,0
607395085406961663,0.695564,0
607395085541179391,0.69141,0
607395085809614847,0.678098,0
607395085943832575,0.679682,0
607395086078050303,0.679581,0
607395086212268031,0.678477,0
607395086346485759,0.705064,0
607395086480703487,0.707852,0
607395086614921215,0.671058,0
607395086883356671,0.729731,0
607395087017574399,0.756318,0
607395087151792127,0.73183,0
607395087286009855,0.721581,0
607395087420227583,0.753107,0
607395087554445311,0.731197,0
607395087688663039,0.734832,0
607395087957098495,0.723564,0
607395088091316223,0.755304,0
607395088225533951,0.720957,0
607395088359751679,0.731101,0
607395088493969407,0.739673,0
607395088628187135,0.738049,0
607395088762404863,0.75487,0
607395089030840319,0.70409,0
607395089165058047,0.682527,0
607395089299275775,0.695449,0
607395089433493503,0.694477,0
607395089567711231,0.722953,0
607395089701928959,0.709566,0
607395089836146687,0.696055,0
607395099768258559,0.581772,0
607395099902476287,0.608599,0
607395100036694015,0.538378,0
607395100170911743,0.545696,0
607395100305129471,0.522399,0
607395100439347199,0.53725,0
607395100573564927,0.571224,0
607395100842000383,0.527251,0
607395100976218111,0.51522,0
607395101110435839,0.627863,0
607395101244653567,0.54015,0
607395101378871295,0.508327,0
607395101513089023,0.521583,0
607395101647306751,0.516925,0
607395101915742207,0.497639,0
607395102049959935,0.483253,0
607395102184177663,0.483981,0
607395102318395391,0.463331,0
607395102452613119,0.531064,0
607395102586830847,0.530743,0
607395102721048575,0.506313,0
607395102989484031,0.537477,0
607395103123701759,0.526369,0
607395103257919487,0.515079,0
607395103392137215,0.551552,0
607395103526354943,0.519316,0
607395103660572671,0.52663,0
607395103794790399,0.536043,0
607395104063225855,0.510009,0
607395104197443583,0.54326,0
607395104331661311,0.512922,0
607395104465879039,0.543147,0
607395104600096767,0.523669,0
607395104734314495,0.538472,0
607395104868532223,0.528684,0
607395105136967679,0.591228,0
607395105271185407,0.590556,0
607395105405403135,0.548644,0
607395105539620863,0.525587,0
607395105673838591,0.560469,0
607395105808056319,0.539564,0
607395105942274047,0.579692,0
607395106210709503,0.525631,0
607395106344927231,0.535554,0
607395106479144959,0.539654,0
607395106613362687,0.553251,0
607395106747580415,0.558888,0
607395106881798143,0.561697,0
607395107016015871,0.550674,0
607395108358193151,0.457159,0
607395108492410879,0.543175,0
607395108626628607,0.477953,0
607395108760846335,0.489742,0
607395108895064063,0.498274,0
607395109029281791,0.505053,0
607395109163499519,0.535224,0
607395109431934975,0.494612,0
607395109566152703,0.486613,0
607395109700370431,0.469784,0
607395109834588159,0.501849,0
607395109968805887,0.495974,0
607395110103023615,0.501451,0
607395110237241343,0.498728,0
607395110505676799,0.449161,0
607395110639894527,0.448983,0
607395110774112255,0.494964,0
607395110908329983,0.488315,0
607395111042547711,0.46441,0
607395111176765439,0.471215,0
607395111310983167,0.469982,0
607395111579418623,0.474275,0
607395111713636351,0.474181,0
607395111847854079,0.450754,0
607395111982071807,0.476238,0
607395112116289535,0.50793,0
607395112250507263,0.505688,0
607395112384724991,0.475705,0
607395112653160447,0.498068,0
607395112787378175,0.47164,0
607395112921595903,0.510608,0
607395113055813631,0.499808,0
607395113190031359,0.531359,0
607395113324249087,0.500226,0
607395113458466815,0.49559,0
607395113726902271,0.508301,0
607395113861119999,0.503032,0
607395113995337727,0.497169,0
607395114129555455,0.503971,0
607395114263773183,0.555694,0
607395114397990911,0.498257,0
607395114532208639,0.498482,0
607395114800644095,0.531695,0
607395114934861823,0.477376,0
607395115069079551,0.50048,0
607395115203297279,0.486182,0
607395115337515007,0.51295,0
607395115471732735,0.561142,0
607395115605950463,0.531627,0
607395116948127743,0.436855,0
607395117082345471,0.456797,0
607395117216563199,0.447697,0
607395117350780927,0.461403,0
607395117484998655,0.453554,0
607395117619216383,0.446478,0
607395117753434111,0.439841,0
607395118021869567,0.435079,0
607395118156087295,0.434031,0
607395118290305023,0.463949,0
607395118424522751,0.468088,0
607395118558740479,0.458574,0
607395118692958207,0.480841,0
607395118827175935,0.431406,0
607395119095611391,0.522519,0
607395119229829119,0.532409,0
607395119364046847,0.50358,0
607395119498264575,0.590788,0
607395119632482303,0.444659,0
607395119766700031,0.448434,0
607395119900917759,0.483327,0
607395120169353215,0.467845,0
607395120303570943,0.472014,0
607395120437788671,0.526719,0
607395120572006399,0.525417,0
607395120706224127,0.456281,0
607395120840441855,0.459564,0
607395120974659583,0.44828,0
607395121243095039,0.454387,0
607395121377312767,0.504868,0
607395121511530495,0.443151,0
607395121645748223,0.461568,0
607395121779965951,0.460428,0
607395121914183679,0.480775,0
607395122048401407,0.452925,0
607395122316836863,0.458583,0
607395122451054591,0.470628,0
607395122585272319,0.463212,0
607395122719490047,0.449973,0
607395122853707775,0.506098,0
607395122987925503,0.518314,0
607395123122143231,0.463629,0
607395123390578687,0.458219,0
607395123524796415,0.470807,0
607395123659014143,0.441493,0
607395123793231871,0.454928,0
607395123927449599,0.449912,0
607395124061667327,0.45746,0
607395124195885055,0.456952,0
607395125538062335,0.463633,0
607395125672280063,0.445289,0
607395125806497791,0.470731,0
607395125940715519,0.47294,0
607395126074933247,0.470848,0
607395126209150975,0.461763,0
607395126343368703,0.474562,0
607395126611804159,0.470638,0
607395126746021887,0.508223,0
607395126880239615,0.439573,0
607395127014457343,0.453239,0
607395127148675071,0.460982,0
607395127282892799,0.444106,0
607395127417110527,0.46613,0
607395127685545983,0.509398,0
607395127819763711,0.476838,0
607395127953981439,0.499565,0
607395128088199167,0.486699,0
607395128222416895,0.5286,0
607395128356634623,0.485358,0
607395128490852351,0.530416,0
607395128759287807,0.490934,0
607395128893505535,0.476316,0
607395129027723263,0.473881,0
607395129161940991,0.466998,0
607395129296158719,0.480828,0
607395129430376447,0.465725,0
607395129564594175,0.486539,0
607395129833029631,0.472836,0
607395129967247359,0.496462,0
607395130101465087,0.42114,0
607395130235682815,0.45634,0
607395130369900543,0.468117,0
607395130504118271,0.526574,0
607395130638335999,0.46932,0
607395130906771455,0.497155,0
607395131040989183,0.479757,0
607395131175206911,0.485187,0
607395131309424639,0.445679,0
607395131443642367,0.513974,0
607395131577860095,0.489693,0
607395131712077823,0.544493,0
607395131980513279,0.484296,0
607395132114731007,0.520052,0
607395132248948735,0.529499,0
607395132383166463,0.54281,0
607395132517384191,0.465094,0
607395132651601919,0.484584,0
607395132785819647,0.459805,0
607395134127996927,0.538092,0
607395134262214655,0.513468,0
607395134396432383,0.527896,0
607395134530650111,0.530339,0
607395134664867839,0.525796,0
607395134799085567,0.529319,0
607395134933303295,0.53008,0
607395135201738751,0.514253,0
607395135335956479,0.526561,0
607395135470174207,0.502934,0
607395135604391935,0.520497,0
607395135738609663,0.504319,0
607395135872827391,0.536216,0
607395136007045119,0.506918,0
607395136275480575,0.533849,0
607395136409698303,0.537678,0
607395136543916031,0.492741,0
607395136678133759,0.524918,0
607395136812351487,0.512569,0
607395136946569215,0.533733,0
607395137080786943,0.522213,0
607395137349222399,0.552201,0
607395137483440127,0.558276,0
607395137617657855,0.532497,0
607395137751875583,0.577111,0
607395137886093311,0.512766,0
607395138020311039,0.54793,0
607395138154528767,0.537039,0
607395138422964223,0.504857,0
607395138557181951,0.511095,0
607395138691399679,0.524199,0
607395138825617407,0.521176,0
607395138959835135,0.493611,0
607395139094052863,0.500191,0
607395139228270591,0.510322,0
607395139496706047,0.516659,0
607395139630923775,0.52782,0
607395139765141503,0.519962,0
607395139899359231,0.51948,0
607395140033576959,0.515876,0
607395140167794687,0.5342,0
607395140302012415,0.516195,0
607395140570447871,0.542072,0
607395140704665599,0.530183,0
607395140838883327,0.521048,0
607395140973101055,0.515804,0
607395141107318783,0.538104,0
607395141241536511,0.536115,0
607395141375754239,0.526035,0
607395142717931519,0.519615,0
607395142852149247,0.54811,0
607395142986366975,0.547282,0
607395143120584703,0.541729,0
607395143254802431,0.605138,0
607395143389020159,0.559205,0
607395143523237887,0.513919,0
607395143791673343,0.51262,0
607395143925891071,0.490269,0
607395144060108799,0.569372,0
607395144194326527,0.507542,0
607395144328544255,0.521641,0
607395144462761983,0.500299,0
607395144596979711,0.528344,0
607395144865415167,0.546595,0
607395144999632895,0.532461,0
607395145133850623,0.563299,0
607395145268068351,0.543234,0
607395145402286079,0.566366,0
607395145536503807,0.534747,0
607395145670721535,0.548446,0
607395145939156991,0.570493,0
607395146073374719,0.55693,0
607395146207592447,0.510115,0
607395146341810175,0.549155,0
607395146476027903,0.625708,0
607395146610245631,0.582508,0
607395146744463359,0.512056,0
607395147012898815,0.517145,0
607395147147116543,0.527231,0
607395147281334271,0.517896,0
607395147415551999,0.527023,0
607395147549769727,0.556548,0
607395147683987455,0.520254,0
607395147818205183,0.517139,0
607395148086640639,0.536295,0
607395148220858367,0.533785,0
607395148355076095,0.605381,0
607395148489293823,0.541879,0
607395148623511551,0.547637,0
607395148757729279,0.544079,0
607395148891947007,0.537836,0
607395149160382463,0.526876,0
607395149294600191,0.525517,0
607395149428817919,0.526668,0
607395149563035647,0.551462,0
607395149697253375,0.526081,0
607395149831471103,0.518123,0
607395149965688831,0.563989,0
607395151307866111,0.541694,0
607395151442083839,0.540165,0
607395151576301567,0.544715,0
607395151710519295,0.549022,0
607395151844737023,0.532287,0
607395151978954751,0.54025,0
607395152113172479,0.541979,0
607395152381607935,0.514967,0
607395152515825663,0.542442,0
607395152650043391,0.550314,0
607395152784261119,0.562456,0
607395152918478847,0.510758,0
607395153052696575,0.528753,0
607395153186914303,0.534598,0
607395153455349759,0.496956,0
607395153589567487,0.484299,0
607395153723785215,0.467088,0
607395153858002943,0.460453,0
607395153992220671,0.531679,0
607395154126438399,0.5439,0
607395154260656127,0.503886,0
607395154529091583,0.557237,0
607395154663309311,0.537015,0
607395154797527039,0.498487,0
607395154931744767,0.528654,0
607395155065962495,0.55741,0
607395155200180223,0.542939,0
607395155334397951,0.544791,0
607395155602833407,0.522774,0
607395155737051135,0.512652,0
607395155871268863,0.551849,0
607395156005486591,0.535728,0
607395156139704319,0.503713,0
607395156273922047,0.496825,0
607395156408139775,0.508587,0
607395156676575231,0.481267,0
607395156810792959,0.493419,0
607395156945010687,0.513067,0
607395157079228415,0.508308,0
607395157213446143,0.521156,0
607395157347663871,0.523046,0
607395157481881599,0.488647,0
607395157750317055,0.537386,0
607395157884534783,0.541255,0
607395158018752511,0.52049,0
607395158152970239,0.526007,0
607395158287187967,0.538225,0
607395158421405695,0.5398,0
607395158555623423,0.543441,0
607395168487735295,0.552257,0
607395168621953023,0.542724,0
607395168756170751,0.563014,0
607395168890388479,0.552772,0
607395169024606207,0.551845,0
607395169158823935,0.536079,0
607395169293041663,0.566588,0
607395169561477119,0.541658,0
607395169695694847,0.547868,0
607395169829912575,0.541003,0
607395169964130303,0.535905,0
607395170098348031,0.549341,0
607395170232565759,0.542196,0
607395170366783487,0.538059,0
607395170635218943,0.589223,0
607395170769436671,0.57272,0
607395170903654399,0.603357,0
607395171037872127,0.582248,0
607395171172089855,0.579128,0
607395171306307583,0.573859,0
607395171440525311,0.576362,0
607395171708960767,0.574837,0
607395171843178495,0.57429,0
607395171977396223,0.588196,0
607395172111613951,0.582672,0
607395172245831679,0.552476,0
607395172380049407,0.55147,0
607395172514267135,0.579222,0
607395172782702591,0.559786,0
607395172916920319,0.550083,0
607395173051138047,0.576339,0
607395173185355775,0.55295,0
607395173319573503,0.570615,0
607395173453791231,0.574029,0
607395173588008959,0.58142,0
607395173856444415,0.548694,0
607395173990662143,0.543793,0
607395174124879871,0.547886,0
607395174259097599,0.538438,0
607395174393315327,0.56537,0
607395174527533055,0.553837,0
607395174661750783,0.576431,0
607395174930186239,0.565089,0
607395175064403967,0.570976,0
607395175198621695,0.594073,0
607395175332839423,0.584473,0
607395175467057151,0.559451,0
607395175601274879,0.56135,0
607395175735492607,0.56575,0
607395177077669887,0.531536,0
607395177211887615,0.532984,0
607395177346105343,0.541175,0
607395177480323071,0.549999,0
607395177614540799,0.535911,0
607395177748758527,0.534024,0
607395177882976255,0.537313,0
607395178151411711,0.529874,0
607395178285629439,0.55176,0
607395178419847167,0.52789,0
607395178554064895,0.544441,0
607395178688282623,0.518238,0
607395178822500351,0.533898,0
607395178956718079,0.524323,0
607395179225153535,0.584629,0
607395179359371263,0.574133,0
607395179493588991,0.572722,0
607395179627806719,0.587571,0
607395179762024447,0.567995,0
607395179896242175,0.560651,0
607395180030459903,0.568666,0
607395180298895359,0.55081,0
607395180433113087,0.552627,0
607395180567330815,0.577333,0
607395180701548543,0.569218,0
607395180835766271,0.541544,0
607395180969983999,0.540106,0
607395181104201727,0.553471,0
607395181372637183,0.548692,0
607395181506854911,0.544683,0
607395181641072639,0.538793,0
607395181775290367,0.532794,0
607395181909508095,0.569748,0
607395182043725823,0.551113,0
607395182177943551,0.550936,0
607395182446379007,0.555686,0
607395182580596735,0.560206,0
607395182714814463,0.527763,0
607395182849032191,0.523548,0
607395182983249919,0.55235,0
607395183117467647,0.550487,0
607395183251685375,0.549888,0
607395183520120831,0.570822,0
607395183654338559,0.545953,0
607395183788556287,0.576661,0
607395183922774015,0.578816,0
607395184056991743,0.549821,0
607395184191209471,0.532192,0
607395184325427199,0.551882,0
607395185667604479,0.599164,0
607395185801822207,0.521105,0
607395185936039935,0.526642,0
607395186070257663,0.520878,0
607395186204475391,0.540921,0
607395186338693119,0.546066,0
607395186472910847,0.51328,0
607395186741346303,0.539715,0
607395186875564031,0.529235,0
607395187009781759,0.529421,0
607395187143999487,0.550615,0
607395187278217215,0.587145,0
607395187412434943,0.575273,0
607395187546652671,0.537874,0
607395187815088127,0.51604,0
607395187949305855,0.497923,0
607395188083523583,0.53455,0
607395188217741311,0.519888,0
607395188351959039,0.51346,0
607395188486176767,0.523513,0
607395188620394495,0.509262,0
607395188888829951,0.593559,0
607395189023047679,0.594235,0
607395189157265407,0.53148,0
607395189291483135,0.550437,0
607395189425700863,0.514531,0
607395189559918591,0.595718,0
607395189694136319,0.526679,0
607395189962571775,0.532255,0
607395190096789503,0.571369,0
607395190231007231,0.508305,0
607395190365224959,0.502545,0
607395190499442687,0.524202,0
607395190633660415,0.55047,0
607395190767878143,0.531213,0
607395191036313599,0.588872,0
607395191170531327,0.588342,0
607395191304749055,0.581259,0
607395191438966783,0.578374,0
607395191573184511,0.594088,0
607395191707402239,0.587829,0
607395191841619967,0.57612,0
607395192110055423,0.51518,0
607395192244273151,0.527645,0
607395192378490879,0.503832,0
607395192512708607,0.504185,0
607395192646926335,0.520198,0
607395192781144063,0.496888,0
607395192915361791,0.513182,0
607395194257539071,0.525681,0
607395194391756799,0.533214,0
607395194525974527,0.576681,0
607395194660192255,0.528144,0
607395194794409983,0.558629,0
607395194928627711,0.563522,0
607395195062845439,0.524723,0
607395195331280895,0.551098,0
607395195465498623,0.556196,0
607395195599716351,0.524308,0
607395195733934079,0.515902,0
607395195868151807,0.56981,0
607395196002369535,0.561893,0
607395196136587263,0.552371,0
607395196405022719,0.547725,0
607395196539240447,0.551287,0
607395196673458175,0.547105,0
607395196807675903,0.515387,0
607395196941893631,0.52603,0
607395197076111359,0.550038,0
607395197210329087,0.537718,0
607395197478764543,0.58655,0
607395197612982271,0.551986,0
607395197747199999,0.540003,0
607395197881417727,0.526781,0
607395198015635455,0.518115,0
607395198149853183,0.528716,0
607395198284070911,0.580695,0
607395198552506367,0.565428,0
607395198686724095,0.571159,0
607395198820941823,0.533199,0
607395198955159551,0.546486,0
607395199089377279,0.585845,0
607395199223595007,0.585723,0
607395199357812735,0.564934,0
607395199626248191,0.595133,0
607395199760465919,0.583434,0
607395199894683647,0.560699,0
607395200028901375,0.562654,0
607395200163119103,0.589854,0
607395200297336831,0.588933,0
607395200431554559,0.593889,0
607395200699990015,0.514973,0
607395200834207743,0.574191,0
607395200968425471,0.52085,0
607395201102643199,0.514922,0
607395201236860927,0.567675,0
607395201371078655,0.518756,0
607395201505296383,0.50926,0
607395202847473663,0.613899,0
607395202981691391,0.610339,0
607395203115909119,0.583561,0
607395203250126847,0.616122,0
607395203384344575,0.575441,0
607395203518562303,0.571201,0
607395203652780031,0.57411,0
607395203921215487,0.593629,0
607395204055433215,0.576435,0
607395204189650943,0.60025,0
607395204323868671,0.600592,0
607395204458086399,0.581735,0
607395204592304127,0.597434,0
607395204726521855,0.563773,0
607395204994957311,0.570071,0
607395205129175039,0.566012,0
607395205263392767,0.55506,0
607395205397610495,0.575406,0
607395205531828223,0.554855,0
607395205666045951,0.578327,0
607395205800263679,0.55029,0
607395206068699135,0.598,0
607395206202916863,0.569735,0
607395206337134591,0.573835,0
607395206471352319,0.572342,0
607395206605570047,0.628458,0
607395206739787775,0.605621,0
607395206874005503,0.595505,0
607395207142440959,0.563881,0
607395207276658687,0.596715,0
607395207410876415,0.540408,0
607395207545094143,0.560022,0
607395207679311871,0.551531,0
607395207813529599,0.562177,0
607395207947747327,0.553686,0
607395208216182783,0.584944,0
607395208350400511,0.586423,0
607395208484618239,0.582957,0
607395208618835967,0.573948,0
607395208753053695,0.586901,0
607395208887271423,0.623869,0
607395209021489151,0.567237,0
607395209289924607,0.558088,0
607395209424142335,0.567641,0
607395209558360063,0.523817,0
607395209692577791,0.532171,0
607395209826795519,0.547257,0
607395209961013247,0.561717,0
607395210095230975,0.554788,0
607395211437408255,0.595816,0
607395211571625983,0.589236,0
607395211705843711,0.591629,0
607395211840061439,0.587649,0
607395211974279167,0.590026,0
607395212108496895,0.599181,0
607395212242714623,0.58777,0
607395212511150079,0.598103,0
607395212645367807,0.60156,0
607395212779585535,0.590513,0
607395212913803263,0.587333,0
607395213048020991,0.612782,0
607395213182238719,0.616232,0
607395213316456447,0.615942,0
607395213584891903,0.55451,0
607395213719109631,0.567771,0
607395213853327359,0.555678,0
607395213987545087,0.558024,0
607395214121762815,0.576303,0
607395214255980543,0.565023,0
607395214390198271,0.548516,0
607395214658633727,0.600263,0
607395214792851455,0.565277,0
607395214927069183,0.56149,0
607395215061286911,0.555751,0
607395215195504639,0.587112,0
607395215329722367,0.590371,0
607395215463940095,0.571628,0
607395215732375551,0.609074,0
607395215866593279,0.605061,0
607395216000811007,0.576996,0
607395216135028735,0.598461,0
607395216269246463,0.610864,0
607395216403464191,0.600301,0
607395216537681919,0.593543,0
607395216806117375,0.607209,0
607395216940335103,0.625278,0
607395217074552831,0.621844,0
607395217208770559,0.616427,0
607395217342988287,0.621436,0
607395217477206015,0.612798,0
607395217611423743,0.614455,0
607395217879859199,0.578947,0
607395218014076927,0.583515,0
607395218148294655,0.562833,0
607395218282512383,0.560564,0
607395218416730111,0.597915,0
607395218550947839,0.590312,0
607395218685165567,0.591891,0
607395220027342847,0.508942,0
607395220161560575,0.50387,0
607395220295778303,0.518033,0
607395220429996031,0.518589,0
607395220564213759,0.510221,0
607395220698431487,0.496433,0
607395220832649215,0.517028,0
607395221101084671,0.55003,0
607395221235302399,0.596228,0
607395221369520127,0.529114,0
607395221503737855,0.557921,0
607395221637955583,0.534471,0
607395221772173311,0.583836,0
607395221906391039,0.53487,0
607395222174826495,0.50658,0
607395222309044223,0.514158,0
607395222443261951,0.503093,0
607395222577479679,0.497396,0
607395222711697407,0.506798,0
607395222845915135,0.525458,0
607395222980132863,0.510859,0
607395223248568319,0.545361,0
607395223382786047,0.591,0
607395223517003775,0.53309,0
607395223651221503,0.578549,0
607395223785439231,0.509082,0
607395223919656959,0.550056,0
607395224053874687,0.500462,0
607395224322310143,0.514837,0
607395224456527871,0.518492,0
607395224590745599,0.498355,0
607395224724963327,0.515158,0
607395224859181055,0.509125,0
607395224993398783,0.503158,0
607395225127616511,0.50425,0
607395225396051967,0.507954,0
607395225530269695,0.527816,0
607395225664487423,0.506448,0
607395225798705151,0.500159,0
607395225932922879,0.506355,0
607395226067140607,0.526863,0
607395226201358335,0.514219,0
607395226469793791,0.516723,0
607395226604011519,0.517833,0
607395226738229247,0.527951,0
607395226872446975,0.502494,0
607395227006664703,0.498289,0
607395227140882431,0.508089,0
607395227275100159,0.51607,0
607395237207212031,0.653382,0
607395237341429759,0.694017,0
607395237475647487,0.665968,0
607395237609865215,0.66514,0
607395237744082943,0.660502,0
607395237878300671,0.687217,0
607395238012518399,0.70971,0
607395238280953855,0.659044,0
607395238415171583,0.671502,0
607395238549389311,0.693022,0
607395238683607039,0.659249,0
607395238817824767,0.675461,0
607395238952042495,0.662423,0
607395239086260223,0.681483,0
607395239354695679,0.654099,0
607395239488913407,0.652294,0
607395239623131135,0.634661,0
607395239757348863,0.624741,0
607395239891566591,0.660718,0
607395240025784319,0.663841,0
607395240160002047,0.662644,0
607395240428437503,0.672959,0
607395240562655231,0.679866,0
607395240696872959,0.685453,0
607395240831090687,0.682787,0
607395240965308415,0.687157,0
607395241099526143,0.695777,0
607395241233743871,0.657101,0
607395241502179327,0.673789,0
607395241636397055,0.686556,0
607395241770614783,0.711975,0
607395241904832511,0.687933,0
607395242039050239,0.683514,0
607395242173267967,0.693047,0
607395242307485695,0.690549,0
607395242575921151,0.680382,0
607395242710138879,0.699508,0
607395242844356607,0.697078,0
607395242978574335,0.670454,0
607395243112792063,0.669475,0
607395243247009791,0.711999,0
607395243381227519,0.706393,0
607395243649662975,0.665968,0
607395243783880703,0.679844,0
607395243918098431,0.671442,0
607395244052316159,0.665634,0
607395244186533887,0.681324,0
607395244320751615,0.668753,0
607395244454969343,0.678542,0
607395245797146623,0.658797,0
607395245931364351,0.689448,0
607395246065582079,0.687273,0
607395246199799807,0.691929,0
607395246334017535,0.667179,0
607395246468235263,0.665863,0
607395246602452991,0.675691,0
607395246870888447,0.720957,0
607395247005106175,0.686327,0
607395247139323903,0.695939,0
607395247273541631,0.685036,0
607395247407759359,0.698796,0
607395247541977087,0.691223,0
607395247676194815,0.678456,0
607395247944630271,0.680805,0
607395248078847999,0.685462,0
607395248213065727,0.676356,0
607395248347283455,0.676933,0
607395248481501183,0.696265,0
607395248615718911,0.698206,0
607395248749936639,0.693856,0
607395249018372095,0.702981,0
607395249152589823,0.685236,0
607395249286807551,0.682672,0
607395249421025279,0.683567,0
607395249555243007,0.68968,0
607395249689460735,0.695616,0
607395249823678463,0.687247,0
607395250092113919,0.676588,0
607395250226331647,0.67337,0
607395250360549375,0.700213,0
607395250494767103,0.671271,0
607395250628984831,0.670818,0
607395250763202559,0.703139,0
607395250897420287,0.679071,0
607395251165855743,0.697119,0
607395251300073471,0.705525,0
607395251434291199,0.686308,0
607395251568508927,0.678414,0
607395251702726655,0.699526,0
607395251836944383,0.707407,0
607395251971162111,0.708402,0
607395252239597567,0.667672,0
607395252373815295,0.710963,0
607395252508033023,0.683383,0
607395252642250751,0.71291,0
607395252776468479,0.661656,0
607395252910686207,0.674376,0
607395253044903935,0.683084,0
607395254387081215,0.707965,0
607395254521298943,0.635528,0
607395254655516671,0.659185,0
607395254789734399,0.661152,0
607395254923952127,0.712529,0
607395255058169855,0.689223,0
607395255192387583,0.692632,0
607395255460823039,0.629247,0
607395255595040767,0.640445,0
607395255729258495,0.650988,0
607395255863476223,0.651524,0
607395255997693951,0.615809,0
607395256131911679,0.624404,0
607395256266129407,0.623532,0
607395256534564863,0.661862,0
607395256668782591,0.644232,0
607395256803000319,0.658407,0
607395256937218047,0.660538,0
607395257071435775,0.679694,0
607395257205653503,0.672655,0
607395257339871231,0.670262,0
607395257608306687,0.642361,0
607395257742524415,0.617995,0
607395257876742143,0.646873,0
607395258010959871,0.617379,0
607395258145177599,0.643852,0
607395258279395327,0.6404,0
607395258413613055,0.69192,0
607395258682048511,0.653359,0
607395258816266239,0.653745,0
607395258950483967,0.664088,0
607395259084701695,0.667622,0
607395259218919423,0.744394,0
607395259353137151,0.677424,0
607395259487354879,0.66323,0
607395259755790335,0.66975,0
607395259890008063,0.624899,0
607395260024225791,0.660818,0
607395260158443519,0.624329,0
607395260292661247,0.66683,0
607395260426878975,0.651853,0
607395260561096703,0.677125,0
607395260829532159,0.666438,0
607395260963749887,0.654504,0
607395261097967615,0.697501,0
607395261232185343,0.66898,0
607395261366403071,0.653932,0
607395261500620799,0.654464,0
607395261634838527,0.673531,0
607395262977015807,0.648742,0
607395263111233535,0.650919,0
607395263245451263,0.653632,0
607395263379668991,0.650979,0
607395263513886719,0.621369,0
607395263648104447,0.659908,0
607395263782322175,0.645129,0
607395264050757631,0.672614,0
607395264184975359,0.668286,0
607395264319193087,0.63256,0
607395264453410815,0.694731,0
607395264587628543,0.662712,0
607395264721846271,0.644703,0
607395264856063999,0.660517,0
607395265124499455,0.647536,0
607395265258717183,0.652135,0
607395265392934911,0.622617,0
607395265527152639,0.624786,0
607395265661370367,0.642795,0
607395265795588095,0.675136,0
607395265929805823,0.636059,0
607395266198241279,0.644037,0
607395266332459007,0.618399,0
607395266466676735,0.645062,0
607395266600894463,0.645467,0
607395266735112191,0.652068,0
607395266869329919,0.635402,0
607395267003547647,0.646207,0
607395267271983103,0.624588,0
607395267406200831,0.639788,0
607395267540418559,0.659242,0
607395267674636287,0.625942,0
607395267808854015,0.645727,0
607395267943071743,0.660149,0
607395268077289471,0.624545,0
607395268345724927,0.642919,0
607395268479942655,0.646437,0
607395268614160383,0.667625,0
607395268748378111,0.661686,0
607395268882595839,0.642992,0
607395269016813567,0.667607,0
607395269151031295,0.642141,0
607395269419466751,0.650721,0
607395269553684479,0.636811,0
607395269687902207,0.622265,0
607395269822119935,0.640411,0
607395269956337663,0.655615,0
607395270090555391,0.655772,0
607395270224773119,0.62513,0
607395271566950399,0.689067,0
607395271701168127,0.694968,0
607395271835385855,0.721346,0
607395271969603583,0.707756,0
607395272103821311,0.694765,0
607395272238039039,0.700961,0
607395272372256767,0.674459,0
607395272640692223,0.705005,0
607395272774909951,0.711825,0
607395272909127679,0.708079,0
607395273043345407,0.723693,0
607395273177563135,0.73853,0
607395273311780863,0.721898,0
607395273445998591,0.720722,0
607395273714434047,0.713768,0
607395273848651775,0.686394,0
607395273982869503,0.681486,0
607395274117087231,0.691935,0
607395274251304959,0.657297,0
607395274385522687,0.684172,0
607395274519740415,0.664685,0
607395274788175871,0.717233,0
607395274922393599,0.702512,0
607395275056611327,0.696804,0
607395275190829055,0.685452,0
607395275325046783,0.690917,0
607395275459264511,0.71396,0
607395275593482239,0.68606,0
607395275861917695,0.692245,0
607395275996135423,0.690044,0
607395276130353151,0.660556,0
607395276264570879,0.677315,0
607395276398788607,0.718487,0
607395276533006335,0.705395,0
607395276667224063,0.679277,0
607395276935659519,0.74971,0
607395277069877247,0.731331,0
607395277204094975,0.716629,0
607395277338312703,0.733727,0
607395277472530431,0.732172,0
607395277606748159,0.718186,0
607395277740965887,0.713626,0
607395278009401343,0.668305,0
607395278143619071,0.688734,0
607395278277836799,0.672902,0
607395278412054527,0.677476,0
607395278546272255,0.6465,0
607395278680489983,0.673853,0
607395278814707711,0.651525,0
607395280156884991,0.720686,0
607395280291102719,0.71037,0
607395280425320447,0.745209,0
607395280559538175,0.724998,0
607395280693755903,0.70317,0
607395280827973631,0.727573,0
607395280962191359,0.707489,0
607395281230626815,0.722901,0
607395281364844543,0.737228,0
607395281499062271,0.732064,0
607395281633279999,0.718843,0
607395281767497727,0.74596,0
607395281901715455,0.741537,0
607395282035933183,0.728187,0
607395282304368639,0.66743,0
607395282438586367,0.662207,0
607395282572804095,0.673352,0
607395282707021823,0.677616,0
607395282841239551,0.707019,0
607395282975457279,0.708359,0
607395283109675007,0.689689,0
607395283378110463,0.698106,0
607395283512328191,0.695217,0
607395283646545919,0.68525,0
607395283780763647,0.698958,0
607395283914981375,0.696043,0
607395284049199103,0.712299,0
607395284183416831,0.726672,0
607395284451852287,0.710646,0
607395284586070015,0.709248,0
607395284720287743,0.712472,0
607395284854505471,0.720414,0
607395284988723199,0.709181,0
607395285122940927,0.726776,0
607395285257158655,0.733091,0
607395285525594111,0.704944,0
607395285659811839,0.718477,0
607395285794029567,0.706441,0
607395285928247295,0.725626,0
607395286062465023,0.722263,0
607395286196682751,0.742885,0
607395286330900479,0.70731,0
607395286599335935,0.730206,0
607395286733553663,0.723773,0
607395286867771391,0.684153,0
607395287001989119,0.715389,0
607395287136206847,0.69953,0
607395287270424575,0.729942,0
607395287404642303,0.746108,0
607395288746819583,0.622751,0
607395288881037311,0.632533,0
607395289015255039,0.649896,0
607395289149472767,0.640129,0
607395289283690495,0.615526,0
607395289417908223,0.633743,0
607395289552125951,0.623978,0
607395289820561407,0.657888,0
607395289954779135,0.679194,0
607395290088996863,0.648586,0
607395290223214591,0.665298,0
607395290357432319,0.677194,0
607395290491650047,0.679494,0
607395290625867775,0.688571,0
607395290894303231,0.740153,0
607395291028520959,0.757681,0
607395291162738687,0.657427,0
607395291296956415,0.788642,0
607395291431174143,0.75173,0
607395291565391871,0.726824,0
607395291699609599,0.66998,0
607395291968045055,0.666095,0
607395292102262783,0.65171,0
607395292236480511,0.652364,0
607395292370698239,0.648326,0
607395292504915967,0.647643,0
607395292639133695,0.664285,0
607395292773351423,0.65424,0
607395293041786879,0.627936,0
607395293176004607,0.632312,0
607395293310222335,0.616556,0
607395293444440063,0.61297,0
607395293578657791,0.623753,0
607395293712875519,0.623328,0
607395293847093247,0.635765,0
607395294115528703,0.665307,0
607395294249746431,0.673186,0
607395294383964159,0.648201,0
607395294518181887,0.654548,0
607395294652399615,0.659691,0
607395294786617343,0.686199,0
607395294920835071,0.641053,0
607395295189270527,0.641292,0
607395295323488255,0.657542,0
607395295457705983,0.623833,0
607395295591923711,0.64141,0
607395295726141439,0.637076,0
607395295860359167,0.63503,0
607395295994576895,0.64272,0
607395305926688767,0.84075,0
607395306060906495,0.842357,0
607395306195124223,0.848563,0
607395306329341951,0.838316,0
607395306463559679,0.81961,0
607395306597777407,0.813697,0
607395306731995135,0.820082,0
607395307000430591,0.837846,0
607395307134648319,0.822224,0
607395307268866047,0.844684,0
607395307403083775,0.82747,0
607395307537301503,0.826108,0
607395307671519231,0.826831,0
607395307805736959,0.82014,0
607395308074172415,0.830012,0
607395308208390143,0.845872,0
607395308342607871,0.778563,0
607395308476825599,0.796824,0
607395308611043327,0.836464,0
607395308745261055,0.834921,0
607395308879478783,0.807174,0
607395309147914239,0.833664,0
607395309282131967,0.838441,0
607395309416349695,0.841859,0
607395309550567423,0.855804,0
607395309684785151,0.824161,0
607395309819002879,0.811048,0
607395309953220607,0.853928,0
607395310221656063,0.801754,0
607395310355873791,0.804171,0
607395310490091519,0.83338,0
607395310624309247,0.800232,0
607395310758526975,0.811821,0
607395310892744703,0.806279,0
607395311026962431,0.802053,0
607395311295397887,0.824756,0
607395311429615615,0.819628,0
607395311563833343,0.820981,0
607395311698051071,0.826857,0
607395311832268799,0.829271,0
607395311966486527,0.815296,0
607395312100704255,0.815607,0
607395312369139711,0.802575,0
607395312503357439,0.817114,0
607395312637575167,0.814539,0
607395312771792895,0.825742,0
607395312906010623,0.833094,0
607395313040228351,0.833699,0
607395313174446079,0.790638,0
607395314516623359,0.841632,0
607395314650841087,0.836376,0
607395314785058815,0.793823,0
607395314919276543,0.804637,0
607395315053494271,0.853132,0
607395315187711999,0.860033,0
607395315321929727,0.812139,0
607395315590365183,0.849417,0
607395315724582911,0.79698,0
607395315858800639,0.827437,0
607395315993018367,0.817547,0
607395316127236095,0.812299,0
607395316261453823,0.80465,0
607395316395671551,0.845559,0
607395316664107007,0.833172,0
607395316798324735,0.857553,0
607395316932542463,0.802854,0
607395317066760191,0.805089,0
607395317200977919,0.858834,0
607395317335195647,0.853551,0
607395317469413375,0.849447,0
607395317737848831,0.827317,0
607395317872066559,0.803142,0
607395318006284287,0.852516,0
607395318140502015,0.843594,0
607395318274719743,0.799886,0
607395318408937471,0.816992,0
607395318543155199,0.846297,0
607395318811590655,0.80962,0
607395318945808383,0.812833,0
607395319080026111,0.826756,0
607395319214243839,0.8455,0
607395319348461567,0.79879,0
607395319482679295,0.815121,0
607395319616897023,0.822925,0
607395319885332479,0.8162,0
607395320019550207,0.812173,0
607395320153767935,0.81086,0
607395320287985663,0.793729,0
607395320422203391,0.805326,0
607395320556421119,0.802194,0
607395320690638847,0.8097,0
607395320959074303,0.805298,0
607395321093292031,0.817521,0
607395321227509759,0.842119,0
607395321361727487,0.844055,0
607395321495945215,0.827244,0
607395321630162943,0.822358,0
607395321764380671,0.825923,0
607395323106557951,0.738094,0
607395323240775679,0.730326,0
607395323374993407,0.726754,0
607395323509211135,0.753715,0
607395323643428863,0.741732,0
607395323777646591,0.737947,0
607395323911864319,0.716573,0
607395324180299775,0.772901,0
607395324314517503,0.771116,0
607395324448735231,0.744114,0
607395324582952959,0.749088,0
607395324717170687,0.787865,0
607395324851388415,0.779104,0
607395324985606143,0.739511,0
607395325254041599,0.758305,0
607395325388259327,0.754462,0
607395325522477055,0.769901,0
607395325656694783,0.769056,0
607395325790912511,0.762303,0
607395325925130239,0.770387,0
607395326059347967,0.741673,0
607395326327783423,0.778849,0
607395326462001151,0.773482,0
607395326596218879,0.749209,0
607395326730436607,0.757819,0
607395326864654335,0.735484,0
607395326998872063,0.735344,0
607395327133089791,0.749015,0
607395327401525247,0.71869,0
607395327535742975,0.731912,0
607395327669960703,0.709894,0
607395327804178431,0.722131,0
607395327938396159,0.72152,0
607395328072613887,0.739861,0
607395328206831615,0.69932,0
607395328475267071,0.786331,0
607395328609484799,0.77203,0
607395328743702527,0.776089,0
607395328877920255,0.772073,0
607395329012137983,0.788378,0
607395329146355711,0.821994,0
607395329280573439,0.752235,0
607395329549008895,0.756211,0
607395329683226623,0.744926,0
607395329817444351,0.734557,0
607395329951662079,0.742361,0
607395330085879807,0.708665,0
607395330220097535,0.731202,0
607395330354315263,0.710314,0
607395331696492543,0.758893,0
607395331830710271,0.771283,0
607395331964927999,0.768617,0
607395332099145727,0.767586,0
607395332233363455,0.795821,0
607395332367581183,0.790591,0
607395332501798911,0.761721,0
607395332770234367,0.788973,0
607395332904452095,0.762194,0
607395333038669823,0.776508,0
607395333172887551,0.764468,0
607395333307105279,0.808147,0
607395333441323007,0.806504,0
607395333575540735,0.805293,0
607395333843976191,0.775965,0
607395333978193919,0.752172,0
607395334112411647,0.746435,0
607395334246629375,0.743767,0
607395334380847103,0.769632,0
607395334515064831,0.766319,0
607395334649282559,0.778998,0
607395334917718015,0.76157,0
607395335051935743,0.79296,0
607395335186153471,0.728456,0
607395335320371199,0.746081,0
607395335454588927,0.772603,0
607395335588806655,0.785288,0
607395335723024383,0.770846,0
607395335991459839,0.775806,0
607395336125677567,0.791014,0
607395336259895295,0.796793,0
607395336394113023,0.795327,0
607395336528330751,0.804938,0
607395336662548479,0.797461,0
607395336796766207,0.784882,0
607395337065201663,0.820769,0
607395337199419391,0.820744,0
607395337333637119,0.811797,0
607395337467854847,0.81581,0
607395337602072575,0.846762,0
607395337736290303,0.832956,0
607395337870508031,0.800199,0
607395338138943487,0.751023,0
607395338273161215,0.765433,0
607395338407378943,0.778283,0
607395338541596671,0.76925,0
607395338675814399,0.774311,0
607395338810032127,0.779274,0
607395338944249855,0.728528,0
607395340286427135,0.804258,0
607395340420644863,0.823665,0
607395340554862591,0.806659,0
607395340689080319,0.799674,0
607395340823298047,0.828819,0
607395340957515775,0.821944,0
607395341091733503,0.816673,0
607395341360168959,0.820529,0
607395341494386687,0.831345,0
607395341628604415,0.826866,0
607395341762822143,0.820477,0
607395342165475327,0.828025,0
607395342433910783,0.802441,0
607395342568128511,0.812812,0
607395342702346239,0.790892,0
607395342836563967,0.79594,0
607395342970781695,0.806404,0
607395343104999423,0.811255,0
607395343239217151,0.812487,0
607395343507652607,0.807935,0
607395343641870335,0.819035,0
607395343776088063,0.813063,0
607395343910305791,0.81481,0
607395344044523519,0.810306,0
607395344178741247,0.819339,0
607395344312958975,0.812963,0
607395344849829887,0.804058,0
607395344984047615,0.803183,0
607395346728878079,0.798555,0
607395346863095807,0.807627,0
607395346997313535,0.788105,0
607395347131531263,0.809622,0
607395347265748991,0.815205,0
607395347399966719,0.809536,0
607395347534184447,0.788932,0
607395348876361727,0.821781,0
607395349010579455,0.823076,0
607395349144797183,0.809579,0
607395349279014911,0.806778,0
607395349413232639,0.806464,0
607395349547450367,0.829448,0
607395349681668095,0.827088,0
607395349950103551,0.817298,0
607395350084321279,0.800839,0
607395350218539007,0.796282,0
607395350352756735,0.790921,0
607395350755409919,0.829742,0
607395351023845375,0.818856,0
607395351158063103,0.824519,0
607395351292280831,0.821259,0
607395351426498559,0.804288,0
607395351560716287,0.830076,0
607395351694934015,0.808596,0
607395351829151743,0.824546,0
607395352097587199,0.800157,0
607395352231804927,0.794364,0
607395352366022655,0.821124,0
607395352500240383,0.805507,0
607395352634458111,0.800495,0
607395352768675839,0.774297,0
607395352902893567,0.799022,0
607395353439764479,0.826161,0
607395353573982207,0.832712,0
607395355318812671,0.824671,0
607395355453030399,0.833313,0
607395355587248127,0.830065,0
607395355721465855,0.830205,0
607395355855683583,0.823196,0
607395355989901311,0.833822,0
607395356124119039,0.830311,0
607395357466296319,0.786945,0
607395357600514047,0.787247,0
607395357734731775,0.737112,0
607395357868949503,0.766879,0
607395358003167231,0.7546,0
607395358137384959,0.790371,0
607395358271602687,0.752395,0
607395358540038143,0.828717,0
607395358674255871,0.824733,0
607395358808473599,0.792109,0
607395358942691327,0.81177,0
607395359076909055,0.792643,0
607395359211126783,0.800439,0
607395359345344511,0.809821,0
607395359613779967,0.728507,0
607395359747997695,0.742071,0
607395359882215423,0.716676,0
607395360016433151,0.714114,0
607395360150650879,0.748314,0
607395360284868607,0.753608,0
607395360419086335,0.707183,0
607395360687521791,0.778323,0
607395360821739519,0.811219,0
607395360955957247,0.788304,0
607395361090174975,0.77889,0
607395361224392703,0.795453,0
607395361358610431,0.791389,0
607395361492828159,0.78613,0
607395361761263615,0.753576,0
607395361895481343,0.793863,0
607395362029699071,0.751579,0
607395362163916799,0.762497,0
607395362298134527,0.763301,0
607395362432352255,0.775314,0
607395362566569983,0.759791,0
607395362835005439,0.779918,0
607395362969223167,0.786894,0
607395363103440895,0.805451,0
607395363237658623,0.81534,0
607395363371876351,0.788668,0
607395363506094079,0.780402,0
607395363640311807,0.786338,0
607395363908747263,0.723698,0
607395364042964991,0.736344,0
607395364177182719,0.705548,0
607395364311400447,0.733446,0
607395364445618175,0.763084,0
607395364579835903,0.762672,0
607395364714053631,0.723851,0
607395374646165503,0.612253,0
607395374780383231,0.597454,0
607395374914600959,0.645442,0
607395375048818687,0.581184,0
607395375183036415,0.629857,0
607395375317254143,0.607205,0
607395375451471871,0.653832,0
607395375719907327,0.57575,0
607395375854125055,0.568131,0
607395375988342783,0.570124,0
607395376122560511,0.559893,0
607395376256778239,0.590799,0
607395376390995967,0.571256,0
607395376525213695,0.597132,0
607395376793649151,0.639613,0
607395376927866879,0.612104,0
607395377062084607,0.654885,0
607395377196302335,0.590704,0
607395377330520063,0.655219,0
607395377464737791,0.619311,0
607395377598955519,0.664151,0
607395377867390975,0.548919,0
607395378001608703,0.547193,0
607395378135826431,0.562095,0
607395378270044159,0.551091,0
607395378404261887,0.55967,0
607395378538479615,0.550091,0
607395378672697343,0.59772,0
607395378941132799,0.659135,0
607395379075350527,0.637365,0
607395379209568255,0.676155,0
607395379343785983,0.673461,0
607395379478003711,0.668818,0
607395379612221439,0.64604,0
607395379746439167,0.673034,0
607395380014874623,0.630756,0
607395380149092351,0.612416,0
607395380283310079,0.621361,0
607395380417527807,0.59498,0
607395380551745535,0.630472,0
607395380685963263,0.61725,0
607395380820180991,0.660333,0
607395381088616447,0.664089,0
607395381222834175,0.664423,0
607395381357051903,0.67527,0
607395381491269631,0.687404,0
607395381625487359,0.647693,0
607395381759705087,0.668193,0
607395381893922815,0.69088,0
607395383236100095,0.534846,0
607395383370317823,0.544089,0
607395383504535551,0.52076,0
607395383638753279,0.515802,0
607395383772971007,0.55952,0
607395383907188735,0.557135,0
607395384041406463,0.552079,0
607395384309841919,0.560982,0
607395384444059647,0.554137,0
607395384578277375,0.548925,0
607395384712495103,0.552377,0
607395384846712831,0.541148,0
607395384980930559,0.536719,0
607395385115148287,0.54211,0
607395385383583743,0.526805,0
607395385517801471,0.535641,0
607395385652019199,0.508111,0
607395385786236927,0.518368,0
607395385920454655,0.542708,0
607395386054672383,0.546861,0
607395386188890111,0.522482,0
607395386457325567,0.519853,0
607395386591543295,0.503433,0
607395386725761023,0.508551,0
607395386859978751,0.500788,0
607395386994196479,0.507286,0
607395387128414207,0.527493,0
607395387262631935,0.521147,0
607395387531067391,0.557699,0
607395387665285119,0.534686,0
607395387799502847,0.571594,0
607395387933720575,0.539172,0
607395388067938303,0.565705,0
607395388202156031,0.564912,0
607395388336373759,0.562969,0
607395388604809215,0.566462,0
607395388739026943,0.534536,0
607395388873244671,0.546413,0
607395389007462399,0.537904,0
607395389141680127,0.559999,0
607395389275897855,0.553444,0
607395389410115583,0.562493,0
607395389678551039,0.539823,0
607395389812768767,0.537881,0
607395389946986495,0.558709,0
607395390081204223,0.537054,0
607395390215421951,0.550056,0
607395390349639679,0.554756,0
607395390483857407,0.534563,0
607395391826034687,0.639255,0
607395391960252415,0.650293,0
607395392094470143,0.643661,0
607395392228687871,0.646052,0
607395392362905599,0.637372,0
607395392497123327,0.659858,0
607395392631341055,0.623302,0
607395392899776511,0.615015,0
607395393033994239,0.617115,0
607395393168211967,0.636888,0
607395393302429695,0.588257,0
607395393436647423,0.663079,0
607395393570865151,0.6405,0
607395393705082879,0.664482,0
607395393973518335,0.617161,0
607395394107736063,0.609395,0
607395394241953791,0.63173,0
607395394376171519,0.654114,0
607395394510389247,0.634213,0
607395394644606975,0.637355,0
607395394778824703,0.604233,0
607395395047260159,0.61012,0
607395395181477887,0.600467,0
607395395315695615,0.605726,0
607395395449913343,0.56714,0
607395395584131071,0.64343,0
607395395718348799,0.593622,0
607395395852566527,0.630505,0
607395396121001983,0.640853,0
607395396255219711,0.639632,0
607395396389437439,0.640222,0
607395396523655167,0.65411,0
607395396657872895,0.66184,0
607395396792090623,0.649321,0
607395396926308351,0.68496,0
607395397194743807,0.650886,0
607395397328961535,0.650208,0
607395397463179263,0.639677,0
607395397597396991,0.652482,0
607395397731614719,0.676976,0
607395397865832447,0.679911,0
607395398000050175,0.677061,0
607395398268485631,0.653561,0
607395398402703359,0.630701,0
607395398536921087,0.672253,0
607395398671138815,0.639286,0
607395398805356543,0.688834,0
607395398939574271,0.623795,0
607395399073791999,0.685501,0
607395400415969279,0.56288,0
607395400550187007,0.535472,0
607395400684404735,0.547287,0
607395400818622463,0.531331,0
607395400952840191,0.550558,0
607395401087057919,0.530524,0
607395401221275647,0.539354,0
607395401489711103,0.528869,0
607395401623928831,0.521277,0
607395401758146559,0.536176,0
607395401892364287,0.519593,0
607395402026582015,0.518466,0
607395402160799743,0.507528,0
607395402295017471,0.532152,0
607395402563452927,0.511584,0
607395402697670655,0.533882,0
607395402831888383,0.507062,0
607395402966106111,0.487689,0
607395403100323839,0.506345,0
607395403234541567,0.523626,0
607395403368759295,0.516212,0
607395403637194751,0.538202,0
607395403771412479,0.520823,0
607395403905630207,0.538834,0
607395404039847935,0.513459,0
607395404174065663,0.538434,0
607395404308283391,0.532022,0
607395404442501119,0.539161,0
607395404710936575,0.543166,0
607395404845154303,0.551592,0
607395404979372031,0.579171,0
607395405113589759,0.554968,0
607395405247807487,0.568445,0
607395405382025215,0.540332,0
607395405516242943,0.596158,0
607395405784678399,0.525316,0
607395405918896127,0.521161,0
607395406053113855,0.533629,0
607395406187331583,0.526626,0
607395406321549311,0.538097,0
607395406455767039,0.53968,0
607395406589984767,0.545511,0
607395406858420223,0.547856,0
607395406992637951,0.521879,0
607395407126855679,0.564708,0
607395407261073407,0.530613,0
607395407395291135,0.594265,0
607395407529508863,0.561415,0
607395407663726591,0.584554,0
607395409005903871,0.698513,0
607395409140121599,0.665191,0
607395409274339327,0.685836,0
607395409408557055,0.677806,0
607395409542774783,0.716051,0
607395409676992511,0.691776,0
607395409811210239,0.718908,0
607395410079645695,0.649906,0
607395410213863423,0.657307,0
607395410348081151,0.655278,0
607395410482298879,0.642322,0
607395410616516607,0.672246,0
607395410750734335,0.660313,0
607395410884952063,0.666063,0
607395411153387519,0.688086,0
607395411287605247,0.680691,0
607395411421822975,0.692516,0
607395411556040703,0.684708,0
607395411690258431,0.707448,0
607395411824476159,0.686629,0
607395411958693887,0.713105,0
607395412227129343,0.680577,0
607395412361347071,0.673256,0
607395412495564799,0.678814,0
607395412629782527,0.655415,0
607395412764000255,0.673427,0
607395412898217983,0.647872,0
607395413032435711,0.671818,0
607395413300871167,0.716574,0
607395413435088895,0.711966,0
607395413569306623,0.724709,0
607395413703524351,0.726228,0
607395413837742079,0.723621,0
607395413971959807,0.701994,0
607395414106177535,0.724307,0
607395414374612991,0.706032,0
607395414508830719,0.693157,0
607395414643048447,0.69846,0
607395414777266175,0.685597,0
607395414911483903,0.702086,0
607395415045701631,0.68512,0
607395415179919359,0.690362,0
607395415448354815,0.690836,0
607395415582572543,0.701277,0
607395415716790271,0.71892,0
607395415851007999,0.726995,0
607395415985225727,0.703627,0
607395416119443455,0.705357,0
607395416253661183,0.727632,0
607395417595838463,0.640003,0
607395417730056191,0.639958,0
607395417864273919,0.609481,0
607395417998491647,0.604311,0
607395418132709375,0.63335,0
607395418266927103,0.621531,0
607395418401144831,0.650451,0
607395418669580287,0.59808,0
607395418803798015,0.603358,0
607395418938015743,0.625376,0
607395419072233471,0.60642,0
607395419206451199,0.599275,0
607395419340668927,0.601217,0
607395419474886655,0.610252,0
607395419743322111,0.593094,0
607395419877539839,0.607227,0
607395420011757567,0.586289,0
607395420145975295,0.57271,0
607395420280193023,0.61181,0
607395420414410751,0.601051,0
607395420548628479,0.60707,0
607395420817063935,0.590249,0
607395420951281663,0.587211,0
607395421085499391,0.588937,0
607395421219717119,0.575492,0
607395421353934847,0.605297,0
607395421488152575,0.596125,0
607395421622370303,0.598114,0
607395421890805759,0.663416,0
607395422025023487,0.642385,0
607395422159241215,0.660434,0
607395422293458943,0.635334,0
607395422427676671,0.665076,0
607395422561894399,0.660278,0
607395422696112127,0.663137,0
607395422964547583,0.668644,0
607395423098765311,0.612665,0
607395423232983039,0.624486,0
607395423367200767,0.630689,0
607395423501418495,0.651351,0
607395423635636223,0.599134,0
607395423769853951,0.674026,0
607395424038289407,0.625919,0
607395424172507135,0.623287,0
607395424306724863,0.633667,0
607395424440942591,0.620374,0
607395424575160319,0.652973,0
607395424709378047,0.658361,0
607395424843595775,0.670747,0
607395426185773055,0.699853,0
607395426319990783,0.683197,0
607395426454208511,0.711063,0
607395426588426239,0.695162,0
607395426722643967,0.724592,0
607395426856861695,0.701701,0
607395426991079423,0.730747,0
607395427259514879,0.677241,0
607395427393732607,0.676943,0
607395427527950335,0.694031,0
607395427662168063,0.670276,0
607395427796385791,0.694301,0
607395427930603519,0.690771,0
607395428064821247,0.714722,0
607395428333256703,0.696388,0
607395428467474431,0.659392,0
607395428601692159,0.725582,0
607395428735909887,0.693211,0
607395428870127615,0.709028,0
607395429004345343,0.687611,0
607395429138563071,0.733372,0
607395429406998527,0.67906,0
607395429541216255,0.664067,0
607395429675433983,0.665196,0
607395429809651711,0.685165,0
607395429943869439,0.670316,0
607395430078087167,0.688786,0
607395430212304895,0.661293,0
607395430480740351,0.78475,0
607395430614958079,0.783957,0
607395430749175807,0.782552,0
607395430883393535,0.752524,0
607395431017611263,0.767751,0
607395431151828991,0.752021,0
607395431286046719,0.799672,0
607395431554482175,0.74264,0
607395431688699903,0.744095,0
607395431822917631,0.742236,0
607395431957135359,0.705935,0
607395432091353087,0.729095,0
607395432225570815,0.744343,0
607395432359788543,0.759127,0
607395432628223999,0.753646,0
607395432762441727,0.748846,0
607395432896659455,0.774288,0
607395433030877183,0.735148,0
607395433165094911,0.762683,0
607395433299312639,0.763744,0
607395433433530367,0.757284,0
607395512085118975,1.17398,0
607395512353554431,0.925076,0
607395512487772159,1.08089,0
607395512621989887,1.07635,0
607395512890425343,0.948404,0
607395514232602623,0.868746,0
607395514366820351,0.882168,0
607395514501038079,0.785203,0
607395514635255807,0.94478,0
607395514769473535,0.856346,0
607395514903691263,0.961548,0
607395515037908991,0.745821,0
607395515574779903,1.84337,0
607395515843215359,2.15533,0
607395516111650815,1.15047,0
607395516380086271,0.983856,0
607395516514303999,1.08546,0
607395516648521727,0.944433,0
607395516782739455,0.945534,0
607395516916957183,0.972272,0
607395517051174911,0.975448,0
607395517185392639,0.974707,0
607395517990699007,1.09579,0
607395518259134463,1.12133,0
607395518527569919,0.740294,0
607395518661787647,0.88419,0
607395518796005375,0.720399,0
607395518930223103,0.713874,0
607395519064440831,0.808471,0
607395519198658559,0.928126,0
607395519332876287,0.740677,0
607395521748795391,1.56389,0
607395521883013119,1.66723,0
607395522017230847,1.42223,0
607395522151448575,1.52242,0
607395523090972671,1.42148,0
607395523896279039,1.36246,0
607395524030496767,1.18133,0
607395524164714495,1.29032,0
607395524298932223,1.22324,0
607395524433149951,1.30651,0
607395524567367679,1.36211,0
607395524701585407,1.44612,0
607395527385939967,2.79714,0
607395529264988159,0.589655,0
607395529399205887,0.644154,0
607395529533423615,0.532381,0
607395529667641343,0.562371,0
607395529801859071,0.551485,0
607395529936076799,0.589696,0
607395530070294527,0.514716,0
607395530338729983,0.72639,0
607395530472947711,0.857421,0
607395530607165439,0.718285,0
607395530741383167,0.779013,0
607395530875600895,0.74278,0
607395531009818623,0.755808,0
607395531144036351,0.683039,0
607395531412471807,0.475251,0
607395531546689535,0.519679,0
607395531680907263,0.450144,0
607395531815124991,0.461033,0
607395531949342719,0.50585,0
607395532083560447,0.520666,0
607395532217778175,0.461927,0
607395532486213631,0.70705,0
607395532620431359,0.686887,0
607395532754649087,0.620303,0
607395532888866815,0.625877,0
607395533023084543,0.647569,0
607395533157302271,0.70899,0
607395533291519999,0.688078,0
607395533559955455,0.515238,0
607395533694173183,0.548785,0
607395533828390911,0.499271,0
607395533962608639,0.516851,0
607395534096826367,0.489003,0
607395534231044095,0.560976,0
607395534365261823,0.464634,0
607395534633697279,0.66603,0
607395534767915007,0.707798,0
607395534902132735,0.614681,0
607395535036350463,0.647243,0
607395535170568191,0.672979,0
607395535304785919,0.678334,0
607395535439003647,0.620828,0
607395535707439103,0.484993,0
607395535841656831,0.483876,0
607395535975874559,0.469255,0
607395536110092287,0.475035,0
607395536244310015,0.511921,0
607395536378527743,0.499699,0
607395536512745471,0.598454,0
607395537854922751,0.926235,0
607395537989140479,1.30951,0
607395538123358207,0.862288,0
607395538257575935,0.971737,0
607395538391793663,2.10861,0
607395538526011391,1.28034,0
607395538660229119,1.07146,0
607395538928664575,1.16807,0
607395539062882303,1.23956,0
607395539197100031,1.27285,0
607395539331317759,1.09567,0
607395539733970943,1.27915,0
607395540002406399,0.73099,0
607395540136624127,0.727012,0
607395540270841855,0.65791,0
607395540405059583,0.686683,0
607395540539277311,0.747736,0
607395540673495039,0.755036,0
607395540807712767,0.720794,0
607395541076148223,0.952893,0
607395541210365951,0.865374,0
607395541344583679,0.798701,0
607395541478801407,0.828136,0
607395541613019135,1.00401,0
607395541747236863,1.01554,0
607395541881454591,0.888154,0
607395542149890047,1.13171,0
607395542418325503,0.970975,0
607395542552543231,1.06321,0
607395542686760959,1.05619,0
607395542955196415,0.92437,0
607395543223631871,1.30008,0
607395543357849599,1.2634,0
607395543492067327,1.95702,0
607395543626285055,1.33812,0
607395544297373695,0.964645,0
607395544431591423,0.928634,0
607395544565809151,0.680658,0
607395544700026879,0.740954,0
607395544834244607,0.952556,0
607395544968462335,1.10965,0
607395545102680063,0.795576,0
607395546444857343,1.01194,0
607395546713292799,0.954485,0
607395546847510527,1.05201,0
607395546981728255,1.02331,0
607395547115945983,1.20104,0
607395547250163711,1.02421,0
607395547518599167,1.12292,0
607395547652816895,1.13649,0
607395547787034623,1.16068,0
607395547921252351,1.13308,0
607395548592340991,1.02371,0
607395548726558719,0.973871,0
607395548860776447,0.903638,0
607395548994994175,0.959777,0
607395549129211903,1.02412,0
607395549263429631,0.969999,0
607395549397647359,0.977366,0
607395549666082815,0.985906,0
607395549800300543,1.16587,0
607395549934518271,0.99891,0
607395550068735999,0.954251,0
607395550202953727,1.08182,0
607395550337171455,0.973882,0
607395550471389183,1.11008,0
607395550739824639,1.12048,0
607395550874042367,1.04637,0
607395551008260095,1.12263,0
607395551142477823,1.0409,0
607395551276695551,1.08632,0
607395551410913279,1.06337,0
607395551545131007,1.05542,0
607395551813566463,1.03458,0
607395551947784191,1.16218,0
607395552082001919,1.20001,0
607395552350437375,1.16119,0
607395552484655103,1.03489,0
607395552618872831,1.09575,0
607395552887308287,1.18265,0
607395553021526015,0.96648,0
607395553155743743,0.98217,0
607395553289961471,1.17389,0
607395553424179199,1.00386,0
607395553558396927,1.15657,0
607395553692614655,0.881915,0
607395560135065599,1.24377,0
607395560403501055,1.18309,0
607395560537718783,1.3051,0
607395560940371967,1.19246,0
607395561074589695,1.07233,0
607395562014113791,1.25936,0
607395562282549247,1.1464,0
607395563624726527,0.718258,0
607395563758944255,0.72995,0
607395563893161983,0.678865,0
607395564027379711,0.704712,0
607395564161597439,0.763571,0
607395564295815167,0.796738,0
607395564430032895,0.655623,0
607395564698468351,0.94146,0
607395564832686079,0.941009,0
607395564966903807,0.75247,0
607395565101121535,0.814099,0
607395565235339263,0.959033,0
607395565369556991,0.964942,0
607395565503774719,0.892628,0
607395565772210175,0.521453,0
607395565906427903,0.497204,0
607395566040645631,0.515171,0
607395566174863359,0.498957,0
607395566309081087,0.588755,0
607395566443298815,0.532831,0
607395566577516543,0.493034,0
607395566845951999,0.65644,0
607395566980169727,0.693445,0
607395567114387455,0.556979,0
607395567248605183,0.613191,0
607395567382822911,0.69318,0
607395567517040639,0.723548,0
607395567651258367,0.584495,0
607395567919693823,0.687307,0
607395568053911551,0.778915,0
607395568188129279,0.66378,0
607395568322347007,0.704992,0
607395568456564735,0.699132,0
607395568590782463,0.778734,0
607395568725000191,0.63862,0
607395568993435647,0.953385,0
607395569127653375,1.0144,0
607395569261871103,0.819048,0
607395569396088831,0.94656,0
607395569530306559,0.829921,0
607395569664524287,0.933711,0
607395569798742015,0.781745,0
607395570067177471,0.545217,0
607395570201395199,0.594421,0
607395570335612927,0.485517,0
607395570469830655,0.514747,0
607395570604048383,0.573057,0
607395570738266111,0.640892,0
607395570872483839,0.493892,0
607395580804595711,1.15143,0
607395580938813439,0.996437,0
607395581073031167,1.17506,0
607395581207248895,1.00076,0
607395581341466623,1.17287,0
607395581475684351,1.08777,0
607395581609902079,1.1619,0
607395581878337535,0.979958,0
607395582012555263,0.958253,0
607395582146772991,0.992007,0
607395582280990719,0.940478,0
607395582415208447,0.962537,0
607395582549426175,1.04058,0
607395582683643903,1.00443,0
607395582952079359,0.977025,0
607395583086297087,0.947434,0
607395583220514815,0.972691,0
607395583354732543,0.915901,0
607395583488950271,1.14678,0
607395583623167999,1.01499,0
607395583757385727,1.13112,0
607395584025821183,0.90754,0
607395584160038911,0.898363,0
607395584294256639,0.865576,0
607395584428474367,0.880967,0
607395584562692095,0.943309,0
607395584696909823,0.906883,0
607395584831127551,0.950487,0
607395585099563007,1.14269,0
607395585233780735,1.12774,0
607395585367998463,1.17612,0
607395585502216191,1.11886,0
607395585636433919,1.1834,0
607395585770651647,1.17782,0
607395585904869375,1.18999,0
607395586173304831,1.07021,0
607395586307522559,0.952793,0
607395586441740287,1.12043,0
607395586575958015,1.02754,0
607395586710175743,1.14669,0
607395586844393471,1.04697,0
607395586978611199,1.08192,0
607395587247046655,1.11107,0
607395587381264383,1.19611,0
607395587515482111,1.1293,0
607395587649699839,1.11847,0
607395587783917567,1.12104,0
607395587918135295,1.11694,0
607395588052353023,1.16064,0
607395589394530303,0.897004,0
607395589528748031,0.909764,0
607395589662965759,0.891234,0
607395589797183487,0.890274,0
607395589931401215,0.927419,0
607395590065618943,0.919454,0
607395590199836671,0.915319,0
607395590468272127,0.90299,0
607395590602489855,0.875489,0
607395590736707583,0.902867,0
607395590870925311,0.897541,0
607395591005143039,0.950642,0
607395591139360767,0.907111,0
607395591273578495,0.921151,0
607395591542013951,0.865801,0
607395591676231679,0.878827,0
607395591810449407,0.853625,0
607395591944667135,0.859394,0
607395592078884863,0.874098,0
607395592213102591,0.878087,0
607395592347320319,0.884271,0
607395592615755775,0.856681,0
607395592749973503,0.858293,0
607395592884191231,0.871863,0
607395593018408959,0.860135,0
607395593152626687,0.888884,0
607395593286844415,0.892081,0
607395593421062143,0.875806,0
607395593689497599,0.997249,0
607395593823715327,0.976396,0
607395593957933055,0.985493,0
607395594092150783,0.947122,0
607395594226368511,1.01525,0
607395594360586239,1.01879,0
607395594494803967,1.01388,0
607395594763239423,1.00807,0
607395594897457151,0.988046,0
607395595031674879,0.96392,0
607395595165892607,0.991236,0
607395595300110335,1.25847,0
607395595434328063,1.17832,0
607395595568545791,1.0342,0
607395595836981247,0.944665,0
607395595971198975,0.924581,0
607395596105416703,0.925598,0
607395596239634431,0.90777,0
607395596373852159,0.976236,0
607395596508069887,0.962111,0
607395596642287615,0.918958,0
607395597984464895,1.02131,0
607395598118682623,0.966613,0
607395598252900351,1.02862,0
607395598387118079,0.960982,0
607395598521335807,1.06896,0
607395598655553535,1.02822,0
607395598789771263,1.04166,0
607395599058206719,0.920803,0
607395599192424447,0.844676,0
607395599326642175,0.905192,0
607395599460859903,0.83733,0
607395599595077631,0.96428,0
607395599729295359,0.917009,0
607395599863513087,0.976921,0
607395600131948543,0.931426,0
607395600266166271,0.816909,0
607395600400383999,0.911053,0
607395600534601727,0.851155,0
607395600668819455,0.982775,0
607395600803037183,0.979966,0
607395600937254911,0.962373,0
607395601205690367,0.824993,0
607395601339908095,0.802191,0
607395601474125823,0.857088,0
607395601608343551,0.79105,0
607395601742561279,0.842573,0
607395601876779007,0.834725,0
607395602010996735,0.858451,0
607395602279432191,1.25504,0
607395602413649919,1.06261,0
607395602547867647,1.23961,0
607395602682085375,1.06349,0
607395602816303103,1.35589,0
607395602950520831,1.14537,0
607395603084738559,1.67866,0
607395603353174015,1.12201,0
607395603487391743,1.07823,0
607395603621609471,1.09754,0
607395603755827199,1.02349,0
607395603890044927,1.11303,0
607395604024262655,1.13415,0
607395604158480383,1.07723,0
607395604426915839,0.989077,0
607395604561133567,0.993547,0
607395604695351295,0.984486,0
607395604829569023,0.978631,0
607395604963786751,1.23842,0
607395605098004479,1.06966,0
607395605232222207,1.15025,0
607395606574399487,0.82631,0
607395606708617215,0.817694,0
607395606842834943,0.818185,0
607395606977052671,0.823727,0
607395607111270399,0.80835,0
607395607245488127,0.835602,0
607395607379705855,0.829327,0
607395607648141311,0.867218,0
607395607782359039,0.844715,0
607395607916576767,0.818428,0
607395608050794495,0.846424,0
607395608185012223,0.846201,0
607395608319229951,0.851808,0
607395608453447679,0.826687,0
607395608721883135,0.790752,0
607395608856100863,0.802059,0
607395608990318591,0.770431,0
607395609124536319,0.793293,0
607395609258754047,0.801223,0
607395609392971775,0.81116,0
607395609527189503,0.791943,0
607395609795624959,0.820454,0
607395609929842687,0.824815,0
607395610064060415,0.813104,0
607395610198278143,0.806789,0
607395610332495871,0.81892,0
607395610466713599,0.86077,0
607395610600931327,0.823901,0
607395610869366783,0.813167,0
607395611003584511,0.79693,0
607395611137802239,0.803192,0
607395611272019967,0.806071,0
607395611406237695,0.845752,0
607395611540455423,0.826319,0
607395611674673151,0.837344,0
607395611943108607,0.858811,0
607395612077326335,0.8598,0
607395612211544063,0.82535,0
607395612345761791,0.829609,0
607395612479979519,0.897256,0
607395612614197247,0.895478,0
607395612748414975,0.850218,0
607395613016850431,0.793734,0
607395613151068159,0.809953,0
607395613285285887,0.794221,0
607395613419503615,0.799311,0
607395613553721343,0.803728,0
607395613687939071,0.82169,0
607395613822156799,0.783096,0
607395615164334079,1.58524,0
607395615298551807,1.38446,0
607395615432769535,1.5833,0
607395615566987263,1.36169,0
607395615701204991,1.67456,0
607395615835422719,1.53557,0
607395615969640447,1.73954,0
607395616238075903,1.3153,0
607395616372293631,1.32281,0
607395616506511359,1.26529,0
607395616640729087,1.26252,0
607395616774946815,1.367,0
607395616909164543,1.24075,0
607395617043382271,1.33797,0
607395617311817727,1.14826,0
607395617446035455,1.21065,0
607395617580253183,1.11574,0
607395617714470911,1.14675,0
607395617848688639,1.31613,0
607395617982906367,1.23331,0
607395618117124095,1.19558,0
607395618385559551,1.22538,0
607395618519777279,1.21363,0
607395618653995007,1.21445,0
607395618788212735,1.18705,0
607395618922430463,1.29814,0
607395619056648191,1.25859,0
607395619190865919,1.27061,0
607395619459301375,1.79918,0
607395619593519103,2.41366,0
607395619727736831,1.58041,0
607395619861954559,1.71255,0
607395619996172287,1.68465,0
607395620130390015,1.83457,0
607395620264607743,1.6869,0
607395620533043199,1.48664,0
607395620667260927,1.35093,0
607395620801478655,1.50938,0
607395620935696383,1.3625,0
607395621069914111,1.53989,0
607395621204131839,1.41661,0
607395621338349567,1.72482,0
607395621606785023,1.55711,0
607395621741002751,1.6036,0
607395621875220479,1.40251,0
607395622009438207,1.46195,0
607395622143655935,1.4484,0
607395622277873663,1.50509,0
607395622412091391,2.33008,0
607395623754268671,0.962617,0
607395623888486399,1.13063,0
607395624022704127,0.956588,0
607395624156921855,1.04179,0
607395624291139583,1.00486,0
607395624425357311,1.03699,0
607395624559575039,1.0044,0
607395624828010495,1.16389,0
607395624962228223,1.10509,0
607395625096445951,1.15406,0
607395625230663679,1.10649,0
607395625364881407,1.04684,0
607395625499099135,1.36681,0
607395625633316863,1.12651,0
607395625901752319,1.00847,0
607395626035970047,1.06345,0
607395626170187775,0.950799,0
607395626304405503,1.03681,0
607395626438623231,0.945294,0
607395626572840959,1.00634,0
607395626707058687,0.922734,0
607395626975494143,1.09814,0
607395627109711871,1.07932,0
607395627243929599,1.0767,0
607395627378147327,1.05205,0
607395627512365055,1.08395,0
607395627646582783,1.05463,0
607395627780800511,1.05725,0
607395628049235967,1.15364,0
607395628183453695,1.03401,0
607395628317671423,1.20081,0
607395628451889151,1.09694,0
607395628586106879,1.12043,0
607395628720324607,1.04251,0
607395628854542335,1.20603,0
607395629122977791,0.9681,0
607395629257195519,0.984476,0
607395629391413247,0.987825,0
607395629525630975,0.997176,0
607395629659848703,0.965921,0
607395629794066431,1.00047,0
607395629928284159,1.0125,0
607395630196719615,1.14989,0
607395630330937343,0.997591,0
607395630465155071,1.15495,0
607395630599372799,1.0223,0
607395630733590527,1.26748,0
607395630867808255,1.11327,0
607395631002025983,1.25674,0
607395632344203263,1.39872,0
607395632478420991,1.52103,0
607395632612638719,1.4605,0
607395632746856447,1.47752,0
607395632881074175,1.33989,0
607395633015291903,1.38758,0
607395633149509631,1.41293,0
607395633417945087,1.52398,0
607395633552162815,1.32885,0
607395633686380543,1.59264,0
607395633820598271,1.42615,0
607395633954815999,1.28598,0
607395634089033727,1.22466,0
607395634223251455,1.50534,0
607395634491686911,1.54502,0
607395634625904639,1.49611,0
607395634760122367,1.62855,0
607395634894340095,1.59516,0
607395635162775551,1.6432,0
607395635565428735,1.27723,0
607395635699646463,1.15792,0
607395635833864191,1.25252,0
607395635968081919,1.06482,0
607395636102299647,1.51415,0
607395636236517375,1.31685,0
607395636370735103,1.55693,0
607395636639170559,2.0417,0
607395636773388287,1.4339,0
607395637041823743,1.79188,0
607395637176041471,1.31916,0
607395637310259199,1.38174,0
607395637444476927,2.16306,0
607395637712912383,1.36352,0
607395637847130111,1.1543,0
607395637981347839,1.44109,0
607395638115565567,1.32496,0
607395638249783295,1.34253,0
607395638384001023,1.43342,0
607395638518218751,1.44983,0
607395649524072447,0.413547,0
607395649658290175,0.421674,0
607395649792507903,0.395246,0
607395649926725631,0.408971,0
607395650060943359,0.382814,0
607395650195161087,0.431537,0
607395650329378815,0.374648,0
607395650597814271,0.458259,0
607395650732031999,0.402472,0
607395650866249727,0.407056,0
607395651000467455,0.490058,0
607395651134685183,0.437161,0
607395651268902911,0.427965,0
607395651403120639,0.432341,0
607395651671556095,0.391082,0
607395651805773823,0.361742,0
607395651939991551,0.36525,0
607395652074209279,0.336578,0
607395652208427007,0.398619,0
607395652342644735,0.39169,0
607395652476862463,0.327987,0
607395652745297919,0.393207,0
607395652879515647,0.396485,0
607395653013733375,0.366365,0
607395653147951103,0.392984,0
607395653282168831,0.418368,0
607395653416386559,0.404503,0
607395653550604287,0.397821,0
607395653819039743,0.361084,0
607395653953257471,0.380617,0
607395654087475199,0.329003,0
607395654221692927,0.369958,0
607395654355910655,0.368076,0
607395654490128383,0.399723,0
607395654624346111,0.334125,0
607395654892781567,0.45351,0
607395655026999295,0.439115,0
607395655161217023,0.411186,0
607395655295434751,0.496576,0
607395655429652479,0.404065,0
607395655563870207,0.447763,0
607395655698087935,0.501803,0
607395655966523391,0.317938,0
607395656100741119,0.329187,0
607395656234958847,0.282087,0
607395656369176575,0.343247,0
607395656503394303,0.310342,0
607395656637612031,0.343181,0
607395656771829759,0.297017,0
607395658114007039,0.401574,0
607395658248224767,0.437396,0
607395658382442495,0.376752,0
607395658516660223,0.37741,0
607395658650877951,0.422982,0
607395658785095679,0.436056,0
607395658919313407,0.398512,0
607395659187748863,0.464372,0
607395659321966591,0.471963,0
607395659456184319,0.44288,0
607395659590402047,0.464394,0
607395659724619775,0.457015,0
607395659858837503,0.489649,0
607395659993055231,0.471078,0
607395660261490687,0.316883,0
607395660395708415,0.328969,0
607395660529926143,0.363269,0
607395660664143871,0.287488,0
607395660798361599,0.351437,0
607395660932579327,0.345644,0
607395661066797055,0.346677,0
607395661335232511,0.360545,0
607395661469450239,0.368366,0
607395661603667967,0.340428,0
607395661737885695,0.367473,0
607395661872103423,0.39513,0
607395662006321151,0.440456,0
607395662140538879,0.340362,0
607395662408974335,0.46933,0
607395662543192063,0.476064,0
607395662677409791,0.411239,0
607395662811627519,0.420883,0
607395662945845247,0.470291,0
607395663080062975,0.475733,0
607395663214280703,0.447982,0
607395663482716159,0.502965,0
607395663616933887,0.509482,0
607395663751151615,0.457158,0
607395663885369343,0.459357,0
607395664019587071,0.526148,0
607395664153804799,0.534575,0
607395664288022527,0.495492,0
607395664556457983,0.427685,0
607395664690675711,0.391107,0
607395664824893439,0.364063,0
607395664959111167,0.340539,0
607395665093328895,0.437578,0
607395665227546623,0.420929,0
607395665361764351,0.39304,0
607395666703941631,0.199927,0
607395666838159359,0.255025,0
607395666972377087,0.179942,0
607395667106594815,0.183996,0
607395667240812543,0.219659,0
607395667375030271,0.264675,0
607395667509247999,0.174725,0
607395667777683455,0.290787,0
607395667911901183,0.303256,0
607395668046118911,0.286549,0
607395668180336639,0.269587,0
607395668314554367,0.311781,0
607395668448772095,0.340357,0
607395668582989823,0.308955,0
607395668851425279,0.166171,0
607395668985643007,0.167707,0
607395669119860735,0.154678,0
607395669254078463,0.156308,0
607395669388296191,0.156974,0
607395669522513919,0.163288,0
607395669656731647,0.141744,0
607395669925167103,0.206594,0
607395670059384831,0.217601,0
607395670193602559,0.191789,0
607395670327820287,0.189351,0
607395670462038015,0.216243,0
607395670596255743,0.23513,0
607395670730473471,0.181155,0
607395670998908927,0.212756,0
607395671133126655,0.251312,0
607395671267344383,0.192945,0
607395671401562111,0.207154,0
607395671535779839,0.212778,0
607395671669997567,0.242683,0
607395671804215295,0.176106,0
607395672072650751,0.258704,0
607395672206868479,0.308803,0
607395672341086207,0.276555,0
607395672475303935,0.294027,0
607395672609521663,0.268187,0
607395672743739391,0.296078,0
607395672877957119,0.267507,0
607395673146392575,0.14676,0
607395673280610303,0.173493,0
607395673414828031,0.143595,0
607395673549045759,0.151313,0
607395673683263487,0.16495,0
607395673817481215,0.164998,0
607395673951698943,0.152021,0
607395675293876223,0.273944,0
607395675428093951,0.281754,0
607395675562311679,0.228179,0
607395675696529407,0.236243,0
607395675830747135,0.329174,0
607395675964964863,0.301254,0
607395676099182591,0.304285,0
607395676367618047,0.594873,0
607395676501835775,0.391245,0
607395676636053503,0.270793,0
607395676770271231,0.26392,0
607395676904488959,0.312784,0
607395677038706687,0.34515,0
607395677172924415,0.37021,0
607395677441359871,0.185762,0
607395677575577599,0.217939,0
607395677709795327,0.171706,0
607395677844013055,0.206544,0
607395677978230783,0.192769,0
607395678112448511,0.213584,0
607395678246666239,0.195703,0
607395678515101695,0.18993,0
607395678649319423,0.191444,0
607395678783537151,0.187093,0
607395678917754879,0.199141,0
607395679051972607,0.22627,0
607395679186190335,0.215431,0
607395679320408063,0.205323,0
607395679588843519,0.336334,0
607395679723061247,0.332049,0
607395679857278975,0.326185,0
607395679991496703,0.31944,0
607395680125714431,0.341384,0
607395680259932159,0.338888,0
607395680394149887,0.346702,0
607395680662585343,0.393073,0
607395680796803071,0.321828,0
607395680931020799,0.313496,0
607395681065238527,0.367697,0
607395681199456255,0.390984,0
607395681333673983,0.365199,0
607395681467891711,0.364495,0
607395681736327167,0.264708,0
607395681870544895,0.252377,0
607395682004762623,0.221129,0
607395682138980351,0.213133,0
607395682273198079,0.287097,0
607395682407415807,0.278134,0
607395682541633535,0.258044,0
607395683883810815,0.405942,0
607395684018028543,0.403362,0
607395684152246271,0.444806,0
607395684286463999,0.416909,0
607395684420681727,0.408238,0
607395684554899455,0.420846,0
607395684689117183,0.39516,0
607395684957552639,0.433217,0
607395685091770367,0.424358,0
607395685225988095,0.448485,0
607395685360205823,0.473293,0
607395685494423551,0.433226,0
607395685628641279,0.433506,0
607395685762859007,0.434332,0
607395686031294463,0.366018,0
607395686165512191,0.378384,0
607395686299729919,0.325294,0
607395686433947647,0.325307,0
607395686568165375,0.383752,0
607395686702383103,0.411049,0
607395686836600831,0.330299,0
607395687105036287,0.42733,0
607395687239254015,0.410698,0
607395687373471743,0.419452,0
607395687507689471,0.453768,0
607395687641907199,0.405819,0
607395687776124927,0.40595,0
607395687910342655,0.421894,0
607395688178778111,0.425338,0
607395688312995839,0.433606,0
607395688447213567,0.449377,0
607395688581431295,0.447257,0
607395688715649023,0.429448,0
607395688849866751,0.44015,0
607395688984084479,0.451624,0
607395689252519935,0.460923,0
607395689386737663,0.457108,0
607395689520955391,0.421923,0
607395689655173119,0.440912,0
607395689789390847,0.456498,0
607395689923608575,0.474712,0
607395690057826303,0.441422,0
607395690326261759,0.430717,0
607395690460479487,0.412669,0
607395690594697215,0.328099,0
607395690728914943,0.347501,0
607395690863132671,0.392948,0
607395690997350399,0.379801,0
607395691131568127,0.348086,0
607395692473745407,0.47138,0
607395692607963135,0.490152,0
607395692742180863,0.472256,0
607395692876398591,0.468374,0
607395693010616319,0.519726,0
607395693144834047,0.511197,0
607395693279051775,0.470884,0
607395693547487231,0.530069,0
607395693681704959,0.53135,0
607395693815922687,0.508255,0
607395693950140415,0.510619,0
607395694084358143,0.604459,0
607395694218575871,0.597979,0
607395694352793599,0.515186,0
607395694621229055,0.452381,0
607395694755446783,0.460709,0
607395694889664511,0.435498,0
607395695023882239,0.447456,0
607395695158099967,0.461513,0
607395695292317695,0.465688,0
607395695426535423,0.467118,0
607395695694970879,0.480487,0
607395695829188607,0.511094,0
607395695963406335,0.462383,0
607395696097624063,0.48635,0
607395696231841791,0.484559,0
607395696366059519,0.589089,0
607395696500277247,0.451244,0
607395696768712703,0.476167,0
607395696902930431,0.51388,0
607395697037148159,0.44224,0
607395697171365887,0.486461,0
607395697305583615,0.495897,0
607395697439801343,0.590405,0
607395697574019071,0.447691,0
607395697842454527,0.633359,0
607395697976672255,0.612888,0
607395698110889983,0.575805,0
607395698245107711,0.584218,0
607395698379325439,0.637494,0
607395698513543167,0.691884,0
607395698647760895,0.600943,0
607395698916196351,0.531931,0
607395699050414079,0.507924,0
607395699184631807,0.416456,0
607395699318849535,0.456583,0
607395699453067263,0.489088,0
607395699587284991,0.470381,0
607395699721502719,0.440786,0
607395701063679999,0.28323,0
607395701197897727,0.32876,0
607395701332115455,0.258922,0
607395701466333183,0.270303,0
607395701600550911,0.257002,0
607395701734768639,0.348775,0
607395701868986367,0.273146,0
607395702137421823,0.288272,0
607395702271639551,0.270199,0
607395702405857279,0.409569,0
607395702540075007,0.307686,0
607395702674292735,0.290434,0
607395702808510463,0.305254,0
607395702942728191,0.284027,0
607395703211163647,0.215139,0
607395703345381375,0.240776,0
607395703479599103,0.229386,0
607395703613816831,0.196695,0
607395703748034559,0.239333,0
607395703882252287,0.247916,0
607395704016470015,0.216715,0
607395704284905471,0.271366,0
607395704419123199,0.27474,0
607395704553340927,0.262128,0
607395704687558655,0.281603,0
607395704821776383,0.251081,0
607395704955994111,0.301648,0
607395705090211839,0.263676,0
607395705358647295,0.275401,0
607395705492865023,0.336087,0
607395705627082751,0.285495,0
607395705761300479,0.259798,0
607395705895518207,0.287027,0
607395706029735935,0.300431,0
607395706163953663,0.280433,0
607395706432389119,0.258798,0
607395706566606847,0.289086,0
607395706700824575,0.292743,0
607395706835042303,0.294014,0
607395706969260031,0.291991,0
607395707103477759,0.363709,0
607395707237695487,0.350287,0
607395707506130943,0.233238,0
607395707640348671,0.243133,0
607395707774566399,0.218766,0
607395707908784127,0.206079,0
607395708043001855,0.246778,0
607395708177219583,0.258838,0
607395708311437311,0.213143,0
607395718243549183,0.714761,0
607395718377766911,0.701779,0
607395718511984639,0.735851,0
607395718646202367,0.685128,0
607395718780420095,0.752535,0
607395718914637823,0.730315,0
607395719048855551,0.736373,0
607395719317291007,0.708094,0
607395719451508735,0.685741,0
607395719585726463,0.686563,0
607395719719944191,0.691662,0
607395719854161919,0.709433,0
607395719988379647,0.71052,0
607395720122597375,0.702172,0
607395720391032831,0.680691,0
607395720525250559,0.645886,0
607395720659468287,0.693709,0
607395720793686015,0.66428,0
607395720927903743,0.7357,0
607395721062121471,0.68522,0
607395721196339199,0.702717,0
607395721464774655,0.625907,0
607395721598992383,0.633852,0
607395721733210111,0.624764,0
607395721867427839,0.646736,0
607395722001645567,0.64313,0
607395722135863295,0.635857,0
607395722270081023,0.633557,0
607395722538516479,0.763829,0
607395722672734207,0.753954,0
607395722806951935,0.773625,0
607395722941169663,0.746814,0
607395723075387391,0.775842,0
607395723209605119,0.769795,0
607395723343822847,0.77212,0
607395723612258303,0.750836,0
607395723746476031,0.730539,0
607395723880693759,0.752423,0
607395724014911487,0.734382,0
607395724149129215,0.768283,0
607395724283346943,0.749241,0
607395724417564671,0.756722,0
607395724686000127,0.746001,0
607395724820217855,0.746144,0
607395724954435583,0.751374,0
607395725088653311,0.72671,0
607395725222871039,0.757135,0
607395725357088767,0.754491,0
607395725491306495,0.759304,0
607395726833483775,0.620251,0
607395726967701503,0.583295,0
607395727101919231,0.604766,0
607395727236136959,0.542703,0
607395727370354687,0.606999,0
607395727504572415,0.541623,0
607395727638790143,0.617651,0
607395727907225599,0.508246,0
607395728041443327,0.48649,0
607395728175661055,0.501093,0
607395728309878783,0.482112,0
607395728444096511,0.581431,0
607395728578314239,0.531159,0
607395728712531967,0.619193,0
607395728980967423,0.482188,0
607395729115185151,0.445576,0
607395729249402879,0.454243,0
607395729383620607,0.435232,0
607395729517838335,0.574578,0
607395729652056063,0.486484,0
607395729786273791,0.506142,0
607395730054709247,0.450331,0
607395730188926975,0.413494,0
607395730323144703,0.427284,0
607395730457362431,0.391754,0
607395730591580159,0.477566,0
607395730725797887,0.455116,0
607395730860015615,0.478838,0
607395731128451071,0.678567,0
607395731262668799,0.652965,0
607395731396886527,0.663004,0
607395731531104255,0.631326,0
607395731665321983,0.692928,0
607395731799539711,0.691259,0
607395731933757439,0.706915,0
607395732202192895,0.63438,0
607395732336410623,0.597595,0
607395732470628351,0.593693,0
607395732604846079,0.537737,0
607395732739063807,0.685241,0
607395732873281535,0.658401,0
607395733007499263,0.682719,0
607395733275934719,0.606382,0
607395733410152447,0.673406,0
607395733544370175,0.613826,0
607395733678587903,0.628694,0
607395733812805631,0.655326,0
607395733947023359,0.629519,0
607395734081241087,0.653966,0
607395735423418367,0.475972,0
607395735557636095,0.51677,0
607395735691853823,0.443016,0
607395735826071551,0.434621,0
607395735960289279,0.536419,0
607395736094507007,0.674349,0
607395736228724735,0.489818,0
607395736497160191,0.678497,0
607395736631377919,0.676543,0
607395736765595647,0.590631,0
607395736899813375,0.543411,0
607395737034031103,0.584982,0
607395737168248831,0.60767,0
607395737302466559,0.643206,0
607395737570902015,0.385682,0
607395737705119743,0.40728,0
607395737839337471,0.470677,0
607395737973555199,0.357563,0
607395738107772927,0.417644,0
607395738241990655,0.404166,0
607395738376208383,0.371554,0
607395738644643839,0.402544,0
607395738778861567,0.461867,0
607395738913079295,0.385873,0
607395739047297023,0.43851,0
607395739181514751,0.438318,0
607395739315732479,0.442536,0
607395739449950207,0.422175,0
607395739718385663,0.538147,0
607395739852603391,0.587521,0
607395739986821119,0.471893,0
607395740121038847,0.513382,0
607395740255256575,0.557171,0
607395740389474303,0.727552,0
607395740523692031,0.499747,0
607395740792127487,0.605097,0
607395740926345215,0.700687,0
607395741060562943,0.75252,0
607395741194780671,0.71715,0
607395741328998399,0.692355,0
607395741463216127,0.684049,0
607395741597433855,0.766612,0
607395741865869311,0.440616,0
607395742000087039,0.470759,0
607395742134304767,0.37651,0
607395742268522495,0.385362,0
607395742402740223,0.436547,0
607395742536957951,0.474679,0
607395742671175679,0.426567,0
607395744013352959,0.402973,0
607395744147570687,0.413279,0
607395744281788415,0.563678,0
607395744416006143,0.399398,0
607395744550223871,0.480724,0
607395744684441599,0.43514,0
607395744818659327,0.453007,0
607395745087094783,0.431914,0
607395745221312511,0.431204,0
607395745355530239,0.42516,0
607395745489747967,0.411615,0
607395745623965695,0.452809,0
607395745758183423,0.42396,0
607395745892401151,0.438783,0
607395746160836607,0.381245,0
607395746295054335,0.472365,0
607395746429272063,0.344204,0
607395746563489791,0.340282,0
607395746697707519,0.736001,0
607395746831925247,0.436756,0
607395746966142975,0.397001,0
607395747234578431,0.404966,0
607395747368796159,0.385936,0
607395747503013887,0.351799,0
607395747637231615,0.359345,0
607395747771449343,0.434555,0
607395747905667071,0.418616,0
607395748039884799,0.412217,0
607395748308320255,0.606674,0
607395748442537983,0.606556,0
607395748576755711,0.596544,0
607395748710973439,0.549292,0
607395748845191167,0.635397,0
607395748979408895,0.646395,0
607395749113626623,0.650078,0
607395749382062079,0.539905,0
607395749516279807,0.464921,0
607395749650497535,0.511588,0
607395749784715263,0.457516,0
607395749918932991,0.627249,0
607395750053150719,0.601277,0
607395750187368447,0.680363,0
607395750455803903,0.418328,0
607395750590021631,0.489608,0
607395750724239359,0.471709,0
607395750858457087,0.391868,0
607395750992674815,0.483057,0
607395751126892543,0.489225,0
607395751261110271,0.485871,0
607395752603287551,0.919951,0
607395752737505279,0.905237,0
607395752871723007,0.937036,0
607395753005940735,0.871723,0
607395753140158463,0.969178,0
607395753274376191,0.929553,0
607395753408593919,0.967456,0
607395753677029375,0.86696,0
607395753811247103,0.806773,0
607395753945464831,0.879342,0
607395754079682559,0.797042,0
607395754213900287,0.89477,0
607395754348118015,0.872055,0
607395754482335743,0.866791,0
607395754750771199,0.796484,0
607395754884988927,0.834394,0
607395755019206655,0.747208,0
607395755153424383,0.769096,0
607395755287642111,0.832629,0
607395755421859839,0.837759,0
607395755556077567,0.835759,0
607395755824513023,0.825589,0
607395755958730751,0.790105,0
607395756092948479,0.768576,0
607395756227166207,0.77865,0
607395756361383935,0.873587,0
607395756495601663,0.790425,0
607395756629819391,0.879265,0
607395756898254847,1.48675,0
607395757032472575,1.10894,0
607395757166690303,1.2732,0
607395757300908031,1.08104,0
607395757435125759,1.44035,0
607395757569343487,1.24189,0
607395757703561215,1.19876,0
607395757971996671,0.945432,0
607395758106214399,0.924191,0
607395758240432127,0.925225,0
607395758374649855,0.896857,0
607395758508867583,1.03069,0
607395758643085311,0.964542,0
607395758777303039,1.05398,0
607395759045738495,0.87418,0
607395759179956223,0.903064,0
607395759314173951,0.837124,0
607395759448391679,0.842117,0
607395759582609407,1.04925,0
607395759716827135,1.04463,0
607395759851044863,1.04854,0
607395761193222143,0.684771,0
607395761327439871,0.700317,0
607395761461657599,0.703255,0
607395761595875327,0.705992,0
607395761730093055,0.741366,0
607395761864310783,0.710157,0
607395761998528511,0.705779,0
607395762266963967,0.723586,0
607395762401181695,0.729967,0
607395762535399423,0.699297,0
607395762669617151,0.711407,0
607395762803834879,0.727763,0
607395762938052607,0.73521,0
607395763072270335,0.713406,0
607395763340705791,0.731374,0
607395763474923519,0.727566,0
607395763609141247,0.731373,0
607395763743358975,0.711367,0
607395763877576703,0.722036,0
607395764011794431,0.707581,0
607395764146012159,0.72546,0
607395764414447615,0.709476,0
607395764548665343,0.690313,0
607395764682883071,0.721836,0
607395764817100799,0.714773,0
607395764951318527,0.694115,0
607395765085536255,0.683659,0
607395765219753983,0.715029,0
607395765488189439,0.772576,0
607395765622407167,0.759373,0
607395765756624895,0.797796,0
607395765890842623,0.747844,0
607395766025060351,0.826498,0
607395766159278079,0.790879,0
607395766293495807,0.811059,0
607395766561931263,0.741309,0
607395766696148991,0.775514,0
607395766830366719,0.730234,0
607395766964584447,0.733307,0
607395767098802175,0.777877,0
607395767233019903,0.781175,0
607395767367237631,0.768848,0
607395767635673087,0.750415,0
607395767769890815,0.726173,0
607395767904108543,0.757951,0
607395768038326271,0.755734,0
607395768172543999,0.814668,0
607395768306761727,0.74043,0
607395768440979455,0.789454,0
607395769783156735,0.629185,0
607395769917374463,0.674842,0
607395770051592191,0.720357,0
607395770185809919,0.598366,0
607395770320027647,0.658872,0
607395770454245375,0.706766,0
607395770588463103,0.595256,0
607395770856898559,0.740863,0
607395770991116287,0.759735,0
607395771125334015,0.708939,0
607395771259551743,0.748936,0
607395771393769471,0.73989,0
607395771527987199,0.744682,0
607395771662204927,0.730975,0
607395771930640383,0.555126,0
607395772064858111,0.57268,0
607395772199075839,0.519887,0
607395772333293567,0.552277,0
607395772467511295,0.567989,0
607395772601729023,0.719521,0
607395772735946751,0.539788,0
607395773004382207,0.636995,0
607395773138599935,0.730916,0
607395773272817663,0.762399,0
607395773407035391,0.758231,0
607395773541253119,0.696608,0
607395773675470847,0.724128,0
607395773809688575,0.759213,0
607395774078124031,0.734893,0
607395774212341759,0.764493,0
607395774346559487,0.601011,0
607395774480777215,0.656293,0
607395774614994943,0.763599,0
607395774749212671,0.797346,0
607395774883430399,0.68008,0
607395775151865855,0.791458,0
607395775286083583,0.785558,0
607395775420301311,0.743545,0
607395775554519039,0.736497,0
607395775688736767,0.81551,0
607395775822954495,0.833992,0
607395775957172223,0.808282,0
607395776225607679,0.633591,0
607395776359825407,0.653438,0
607395776494043135,0.550749,0
607395776628260863,0.560574,0
607395776762478591,0.530418,0
607395776896696319,0.657676,0
607395777030914047,0.601164,0
607395786963025919,0.814167,0
607395787097243647,0.945219,0
607395787231461375,0.806173,0
607395787365679103,0.846462,0
607395787499896831,0.839196,0
607395787634114559,0.895026,0
607395787768332287,0.791519,0
607395788036767743,1.02998,0
607395788170985471,1.04939,0
607395788305203199,0.982815,0
607395788439420927,1.04312,0
607395788573638655,1.12234,0
607395788707856383,1.17226,0
607395788842074111,1.01175,0
607395789110509567,0.787101,0
607395789244727295,0.776401,0
607395789378945023,0.719787,0
607395789513162751,0.719949,0
607395789647380479,0.784031,0
607395789781598207,0.793626,0
607395789915815935,0.758858,0
607395790184251391,0.917921,0
607395790318469119,1.08233,0
607395790452686847,0.819005,0
607395790586904575,0.983802,0
607395790721122303,0.980864,0
607395790855340031,1.0257,0
607395790989557759,0.871832,0
607395791257993215,0.868258,0
607395791392210943,0.876496,0
607395791526428671,0.839975,0
607395791660646399,0.795834,0
607395791794864127,0.900845,0
607395791929081855,0.911287,0
607395792063299583,0.871652,0
607395792331735039,1.01274,0
607395792465952767,1.08304,0
607395792600170495,0.94696,0
607395792734388223,1.03711,0
607395792868605951,1.00852,0
607395793002823679,1.09199,0
607395793137041407,0.938691,0
607395793405476863,0.816087,0
607395793539694591,0.785709,0
607395793673912319,0.779874,0
607395793808130047,0.785639,0
607395793942347775,0.810248,0
607395794076565503,0.804777,0
607395794210783231,0.792042,0
607395795552960511,1.11614,0
607395795687178239,1.18354,0
607395795821395967,1.26205,0
607395795955613695,1.13945,0
607395796089831423,1.23453,0
607395796224049151,1.27204,0
607395796358266879,1.18521,0
607395796626702335,1.32065,0
607395796760920063,1.30572,0
607395796895137791,1.21416,0
607395797029355519,1.22262,0
607395797432008703,1.34825,0
607395797700444159,1.26665,0
607395797834661887,1.04459,0
607395797968879615,1.059,0
607395798103097343,1.28366,0
607395798237315071,1.10279,0
607395798371532799,1.19202,0
607395798505750527,0.925723,0
607395798774185983,1.10308,0
607395798908403711,1.19911,0
607395799042621439,1.16088,0
607395799176839167,1.14904,0
607395799311056895,1.17471,0
607395799445274623,1.22023,0
607395799579492351,1.08078,0
607395799847927807,1.16866,0
607395799982145535,1.52316,0
607395800116363263,1.19661,0
607395800250580991,1.38106,0
607395800384798719,1.30311,0
607395800519016447,1.36676,0
607395800653234175,1.17239,0
607395800921669631,1.43349,0
607395801055887359,1.43396,0
607395801190105087,1.38363,0
607395801324322815,1.45717,0
607395801458540543,1.47049,0
607395801592758271,1.44816,0
607395801726975999,1.48041,0
607395801995411455,1.16795,0
607395802129629183,1.17996,0
607395802263846911,1.23879,0
607395802398064639,1.03764,0
607395802532282367,1.11424,0
607395802666500095,1.19408,0
607395802800717823,1.09779,0
607395804142895103,0.665842,0
607395804277112831,0.643657,0
607395804411330559,0.698186,0
607395804545548287,0.795815,0
607395804679766015,0.708076,0
607395804813983743,0.7136,0
607395804948201471,0.611606,0
607395805216636927,0.678098,0
607395805350854655,0.688286,0
607395805485072383,0.732959,0
607395805619290111,0.655621,0
607395805753507839,0.69206,0
607395805887725567,0.718924,0
607395806021943295,0.717974,0
607395806290378751,0.511931,0
607395806424596479,0.607864,0
607395806558814207,0.477442,0
607395806693031935,0.504074,0
607395806827249663,0.519276,0
607395806961467391,1.03544,0
607395807095685119,0.510554,0
607395807364120575,0.612321,0
607395807498338303,0.59678,0
607395807632556031,0.638255,0
607395807766773759,0.598717,0
607395807900991487,0.637455,0
607395808035209215,0.705122,0
607395808169426943,0.703648,0
607395808437862399,0.623699,0
607395808572080127,0.779087,0
607395808706297855,0.549785,0
607395808840515583,0.606975,0
607395808974733311,0.627742,0
607395809108951039,0.754981,0
607395809243168767,0.539124,0
607395809511604223,0.719889,0
607395809645821951,0.684029,0
607395809780039679,0.726135,0
607395809914257407,0.673597,0
607395810048475135,0.718119,0
607395810182692863,0.719827,0
607395810316910591,0.738647,0
607395810585346047,0.460298,0
607395810719563775,0.525313,0
607395810853781503,0.48213,0
607395810987999231,0.490158,0
607395811122216959,0.46442,0
607395811256434687,0.47665,0
607395811390652415,0.438268,0
607395812732829695,0.746123,0
607395812867047423,0.819735,0
607395813001265151,0.683103,0
607395813135482879,0.743459,0
607395813269700607,0.74612,0
607395813403918335,0.805692,0
607395813538136063,0.719118,0
607395813806571519,0.913502,0
607395813940789247,1.03882,0
607395814075006975,0.836996,0
607395814209224703,0.906357,0
607395814343442431,0.931621,0
607395814477660159,1.0011,0
607395814611877887,0.896194,0
607395814880313343,0.629568,0
607395815014531071,0.701452,0
607395815148748799,0.59732,0
607395815282966527,0.648793,0
607395815417184255,0.627015,0
607395815551401983,0.661535,0
607395815685619711,0.576281,0
607395815954055167,0.769058,0
607395816088272895,0.823914,0
607395816222490623,0.762054,0
607395816356708351,0.765906,0
607395816490926079,0.763205,0
607395816625143807,0.808283,0
607395816759361535,0.751376,0
607395817027796991,0.786679,0
607395817162014719,0.822,0
607395817296232447,0.719804,0
607395817430450175,0.771823,0
607395817564667903,0.750504,0
607395817698885631,0.806973,0
607395817833103359,0.734987,0
607395818101538815,1.01784,0
607395818235756543,0.934845,0
607395818369974271,1.11439,0
607395818504191999,0.909992,0
607395818638409727,1.05297,0
607395818772627455,1.19823,0
607395818906845183,1.07471,0
607395819175280639,0.641059,0
607395819309498367,0.649586,0
607395819443716095,0.702423,0
607395819577933823,0.598937,0
607395819712151551,0.693232,0
607395819846369279,0.668337,0
607395819980587007,0.673872,0
607395821322764287,0.900275,0
607395821456982015,0.959912,0
607395821591199743,0.866002,0
607395821725417471,0.960806,0
607395821859635199,0.972613,0
607395821993852927,0.9279,0
607395822128070655,0.902806,0
607395822396506111,0.983017,0
607395822530723839,0.968062,0
607395822664941567,0.987458,0
607395822799159295,0.969301,0
607395822933377023,0.993028,0
607395823067594751,1.02634,0
607395823201812479,0.98828,0
607395823470247935,0.885166,0
607395823604465663,0.918495,0
607395823738683391,0.871454,0
607395823872901119,0.928102,0
607395824007118847,0.878246,0
607395824141336575,0.900335,0
607395824275554303,0.880699,0
607395824543989759,0.95234,0
607395824678207487,0.997767,0
607395824812425215,0.932173,0
607395824946642943,0.915335,0
607395825080860671,0.975198,0
607395825215078399,0.986609,0
607395825349296127,0.90431,0
607395825617731583,0.842324,0
607395825751949311,0.856006,0
607395825886167039,0.794979,0
607395826020384767,0.817252,0
607395826154602495,0.748983,0
607395826288820223,0.832477,0
607395826423037951,0.759742,0
607395826691473407,0.910817,0
607395826825691135,0.959477,0
607395826959908863,0.922601,0
607395827094126591,0.981264,0
607395827228344319,0.941848,0
607395827362562047,0.944161,0
607395827496779775,0.902149,0
607395827765215231,0.83263,0
607395827899432959,0.884845,0
607395828033650687,0.829459,0
607395828167868415,0.847126,0
607395828302086143,0.808228,0
607395828436303871,0.832304,0
607395828570521599,0.784847,0
607395829912698879,1.21819,0
607395830046916607,1.31232,0
607395830181134335,1.19441,0
607395830315352063,1.30389,0
607395830449569791,1.21013,0
607395830583787519,1.22552,0
607395830718005247,1.18354,0
607395830986440703,1.37868,0
607395831120658431,1.38747,0
607395831254876159,1.52512,0
607395831389093887,1.52762,0
607395831523311615,1.26257,0
607395831657529343,1.34224,0
607395831791747071,1.28162,0
607395832060182527,1.16695,0
607395832194400255,1.19738,0
607395832328617983,1.14532,0
607395832462835711,1.13957,0
607395832597053439,1.19678,0
607395832731271167,1.29047,0
607395832865488895,1.15784,0
607395833133924351,1.62598,0
607395833268142079,1.45213,0
607395833402359807,1.52602,0
607395833536577535,1.47971,0
607395833670795263,1.40828,0
607395833805012991,1.64717,0
607395833939230719,1.36651,0
607395834207666175,1.07594,0
607395834341883903,1.13674,0
607395834476101631,1.04347,0
607395834610319359,1.12868,0
607395834744537087,1.05736,0
607395834878754815,1.09779,0
607395835012972543,0.996581,0
607395835281407999,1.22767,0
607395835415625727,1.25168,0
607395835549843455,1.18356,0
607395835684061183,1.24602,0
607395835818278911,1.15191,0
607395835952496639,1.26181,0
607395836086714367,1.13484,0
607395836355149823,1.12114,0
607395836489367551,1.16729,0
607395836623585279,1.08274,0
607395836757803007,1.14903,0
607395836892020735,0.988063,0
607395837026238463,1.09306,0
607395837160456191,1.02382,0
607395838502633471,0.693869,0
607395838636851199,0.855183,0
607395838771068927,0.669621,0
607395838905286655,0.798707,0
607395839039504383,0.688329,0
607395839173722111,0.84414,0
607395839307939839,0.607951,0
607395839576375295,1.02797,0
607395839710593023,0.929323,0
607395839844810751,1.00808,0
607395839979028479,1.00828,0
607395840113246207,0.8554,0
607395840247463935,0.855127,0
607395840381681663,0.870718,0
607395840650117119,0.562734,0
607395840784334847,0.65362,0
607395840918552575,0.504273,0
607395841052770303,0.554136,0
607395841186988031,0.568378,0
607395841321205759,0.656596,0
607395841455423487,0.512745,0
607395841723858943,0.737518,0
607395841858076671,0.759485,0
607395841992294399,0.784099,0
607395842126512127,0.761453,0
607395842260729855,0.800111,0
607395842394947583,0.862248,0
607395842529165311,0.8015,0
607395842797600767,0.558606,0
607395842931818495,0.674911,0
607395843066036223,0.540736,0
607395843200253951,0.578946,0
607395843334471679,0.650682,0
607395843468689407,0.684095,0
607395843602907135,0.585405,0
607395843871342591,0.842189,0
607395844005560319,0.852938,0
607395844139778047,0.762392,0
607395844273995775,0.795854,0
607395844408213503,0.855141,0
607395844542431231,0.834043,0
607395844676648959,0.82229,0
607395844945084415,0.504018,0
607395845079302143,0.569987,0
607395845213519871,0.469851,0
607395845347737599,0.499673,0
607395845481955327,0.536742,0
607395845616173055,0.525368,0
607395845750390783,0.501788,0
607395858635292671,1.28092,0
607395860245905407,1.31114,0
607395860782776319,1.56267,0
607395861051211775,1.49384,0
607395861185429503,1.33917,0
607395861588082687,1.4762,0
607395861722300415,1.52309,0
607395862124953599,2.3049,0
607395862259171327,1.47762,0
607395862393389055,1.32837,0
607395862527606783,1.39077,0
607395862661824511,1.56764,0
607395862930259967,1.35659,0
607395864406654975,1.56245,0
607395864675090431,1.43231,0
607395864809308159,1.51043,0
607395864943525887,1.5045,0
607395865346179071,4.10253,0
607395865480396799,1.46657,0
607395865614614527,2.72028,0
607395865748832255,1.49151,0
607395865883049983,4.12401,0
607395866017267711,2.93115,0
607395866151485439,2.82901,0
607395866554138623,1.48154,0
607395867493662719,1.4359,0
607395867627880447,1.47761,0
607395867762098175,1.43284,0
607395867896315903,1.63781,0
607395868030533631,4.00464,0
607395868164751359,3.05949,0
607395868298969087,1.41806,0
607395868701622271,2.38425,0
607395868970057727,3.6036,0
607395869104275455,2.9065,0
607395869641146367,1.54695,0
607395869775364095,2.77635,0
607395869909581823,1.37565,0
607395870043799551,3.66653,0
607395870178017279,4.01366,0
607395870312235007,1.47429,0
607395870446452735,2.83594,0
607395874338766847,1.26521,0
607395875815161855,1.19987,0
607395876217815039,1.1862,0
607395877694210047,1.38699,0
607395877828427775,1.38733,0
607395878231080959,1.50678,0
607395878365298687,1.34686,0
607395878767951871,1.30887,0
607395878902169599,1.27266,0
607395879036387327,1.33414,0
607395879707475967,1.16209,0
607395881720741887,1.67345,0
607395881854959615,2.08401,0
607395882660265983,1.41197,0
607395883599790079,1.42869,0
607395883734007807,1.3243,0
607395883868225535,3.18454,0
607395884002443263,2.36245,0
607395884136660991,1.27987,0
607395884270878719,1.34672,0
607395884405096447,1.21105,0
607395884673531903,3.51968,0
607395884807749631,2.94423,0
607395884941967359,1.30911,0
607395885076185087,1.4215,0
607395885344620543,3.21039,0
607395885478838271,1.88086,0
607395887894757375,1.25866,0
607395888028975103,1.34616,0
607395888163192831,1.22369,0
607395888297410559,1.22037,0
607395888431628287,1.32859,0
607395888565846015,1.42588,0
607395888700063743,1.20343,0
607395890176458751,1.5173,0
607395890713329663,1.982,0
607395891115982847,1.21119,0
607395891250200575,1.25691,0
607395891384418303,1.41579,0
607395891518636031,1.28607,0
607395891652853759,1.25889,0
607395891787071487,1.18682,0
607395891921289215,1.35362,0
607395892189724671,1.56325,0
607395892323942399,1.96114,0
607395892458160127,1.3941,0
607395892592377855,2.6439,0
607395892860813311,2.51554,0
607395892995031039,1.54555,0
607395893397684223,1.40883,0
607395893800337407,1.53303,0
607395893934555135,1.43178,0
607395894874079231,1.80656,0
607395895008296959,2.96407,0
607395895142514687,3.39544,0
607395895410950143,1.97422,0
607395895545167871,1.49027,0
607395895813603327,1.6336,0
607395895947821055,2.48349,0
607395896082038783,1.54029,0
607395896216256511,2.93587,0
607395896484691967,2.16403,0
607395896753127423,1.64842,0
607395896887345151,2.5173,0
607395897021562879,1.77065,0
607395897289998335,1.71883,0
607395898632175615,1.36611,0
607395898766393343,1.4147,0
607395898900611071,1.50602,0
607395899034828799,1.52939,0
607395899169046527,1.71467,0
607395899303264255,1.35791,0
607395899437481983,1.59135,0
607395899705917439,1.41846,0
607395899840135167,1.61445,0
607395899974352895,1.47267,0
607395900108570623,1.45025,0
607395900242788351,1.37959,0
607395900377006079,1.35257,0
607395900511223807,1.40067,0
607395900779659263,1.55151,0
607395900913876991,1.47965,0
607395901048094719,3.26291,0
607395901182312447,1.59821,0
607395901316530175,2.48495,0
607395901450747903,1.33447,0
607395901584965631,2.50271,0
607395901853401087,3.28731,0
607395901987618815,2.95778,0
607395902121836543,2.89091,0
607395902256054271,2.65062,0
607395902390271999,1.42308,0
607395902524489727,3.15856,0
607395902658707455,1.38899,0
607395902927142911,1.30336,0
607395903061360639,1.23239,0
607395903195578367,1.35427,0
607395903329796095,1.62444,0
607395903464013823,1.29885,0
607395903598231551,1.33171,0
607395903732449279,1.24677,0
607395904000884735,1.1795,0
607395904135102463,1.31711,0
607395904269320191,1.35716,0
607395904403537919,1.39772,0
607395904537755647,1.21652,0
607395904671973375,1.37717,0
607395904806191103,1.32943,0
607395905074626559,1.46206,0
607395905208844287,1.92036,0
607395905343062015,1.29713,0
607395905477279743,1.55086,0
607395905611497471,1.24997,0
607395905745715199,1.87639,0
607395905879932927,1.42135,0
607395907222110207,1.69111,0
607395907356327935,1.33667,0
607395907490545663,1.409,0
607395907624763391,1.29044,0
607395907758981119,1.35303,0
607395907893198847,1.34008,0
607395908027416575,1.53331,0
607395908295852031,1.27887,0
607395908430069759,1.49297,0
607395908564287487,1.38152,0
607395908698505215,1.32978,0
607395908832722943,1.4137,0
607395908966940671,1.52322,0
607395909101158399,1.45276,0
607395909369593855,1.50264,0
607395909503811583,1.39821,0
607395909638029311,1.44354,0
607395909772247039,1.42227,0
607395909906464767,1.43448,0
607395910040682495,1.45973,0
607395910174900223,1.40451,0
607395910443335679,1.39596,0
607395910577553407,1.21973,0
607395910711771135,1.36464,0
607395910845988863,1.32408,0
607395910980206591,1.38444,0
607395911114424319,1.28443,0
607395911248642047,1.30398,0
607395911517077503,1.23088,0
607395911651295231,1.27507,0
607395911785512959,1.30363,0
607395911919730687,1.23122,0
607395912053948415,1.3024,0
607395912188166143,1.27268,0
607395912322383871,1.25696,0
607395912590819327,1.51919,0
607395912725037055,1.40033,0
607395912859254783,1.28593,0
607395912993472511,1.32648,0
607395913127690239,1.58628,0
607395913261907967,1.52367,0
607395913396125695,1.30614,0
607395913664561151,1.39329,0
607395913798778879,1.45448,0
607395913932996607,1.45904,0
607395914067214335,1.45295,0
607395914201432063,1.57952,0
607395914335649791,1.41471,0
607395914469867519,1.46512,0
607395924401979391,0.2603,0
607395924536197119,0.254916,0
607395924670414847,0.256286,0
607395924804632575,0.258868,0
607395924938850303,0.270755,0
607395925073068031,0.262516,0
607395925207285759,0.243236,0
607395925475721215,0.318453,0
607395925609938943,0.349822,0
607395925744156671,0.307466,0
607395925878374399,0.317132,0
607395926012592127,0.336597,0
607395926146809855,0.356053,0
607395926281027583,0.310788,0
607395926549463039,0.250969,0
607395926683680767,0.271969,0
607395926817898495,0.279491,0
607395926952116223,0.272909,0
607395927086333951,0.25568,0
607395927220551679,0.279188,0
607395927354769407,0.267267,0
607395927623204863,0.294668,0
607395927757422591,0.299907,0
607395927891640319,0.319555,0
607395928025858047,0.297752,0
607395928160075775,0.275635,0
607395928294293503,0.307705,0
607395928428511231,0.281588,0
607395928696946687,0.332909,0
607395928831164415,0.3282,0
607395928965382143,0.293934,0
607395929099599871,0.261265,0
607395929233817599,0.360409,0
607395929368035327,0.344748,0
607395929502253055,0.334686,0
607395929770688511,0.402187,0
607395929904906239,0.406692,0
607395930039123967,0.36479,0
607395930173341695,0.325561,0
607395930307559423,0.375567,0
607395930441777151,0.40728,0
607395930575994879,0.367783,0
607395930844430335,0.289283,0
607395930978648063,0.271727,0
607395931112865791,0.25298,0
607395931247083519,0.28361,0
607395931381301247,0.249367,0
607395931515518975,0.283841,0
607395931649736703,0.238963,0
607395932991913983,0.441904,0
607395933126131711,0.462311,0
607395933260349439,0.442264,0
607395933394567167,0.447044,0
607395933528784895,0.452277,0
607395933663002623,0.463927,0
607395933797220351,0.411959,0
607395934065655807,0.511528,0
607395934199873535,0.520832,0
607395934334091263,0.473159,0
607395934468308991,0.512011,0
607395934602526719,0.499761,0
607395934736744447,0.572315,0
607395934870962175,0.496026,0
607395935139397631,0.404002,0
607395935273615359,0.426391,0
607395935407833087,0.372695,0
607395935542050815,0.382459,0
607395935676268543,0.396909,0
607395935810486271,0.432796,0
607395935944703999,0.360115,0
607395936213139455,0.467289,0
607395936347357183,0.693647,0
607395936481574911,0.439949,0
607395936615792639,0.463821,0
607395936750010367,0.488326,0
607395936884228095,1.06889,0
607395937018445823,0.453423,0
607395937286881279,0.399289,0
607395937421099007,0.430416,0
607395937555316735,0.361691,0
607395937689534463,0.402439,0
607395937823752191,0.452606,0
607395937957969919,0.483156,0
607395938092187647,0.36009,0
607395938360623103,0.490078,0
607395938494840831,0.521223,0
607395938629058559,0.477938,0
607395938763276287,0.489695,0
607395938897494015,0.47565,0
607395939031711743,0.518695,0
607395939165929471,0.531605,0
607395939434364927,0.35084,0
607395939568582655,0.38635,0
607395939702800383,0.318157,0
607395939837018111,0.362064,0
607395939971235839,0.341955,0
607395940105453567,0.378754,0
607395940239671295,0.31358,0
607395941581848575,0.225904,0
607395941716066303,0.197893,0
607395941850284031,0.173061,0
607395941984501759,0.202059,0
607395942118719487,0.244248,0
607395942252937215,0.244291,0
607395942387154943,0.17537,0
607395942655590399,0.269312,0
607395942789808127,0.28998,0
607395942924025855,0.215635,0
607395943058243583,0.259776,0
607395943192461311,0.27994,0
607395943326679039,0.272352,0
607395943460896767,0.269511,0
607395943729332223,0.171337,0
607395943863549951,0.175098,0
607395943997767679,0.164488,0
607395944131985407,0.153888,0
607395944266203135,0.182045,0
607395944400420863,0.182097,0
607395944534638591,0.161742,0
607395944803074047,0.22356,0
607395944937291775,0.299511,0
607395945071509503,0.166487,0
607395945205727231,0.166171,0
607395945339944959,0.202093,0
607395945474162687,0.296813,0
607395945608380415,0.171681,0
607395945876815871,0.214439,0
607395946011033599,0.238178,0
607395946145251327,0.1793,0
607395946279469055,0.194747,0
607395946413686783,0.210245,0
607395946547904511,0.232661,0
607395946682122239,0.19066,0
607395946950557695,0.253931,0
607395947084775423,0.262452,0
607395947218993151,0.244101,0
607395947353210879,0.234854,0
607395947487428607,0.258728,0
607395947621646335,0.264417,0
607395947755864063,0.250549,0
607395948024299519,0.172952,0
607395948158517247,0.165141,0
607395948292734975,0.172197,0
607395948426952703,0.156911,0
607395948561170431,0.185765,0
607395948695388159,0.171055,0
607395948829605887,0.18583,0
607395950171783167,0.372498,0
607395950306000895,0.353629,0
607395950440218623,0.342102,0
607395950574436351,0.352471,0
607395950708654079,0.336964,0
607395950842871807,0.359933,0
607395950977089535,0.29546,0
607395951245524991,0.421666,0
607395951379742719,0.372862,0
607395951513960447,0.386963,0
607395951648178175,0.420955,0
607395951782395903,0.357296,0
607395951916613631,0.497512,0
607395952050831359,0.357017,0
607395952319266815,0.26663,0
607395952453484543,0.321732,0
607395952587702271,0.275031,0
607395952721919999,0.25962,0
607395952856137727,0.261613,0
607395952990355455,0.301609,0
607395953124573183,0.241219,0
607395953393008639,0.385451,0
607395953527226367,0.382404,0
607395953661444095,0.32413,0
607395953795661823,0.292662,0
607395953929879551,0.343499,0
607395954064097279,0.320708,0
607395954198315007,0.422345,0
607395954466750463,0.307393,0
607395954600968191,0.338143,0
607395954735185919,0.335731,0
607395954869403647,0.312864,0
607395955003621375,0.274602,0
607395955137839103,0.319609,0
607395955272056831,0.284233,0
607395955540492287,0.30859,0
607395955674710015,0.347428,0
607395955808927743,0.340301,0
607395955943145471,0.354661,0
607395956077363199,0.305833,0
607395956211580927,0.332769,0
607395956345798655,0.336481,0
607395956614234111,0.273874,0
607395956748451839,0.265635,0
607395956882669567,0.249475,0
607395957016887295,0.245271,0
607395957151105023,0.27495,0
607395957285322751,0.330355,0
607395957419540479,0.223832,0
607395958761717759,0.412104,0
607395958895935487,0.381145,0
607395959030153215,0.377022,0
607395959164370943,0.368554,0
607395959298588671,0.386155,0
607395959432806399,0.393243,0
607395959567024127,0.380254,0
607395959835459583,0.448393,0
607395959969677311,0.469355,0
607395960103895039,0.424164,0
607395960238112767,0.443564,0
607395960372330495,0.459717,0
607395960506548223,0.44956,0
607395960640765951,0.437438,0
607395960909201407,0.377705,0
607395961043419135,0.353611,0
607395961177636863,0.352464,0
607395961311854591,0.380073,0
607395961446072319,0.349756,0
607395961580290047,0.354566,0
607395961714507775,0.356513,0
607395961982943231,0.38159,0
607395962117160959,0.385345,0
607395962251378687,0.360634,0
607395962385596415,0.387833,0
607395962519814143,0.368084,0
607395962654031871,0.406506,0
607395962788249599,0.358013,0
607395963056685055,0.432869,0
607395963190902783,0.407833,0
607395963325120511,0.447189,0
607395963459338239,0.388342,0
607395963593555967,0.42751,0
607395963727773695,0.394771,0
607395963861991423,0.437024,0
607395964130426879,0.417533,0
607395964264644607,0.46309,0
607395964398862335,0.402824,0
607395964533080063,0.430818,0
607395964667297791,0.429803,0
607395964801515519,0.460663,0
607395964935733247,0.399391,0
607395965204168703,0.392767,0
607395965338386431,0.349243,0
607395965472604159,0.355506,0
607395965606821887,0.394418,0
607395965741039615,0.362985,0
607395965875257343,0.368437,0
607395966009475071,0.337608,0
607395967351652351,0.543473,0
607395967485870079,0.553048,0
607395967620087807,0.494521,0
607395967754305535,0.513101,0
607395967888523263,0.514578,0
607395968022740991,0.586446,0
607395968156958719,0.528244,0
607395968425394175,0.529911,0
607395968559611903,0.575616,0
607395968693829631,0.564375,0
607395968828047359,0.542215,0
607395968962265087,0.581576,0
607395969096482815,0.599115,0
607395969230700543,0.545431,0
607395969499135999,0.481718,0
607395969633353727,0.460684,0
607395969767571455,0.427902,0
607395969901789183,0.436974,0
607395970036006911,0.444901,0
607395970170224639,0.458103,0
607395970304442367,0.43027,0
607395970572877823,0.513493,0
607395970707095551,0.485067,0
607395970841313279,0.492315,0
607395970975531007,0.500645,0
607395971109748735,0.522796,0
607395971243966463,0.476903,0
607395971378184191,0.49686,0
607395971646619647,0.549828,0
607395971780837375,0.560247,0
607395971915055103,0.506527,0
607395972049272831,0.57883,0
607395972183490559,0.565926,0
607395972317708287,0.589907,0
607395972451926015,0.537143,0
607395972720361471,0.63062,0
607395972854579199,0.583473,0
607395972988796927,0.581529,0
607395973123014655,0.653707,0
607395973257232383,0.610642,0
607395973391450111,0.698497,0
607395973525667839,0.563758,0
607395973794103295,0.465267,0
607395973928321023,0.441361,0
607395974062538751,0.420017,0
607395974196756479,0.451055,0
607395974330974207,0.482433,0
607395974465191935,0.459089,0
607395974599409663,0.446373,0
607395975941586943,0.236157,0
607395976075804671,0.239315,0
607395976210022399,0.249785,0
607395976344240127,0.230093,0
607395976478457855,0.279271,0
607395976612675583,0.309473,0
607395976746893311,0.258872,0
607395977015328767,0.315841,0
607395977149546495,0.318328,0
607395977283764223,0.240968,0
607395977417981951,0.25447,0
607395977552199679,0.30024,0
607395977686417407,0.336701,0
607395977820635135,0.293282,0
607395978089070591,0.207583,0
607395978223288319,0.22095,0
607395978357506047,0.201149,0
607395978491723775,0.195192,0
607395978625941503,0.196109,0
607395978760159231,0.221212,0
607395978894376959,0.195944,0
607395979162812415,0.245466,0
607395979297030143,0.2636,0
607395979431247871,0.232228,0
607395979565465599,0.233913,0
607395979699683327,0.226194,0
607395979833901055,0.26071,0
607395979968118783,0.2255,0
607395980236554239,0.224438,0
607395980370771967,0.232921,0
607395980504989695,0.194484,0
607395980639207423,0.266176,0
607395980773425151,0.218001,0
607395980907642879,0.246879,0
607395981041860607,0.193379,0
607395981310296063,0.290139,0
607395981444513791,0.330596,0
607395981578731519,0.2982,0
607395981712949247,0.28996,0
607395981847166975,0.30949,0
607395981981384703,0.348582,0
607395982115602431,0.297589,0
607395982384037887,0.1824,0
607395982518255615,0.186582,0
607395982652473343,0.180974,0
607395982786691071,0.190707,0
607395982920908799,0.198464,0
607395983055126527,0.198972,0
607395983189344255,0.172245,0
607401904070197247,0.0196107,0
607401904607068159,0.0280804,0
607401904875503615,0.0198839,0
607401907291422719,0.0289858,0
607401907425640447,0.0293952,0
607401907828293631,0.034572,0
607401907962511359,0.0281687,0
607401908365164543,0.0203305,0
607401908499382271,0.0172683,0
607401908633599999,0.021806,0
607401908767817727,0.019472,0
607401908902035455,0.0257978,0
607401909036253183,0.0193433,0
607401909170470911,0.02535,0
607401937356193791,0.0289464,0
607401937490411519,0.0217459,0
607401937624629247,0.0243382,0
607401937758846975,0.0252087,0
607401937893064703,0.0309629,0
607401938027282431,0.0298748,0
607401938161500159,0.0289326,0
607401938429935615,0.0222968,0
607401938564153343,0.0260606,0
607401938698371071,0.0191894,0
607401938832588799,0.0260927,0
607401938966806527,0.0215303,0
607401939101024255,0.0221255,0
607401939235241983,0.0175893,0
607401939503677439,0.0304036,0
607401939637895167,0.0306675,0
607401939772112895,0.0349775,0
607401939906330623,0.0350617,0
607401940040548351,0.0302957,0
607401940174766079,0.029152,0
607401940308983807,0.0294587,0
607401940577419263,0.0255705,0
607401940711636991,0.0285133,0
607401940845854719,0.0332895,0
607401940980072447,0.0241841,0
607401941114290175,0.0262176,0
607401941248507903,0.0265011,0
607401941382725631,0.03125,0
607401941651161087,0.0293238,0
607401941785378815,0.0317274,0
607401941919596543,0.0280424,0
607401942053814271,0.0281083,0
607401942188031999,0.0275918,0
607401942322249727,0.0311538,0
607401942456467455,0.0306956,0
607401942724902911,0.0287164,0
607401942859120639,0.0242107,0
607401942993338367,0.0320072,0
607401943127556095,0.0188325,0
607401943261773823,0.0285583,0
607401943395991551,0.0336666,0
607401943530209279,0.0363792,0
607401943798644735,0.0292146,0
607401943932862463,0.0287183,0
607401944067080191,0.0301938,0
607401944201297919,0.0293034,0
607401944335515647,0.0326536,0
607401944469733375,0.024901,0
607401944603951103,0.0349809,0
607401945946128383,0.0268076,0
607401946214563839,0.0235017,0
607401946482999295,0.0269628,0
607401946617217023,0.0287275,0
607401946751434751,0.0333551,0
607401948093612031,0.0308135,0
607401948362047487,0.0217866,0
607401948630482943,0.0188143,0
607401948764700671,0.0221895,0
607401948898918399,0.0183109,0
607401950241095679,0.023791,0
607401950375313407,0.0246163,0
607401950509531135,0.021466,0
607401950643748863,0.0320703,0
607401950777966591,0.0230849,0
607401950912184319,0.0324944,0
607401951046402047,0.0219653,0
607401951314837503,0.0323795,0
607401951583272959,0.0308163,0
607401951717490687,0.024332,0
607401951851708415,0.0353599,0
607401951985926143,0.0299405,0
607401952120143871,0.0334678,0
607401952388579327,0.025599,0
607401952522797055,0.024824,0
607401952657014783,0.0238541,0
607401952791232511,0.0205472,0
607401952925450239,0.0262259,0
607401953059667967,0.0246302,0
607401953193885695,0.0293458,0
607401960038989823,0.0299455,0
607401960441643007,0.0293148,0
607401960575860735,0.0293192,0
607403208666513407,0.105066,0
607403208800731135,0.110448,0
607403208934948863,0.122155,0
607403209069166591,0.109521,0
607403209203384319,0.108268,0
607403209337602047,0.108592,0
607403209471819775,0.134635,0
607403209740255231,0.110472,0
607403209874472959,0.116921,0
607403210008690687,0.114263,0
607403210142908415,0.119078,0
607403210277126143,0.115375,0
607403210411343871,0.102408,0
607403210545561599,0.115052,0
607403210813997055,0.127417,0
607403210948214783,0.118471,0
607403211350867967,0.101768,0
607403211485085695,0.105143,0
607403211887738879,0.11268,0
607403212021956607,0.119297,0
607403212156174335,0.101802,0
607403212290392063,0.120127,0
607403212424609791,0.12115,0
607403212558827519,0.113148,0
607403212693045247,0.117984,0
607403212961480703,0.133365,0
607403213095698431,0.112126,0
607403213229916159,0.109818,0
607403213364133887,0.123263,0
607403213498351615,0.114757,0
607403213632569343,0.121969,0
607403213766787071,0.145166,0
607403214035222527,0.0955012,0
607403214169440255,0.103439,0
607403214303657983,0.105572,0
607403214437875711,0.109131,0
607403214572093439,0.107121,0
607403214706311167,0.101703,0
607403214840528895,0.135893,0
607403215108964351,0.124805,0
607403215243182079,0.115609,0
607403215377399807,0.116239,0
607403215511617535,0.105818,0
607403215645835263,0.127856,0
607403215780052991,0.120461,0
607403215914270719,0.107845,0
607403217256447999,0.0504777,0
607403217390665727,0.0500764,0
607403217524883455,0.0667831,0
607403217659101183,0.0496495,0
607403217793318911,0.0627498,0
607403217927536639,0.0520518,0
607403218061754367,0.0755043,0
607403218330189823,0.0453943,0
607403218464407551,0.0548721,0
607403218598625279,0.0514607,0
607403218732843007,0.0479158,0
607403218867060735,0.0479021,0
607403219001278463,0.0541709,0
607403219135496191,0.0479957,0
607403219403931647,0.06096,0
607403219538149375,0.0678669,0
607403219672367103,0.058604,0
607403219806584831,0.0654427,0
607403219940802559,0.0744689,0
607403220075020287,0.0551713,0
607403220209238015,0.080606,0
607403220477673471,0.056374,0
607403220611891199,0.046829,0
607403220746108927,0.0605133,0
607403220880326655,0.0534637,0
607403221014544383,0.0466788,0
607403221148762111,0.0456429,0
607403221282979839,0.0622694,0
607403221551415295,0.0607875,0
607403221685633023,0.0627715,0
607403221819850751,0.0821654,0
607403221954068479,0.0593127,0
607403222088286207,0.0880914,0
607403222222503935,0.0542236,0
607403222356721663,0.103866,0
607403222625157119,0.0628852,0
607403222759374847,0.0457734,0
607403222893592575,0.066884,0
607403223027810303,0.061461,0
607403223162028031,0.067824,0
607403223296245759,0.0611311,0
607403223430463487,0.0652724,0
607403223698898943,0.0721748,0
607403223833116671,0.0772198,0
607403223967334399,0.0836923,0
607403224101552127,0.0821142,0
607403224235769855,0.0987899,0
607403224369987583,0.0677415,0
607403224504205311,0.108789,0
607403236181147647,0.0689565,0
607403239805026303,0.0753827,0
607403239939244031,0.0806699,0
607403240341897215,0.0949254,0
607403240476114943,0.0837252,0
607403240610332671,0.10665,0
607403243026251775,0.117048,0
607403243160469503,0.115147,0
607403243294687231,0.131741,0
607403243428904959,0.12555,0
607403243563122687,0.153154,0
607403243697340415,0.113946,0
607403243831558143,0.119287,0
607403244099993599,0.0971023,0
607403244234211327,0.103108,0
607403244368429055,0.0994443,0
607403244502646783,0.0966543,0
607403244636864511,0.101026,0
607403244771082239,0.101161,0
607403244905299967,0.1098,0
607403245173735423,0.132323,0
607403245307953151,0.201475,0
607403245442170879,0.127323,0
607403245576388607,0.126209,0
607403245710606335,0.127211,0
607403245844824063,0.120805,0
607403245979041791,0.144863,0
607403246247477247,0.104876,0
607403246381694975,0.115006,0
607403246515912703,0.114223,0
607403246650130431,0.111552,0
607403246784348159,0.118524,0
607403246918565887,0.125458,0
607403247052783615,0.117566,0
607403247321219071,0.107916,0
607403247455436799,0.0990242,0
607403247589654527,0.111144,0
607403247723872255,0.113002,0
607403247858089983,0.105891,0
607403247992307711,0.102589,0
607403248126525439,0.100547,0
607403248394960895,0.125741,0
607403248529178623,0.101705,0
607403248663396351,0.103722,0
607403248797614079,0.104096,0
607403248931831807,0.0947709,0
607403249066049535,0.0952452,0
607403249200267263,0.0923386,0
607403249468702719,0.0979243,0
607403249602920447,0.113589,0
607403249737138175,0.115904,0
607403249871355903,0.0972269,0
607403250005573631,0.107744,0
607403250139791359,0.101604,0
607403250274009087,0.107781,0
607403251616186367,0.105143,0
607403251750404095,0.0880594,0
607403251884621823,0.107251,0
607403252018839551,0.095676,0
607403252153057279,0.0997725,0
607403252287275007,0.100807,0
607403252421492735,0.101948,0
607403252689928191,0.0752891,0
607403252824145919,0.0588719,0
607403252958363647,0.0806956,0
607403253092581375,0.0603131,0
607403253226799103,0.0858463,0
607403253361016831,0.0700941,0
607403253495234559,0.0868976,0
607403253763670015,0.090495,0
607403253897887743,0.0919473,0
607403254032105471,0.102681,0
607403254166323199,0.106342,0
607403254300540927,0.0964085,0
607403254434758655,0.0792873,0
607403254568976383,0.130103,0
607403254837411839,0.0808909,0
607403254971629567,0.0690216,0
607403255105847295,0.0793099,0
607403255240065023,0.0617147,0
607403255374282751,0.0958834,0
607403255508500479,0.0723319,0
607403255642718207,0.103055,0
607403255911153663,0.104985,0
607403256045371391,0.111815,0
607403256179589119,0.10769,0
607403256313806847,0.0969881,0
607403256448024575,0.110098,0
607403256582242303,0.0815137,0
607403256716460031,0.116196,0
607403256984895487,0.0879253,0
607403257119113215,0.080207,0
607403257253330943,0.0967251,0
607403257387548671,0.094966,0
607403257521766399,0.0794461,0
607403257655984127,0.0830194,0
607403257790201855,0.0846258,0
607403258058637311,0.10095,0
607403258192855039,0.104841,0
607403258327072767,0.103816,0
607403258461290495,0.104762,0
607403258595508223,0.114096,0
607403258729725951,0.122013,0
607403258863943679,0.116523,0
607403260206120959,0.124096,0
607403260340338687,0.142876,0
607403260608774143,0.101238,0
607403260742991871,0.112555,0
607403260877209599,0.124759,0
607403261011427327,0.0984072,0
607403261279862783,0.118155,0
607403261414080511,0.121356,0
607403261548298239,0.111833,0
607403261682515967,0.111938,0
607403261816733695,0.106161,0
607403261950951423,0.122961,0
607403262085169151,0.113952,0
607403263964217343,0.120335,0
607403264098435071,0.113632,0
607403264501088255,0.0943494,0
607403264635305983,0.111644,0
607403264769523711,0.0863447,0
607403264903741439,0.102788,0
607403265037959167,0.0971337,0
607403265172176895,0.0989307,0
607403265306394623,0.0990315,0
607403265574830079,0.102163,0
607403265709047807,0.0961956,0
607403265843265535,0.10693,0
607403265977483263,0.0942867,0
607403266111700991,0.107864,0
607403266245918719,0.0995201,0
607403266380136447,0.11085,0
607403267185442815,0.0949913,0
607403267319660543,0.0966916,0
607403277385990143,0.0530481,0
607403277520207871,0.0567461,0
607403277654425599,0.0530091,0
607403277788643327,0.0539929,0
607403277922861055,0.053998,0
607403278057078783,0.0586247,0
607403278191296511,0.054566,0
607403278459731967,0.0601026,0
607403278593949695,0.0638197,0
607403278728167423,0.0659672,0
607403278862385151,0.0606258,0
607403278996602879,0.0640998,0
607403279130820607,0.0698368,0
607403279265038335,0.0582837,0
607403279533473791,0.0474564,0
607403279667691519,0.0584681,0
607403279801909247,0.0447133,0
607403279936126975,0.0482935,0
607403280070344703,0.0455737,0
607403280204562431,0.0488721,0
607403280338780159,0.0457157,0
607403280607215615,0.0540525,0
607403280741433343,0.052377,0
607403280875651071,0.0598134,0
607403281009868799,0.0488581,0
607403281144086527,0.0552234,0
607403281278304255,0.0639095,0
607403281412521983,0.0536302,0
607403281680957439,0.0514645,0
607403281815175167,0.0500202,0
607403281949392895,0.0502098,0
607403282083610623,0.0565074,0
607403282217828351,0.0504272,0
607403282352046079,0.0524079,0
607403282486263807,0.0496706,0
607403282754699263,0.0558719,0
607403282888916991,0.0654813,0
607403283023134719,0.0534418,0
607403283157352447,0.0646127,0
607403283291570175,0.0547714,0
607403283425787903,0.0561333,0
607403283560005631,0.0547857,0
607403283828441087,0.0449412,0
607403283962658815,0.0495976,0
607403284096876543,0.0476141,0
607403284231094271,0.0449861,0
607403284365311999,0.0487226,0
607403284499529727,0.0526661,0
607403284633747455,0.0416046,0
607403285975924735,0.0381534,0
607403286110142463,0.0337752,0
607403286244360191,0.0380846,0
607403286378577919,0.0347924,0
607403286512795647,0.0382741,0
607403286647013375,0.0451551,0
607403286781231103,0.0390789,0
607403287049666559,0.0402586,0
607403287183884287,0.0345591,0
607403287318102015,0.0331666,0
607403287452319743,0.033333,0
607403287586537471,0.0430834,0
607403287720755199,0.0392163,0
607403287854972927,0.0460025,0
607403288123408383,0.0337518,0
607403288257626111,0.0332326,0
607403288391843839,0.0309057,0
607403288526061567,0.0314444,0
607403288660279295,0.0356087,0
607403288794497023,0.034674,0
607403288928714751,0.0312399,0
607403289197150207,0.0312066,0
607403289331367935,0.0307805,0
607403289465585663,0.0291808,0
607403289599803391,0.0279001,0
607403289734021119,0.0335825,0
607403289868238847,0.0303363,0
607403290002456575,0.0307536,0
607403290270892031,0.0559844,0
607403290405109759,0.0525366,0
607403290539327487,0.0509482,0
607403290673545215,0.0484155,0
607403290807762943,0.0662585,0
607403290941980671,0.0563618,0
607403291076198399,0.0669207,0
607403291344633855,0.0455275,0
607403291478851583,0.0438023,0
607403291613069311,0.0446956,0
607403291747287039,0.047145,0
607403291881504767,0.0486449,0
607403292015722495,0.0509519,0
607403292149940223,0.0503582,0
607403292418375679,0.0454246,0
607403292552593407,0.0424142,0
607403292686811135,0.0468205,0
607403292821028863,0.0469968,0
607403292955246591,0.0558338,0
607403293089464319,0.0463605,0
607403293223682047,0.0520748,0
607403294565859327,0.0480857,0
607403294700077055,0.0431826,0
607403294834294783,0.045042,0
607403294968512511,0.0428279,0
607403295102730239,0.0447812,0
607403295236947967,0.040248,0
607403295371165695,0.0461086,0
607403295639601151,0.0527298,0
607403295773818879,0.050465,0
607403295908036607,0.0546919,0
607403296042254335,0.047509,0
607403296176472063,0.0428866,0
607403296310689791,0.0551784,0
607403296444907519,0.052029,0
607403296713342975,0.0413851,0
607403296847560703,0.050929,0
607403296981778431,0.0557266,0
607403297115996159,0.0419656,0
607403297250213887,0.0446487,0
607403297384431615,0.0438544,0
607403297518649343,0.0434577,0
607403297787084799,0.0488524,0
607403297921302527,0.0495566,0
607403298055520255,0.0448367,0
607403298189737983,0.0484463,0
607403298323955711,0.0429896,0
607403298458173439,0.0482042,0
607403298592391167,0.0427243,0
607403298860826623,0.0471889,0
607403298995044351,0.0430578,0
607403299129262079,0.0430401,0
607403299263479807,0.0426493,0
607403299397697535,0.0487353,0
607403299531915263,0.0445241,0
607403299666132991,0.0579758,0
607403299934568447,0.0463,0
607403300068786175,0.0449339,0
607403300203003903,0.0425281,0
607403300337221631,0.0415443,0
607403300471439359,0.0438785,0
607403300605657087,0.0461029,0
607403300739874815,0.0421415,0
607403301008310271,0.057703,0
607403301142527999,0.0420762,0
607403301276745727,0.0551777,0
607403301410963455,0.0423742,0
607403301545181183,0.0478485,0
607403301679398911,0.0442655,0
607403301813616639,0.0493304,0
607403303155793919,0.0443584,0
607403303290011647,0.0341584,0
607403303424229375,0.0424326,0
607403303558447103,0.03474,0
607403303692664831,0.043385,0
607403303826882559,0.0427386,0
607403303961100287,0.042649,0
607403304229535743,0.0352082,0
607403304363753471,0.0355917,0
607403304497971199,0.032713,0
607403304632188927,0.0320078,0
607403304766406655,0.0354214,0
607403304900624383,0.0356228,0
607403305034842111,0.0343046,0
607403305303277567,0.0364146,0
607403305437495295,0.0298172,0
607403305571713023,0.0382101,0
607403305705930751,0.0319516,0
607403305840148479,0.0395524,0
607403305974366207,0.0348732,0
607403306108583935,0.0399701,0
607403306377019391,0.0293036,0
607403306511237119,0.0292253,0
607403306645454847,0.0299443,0
607403306779672575,0.030776,0
607403306913890303,0.0287784,0
607403307048108031,0.0301264,0
607403307182325759,0.02872,0
607403307450761215,0.0664748,0
607403307584978943,0.0558205,0
607403307719196671,0.0689666,0
607403307853414399,0.0526166,0
607403307987632127,0.0674219,0
607403308121849855,0.0559054,0
607403308256067583,0.0524806,0
607403308524503039,0.0457602,0
607403308658720767,0.0339076,0
607403308792938495,0.0402715,0
607403308927156223,0.0387236,0
607403309061373951,0.04186,0
607403309195591679,0.0411178,0
607403309329809407,0.0488111,0
607403309598244863,0.0581998,0
607403309732462591,0.0461209,0
607403309866680319,0.0547223,0
607403310000898047,0.0437337,0
607403310135115775,0.0677429,0
607403310269333503,0.0497704,0
607403310403551231,0.0612234,0
607403311745728511,0.0662559,0
607403311879946239,0.0547194,0
607403312014163967,0.0499944,0
607403312148381695,0.0541612,0
607403312282599423,0.0576843,0
607403312416817151,0.0694763,0
607403312551034879,0.0583886,0
607403312819470335,0.0555302,0
607403312953688063,0.0634426,0
607403313087905791,0.0559496,0
607403313222123519,0.0555278,0
607403313356341247,0.0625695,0
607403313490558975,0.0592953,0
607403313624776703,0.058801,0
607403313893212159,0.0575076,0
607403314027429887,0.0515434,0
607403314161647615,0.0565563,0
607403314295865343,0.0497964,0
607403314430083071,0.0510953,0
607403314564300799,0.0571308,0
607403314698518527,0.0536932,0
607403314966953983,0.0522614,0
607403315101171711,0.0498499,0
607403315235389439,0.0495517,0
607403315369607167,0.0524741,0
607403315503824895,0.0531612,0
607403315638042623,0.0527572,0
607403315772260351,0.0550325,0
607403316040695807,0.0605119,0
607403316174913535,0.0598907,0
607403316309131263,0.0614235,0
607403316443348991,0.0578443,0
607403316577566719,0.0624112,0
607403316711784447,0.0577303,0
607403316846002175,0.0619133,0
607403317114437631,0.0623356,0
607403317248655359,0.0658275,0
607403317382873087,0.0597637,0
607403317517090815,0.0619152,0
607403317651308543,0.0666791,0
607403317785526271,0.0680313,0
607403317919743999,0.0629015,0
607403318188179455,0.05435,0
607403318322397183,0.0536548,0
607403318456614911,0.0524598,0
607403318590832639,0.0519915,0
607403318725050367,0.0596588,0
607403318859268095,0.0569258,0
607403318993485823,0.055732,0
607403320335663103,0.0630387,0
607403320469880831,0.0670243,0
607403320604098559,0.059451,0
607403320738316287,0.068578,0
607403320872534015,0.0667468,0
607403321006751743,0.0751951,0
607403321140969471,0.0621943,0
607403321409404927,0.0741836,0
607403321543622655,0.0589004,0
607403321677840383,0.0674552,0
607403321812058111,0.0614967,0
607403321946275839,0.0769012,0
607403322080493567,0.0616575,0
607403322214711295,0.0733308,0
607403322483146751,0.0649913,0
607403322617364479,0.0667138,0
607403322751582207,0.0604778,0
607403322885799935,0.0687144,0
607403323020017663,0.0612094,0
607403323154235391,0.0646214,0
607403323288453119,0.0667303,0
607403323556888575,0.0574543,0
607403323691106303,0.056606,0
607403323825324031,0.0613983,0
607403323959541759,0.0564178,0
607403324093759487,0.0669705,0
607403324227977215,0.0602473,0
607403324362194943,0.0641354,0
607403324630630399,0.0657438,0
607403324764848127,0.0654285,0
607403324899065855,0.063522,0
607403325033283583,0.0631185,0
607403325167501311,0.0632001,0
607403325301719039,0.063494,0
607403325435936767,0.0640146,0
607403325704372223,0.065695,0
607403325838589951,0.0687296,0
607403325972807679,0.0721712,0
607403326107025407,0.0723846,0
607403326241243135,0.0642059,0
607403326375460863,0.0653563,0
607403326509678591,0.0689951,0
607403326778114047,0.0544635,0
607403326912331775,0.0640756,0
607403327046549503,0.0527572,0
607403327180767231,0.051443,0
607403327314984959,0.0572747,0
607403327449202687,0.0632058,0
607403327583420415,0.0476712,0
607403328925597695,0.0468708,0
607403329059815423,0.0412565,0
607403329194033151,0.0534764,0
607403329328250879,0.0448686,0
607403329462468607,0.0484177,0
607403329596686335,0.0521642,0
607403329730904063,0.0473963,0
607403329999339519,0.0577987,0
607403330133557247,0.054111,0
607403330267774975,0.0457372,0
607403330401992703,0.0532634,0
607403330536210431,0.052301,0
607403330670428159,0.056725,0
607403330804645887,0.0477837,0
607403331073081343,0.0492406,0
607403331207299071,0.0440788,0
607403331341516799,0.0478298,0
607403331475734527,0.0448825,0
607403331609952255,0.0469289,0
607403331744169983,0.0472668,0
607403331878387711,0.0596927,0
607403332146823167,0.0494994,0
607403332281040895,0.0478316,0
607403332415258623,0.0542154,0
607403332549476351,0.04678,0
607403332683694079,0.0464516,0
607403332817911807,0.0459763,0
607403332952129535,0.0446596,0
607403333220564991,0.0596695,0
607403333354782719,0.0537323,0
607403333489000447,0.059046,0
607403333623218175,0.0511849,0
607403333757435903,0.0563404,0
607403333891653631,0.0673761,0
607403334025871359,0.0646001,0
607403334294306815,0.0580864,0
607403334428524543,0.0534841,0
607403334562742271,0.0492626,0
607403334696959999,0.0508353,0
607403334831177727,0.0518341,0
607403334965395455,0.0528718,0
607403335099613183,0.058372,0
607403335368048639,0.0677196,0
607403335502266367,0.053271,0
607403335636484095,0.05868,0
607403335770701823,0.0679455,0
607403335904919551,0.062484,0
607403336039137279,0.0533465,0
607403336173355007,0.0640387,0
607403449721552895,0.0511064,0
607403449855770623,0.0421858,0
607403450258423807,0.0493712,0
607403450392641535,0.053445,0
607403450661076991,0.0404041,0
607403450795294719,0.0563979,0
607403450929512447,0.0500907,0
607403451063730175,0.0416759,0
607403453479649279,0.0553327,0
607403453613867007,0.0533206,0
607403454016520191,0.0627511,0
607403454150737919,0.0533139,0
607403454284955647,0.0705361,0
607403454553391103,0.0561635,0
607403454687608831,0.0552248,0
607403454821826559,0.0440956,0
607403454956044287,0.0529736,0
607403455090262015,0.0439325,0
607403455224479743,0.0416899,0
607403455358697471,0.0556162,0
607403457774616575,0.0469087,0
607403457908834303,0.0373832,0
607403458043052031,0.0487468,0
607403458177269759,0.0376028,0
607403458311487487,0.0491091,0
607403458445705215,0.0458919,0
607403458579922943,0.0704284,0
607403458848358399,0.040146,0
607403458982576127,0.0309667,0
607403459116793855,0.0396103,0
607403459251011583,0.0340628,0
607403459385229311,0.0373525,0
607403459519447039,0.0368056,0
607403459653664767,0.0373163,0
607403460995842047,0.0352418,0
607403461130059775,0.0301234,0
607403461532712959,0.0403029,0
607403461666930687,0.0313626,0
607403462069583871,0.0518938,0
607403462203801599,0.0541412,0
607403462338019327,0.0525423,0
607403462472237055,0.0540948,0
607403462606454783,0.0428248,0
607403462740672511,0.053648,0
607403462874890239,0.0439136,0
607403463143325695,0.0481925,0
607403463277543423,0.0361838,0
607403463411761151,0.0506909,0
607403463545978879,0.0480322,0
607403463680196607,0.0538457,0
607403463814414335,0.04253,0
607403463948632063,0.0561775,0
607403464351285247,0.0512947,0
607403464753938431,0.0467807,0
607403464888156159,0.0527126,0
607403483544420351,0.116897,0
607403483678638079,0.123555,0
607403483812855807,0.123247,0
607403483947073535,0.130445,0
607403484081291263,0.120095,0
607403484215508991,0.118698,0
607403484349726719,0.131288,0
607403484618162175,0.126429,0
607403484752379903,0.124567,0
607403484886597631,0.123632,0
607403485020815359,0.264311,0
607403485155033087,0.120467,0
607403485289250815,0.147286,0
607403485423468543,0.122825,0
607403485691903999,0.123642,0
607403485826121727,0.120502,0
607403485960339455,0.12207,0
607403486094557183,0.124247,0
607403486228774911,0.132587,0
607403486362992639,0.127894,0
607403486497210367,0.141662,0
607403486765645823,0.135937,0
607403486899863551,0.142212,0
607403487034081279,0.141292,0
607403487168299007,0.134145,0
607403487302516735,0.129362,0
607403487436734463,0.168176,0
607403487570952191,0.132202,0
607403487839387647,0.108498,0
607403487973605375,0.128548,0
607403488107823103,0.125385,0
607403488242040831,0.127654,0
607403488376258559,0.0935706,0
607403488510476287,0.118491,0
607403488644694015,0.104528,0
607403488913129471,0.100827,0
607403489047347199,0.0985224,0
607403489181564927,0.0973101,0
607403489315782655,0.100915,0
607403489450000383,0.110201,0
607403489584218111,0.0957649,0
607403489718435839,0.107853,0
607403489986871295,0.136561,0
607403490121089023,0.139854,0
607403490255306751,0.123485,0
607403490389524479,0.143167,0
607403490523742207,0.125548,0
607403490657959935,0.12916,0
607403490792177663,0.120281,0
607403492134354943,0.0891113,0
607403492268572671,0.090321,0
607403492402790399,0.0935567,0
607403492537008127,0.0807376,0
607403492671225855,0.0957678,0
607403492805443583,0.0871298,0
607403492939661311,0.0868679,0
607403493208096767,0.10618,0
607403493342314495,0.0974024,0
607403493476532223,0.0921221,0
607403493610749951,0.105211,0
607403493744967679,0.0850893,0
607403493879185407,0.104857,0
607403494013403135,0.0856633,0
607403494281838591,0.0929682,0
607403494416056319,0.10082,0
607403494550274047,0.112077,0
607403494684491775,0.10113,0
607403494818709503,0.108261,0
607403494952927231,0.0916428,0
607403495087144959,0.112984,0
607403495355580415,0.0988269,0
607403495489798143,0.0935034,0
607403495624015871,0.106557,0
607403495758233599,0.0941816,0
607403495892451327,0.0861162,0
607403496026669055,0.0979612,0
607403496160886783,0.0883812,0
607403496429322239,0.0963198,0
607403496563539967,0.0891247,0
607403496697757695,0.0961754,0
607403496831975423,0.103935,0
607403496966193151,0.108453,0
607403497100410879,0.0939038,0
607403497234628607,0.115534,0
607403497503064063,0.088869,0
607403497637281791,0.0996286,0
607403497771499519,0.0833876,0
607403497905717247,0.103555,0
607403498039934975,0.0786234,0
607403498174152703,0.0909039,0
607403498308370431,0.0917282,0
607403498576805887,0.100303,0
607403498711023615,0.096616,0
607403498845241343,0.106305,0
607403498979459071,0.111187,0
607403499113676799,0.105276,0
607403499247894527,0.104034,0
607403499382112255,0.132974,0
607403500724289535,0.128595,0
607403500858507263,0.141482,0
607403500992724991,0.142832,0
607403501126942719,0.131772,0
607403501261160447,0.124488,0
607403501395378175,0.140466,0
607403501529595903,0.117221,0
607403501798031359,0.126908,0
607403501932249087,0.133011,0
607403502066466815,0.131289,0
607403502200684543,0.132922,0
607403502334902271,0.12478,0
607403502469119999,0.125583,0
607403502603337727,0.143519,0
607403502871773183,0.146196,0
607403503005990911,0.123906,0
607403503140208639,0.148079,0
607403503274426367,0.151298,0
607403503408644095,0.140896,0
607403503542861823,0.140794,0
607403503677079551,0.141785,0
607403503945515007,0.148743,0
607403504079732735,0.140362,0
607403504213950463,0.144137,0
607403504348168191,0.148839,0
607403504482385919,0.122799,0
607403504616603647,0.150539,0
607403504750821375,0.129585,0
607403505019256831,0.11307,0
607403505153474559,0.132762,0
607403505287692287,0.107811,0
607403505421910015,0.123418,0
607403505556127743,0.106406,0
607403505690345471,0.111934,0
607403505824563199,0.110928,0
607403506092998655,0.124087,0
607403506227216383,0.143159,0
607403506361434111,0.121822,0
607403506495651839,0.136928,0
607403506629869567,0.121102,0
607403506764087295,0.136814,0
607403506898305023,0.13379,0
607403507166740479,0.113977,0
607403507300958207,0.140429,0
607403507435175935,0.111694,0
607403507569393663,0.130826,0
607403507703611391,0.105278,0
607403507837829119,0.113445,0
607403507972046847,0.102658,0
607403509314224127,0.105137,0
607403509448441855,0.103698,0
607403509582659583,0.101152,0
607403509716877311,0.10471,0
607403509851095039,0.115826,0
607403509985312767,0.0998128,0
607403510119530495,0.121859,0
607403510387965951,0.0918045,0
607403510522183679,0.0944606,0
607403510656401407,0.112934,0
607403510790619135,0.0958074,0
607403510924836863,0.105037,0
607403511059054591,0.0931466,0
607403511193272319,0.0956676,0
607403511461707775,0.102877,0
607403511595925503,0.10007,0
607403511730143231,0.113239,0
607403511864360959,0.107957,0
607403511998578687,0.111319,0
607403512132796415,0.102781,0
607403512267014143,0.115666,0
607403512535449599,0.0915091,0
607403512669667327,0.0923075,0
607403512803885055,0.0867208,0
607403512938102783,0.0930744,0
607403513072320511,0.0984124,0
607403513206538239,0.0917075,0
607403513340755967,0.109223,0
607403513609191423,0.127395,0
607403513743409151,0.130232,0
607403513877626879,0.1286,0
607403514011844607,0.135862,0
607403514146062335,0.123272,0
607403514280280063,0.140659,0
607403514414497791,0.125493,0
607403514682933247,0.108436,0
607403514817150975,0.111479,0
607403514951368703,0.104693,0
607403515085586431,0.0990106,0
607403515219804159,0.115928,0
607403515354021887,0.122603,0
607403515488239615,0.131772,0
607403515756675071,0.140928,0
607403515890892799,0.117673,0
607403516025110527,0.129897,0
607403516159328255,0.132338,0
607403516293545983,0.13353,0
607403516427763711,0.135399,0
607403516561981439,0.14601,0
607403517904158719,0.104184,0
607403518038376447,0.0945306,0
607403518172594175,0.0997,0
607403518306811903,0.0918527,0
607403518441029631,0.0887957,0
607403518575247359,0.0965152,0
607403518709465087,0.0824576,0
607403518977900543,0.0989643,0
607403519112118271,0.0980897,0
607403519246335999,0.0881914,0
607403519380553727,0.0934343,0
607403519514771455,0.103217,0
607403519648989183,0.111616,0
607403519783206911,0.0923846,0
607403520051642367,0.0929401,0
607403520185860095,0.0950533,0
607403520320077823,0.0984244,0
607403520454295551,0.0958762,0
607403520588513279,0.0942607,0
607403520722731007,0.0961173,0
607403520856948735,0.0982127,0
607403521125384191,0.0965427,0
607403521259601919,0.100892,0
607403521393819647,0.0977801,0
607403521528037375,0.0918555,0
607403521662255103,0.0924532,0
607403521796472831,0.0867362,0
607403521930690559,0.0947439,0
607403522199126015,0.0926168,0
607403522333343743,0.0901242,0
607403522467561471,0.0927905,0
607403522601779199,0.123685,0
607403522735996927,0.0886419,0
607403522870214655,0.0774962,0
607403523004432383,0.089088,0
607403523272867839,0.103663,0
607403523407085567,0.103261,0
607403523541303295,0.102657,0
607403523675521023,0.0881067,0
607403523809738751,0.0815708,0
607403523943956479,0.092211,0
607403524078174207,0.0935951,0
607403524346609663,0.12262,0
607403524480827391,0.0856293,0
607403524615045119,0.0792983,0
607403524749262847,0.088508,0
607403524883480575,0.0846747,0
607403525017698303,0.1155,0
607403525151916031,0.0874259,0
607403526494093311,0.100583,0
607403526628311039,0.0982533,0
607403526762528767,0.105244,0
607403526896746495,0.0999583,0
607403527030964223,0.106352,0
607403527165181951,0.101168,0
607403527299399679,0.0889348,0
607403527567835135,0.0838069,0
607403527702052863,0.0874431,0
607403527836270591,0.100899,0
607403527970488319,0.0857809,0
607403528104706047,0.10783,0
607403528238923775,0.0787314,0
607403528373141503,0.114463,0
607403528641576959,0.114707,0
607403528775794687,0.113944,0
607403528910012415,0.115276,0
607403529044230143,0.119992,0
607403529178447871,0.103254,0
607403529312665599,0.103123,0
607403529446883327,0.105295,0
607403529715318783,0.0789699,0
607403529849536511,0.0781591,0
607403529983754239,0.0901168,0
607403530117971967,0.0946963,0
607403530252189695,0.100894,0
607403530386407423,0.0837155,0
607403530520625151,0.0989231,0
607403530789060607,0.102032,0
607403530923278335,0.100485,0
607403531057496063,0.088354,0
607403531191713791,0.0868512,0
607403531325931519,0.0991378,0
607403531460149247,0.0863051,0
607403531594366975,0.10564,0
607403531862802431,0.108962,0
607403531997020159,0.0962273,0
607403532131237887,0.106421,0
607403532265455615,0.0991907,0
607403532399673343,0.0946523,0
607403532533891071,0.106402,0
607403532668108799,0.0988385,0
607403532936544255,0.0823018,0
607403533070761983,0.086058,0
607403533204979711,0.0970539,0
607403533339197439,0.0871719,0
607403533473415167,0.0890034,0
607403533607632895,0.0873913,0
607403533741850623,0.096344,0
607403535084027903,0.0995353,0
607403535218245631,0.110105,0
607403535352463359,0.105934,0
607403535486681087,0.110881,0
607403535620898815,0.103047,0
607403535755116543,0.106899,0
607403535889334271,0.0984173,0
607403536157769727,0.102787,0
607403536291987455,0.115005,0
607403536426205183,0.1074,0
607403536560422911,0.112983,0
607403536694640639,0.0993056,0
607403536828858367,0.103093,0
607403536963076095,0.0999245,0
607403537231511551,0.112196,0
607403537365729279,0.102096,0
607403537499947007,0.102842,0
607403537634164735,0.106037,0
607403537768382463,0.102115,0
607403537902600191,0.10014,0
607403538036817919,0.105242,0
607403538305253375,0.10445,0
607403538439471103,0.116896,0
607403538573688831,0.0996343,0
607403538707906559,0.113361,0
607403538842124287,0.103455,0
607403538976342015,0.111435,0
607403539110559743,0.1041,0
607403539378995199,0.0988335,0
607403539513212927,0.103447,0
607403539647430655,0.0982546,0
607403539781648383,0.099634,0
607403539915866111,0.109597,0
607403540050083839,0.10364,0
607403540184301567,0.105452,0
607403540452737023,0.102823,0
607403540586954751,0.0994002,0
607403540721172479,0.101679,0
607403540855390207,0.101189,0
607403540989607935,0.0902959,0
607403541123825663,0.0833934,0
607403541258043391,0.104092,0
607403541526478847,0.0997553,0
607403541660696575,0.0994591,0
607403541794914303,0.0958588,0
607403541929132031,0.10016,0
607403542063349759,0.092227,0
607403542197567487,0.0997073,0
607403542331785215,0.0947588,0
607403552263897087,0.0963676,0
607403552398114815,0.105974,0
607403552532332543,0.0981607,0
607403552666550271,0.09864,0
607403552800767999,0.0954076,0
607403552934985727,0.0928521,0
607403553069203455,0.107452,0
607403553337638911,0.0820684,0
607403553471856639,0.0941371,0
607403553606074367,0.0923032,0
607403553740292095,0.0981178,0
607403553874509823,0.0821574,0
607403554008727551,0.0839112,0
607403554142945279,0.0873062,0
607403554411380735,0.0961415,0
607403554545598463,0.0944293,0
607403554679816191,0.0883763,0
607403554814033919,0.0972195,0
607403554948251647,0.0989082,0
607403555082469375,0.100189,0
607403555216687103,0.110428,0
607403555485122559,0.0954589,0
607403555619340287,0.118794,0
607403555753558015,0.0944733,0
607403555887775743,0.114369,0
607403556021993471,0.0914532,0
607403556156211199,0.0952898,0
607403556290428927,0.101402,0
607403556558864383,0.0925605,0
607403556693082111,0.0828216,0
607403556827299839,0.0893628,0
607403556961517567,0.0804982,0
607403557095735295,0.0926612,0
607403557229953023,0.0842972,0
607403557364170751,0.0862338,0
607403557632606207,0.0889706,0
607403557766823935,0.081437,0
607403557901041663,0.0820835,0
607403558035259391,0.0842722,0
607403558169477119,0.0936168,0
607403558303694847,0.0874234,0
607403558437912575,0.0878945,0
607403558706348031,0.108949,0
607403558840565759,0.103022,0
607403558974783487,0.110707,0
607403559109001215,0.105788,0
607403559243218943,0.108101,0
607403559377436671,0.109356,0
607403559511654399,0.0979115,0
607403560853831679,0.0704579,0
607403560988049407,0.071097,0
607403561122267135,0.0744096,0
607403561256484863,0.0729999,0
607403561390702591,0.0691617,0
607403561524920319,0.0700538,0
607403561659138047,0.0768947,0
607403561927573503,0.0598305,0
607403562061791231,0.0647985,0
607403562196008959,0.069034,0
607403562330226687,0.0721937,0
607403562464444415,0.061304,0
607403562598662143,0.0647223,0
607403562732879871,0.063103,0
607403563001315327,0.0771217,0
607403563135533055,0.0666008,0
607403563269750783,0.0699022,0
607403563403968511,0.0694634,0
607403563538186239,0.0755707,0
607403563672403967,0.0752711,0
607403563806621695,0.0792861,0
607403564075057151,0.0613457,0
607403564209274879,0.0615948,0
607403564343492607,0.0675018,0
607403564477710335,0.0628584,0
607403564611928063,0.0707252,0
607403564746145791,0.0682856,0
607403564880363519,0.063648,0
607403565148798975,0.0810218,0
607403565283016703,0.0767135,0
607403565417234431,0.0829127,0
607403565551452159,0.0768633,0
607403565685669887,0.0804759,0
607403565819887615,0.0860669,0
607403565954105343,0.0871548,0
607403566222540799,0.0679784,0
607403566356758527,0.071742,0
607403566490976255,0.0680789,0
607403566625193983,0.072295,0
607403566759411711,0.0725658,0
607403566893629439,0.0755245,0
607403567027847167,0.0747164,0
607403567296282623,0.0894947,0
607403567430500351,0.0737674,0
607403567564718079,0.0938834,0
607403567698935807,0.0840883,0
607403567833153535,0.093903,0
607403567967371263,0.0909447,0
607403568101588991,0.118169,0
607403569443766271,0.0829377,0
607403569577983999,0.0915921,0
607403569712201727,0.0800202,0
607403569846419455,0.0866111,0
607403569980637183,0.0899589,0
607403570114854911,0.0863886,0
607403570249072639,0.0923114,0
607403570517508095,0.102379,0
607403570651725823,0.0913454,0
607403570785943551,0.0860957,0
607403570920161279,0.0930404,0
607403571054379007,0.0949894,0
607403571188596735,0.100621,0
607403571322814463,0.131241,0
607403571591249919,0.08929,0
607403571725467647,0.103473,0
607403571859685375,0.0925471,0
607403571993903103,0.124107,0
607403572128120831,0.0911542,0
607403572262338559,0.0865084,0
607403572396556287,0.0951842,0
607403572664991743,0.0839206,0
607403572799209471,0.0802862,0
607403572933427199,0.0949943,0
607403573067644927,0.0803348,0
607403573201862655,0.0840315,0
607403573336080383,0.0853773,0
607403573470298111,0.10831,0
607403573738733567,0.104741,0
607403573872951295,0.116293,0
607403574007169023,0.094415,0
607403574141386751,0.111395,0
607403574275604479,0.127059,0
607403574409822207,0.101278,0
607403574544039935,0.0963161,0
607403574812475391,0.0934299,0
607403574946693119,0.103249,0
607403575080910847,0.0952763,0
607403575215128575,0.127543,0
607403575349346303,0.107716,0
607403575483564031,0.101042,0
607403575617781759,0.0898418,0
607403575886217215,0.105544,0
607403576020434943,0.0946596,0
607403576154652671,0.0849895,0
607403576288870399,0.0926426,0
607403576423088127,0.105532,0
607403576557305855,0.093751,0
607403576691523583,0.132613,0
607403578033700863,0.0950031,0
607403578167918591,0.0713387,0
607403578302136319,0.0848308,0
607403578436354047,0.0656743,0
607403578570571775,0.0972111,0
607403578704789503,0.0848447,0
607403578839007231,0.093724,0
607403579107442687,0.0733291,0
607403579241660415,0.067868,0
607403579375878143,0.0698026,0
607403579510095871,0.0637331,0
607403579644313599,0.071672,0
607403579778531327,0.0704373,0
607403579912749055,0.0712543,0
607403580181184511,0.0707733,0
607403580315402239,0.0594813,0
607403580449619967,0.0848021,0
607403580583837695,0.0619212,0
607403580718055423,0.0795957,0
607403580852273151,0.0669247,0
607403580986490879,0.0817943,0
607403581254926335,0.0686061,0
607403581389144063,0.0638186,0
607403581523361791,0.0568536,0
607403581657579519,0.0574966,0
607403581791797247,0.0714369,0
607403581926014975,0.0710574,0
607403582060232703,0.0646684,0
607403582328668159,0.0950429,0
607403582462885887,0.090649,0
607403582597103615,0.0944033,0
607403582731321343,0.0976482,0
607403582865539071,0.0845672,0
607403582999756799,0.0858084,0
607403583133974527,0.0903474,0
607403583402409983,0.0848896,0
607403583536627711,0.07228,0
607403583670845439,0.0874052,0
607403583805063167,0.0741245,0
607403583939280895,0.0932879,0
607403584073498623,0.0881493,0
607403584207716351,0.0861815,0
607403584476151807,0.0904804,0
607403584610369535,0.090517,0
607403584744587263,0.0782538,0
607403584878804991,0.0825262,0
607403585013022719,0.0889511,0
607403585147240447,0.0930223,0
607403585281458175,0.0842649,0
607403586623635455,0.0774895,0
607403586757853183,0.081293,0
607403586892070911,0.0793582,0
607403587026288639,0.0824571,0
607403587160506367,0.0873171,0
607403587294724095,0.0736263,0
607403587428941823,0.0879234,0
607403587697377279,0.0912715,0
607403587831595007,0.0852955,0
607403587965812735,0.088347,0
607403588100030463,0.0894339,0
607403588234248191,0.0847291,0
607403588368465919,0.0908825,0
607403588502683647,0.0854624,0
607403588771119103,0.083218,0
607403588905336831,0.0907481,0
607403589039554559,0.0808538,0
607403589173772287,0.0906615,0
607403589307990015,0.0817936,0
607403589442207743,0.0757339,0
607403589576425471,0.081797,0
607403589844860927,0.0897331,0
607403589979078655,0.0844477,0
607403590113296383,0.104341,0
607403590247514111,0.0853134,0
607403590381731839,0.0848427,0
607403590515949567,0.0873212,0
607403590650167295,0.0925108,0
607403590918602751,0.0792399,0
607403591052820479,0.0954231,0
607403591187038207,0.0753115,0
607403591321255935,0.0901326,0
607403591455473663,0.0776506,0
607403591589691391,0.0843211,0
607403591723909119,0.0773724,0
607403591992344575,0.0851204,0
607403592126562303,0.0834583,0
607403592260780031,0.0785595,0
607403592394997759,0.0721519,0
607403592529215487,0.0777343,0
607403592663433215,0.0758528,0
607403592797650943,0.0959361,0
607403593066086399,0.0695495,0
607403593200304127,0.0922001,0
607403593334521855,0.077828,0
607403593468739583,0.0851744,0
607403593602957311,0.0784536,0
607403593737175039,0.0773083,0
607403593871392767,0.0695982,0
607403595213570047,0.0964856,0
607403595347787775,0.0955232,0
607403595482005503,0.0925424,0
607403595616223231,0.0931382,0
607403595750440959,0.0938608,0
607403595884658687,0.0901339,0
607403596018876415,0.0942845,0
607403596287311871,0.0877504,0
607403596421529599,0.0864052,0
607403596555747327,0.087197,0
607403596689965055,0.089014,0
607403596824182783,0.0924207,0
607403596958400511,0.0886043,0
607403597092618239,0.0915188,0
607403597361053695,0.0878887,0
607403597495271423,0.0904003,0
607403597629489151,0.0839513,0
607403597763706879,0.0852482,0
607403597897924607,0.0950302,0
607403598032142335,0.0903797,0
607403598166360063,0.103646,0
607403598434795519,0.0893806,0
607403598569013247,0.0819946,0
607403598703230975,0.0896421,0
607403598837448703,0.0885589,0
607403598971666431,0.0908184,0
607403599105884159,0.0921491,0
607403599240101887,0.0911697,0
607403599508537343,0.0918794,0
607403599642755071,0.0875899,0
607403599776972799,0.0908085,0
607403599911190527,0.0905632,0
607403600045408255,0.0908839,0
607403600179625983,0.0890271,0
607403600313843711,0.084312,0
607403600582279167,0.088446,0
607403600716496895,0.0876321,0
607403600850714623,0.0889526,0
607403600984932351,0.0966137,0
607403601119150079,0.0931125,0
607403601253367807,0.0869241,0
607403601387585535,0.0899771,0
607403601656020991,0.0857978,0
607403601790238719,0.0907093,0
607403601924456447,0.0937118,0
607403602058674175,0.0890301,0
607403602192891903,0.0854325,0
607403602327109631,0.0862205,0
607403602461327359,0.084483,0
607403603803504639,0.081232,0
607403603937722367,0.0906416,0
607403604071940095,0.0832167,0
607403604206157823,0.105876,0
607403604340375551,0.0745149,0
607403604474593279,0.0863245,0
607403604608811007,0.0893722,0
607403604877246463,0.0780201,0
607403605011464191,0.102756,0
607403605145681919,0.0837785,0
607403605279899647,0.0968272,0
607403605414117375,0.0988772,0
607403605548335103,0.0908717,0
607403605682552831,0.0834648,0
607403605950988287,0.0908656,0
607403606085206015,0.110984,0
607403606219423743,0.0783931,0
607403606353641471,0.10318,0
607403606487859199,0.0850357,0
607403606622076927,0.101583,0
607403606756294655,0.0843325,0
607403607024730111,0.094543,0
607403607158947839,0.102408,0
607403607293165567,0.132625,0
607403607427383295,0.111716,0
607403607561601023,0.1135,0
607403607695818751,0.0893761,0
607403607830036479,0.134152,0
607403608098471935,0.0861912,0
607403608232689663,0.0689783,0
607403608366907391,0.0882773,0
607403608501125119,0.0937029,0
607403608635342847,0.0797054,0
607403608769560575,0.0690806,0
607403608903778303,0.0870071,0
607403609172213759,0.0738767,0
607403609306431487,0.0906478,0
607403609440649215,0.0714243,0
607403609574866943,0.0923978,0
607403609709084671,0.0838441,0
607403609843302399,0.0748421,0
607403609977520127,0.0697622,0
607403610245955583,0.0765126,0
607403610380173311,0.0860474,0
607403610514391039,0.076978,0
607403610648608767,0.0988716,0
607403610782826495,0.0854332,0
607403610917044223,0.0993838,0
607403611051261951,0.0874258,0
607403660846039039,0.137588,0
607403661248692223,0.112785,0
607403661382909951,0.138624,0
607403664604135423,0.138673,0
607403665006788607,0.106262,0
607403665141006335,0.113515,0
607403665543659519,0.109876,0
607403665677877247,0.109112,0
607403665812094975,0.116143,0
607403668228014079,0.149518,0
607403668362231807,0.142302,0
607403668764884991,0.134122,0
607403668899102719,0.147118,0
607403669301755903,0.1372,0
607403669435973631,0.121428,0
607403669570191359,0.137004,0
607403669704409087,0.119799,0
607403669838626815,0.130461,0
607403669972844543,0.138969,0
607403670107062271,0.12954,0
607403758422327295,0.0230755,0
607403758556545023,0.0201578,0
607403758690762751,0.0234617,0
607403758824980479,0.022651,0
607403758959198207,0.0231113,0
607403759093415935,0.0255169,0
607403759227633663,0.0234845,0
607403759496069119,0.0255544,0
607403759630286847,0.0249355,0
607403759764504575,0.019854,0
607403759898722303,0.0298298,0
607403760032940031,0.0239571,0
607403760167157759,0.0218541,0
607403760301375487,0.02022,0
607403760569810943,0.0220484,0
607403760704028671,0.0219942,0
607403760838246399,0.0267829,0
607403760972464127,0.0215926,0
607403761106681855,0.02698,0
607403761240899583,0.029619,0
607403761375117311,0.0277754,0
607403761643552767,0.0299346,0
607403761777770495,0.0226467,0
607403761911988223,0.027125,0
607403762046205951,0.0177319,0
607403762180423679,0.0221048,0
607403762314641407,0.0207268,0
607403762448859135,0.0213731,0
607403762717294591,0.0456455,0
607403762851512319,0.027591,0
607403762985730047,0.0417745,0
607403763119947775,0.0394436,0
607403763254165503,0.040152,0
607403763388383231,0.0443496,0
607403763522600959,0.0367232,0
607403763791036415,0.0315578,0
607403763925254143,0.0235995,0
607403764059471871,0.0240594,0
607403764193689599,0.0227387,0
607403764327907327,0.0254098,0
607403764462125055,0.0229054,0
607403764596342783,0.0263234,0
607403764864778239,0.0327878,0
607403764998995967,0.0256143,0
607403765133213695,0.0402102,0
607403765267431423,0.0244306,0
607403765401649151,0.0420607,0
607403765535866879,0.0425174,0
607403765670084607,0.0359809,0
607403767012261887,0.0171086,0
607403767146479615,0.0159749,0
607403767280697343,0.0187306,0
607403767414915071,0.00992292,0
607403767549132799,0.0220384,0
607403767683350527,0.0194401,0
607403767817568255,0.0187101,0
607403768086003711,0.01287,0
607403768220221439,0.0145638,0
607403768354439167,0.0132421,0
607403768488656895,0.014293,0
607403768622874623,0.0184519,0
607403768757092351,0.0154757,0
607403768891310079,0.01843,0
607403769159745535,0.0204461,0
607403769293963263,0.0159286,0
607403769428180991,0.0206929,0
607403769562398719,0.0166353,0
607403769696616447,0.0211966,0
607403769830834175,0.0185812,0
607403769965051903,0.0206089,0
607403770233487359,0.0159408,0
607403770367705087,0.019253,0
607403770501922815,0.0177569,0
607403770636140543,0.0171826,0
607403770770358271,0.0136212,0
607403770904575999,0.0163354,0
607403771038793727,0.0143079,0
607403771307229183,0.0198434,0
607403771441446911,0.0217873,0
607403771575664639,0.0203791,0
607403771709882367,0.0213986,0
607403771844100095,0.0253402,0
607403771978317823,0.0209603,0
607403772112535551,0.0228959,0
607403772380971007,0.0236408,0
607403772515188735,0.0128369,0
607403772649406463,0.0255693,0
607403772783624191,0.0194491,0
607403772917841919,0.0216982,0
607403773052059647,0.0254949,0
607403773186277375,0.0213525,0
607403773454712831,0.0128153,0
607403773588930559,0.0151244,0
607403773723148287,0.0203937,0
607403773857366015,0.0217171,0
607403773991583743,0.024547,0
607403774125801471,0.0209992,0
607403774260019199,0.022893,0
607403775602196479,0.0225427,0
607403775736414207,0.0263321,0
607403775870631935,0.0282528,0
607403776004849663,0.0278297,0
607403776139067391,0.0209606,0
607403776273285119,0.0226659,0
607403776407502847,0.0204189,0
607403776675938303,0.0257429,0
607403776810156031,0.0203929,0
607403776944373759,0.0262977,0
607403777078591487,0.0189738,0
607403777212809215,0.0181339,0
607403777347026943,0.0216401,0
607403777481244671,0.0231352,0
607403777749680127,0.0307484,0
607403777883897855,0.0243176,0
607403778018115583,0.0302531,0
607403778152333311,0.0306058,0
607403778286551039,0.0280331,0
607403778420768767,0.0299369,0
607403778554986495,0.0293355,0
607403778823421951,0.0214949,0
607403778957639679,0.0197525,0
607403779091857407,0.030928,0
607403779226075135,0.0312455,0
607403779360292863,0.0179803,0
607403779494510591,0.0222711,0
607403779628728319,0.0180269,0
607403779897163775,0.0353474,0
607403780031381503,0.0244822,0
607403780165599231,0.0371311,0
607403780299816959,0.0258391,0
607403780434034687,0.0317444,0
607403780568252415,0.034429,0
607403780702470143,0.0337722,0
607403780970905599,0.0284268,0
607403781105123327,0.0294468,0
607403781239341055,0.0233985,0
607403781373558783,0.0237847,0
607403781507776511,0.0272794,0
607403781641994239,0.0274425,0
607403781776211967,0.0279772,0
607403782044647423,0.0376752,0
607403782178865151,0.0313141,0
607403782313082879,0.0417949,0
607403782447300607,0.0340522,0
607403782581518335,0.0453425,0
607403782715736063,0.0366001,0
607403782849953791,0.0485394,0
607403784192131071,0.0165461,0
607403784326348799,0.0227904,0
607403784460566527,0.0151677,0
607403784594784255,0.0166396,0
607403784729001983,0.015651,0
607403784863219711,0.0246537,0
607403784997437439,0.0158289,0
607403785265872895,0.0220335,0
607403785400090623,0.0166508,0
607403785534308351,0.0225132,0
607403785668526079,0.019466,0
607403785802743807,0.0234409,0
607403785936961535,0.0188677,0
607403786071179263,0.0254446,0
607403786339614719,0.0228418,0
607403786473832447,0.0211651,0
607403786608050175,0.0234186,0
607403786742267903,0.0230037,0
607403786876485631,0.0135978,0
607403787010703359,0.01661,0
607403787144921087,0.0221613,0
607403787413356543,0.0212996,0
607403787547574271,0.0181296,0
607403787681791999,0.0228875,0
607403787816009727,0.021136,0
607403787950227455,0.0216939,0
607403788084445183,0.0203629,0
607403788218662911,0.0234038,0
607403788487098367,0.022851,0
607403788621316095,0.0179338,0
607403788755533823,0.0245248,0
607403788889751551,0.019433,0
607403789023969279,0.0220827,0
607403789158187007,0.0226084,0
607403789292404735,0.0227085,0
607403789560840191,0.0225073,0
607403789695057919,0.0219024,0
607403789829275647,0.0153201,0
607403789963493375,0.0260376,0
607403790097711103,0.0126223,0
607403790231928831,0.0218113,0
607403790366146559,0.0278433,0
607403790634582015,0.0242909,0
607403790768799743,0.0218018,0
607403790903017471,0.0222576,0
607403791037235199,0.0186431,0
607403791171452927,0.0222913,0
607403791305670655,0.0191801,0
607403791439888383,0.0212538,0
607403792782065663,0.0340043,0
607403792916283391,0.0322146,0
607403793050501119,0.0305992,0
607403793184718847,0.0371946,0
607403793318936575,0.0349973,0
607403793453154303,0.0350955,0
607403793587372031,0.032467,0
607403793855807487,0.0430621,0
607403793990025215,0.036684,0
607403794124242943,0.0414149,0
607403794258460671,0.0346123,0
607403794392678399,0.0424269,0
607403794526896127,0.0313919,0
607403794661113855,0.0440318,0
607403794929549311,0.0365205,0
607403795063767039,0.0368286,0
607403795197984767,0.0349946,0
607403795332202495,0.0376547,0
607403795466420223,0.0379949,0
607403795600637951,0.0362601,0
607403795734855679,0.0403899,0
607403796003291135,0.0442195,0
607403796137508863,0.0317964,0
607403796271726591,0.0448906,0
607403796405944319,0.0361869,0
607403796540162047,0.0395905,0
607403796674379775,0.0479361,0
607403796808597503,0.0358509,0
607403797077032959,0.0375336,0
607403797211250687,0.0442067,0
607403797345468415,0.0325669,0
607403797479686143,0.0358105,0
607403797613903871,0.0358801,0
607403797748121599,0.0396618,0
607403797882339327,0.0305923,0
607403798150774783,0.0379138,0
607403798284992511,0.0487249,0
607403798419210239,0.0389457,0
607403798553427967,0.0402987,0
607403798687645695,0.0427098,0
607403798821863423,0.0453907,0
607403798956081151,0.0419769,0
607403799224516607,0.0385991,0
607403799358734335,0.0319749,0
607403799492952063,0.0332382,0
607403799627169791,0.0356263,0
607403799761387519,0.0338864,0
607403799895605247,0.0424642,0
607403800029822975,0.0332238,0
607403801372000255,0.0282556,0
607403801506217983,0.0267827,0
607403801640435711,0.0315887,0
607403801774653439,0.0273286,0
607403801908871167,0.0296673,0
607403802043088895,0.0276953,0
607403802177306623,0.0320608,0
607403802445742079,0.0263591,0
607403802579959807,0.0221639,0
607403802714177535,0.0187188,0
607403802848395263,0.0137527,0
607403802982612991,0.0228522,0
607403803116830719,0.0161302,0
607403803251048447,0.0183423,0
607403803519483903,0.0249846,0
607403803653701631,0.0251033,0
607403803787919359,0.0228833,0
607403803922137087,0.0218079,0
607403804056354815,0.0312876,0
607403804190572543,0.02817,0
607403804324790271,0.0296968,0
607403804593225727,0.0181433,0
607403804727443455,0.0166192,0
607403804861661183,0.0238891,0
607403804995878911,0.0189675,0
607403805130096639,0.0217519,0
607403805264314367,0.0166518,0
607403805398532095,0.0218308,0
607403805666967551,0.0247855,0
607403805801185279,0.0324592,0
607403805935403007,0.0358763,0
607403806069620735,0.0322984,0
607403806203838463,0.0269284,0
607403806338056191,0.0260319,0
607403806472273919,0.0352382,0
607403806740709375,0.0256271,0
607403806874927103,0.0214414,0
607403807009144831,0.0303121,0
607403807143362559,0.027313,0
607403807277580287,0.0269492,0
607403807411798015,0.024155,0
607403807546015743,0.0272469,0
607403807814451199,0.0326514,0
607403807948668927,0.0342925,0
607403808082886655,0.0253289,0
607403808217104383,0.0310143,0
607403808351322111,0.0300476,0
607403808485539839,0.0351334,0
607403808619757567,0.0343301,0
607403809961934847,0.036415,0
607403810096152575,0.0325147,0
607403810230370303,0.0369539,0
607403810364588031,0.0307616,0
607403810498805759,0.0389678,0
607403810633023487,0.048459,0
607403810767241215,0.0368079,0
607403811035676671,0.0352012,0
607403811169894399,0.035764,0
607403811304112127,0.0353191,0
607403811438329855,0.0409811,0
607403811572547583,0.0400692,0
607403811706765311,0.035136,0
607403811840983039,0.0329063,0
607403812109418495,0.0467045,0
607403812243636223,0.0342044,0
607403812377853951,0.0349558,0
607403812512071679,0.0340681,0
607403812646289407,0.0358843,0
607403812780507135,0.0348137,0
607403812914724863,0.0356716,0
607403813183160319,0.0314582,0
607403813317378047,0.0324603,0
607403813451595775,0.0351471,0
607403813585813503,0.036608,0
607403813720031231,0.0293116,0
607403813854248959,0.0302028,0
607403813988466687,0.0319532,0
607403814256902143,0.0371612,0
607403814391119871,0.0368669,0
607403814525337599,0.035599,0
607403814659555327,0.0376914,0
607403814793773055,0.0361879,0
607403814927990783,0.0350942,0
607403815062208511,0.0392291,0
607403815330643967,0.0378527,0
607403815464861695,0.0438,0
607403815599079423,0.0385194,0
607403815733297151,0.0472884,0
607403815867514879,0.0366004,0
607403816001732607,0.0390317,0
607403816135950335,0.0354002,0
607403816404385791,0.0373143,0
607403816538603519,0.0355695,0
607403816672821247,0.0357535,0
607403816807038975,0.0339813,0
607403816941256703,0.0342476,0
607403817075474431,0.0366748,0
607403817209692159,0.0354061,0
607403827141804031,0.0130919,0
607403827276021759,0.0111712,0
607403827410239487,0.0136653,0
607403827544457215,0.0168222,0
607403827678674943,0.0116398,0
607403827812892671,0.00769221,0
607403827947110399,0.0113202,0
607403828215545855,0.0147001,0
607403828349763583,0.00806849,0
607403828483981311,0.0155929,0
607403828618199039,0.0166733,0
607403828752416767,0.0140671,0
607403828886634495,0.00766991,0
607403829020852223,0.0142965,0
607403829289287679,0.0197248,0
607403829423505407,0.0146324,0
607403829557723135,0.0215463,0
607403829691940863,0.0184637,0
607403829826158591,0.0124611,0
607403829960376319,0.0156638,0
607403830094594047,0.0117867,0
607403830363029503,0.0175289,0
607403830497247231,0.0206972,0
607403830631464959,0.0133871,0
607403830765682687,0.0192779,0
607403830899900415,0.0118254,0
607403831034118143,0.0176043,0
607403831168335871,0.0128497,0
607403831436771327,0.0181091,0
607403831570989055,0.0141753,0
607403831705206783,0.0188923,0
607403831839424511,0.0158177,0
607403831973642239,0.0212108,0
607403832107859967,0.0176408,0
607403832242077695,0.0193492,0
607403832510513151,0.00718504,0
607403832644730879,0.0134901,0
607403832778948607,0.0093607,0
607403832913166335,0.0133407,0
607403833047384063,0.00859723,0
607403833181601791,0.0118656,0
607403833315819519,0.0130589,0
607403833584254975,0.0130857,0
607403833718472703,0.0128056,0
607403833852690431,0.0123972,0
607403833986908159,0.0130144,0
607403834121125887,0.0157903,0
607403834255343615,0.0130042,0
607403834389561343,0.0135914,0
607403835731738623,0.0158507,0
607403835865956351,0.016898,0
607403836000174079,0.016665,0
607403836134391807,0.0154337,0
607403836268609535,0.0142333,0
607403836402827263,0.0139676,0
607403836537044991,0.0163231,0
607403836805480447,0.00579875,0
607403836939698175,0.00513675,0
607403837073915903,0.0151241,0
607403837208133631,0.00649989,0
607403837342351359,0.00671362,0
607403837476569087,0.00685833,0
607403837610786815,0.0136212,0
607403837879222271,0.0167493,0
607403838013439999,0.0227256,0
607403838147657727,0.0189332,0
607403838281875455,0.0168595,0
607403838416093183,0.014919,0
607403838550310911,0.0146599,0
607403838684528639,0.0192601,0
607403838952964095,0.0121621,0
607403839087181823,0.0102243,0
607403839221399551,0.0218158,0
607403839355617279,0.0220857,0
607403839489835007,0.0165146,0
607403839624052735,0.0082019,0
607403839758270463,0.0177875,0
607403840026705919,0.0134703,0
607403840160923647,0.0157097,0
607403840295141375,0.0170362,0
607403840429359103,0.0180374,0
607403840563576831,0.0141039,0
607403840697794559,0.015426,0
607403840832012287,0.0139774,0
607403841100447743,0.0145761,0
607403841234665471,0.00644107,0
607403841368883199,0.0153981,0
607403841503100927,0.0154313,0
607403841637318655,0.0142254,0
607403841771536383,0.00801464,0
607403841905754111,0.0148927,0
607403842174189567,0.0206479,0
607403842308407295,0.0173908,0
607403842442625023,0.0126776,0
607403842576842751,0.0166758,0
607403842711060479,0.00928298,0
607403842845278207,0.0168046,0
607403842979495935,0.010726,0
607403844321673215,0.0115967,0
607403844455890943,0.00958574,0
607403844590108671,0.0131778,0
607403844724326399,0.0127102,0
607403844858544127,0.0167457,0
607403844992761855,0.0146795,0
607403845126979583,0.0138809,0
607403845395415039,0.0183923,0
607403845529632767,0.0198435,0
607403845663850495,0.0213669,0
607403845798068223,0.0240085,0
607403845932285951,0.0127695,0
607403846066503679,0.0186886,0
607403846200721407,0.0141585,0
607403846469156863,0.0299845,0
607403846603374591,0.0271471,0
607403846737592319,0.0248985,0
607403846871810047,0.0260871,0
607403847006027775,0.0235806,0
607403847140245503,0.0253204,0
607403847274463231,0.0237046,0
607403847542898687,0.0240527,0
607403847677116415,0.0236282,0
607403847811334143,0.0254757,0
607403847945551871,0.0248413,0
607403848079769599,0.0253964,0
607403848213987327,0.02641,0
607403848348205055,0.0245808,0
607403848616640511,0.0179395,0
607403848750858239,0.0154018,0
607403848885075967,0.0162114,0
607403849019293695,0.0142454,0
607403849153511423,0.0166511,0
607403849287729151,0.0173638,0
607403849421946879,0.0136388,0
607403849690382335,0.0140355,0
607403849824600063,0.0153533,0
607403849958817791,0.016798,0
607403850093035519,0.0118195,0
607403850227253247,0.0134343,0
607403850361470975,0.0123094,0
607403850495688703,0.0152322,0
607403850764124159,0.0170033,0
607403850898341887,0.014371,0
607403851032559615,0.0197995,0
607403851166777343,0.0174082,0
607403851300995071,0.017371,0
607403851435212799,0.0166496,0
607403851569430527,0.0205248,0
607403852911607807,0.0211453,0
607403853045825535,0.0216317,0
607403853180043263,0.0169889,0
607403853314260991,0.0213685,0
607403853448478719,0.0163188,0
607403853582696447,0.0226346,0
607403853716914175,0.0223442,0
607403853985349631,0.0237181,0
607403854119567359,0.0290055,0
607403854253785087,0.0167188,0
607403854388002815,0.0230347,0
607403854522220543,0.0168601,0
607403854656438271,0.0239292,0
607403854790655999,0.0201437,0
607403855059091455,0.023547,0
607403855193309183,0.0206057,0
607403855327526911,0.0288329,0
607403855461744639,0.0237502,0
607403855595962367,0.02538,0
607403855730180095,0.0144755,0
607403855864397823,0.0245961,0
607403856132833279,0.022575,0
607403856267051007,0.0169158,0
607403856401268735,0.025957,0
607403856535486463,0.0267319,0
607403856669704191,0.0223823,0
607403856803921919,0.0143879,0
607403856938139647,0.0199395,0
607403857206575103,0.025769,0
607403857340792831,0.0119985,0
607403857475010559,0.0252056,0
607403857609228287,0.0232757,0
607403857743446015,0.0184758,0
607403857877663743,0.0129334,0
607403858011881471,0.0201869,0
607403858280316927,0.0237463,0
607403858414534655,0.0165755,0
607403858548752383,0.0214033,0
607403858682970111,0.0237237,0
607403858817187839,0.0194222,0
607403858951405567,0.014245,0
607403859085623295,0.0245792,0
607403859354058751,0.0248845,0
607403859488276479,0.0265216,0
607403859622494207,0.0193803,0
607403859756711935,0.0235132,0
607403859890929663,0.0258259,0
607403860025147391,0.0246993,0
607403860159365119,0.0242527,0
607403861501542399,0.0123105,0
607403861635760127,0.0235255,0
607403861769977855,0.0134771,0
607403861904195583,0.0194373,0
607403862038413311,0.0126153,0
607403862172631039,0.0108276,0
607403862306848767,0.0146019,0
607403862575284223,0.00905085,0
607403862709501951,0.00951695,0
607403862843719679,0.012212,0
607403862977937407,0.00907726,0
607403863112155135,0.0110775,0
607403863246372863,0.0113792,0
607403863380590591,0.0120307,0
607403863649026047,0.0221028,0
607403863783243775,0.0249753,0
607403863917461503,0.0232579,0
607403864051679231,0.026072,0
607403864185896959,0.0183404,0
607403864320114687,0.0193549,0
607403864454332415,0.0208443,0
607403864722767871,0.0147043,0
607403864856985599,0.0102565,0
607403864991203327,0.0190728,0
607403865125421055,0.0157868,0
607403865259638783,0.0161311,0
607403865393856511,0.0133486,0
607403865528074239,0.0178187,0
607403865796509695,0.015983,0
607403865930727423,0.0271557,0
607403866064945151,0.0163447,0
607403866199162879,0.0212483,0
607403866333380607,0.0172326,0
607403866467598335,0.015766,0
607403866601816063,0.0164078,0
607403866870251519,0.00968394,0
607403867004469247,0.0126543,0
607403867138686975,0.0097284,0
607403867272904703,0.0103039,0
607403867407122431,0.0105623,0
607403867541340159,0.00846818,0
607403867675557887,0.00966072,0
607403867943993343,0.0175742,0
607403868078211071,0.0187089,0
607403868212428799,0.020813,0
607403868346646527,0.0225399,0
607403868480864255,0.0212987,0
607403868615081983,0.0230057,0
607403868749299711,0.0171878,0
607403870091476991,0.0145109,0
607403870225694719,0.0119066,0
607403870359912447,0.0103072,0
607403870494130175,0.00895305,0
607403870628347903,0.0171137,0
607403870762565631,0.0128748,0
607403870896783359,0.0129835,0
607403871165218815,0.0268604,0
607403871299436543,0.0229277,0
607403871433654271,0.0150679,0
607403871567871999,0.0185806,0
607403871702089727,0.0129626,0
607403871836307455,0.011752,0
607403871970525183,0.0117662,0
607403872238960639,0.0088553,0
607403872373178367,0.0128836,0
607403872507396095,0.00920885,0
607403872641613823,0.012469,0
607403872775831551,0.00964393,0
607403872910049279,0.014019,0
607403873044267007,0.00923991,0
607403873312702463,0.0124612,0
607403873446920191,0.0125314,0
607403873581137919,0.013116,0
607403873715355647,0.0138313,0
607403873849573375,0.0150318,0
607403873983791103,0.0168019,0
607403874118008831,0.0125519,0
607403874386444287,0.00894618,0
607403874520662015,0.0114192,0
607403874654879743,0.00875566,0
607403874789097471,0.0121932,0
607403874923315199,0.0114263,0
607403875057532927,0.0116804,0
607403875191750655,0.0130679,0
607403875460186111,0.0146982,0
607403875594403839,0.0136425,0
607403875728621567,0.0159948,0
607403875862839295,0.013084,0
607403875997057023,0.0162703,0
607403876131274751,0.00943963,0
607403876265492479,0.0135202,0
607403876533927935,0.00681689,0
607403876668145663,0.00953691,0
607403876802363391,0.0119999,0
607403876936581119,0.00766059,0
607403877070798847,0.00948581,0
607403877205016575,0.00789149,0
607403877339234303,0.0145825,0
607403878681411583,0.024073,0
607403878815629311,0.0235746,0
607403878949847039,0.0233021,0
607403879084064767,0.022833,0
607403879218282495,0.0245144,0
607403879352500223,0.027708,0
607403879486717951,0.0242521,0
607403879755153407,0.0210093,0
607403879889371135,0.0197025,0
607403880023588863,0.02086,0
607403880157806591,0.0216493,0
607403880292024319,0.0193003,0
607403880426242047,0.0236427,0
607403880560459775,0.0156026,0
607403880828895231,0.0225782,0
607403880963112959,0.0134064,0
607403881097330687,0.0133232,0
607403881231548415,0.0149968,0
607403881365766143,0.0233034,0
607403881499983871,0.01988,0
607403881634201599,0.0232125,0
607403881902637055,0.013076,0
607403882036854783,0.0129671,0
607403882171072511,0.0137959,0
607403882305290239,0.0148219,0
607403882439507967,0.0193655,0
607403882573725695,0.0169999,0
607403882707943423,0.0168327,0
607403882976378879,0.017125,0
607403883110596607,0.0242645,0
607403883244814335,0.0161971,0
607403883379032063,0.0169752,0
607403883513249791,0.0207357,0
607403883647467519,0.0274396,0
607403883781685247,0.0137005,0
607403884050120703,0.0271078,0
607403884184338431,0.0269539,0
607403884318556159,0.0245136,0
607403884452773887,0.0212718,0
607403884586991615,0.0235962,0
607403884721209343,0.0252168,0
607403884855427071,0.0255396,0
607403885123862527,0.0264407,0
607403885258080255,0.0231016,0
607403885392297983,0.0222369,0
607403885526515711,0.023482,0
607403885660733439,0.0146686,0
607403885794951167,0.0266991,0
607403885929168895,0.0198351,0
607403901766860799,0.0203754,0
607403901901078527,0.0277634,0
607403905659174911,0.0175171,0
607403906061828095,0.00846602,0
607403906196045823,0.0174198,0
607403909283053567,0.021121,0
607403909417271295,0.0109187,0
607403909819924479,0.0104337,0
607403909954142207,0.0094167,0
607403910088359935,0.0132909,0
607403910222577663,0.010621,0
607403910356795391,0.0103512,0
607403910491013119,0.010879,0
607403910625230847,0.0126043,0
607403930221019135,0.0334571,0
607403930355236863,0.036706,0
607403930489454591,0.0450823,0
607403930623672319,0.0376305,0
607403930757890047,0.0387525,0
607403930892107775,0.0373616,0
607403931026325503,0.0456092,0
607403931294760959,0.0308453,0
607403931428978687,0.0187019,0
607403931563196415,0.0303987,0
607403931697414143,0.0296305,0
607403931831631871,0.0291155,0
607403931965849599,0.0304301,0
607403932100067327,0.0320146,0
607403933039591423,0.0402482,0
607403933442244607,0.0308868,0
607403933576462335,0.0225853,0
607403933979115519,0.0310793,0
607403934113333247,0.0311217,0
607403934247550975,0.0358816,0
607403934515986431,0.0365476,0
607403934650204159,0.0416209,0
607403934784421887,0.0377317,0
607403934918639615,0.0461634,0
607403935052857343,0.037975,0
607403935187075071,0.0499385,0
607403935321292799,0.0354112,0
607403935589728255,0.0394229,0
607403935723945983,0.0297431,0
607403935858163711,0.0429008,0
607403935992381439,0.0367528,0
607403936126599167,0.0464945,0
607403936260816895,0.0355523,0
607403936395034623,0.0490774,0
607403936663470079,0.0443487,0
607403936797687807,0.0362754,0
607403937200340991,0.038837,0
607403937334558719,0.0451196,0
607403938810953727,0.025564,0
607403938945171455,0.0142363,0
607403939079389183,0.0255549,0
607403939213606911,0.02243,0
607403939347824639,0.0207663,0
607403939482042367,0.0264842,0
607403939616260095,0.0288169,0
607403939884695551,0.0158585,0
607403940018913279,0.0153888,0
607403940153131007,0.0143249,0
607403940287348735,0.0154111,0
607403940421566463,0.017201,0
607403940555784191,0.016076,0
607403940690001919,0.0151505,0
607403940958437375,0.0226106,0
607403941092655103,0.0214108,0
607403941361090559,0.018162,0
607403941495308287,0.0232832,0
607403941629526015,0.0234247,0
607403941763743743,0.0242778,0
607403942032179199,0.0104898,0
607403942166396927,0.0113063,0
607403942300614655,0.0146119,0
607403942434832383,0.0127895,0
607403942569050111,0.0132653,0
607403942703267839,0.0122762,0
607403942837485567,0.015186,0
607403943105921023,0.020825,0
607403943240138751,0.0210872,0
607403943374356479,0.0217204,0
607403943508574207,0.020849,0
607403943642791935,0.0284056,0
607403943777009663,0.030848,0
607403943911227391,0.0195143,0
607403944179662847,0.0279972,0
607403944313880575,0.0252538,0
607403944448098303,0.0269202,0
607403944582316031,0.0279029,0
607403944716533759,0.0299302,0
607403944850751487,0.025951,0
607403944984969215,0.0305092,0
607403945253404671,0.0267334,0
607403945387622399,0.0259302,0
607403945521840127,0.0202988,0
607403945656057855,0.0260842,0
607403945790275583,0.0289553,0
607403945924493311,0.0269516,0
607403946058711039,0.0210864,0
607403964580757503,0.0233188,0
607403964714975231,0.0283613,0
607403964849192959,0.0259854,0
607403964983410687,0.0287383,0
607403965117628415,0.0234797,0
607403965251846143,0.0247694,0
607403965386063871,0.0230581,0
607403965654499327,0.0274893,0
607403965788717055,0.0288677,0
607403965922934783,0.0205396,0
607403966057152511,0.0257015,0
607403966191370239,0.0250023,0
607403966325587967,0.0187424,0
607403966459805695,0.0290663,0
607403966728241151,0.0202245,0
607403966862458879,0.0221462,0
607403966996676607,0.0239584,0
607403967130894335,0.0228831,0
607403967265112063,0.018627,0
607403967399329791,0.0262574,0
607403967533547519,0.0250292,0
607403967801982975,0.0218144,0
607403967936200703,0.0242071,0
607403968070418431,0.0294074,0
607403968204636159,0.0292243,0
607403968338853887,0.0186789,0
607403968473071615,0.0179905,0
607403968607289343,0.0224065,0
607403968875724799,0.0207976,0
607403969009942527,0.0250184,0
607403969144160255,0.0198095,0
607403969278377983,0.024434,0
607403969412595711,0.0247422,0
607403969546813439,0.0205764,0
607403969681031167,0.0215497,0
607403969949466623,0.0235893,0
607403970083684351,0.0271334,0
607403970217902079,0.0254179,0
607403970352119807,0.0246898,0
607403970486337535,0.0202235,0
607403970620555263,0.0237187,0
607403970754772991,0.0248582,0
607403971023208447,0.0204291,0
607403971157426175,0.0255419,0
607403971291643903,0.02245,0
607403971425861631,0.0270972,0
607403971560079359,0.0198947,0
607403971694297087,0.0189762,0
607403971828514815,0.0223328,0
607403973170692095,0.0276567,0
607403973304909823,0.0295512,0
607403973439127551,0.0294946,0
607403973573345279,0.0355304,0
607403973707563007,0.0274182,0
607403973841780735,0.0291268,0
607403973975998463,0.0275619,0
607403974244433919,0.0186269,0
607403974378651647,0.0235523,0
607403974512869375,0.0303368,0
607403974647087103,0.0256742,0
607403974781304831,0.0265993,0
607403974915522559,0.0171298,0
607403975049740287,0.0286018,0
607403975318175743,0.0287238,0
607403975452393471,0.0304792,0
607403975586611199,0.0286827,0
607403975720828927,0.0314218,0
607403975855046655,0.029986,0
607403975989264383,0.025733,0
607403976123482111,0.0297496,0
607403976391917567,0.0320069,0
607403976526135295,0.0404801,0
607403976660353023,0.0310137,0
607403976794570751,0.0365022,0
607403976928788479,0.0302195,0
607403977063006207,0.0347002,0
607403977197223935,0.0271801,0
607403977465659391,0.0274068,0
607403977599877119,0.0263822,0
607403977734094847,0.0262063,0
607403977868312575,0.0274213,0
607403978002530303,0.0261779,0
607403978136748031,0.0259425,0
607403978270965759,0.0262778,0
607403978539401215,0.0254462,0
607403978673618943,0.0264639,0
607403978807836671,0.0256573,0
607403978942054399,0.0346185,0
607403979076272127,0.020097,0
607403979210489855,0.0192836,0
607403979344707583,0.0253502,0
607403979613143039,0.0275841,0
607403979747360767,0.0269814,0
607403979881578495,0.0307298,0
607403980015796223,0.0293067,0
607403980150013951,0.0282385,0
607403980284231679,0.0270744,0
607403980418449407,0.0271307,0
607403981760626687,0.0225548,0
607403981894844415,0.0291181,0
607403982297497599,0.0232387,0
607403982431715327,0.0251522,0
607403982565933055,0.0174506,0
607403982834368511,0.0279425,0
607403982968586239,0.0336016,0
607403983102803967,0.0285443,0
607403983237021695,0.0367019,0
607403983371239423,0.0370945,0
607403983505457151,0.0284857,0
607403983639674879,0.0253109,0
607403985652940799,0.0300509,0
607403986055593983,0.0202863,0
607403986189811711,0.0229622,0
607403986324029439,0.0182979,0
607403986458247167,0.0200062,0
607403986592464895,0.0196712,0
607403986726682623,0.0255246,0
607403986860900351,0.0181178,0
607403987129335807,0.0205389,0
607403987263553535,0.0359964,0
607403987397771263,0.0241287,0
607403987531988991,0.0316091,0
607403987666206719,0.0242252,0
607403987800424447,0.0317544,0
607403987934642175,0.0236225,0
607403990350561279,0.0335048,0
607403990484779007,0.035285,0
607403990618996735,0.0294243,0
607403990753214463,0.0340144,0
607403990887432191,0.0328579,0
607403991021649919,0.0327207,0
607403991155867647,0.0293752,0
607403991424303103,0.0312285,0
607403991558520831,0.0306538,0
607403991692738559,0.0343307,0
607403991826956287,0.0342159,0
607403991961174015,0.0298046,0
607403992095391743,0.0294432,0
607403992229609471,0.0314544,0
607403993034915839,0.0309087,0
607403993169133567,0.0350764,0
607403993571786751,0.0360745,0
607403993706004479,0.0310562,0
607403993974439935,0.0305631,0
607403994108657663,0.0338736,0
607403994242875391,0.0351862,0
607403994377093119,0.0378595,0
607403994645528575,0.0245838,0
607403994779746303,0.0244917,0
607403994913964031,0.0226332,0
607403995048181759,0.021731,0
607403995182399487,0.0243049,0
607403995316617215,0.0244798,0
607403995450834943,0.0240504,0
607403995719270399,0.0314624,0
607403995853488127,0.0296976,0
607403995987705855,0.0312787,0
607403996121923583,0.0323711,0
607403996256141311,0.025042,0
607403996390359039,0.0296826,0
607403996524576767,0.0240848,0
607403996793012223,0.0295608,0
607403996927229951,0.0280157,0
607403997329883135,0.0355242,0
607403997464100863,0.0314457,0
607403997598318591,0.0343942,0
607403998940495871,0.0199141,0
607403999074713599,0.0276994,0
607403999208931327,0.0194348,0
607403999343149055,0.0240497,0
607403999477366783,0.0194666,0
607403999611584511,0.0197684,0
607403999745802239,0.0196132,0
607404000014237695,0.0324263,0
607404000148455423,0.0273143,0
607404000282673151,0.0307184,0
607404000416890879,0.0264677,0
607404000551108607,0.0233402,0
607404000685326335,0.024194,0
607404000819544063,0.0251555,0
607404001087979519,0.0155325,0
607404001222197247,0.023782,0
607404001356414975,0.0158722,0
607404001490632703,0.0233549,0
607404001624850431,0.0208788,0
607404001759068159,0.020492,0
607404001893285887,0.0154379,0
607404002161721343,0.0191444,0
607404002295939071,0.0237393,0
607404002430156799,0.026452,0
607404002564374527,0.021192,0
607404002698592255,0.028277,0
607404002832809983,0.0246602,0
607404002967027711,0.0261354,0
607404003235463167,0.0169024,0
607404003369680895,0.0180727,0
607404003503898623,0.0166242,0
607404003638116351,0.0170224,0
607404003772334079,0.0186514,0
607404003906551807,0.0177009,0
607404004040769535,0.0161406,0
607404004309204991,0.016945,0
607404004443422719,0.0205855,0
607404004577640447,0.0164677,0
607404004711858175,0.016454,0
607404004846075903,0.0189064,0
607404004980293631,0.0173217,0
607404005114511359,0.0172645,0
607404005382946815,0.0155082,0
607404005517164543,0.0194936,0
607404005651382271,0.0169403,0
607404005785599999,0.0195792,0
607404005919817727,0.0185815,0
607404006054035455,0.0172824,0
607404006188253183,0.0173817,0
607404007530430463,0.0277276,0
607404007664648191,0.0246439,0
607404007798865919,0.0220898,0
607404007933083647,0.0220152,0
607404008067301375,0.0238419,0
607404008201519103,0.0258141,0
607404008335736831,0.0238639,0
607404008604172287,0.0238105,0
607404008738390015,0.0210062,0
607404008872607743,0.0298241,0
607404009006825471,0.0228299,0
607404009141043199,0.0277751,0
607404009275260927,0.0262021,0
607404009409478655,0.0254275,0
607404009677914111,0.0213231,0
607404009812131839,0.0193893,0
607404009946349567,0.0270778,0
607404010080567295,0.0196745,0
607404010214785023,0.0225958,0
607404010349002751,0.0211856,0
607404010483220479,0.0283618,0
607404010751655935,0.0270992,0
607404010885873663,0.0273496,0
607404011020091391,0.023744,0
607404011154309119,0.0254422,0
607404011288526847,0.0251346,0
607404011422744575,0.0276324,0
607404011556962303,0.0252889,0
607404011825397759,0.021838,0
607404011959615487,0.0194934,0
607404012093833215,0.0241275,0
607404012228050943,0.0234091,0
607404012362268671,0.0228203,0
607404012496486399,0.0210933,0
607404012630704127,0.0280221,0
607404012899139583,0.0239205,0
607404013033357311,0.0205652,0
607404013167575039,0.0173801,0
607404013301792767,0.0176492,0
607404013436010495,0.0262911,0
607404013570228223,0.0208264,0
607404013704445951,0.0230267,0
607404013972881407,0.0243869,0
607404014107099135,0.0191644,0
607404014241316863,0.0219656,0
607404014375534591,0.0236743,0
607404014509752319,0.0239066,0
607404014643970047,0.022317,0
607404014778187775,0.0242415,0
607404016120365055,0.0218266,0
607404016254582783,0.021769,0
607404016388800511,0.0242375,0
607404016523018239,0.0201455,0
607404016657235967,0.0220482,0
607404016791453695,0.0211556,0
607404016925671423,0.0238893,0
607404017194106879,0.0172221,0
607404017328324607,0.0186394,0
607404017462542335,0.0178849,0
607404017596760063,0.0223775,0
607404017730977791,0.0159311,0
607404017865195519,0.019189,0
607404017999413247,0.0173526,0
607404018267848703,0.0222438,0
607404018402066431,0.020412,0
607404018536284159,0.0175531,0
607404018670501887,0.0187429,0
607404018804719615,0.0223718,0
607404018938937343,0.0259283,0
607404019073155071,0.0198257,0
607404019341590527,0.0220433,0
607404019475808255,0.0237753,0
607404019610025983,0.0211355,0
607404019744243711,0.0217712,0
607404019878461439,0.0198713,0
607404020012679167,0.0229054,0
607404020146896895,0.0203719,0
607404020415332351,0.0236988,0
607404020549550079,0.0228821,0
607404020683767807,0.0141398,0
607404020817985535,0.0244695,0
607404020952203263,0.0224798,0
607404021086420991,0.0224381,0
607404021220638719,0.0234613,0
607404021489074175,0.0196207,0
607404021623291903,0.0169622,0
607404021757509631,0.0214463,0
607404021891727359,0.0186412,0
607404022025945087,0.0174989,0
607404022160162815,0.0174149,0
607404022294380543,0.0214623,0
607404022562815999,0.0160181,0
607404022697033727,0.025303,0
607404022831251455,0.0114373,0
607404022965469183,0.0112624,0
607404023099686911,0.015383,0
607404023233904639,0.0139788,0
607404023368122367,0.0126441,0
607404033300234239,0.0729951,0
607404033434451967,0.0601157,0
607404033568669695,0.0576422,0
607404033702887423,0.067095,0
607404033837105151,0.0497321,0
607404033971322879,0.075366,0
607404034105540607,0.056526,0
607404034373976063,0.0473024,0
607404034508193791,0.0421846,0
607404034642411519,0.0505063,0
607404034776629247,0.0402187,0
607404034910846975,0.0630888,0
607404035045064703,0.044481,0
607404035179282431,0.0654273,0
607404035447717887,0.0491606,0
607404035581935615,0.0432859,0
607404035716153343,0.0401452,0
607404035850371071,0.0328202,0
607404035984588799,0.0638441,0
607404036118806527,0.0556145,0
607404036253024255,0.0571848,0
607404036521459711,0.0335381,0
607404036655677439,0.032353,0
607404036789895167,0.0335766,0
607404036924112895,0.0342925,0
607404037058330623,0.053852,0
607404037192548351,0.0339942,0
607404037326766079,0.0458321,0
607404037595201535,0.0502863,0
607404037729419263,0.0478771,0
607404037863636991,0.051126,0
607404037997854719,0.0471671,0
607404038132072447,0.0546928,0
607404038266290175,0.0550719,0
607404038400507903,0.0478263,0
607404038668943359,0.0558341,0
607404038803161087,0.0715056,0
607404038937378815,0.0487097,0
607404039071596543,0.0683181,0
607404039205814271,0.0524705,0
607404039340031999,0.0614428,0
607404039474249727,0.0518623,0
607404039742685183,0.0448556,0
607404039876902911,0.0505501,0
607404040011120639,0.0488266,0
607404040145338367,0.0496884,0
607404040279556095,0.0494707,0
607404040413773823,0.0451849,0
607404040547991551,0.0484186,0
607404041890168831,0.0426727,0
607404042024386559,0.0442966,0
607404042158604287,0.0407384,0
607404042292822015,0.0420186,0
607404042427039743,0.0432423,0
607404042561257471,0.0451999,0
607404042695475199,0.0370707,0
607404042963910655,0.0535139,0
607404043098128383,0.0599307,0
607404043232346111,0.0487485,0
607404043366563839,0.0579449,0
607404043500781567,0.0565788,0
607404043634999295,0.0544414,0
607404043769217023,0.0538716,0
607404044037652479,0.0363348,0
607404044171870207,0.035364,0
607404044306087935,0.0353233,0
607404044440305663,0.0368833,0
607404044574523391,0.0370246,0
607404044708741119,0.0391247,0
607404044842958847,0.0377666,0
607404045111394303,0.0442266,0
607404045245612031,0.0477957,0
607404045379829759,0.0406814,0
607404045514047487,0.0451655,0
607404045648265215,0.0437555,0
607404045782482943,0.0467882,0
607404045916700671,0.0483231,0
607404046185136127,0.0440696,0
607404046319353855,0.0461727,0
607404046453571583,0.0415389,0
607404046587789311,0.0405739,0
607404046722007039,0.0495108,0
607404046856224767,0.0442172,0
607404046990442495,0.0390614,0
607404047258877951,0.0484369,0
607404047393095679,0.0481427,0
607404047527313407,0.0447426,0
607404047661531135,0.0477062,0
607404047795748863,0.0587739,0
607404047929966591,0.0521971,0
607404048064184319,0.0474627,0
607404048332619775,0.0346039,0
607404048466837503,0.0351265,0
607404048601055231,0.034494,0
607404048735272959,0.0339472,0
607404048869490687,0.0358583,0
607404049003708415,0.037588,0
607404049137926143,0.0334136,0
607404050480103423,0.0425004,0
607404050614321151,0.0296168,0
607404050748538879,0.0413934,0
607404050882756607,0.0282619,0
607404051016974335,0.0431133,0
607404051151192063,0.0488303,0
607404051285409791,0.0430137,0
607404051553845247,0.0308191,0
607404051688062975,0.0316976,0
607404051822280703,0.033745,0
607404051956498431,0.0321462,0
607404052090716159,0.0395912,0
607404052224933887,0.0345755,0
607404052359151615,0.0426329,0
607404052627587071,0.0384452,0
607404052761804799,0.0274173,0
607404052896022527,0.0326601,0
607404053030240255,0.028137,0
607404053164457983,0.0498706,0
607404053298675711,0.0282619,0
607404053432893439,0.0489942,0
607404053701328895,0.0305486,0
607404053835546623,0.0306226,0
607404053969764351,0.0339059,0
607404054103982079,0.0306226,0
607404054238199807,0.0313931,0
607404054372417535,0.0403765,0
607404054506635263,0.0285776,0
607404054775070719,0.0361302,0
607404054909288447,0.0347551,0
607404055043506175,0.0312504,0
607404055177723903,0.0305697,0
607404055311941631,0.0385597,0
607404055446159359,0.0405524,0
607404055580377087,0.0336304,0
607404055848812543,0.0422722,0
607404055983030271,0.051901,0
607404056117247999,0.0356669,0
607404056251465727,0.0478673,0
607404056385683455,0.0427941,0
607404056519901183,0.0434533,0
607404056654118911,0.0396736,0
607404056922554367,0.0320534,0
607404057056772095,0.0420513,0
607404057190989823,0.0326626,0
607404057325207551,0.034933,0
607404057459425279,0.0294175,0
607404057593643007,0.0321938,0
607404057727860735,0.029355,0
607404059070038015,0.0269243,0
607404059204255743,0.0370803,0
607404059338473471,0.0287058,0
607404059472691199,0.036983,0
607404059606908927,0.0269168,0
607404059741126655,0.0274627,0
607404059875344383,0.0268799,0
607404060143779839,0.0286263,0
607404060277997567,0.0279543,0
607404060412215295,0.0276522,0
607404060546433023,0.0285096,0
607404060680650751,0.030898,0
607404060814868479,0.0285032,0
607404060949086207,0.02896,0
607404061217521663,0.0373894,0
607404061351739391,0.0333381,0
607404061485957119,0.0373597,0
607404061620174847,0.0386274,0
607404061754392575,0.0307304,0
607404061888610303,0.0363601,0
607404062022828031,0.0343522,0
607404062291263487,0.0327689,0
607404062425481215,0.0323439,0
607404062559698943,0.0346291,0
607404062693916671,0.0345422,0
607404062828134399,0.0277329,0
607404062962352127,0.0304499,0
607404063096569855,0.0353811,0
607404063365005311,0.0288417,0
607404063499223039,0.0286733,0
607404063633440767,0.0290696,0
607404063767658495,0.0264609,0
607404063901876223,0.0333132,0
607404064036093951,0.0300809,0
607404064170311679,0.0320407,0
607404064438747135,0.0287312,0
607404064572964863,0.0296689,0
607404064707182591,0.0269309,0
607404064841400319,0.027466,0
607404064975618047,0.0325098,0
607404065109835775,0.0309875,0
607404065244053503,0.0298618,0
607404065512488959,0.0293955,0
607404065646706687,0.0287058,0
607404065780924415,0.0262018,0
607404065915142143,0.0272142,0
607404066049359871,0.0252827,0
607404066183577599,0.026835,0
607404066317795327,0.0327544,0
607404067659972607,0.0649802,0
607404067794190335,0.0706455,0
607404067928408063,0.0592076,0
607404068062625791,0.0666541,0
607404068196843519,0.0718036,0
607404068331061247,0.0686731,0
607404068465278975,0.0731939,0
607404068733714431,0.0723289,0
607404068867932159,0.0717449,0
607404069002149887,0.0768662,0
607404069136367615,0.0719124,0
607404069270585343,0.0740139,0
607404069404803071,0.0736723,0
607404069539020799,0.0729829,0
607404069807456255,0.0564757,0
607404069941673983,0.0574553,0
607404070075891711,0.0547727,0
607404070210109439,0.0536335,0
607404070344327167,0.0607269,0
607404070478544895,0.0666452,0
607404070612762623,0.0610652,0
607404070881198079,0.0596031,0
607404071015415807,0.0549047,0
607404071149633535,0.0588468,0
607404071283851263,0.0516541,0
607404071418068991,0.0673218,0
607404071552286719,0.0681637,0
607404071686504447,0.061421,0
607404071954939903,0.0709677,0
607404072089157631,0.0742039,0
607404072223375359,0.0654663,0
607404072357593087,0.0660132,0
607404072491810815,0.0767935,0
607404072626028543,0.0810284,0
607404072760246271,0.0679393,0
607404073028681727,0.0879233,0
607404073162899455,0.0893895,0
607404073297117183,0.0755193,0
607404073431334911,0.0766234,0
607404073565552639,0.0893958,0
607404073699770367,0.0898126,0
607404073833988095,0.0777156,0
607404074102423551,0.0586412,0
607404074236641279,0.061797,0
607404074370859007,0.06136,0
607404074505076735,0.063271,0
607404074639294463,0.0612104,0
607404074773512191,0.0635937,0
607404074907729919,0.0619405,0
607404076249907199,0.0699464,0
607404076384124927,0.0578115,0
607404076518342655,0.0728893,0
607404076652560383,0.0526722,0
607404076786778111,0.0683269,0
607404076920995839,0.0721778,0
607404077055213567,0.0660294,0
607404077323649023,0.0710272,0
607404077457866751,0.0604912,0
607404077592084479,0.0670735,0
607404077726302207,0.0633095,0
607404077860519935,0.0616668,0
607404077994737663,0.0687159,0
607404078128955391,0.0588253,0
607404078397390847,0.0489797,0
607404078531608575,0.0467436,0
607404078665826303,0.0501158,0
607404078800044031,0.042215,0
607404078934261759,0.0744848,0
607404079068479487,0.0532349,0
607404079202697215,0.0699826,0
607404079471132671,0.0674087,0
607404079605350399,0.0494125,0
607404079739568127,0.0594024,0
607404079873785855,0.0543684,0
607404080008003583,0.0639516,0
607404080142221311,0.0647165,0
607404080276439039,0.056992,0
607404080544874495,0.0718151,0
607404080679092223,0.0722368,0
607404080813309951,0.0720682,0
607404080947527679,0.0671194,0
607404081081745407,0.0720718,0
607404081215963135,0.077265,0
607404081350180863,0.079029,0
607404081618616319,0.0764056,0
607404081752834047,0.0740152,0
607404081887051775,0.0705798,0
607404082021269503,0.0782976,0
607404082155487231,0.0807564,0
607404082289704959,0.0650021,0
607404082423922687,0.0711134,0
607404082692358143,0.0603447,0
607404082826575871,0.061055,0
607404082960793599,0.0544792,0
607404083095011327,0.0536966,0
607404083229229055,0.0684533,0
607404083363446783,0.063459,0
607404083497664511,0.065905,0
607404084839841791,0.0440037,0
607404084974059519,0.0446539,0
607404085108277247,0.0439209,0
607404085242494975,0.0463863,0
607404085376712703,0.0467031,0
607404085510930431,0.0484147,0
607404085645148159,0.0451847,0
607404085913583615,0.0443234,0
607404086047801343,0.0478624,0
607404086182019071,0.0429651,0
607404086316236799,0.0458473,0
607404086450454527,0.0524293,0
607404086584672255,0.0499941,0
607404086718889983,0.0475454,0
607404086987325439,0.0460401,0
607404087121543167,0.0450971,0
607404087255760895,0.0414228,0
607404087389978623,0.0432821,0
607404087524196351,0.0418978,0
607404087658414079,0.0456515,0
607404087792631807,0.0486972,0
607404088061067263,0.0446008,0
607404088195284991,0.0428249,0
607404088329502719,0.0408867,0
607404088463720447,0.0390155,0
607404088597938175,0.0419977,0
607404088732155903,0.0466226,0
607404088866373631,0.0469214,0
607404089134809087,0.0552924,0
607404089269026815,0.0561098,0
607404089403244543,0.0514628,0
607404089537462271,0.0518921,0
607404089671679999,0.0590805,0
607404089805897727,0.0541046,0
607404089940115455,0.0579334,0
607404090208550911,0.0541768,0
607404090342768639,0.0604492,0
607404090476986367,0.051233,0
607404090611204095,0.0542912,0
607404090745421823,0.0591558,0
607404090879639551,0.0558765,0
607404091013857279,0.0582917,0
607404091282292735,0.048364,0
607404091416510463,0.0448913,0
607404091550728191,0.0483369,0
607404091684945919,0.0448631,0
607404091819163647,0.0551549,0
607404091953381375,0.0527472,0
607404092087599103,0.0543965,0
607404102019710975,0.0389153,0
607404102153928703,0.0360241,0
607404102288146431,0.0403299,0
607404102422364159,0.0345022,0
607404102556581887,0.0387862,0
607404102690799615,0.0403096,0
607404102825017343,0.0395075,0
607404103093452799,0.0259224,0
607404103227670527,0.0232686,0
607404103361888255,0.0279754,0
607404103496105983,0.0287212,0
607404103630323711,0.0359248,0
607404103764541439,0.0296,0
607404103898759167,0.033928,0
607404104167194623,0.0350204,0
607404104301412351,0.0292987,0
607404104435630079,0.0357712,0
607404104569847807,0.0298869,0
607404104704065535,0.0400157,0
607404104838283263,0.0319802,0
607404104972500991,0.0422264,0
607404105240936447,0.0306847,0
607404105375154175,0.0277784,0
607404105509371903,0.0306835,0
607404105643589631,0.0309224,0
607404105777807359,0.0260295,0
607404105912025087,0.0289851,0
607404106046242815,0.0333184,0
607404106314678271,0.0466139,0
607404106448895999,0.0419248,0
607404106583113727,0.0457947,0
607404106717331455,0.038181,0
607404106851549183,0.0708998,0
607404106985766911,0.0570381,0
607404107119984639,0.051846,0
607404107388420095,0.0393511,0
607404107522637823,0.0367073,0
607404107656855551,0.0402726,0
607404107791073279,0.0352461,0
607404107925291007,0.0491155,0
607404108059508735,0.0420173,0
607404108193726463,0.0417373,0
607404108462161919,0.0445347,0
607404108596379647,0.0408774,0
607404108730597375,0.0441124,0
607404108864815103,0.0440816,0
607404108999032831,0.0471835,0
607404109133250559,0.0388294,0
607404109267468287,0.0488223,0
607404110609645567,0.0173144,0
607404110743863295,0.0174591,0
607404110878081023,0.0163815,0
607404111012298751,0.0197977,0
607404111146516479,0.0167941,0
607404111280734207,0.019629,0
607404111414951935,0.0175723,0
607404111683387391,0.0161604,0
607404111817605119,0.013063,0
607404111951822847,0.0162822,0
607404112086040575,0.0136642,0
607404112220258303,0.0202474,0
607404112354476031,0.0198131,0
607404112488693759,0.0165853,0
607404112757129215,0.0136455,0
607404112891346943,0.0167115,0
607404113025564671,0.0119236,0
607404113159782399,0.0221873,0
607404113294000127,0.0163029,0
607404113428217855,0.0146519,0
607404113562435583,0.0132109,0
607404113830871039,0.0163582,0
607404113965088767,0.0145022,0
607404114099306495,0.0171483,0
607404114233524223,0.0135334,0
607404114367741951,0.0166383,0
607404114501959679,0.0159848,0
607404114636177407,0.0172283,0
607404114904612863,0.0192105,0
607404115038830591,0.0231604,0
607404115173048319,0.0187699,0
607404115307266047,0.0218024,0
607404115441483775,0.0319534,0
607404115575701503,0.0202168,0
607404115709919231,0.0246069,0
607404115978354687,0.0190377,0
607404116112572415,0.0178969,0
607404116246790143,0.0190754,0
607404116381007871,0.0200603,0
607404116515225599,0.0221993,0
607404116649443327,0.0216465,0
607404116783661055,0.0181237,0
607404117052096511,0.0216568,0
607404117186314239,0.0219777,0
607404117320531967,0.0208555,0
607404117454749695,0.0247408,0
607404117588967423,0.0235387,0
607404117723185151,0.0206508,0
607404117857402879,0.0246227,0
607404119199580159,0.031752,0
607404119333797887,0.0387124,0
607404119468015615,0.0327289,0
607404119602233343,0.0337905,0
607404119736451071,0.0491371,0
607404119870668799,0.0320631,0
607404120004886527,0.0540599,0
607404120273321983,0.0321939,0
607404120407539711,0.0286171,0
607404120541757439,0.0308886,0
607404120675975167,0.0281828,0
607404120810192895,0.0364974,0
607404120944410623,0.0284953,0
607404121078628351,0.0375025,0
607404121347063807,0.0351867,0
607404121481281535,0.0354206,0
607404121615499263,0.0329385,0
607404121749716991,0.0367675,0
607404121883934719,0.0358025,0
607404122018152447,0.0293638,0
607404122152370175,0.0379477,0
607404122420805631,0.0251937,0
607404122555023359,0.0284553,0
607404122689241087,0.0268233,0
607404122823458815,0.0315578,0
607404122957676543,0.0300505,0
607404123091894271,0.0256318,0
607404123226111999,0.0338964,0
607404123494547455,0.0413097,0
607404123628765183,0.0580784,0
607404123762982911,0.0461668,0
607404123897200639,0.0570087,0
607404124031418367,0.0547613,0
607404124165636095,0.0428489,0
607404124299853823,0.0620097,0
607404124568289279,0.042671,0
607404124702507007,0.0454897,0
607404124836724735,0.0414151,0
607404124970942463,0.0387593,0
607404125105160191,0.0466285,0
607404125239377919,0.0452225,0
607404125373595647,0.049038,0
607404125642031103,0.040924,0
607404125776248831,0.0587212,0
607404125910466559,0.0404691,0
607404126044684287,0.038095,0
607404126178902015,0.0478165,0
607404126313119743,0.0368309,0
607404126447337471,0.0480394,0
607404127789514751,0.0169102,0
607404127923732479,0.0113221,0
607404128057950207,0.018742,0
607404128192167935,0.0182866,0
607404128326385663,0.0198463,0
607404128460603391,0.0188716,0
607404128594821119,0.0201212,0
607404128863256575,0.0144154,0
607404128997474303,0.0180518,0
607404129131692031,0.0141953,0
607404129265909759,0.020183,0
607404129400127487,0.0120058,0
607404129534345215,0.0157291,0
607404129668562943,0.0169076,0
607404129936998399,0.0217199,0
607404130071216127,0.0206344,0
607404130205433855,0.0195551,0
607404130339651583,0.0138235,0
607404130473869311,0.0192487,0
607404130608087039,0.0220972,0
607404130742304767,0.0222865,0
607404131010740223,0.0199092,0
607404131144957951,0.0212625,0
607404131279175679,0.021605,0
607404131413393407,0.0247346,0
607404131547611135,0.0151145,0
607404131681828863,0.0188005,0
607404131816046591,0.0199997,0
607404132084482047,0.028227,0
607404132218699775,0.0210756,0
607404132352917503,0.0233383,0
607404132487135231,0.0207456,0
607404132621352959,0.0273753,0
607404132755570687,0.0323742,0
607404132889788415,0.0276369,0
607404133158223871,0.0169824,0
607404133292441599,0.0146409,0
607404133426659327,0.0174998,0
607404133560877055,0.0180287,0
607404133695094783,0.0225147,0
607404133829312511,0.0218758,0
607404133963530239,0.0272854,0
607404134231965695,0.0252811,0
607404134366183423,0.026686,0
607404134500401151,0.0273688,0
607404134634618879,0.0245665,0
607404134768836607,0.026349,0
607404134903054335,0.0242503,0
607404135037272063,0.0276586,0
607404136379449343,0.0579826,0
607404136513667071,0.06505,0
607404136647884799,0.0665885,0
607404136782102527,0.0672357,0
607404136916320255,0.0575108,0
607404137050537983,0.0569197,0
607404137184755711,0.0583064,0
607404137453191167,0.0626162,0
607404137587408895,0.0609198,0
607404137721626623,0.0710014,0
607404137855844351,0.0570599,0
607404137990062079,0.066474,0
607404138124279807,0.0647533,0
607404138258497535,0.0588161,0
607404138526932991,0.0755662,0
607404138661150719,0.0495466,0
607404138795368447,0.0577089,0
607404138929586175,0.050184,0
607404139063803903,0.0749523,0
607404139198021631,0.0656764,0
607404139332239359,0.0712915,0
607404139600674815,0.0427337,0
607404139734892543,0.0511757,0
607404139869110271,0.069351,0
607404140003327999,0.0662441,0
607404140137545727,0.0673423,0
607404140271763455,0.0450484,0
607404140405981183,0.0680542,0
607404140674416639,0.0571572,0
607404140808634367,0.0541621,0
607404140942852095,0.0540546,0
607404141077069823,0.0531848,0
607404141211287551,0.0612818,0
607404141345505279,0.0567936,0
607404141479723007,0.0571706,0
607404141748158463,0.0744658,0
607404141882376191,0.0542603,0
607404142016593919,0.052811,0
607404142150811647,0.0534927,0
607404142285029375,0.0551959,0
607404142419247103,0.0570697,0
607404142553464831,0.057393,0
607404142821900287,0.0575841,0
607404142956118015,0.0585813,0
607404143090335743,0.0558025,0
607404143224553471,0.0619494,0
607404143358771199,0.0579206,0
607404143492988927,0.0536348,0
607404143627206655,0.0581997,0
607404144969383935,0.0497578,0
607404145103601663,0.0479795,0
607404145237819391,0.0379651,0
607404145372037119,0.0364486,0
607404145506254847,0.0446233,0
607404145640472575,0.0499785,0
607404145774690303,0.0405992,0
607404146043125759,0.0337664,0
607404146177343487,0.0371408,0
607404146311561215,0.0383538,0
607404146445778943,0.0318137,0
607404146579996671,0.0378314,0
607404146714214399,0.0297999,0
607404146848432127,0.0414649,0
607404147116867583,0.0341983,0
607404147251085311,0.0305679,0
607404147385303039,0.0319336,0
607404147519520767,0.026439,0
607404147653738495,0.0376552,0
607404147787956223,0.0367433,0
607404147922173951,0.0406706,0
607404148190609407,0.0281274,0
607404148324827135,0.0280054,0
607404148459044863,0.0258743,0
607404148593262591,0.0268917,0
607404148727480319,0.0357371,0
607404148861698047,0.0342057,0
607404148995915775,0.02955,0
607404149264351231,0.0506634,0
607404149398568959,0.0436932,0
607404149532786687,0.0706936,0
607404149667004415,0.0468555,0
607404149801222143,0.0655788,0
607404149935439871,0.0483447,0
607404150069657599,0.0651202,0
607404150338093055,0.0512119,0
607404150472310783,0.0480091,0
607404150606528511,0.0467415,0
607404150740746239,0.0437471,0
607404150874963967,0.0467438,0
607404151009181695,0.0508831,0
607404151143399423,0.0447771,0
607404151411834879,0.0549121,0
607404151546052607,0.0370589,0
607404151680270335,0.0519853,0
607404151814488063,0.037531,0
607404151948705791,0.0528088,0
607404152082923519,0.0450342,0
607404152217141247,0.0534346,0
607404153559318527,0.053656,0
607404153693536255,0.0596744,0
607404153827753983,0.0524748,0
607404153961971711,0.0693356,0
607404154096189439,0.0554942,0
607404154230407167,0.0558562,0
607404154364624895,0.0540904,0
607404154633060351,0.0478878,0
607404154767278079,0.0484593,0
607404154901495807,0.0476364,0
607404155035713535,0.0483987,0
607404155169931263,0.0604147,0
607404155304148991,0.0471811,0
607404155438366719,0.0612257,0
607404155706802175,0.0709097,0
607404155841019903,0.0722868,0
607404155975237631,0.0675193,0
607404156109455359,0.0627147,0
607404156243673087,0.0523512,0
607404156377890815,0.0727771,0
607404156512108543,0.0544485,0
607404156780543999,0.0416945,0
607404156914761727,0.0389343,0
607404157048979455,0.0472219,0
607404157183197183,0.0368244,0
607404157317414911,0.0513066,0
607404157451632639,0.044188,0
607404157585850367,0.064767,0
607404157854285823,0.0653452,0
607404157988503551,0.0716351,0
607404158122721279,0.0712006,0
607404158256939007,0.0622005,0
607404158391156735,0.0517507,0
607404158525374463,0.0619757,0
607404158659592191,0.0643158,0
607404158928027647,0.0516688,0
607404159062245375,0.0558451,0
607404159196463103,0.053279,0
607404159330680831,0.0541598,0
607404159464898559,0.0557052,0
607404159599116287,0.0624223,0
607404159733334015,0.0564827,0
607404160001769471,0.0510877,0
607404160135987199,0.0744981,0
607404160270204927,0.049656,0
607404160404422655,0.0515874,0
607404160538640383,0.0500976,0
607404160672858111,0.0514925,0
607404160807075839,0.048886,0
607404170739187711,0.0336415,0
607404170873405439,0.0297702,0
607404171007623167,0.0328646,0
607404171141840895,0.0398456,0
607404171276058623,0.046376,0
607404171410276351,0.0330646,0
607404171544494079,0.0529159,0
607404171812929535,0.033549,0
607404171947147263,0.0332302,0
607404172081364991,0.0316003,0
607404172215582719,0.0331314,0
607404172349800447,0.0300173,0
607404172484018175,0.0345212,0
607404172618235903,0.0301849,0
607404172886671359,0.0293758,0
607404173020889087,0.0316744,0
607404173155106815,0.0288943,0
607404173289324543,0.0293922,0
607404173423542271,0.0324794,0
607404173557759999,0.0298728,0
607404173691977727,0.0324562,0
607404173960413183,0.0333565,0
607404174094630911,0.0348696,0
607404174228848639,0.0354212,0
607404174363066367,0.0360398,0
607404174497284095,0.0315746,0
607404174631501823,0.0334859,0
607404174765719551,0.0318673,0
607404175034155007,0.0371609,0
607404175168372735,0.0430018,0
607404175302590463,0.0309086,0
607404175436808191,0.0353411,0
607404175571025919,0.0428047,0
607404175705243647,0.038825,0
607404175839461375,0.0428355,0
607404176107896831,0.0388435,0
607404176242114559,0.0348985,0
607404176376332287,0.0372639,0
607404176510550015,0.032123,0
607404176644767743,0.0353582,0
607404176778985471,0.0339567,0
607404176913203199,0.041376,0
607404177181638655,0.034213,0
607404177315856383,0.0418039,0
607404177450074111,0.0302704,0
607404177584291839,0.0341531,0
607404177718509567,0.0296311,0
607404177852727295,0.0345624,0
607404177986945023,0.0300159,0
607404179329122303,0.0358489,0
607404179463340031,0.0459826,0
607404179597557759,0.034942,0
607404179731775487,0.0467964,0
607404179865993215,0.0359224,0
607404180000210943,0.0343374,0
607404180134428671,0.0362233,0
607404180402864127,0.0495532,0
607404180537081855,0.0491135,0
607404180671299583,0.0495511,0
607404180805517311,0.0487748,0
607404180939735039,0.0350273,0
607404181073952767,0.0331554,0
607404181208170495,0.0458958,0
607404181476605951,0.0348209,0
607404181610823679,0.0361547,0
607404181745041407,0.0356155,0
607404181879259135,0.0362495,0
607404182013476863,0.0357701,0
607404182147694591,0.0459269,0
607404182281912319,0.0362786,0
607404182550347775,0.0477444,0
607404182684565503,0.048975,0
607404182818783231,0.0392512,0
607404182953000959,0.049647,0
607404183087218687,0.0367683,0
607404183221436415,0.04674,0
607404183355654143,0.0478864,0
607404183624089599,0.0351694,0
607404183758307327,0.0372079,0
607404183892525055,0.0329251,0
607404184026742783,0.033121,0
607404184160960511,0.0336258,0
607404184295178239,0.0370332,0
607404184429395967,0.0331114,0
607404184697831423,0.0371563,0
607404184832049151,0.0336957,0
607404184966266879,0.0363381,0
607404185100484607,0.0345298,0
607404185234702335,0.0363416,0
607404185368920063,0.0351476,0
607404185503137791,0.0372151,0
607404185771573247,0.0367751,0
607404185905790975,0.0362672,0
607404186040008703,0.0373669,0
607404186174226431,0.0360537,0
607404186308444159,0.0316074,0
607404186442661887,0.0328049,0
607404186576879615,0.0314224,0
607404189529669631,0.0313158,0
607404189663887359,0.0295081,0
607404192885112831,0.034011,0
607404193287766015,0.0372094,0
607404193421983743,0.0369827,0
607404193690419199,0.0370197,0
607404193824636927,0.042643,0
607404193958854655,0.033679,0
607404194093072383,0.0479761,0
607404196643209215,0.0347117,0
607404197045862399,0.0371208,0
607404197180080127,0.0354876,0
607404197582733311,0.0473537,0
607404197716951039,0.0410866,0
607404197851168767,0.0357034,0
607404197985386495,0.0370823,0
607404198119604223,0.0367748,0
607404198253821951,0.0490291,0
607404198388039679,0.0368255,0
607404200803958783,0.0356184,0
607404200938176511,0.0356089,0
607404201072394239,0.0345737,0
607404201206611967,0.0353875,0
607404201340829695,0.0320654,0
607404201475047423,0.0342838,0
607404201609265151,0.0350256,0
607404201877700607,0.0361501,0
607404202011918335,0.035684,0
607404202146136063,0.0368822,0
607404202280353791,0.0353339,0
607404202414571519,0.0367753,0
607404202548789247,0.0361658,0
607404202683006975,0.035417,0
607404205098926079,0.0351526,0
607404205233143807,0.0459761,0
607404205367361535,0.0336695,0
607404205501579263,0.0459597,0
607404205635796991,0.0269974,0
607404205770014719,0.0408652,0
607404205904232447,0.0263072,0
607404206172667903,0.0293835,0
607404206306885631,0.0310206,0
607404206441103359,0.0290968,0
607404206575321087,0.0298679,0
607404206709538815,0.0447576,0
607404206843756543,0.0297388,0
607404206977974271,0.0441563,0
607404207246409727,0.0404738,0
607404207380627455,0.0374798,0
607404207514845183,0.0452432,0
607404207649062911,0.0334066,0
607404207783280639,0.0455902,0
607404207917498367,0.0448032,0
607404208051716095,0.0441978,0
607404208320151551,0.0294662,0
607404208454369279,0.0445442,0
607404208588587007,0.036266,0
607404208722804735,0.0427729,0
607404208857022463,0.0313125,0
607404208991240191,0.0307399,0
607404209125457919,0.0384017,0
607404209393893375,0.0316982,0
607404209528111103,0.027467,0
607404209662328831,0.0337087,0
607404209796546559,0.0317553,0
607404209930764287,0.0308859,0
607404210064982015,0.0298997,0
607404210199199743,0.0352232,0
607404210467635199,0.0341267,0
607404210601852927,0.0490026,0
607404210736070655,0.0250821,0
607404210870288383,0.0421204,0
607404211004506111,0.0300368,0
607404211138723839,0.0325091,0
607404211272941567,0.0283699,0
607404211541377023,0.0275039,0
607404211675594751,0.0267646,0
607404211809812479,0.0265545,0
607404211944030207,0.0274262,0
607404212078247935,0.0309337,0
607404212212465663,0.0282538,0
607404212346683391,0.0284987,0
607404213688860671,0.0363848,0
607404213823078399,0.0360236,0
607404213957296127,0.0320359,0
607404214091513855,0.0365579,0
607404214225731583,0.0313511,0
607404214359949311,0.0383114,0
607404214494167039,0.0305574,0
607404214762602495,0.0378244,0
607404214896820223,0.0358496,0
607404215031037951,0.0363708,0
607404215165255679,0.0469815,0
607404215299473407,0.0386797,0
607404215433691135,0.0405899,0
607404215567908863,0.0366909,0
607404215836344319,0.031406,0
607404215970562047,0.034501,0
607404216104779775,0.0304931,0
607404216238997503,0.0341987,0
607404216373215231,0.0283358,0
607404216507432959,0.0341682,0
607404216641650687,0.0326178,0
607404216910086143,0.0576281,0
607404217044303871,0.03704,0
607404217178521599,0.0332999,0
607404217312739327,0.0344537,0
607404217446957055,0.0342859,0
607404217581174783,0.0369073,0
607404217715392511,0.0357494,0
607404217983827967,0.0330073,0
607404218118045695,0.0294209,0
607404218252263423,0.0329603,0
607404218386481151,0.0343464,0
607404218520698879,0.0320294,0
607404218654916607,0.0299905,0
607404218789134335,0.0324704,0
607404219057569791,0.0284927,0
607404219191787519,0.0322668,0
607404219326005247,0.0348472,0
607404219460222975,0.0349585,0
607404219594440703,0.0267195,0
607404219728658431,0.0314952,0
607404219862876159,0.0288378,0
607404220131311615,0.032633,0
607404220265529343,0.0290592,0
607404220399747071,0.0440258,0
607404220533964799,0.0290856,0
607404220668182527,0.0316428,0
607404220802400255,0.0334223,0
607404220936617983,0.0309762,0
607404222278795263,0.0288996,0
607404222413012991,0.0579371,0
607404222547230719,0.0325787,0
607404222681448447,0.0502935,0
607404222815666175,0.0293621,0
607404222949883903,0.0330176,0
607404223084101631,0.0301171,0
607404223352537087,0.0259,0
607404223486754815,0.0293338,0
607404223620972543,0.0331234,0
607404223755190271,0.0267456,0
607404223889407999,0.0510264,0
607404224023625727,0.0281875,0
607404224157843455,0.0593316,0
607404224426278911,0.0276075,0
607404224560496639,0.0556176,0
607404224963149823,0.032364,0
607404225097367551,0.0437166,0
607404225231585279,0.0328763,0
607404225500020735,0.0276948,0
607404225634238463,0.0399042,0
607404225768456191,0.0350209,0
607404225902673919,0.0345641,0
607404226036891647,0.041985,0
607404226171109375,0.0268319,0
607404226305327103,0.0491782,0
607404226573762559,0.0290333,0
607404226707980287,0.032334,0
607404226842198015,0.0376858,0
607404226976415743,0.0286027,0
607404227110633471,0.0289479,0
607404227244851199,0.0322567,0
607404227379068927,0.029972,0
607404227647504383,0.0281519,0
607404227781722111,0.0344965,0
607404227915939839,0.0286695,0
607404228050157567,0.0343712,0
607404228184375295,0.0287846,0
607404228318593023,0.028366,0
607404228452810751,0.030892,0
607404228721246207,0.0287909,0
607404228855463935,0.0325919,0
607404228989681663,0.0291014,0
607404229123899391,0.0349246,0
607404229258117119,0.030148,0
607404229392334847,0.0281827,0
607404229526552575,0.0297744,0
607409943175233535,0.769203,0
607409943309451263,1.31187,0
607409943443668991,0.770399,0
607409943577886719,0.851772,0
607409943712104447,0.767223,0
607409943846322175,0.964729,0
607409944248975359,1.53618,0
607409944383193087,2.03359,0
607409944517410815,1.35402,0
607409944651628543,1.1121,0
607409944785846271,1.43545,0
607409944920063999,1.87642,0
607409945054281727,1.29373,0
607409945322717183,0.693009,0
607409945456934911,0.78139,0
607409945591152639,0.730327,0
607409945725370367,0.718449,0
607409945859588095,0.793991,0
607409945993805823,0.75521,0
607409946128023551,0.865545,0
607409946396459007,1.33597,0
607409946530676735,1.57542,0
607409946664894463,1.23804,0
607409946799112191,1.29875,0
607409946933329919,1.2724,0
607409947067547647,1.4651,0
607409947201765375,1.20639,0
607409947470200831,0.797912,0
607409947738636287,1.04818,0
607409947872854015,0.829232,0
607409948275507199,1.02643,0
607409948543942655,1.29929,0
607409948678160383,1.35827,0
607409948812378111,0.919419,0
607409948946595839,1.4059,0
607409949349249023,0.838316,0
607409949617684479,1.0693,0
607409949886119935,1.10637,0
607409950154555391,1.01955,0
607409950288773119,0.821333,0
607409950422990847,1.01175,0
607409951765168127,1.24097,0
607409951899385855,1.1551,0
607409952033603583,1.25558,0
607409952167821311,1.2597,0
607409952302039039,1.17121,0
607409952436256767,1.13969,0
607409952570474495,2.35316,0
607409952838909951,1.18358,0
607409952973127679,1.2618,0
607409953107345407,1.17614,0
607409953241563135,1.27769,0
607409953375780863,1.19366,0
607409953509998591,1.25921,0
607409953644216319,1.11947,0
607409953912651775,1.27313,0
607409954046869503,1.32233,0
607409954181087231,1.65557,0
607409954315304959,1.20634,0
607409954449522687,2.26199,0
607409954583740415,1.19915,0
607409954717958143,2.18771,0
607409954986393599,1.28962,0
607409955120611327,1.42159,0
607409955254829055,1.13615,0
607409955389046783,1.36235,0
607409955523264511,1.11977,0
607409955657482239,1.34171,0
607409955791699967,1.15632,0
607409956060135423,2.20235,0
607409956194353151,2.11916,0
607409956328570879,2.17412,0
607409956462788607,2.20057,0
607409956597006335,2.06285,0
607409956731224063,1.26056,0
607409956865441791,2.35563,0
607409957133877247,1.24971,0
607409957268094975,1.15056,0
607409957402312703,1.22151,0
607409957536530431,1.14568,0
607409957939183615,1.1577,0
607409958207619071,2.28668,0
607409958341836799,2.18262,0
607409958476054527,2.09729,0
607409958744489983,1.93607,0
607409959012925439,1.17198,0
607409961428844543,0.768109,0
607409961563062271,0.771064,0
607409961831497727,0.71282,0
607409962099933183,0.821528,0
607409963576328191,1.0134,0
607409963710545919,0.786526,0
607409963978981375,0.695117,0
607409964113199103,1.0408,0
607409964247416831,0.914392,0
607409964381634559,1.00286,0
607409965723811839,1.03702,0
607409966260682751,1.03796,0
607409966394900479,1.07125,0
607409968945037311,1.45283,0
607409969079255039,1.09358,0
607409969213472767,1.29072,0
607409969347690495,1.09906,0
607409969481908223,1.29203,0
607409969616125951,1.22918,0
607409969750343679,1.23992,0
607409970018779135,2.32368,0
607409970152996863,1.16212,0
607409970287214591,1.09522,0
607409970421432319,1.11565,0
607409970555650047,2.03798,0
607409970689867775,1.23159,0
607409970824085503,2.14082,0
607409971092520959,1.16273,0
607409971226738687,1.4198,0
607409971360956415,0.734038,0
607409971495174143,1.18858,0
607409971629391871,1.12835,0
607409971763609599,1.32333,0
607409971897827327,0.711557,0
607409972166262783,1.10764,0
607409972300480511,1.05706,0
607409972434698239,1.02289,0
607409972568915967,1.08898,0
607409972703133695,1.04021,0
607409972837351423,1.03337,0
607409972971569151,0.998782,0
607409973240004607,0.789993,0
607409973374222335,1.2728,0
607409973508440063,0.753288,0
607409973642657791,1.19307,0
607409973776875519,0.79036,0
607409973911093247,1.24714,0
607409974045310975,0.750407,0
607409974313746431,1.34922,0
607409974447964159,2.27421,0
607409974582181887,1.5754,0
607409974716399615,2.29339,0
607409974850617343,1.39793,0
607409974984835071,2.32601,0
607409975119052799,1.46181,0
607409975387488255,0.782233,0
607409975521705983,0.800253,0
607409975655923711,0.652411,0
607409975790141439,0.764551,0
607409975924359167,0.767341,0
607409976058576895,0.835008,0
607409976192794623,0.721255,0
607409988540825599,1.8841,0
607409988675043327,2.21573,0
607409998070284287,0.988675,0
607410014310629375,1.41426,0
607410014444847103,1.40323,0
607410022900563967,0.846384,0
607410023034781695,0.819909,0
607410029074579455,1.27401,0
607410029208797183,1.30375,0
607410029343014911,1.32066,0
607410029477232639,1.31014,0
607410029611450367,1.2699,0
607410029745668095,1.27077,0
607410029879885823,1.29061,0
607410030148321279,1.46611,0
607410030282539007,1.45244,0
607410030416756735,1.44082,0
607410030550974463,1.49692,0
607410030685192191,1.39781,0
607410030819409919,1.41118,0
607410030953627647,1.35158,0
607410031222063103,1.34422,0
607410031356280831,1.37512,0
607410031490498559,1.32633,0
607410031624716287,1.32879,0
607410031758934015,1.37106,0
607410031893151743,1.33214,0
607410032027369471,1.33503,0
607410032295804927,1.52518,0
607410032430022655,1.57809,0
607410032564240383,1.49274,0
607410032698458111,1.61343,0
607410032832675839,1.38555,0
607410032966893567,1.49412,0
607410033101111295,1.39941,0
607410033369546751,1.22474,0
607410033503764479,1.22531,0
607410033637982207,1.24134,0
607410033772199935,1.24601,0
607410033906417663,1.20624,0
607410034040635391,1.21441,0
607410034174853119,1.2232,0
607410034443288575,1.20339,0
607410034577506303,1.30152,0
607410034711724031,1.23747,0
607410034845941759,1.25946,0
607410035248594943,1.24494,0
607410035517030399,1.26603,0
607410035651248127,1.27529,0
607410035785465855,1.39186,0
607410035919683583,1.33068,0
607410036053901311,1.24784,0
607410036188119039,1.27321,0
607410036322336767,1.28231,0
607410037664514047,1.09408,0
607410037798731775,0.982491,0
607410037932949503,1.21602,0
607410038067167231,1.05635,0
607410038201384959,1.1013,0
607410038335602687,1.00692,0
607410038469820415,1.17762,0
607410038738255871,0.841212,0
607410038872473599,0.817201,0
607410039006691327,0.899023,0
607410039140909055,0.843463,0
607410039275126783,0.883625,0
607410039409344511,0.826389,0
607410039543562239,0.929266,0
607410039811997695,1.22398,0
607410039946215423,1.05076,0
607410040080433151,1.25217,0
607410040214650879,1.10796,0
607410040348868607,1.26811,0
607410040483086335,1.13045,0
607410040617304063,1.32272,0
607410040885739519,0.951547,0
607410041019957247,0.879516,0
607410041154174975,0.969024,0
607410041288392703,0.887554,0
607410041422610431,0.983578,0
607410041556828159,0.878688,0
607410041691045887,1.03264,0
607410041959481343,1.20589,0
607410042093699071,1.12876,0
607410042227916799,1.34552,0
607410042362134527,1.18398,0
607410042496352255,1.3438,0
607410042630569983,1.18057,0
607410042764787711,1.39921,0
607410043033223167,0.978686,0
607410043167440895,0.938547,0
607410043301658623,1.02932,0
607410043435876351,0.932022,0
607410043838529535,1.08556,0
607410044106964991,1.42944,0
607410044241182719,1.29286,0
607410044375400447,1.54182,0
607410044509618175,1.35682,0
607410044643835903,1.44667,0
607410044778053631,1.27516,0
607410044912271359,1.51242,0
607410065850236927,1.22789,0
607410065984454655,1.1753,0
607410492931047423,0.61626,0
607410493065265151,0.618891,0
607410493199482879,0.604222,0
607410493333700607,0.608028,0
607410493467918335,0.614024,0
607410493602136063,0.61778,0
607410493736353791,0.607848,0
607410494004789247,0.619849,0
607410494139006975,0.615766,0
607410494273224703,0.614177,0
607410494407442431,0.619214,0
607410494541660159,0.639746,0
607410494675877887,0.641789,0
607410494810095615,0.614988,0
607410495078531071,0.584662,0
607410495212748799,0.591766,0
607410495346966527,0.569928,0
607410495481184255,0.591601,0
607410495615401983,0.581096,0
607410495749619711,0.607535,0
607410495883837439,0.568761,0
607410496152272895,0.603349,0
607410496286490623,0.612747,0
607410496420708351,0.591294,0
607410496554926079,0.603719,0
607410496689143807,0.608489,0
607410496823361535,0.637187,0
607410496957579263,0.603419,0
607410497226014719,0.60037,0
607410497360232447,0.595626,0
607410497494450175,0.600827,0
607410497628667903,0.598074,0
607410498031321087,0.595573,0
607410498568191999,0.61228,0
607410498702409727,0.611048,0
607410499373498367,0.569534,0
607410499507716095,0.595461,0
607410499641933823,0.571853,0
607410499776151551,0.576376,0
607410499910369279,0.584201,0
607410500044587007,0.585619,0
607410500178804735,0.555483,0
607410501520982015,0.631848,0
607410501655199743,0.63525,0
607410501789417471,0.642593,0
607410501923635199,0.652689,0
607410502057852927,0.636878,0
607410502192070655,0.642802,0
607410502326288383,0.634742,0
607410502594723839,0.642296,0
607410502728941567,0.609638,0
607410502863159295,0.63019,0
607410502997377023,0.61976,0
607410503131594751,0.661086,0
607410503265812479,0.656638,0
607410503400030207,0.65124,0
607410503668465663,0.623667,0
607410503802683391,0.649219,0
607410503936901119,0.623405,0
607410504071118847,0.625116,0
607410504205336575,0.630092,0
607410504339554303,0.644281,0
607410504473772031,0.619508,0
607410504742207487,0.620302,0
607410504876425215,0.611787,0
607410505010642943,0.649669,0
607410505144860671,0.628756,0
607410505279078399,0.632698,0
607410505413296127,0.606858,0
607410505547513855,0.647089,0
607410505815949311,0.649871,0
607410505950167039,0.664276,0
607410506084384767,0.62827,0
607410506218602495,0.629865,0
607410506621255679,0.628605,0
607410507158126591,0.674841,0
607410507292344319,0.662405,0
607410507963432959,0.644836,0
607410508097650687,0.645661,0
607410508231868415,0.620788,0
607410508366086143,0.622753,0
607410508500303871,0.6256,0
607410508634521599,0.627155,0
607410508768739327,0.631195,0
607410510110916607,0.57848,0
607410510245134335,0.581742,0
607410510379352063,0.575364,0
607410510513569791,0.606109,0
607410510647787519,0.569588,0
607410510782005247,0.581974,0
607410510916222975,0.584795,0
607410511184658431,0.594962,0
607410511318876159,0.651558,0
607410511453093887,0.594333,0
607410511587311615,0.619371,0
607410511721529343,0.569947,0
607410511855747071,0.617569,0
607410511989964799,0.571355,0
607410512258400255,0.587288,0
607410512392617983,0.622562,0
607410512526835711,0.602435,0
607410512661053439,0.585424,0
607410512795271167,0.596257,0
607410512929488895,0.607249,0
607410513063706623,0.606451,0
607410513332142079,0.594795,0
607410513466359807,0.622615,0
607410513600577535,0.579748,0
607410513734795263,0.59553,0
607410513869012991,0.580661,0
607410514003230719,0.598237,0
607410514137448447,0.605105,0
607410514405883903,0.600712,0
607410514540101631,0.570375,0
607410514674319359,0.609512,0
607410514808537087,0.594446,0
607410514942754815,0.626869,0
607410515076972543,0.599222,0
607410515211190271,0.625333,0
607410515479625727,0.562534,0
607410515613843455,0.574382,0
607410515748061183,0.585175,0
607410515882278911,0.595032,0
607410516016496639,0.565355,0
607410516150714367,0.566077,0
607410516284932095,0.585225,0
607410516553367551,0.608934,0
607410516687585279,0.602368,0
607410516821803007,0.616536,0
607410516956020735,0.65116,0
607410517090238463,0.609564,0
607410517224456191,0.602479,0
607410517358673919,0.611499,0
607410518700851199,0.648425,0
607410518835068927,0.649658,0
607410518969286655,0.648204,0
607410519103504383,0.650314,0
607410519237722111,0.640583,0
607410519371939839,0.63998,0
607410519506157567,0.647229,0
607410519774593023,0.640741,0
607410519908810751,0.651257,0
607410520043028479,0.64492,0
607410520177246207,0.788086,0
607410520311463935,0.650728,0
607410520445681663,0.630847,0
607410520579899391,0.657644,0
607410520848334847,0.787021,0
607410520982552575,0.807706,0
607410521116770303,0.773121,0
607410521250988031,0.785518,0
607410521385205759,0.64953,0
607410521519423487,0.777906,0
607410521653641215,0.762357,0
607410521922076671,0.781337,0
607410522056294399,0.771134,0
607410522190512127,0.8067,0
607410522324729855,0.794427,0
607410522458947583,0.764582,0
607410522593165311,0.783521,0
607410522727383039,0.800223,0
607410522995818495,0.607444,0
607410523130036223,0.622054,0
607410523264253951,0.642882,0
607410523398471679,0.644446,0
607410523532689407,0.595104,0
607410523666907135,0.610421,0
607410523801124863,0.605757,0
607410524069560319,0.615076,0
607410524203778047,0.627348,0
607410524337995775,0.615492,0
607410524472213503,0.644062,0
607410524606431231,0.602779,0
607410524740648959,0.615068,0
607410524874866687,0.602271,0
607410525143302143,0.656561,0
607410525277519871,0.646794,0
607410525411737599,0.62897,0
607410525545955327,0.660401,0
607410525680173055,0.653632,0
607410525814390783,0.648399,0
607410525948608511,0.625147,0
607410544470654975,0.591523,0
607410544604872703,0.582035,0
607410544739090431,0.59064,0
607410544873308159,0.584932,0
607410545007525887,0.62544,0
607410545141743615,0.593342,0
607410545275961343,0.627727,0
607410545544396799,0.601232,0
607410545678614527,0.582333,0
607410545812832255,0.579962,0
607410545947049983,0.571695,0
607410546081267711,0.585655,0
607410546215485439,0.59646,0
607410546349703167,0.580153,0
607410546618138623,0.607359,0
607410546752356351,0.603613,0
607410546886574079,0.618559,0
607410547020791807,0.625223,0
607410547155009535,0.616856,0
607410547289227263,0.605087,0
607410547423444991,0.620156,0
607410547691880447,0.59088,0
607410547826098175,0.571804,0
607410547960315903,0.592387,0
607410548094533631,0.574553,0
607410548228751359,0.576835,0
607410548362969087,0.590131,0
607410548497186815,0.591295,0
607410548765622271,0.660834,0
607410548899839999,0.662147,0
607410549034057727,0.676635,0
607410549168275455,0.654844,0
607410549302493183,0.680994,0
607410549436710911,0.675728,0
607410549570928639,0.665274,0
607410549839364095,0.625313,0
607410550107799551,0.618276,0
607410550242017279,0.600496,0
607410550644670463,0.648484,0
607410550913105919,0.657706,0
607410551047323647,0.636137,0
607410551181541375,0.64929,0
607410551315759103,0.657152,0
607410551449976831,0.65923,0
607410551584194559,0.649142,0
607410551718412287,0.663185,0
607410578830393343,0.627888,0
607410578964611071,0.628895,0
607410579098828799,0.60793,0
607410579233046527,0.623624,0
607410579367264255,0.623366,0
607410579501481983,0.640234,0
607410579635699711,0.612703,0
607410579904135167,0.65906,0
607410580038352895,0.674156,0
607410580172570623,0.62957,0
607410580306788351,0.663273,0
607410580441006079,0.669888,0
607410580575223807,0.661638,0
607410580709441535,0.65736,0
607410580977876991,0.720146,0
607410581112094719,0.725891,0
607410581246312447,0.742864,0
607410581380530175,0.767046,0
607410581514747903,0.616812,0
607410581648965631,0.71551,0
607410581783183359,0.713723,0
607410582051618815,0.701691,0
607410582185836543,0.703729,0
607410582320054271,0.725297,0
607410582454271999,0.747126,0
607410582588489727,0.614925,0
607410582722707455,0.695025,0
607410582856925183,0.697623,0
607410583125360639,0.650698,0
607410583259578367,0.625881,0
607410583393796095,0.638424,0
607410583528013823,0.640754,0
607410583930667007,0.636436,0
607410584467537919,0.645604,0
607410584601755647,0.677505,0
607410585272844287,0.630841,0
607410585407062015,0.612997,0
607410585541279743,0.613794,0
607410585675497471,0.621313,0
607410585809715199,0.63182,0
607410585943932927,0.622627,0
607410586078150655,0.623693,0
607410587420327935,0.752103,0
607410587554545663,0.714956,0
607410587688763391,0.780907,0
607410587822981119,0.746503,0
607410587957198847,0.751065,0
607410588091416575,0.739293,0
607410588225634303,0.765581,0
607410588494069759,0.700047,0
607410588628287487,0.709291,0
607410588762505215,0.723683,0
607410588896722943,0.696799,0
607410589030940671,0.703393,0
607410589165158399,0.664484,0
607410589299376127,0.721499,0
607410589567811583,0.776719,0
607410589702029311,0.724397,0
607410589836247039,0.808291,0
607410589970464767,0.779298,0
607410590104682495,0.762493,0
607410590238900223,0.749347,0
607410590373117951,0.77022,0
607410590641553407,0.689173,0
607410590775771135,0.697027,0
607410590909988863,0.71682,0
607410591044206591,0.693986,0
607410591178424319,0.710512,0
607410591312642047,0.726358,0
607410591446859775,0.698706,0
607410591715295231,0.688441,0
607410591849512959,0.708007,0
607410591983730687,0.689306,0
607410592117948415,0.752105,0
607410592520601599,0.655419,0
607410593057472511,0.734013,0
607410593191690239,0.683937,0
607410593862778879,0.727371,0
607410593996996607,0.760338,0
607410594131214335,0.710506,0
607410594265432063,0.72297,0
607410594399649791,0.744771,0
607410594533867519,0.756137,0
607410594668085247,0.708682,0
607410787404742655,0.735855,0
607410787538960383,0.741873,0
607410795994677247,0.680338,0
607410796128894975,0.681175,0
607410975175344127,0.512188,0
607410975443779583,0.377334,0
607410975712215039,0.47037,0
607410977322827775,0.412191,0
607410977591263231,0.376864,0
607410977859698687,0.328338,0
607410982557319167,0.664276,0
607410982691536895,0.701916,0
607410982825754623,0.547745,0
607410982959972351,0.555526,0
607410983094190079,0.692343,0
607410983228407807,0.744098,0
607410983362625535,0.648448,0
607410983631060991,0.570949,0
607410983765278719,0.671637,0
607410983899496447,0.642605,0
607410984033714175,0.618983,0
607410984167931903,0.760004,0
607410984302149631,0.652386,0
607410984436367359,0.76231,0
607410984704802815,0.509246,0
607410984839020543,0.542272,0
607410984973238271,0.456932,0
607410985107455999,0.487461,0
607410985241673727,0.520256,0
607410985375891455,0.506132,0
607410985510109183,0.514917,0
607410985778544639,0.580683,0
607410985912762367,0.609679,0
607410986046980095,0.55737,0
607410986181197823,0.531561,0
607410986315415551,0.563163,0
607410986449633279,0.605896,0
607410986583851007,0.514663,0
607410986852286463,0.732121,0
607410986986504191,0.769301,0
607410987120721919,0.52015,0
607410987254939647,0.723323,0
607410987389157375,0.734787,0
607410987523375103,0.813784,0
607410987657592831,0.602187,0
607410987926028287,0.790268,0
607410988060246015,0.800544,0
607410988194463743,0.757978,0
607410988328681471,0.808129,0
607410988462899199,0.827208,0
607410988597116927,0.875702,0
607410988731334655,0.763849,0
607410988999770111,0.532574,0
607410989133987839,0.557861,0
607410989268205567,0.520868,0
607410989402423295,0.520834,0
607410989536641023,0.478487,0
607410989670858751,0.571043,0
607410989805076479,0.387873,0
607410999737188351,0.343261,0
607410999871406079,0.383467,0
607411000005623807,0.299229,0
607411000139841535,0.318485,0
607411000274059263,0.353257,0
607411000408276991,0.389737,0
607411000542494719,0.316046,0
607411000810930175,0.350183,0
607411000945147903,0.37329,0
607411001079365631,0.392333,0
607411001213583359,0.337399,0
607411001347801087,0.423431,0
607411001482018815,0.378192,0
607411001616236543,0.416788,0
607411001884671999,0.276633,0
607411002018889727,0.344415,0
607411002153107455,0.265664,0
607411002287325183,0.304537,0
607411002421542911,0.274783,0
607411002555760639,0.305777,0
607411002689978367,0.311022,0
607411002958413823,0.365845,0
607411003092631551,0.331481,0
607411003226849279,0.415119,0
607411003361067007,0.355468,0
607411003495284735,0.389208,0
607411003629502463,0.363409,0
607411003763720191,0.40726,0
607411004166373375,0.351786,0
607411005105897471,0.430279,0
607411005240115199,0.362921,0
607411005374332927,0.38671,0
607411005508550655,0.314215,0
607411005642768383,0.497135,0
607411005776986111,0.452974,0
607411005911203839,0.405979,0
607411006313857023,0.29852,0
607411016917057535,0.742428,0
607411017051275263,0.762233,0
607411017319710719,0.851453,0
607411017588146175,0.869174,0
607411017990799359,0.615532,0
607411018125017087,1.0853,0
607411018259234815,0.628472,0
607411018393452543,0.930062,0
607411018527670271,0.692226,0
607411018661887999,1.06652,0
607411018796105727,0.631107,0
607411019064541183,0.574458,0
607411019198758911,0.750924,0
607411019332976639,0.527892,0
607411019467194367,0.686311,0
607411019601412095,0.780916,0
607411019735629823,0.846745,0
607411020138283007,0.638157,0
607411020272500735,0.84133,0
607411020406718463,0.869821,0
607411020540936191,0.625834,0
607411020675153919,0.618342,0
607411020809371647,0.613374,0
607411020943589375,0.862237,0
607411022285766655,0.685367,0
607411022419984383,0.707015,0
607411022554202111,0.928682,0
607411022688419839,0.688601,0
607411022822637567,0.662259,0
607411022956855295,0.715261,0
607411023091073023,0.865246,0
607411115030216703,0.128586,0
607411119996272639,0.247479,0
607411120130490367,0.321709,0
607411120264708095,0.230176,0
607411120398925823,0.260779,0
607411120533143551,0.203068,0
607411120667361279,0.275178,0
607411120801579007,0.194517,0
607411121070014463,0.240172,0
607411121204232191,0.251231,0
607411121338449919,0.248452,0
607411121472667647,0.26434,0
607411121606885375,0.265502,0
607411121741103103,0.252602,0
607411121875320831,0.345848,0
607411122143756287,0.181376,0
607411122277974015,0.300345,0
607411122412191743,0.19686,0
607411122546409471,0.232807,0
607411122680627199,0.182716,0
607411122814844927,0.29032,0
607411122949062655,0.0942038,0
607411123217498111,0.235683,0
607411123351715839,0.219151,0
607411123485933567,0.193299,0
607411123620151295,0.216635,0
607411123754369023,0.306799,0
607411123888586751,0.237187,0
607411124022804479,0.224244,0
607411124291239935,0.152651,0
607411124425457663,0.16121,0
607411124559675391,0.161146,0
607411124693893119,0.164992,0
607411124828110847,0.0548122,0
607411124962328575,0.151216,0
607411125364981759,0.271717,0
607411125499199487,0.362734,0
607411125633417215,0.221993,0
607411125767634943,0.357654,0
607411125901852671,0.203028,0
607411126036070399,0.324676,0
607411126170288127,0.18819,0
607411126438723583,0.160676,0
607411126572941311,0.169168,0
607411126707159039,0.152965,0
607411126841376767,0.142794,0
607411126975594495,0.174943,0
607411127109812223,0.187497,0
607411137176141823,0.0797203,0
607411137310359551,0.130159,0
607411137578795007,0.151514,0
607411137847230463,0.132619,0
607411138249883647,0.22691,0
607411138384101375,0.187249,0
607411138518319103,0.190503,0
607411138652536831,0.217563,0
607411138786754559,0.166709,0
607411138920972287,0.202505,0
607411139055190015,0.164167,0
607411139323625471,0.0678708,0
607411139457843199,0.0944245,0
607411139726278655,0.0867289,0
607411139994714111,0.110016,0
607411140397367295,0.161751,0
607411140531585023,0.142902,0
607411140665802751,0.0963988,0
607411140800020479,0.135164,0
607411140934238207,0.172344,0
607411141068455935,0.241933,0
607411141202673663,0.124139,0
607411142544850943,0.125684,0
607411142679068671,0.10348,0
607411142813286399,0.0913764,0
607411142947504127,0.134707,0
607411143081721855,0.0997679,0
607411143215939583,0.116949,0
607411143350157311,0.103966,0
607411154356011007,0.140206,0
607411154490228735,0.181633,0
607411154758664191,0.157735,0
607411154892881919,0.132439,0
607411155027099647,0.16954,0
607411155161317375,0.121694,0
607411155429752831,0.216531,0
607411155563970559,0.285804,0
607411155698188287,0.11666,0
607411155832406015,0.234931,0
607411155966623743,0.148717,0
607411156100841471,0.2667,0
607411156235059199,0.126227,0
607411157174583295,0.131979,0
607411157577236479,0.0888467,0
607411157711454207,0.173883,0
607411157845671935,0.05578,0
607411157979889663,0.133707,0
607411158114107391,0.10449,0
607411158248325119,0.257536,0
607411158382542847,0.16191,0
607411158785196031,0.193006,0
607411159053631487,0.137014,0
607411159724720127,0.314682,0
607411159858937855,0.265029,0
607411159993155583,0.137197,0
607411160127373311,0.174604,0
607411455003721727,0.539108,0
607411455137939455,0.563646,0
607411455272157183,0.508671,0
607411455406374911,0.524132,0
607411455540592639,0.513796,0
607411455674810367,0.523526,0
607411455809028095,0.532965,0
607411456077463551,0.597394,0
607411456211681279,0.598467,0
607411456345899007,0.60689,0
607411456480116735,0.619692,0
607411456614334463,0.574909,0
607411456748552191,0.525513,0
607411456882769919,0.591339,0
607411457151205375,0.511673,0
607411457285423103,0.560224,0
607411457419640831,0.499135,0
607411457553858559,0.510902,0
607411457688076287,0.515658,0
607411457822294015,0.520481,0
607411457956511743,0.499226,0
607411458224947199,0.592719,0
607411458359164927,0.609669,0
607411458493382655,0.580114,0
607411458627600383,0.586827,0
607411458761818111,0.613355,0
607411458896035839,0.591359,0
607411459030253567,0.594685,0
607411459298689023,0.485053,0
607411459432906751,0.493858,0
607411459567124479,0.473828,0
607411459701342207,0.510578,0
607411459835559935,0.551071,0
607411459969777663,0.545351,0
607411460103995391,0.432266,0
607411460372430847,0.514982,0
607411460506648575,0.527044,0
607411460640866303,0.501041,0
607411460775084031,0.530364,0
607411460909301759,0.557887,0
607411461043519487,0.502402,0
607411461177737215,0.52699,0
607411461446172671,0.489302,0
607411461580390399,0.496191,0
607411461714608127,0.482352,0
607411461848825855,0.476899,0
607411461983043583,0.463809,0
607411462117261311,0.495606,0
607411462251479039,0.459046,0
607411463593656319,0.711137,0
607411463727874047,0.659566,0
607411463862091775,0.709482,0
607411463996309503,0.688579,0
607411464130527231,0.649862,0
607411464264744959,0.657263,0
607411464398962687,0.645406,0
607411464667398143,0.732814,0
607411464801615871,0.751668,0
607411464935833599,0.761154,0
607411465070051327,0.743646,0
607411465204269055,0.748598,0
607411465338486783,0.789128,0
607411465472704511,0.668527,0
607411465741139967,0.658034,0
607411465875357695,0.634732,0
607411466009575423,0.657164,0
607411466143793151,0.634447,0
607411466278010879,0.66807,0
607411466412228607,0.679325,0
607411466546446335,0.635055,0
607411466814881791,0.750189,0
607411466949099519,0.773637,0
607411467083317247,0.702141,0
607411467217534975,0.757667,0
607411467351752703,0.69403,0
607411467485970431,0.784267,0
607411467620188159,0.650651,0
607411467888623615,0.586616,0
607411468022841343,0.638031,0
607411468157059071,0.596722,0
607411468291276799,0.593206,0
607411468425494527,0.568661,0
607411468559712255,0.595633,0
607411468693929983,0.561702,0
607411468962365439,0.701943,0
607411469096583167,0.729908,0
607411469230800895,0.689517,0
607411469365018623,0.709449,0
607411469499236351,0.681535,0
607411469633454079,0.702633,0
607411469767671807,0.651278,0
607411470036107263,0.646135,0
607411470170324991,0.650015,0
607411470304542719,0.619709,0
607411470438760447,0.646249,0
607411470572978175,0.625956,0
607411470707195903,0.627527,0
607411470841413631,0.656379,0
607411472183590911,0.448059,0
607411472317808639,0.472981,0
607411472452026367,0.435916,0
607411472586244095,0.45632,0
607411472720461823,0.459208,0
607411472854679551,0.48837,0
607411472988897279,0.429146,0
607411473257332735,0.488337,0
607411473391550463,0.492296,0
607411473525768191,0.468827,0
607411473659985919,0.509726,0
607411473794203647,0.513957,0
607411473928421375,0.523295,0
607411474062639103,0.489386,0
607411474331074559,0.493234,0
607411474465292287,0.47904,0
607411474599510015,0.467239,0
607411474733727743,0.568793,0
607411474867945471,0.497102,0
607411475002163199,0.457725,0
607411475136380927,0.47419,0
607411475404816383,0.475336,0
607411475539034111,0.493528,0
607411475673251839,0.466995,0
607411475807469567,0.495599,0
607411475941687295,0.457524,0
607411476075905023,0.480782,0
607411476210122751,0.460427,0
607411476478558207,0.454392,0
607411476612775935,0.465126,0
607411476746993663,0.47975,0
607411476881211391,0.434627,0
607411477015429119,0.464292,0
607411477149646847,0.44368,0
607411477283864575,0.420253,0
607411477552300031,0.453217,0
607411477686517759,0.519365,0
607411477820735487,0.443648,0
607411477954953215,0.48025,0
607411478089170943,0.44244,0
607411478223388671,0.482567,0
607411478357606399,0.442491,0
607411478626041855,0.426391,0
607411478760259583,0.443404,0
607411478894477311,0.431173,0
607411479028695039,0.425794,0
607411479162912767,0.43218,0
607411479297130495,0.440799,0
607411479431348223,0.387866,0
607411480773525503,0.585914,0
607411480907743231,0.613992,0
607411481041960959,0.586717,0
607411481176178687,0.608694,0
607411481310396415,0.559286,0
607411481444614143,0.623655,0
607411481578831871,0.52563,0
607411481847267327,0.64963,0
607411481981485055,0.663111,0
607411482115702783,0.642424,0
607411482249920511,0.671008,0
607411482384138239,0.630612,0
607411482518355967,0.656484,0
607411482652573695,0.6238,0
607411482921009151,0.577121,0
607411483055226879,0.648891,0
607411483189444607,0.57726,0
607411483323662335,0.629681,0
607411483457880063,0.540601,0
607411483592097791,0.568582,0
607411483726315519,0.529264,0
607411483994750975,0.668207,0
607411484128968703,0.688205,0
607411484263186431,0.690051,0
607411484397404159,0.721157,0
607411484531621887,0.655435,0
607411484665839615,0.668222,0
607411484800057343,0.622304,0
607411485068492799,0.566475,0
607411485202710527,0.584097,0
607411485336928255,0.514175,0
607411485471145983,0.559562,0
607411485605363711,0.569879,0
607411485739581439,0.592918,0
607411485873799167,0.500568,0
607411486142234623,0.638672,0
607411486276452351,0.609272,0
607411486410670079,0.612397,0
607411486544887807,0.623786,0
607411486679105535,0.610395,0
607411486813323263,0.620605,0
607411486947540991,0.614438,0
607411487215976447,0.509755,0
607411487350194175,0.507339,0
607411487484411903,0.500753,0
607411487618629631,0.517065,0
607411487752847359,0.514934,0
607411487887065087,0.535465,0
607411488021282815,0.490896,0
607411489363460095,0.617845,0
607411489497677823,0.648266,0
607411489631895551,0.594536,0
607411489766113279,0.63247,0
607411489900331007,0.621272,0
607411490034548735,0.632341,0
607411490168766463,0.585916,0
607411490437201919,0.649069,0
607411490571419647,0.662132,0
607411490705637375,0.651192,0
607411490839855103,0.636096,0
607411490974072831,0.692856,0
607411491108290559,0.688189,0
607411491242508287,0.659978,0
607411491510943743,0.531886,0
607411491645161471,0.579528,0
607411491779379199,0.489882,0
607411491913596927,0.517638,0
607411492047814655,0.579361,0
607411492182032383,0.574754,0
607411492316250111,0.518575,0
607411492584685567,0.648498,0
607411492718903295,0.614128,0
607411492853121023,0.571703,0
607411492987338751,0.55897,0
607411493121556479,0.653108,0
607411493255774207,0.646381,0
607411493389991935,0.622246,0
607411493658427391,0.649611,0
607411493792645119,0.639617,0
607411493926862847,0.608694,0
607411494061080575,0.606992,0
607411494195298303,0.680108,0
607411494329516031,0.659159,0
607411494463733759,0.658919,0
607411494732169215,0.675417,0
607411494866386943,0.650061,0
607411495000604671,0.64323,0
607411495134822399,0.64344,0
607411495269040127,0.659322,0
607411495403257855,0.652955,0
607411495537475583,0.679368,0
607411495805911039,0.556329,0
607411495940128767,0.579936,0
607411496074346495,0.556187,0
607411496208564223,0.558925,0
607411496342781951,0.603544,0
607411496476999679,0.600501,0
607411496611217407,0.578928,0
607411497953394687,0.609179,0
607411498087612415,0.613368,0
607411498221830143,0.566584,0
607411498356047871,0.59346,0
607411498490265599,0.629323,0
607411498624483327,0.636883,0
607411498758701055,0.62743,0
607411499027136511,0.615566,0
607411499161354239,0.653658,0
607411499295571967,0.636418,0
607411499429789695,0.650846,0
607411499564007423,0.619397,0
607411499698225151,0.62894,0
607411499832442879,0.61938,0
607411500100878335,0.552086,0
607411500235096063,0.580363,0
607411500369313791,0.533825,0
607411500503531519,0.543575,0
607411500637749247,0.549375,0
607411500771966975,0.597997,0
607411500906184703,0.537545,0
607411501174620159,0.620692,0
607411501308837887,0.657689,0
607411501443055615,0.594375,0
607411501577273343,0.626618,0
607411501711491071,0.618128,0
607411501845708799,0.624444,0
607411501979926527,0.601951,0
607411502248361983,0.675083,0
607411502382579711,0.668775,0
607411502516797439,0.675895,0
607411502651015167,0.671213,0
607411502785232895,0.651048,0
607411502919450623,0.668968,0
607411503053668351,0.686738,0
607411503322103807,0.657169,0
607411503456321535,0.631763,0
607411503590539263,0.659321,0
607411503724756991,0.648217,0
607411503858974719,0.658982,0
607411503993192447,0.641413,0
607411504127410175,0.648529,0
607411504395845631,0.604434,0
607411504530063359,0.599768,0
607411504664281087,0.600777,0
607411504798498815,0.584937,0
607411504932716543,0.60903,0
607411505066934271,0.629772,0
607411505201151999,0.610722,0
607411506543329279,0.449656,0
607411506677547007,0.460729,0
607411506811764735,0.443375,0
607411506945982463,0.445422,0
607411507080200191,0.512355,0
607411507214417919,0.506008,0
607411507348635647,0.525375,0
607411507617071103,0.411858,0
607411507751288831,0.439134,0
607411507885506559,0.475642,0
607411508019724287,0.431852,0
607411508153942015,0.484274,0
607411508288159743,0.486777,0
607411508422377471,0.523663,0
607411508690812927,0.423211,0
607411508825030655,0.451113,0
607411508959248383,0.414242,0
607411509093466111,0.438902,0
607411509227683839,0.408585,0
607411509361901567,0.424771,0
607411509496119295,0.410323,0
607411509764554751,0.447784,0
607411509898772479,0.441803,0
607411510032990207,0.460763,0
607411510167207935,0.429894,0
607411510301425663,0.444725,0
607411510435643391,0.426853,0
607411510569861119,0.460602,0
607411510838296575,0.538185,0
607411510972514303,0.558312,0
607411511106732031,0.52424,0
607411511240949759,0.527078,0
607411511375167487,0.553326,0
607411511509385215,0.599054,0
607411511643602943,0.554804,0
607411511912038399,0.542326,0
607411512046256127,0.51747,0
607411512180473855,0.532533,0
607411512314691583,0.475272,0
607411512448909311,0.557031,0
607411512583127039,0.527324,0
607411512717344767,0.581879,0
607411512985780223,0.490522,0
607411513119997951,0.385558,0
607411513254215679,0.371205,0
607411513388433407,0.386061,0
607411513522651135,0.55181,0
607411513656868863,0.564383,0
607411513791086591,0.510511,0
607411523723198463,0.817772,0
607411523857416191,0.792821,0
607411523991633919,0.819575,0
607411524125851647,0.815768,0
607411524260069375,0.832908,0
607411524394287103,0.835863,0
607411524528504831,0.80999,0
607411524796940287,0.838622,0
607411524931158015,0.812656,0
607411525065375743,0.781528,0
607411525199593471,0.79296,0
607411525333811199,0.796033,0
607411525468028927,0.810066,0
607411525602246655,0.817976,0
607411525870682111,0.842056,0
607411526004899839,0.848861,0
607411526139117567,0.84817,0
607411526273335295,0.840533,0
607411526407553023,0.832591,0
607411526541770751,0.840588,0
607411526675988479,0.858556,0
607411526944423935,0.816656,0
607411527078641663,0.805863,0
607411527212859391,0.833263,0
607411527347077119,0.824145,0
607411527481294847,0.78731,0
607411527615512575,0.788618,0
607411527749730303,0.813146,0
607411528018165759,0.839417,0
607411528152383487,0.839927,0
607411528286601215,0.79124,0
607411528420818943,0.797735,0
607411528555036671,0.841186,0
607411528689254399,0.821881,0
607411528823472127,0.840136,0
607411529091907583,0.829654,0
607411529226125311,0.804007,0
607411529360343039,0.848016,0
607411529494560767,0.809916,0
607411529628778495,0.805973,0
607411529762996223,0.817248,0
607411529897213951,0.821643,0
607411530165649407,0.820285,0
607411530299867135,0.797676,0
607411530434084863,0.818249,0
607411530568302591,0.812236,0
607411530702520319,0.81629,0
607411530836738047,0.796498,0
607411530970955775,0.831798,0
607411532313133055,0.802899,0
607411532447350783,0.792385,0
607411532581568511,0.823436,0
607411532715786239,0.851141,0
607411532850003967,0.810352,0
607411532984221695,0.816424,0
607411533118439423,0.811343,0
607411533386874879,0.803141,0
607411533521092607,0.81106,0
607411533655310335,0.776164,0
607411533789528063,0.807242,0
607411533923745791,0.774266,0
607411534057963519,0.77023,0
607411534192181247,0.786392,0
607411534460616703,0.855063,0
607411534594834431,0.89762,0
607411534729052159,0.892416,0
607411534863269887,0.907386,0
607411534997487615,0.834057,0
607411535131705343,0.83691,0
607411535265923071,0.881399,0
607411535534358527,0.827538,0
607411535668576255,0.867485,0
607411535802793983,0.88035,0
607411535937011711,0.9016,0
607411536071229439,0.829771,0
607411536205447167,0.836234,0
607411536339664895,0.864714,0
607411536608100351,0.815354,0
607411536742318079,0.800546,0
607411536876535807,0.828199,0
607411537010753535,0.815154,0
607411537144971263,0.826388,0
607411537279188991,0.812371,0
607411537413406719,0.810966,0
607411537681842175,0.793329,0
607411537816059903,0.781954,0
607411537950277631,0.797588,0
607411538084495359,0.779038,0
607411538218713087,0.810013,0
607411538352930815,0.819795,0
607411538487148543,0.819266,0
607411538755583999,0.833842,0
607411538889801727,0.830787,0
607411539024019455,0.822293,0
607411539158237183,0.860709,0
607411539292454911,0.793975,0
607411539426672639,0.820032,0
607411539560890367,0.814711,0
607411540903067647,0.827255,0
607411541037285375,0.817635,0
607411541171503103,0.833442,0
607411541305720831,0.828813,0
607411541439938559,0.806414,0
607411541574156287,0.792375,0
607411541708374015,0.821252,0
607411541976809471,0.799382,0
607411542111027199,0.786074,0
607411542245244927,0.79639,0
607411542379462655,0.762521,0
607411542513680383,0.859233,0
607411542647898111,0.848631,0
607411542782115839,0.80125,0
607411543050551295,0.830826,0
607411543184769023,0.817643,0
607411543318986751,0.798944,0
607411543453204479,0.793984,0
607411543587422207,0.829364,0
607411543721639935,0.822534,0
607411543855857663,0.83553,0
607411544124293119,0.808552,0
607411544258510847,0.813792,0
607411544392728575,0.82604,0
607411544526946303,0.8111,0
607411544661164031,0.821354,0
607411544795381759,0.781799,0
607411544929599487,0.819909,0
607411545198034943,0.858449,0
607411545332252671,0.857668,0
607411545466470399,0.77839,0
607411545600688127,0.800092,0
607411545734905855,0.830545,0
607411545869123583,0.839504,0
607411546003341311,0.822547,0
607411546271776767,0.841208,0
607411546405994495,0.841305,0
607411546540212223,0.8573,0
607411546674429951,0.835997,0
607411546808647679,0.833205,0
607411546942865407,0.831244,0
607411547077083135,0.82567,0
607411547345518591,0.913641,0
607411547479736319,0.856482,0
607411547613954047,0.820706,0
607411547748171775,0.849274,0
607411547882389503,0.760203,0
607411548016607231,0.838953,0
607411548150824959,0.804353,0
607411549493002239,0.860802,0
607411549627219967,0.903562,0
607411549761437695,0.873757,0
607411549895655423,0.876033,0
607411550029873151,0.869983,0
607411550164090879,0.866971,0
607411550298308607,0.878127,0
607411550566744063,0.908455,0
607411550700961791,0.923358,0
607411550835179519,0.924693,0
607411550969397247,0.928295,0
607411551103614975,0.929823,0
607411551237832703,0.91715,0
607411551372050431,0.912127,0
607411551640485887,0.896707,0
607411551774703615,0.92117,0
607411551908921343,0.943549,0
607411552043139071,0.958471,0
607411552177356799,0.891676,0
607411552311574527,0.904629,0
607411552445792255,0.893132,0
607411552714227711,0.924102,0
607411552848445439,0.952173,0
607411552982663167,0.933502,0
607411553116880895,0.937221,0
607411553251098623,0.903719,0
607411553385316351,0.925919,0
607411553519534079,0.923667,0
607411553787969535,0.846627,0
607411553922187263,0.846174,0
607411554056404991,0.796637,0
607411554190622719,0.833471,0
607411554324840447,0.83497,0
607411554459058175,0.823324,0
607411554593275903,0.829925,0
607411554861711359,0.85394,0
607411554995929087,0.878087,0
607411555130146815,0.85262,0
607411555264364543,0.90878,0
607411555398582271,0.845268,0
607411555532799999,0.862446,0
607411555667017727,0.847308,0
607411555935453183,0.819017,0
607411556069670911,0.855175,0
607411556203888639,0.849699,0
607411556338106367,0.844602,0
607411556472324095,0.790051,0
607411556606541823,0.832432,0
607411556740759551,0.805739,0
607411558082936831,0.633061,0
607411558217154559,0.604121,0
607411558351372287,0.616519,0
607411558485590015,0.597613,0
607411558619807743,0.623866,0
607411558754025471,0.62052,0
607411558888243199,0.64014,0
607411559156678655,0.574855,0
607411559290896383,0.568818,0
607411559425114111,0.584299,0
607411559559331839,0.72547,0
607411559693549567,0.613554,0
607411559827767295,0.585629,0
607411559961985023,0.614873,0
607411560230420479,0.801469,0
607411560364638207,0.787288,0
607411560498855935,0.824496,0
607411560633073663,0.7988,0
607411560767291391,0.637606,0
607411560901509119,0.763892,0
607411561035726847,0.767968,0
607411561304162303,0.775753,0
607411561438380031,0.7951,0
607411561572597759,0.817303,0
607411561706815487,0.781083,0
607411561841033215,0.783398,0
607411561975250943,0.749042,0
607411562109468671,0.775075,0
607411562377904127,0.646334,0
607411562512121855,0.646835,0
607411562646339583,0.63626,0
607411562780557311,0.649442,0
607411562914775039,0.650526,0
607411563048992767,0.616193,0
607411563183210495,0.668307,0
607411563451645951,0.640478,0
607411563585863679,0.622058,0
607411563720081407,0.624734,0
607411563854299135,0.607209,0
607411563988516863,0.601123,0
607411564122734591,0.591771,0
607411564256952319,0.612997,0
607411564525387775,0.64883,0
607411564659605503,0.626807,0
607411564793823231,0.636875,0
607411564928040959,0.625446,0
607411565062258687,0.633033,0
607411565196476415,0.645875,0
607411565330694143,0.643618,0
607411566672871423,0.801026,0
607411566807089151,0.831513,0
607411566941306879,0.832572,0
607411567075524607,0.838446,0
607411567209742335,0.800853,0
607411567343960063,0.812905,0
607411567478177791,0.793701,0
607411567746613247,0.806682,0
607411567880830975,0.830615,0
607411568015048703,0.854134,0
607411568149266431,0.839662,0
607411568283484159,0.798733,0
607411568417701887,0.782856,0
607411568551919615,0.811588,0
607411568820355071,0.836139,0
607411568954572799,0.838653,0
607411569088790527,0.816712,0
607411569223008255,0.827294,0
607411569357225983,0.836177,0
607411569491443711,0.84473,0
607411569625661439,0.809041,0
607411569894096895,0.855919,0
607411570028314623,0.848366,0
607411570162532351,0.84376,0
607411570296750079,0.831515,0
607411570430967807,0.84128,0
607411570565185535,0.850698,0
607411570699403263,0.84113,0
607411570967838719,0.595628,0
607411571102056447,0.761012,0
607411571236274175,0.741883,0
607411571370491903,0.763681,0
607411571504709631,0.610209,0
607411571638927359,0.594721,0
607411571773145087,0.609824,0
607411572041580543,0.784777,0
607411572175798271,0.761021,0
607411572310015999,0.793493,0
607411572444233727,0.820307,0
607411572578451455,0.634321,0
607411572712669183,0.646165,0
607411572846886911,0.620877,0
607411573115322367,0.779002,0
607411573249540095,0.828233,0
607411573383757823,0.842061,0
607411573517975551,0.793987,0
607411573652193279,0.732712,0
607411573786411007,0.753765,0
607411573920628735,0.775047,0
607411575262806015,0.85117,0
607411575397023743,0.880323,0
607411575531241471,0.82345,0
607411575665459199,0.87881,0
607411575799676927,0.79517,0
607411575933894655,0.894256,0
607411576068112383,0.788639,0
607411576336547839,0.853769,0
607411576470765567,0.818031,0
607411576604983295,0.855789,0
607411576739201023,0.833856,0
607411576873418751,0.844684,0
607411577007636479,0.821188,0
607411577141854207,0.853615,0
607411577410289663,0.809921,0
607411577544507391,0.829769,0
607411577678725119,0.777621,0
607411577812942847,0.809341,0
607411577947160575,0.791751,0
607411578081378303,0.844966,0
607411578215596031,0.740738,0
607411578484031487,0.855968,0
607411578618249215,0.837552,0
607411578752466943,0.856404,0
607411578886684671,0.844953,0
607411579020902399,0.862954,0
607411579155120127,0.832823,0
607411579289337855,0.84536,0
607411579557773311,0.72846,0
607411579691991039,0.747574,0
607411579826208767,0.703246,0
607411579960426495,0.727486,0
607411580094644223,0.63652,0
607411580228861951,0.633729,0
607411580363079679,0.66502,0
607411580631515135,0.753385,0
607411580765732863,0.77753,0
607411580899950591,0.798684,0
607411581034168319,0.839178,0
607411581168386047,0.642746,0
607411581302603775,0.654411,0
607411581436821503,0.696778,0
607411581705256959,0.738492,0
607411581839474687,0.764788,0
607411581973692415,0.703085,0
607411582107910143,0.747866,0
607411582242127871,0.69485,0
607411582376345599,0.751869,0
607411582510563327,0.677708,0
607411592442675199,0.408736,0
607411592576892927,0.435472,0
607411592711110655,0.392844,0
607411592845328383,0.416251,0
607411592979546111,0.389513,0
607411593113763839,0.417271,0
607411593247981567,0.365451,0
607411593516417023,0.486749,0
607411593650634751,0.504526,0
607411593784852479,0.475201,0
607411593919070207,0.52614,0
607411594053287935,0.461458,0
607411594187505663,0.515618,0
607411594321723391,0.455202,0
607411594590158847,0.417321,0
607411594724376575,0.421879,0
607411594858594303,0.421662,0
607411594992812031,0.422933,0
607411595127029759,0.381751,0
607411595261247487,0.398711,0
607411595395465215,0.382378,0
607411595663900671,0.481307,0
607411595798118399,0.526626,0
607411595932336127,0.492939,0
607411596066553855,0.522984,0
607411596200771583,0.449014,0
607411596334989311,0.563837,0
607411596469207039,0.444121,0
607411596737642495,0.425679,0
607411596871860223,0.425901,0
607411597006077951,0.412344,0
607411597140295679,0.429159,0
607411597274513407,0.412452,0
607411597408731135,0.436965,0
607411597542948863,0.421695,0
607411597811384319,0.420212,0
607411597945602047,0.433662,0
607411598079819775,0.42424,0
607411598214037503,0.428083,0
607411598348255231,0.441858,0
607411598482472959,0.423274,0
607411598616690687,0.408003,0
607411598885126143,0.410902,0
607411599019343871,0.369197,0
607411599153561599,0.400199,0
607411599287779327,0.375549,0
607411599421997055,0.422484,0
607411599556214783,0.406523,0
607411599690432511,0.397139,0
607411601032609791,0.655329,0
607411601166827519,0.657373,0
607411601301045247,0.640279,0
607411601435262975,0.69947,0
607411601569480703,0.616189,0
607411601703698431,0.67384,0
607411601837916159,0.633992,0
607411602106351615,0.743079,0
607411602240569343,0.823206,0
607411602374787071,0.709664,0
607411602509004799,0.76033,0
607411602643222527,0.741673,0
607411602777440255,0.79196,0
607411602911657983,0.706002,0
607411603180093439,0.671518,0
607411603314311167,0.709458,0
607411603448528895,0.675273,0
607411603582746623,0.719252,0
607411603716964351,0.593667,0
607411603851182079,0.689626,0
607411603985399807,0.650308,0
607411604253835263,0.760743,0
607411604388052991,0.842146,0
607411604522270719,0.772278,0
607411604656488447,0.815301,0
607411604790706175,0.71648,0
607411604924923903,0.76134,0
607411605059141631,0.739759,0
607411605327577087,0.58324,0
607411605461794815,0.644147,0
607411605596012543,0.52398,0
607411605730230271,0.586976,0
607411605864447999,0.547314,0
607411605998665727,0.575806,0
607411606132883455,0.52547,0
607411606401318911,0.671851,0
607411606535536639,0.723899,0
607411606669754367,0.627823,0
607411606803972095,0.698342,0
607411606938189823,0.652919,0
607411607072407551,0.662916,0
607411607206625279,0.596617,0
607411607475060735,0.612998,0
607411607609278463,0.637385,0
607411607743496191,0.582453,0
607411607877713919,0.595051,0
607411608011931647,0.533784,0
607411608146149375,0.57845,0
607411608280367103,0.540981,0
607411609622544383,0.366678,0
607411609756762111,0.35159,0
607411609890979839,0.34368,0
607411610025197567,0.333942,0
607411610159415295,0.345476,0
607411610293633023,0.37038,0
607411610427850751,0.337066,0
607411610696286207,0.43397,0
607411610830503935,0.434961,0
607411610964721663,0.432931,0
607411611098939391,0.441979,0
607411611233157119,0.407385,0
607411611367374847,0.417371,0
607411611501592575,0.368191,0
607411611770028031,0.337546,0
607411611904245759,0.309124,0
607411612038463487,0.285017,0
607411612172681215,0.289806,0
607411612306898943,0.354357,0
607411612441116671,0.337009,0
607411612575334399,0.339299,0
607411612843769855,0.387099,0
607411612977987583,0.444921,0
607411613112205311,0.330218,0
607411613246423039,0.395222,0
607411613380640767,0.38474,0
607411613514858495,0.394506,0
607411613649076223,0.337727,0
607411613917511679,0.372277,0
607411614051729407,0.400475,0
607411614185947135,0.346363,0
607411614320164863,0.341616,0
607411614454382591,0.361821,0
607411614588600319,0.363386,0
607411614722818047,0.371019,0
607411614991253503,0.367247,0
607411615125471231,0.357816,0
607411615259688959,0.359048,0
607411615393906687,0.37979,0
607411615528124415,0.378243,0
607411615662342143,0.370625,0
607411615796559871,0.380734,0
607411616064995327,0.323548,0
607411616199213055,0.322353,0
607411616333430783,0.327628,0
607411616467648511,0.343343,0
607411616601866239,0.364349,0
607411616736083967,0.310839,0
607411616870301695,0.390699,0
607411618212478975,0.644894,0
607411618346696703,0.633233,0
607411618480914431,0.626499,0
607411618615132159,0.613159,0
607411618749349887,0.603202,0
607411618883567615,0.618696,0
607411619017785343,0.626569,0
607411619286220799,0.721629,0
607411619420438527,0.712077,0
607411619554656255,0.753848,0
607411619688873983,0.744201,0
607411619823091711,0.693289,0
607411619957309439,0.713004,0
607411620091527167,0.687834,0
607411620359962623,0.60282,0
607411620494180351,0.647888,0
607411620628398079,0.586439,0
607411620762615807,0.576685,0
607411620896833535,0.669057,0
607411621031051263,0.629793,0
607411621165268991,0.62219,0
607411621433704447,0.716753,0
607411621567922175,0.77713,0
607411621702139903,0.671143,0
607411621836357631,0.736686,0
607411621970575359,0.690023,0
607411622104793087,0.772648,0
607411622239010815,0.685102,0
607411622507446271,0.511685,0
607411622641663999,0.579579,0
607411622775881727,0.495679,0
607411622910099455,0.590359,0
607411623044317183,0.482841,0
607411623178534911,0.523936,0
607411623312752639,0.450081,0
607411623581188095,0.632586,0
607411623715405823,0.663465,0
607411623849623551,0.593455,0
607411623983841279,0.621073,0
607411624118059007,0.565817,0
607411624252276735,0.577248,0
607411624386494463,0.58479,0
607411624654929919,0.532202,0
607411624789147647,0.598774,0
607411624923365375,0.464328,0
607411625057583103,0.568526,0
607411625191800831,0.488476,0
607411625326018559,0.566372,0
607411625460236287,0.467502,0
607411626802413567,0.430527,0
607411626936631295,0.472566,0
607411627070849023,0.406831,0
607411627205066751,0.442054,0
607411627339284479,0.449018,0
607411627473502207,0.50837,0
607411627607719935,0.427969,0
607411627876155391,0.465144,0
607411628010373119,0.468838,0
607411628144590847,0.49356,0
607411628278808575,0.477262,0
607411628413026303,0.481729,0
607411628547244031,0.487545,0
607411628681461759,0.479526,0
607411628949897215,0.390265,0
607411629084114943,0.363504,0
607411629218332671,0.376954,0
607411629352550399,0.359789,0
607411629486768127,0.399124,0
607411629620985855,0.411615,0
607411629755203583,0.382329,0
607411630023639039,0.455875,0
607411630157856767,0.431798,0
607411630292074495,0.449972,0
607411630426292223,0.440242,0
607411630560509951,0.450411,0
607411630694727679,0.483451,0
607411630828945407,0.420932,0
607411631097380863,0.38999,0
607411631231598591,0.402446,0
607411631365816319,0.374027,0
607411631500034047,0.401738,0
607411631634251775,0.388388,0
607411631768469503,0.409867,0
607411631902687231,0.381655,0
607411632171122687,0.496829,0
607411632305340415,0.518093,0
607411632439558143,0.476615,0
607411632573775871,0.518946,0
607411632707993599,0.379988,0
607411632842211327,0.43663,0
607411632976429055,0.392404,0
607411633244864511,0.329342,0
607411633379082239,0.433252,0
607411633513299967,0.329851,0
607411633647517695,0.368718,0
607411633781735423,0.350627,0
607411633915953151,0.383316,0
607411634050170879,0.351516,0
607411635392348159,0.526246,0
607411635526565887,0.606559,0
607411635660783615,0.506311,0
607411635795001343,0.594026,0
607411635929219071,0.517242,0
607411636063436799,0.564756,0
607411636197654527,0.468358,0
607411636466089983,0.594968,0
607411636600307711,0.65362,0
607411636734525439,0.567182,0
607411636868743167,0.650651,0
607411637002960895,0.583578,0
607411637137178623,0.593934,0
607411637271396351,0.566076,0
607411637539831807,0.492199,0
607411637674049535,0.530579,0
607411637808267263,0.488607,0
607411637942484991,0.511371,0
607411638076702719,0.463575,0
607411638210920447,0.529479,0
607411638345138175,0.460261,0
607411638613573631,0.596792,0
607411638747791359,0.644898,0
607411638882009087,0.54656,0
607411639016226815,0.622289,0
607411639150444543,0.565187,0
607411639284662271,0.635438,0
607411639418879999,0.579238,0
607411639687315455,0.504719,0
607411639821533183,0.514279,0
607411639955750911,0.482642,0
607411640089968639,0.495243,0
607411640224186367,0.497972,0
607411640358404095,0.479368,0
607411640492621823,0.547342,0
607411640761057279,0.491918,0
607411640895275007,0.535241,0
607411641029492735,0.525816,0
607411641163710463,0.570264,0
607411641297928191,0.483146,0
607411641432145919,0.524077,0
607411641566363647,0.489515,0
607411641834799103,0.452421,0
607411641969016831,0.488859,0
607411642103234559,0.457361,0
607411642237452287,0.452221,0
607411642371670015,0.47845,0
607411642505887743,0.484488,0
607411642640105471,0.45525,0
607411643982282751,0.354077,0
607411644116500479,0.373085,0
607411644250718207,0.370078,0
607411644384935935,0.401121,0
607411644519153663,0.346073,0
607411644653371391,0.324992,0
607411644787589119,0.355572,0
607411645056024575,0.428123,0
607411645190242303,0.355509,0
607411645324460031,0.423429,0
607411645458677759,0.36027,0
607411645592895487,0.418861,0
607411645727113215,0.447645,0
607411645861330943,0.37912,0
607411646129766399,0.378909,0
607411646263984127,0.390878,0
607411646398201855,0.359467,0
607411646532419583,0.374469,0
607411646666637311,0.341234,0
607411646800855039,0.380795,0
607411646935072767,0.323186,0
607411647203508223,0.412556,0
607411647337725951,0.377458,0
607411647471943679,0.404044,0
607411647606161407,0.400432,0
607411647740379135,0.403107,0
607411647874596863,0.381312,0
607411648008814591,0.406639,0
607411648277250047,0.334258,0
607411648411467775,0.380001,0
607411648545685503,0.339432,0
607411648679903231,0.367151,0
607411648814120959,0.364184,0
607411648948338687,0.355155,0
607411649082556415,0.353067,0
607411649350991871,0.370541,0
607411649485209599,0.390125,0
607411649619427327,0.339085,0
607411649753645055,0.360428,0
607411649887862783,0.34647,0
607411650022080511,0.330043,0
607411650156298239,0.397241,0
607411650424733695,0.33589,0
607411650558951423,0.344633,0
607411650693169151,0.317507,0
607411650827386879,0.326585,0
607411650961604607,0.314687,0
607411651095822335,0.358338,0
607411651230040063,0.336143,0
607411661162151935,0.96836,0
607411661296369663,0.971584,0
607411661430587391,0.904585,0
607411661564805119,0.931777,0
607411661699022847,0.908694,0
607411661833240575,0.912717,0
607411661967458303,0.91483,0
607411662235893759,0.947906,0
607411662370111487,0.982998,0
607411662504329215,0.968537,0
607411662638546943,1.02844,0
607411662772764671,1.05334,0
607411662906982399,1.01992,0
607411663041200127,0.939702,0
607411663309635583,0.958331,0
607411663443853311,1.0757,0
607411663578071039,0.954121,0
607411663712288767,1.00986,0
607411663846506495,0.95522,0
607411663980724223,0.994884,0
607411664114941951,0.946501,0
607411664383377407,1.08752,0
607411664517595135,1.15288,0
607411664651812863,1.05812,0
607411664786030591,1.19951,0
607411664920248319,0.977899,0
607411665054466047,1.08166,0
607411665188683775,1.074,0
607411665457119231,0.908418,0
607411665591336959,0.893735,0
607411665725554687,0.900995,0
607411665859772415,0.907828,0
607411665993990143,0.892212,0
607411666128207871,0.92776,0
607411666262425599,0.886633,0
607411666530861055,0.948049,0
607411666665078783,1.03232,0
607411666799296511,0.898548,0
607411666933514239,1.08162,0
607411667067731967,0.935595,0
607411667201949695,0.920389,0
607411667336167423,0.934953,0
607411667604602879,0.883003,0
607411667738820607,0.936819,0
607411667873038335,0.881927,0
607411668007256063,0.899875,0
607411668141473791,0.870968,0
607411668275691519,0.90261,0
607411668409909247,0.883564,0
607411669752086527,1.17839,0
607411669886304255,1.18668,0
607411670020521983,1.23234,0
607411670154739711,1.39459,0
607411670288957439,1.08994,0
607411670423175167,1.13981,0
607411670557392895,1.14131,0
607411670825828351,1.28121,0
607411670960046079,1.26738,0
607411671094263807,1.28852,0
607411671228481535,1.57494,0
607411671362699263,1.12904,0
607411671496916991,1.15199,0
607411671631134719,1.14564,0
607411671899570175,1.63685,0
607411672033787903,1.73134,0
607411672168005631,1.81002,0
607411672302223359,1.67559,0
607411672436441087,1.28509,0
607411672570658815,1.48193,0
607411672704876543,1.27307,0
607411672973311999,2.08203,0
607411673107529727,3.13472,0
607411673241747455,2.09918,0
607411673375965183,3.32392,0
607411673510182911,1.97691,0
607411673644400639,1.74799,0
607411673778618367,2.0658,0
607411674047053823,1.0037,0
607411674181271551,1.03425,0
607411674315489279,1.01439,0
607411674449707007,1.0847,0
607411674583924735,0.996122,0
607411674718142463,1.01078,0
607411674852360191,0.959518,0
607411675120795647,1.07305,0
607411675255013375,1.08433,0
607411675389231103,1.11217,0
607411675523448831,1.10501,0
607411675657666559,1.01738,0
607411675791884287,1.03052,0
607411675926102015,1.0389,0
607411676194537471,1.20672,0
607411676328755199,1.23104,0
607411676462972927,1.24346,0
607411676597190655,1.26653,0
607411676731408383,1.03288,0
607411676865626111,1.14964,0
607411676999843839,1.14278,0
607411678342021119,0.932319,0
607411678476238847,0.985606,0
607411678610456575,0.926685,0
607411678744674303,0.953083,0
607411678878892031,0.946998,0
607411679013109759,0.938298,0
607411679147327487,0.97533,0
607411679415762943,1.03866,0
607411679549980671,1.13094,0
607411679684198399,1.09219,0
607411679818416127,1.07114,0
607411679952633855,0.951898,0
607411680086851583,1.00178,0
607411680221069311,1.00887,0
607411680489504767,0.967811,0
607411680623722495,1.01513,0
607411680757940223,0.962146,0
607411680892157951,1.00295,0
607411681026375679,0.9302,0
607411681160593407,0.939306,0
607411681294811135,0.952565,0
607411681563246591,0.991593,0
607411681697464319,1.051,0
607411681831682047,1.05873,0
607411681965899775,1.1291,0
607411682100117503,0.997994,0
607411682234335231,1.03853,0
607411682368552959,0.990014,0
607411682636988415,0.875187,0
607411682771206143,0.91416,0
607411682905423871,0.917538,0
607411683039641599,1.0032,0
607411683173859327,0.790077,0
607411683308077055,0.8939,0
607411683442294783,0.812403,0
607411683710730239,0.898765,0
607411683844947967,0.920949,0
607411683979165695,0.902082,0
607411684113383423,0.936876,0
607411684247601151,0.956784,0
607411684381818879,0.911827,0
607411684516036607,0.895629,0
607411684784472063,0.96224,0
607411684918689791,0.909176,0
607411685052907519,0.92287,0
607411685187125247,0.945632,0
607411685321342975,0.799311,0
607411685455560703,0.924993,0
607411685589778431,0.849243,0
607411686931955711,1.36058,0
607411687066173439,1.39036,0
607411687200391167,1.31051,0
607411687334608895,1.34265,0
607411687468826623,1.32757,0
607411687603044351,1.34982,0
607411687737262079,1.32506,0
607411688005697535,1.81078,0
607411688139915263,2.47023,0
607411688274132991,1.75955,0
607411688408350719,1.74193,0
607411688542568447,1.70849,0
607411688676786175,2.70079,0
607411688811003903,1.46456,0
607411689079439359,1.31403,0
607411689213657087,1.30282,0
607411689347874815,1.29107,0
607411689482092543,1.27332,0
607411689616310271,1.24702,0
607411689750527999,1.35331,0
607411689884745727,1.2176,0
607411690153181183,1.38827,0
607411690287398911,1.77941,0
607411690421616639,1.30186,0
607411690555834367,1.26284,0
607411690690052095,1.35839,0
607411690824269823,1.87398,0
607411690958487551,1.32116,0
607411691226923007,1.17018,0
607411691361140735,1.26279,0
607411691495358463,1.19022,0
607411691629576191,1.3181,0
607411691763793919,1.06752,0
607411691898011647,1.18615,0
607411692032229375,1.10964,0
607411692300664831,1.30996,0
607411692434882559,1.38883,0
607411692569100287,1.32765,0
607411692703318015,1.39311,0
607411692837535743,1.32055,0
607411692971753471,1.28983,0
607411693105971199,1.25858,0
607411693374406655,1.15985,0
607411693508624383,1.21927,0
607411693642842111,1.12051,0
607411693777059839,1.18271,0
607411693911277567,1.15545,0
607411694045495295,1.25899,0
607411694179713023,1.085,0
607411695521890303,0.790691,0
607411695656108031,0.797353,0
607411695790325759,0.804672,0
607411695924543487,0.818241,0
607411696058761215,0.764549,0
607411696192978943,0.814162,0
607411696327196671,0.74406,0
607411696595632127,0.88852,0
607411696729849855,0.875981,0
607411696864067583,0.874528,0
607411696998285311,0.860664,0
607411697132503039,0.833899,0
607411697266720767,0.827039,0
607411697400938495,0.824217,0
607411697669373951,0.871118,0
607411697803591679,0.899026,0
607411697937809407,0.87351,0
607411698072027135,0.885757,0
607411698206244863,0.793861,0
607411698340462591,0.836317,0
607411698474680319,0.801724,0
607411698743115775,0.897242,0
607411698877333503,0.898117,0
607411699011551231,0.915443,0
607411699145768959,0.902927,0
607411699279986687,0.895028,0
607411699414204415,0.877339,0
607411699548422143,0.862717,0
607411699816857599,0.70204,0
607411699951075327,0.728601,0
607411700085293055,0.694955,0
607411700219510783,0.756831,0
607411700353728511,0.678688,0
607411700487946239,0.712547,0
607411700622163967,0.672157,0
607411700890599423,0.811079,0
607411701024817151,0.833551,0
607411701159034879,0.795393,0
607411701293252607,0.820064,0
607411701427470335,0.799536,0
607411701561688063,0.831243,0
607411701695905791,0.753748,0
607411701964341247,0.72373,0
607411702098558975,0.73269,0
607411702232776703,0.719571,0
607411702366994431,0.77002,0
607411702501212159,0.688518,0
607411702635429887,0.745235,0
607411702769647615,0.684104,0
607411704111824895,0.875095,0
607411704246042623,0.887607,0
607411704380260351,0.90168,0
607411704514478079,0.887378,0
607411704648695807,0.861672,0
607411704782913535,0.869555,0
607411704917131263,0.912514,0
607411705185566719,0.952273,0
607411705319784447,0.948002,0
607411705454002175,0.927623,0
607411705588219903,0.933303,0
607411705722437631,0.932317,0
607411705856655359,0.938552,0
607411705990873087,0.902933,0
607411706259308543,0.940357,0
607411706393526271,0.931104,0
607411706527743999,1.0699,0
607411706661961727,1.03659,0
607411706796179455,0.91663,0
607411706930397183,0.938198,0
607411707064614911,0.923947,0
607411707333050367,0.928277,0
607411707467268095,0.966029,0
607411707601485823,0.951049,0
607411707735703551,0.987142,0
607411707869921279,0.893961,0
607411708004139007,0.937187,0
607411708138356735,0.948639,0
607411708406792191,0.845469,0
607411708541009919,0.865501,0
607411708675227647,0.894337,0
607411708809445375,0.840924,0
607411708943663103,0.847774,0
607411709077880831,0.850163,0
607411709212098559,0.85473,0
607411709480534015,0.869615,0
607411709614751743,0.87881,0
607411709748969471,0.869787,0
607411709883187199,0.895848,0
607411710017404927,0.853089,0
607411710151622655,0.845284,0
607411710285840383,0.871658,0
607411710554275839,0.917626,0
607411710688493567,0.9077,0
607411710822711295,0.928128,0
607411710956929023,0.920654,0
607411711091146751,0.88362,0
607411711225364479,0.902804,0
607411711359582207,0.891272,0
607411712701759487,0.774799,0
607411712835977215,0.792544,0
607411712970194943,0.753294,0
607411713104412671,0.805137,0
607411713238630399,0.815384,0
607411713372848127,0.816224,0
607411713507065855,0.79953,0
607411713775501311,0.831775,0
607411713909719039,0.900765,0
607411714043936767,0.838589,0
607411714178154495,0.886337,0
607411714312372223,0.844571,0
607411714446589951,0.86381,0
607411714580807679,0.822035,0
607411714849243135,0.781263,0
607411714983460863,0.846451,0
607411715117678591,0.759122,0
607411715251896319,0.771323,0
607411715386114047,0.725344,0
607411715520331775,0.762261,0
607411715654549503,0.733342,0
607411715922984959,0.897023,0
607411716057202687,0.893046,0
607411716191420415,1.12677,0
607411716325638143,0.887795,0
607411716459855871,0.799003,0
607411716594073599,0.883892,0
607411716728291327,0.883014,0
607411716996726783,0.694214,0
607411717130944511,0.719778,0
607411717265162239,0.655859,0
607411717399379967,0.808149,0
607411717533597695,0.676058,0
607411717667815423,0.701041,0
607411717802033151,0.660694,0
607411718070468607,0.778076,0
607411718204686335,0.821675,0
607411718338904063,0.757047,0
607411718473121791,0.821297,0
607411718607339519,0.749426,0
607411718741557247,0.800536,0
607411718875774975,0.72439,0
607411719144210431,0.702763,0
607411719278428159,0.745487,0
607411719412645887,0.670308,0
607411719546863615,0.706546,0
607411719681081343,0.668458,0
607411719815299071,0.716509,0
607411719949516799,0.662221,0
607411729881628671,0.992733,0
607411730015846399,1.08278,0
607411730150064127,1.01716,0
607411730284281855,1.01506,0
607411730418499583,0.989431,0
607411730552717311,1.03674,0
607411730686935039,0.9506,0
607411730955370495,1.13303,0
607411731089588223,1.03007,0
607411731223805951,1.02231,0
607411731358023679,1.03893,0
607411731492241407,1.12291,0
607411731626459135,1.15194,0
607411731760676863,1.12507,0
607411732029112319,0.87626,0
607411732163330047,0.859657,0
607411732297547775,0.79767,0
607411732431765503,0.845978,0
607411732565983231,0.973743,0
607411732700200959,0.926293,0
607411732834418687,0.823866,0
607411733102854143,0.965798,0
607411733237071871,0.910955,0
607411733371289599,0.819087,0
607411733505507327,0.832006,0
607411733639725055,0.999416,0
607411733773942783,1.00545,0
607411733908160511,0.874856,0
607411734176595967,1.00402,0
607411734310813695,1.02747,0
607411734445031423,0.975319,0
607411734579249151,1.00121,0
607411734713466879,1.11893,0
607411734847684607,1.09749,0
607411734981902335,1.00251,0
607411735250337791,1.12912,0
607411735384555519,1.16794,0
607411735518773247,1.02733,0
607411735652990975,1.08415,0
607411735787208703,1.11925,0
607411735921426431,1.2639,0
607411736055644159,1.07558,0
607411736324079615,0.923058,0
607411736458297343,0.981441,0
607411736592515071,0.87072,0
607411736726732799,0.914716,0
607411736860950527,0.903175,0
607411736995168255,0.967054,0
607411737129385983,0.876052,0
607411738471563263,0.723391,0
607411738605780991,0.668245,0
607411738739998719,0.692275,0
607411738874216447,0.672181,0
607411739008434175,0.735809,0
607411739142651903,0.733575,0
607411739276869631,0.728269,0
607411739545305087,0.667442,0
607411739679522815,0.705395,0
607411739813740543,0.647225,0
607411739947958271,0.678784,0
607411740082175999,0.698079,0
607411740216393727,0.690302,0
607411740350611455,0.680897,0
607411740619046911,0.695832,0
607411740753264639,0.644298,0
607411740887482367,0.713611,0
607411741021700095,0.680617,0
607411741155917823,0.696947,0
607411741290135551,0.666603,0
607411741424353279,0.742851,0
607411741692788735,0.663797,0
607411741827006463,0.653522,0
607411741961224191,0.644357,0
607411742095441919,0.637305,0
607411742229659647,0.650875,0
607411742363877375,0.661356,0
607411742498095103,0.658903,0
607411742766530559,0.960416,0
607411742900748287,0.80244,0
607411743034966015,0.946752,0
607411743169183743,0.909924,0
607411743303401471,1.17801,0
607411743437619199,1.01721,0
607411743571836927,1.06462,0
607411743840272383,0.747569,0
607411743974490111,0.747553,0
607411744108707839,0.735707,0
607411744242925567,0.697579,0
607411744377143295,0.815895,0
607411744511361023,0.767238,0
607411744645578751,0.811068,0
607411744914014207,0.772374,0
607411745048231935,0.729499,0
607411745182449663,0.832036,0
607411745316667391,0.761543,0
607411745450885119,0.951072,0
607411745585102847,0.774406,0
607411745719320575,0.872763,0
607411747061497855,0.654427,0
607411747195715583,0.665352,0
607411747329933311,0.584608,0
607411747464151039,0.615638,0
607411747598368767,0.690924,0
607411747732586495,0.720376,0
607411747866804223,0.65509,0
607411748135239679,0.691666,0
607411748269457407,0.703476,0
607411748403675135,0.654727,0
607411748537892863,0.644294,0
607411748672110591,0.767682,0
607411748806328319,0.775777,0
607411748940546047,0.74544,0
607411749208981503,0.580016,0
607411749343199231,0.589978,0
607411749477416959,0.535339,0
607411749611634687,0.540614,0
607411749745852415,0.56733,0
607411749880070143,0.60063,0
607411750014287871,0.541494,0
607411750282723327,0.555657,0
607411750416941055,0.530277,0
607411750551158783,0.53699,0
607411750685376511,0.533668,0
607411750819594239,0.599268,0
607411750953811967,0.593982,0
607411751088029695,0.580419,0
607411751356465151,0.671588,0
607411751490682879,0.730686,0
607411751624900607,0.639829,0
607411751759118335,0.666073,0
607411751893336063,0.711488,0
607411752027553791,0.782539,0
607411752161771519,0.658963,0
607411752430206975,0.796021,0
607411752564424703,0.784011,0
607411752698642431,0.757677,0
607411752832860159,0.743758,0
607411752967077887,0.800453,0
607411753101295615,0.832669,0
607411753235513343,0.793385,0
607411753503948799,0.57176,0
607411753638166527,0.584078,0
607411753772384255,0.537507,0
607411753906601983,0.555696,0
607411754040819711,0.646717,0
607411754175037439,0.618095,0
607411754309255167,0.587667,0
607411755651432447,0.689766,0
607411755785650175,0.680137,0
607411755919867903,0.63395,0
607411756054085631,0.628511,0
607411756188303359,0.690451,0
607411756322521087,0.681833,0
607411756456738815,0.670689,0
607411756725174271,0.687583,0
607411756859391999,0.650444,0
607411756993609727,0.662196,0
607411757127827455,0.633704,0
607411757262045183,0.716688,0
607411757396262911,0.682397,0
607411757530480639,0.697371,0
607411757798916095,0.584311,0
607411757933133823,0.578367,0
607411758067351551,0.581176,0
607411758201569279,0.59228,0
607411758335787007,0.638422,0
607411758470004735,0.632153,0
607411758604222463,0.591828,0
607411758872657919,0.591445,0
607411759006875647,0.570757,0
607411759141093375,0.608628,0
607411759275311103,0.569385,0
607411759409528831,0.62179,0
607411759543746559,0.625356,0
607411759677964287,0.605313,0
607411759946399743,0.688471,0
607411760080617471,0.825933,0
607411760214835199,0.687986,0
607411760349052927,0.710037,0
607411760483270655,0.765751,0
607411760617488383,0.753514,0
607411760751706111,0.755269,0
607411761020141567,0.744694,0
607411761154359295,0.763596,0
607411761288577023,0.735508,0
607411761422794751,0.745057,0
607411761557012479,0.833218,0
607411761691230207,0.750124,0
607411761825447935,0.868389,0
607411762093883391,0.62459,0
607411762228101119,0.652736,0
607411762362318847,0.616844,0
607411762496536575,0.578014,0
607411762630754303,0.638386,0
607411762764972031,0.6704,0
607411762899189759,0.595968,0
607411764241367039,1.21451,0
607411764375584767,1.20548,0
607411764509802495,1.20658,0
607411764644020223,1.20885,0
607411764778237951,1.25492,0
607411764912455679,1.24244,0
607411765046673407,1.22294,0
607411765315108863,1.30539,0
607411765449326591,1.34879,0
607411765583544319,1.26204,0
607411765717762047,1.21782,0
607411765851979775,1.31725,0
607411765986197503,1.32528,0
607411766120415231,1.28605,0
607411766388850687,1.06567,0
607411766523068415,1.11521,0
607411766657286143,1.05081,0
607411766791503871,1.03083,0
607411766925721599,1.10761,0
607411767059939327,1.16856,0
607411767194157055,1.0868,0
607411767462592511,1.23085,0
607411767596810239,1.20396,0
607411767731027967,1.20364,0
607411767865245695,1.17586,0
607411767999463423,1.22371,0
607411768133681151,1.23165,0
607411768267898879,1.21377,0
607411768536334335,1.18555,0
607411768670552063,1.32626,0
607411768804769791,1.12665,0
607411768938987519,1.21294,0
607411769073205247,1.08866,0
607411769207422975,1.29893,0
607411769341640703,1.13887,0
607411769610076159,1.29403,0
607411769744293887,1.31984,0
607411769878511615,1.27225,0
607411770012729343,1.27998,0
607411770146947071,1.36726,0
607411770281164799,1.31445,0
607411770415382527,1.35623,0
607411770683817983,1.12554,0
607411770818035711,1.18055,0
607411770952253439,1.12845,0
607411771086471167,1.12739,0
607411771220688895,1.08719,0
607411771354906623,1.12985,0
607411771489124351,1.09329,0
607411772831301631,1.44635,0
607411772965519359,1.28636,0
607411773099737087,1.30775,0
607411773233954815,1.25409,0
607411773368172543,1.58638,0
607411773502390271,1.53532,0
607411773636607999,1.42314,0
607411773905043455,1.20964,0
607411774039261183,1.08572,0
607411774173478911,1.25119,0
607411774307696639,1.11518,0
607411774441914367,1.25834,0
607411774576132095,1.15457,0
607411774710349823,1.35843,0
607411774978785279,1.22052,0
607411775113003007,1.11977,0
607411775247220735,1.19615,0
607411775381438463,1.09887,0
607411775515656191,1.29581,0
607411775649873919,1.26288,0
607411775784091647,1.2224,0
607411776052527103,1.05515,0
607411776186744831,0.922633,0
607411776320962559,1.12075,0
607411776455180287,0.948037,0
607411776589398015,1.21749,0
607411776723615743,0.982706,0
607411776857833471,1.14777,0
607411777126268927,1.49858,0
607411777260486655,1.55875,0
607411777394704383,1.49222,0
607411777528922111,1.60497,0
607411777663139839,1.45214,0
607411777797357567,1.56686,0
607411777931575295,1.37032,0
607411778200010751,1.52834,0
607411778334228479,1.34131,0
607411778468446207,1.57263,0
607411778602663935,1.39919,0
607411778736881663,1.597,0
607411778871099391,1.46122,0
607411779005317119,1.62448,0
607411779273752575,1.25797,0
607411779407970303,1.33275,0
607411779542188031,1.21696,0
607411779676405759,1.27475,0
607411779810623487,1.25761,0
607411779944841215,1.46052,0
607411780079058943,1.18674,0
607411781421236223,0.975091,0
607411781555453951,0.830682,0
607411781689671679,0.838473,0
607411781823889407,0.87703,0
607411781958107135,0.893427,0
607411782092324863,1.02606,0
607411782226542591,0.940777,0
607411782494978047,0.950141,0
607411782629195775,0.961848,0
607411782763413503,0.861155,0
607411782897631231,0.909756,0
607411783031848959,1.00909,0
607411783166066687,1.02373,0
607411783300284415,0.943691,0
607411783568719871,0.753288,0
607411783702937599,0.74543,0
607411783837155327,0.741403,0
607411783971373055,0.708139,0
607411784105590783,0.778176,0
607411784239808511,0.807159,0
607411784374026239,0.737227,0
607411784642461695,0.814233,0
607411784776679423,0.858234,0
607411784910897151,0.776593,0
607411785045114879,0.816816,0
607411785179332607,0.808489,0
607411785313550335,0.885464,0
607411785447768063,0.758254,0
607411785716203519,0.89914,0
607411785850421247,0.919998,0
607411785984638975,1.28839,0
607411786118856703,0.917257,0
607411786253074431,1.00452,0
607411786387292159,0.978326,0
607411786521509887,1.27752,0
607411786789945343,1.02785,0
607411786924163071,1.01023,0
607411787058380799,1.03139,0
607411787192598527,1.03807,0
607411787326816255,1.11153,0
607411787461033983,1.07883,0
607411787595251711,1.02648,0
607411787863687167,0.864201,0
607411787997904895,0.811995,0
607411788132122623,0.871392,0
607411788266340351,0.779528,0
607411788400558079,1.06233,0
607411788534775807,0.871366,0
607411788668993535,0.928293,0
607411798601105407,0.716288,0
607411798735323135,0.728305,0
607411798869540863,0.705074,0
607411799003758591,0.711011,0
607411799137976319,0.739376,0
607411799272194047,0.743113,0
607411799406411775,0.7171,0
607411799674847231,0.749014,0
607411799809064959,0.743453,0
607411799943282687,0.727921,0
607411800077500415,0.736287,0
607411800211718143,0.729509,0
607411800345935871,0.709086,0
607411800480153599,0.737097,0
607411800748589055,0.710949,0
607411800882806783,0.729189,0
607411801017024511,0.710298,0
607411801151242239,0.716633,0
607411801285459967,0.723245,0
607411801419677695,0.708806,0
607411801553895423,0.704696,0
607411801822330879,0.744209,0
607411801956548607,0.705111,0
607411802090766335,0.7263,0
607411802224984063,0.666789,0
607411802359201791,0.713824,0
607411802493419519,0.710035,0
607411802627637247,0.731613,0
607411802896072703,0.73304,0
607411803030290431,0.727021,0
607411803164508159,0.75186,0
607411803298725887,0.718835,0
607411803432943615,0.758366,0
607411803567161343,0.745214,0
607411803701379071,0.765458,0
607411803969814527,0.716114,0
607411804104032255,0.709227,0
607411804238249983,0.710839,0
607411804372467711,0.743327,0
607411804506685439,0.728017,0
607411804640903167,0.728031,0
607411804775120895,0.728335,0
607411805043556351,0.722149,0
607411805177774079,0.699553,0
607411805311991807,0.715579,0
607411805446209535,0.726024,0
607411805580427263,0.753818,0
607411805714644991,0.732335,0
607411805848862719,0.734119,0
607411807191039999,0.668919,0
607411807325257727,0.684552,0
607411807459475455,0.665996,0
607411807593693183,0.664066,0
607411807727910911,0.670969,0
607411807862128639,0.661138,0
607411807996346367,0.691465,0
607411808264781823,0.6125,0
607411808398999551,0.628091,0
607411808533217279,0.633466,0
607411808667435007,0.621341,0
607411808801652735,0.651469,0
607411808935870463,0.637271,0
607411809070088191,0.655248,0
607411809338523647,0.67185,0
607411809472741375,0.658976,0
607411809606959103,0.680946,0
607411809741176831,0.684128,0
607411809875394559,0.667717,0
607411810009612287,0.669252,0
607411810143830015,0.685403,0
607411810412265471,0.656073,0
607411810546483199,0.62729,0
607411810680700927,0.6638,0
607411810814918655,0.636033,0
607411810949136383,0.663675,0
607411811083354111,0.60877,0
607411811217571839,0.663602,0
607411811486007295,0.720221,0
607411811620225023,0.671132,0
607411811754442751,0.722046,0
607411811888660479,0.704738,0
607411812022878207,0.712469,0
607411812157095935,0.669168,0
607411812291313663,0.697749,0
607411812559749119,0.633083,0
607411812693966847,0.619112,0
607411812828184575,0.65722,0
607411812962402303,0.643886,0
607411813096620031,0.63715,0
607411813230837759,0.650473,0
607411813365055487,0.644919,0
607411813633490943,0.699964,0
607411813767708671,0.694718,0
607411813901926399,0.680447,0
607411814036144127,0.680048,0
607411814170361855,0.717156,0
607411814304579583,0.734957,0
607411814438797311,0.713597,0
607411815780974591,0.679384,0
607411815915192319,0.68296,0
607411816049410047,0.629359,0
607411816183627775,0.661938,0
607411816317845503,0.677776,0
607411816452063231,0.690713,0
607411816586280959,0.679079,0
607411816854716415,0.701471,0
607411816988934143,0.708303,0
607411817123151871,0.694444,0
607411817257369599,0.701276,0
607411817391587327,0.678876,0
607411817525805055,0.693969,0
607411817660022783,0.699205,0
607411817928458239,0.652171,0
607411818062675967,0.636433,0
607411818196893695,0.64565,0
607411818331111423,0.662128,0
607411818465329151,0.628393,0
607411818599546879,0.654736,0
607411818733764607,0.635865,0
607411819002200063,0.669855,0
607411819136417791,0.650306,0
607411819270635519,0.618681,0
607411819404853247,0.660797,0
607411819539070975,0.667923,0
607411819673288703,0.682104,0
607411819807506431,0.655668,0
607411820075941887,0.699758,0
607411820210159615,0.740981,0
607411820344377343,0.663846,0
607411820478595071,0.677549,0
607411820612812799,0.728025,0
607411820747030527,0.736722,0
607411820881248255,0.710866,0
607411821149683711,0.718114,0
607411821283901439,0.713192,0
607411821418119167,0.692052,0
607411821552336895,0.699294,0
607411821686554623,0.753573,0
607411821820772351,0.712726,0
607411821954990079,0.734337,0
607411822223425535,0.690393,0
607411822357643263,0.640337,0
607411822491860991,0.680874,0
607411822626078719,0.651339,0
607411822760296447,0.667142,0
607411822894514175,0.655536,0
607411823028731903,0.688567,0
607411824370909183,0.681427,0
607411824505126911,0.67188,0
607411824639344639,0.666428,0
607411824773562367,0.648835,0
607411824907780095,0.6954,0
607411825041997823,0.668868,0
607411825176215551,0.670195,0
607411825444651007,0.671104,0
607411825578868735,0.652841,0
607411825713086463,0.671945,0
607411825847304191,0.663927,0
607411825981521919,0.686099,0
607411826115739647,0.689242,0
607411826249957375,0.683304,0
607411826518392831,0.612453,0
607411826652610559,0.633585,0
607411826786828287,0.604734,0
607411826921046015,0.608453,0
607411827055263743,0.643073,0
607411827189481471,0.631536,0
607411827323699199,0.630205,0
607411827592134655,0.628827,0
607411827726352383,0.61542,0
607411827860570111,0.655896,0
607411827994787839,0.629829,0
607411828129005567,0.666353,0
607411828263223295,0.648067,0
607411828397441023,0.634588,0
607411828665876479,0.723276,0
607411828800094207,0.675746,0
607411828934311935,0.7078,0
607411829068529663,0.69266,0
607411829202747391,0.734518,0
607411829336965119,0.707247,0
607411829471182847,0.699436,0
607411829739618303,0.699717,0
607411829873836031,0.659766,0
607411830008053759,0.675514,0
607411830142271487,0.667343,0
607411830276489215,0.662099,0
607411830410706943,0.6911,0
607411830544924671,0.653651,0
607411830813360127,0.665534,0
607411830947577855,0.670771,0
607411831081795583,0.664632,0
607411831216013311,0.663458,0
607411831350231039,0.691717,0
607411831484448767,0.700494,0
607411831618666495,0.671135,0
607411832960843775,0.75554,0
607411833095061503,0.727231,0
607411833229279231,0.793755,0
607411833363496959,0.762599,0
607411833497714687,0.769258,0
607411833631932415,0.744707,0
607411833766150143,0.75777,0
607411834034585599,0.773495,0
607411834168803327,0.797902,0
607411834303021055,0.766144,0
607411834437238783,0.787553,0
607411834571456511,0.736252,0
607411834705674239,0.772392,0
607411834839891967,0.744434,0
607411835108327423,0.79789,0
607411835242545151,0.748252,0
607411835376762879,0.786967,0
607411835510980607,0.779784,0
607411835645198335,0.815998,0
607411835779416063,0.784686,0
607411835913633791,0.837417,0
607411836182069247,0.727639,0
607411836316286975,0.755021,0
607411836450504703,0.758583,0
607411836584722431,0.732432,0
607411836718940159,0.767026,0
607411836853157887,0.764281,0
607411836987375615,0.75726,0
607411837255811071,0.794799,0
607411837390028799,0.772484,0
607411837524246527,0.798464,0
607411837658464255,0.774089,0
607411837792681983,0.789631,0
607411837926899711,0.792194,0
607411838061117439,0.812702,0
607411838329552895,0.745245,0
607411838463770623,0.741099,0
607411838597988351,0.760319,0
607411838732206079,0.740819,0
607411839134859263,0.770807,0
607411839403294719,0.817688,0
607411839537512447,0.77929,0
607411839671730175,0.859667,0
607411839805947903,0.853693,0
607411839940165631,0.813265,0
607411840074383359,0.784286,0
607411840208601087,0.835948,0
607411841550778367,0.700032,0
607411841684996095,0.704259,0
607411841819213823,0.72375,0
607411841953431551,0.709601,0
607411842087649279,0.720771,0
607411842221867007,0.71443,0
607411842356084735,0.719041,0
607411842624520191,0.671819,0
607411842758737919,0.633775,0
607411842892955647,0.693595,0
607411843027173375,0.649844,0
607411843161391103,0.693993,0
607411843295608831,0.671991,0
607411843429826559,0.706115,0
607411843698262015,0.711995,0
607411843832479743,0.685124,0
607411843966697471,0.726588,0
607411844100915199,0.69364,0
607411844235132927,0.734782,0
607411844369350655,0.705779,0
607411844503568383,0.711255,0
607411844772003839,0.694251,0
607411844906221567,0.646142,0
607411845040439295,0.727701,0
607411845174657023,0.633118,0
607411845308874751,0.686145,0
607411845443092479,0.661204,0
607411845577310207,0.710342,0
607411845845745663,0.761798,0
607411845979963391,0.752397,0
607411846114181119,0.768923,0
607411846248398847,0.74902,0
607411846382616575,0.735895,0
607411846516834303,0.74263,0
607411846651052031,0.779358,0
607411846919487487,0.739177,0
607411847053705215,0.7092,0
607411847187922943,0.721852,0
607411847322140671,0.693992,0
607411847724793855,0.74952,0
607411847993229311,0.728236,0
607411848127447039,0.722166,0
607411848261664767,0.727941,0
607411848395882495,0.718289,0
607411848530100223,0.755625,0
607411848664317951,0.73256,0
607411848798535679,0.72705,0
607411850140712959,0.772997,0
607411850274930687,0.821601,0
607411850409148415,0.70956,0
607411850543366143,0.686369,0
607411850677583871,0.875826,0
607411850811801599,0.883181,0
607411850946019327,0.840862,0
607411851214454783,0.808655,0
607411851348672511,0.763636,0
607411851482890239,0.80828,0
607411851617107967,0.762518,0
607411851751325695,0.824,0
607411851885543423,0.806711,0
607411852019761151,0.878944,0
607411852288196607,0.679802,0
607411852422414335,0.735659,0
607411852556632063,0.730788,0
607411852690849791,0.723696,0
607411852825067519,0.698347,0
607411852959285247,0.688332,0
607411853093502975,0.705115,0
607411853361938431,0.715364,0
607411853496156159,0.730256,0
607411853630373887,0.711958,0
607411853764591615,0.75502,0
607411853898809343,0.695592,0
607411854033027071,0.734131,0
607411854167244799,0.712438,0
607411854435680255,0.932489,0
607411854569897983,0.904055,0
607411854704115711,1.00093,0
607411854838333439,0.920498,0
607411854972551167,1.04207,0
607411855106768895,0.932593,0
607411855240986623,1.00469,0
607411855509422079,0.849457,0
607411855643639807,0.818895,0
607411855777857535,0.868232,0
607411855912075263,0.853254,0
607411856046292991,0.86364,0
607411856180510719,0.870533,0
607411856314728447,0.877857,0
607411856583163903,0.820934,0
607411856717381631,0.746127,0
607411856851599359,0.808357,0
607411856985817087,0.735901,0
607411857120034815,0.934077,0
607411857254252543,0.873202,0
607411857388470271,0.836795,0
607411867320582143,0.274428,0
607411867454799871,0.272261,0
607411867589017599,0.280645,0
607411867723235327,0.267961,0
607411867857453055,0.281033,0
607411867991670783,0.286871,0
607411868125888511,0.281619,0
607411868394323967,0.300463,0
607411868528541695,0.323285,0
607411868662759423,0.274152,0
607411868796977151,0.325693,0
607411868931194879,0.29107,0
607411869065412607,0.298982,0
607411869199630335,0.28858,0
607411869468065791,0.25615,0
607411869602283519,0.24823,0
607411869736501247,0.25849,0
607411869870718975,0.256781,0
607411870004936703,0.250062,0
607411870139154431,0.252279,0
607411870273372159,0.253035,0
607411870541807615,0.280005,0
607411870676025343,0.292996,0
607411870810243071,0.269297,0
607411870944460799,0.275634,0
607411871078678527,0.292414,0
607411871212896255,0.304652,0
607411871347113983,0.249209,0
607411871615549439,0.39261,0
607411871749767167,0.428701,0
607411871883984895,0.246461,0
607411872018202623,0.286087,0
607411872152420351,0.403264,0
607411872286638079,0.423699,0
607411872420855807,0.379586,0
607411872689291263,0.440737,0
607411872823508991,0.417813,0
607411872957726719,0.309398,0
607411873091944447,0.289505,0
607411873226162175,0.421527,0
607411873360379903,0.433981,0
607411873494597631,0.436103,0
607411873763033087,0.246364,0
607411873897250815,0.287456,0
607411874031468543,0.232928,0
607411874165686271,0.253138,0
607411874299903999,0.24648,0
607411874434121727,0.265304,0
607411874568339455,0.235847,0
607411875910516735,0.364496,0
607411876044734463,0.364995,0
607411876178952191,0.332767,0
607411876313169919,0.373173,0
607411876447387647,0.307918,0
607411876581605375,0.359565,0
607411876715823103,0.335689,0
607411876984258559,0.394872,0
607411877118476287,0.393767,0
607411877252694015,0.382438,0
607411877386911743,0.396808,0
607411877521129471,0.367678,0
607411877655347199,0.409623,0
607411877789564927,0.352965,0
607411878058000383,0.315979,0
607411878192218111,0.352001,0
607411878326435839,0.339752,0
607411878460653567,0.350617,0
607411878594871295,0.336159,0
607411878729089023,0.344083,0
607411878863306751,0.30325,0
607411879131742207,0.396671,0
607411879265959935,0.437525,0
607411879400177663,0.366491,0
607411879534395391,0.36717,0
607411879668613119,0.377511,0
607411879802830847,0.41745,0
607411879937048575,0.373414,0
607411880205484031,0.285369,0
607411880339701759,0.297368,0
607411880473919487,0.332466,0
607411880608137215,0.325623,0
607411880742354943,0.319943,0
607411880876572671,0.313589,0
607411881010790399,0.325489,0
607411881279225855,0.34842,0
607411881413443583,0.368685,0
607411881547661311,0.328017,0
607411881681879039,0.365174,0
607411881816096767,0.359373,0
607411881950314495,0.38812,0
607411882084532223,0.32519,0
607411882352967679,0.335866,0
607411882487185407,0.323663,0
607411882621403135,0.315365,0
607411882755620863,0.330448,0
607411882889838591,0.3106,0
607411883024056319,0.327032,0
607411883158274047,0.328948,0
607411884500451327,0.251539,0
607411884634669055,0.249718,0
607411884768886783,0.282893,0
607411884903104511,0.259295,0
607411885037322239,0.260397,0
607411885171539967,0.25674,0
607411885305757695,0.271941,0
607411885574193151,0.249607,0
607411885708410879,0.25185,0
607411885842628607,0.249147,0
607411885976846335,0.245719,0
607411886111064063,0.236132,0
607411886245281791,0.2441,0
607411886379499519,0.253924,0
607411886647934975,0.259264,0
607411886782152703,0.257694,0
607411886916370431,0.241269,0
607411887050588159,0.233486,0
607411887184805887,0.263023,0
607411887319023615,0.243712,0
607411887453241343,0.263989,0
607411887721676799,0.25259,0
607411887855894527,0.238576,0
607411887990112255,0.23571,0
607411888124329983,0.238011,0
607411888258547711,0.254582,0
607411888392765439,0.235006,0
607411888526983167,0.257101,0
607411888795418623,0.263502,0
607411888929636351,0.256958,0
607411889063854079,0.274865,0
607411889198071807,0.241808,0
607411889332289535,0.232766,0
607411889466507263,0.24791,0
607411889600724991,0.264343,0
607411889869160447,0.233881,0
607411890003378175,0.255002,0
607411890137595903,0.243453,0
607411890271813631,0.243364,0
607411890406031359,0.232045,0
607411890540249087,0.2334,0
607411890674466815,0.251776,0
607411890942902271,0.26564,0
607411891077119999,0.274203,0
607411891211337727,0.260728,0
607411891345555455,0.253098,0
607411891479773183,0.302549,0
607411891613990911,0.271029,0
607411891748208639,0.264303,0
607411893090385919,0.303052,0
607411893224603647,0.318473,0
607411893358821375,0.289427,0
607411893493039103,0.296035,0
607411893627256831,0.313196,0
607411893761474559,0.342656,0
607411893895692287,0.263775,0
607411894164127743,0.344799,0
607411894298345471,0.362581,0
607411894432563199,0.348995,0
607411894566780927,0.365763,0
607411894700998655,0.319013,0
607411894835216383,0.345594,0
607411894969434111,0.352452,0
607411895237869567,0.292635,0
607411895372087295,0.324462,0
607411895506305023,0.284701,0
607411895640522751,0.331002,0
607411895774740479,0.27912,0
607411895908958207,0.301335,0
607411896043175935,0.254928,0
607411896311611391,0.34665,0
607411896445829119,0.34167,0
607411896580046847,0.328776,0
607411896714264575,0.3454,0
607411896848482303,0.339514,0
607411896982700031,0.36333,0
607411897116917759,0.33859,0
607411897385353215,0.270701,0
607411897519570943,0.304051,0
607411897653788671,0.276246,0
607411897788006399,0.273715,0
607411897922224127,0.257811,0
607411898056441855,0.286289,0
607411898190659583,0.254313,0
607411898459095039,0.329589,0
607411898593312767,0.309996,0
607411898727530495,0.324807,0
607411898861748223,0.3448,0
607411898995965951,0.303923,0
607411899130183679,0.303415,0
607411899264401407,0.313476,0
607411899532836863,0.252192,0
607411899667054591,0.251931,0
607411899801272319,0.26161,0
607411899935490047,0.254187,0
607411900069707775,0.246554,0
607411900203925503,0.255143,0
607411900338143231,0.240955,0
607411901680320511,0.402065,0
607411901814538239,0.41518,0
607411901948755967,0.428296,0
607411902082973695,0.355751,0
607411902217191423,0.48969,0
607411902351409151,0.456255,0
607411902485626879,0.415249,0
607411902754062335,0.484394,0
607411902888280063,0.509487,0
607411903022497791,0.427067,0
607411903156715519,0.459763,0
607411903290933247,0.486001,0
607411903425150975,0.491247,0
607411903559368703,0.460062,0
607411903827804159,0.373575,0
607411903962021887,0.362429,0
607411904096239615,0.370573,0
607411904230457343,0.357392,0
607411904364675071,0.448903,0
607411904498892799,0.351986,0
607411904633110527,0.444072,0
607411904901545983,0.396746,0
607411905035763711,0.419572,0
607411905169981439,0.375561,0
607411905304199167,0.4242,0
607411905438416895,0.372445,0
607411905572634623,0.434783,0
607411905706852351,0.379479,0
607411905975287807,0.474937,0
607411906109505535,0.571355,0
607411906243723263,0.418084,0
607411906377940991,0.409265,0
607411906512158719,0.582911,0
607411906646376447,0.452649,0
607411906780594175,0.458579,0
607411907049029631,0.479649,0
607411907183247359,0.501902,0
607411907317465087,0.448513,0
607411907451682815,0.464765,0
607411907585900543,0.533556,0
607411907720118271,0.533532,0
607411907854335999,0.455764,0
607411908122771455,0.36828,0
607411908256989183,0.370913,0
607411908391206911,0.353518,0
607411908525424639,0.334348,0
607411908659642367,0.429353,0
607411908793860095,0.355471,0
607411908928077823,0.391375,0
607411910270255103,0.495087,0
607411910404472831,0.500757,0
607411910538690559,0.447168,0
607411910672908287,0.465895,0
607411910807126015,0.501952,0
607411910941343743,0.48271,0
607411911075561471,0.423937,0
607411911343996927,0.583421,0
607411911478214655,0.557918,0
607411911612432383,0.540187,0
607411911746650111,0.555112,0
607411911880867839,0.567492,0
607411912015085567,0.526316,0
607411912149303295,0.541434,0
607411912417738751,0.459038,0
607411912551956479,0.332988,0
607411912686174207,0.315787,0
607411912820391935,0.333395,0
607411912954609663,0.425388,0
607411913088827391,0.466913,0
607411913223045119,0.429243,0
607411913491480575,0.54245,0
607411913625698303,0.355854,0
607411913759916031,0.32794,0
607411913894133759,0.324939,0
607411914028351487,0.493273,0
607411914162569215,0.533466,0
607411914296786943,0.519703,0
607411914565222399,0.505268,0
607411914699440127,0.455165,0
607411914833657855,0.51845,0
607411914967875583,0.446639,0
607411915102093311,0.498242,0
607411915236311039,0.497041,0
607411915370528767,0.512611,0
607411915638964223,0.504436,0
607411915773181951,0.551438,0
607411915907399679,0.496822,0
607411916041617407,0.531998,0
607411916175835135,0.556798,0
607411916310052863,0.596346,0
607411916444270591,0.497458,0
607411916712706047,0.44386,0
607411916846923775,0.422856,0
607411916981141503,0.424188,0
607411917115359231,0.412507,0
607411917249576959,0.488882,0
607411917383794687,0.409918,0
607411917518012415,0.444169,0
607411918860189695,0.278444,0
607411918994407423,0.282242,0
607411919128625151,0.239248,0
607411919262842879,0.20781,0
607411919397060607,0.299404,0
607411919531278335,0.313529,0
607411919665496063,0.326,0
607411919933931519,0.413331,0
607411920068149247,0.379037,0
607411920202366975,0.255709,0
607411920336584703,0.319546,0
607411920470802431,0.346339,0
607411920605020159,0.421569,0
607411920739237887,0.337063,0
607411921007673343,0.252878,0
607411921141891071,0.250951,0
607411921276108799,0.229052,0
607411921410326527,0.259697,0
607411921544544255,0.227833,0
607411921678761983,0.218281,0
607411921812979711,0.347882,0
607411922081415167,0.237408,0
607411922215632895,0.249973,0
607411922349850623,0.206441,0
607411922484068351,0.226468,0
607411922618286079,0.239617,0
607411922752503807,0.255829,0
607411922886721535,0.238504,0
607411923155156991,0.418259,0
607411923289374719,0.322458,0
607411923423592447,0.336807,0
607411923557810175,0.434937,0
607411923692027903,0.387909,0
607411923826245631,0.404048,0
607411923960463359,0.377713,0
607411924228898815,0.332836,0
607411924363116543,0.360543,0
607411924497334271,0.282321,0
607411924631551999,0.293218,0
607411924765769727,0.326635,0
607411924899987455,0.339054,0
607411925034205183,0.324023,0
607411925302640639,0.324302,0
607411925436858367,0.370373,0
607411925571076095,0.24684,0
607411925705293823,0.334941,0
607411925839511551,0.284382,0
607411925973729279,0.327245,0
607411926107947007,0.309533,0
