h3,species_use_log_pred,plausibility
606916319094243327,0.57099,0
606916321241726975,0.551035,0
606916399893315583,1.0275,0
606916400027533311,1.01635,0
606916400161751039,0.97532,0
606916400295968767,0.966437,0
606916400430186495,1.05289,0
606916400564404223,1.02934,0
606916400698621951,1.04729,0
606916400967057407,1.01442,0
606916401235492863,1.02047,0
606916401503928319,1.02194,0
606916401772363775,1.01723,0
606916402040799231,0.963671,0
606916402175016959,0.953229,0
606916402309234687,0.982204,0
606916402443452415,0.976811,0
606916402577670143,0.937664,0
606916402711887871,0.949468,0
606916402846105599,0.957884,0
606916403114541055,1.02634,0
606916403248758783,1.01537,0
606916403382976511,0.973583,0
606916403517194239,1.01192,0
606916403651411967,0.987499,0
606916403785629695,1.0239,0
606916403919847423,0.948775,0
606916404188282879,1.02034,0
606916404322500607,1.02348,0
606916404456718335,1.06195,0
606916404590936063,1.04789,0
606916404725153791,1.04434,0
606916404859371519,1.03886,0
606916404993589247,1.01694,0
606916405262024703,0.965324,0
606916405396242431,0.987481,0
606916405530460159,0.993909,0
606916405664677887,0.954096,0
606916405798895615,1.0686,0
606916405933113343,1.0296,0
606916406067331071,1.01605,0
606916406335766527,1.00077,0
606916406469984255,0.95039,0
606916406604201983,0.941211,0
606916406738419711,0.928669,0
606916406872637439,1.05982,0
606916407006855167,1.03783,0
606916407141072895,0.997714,0
606916417073184767,0.946185,0
606916417207402495,0.967848,0
606916417341620223,0.892836,0
606916417475837951,0.896774,0
606916417610055679,0.985369,0
606916417744273407,1.01184,0
606916417878491135,0.942557,0
606916418146926591,0.9752,0
606916418281144319,0.940982,0
606916418415362047,0.961041,0
606916418549579775,0.924836,0
606916418683797503,0.978554,0
606916418818015231,0.992596,0
606916418952232959,0.99402,0
606916419220668415,0.791428,0
606916419354886143,0.783539,0
606916419489103871,0.782789,0
606916419623321599,0.784755,0
606916419757539327,0.835064,0
606916419891757055,0.828057,0
606916420025974783,0.811257,0
606916420294410239,0.864496,0
606916420428627967,0.861284,0
606916420562845695,0.819572,0
606916420697063423,0.843271,0
606916420831281151,0.862981,0
606916420965498879,0.885021,0
606916421099716607,0.842793,0
606916421368152063,0.97608,0
606916421502369791,1.00409,0
606916421636587519,0.936029,0
606916421770805247,0.978128,0
606916421905022975,0.98105,0
606916422039240703,0.981335,0
606916422173458431,0.974218,0
606916422441893887,1.01183,0
606916422576111615,0.989266,0
606916422710329343,1.01555,0
606916422844547071,1.00478,0
606916422978764799,0.959541,0
606916423112982527,0.989001,0
606916423247200255,0.989257,0
606916423515635711,0.908705,0
606916423649853439,0.909545,0
606916423784071167,0.83569,0
606916423918288895,0.838802,0
606916424052506623,0.949222,0
606916424186724351,0.947054,0
606916424320942079,0.906365,0
606916425663119359,0.93248,0
606916425931554815,0.879505,0
606916426199990271,0.987809,0
606916426468425727,0.962496,0
606916427810603007,0.880804,0
606916428079038463,0.867426,0
606916428347473919,0.873922,0
606916428615909375,0.860423,0
606916429958086655,0.994501,0
606916430092304383,1.02637,0
606916430226522111,0.922982,0
606916430360739839,0.963232,0
606916430494957567,0.969732,0
606916430629175295,1.02788,0
606916430763393023,0.985085,0
606916431837134847,1.02994,0
606916432105570303,0.86848,0
606916432239788031,0.872881,0
606916432374005759,0.868391,0
606916432508223487,0.868765,0
606916432642441215,0.922029,0
606916432776658943,0.910879,0
606916432910876671,0.883731,0
606916434253053951,0.958534,0
606916434387271679,1.02186,0
606916434521489407,0.990671,0
606916434655707135,0.977745,0
606916434789924863,0.955235,0
606916434924142591,0.95258,0
606916435058360319,0.949617,0
606916435326795775,0.942841,0
606916435461013503,0.934335,0
606916435595231231,1.0483,0
606916435729448959,1.02245,0
606916435863666687,0.932728,0
606916435997884415,0.936058,0
606916436132102143,0.960302,0
606916436400537599,1.08196,0
606916436534755327,1.07122,0
606916436668973055,1.05987,0
606916436803190783,1.04171,0
606916436937408511,1.03869,0
606916437071626239,1.07538,0
606916437205843967,1.08048,0
606916437474279423,1.03701,0
606916437608497151,1.09315,0
606916437742714879,1.03121,0
606916437876932607,1.04923,0
606916438011150335,1.06557,0
606916438145368063,1.07009,0
606916438279585791,1.03393,0
606916438548021247,1.00593,0
606916438682238975,0.979835,0
606916438816456703,0.993648,0
606916438950674431,0.9713,0
606916439084892159,0.969118,0
606916439219109887,0.986014,0
606916439353327615,0.974316,0
606916439621763071,0.995696,0
606916439755980799,0.971125,0
606916439890198527,0.962616,0
606916440024416255,0.934274,0
606916440158633983,0.999515,0
606916440292851711,0.970145,0
606916440427069439,0.991711,0
606916440695504895,0.962415,0
606916440829722623,0.976847,0
606916440963940351,1.01909,0
606916441098158079,1.04555,0
606916441232375807,0.931929,0
606916441366593535,0.956809,0
606916441500811263,0.983785,0
606916445258907647,1.01753,0
606916445795778559,1.02986,0
606916447137955839,0.95905,0
606916447406391295,0.954772,0
606916447540609023,0.979756,0
606916447674826751,1.00285,0
606916447943262207,0.944362,0
606916449285439487,1.06103,0
606916449419657215,1.04111,0
606916449553874943,1.04492,0
606916449688092671,1.06014,0
606916449822310399,0.990111,0
606916449956528127,1.01373,0
606916450090745855,1.03283,0
606916451432923135,1.00244,0
606916451567140863,1.02715,0
606916451701358591,1.001,0
606916451835576319,1.0224,0
606916451969794047,0.976682,0
606916452104011775,1.03605,0
606916452238229503,0.955613,0
606916452506664959,1.02667,0
606916452640882687,1.04698,0
606916452775100415,1.04789,0
606916452909318143,1.06246,0
606916453043535871,1.04261,0
606916453177753599,0.991195,0
606916453311971327,1.04222,0
606916453580406783,1.03028,0
606916453714624511,1.01344,0
606916453848842239,0.974318,0
606916453983059967,1.04015,0
606916454117277695,0.94552,0
606916454251495423,1.00442,0
606916454385713151,0.963185,0
606916454654148607,0.974728,0
606916454788366335,0.955643,0
606916454922584063,0.959518,0
606916455056801791,0.968438,0
606916455191019519,1.00069,0
606916455325237247,1.018,0
606916455459454975,0.953303,0
606916455727890431,1.02633,0
606916455862108159,1.02389,0
606916455996325887,1.01794,0
606916456130543615,0.996768,0
606916456264761343,1.08613,0
606916456398979071,1.04465,0
606916456533196799,1.00554,0
606916456801632255,1.08074,0
606916456935849983,1.06473,0
606916457070067711,1.06535,0
606916457204285439,1.03808,0
606916457338503167,1.06461,0
606916457472720895,1.04173,0
606916457606938623,1.06467,0
606916457875374079,0.938147,0
606916458009591807,0.940843,0
606916458143809535,0.936016,0
606916458278027263,0.93495,0
606916458412244991,0.965415,0
606916458546462719,0.961692,0
606916458680680447,0.951424,0
606916537332269055,0.708549,0
606916537466486783,0.732663,0
606916537600704511,0.672276,0
606916537734922239,0.685134,0
606916537869139967,0.720546,0
606916538003357695,0.738515,0
606916538137575423,0.68367,0
606916538406010879,0.742189,0
606916538540228607,0.746468,0
606916538674446335,0.718128,0
606916538808664063,0.717029,0
606916538942881791,0.772873,0
606916539077099519,0.778162,0
606916539211317247,0.733817,0
606916539479752703,0.654954,0
606916539613970431,0.658458,0
606916539748188159,0.612576,0
606916539882405887,0.646032,0
606916540016623615,0.667738,0
606916540150841343,0.663734,0
606916540285059071,0.650872,0
606916540553494527,0.654618,0
606916540687712255,0.663845,0
606916540821929983,0.642407,0
606916540956147711,0.659507,0
606916541090365439,0.670598,0
606916541224583167,0.683312,0
606916541358800895,0.657615,0
606916541627236351,0.730884,0
606916541761454079,0.766095,0
606916541895671807,0.707174,0
606916542029889535,0.71122,0
606916542164107263,0.737109,0
606916542298324991,0.746641,0
606916542432542719,0.695677,0
606916542700978175,0.777049,0
606916542835195903,0.797609,0
606916542969413631,0.761189,0
606916543103631359,0.777052,0
606916543237849087,0.759309,0
606916543372066815,0.791766,0
606916543506284543,0.752939,0
606916543774719999,0.664923,0
606916543908937727,0.659423,0
606916544043155455,0.669706,0
606916544177373183,0.657316,0
606916544311590911,0.706605,0
606916544445808639,0.680576,0
606916544580026367,0.650618,0
606916550217170943,0.795972,0
606916550485606399,0.781333,0
606916550619824127,0.793927,0
606916550754041855,0.821227,0
606916550888259583,0.823358,0
606916551022477311,0.804895,0
606916552364654591,0.700624,0
606916552633090047,0.680013,0
606916552767307775,0.697566,0
606916552901525503,0.731216,0
606916553035743231,0.766467,0
606916553169960959,0.679264,0
606916554512138239,0.609651,0
606916554646355967,0.608933,0
606916554780573695,0.622364,0
606916554914791423,0.602505,0
606916555049009151,0.631978,0
606916555183226879,0.623532,0
606916555317444607,0.61753,0
606916555585880063,0.615687,0
606916555720097791,0.611939,0
606916555854315519,0.625112,0
606916555988533247,0.628633,0
606916556122750975,0.627931,0
606916556256968703,0.623168,0
606916556391186431,0.607944,0
606916556659621887,0.61917,0
606916556793839615,0.614427,0
606916556928057343,0.622938,0
606916557062275071,0.637193,0
606916557196492799,0.634453,0
606916557330710527,0.61196,0
606916557464928255,0.623826,0
606916557733363711,0.610783,0
606916557867581439,0.590983,0
606916558001799167,0.603253,0
606916558136016895,0.594152,0
606916558270234623,0.616971,0
606916558404452351,0.612047,0
606916558538670079,0.605847,0
606916558807105535,0.640794,0
606916558941323263,0.636353,0
606916559075540991,0.627771,0
606916559209758719,0.6356,0
606916559343976447,0.630906,0
606916559478194175,0.64532,0
606916559612411903,0.627686,0
606916559880847359,0.623768,0
606916560015065087,0.628002,0
606916560149282815,0.637178,0
606916560283500543,0.630172,0
606916560417718271,0.633366,0
606916560551935999,0.628407,0
606916560686153727,0.627732,0
606916560954589183,0.600265,0
606916561088806911,0.605164,0
606916561223024639,0.62249,0
606916561357242367,0.634861,0
606916561491460095,0.610628,0
606916561625677823,0.620394,0
606916561759895551,0.606115,0
606916563102072831,0.639222,0
606916563236290559,0.63279,0
606916563370508287,0.616777,0
606916563504726015,0.6461,0
606916563638943743,0.618847,0
606916563773161471,0.616784,0
606916563907379199,0.625086,0
606916565249556479,0.594668,0
606916565383774207,0.593002,0
606916565517991935,0.574612,0
606916565652209663,0.587915,0
606916565786427391,0.603699,0
606916565920645119,0.61853,0
606916566054862847,0.582392,0
606916567128604671,0.627653,0
606916567397040127,0.643402,0
606916567531257855,0.638268,0
606916567665475583,0.623098,0
606916567799693311,0.628684,0
606916567933911039,0.644149,0
606916568068128767,0.650978,0
606916568202346495,0.646826,0
606916568470781951,0.639965,0
606916568604999679,0.656833,0
606916568739217407,0.617811,0
606916568873435135,0.622934,0
606916569007652863,0.651045,0
606916569141870591,0.665606,0
606916569276088319,0.648041,0
606916569544523775,0.625188,0
606916569678741503,0.616174,0
606916569812959231,0.595802,0
606916569947176959,0.593024,0
606916570081394687,0.604556,0
606916570215612415,0.614568,0
606916570349830143,0.617236,0
606916571692007423,0.766777,0
606916571826225151,0.763597,0
606916571960442879,0.743775,0
606916572094660607,0.771116,0
606916572228878335,0.772477,0
606916572363096063,0.786673,0
606916572497313791,0.760951,0
606916572765749247,0.765289,0
606916572899966975,0.776354,0
606916573034184703,0.788487,0
606916573168402431,0.770539,0
606916573302620159,0.798763,0
606916573436837887,0.789922,0
606916573571055615,0.803627,0
606916573839491071,0.75988,0
606916573973708799,0.734023,0
606916574107926527,0.707017,0
606916574242144255,0.720969,0
606916574376361983,0.746502,0
606916574510579711,0.733096,0
606916574644797439,0.720053,0
606916574913232895,0.78381,0
606916575047450623,0.783488,0
606916575181668351,0.759219,0
606916575315886079,0.750418,0
606916575450103807,0.776928,0
606916575584321535,0.772527,0
606916575718539263,0.755915,0
606916575986974719,0.794535,0
606916576121192447,0.802846,0
606916576255410175,0.787656,0
606916576389627903,0.786924,0
606916576523845631,0.792017,0
606916576658063359,0.809291,0
606916576792281087,0.799245,0
606916577060716543,0.808769,0
606916577194934271,0.810453,0
606916577329151999,0.798417,0
606916577463369727,0.826005,0
606916577597587455,0.810615,0
606916577731805183,0.80567,0
606916577866022911,0.812674,0
606916578134458367,0.754015,0
606916578268676095,0.74346,0
606916578402893823,0.769421,0
606916578537111551,0.754403,0
606916578671329279,0.780455,0
606916578805547007,0.777067,0
606916578939764735,0.743224,0
606916580281942015,0.777007,0
606916580416159743,0.772072,0
606916580550377471,0.806549,0
606916580684595199,0.820434,0
606916580818812927,0.772892,0
606916580953030655,0.770327,0
606916581087248383,0.755301,0
606916581355683839,0.812504,0
606916581624119295,0.774913,0
606916581892554751,0.833614,0
606916582026772479,0.835827,0
606916582160990207,0.775076,0
606916582429425663,0.784744,0
606916582563643391,0.795429,0
606916582697861119,0.799847,0
606916582832078847,0.810305,0
606916582966296575,0.776046,0
606916583100514303,0.811114,0
606916583234732031,0.781815,0
606916583503167487,0.824088,0
606916583771602943,0.814305,0
606916583905820671,0.844863,0
606916584040038399,0.816661,0
606916584174256127,0.808665,0
606916584308473855,0.806381,0
606916584576909311,0.778314,0
606916584711127039,0.76958,0
606916584845344767,0.766864,0
606916584979562495,0.78005,0
606916585113780223,0.788438,0
606916585247997951,0.790038,0
606916585382215679,0.789287,0
606916585650651135,0.845187,0
606916585784868863,0.85899,0
606916585919086591,0.79229,0
606916586053304319,0.82486,0
606916586187522047,0.862626,0
606916586321739775,0.854362,0
606916586455957503,0.818657,0
606916586724392959,0.806286,0
606916586858610687,0.793626,0
606916586992828415,0.778064,0
606916587127046143,0.790065,0
606916587261263871,0.768566,0
606916587395481599,0.764289,0
606916587529699327,0.793602,0
606916588871876607,0.681459,0
606916589006094335,0.682531,0
606916589140312063,0.634822,0
606916589274529791,0.651828,0
606916589408747519,0.680231,0
606916589542965247,0.691291,0
606916589677182975,0.668254,0
606916589945618431,0.717541,0
606916590079836159,0.702516,0
606916590214053887,0.677046,0
606916590348271615,0.686889,0
606916590482489343,0.726838,0
606916590616707071,0.734559,0
606916590750924799,0.691956,0
606916591019360255,0.634743,0
606916591153577983,0.61568,0
606916591287795711,0.636001,0
606916591422013439,0.640758,0
606916591556231167,0.633115,0
606916591690448895,0.632974,0
606916591824666623,0.6269,0
606916592093102079,0.642887,0
606916592227319807,0.64783,0
606916592361537535,0.64179,0
606916592495755263,0.657376,0
606916592629972991,0.645938,0
606916592764190719,0.646533,0
606916592898408447,0.639718,0
606916593166843903,0.702991,0
606916593301061631,0.707198,0
606916593435279359,0.692618,0
606916593569497087,0.692993,0
606916593703714815,0.696289,0
606916593837932543,0.69329,0
606916593972150271,0.683976,0
606916594240585727,0.726681,0
606916594374803455,0.705867,0
606916594509021183,0.729444,0
606916594643238911,0.712392,0
606916594777456639,0.742779,0
606916594911674367,0.747552,0
606916595045892095,0.710999,0
606916595314327551,0.644779,0
606916595448545279,0.638242,0
606916595582763007,0.625923,0
606916595716980735,0.647329,0
606916595851198463,0.668681,0
606916595985416191,0.669365,0
606916596119633919,0.630837,0
606924152309284863,0.0255888,0
606924152577720319,0.0253859,0
606924152846155775,0.0223704,0
606924152980373503,0.0218704,0
606924153114591231,0.0282518,0
606924154456768511,0.025898,0
606924154725203967,0.0281391,0
606924154993639423,0.0271299,0
606924155262074879,0.0271337,0
606924290016673791,0.015099,0
606924290285109247,0.0189772,0
606924290553544703,0.0204141,0
606924292164157439,0.0206364,0
606924292432592895,0.0172896,0
606924292701028351,0.0237025,0
606925195986337791,0.00918552,0
606925196120555519,0.0106906,0
606925196254773247,0.0124559,0
606925196388990975,0.0129909,0
606925196523208703,0.0181313,0
606925196657426431,0.00995956,0
606925196791644159,0.0121642,0
606925197060079615,0.0141617,0
606925197194297343,0.0116906,0
606925197328515071,0.0126364,0
606925197462732799,0.0128761,0
606925197596950527,0.0136424,0
606925197731168255,0.0110913,0
606925197865385983,0.00842811,0
606925198133821439,0.0132473,0
606925198268039167,0.0133038,0
606925198402256895,0.0133298,0
606925198536474623,0.0130726,0
606925198670692351,0.0145517,0
606925198804910079,0.0124882,0
606925198939127807,0.014384,0
606925199207563263,0.0201284,0
606925199341780991,0.0182682,0
606925199475998719,0.0136604,0
606925199610216447,0.0231581,0
606925199744434175,0.0134457,0
606925199878651903,0.0226047,0
606925200012869631,0.0125064,0
606925200281305087,0.0121952,0
606925200415522815,0.00924735,0
606925200549740543,0.0133264,0
606925200683958271,0.00901495,0
606925200818175999,0.0105776,0
606925200952393727,0.0136627,0
606925201086611455,0.0151179,0
606925201355046911,0.011498,0
606925201489264639,0.0118133,0
606925201623482367,0.00947521,0
606925201757700095,0.0114288,0
606925201891917823,0.0153391,0
606925202026135551,0.0090212,0
606925202160353279,0.0102523,0
606925202428788735,0.0200911,0
606925202563006463,0.0126214,0
606925202697224191,0.0130254,0
606925202831441919,0.0138255,0
606925202965659647,0.0105211,0
606925203099877375,0.0170781,0
606925203234095103,0.0115559,0
606925208871239679,0.0115897,0
606925209005457407,0.0142462,0
606925209139675135,0.0126261,0
606925209273892863,0.0145928,0
606925209408110591,0.012122,0
606925209542328319,0.00859532,0
606925209676546047,0.016098,0
606925211018723327,0.0167424,0
606925211287158783,0.0209728,0
606925211421376511,0.0158699,0
606925211555594239,0.0126189,0
606925211689811967,0.015904,0
606925211824029695,0.0160373,0
606925213166206975,0.0137713,0
606925213300424703,0.0138801,0
606925213434642431,0.0176846,0
606925213568860159,0.0130906,0
606925213703077887,0.0175427,0
606925213837295615,0.0147588,0
606925213971513343,0.0178899,0
606925214239948799,0.0167083,0
606925214374166527,0.0201294,0
606925214508384255,0.0189673,0
606925214642601983,0.0198164,0
606925214776819711,0.0139206,0
606925214911037439,0.0124269,0
606925215045255167,0.0192597,0
606925215313690623,0.0135902,0
606925215447908351,0.0130245,0
606925215582126079,0.0108217,0
606925215716343807,0.0128778,0
606925215850561535,0.0180174,0
606925215984779263,0.0122596,0
606925216118996991,0.0226048,0
606925216387432447,0.0210422,0
606925216521650175,0.022347,0
606925216655867903,0.0196408,0
606925216790085631,0.0259924,0
606925216924303359,0.0145102,0
606925217058521087,0.0197858,0
606925217192738815,0.0139654,0
606925217461174271,0.0161224,0
606925217595391999,0.0172254,0
606925217729609727,0.0158445,0
606925217863827455,0.0158418,0
606925217998045183,0.0136903,0
606925218132262911,0.0157479,0
606925218266480639,0.0148441,0
606925218534916095,0.0142894,0
606925218669133823,0.0163575,0
606925218803351551,0.0166461,0
606925218937569279,0.0132439,0
606925219071787007,0.0160497,0
606925219206004735,0.0134563,0
606925219340222463,0.01665,0
606925219608657919,0.0196668,0
606925219742875647,0.0202443,0
606925219877093375,0.0170118,0
606925220011311103,0.0201029,0
606925220145528831,0.0152299,0
606925220279746559,0.02209,0
606925220413964287,0.0184602,0
606925221756141567,0.0256841,0
606925222024577023,0.0140069,0
606925222293012479,0.0175672,0
606925222427230207,0.0160234,0
606925222561447935,0.0174851,0
606925223903625215,0.0152929,0
606925224172060671,0.0159538,0
606925224440496127,0.0186721,0
606925224574713855,0.0121753,0
606925224708931583,0.0185259,0
606925226051108863,0.0243048,0
606925226185326591,0.0186088,0
606925226319544319,0.0238211,0
606925226453762047,0.0185256,0
606925226587979775,0.0149632,0
606925226722197503,0.0204282,0
606925226856415231,0.0144969,0
606925227124850687,0.0158136,0
606925227393286143,0.0165494,0
606925227661721599,0.0180155,0
606925227795939327,0.0187486,0
606925227930157055,0.0279943,0
606925228198592511,0.0232016,0
606925228332810239,0.0195576,0
606925228467027967,0.0234292,0
606925228601245695,0.0196776,0
606925228735463423,0.0243163,0
606925228869681151,0.0215717,0
606925229003898879,0.0262054,0
606925230346076159,0.0171541,0
606925230480293887,0.0148532,0
606925230614511615,0.00868481,0
606925230748729343,0.0122786,0
606925230882947071,0.0161423,0
606925231017164799,0.0166202,0
606925231151382527,0.0152572,0
606925231419817983,0.0118848,0
606925231554035711,0.00958745,0
606925231688253439,0.0152112,0
606925231822471167,0.0136158,0
606925231956688895,0.0134061,0
606925232090906623,0.0142102,0
606925232225124351,0.0176954,0
606925232493559807,0.00660448,0
606925232627777535,0.007309,0
606925232761995263,0.010613,0
606925232896212991,0.00833915,0
606925233030430719,0.0134279,0
606925233164648447,0.013866,0
606925233298866175,0.0085404,0
606925233567301631,0.0103732,0
606925233701519359,0.00855285,0
606925233835737087,0.0121722,0
606925233969954815,0.00957084,0
606925234104172543,0.0153052,0
606925234238390271,0.00782991,0
606925234372607999,0.0134127,0
606925234641043455,0.0267499,0
606925234775261183,0.0212607,0
606925234909478911,0.0212979,0
606925235043696639,0.0229529,0
606925235177914367,0.0238097,0
606925235312132095,0.0171364,0
606925235446349823,0.0163391,0
606925235714785279,0.0141016,0
606925235849003007,0.0171092,0
606925235983220735,0.014144,0
606925236117438463,0.0174321,0
606925236251656191,0.0193539,0
606925236385873919,0.0155667,0
606925236520091647,0.01847,0
606925236788527103,0.0154152,0
606925236922744831,0.0123322,0
606925237056962559,0.011473,0
606925237191180287,0.0118256,0
606925237325398015,0.020626,0
606925237459615743,0.0175914,0
606925237593833471,0.0158929,0
606925238936010751,0.0118968,0
606925239070228479,0.011927,0
606925239204446207,0.0110707,0
606925239338663935,0.0110254,0
606925239472881663,0.00639533,0
606925239607099391,0.0117481,0
606925239741317119,0.00753939,0
606925240009752575,0.0126808,0
606925240143970303,0.0105149,0
606925240278188031,0.0114698,0
606925240412405759,0.0122535,0
606925240546623487,0.0149782,0
606925240680841215,0.0122389,0
606925240815058943,0.0129403,0
606925241083494399,0.012735,0
606925241217712127,0.0113303,0
606925241351929855,0.0126379,0
606925241486147583,0.014264,0
606925241620365311,0.0114496,0
606925241754583039,0.0106043,0
606925241888800767,0.0134262,0
606925242157236223,0.0119013,0
606925242291453951,0.0118911,0
606925242425671679,0.0147782,0
606925242559889407,0.00907862,0
606925242694107135,0.00897354,0
606925242828324863,0.011938,0
606925242962542591,0.00926226,0
606925243230978047,0.0134792,0
606925243365195775,0.0106784,0
606925243499413503,0.0187848,0
606925243633631231,0.0135539,0
606925243767848959,0.0127264,0
606925243902066687,0.0165808,0
606925244036284415,0.0109852,0
606925244304719871,0.0170848,0
606925244438937599,0.0152624,0
606925244573155327,0.0129278,0
606925244707373055,0.015215,0
606925244841590783,0.0134481,0
606925244975808511,0.0180098,0
606925245110026239,0.0118874,0
606925245378461695,0.00973471,0
606925245512679423,0.0101956,0
606925245646897151,0.0132058,0
606925245781114879,0.0129934,0
606925245915332607,0.0142148,0
606925246049550335,0.0105338,0
606925246183768063,0.0158258,0
606925247525945343,0.0178353,0
606925247660163071,0.0114374,0
606925247794380799,0.0145395,0
606925247928598527,0.0163013,0
606925248062816255,0.0114713,0
606925248197033983,0.0132538,0
606925248331251711,0.0143852,0
606925248599687167,0.0138403,0
606925248733904895,0.0124339,0
606925248868122623,0.0154968,0
606925249002340351,0.0138084,0
606925249136558079,0.0124148,0
606925249270775807,0.0134067,0
606925249404993535,0.0129822,0
606925249673428991,0.0139283,0
606925249807646719,0.0143146,0
606925249941864447,0.0229336,0
606925250076082175,0.0154773,0
606925250210299903,0.0170893,0
606925250344517631,0.0163626,0
606925250478735359,0.0199769,0
606925250747170815,0.0136384,0
606925250881388543,0.016249,0
606925251015606271,0.0129116,0
606925251149823999,0.0164961,0
606925251284041727,0.0138123,0
606925251418259455,0.0141673,0
606925251552477183,0.011454,0
606925251820912639,0.01193,0
606925251955130367,0.0138883,0
606925252089348095,0.0135381,0
606925252223565823,0.0135529,0
606925252357783551,0.011413,0
606925252492001279,0.010843,0
606925252626219007,0.0199788,0
606925252894654463,0.0107037,0
606925253028872191,0.0122356,0
606925253163089919,0.0168433,0
606925253297307647,0.0136419,0
606925253431525375,0.0084688,0
606925253565743103,0.00758963,0
606925253699960831,0.0119127,0
606925253968396287,0.0199936,0
606925254102614015,0.0131924,0
606925254236831743,0.02357,0
606925254371049471,0.025241,0
606925254505267199,0.0142449,0
606925254639484927,0.0126557,0
606925254773702655,0.0136803,0
606925321345695743,0.0113281,0
606925333425291263,0.0134909,0
606925333559508991,0.0196351,0
606925333693726719,0.013432,0
606925333827944447,0.0139,0
606925333962162175,0.0169037,0
606925334096379903,0.0125652,0
606925334230597631,0.0129078,0
606925334499033087,0.0252566,0
606925334633250815,0.023123,0
606925334767468543,0.0200348,0
606925334901686271,0.0230631,0
606925335035903999,0.0265257,0
606925335170121727,0.0243058,0
606925335304339455,0.0173126,0
606925335572774911,0.0115944,0
606925335706992639,0.0121123,0
606925335841210367,0.00954352,0
606925335975428095,0.011908,0
606925336109645823,0.0104378,0
606925336243863551,0.0126957,0
606925336378081279,0.0119068,0
606925336646516735,0.0168524,0
606925336780734463,0.0184065,0
606925336914952191,0.0156201,0
606925337049169919,0.0163542,0
606925337183387647,0.0119812,0
606925337317605375,0.015409,0
606925337451823103,0.0158103,0
606925337720258559,0.0160452,0
606925337854476287,0.0149622,0
606925337988694015,0.0125942,0
606925338122911743,0.0140156,0
606925338257129471,0.014052,0
606925338391347199,0.0152551,0
606925338525564927,0.0133825,0
606925338794000383,0.0146422,0
606925338928218111,0.0243376,0
606925339062435839,0.013644,0
606925339196653567,0.0135728,0
606925339330871295,0.0182906,0
606925339465089023,0.0210503,0
606925339599306751,0.0147832,0
606925339867742207,0.0122257,0
606925340001959935,0.0107751,0
606925340136177663,0.0122592,0
606925340270395391,0.0111112,0
606925340404613119,0.0139591,0
606925340538830847,0.0122761,0
606925340673048575,0.018528,0
606925346847064063,0.018761,0
606925347115499519,0.0183393,0
606925348994547711,0.0204786,0
606925349262983167,0.0299897,0
606925350605160447,0.0157961,0
606925350739378175,0.016738,0
606925350873595903,0.0140551,0
606925351007813631,0.0136662,0
606925351142031359,0.0179287,0
606925351276249087,0.0157816,0
606925351410466815,0.0196352,0
606925351678902271,0.0136109,0
606925351813119999,0.0116833,0
606925351947337727,0.0172992,0
606925352081555455,0.0133527,0
606925352215773183,0.0116285,0
606925352349990911,0.0103067,0
606925352484208639,0.0195481,0
606925352752644095,0.0136965,0
606925352886861823,0.0190633,0
606925353021079551,0.0146912,0
606925353155297279,0.0165407,0
606925353289515007,0.01357,0
606925353423732735,0.0127827,0
606925353557950463,0.0154072,0
606925353826385919,0.0123444,0
606925353960603647,0.0127352,0
606925354094821375,0.0124615,0
606925354229039103,0.0123217,0
606925354363256831,0.014188,0
606925354497474559,0.0156821,0
606925354631692287,0.0153829,0
606925354900127743,0.0144075,0
606925355034345471,0.0177532,0
606925355168563199,0.0159245,0
606925355302780927,0.0186386,0
606925355436998655,0.0151199,0
606925355571216383,0.0138738,0
606925355705434111,0.0162577,0
606925355973869567,0.0114213,0
606925356108087295,0.0121304,0
606925356242305023,0.0146696,0
606925356376522751,0.0147328,0
606925356510740479,0.0129932,0
606925356644958207,0.0113742,0
606925356779175935,0.0175517,0
606925357047611391,0.0207567,0
606925357181829119,0.0193384,0
606925357316046847,0.0176985,0
606925357450264575,0.0215819,0
606925357584482303,0.0214829,0
606925357718700031,0.0211179,0
606925357852917759,0.0199489,0
606925363490062335,0.0113324,0
606925363624280063,0.0134396,0
606925363758497791,0.0110192,0
606925363892715519,0.010092,0
606925364026933247,0.0115701,0
606925364161150975,0.0162478,0
606925364295368703,0.0119037,0
606925365369110527,0.0170541,0
606925365637545983,0.0120391,0
606925365771763711,0.0157657,0
606925365905981439,0.0142272,0
606925366040199167,0.0119085,0
606925366174416895,0.013204,0
606925366308634623,0.0126834,0
606925366442852351,0.0136447,0
606925367785029631,0.0160493,0
606925367919247359,0.017771,0
606925368053465087,0.0161319,0
606925368187682815,0.0163014,0
606925368321900543,0.0156312,0
606925368456118271,0.0178465,0
606925368590335999,0.0151607,0
606925368858771455,0.0127241,0
606925368992989183,0.0126664,0
606925369127206911,0.0116807,0
606925369261424639,0.0125839,0
606925369395642367,0.0134373,0
606925369529860095,0.0112457,0
606925369664077823,0.0139787,0
606925369932513279,0.0177841,0
606925370066731007,0.0138686,0
606925370200948735,0.0215739,0
606925370335166463,0.0165461,0
606925370469384191,0.0176744,0
606925370603601919,0.015666,0
606925370737819647,0.0213596,0
606925371006255103,0.0152161,0
606925371140472831,0.0134553,0
606925371274690559,0.0137265,0
606925371408908287,0.0148718,0
606925371543126015,0.0119199,0
606925371677343743,0.0125383,0
606925371811561471,0.0139107,0
606925372079996927,0.0145547,0
606925372214214655,0.0145655,0
606925372348432383,0.0143654,0
606925372482650111,0.0141092,0
606925372616867839,0.0167428,0
606925372751085567,0.0136731,0
606925372885303295,0.0152937,0
606925373153738751,0.0170272,0
606925373287956479,0.0161065,0
606925373422174207,0.0159522,0
606925373556391935,0.0158133,0
606925373690609663,0.0174785,0
606925373824827391,0.0190302,0
606925373959045119,0.0146642,0
606925374227480575,0.0147512,0
606925374361698303,0.013946,0
606925374495916031,0.0140183,0
606925374630133759,0.0151774,0
606925374764351487,0.0154073,0
606925374898569215,0.0141763,0
606925375032786943,0.0198585,0
606925376374964223,0.0204198,0
606925376509181951,0.01665,0
606925376643399679,0.0207691,0
606925376777617407,0.0200029,0
606925376911835135,0.0199557,0
606925377046052863,0.0172331,0
606925377180270591,0.0209187,0
606925377448706047,0.0140805,0
606925377717141503,0.0143005,0
606925377985576959,0.0174254,0
606925378254012415,0.0173246,0
606925378522447871,0.0212867,0
606925378656665599,0.0203072,0
606925378790883327,0.0229712,0
606925378925101055,0.0206651,0
606925379059318783,0.0218946,0
606925379193536511,0.0213243,0
606925379327754239,0.0266282,0
606925379864625151,0.0171604,0
606925380133060607,0.0132136,0
606925380401496063,0.0184971,0
606925380669931519,0.0205386,0
606925380804149247,0.0236531,0
606925380938366975,0.0195705,0
606925381072584703,0.0250005,0
606925381206802431,0.0208912,0
606925381341020159,0.0236356,0
606925381475237887,0.0194877,0
606925381743673343,0.0175533,0
606925381877891071,0.019884,0
606925382012108799,0.0189131,0
606925382146326527,0.0157156,0
606925382280544255,0.0210637,0
606925382414761983,0.0208629,0
606925382548979711,0.0235762,0
606925382817415167,0.0215924,0
606925382951632895,0.0247186,0
606925383085850623,0.0204952,0
606925383220068351,0.0242747,0
606925383354286079,0.0200652,0
606925383488503807,0.0240745,0
606925383622721535,0.0190309,0
606925384964898815,0.018054,0
606925385099116543,0.0205921,0
606925385233334271,0.0164139,0
606925385367551999,0.0177354,0
606925385501769727,0.0171845,0
606925385635987455,0.019011,0
606925385770205183,0.01883,0
606925386038640639,0.0175685,0
606925386172858367,0.0160313,0
606925386307076095,0.0181605,0
606925386441293823,0.0154506,0
606925386575511551,0.0191874,0
606925386709729279,0.016891,0
606925386843947007,0.0311355,0
606925387112382463,0.0135553,0
606925387246600191,0.0179991,0
606925387380817919,0.013811,0
606925387515035647,0.0179892,0
606925387649253375,0.0153211,0
606925387783471103,0.0141567,0
606925387917688831,0.0158925,0
606925388186124287,0.0137361,0
606925388320342015,0.013388,0
606925388454559743,0.0131369,0
606925388588777471,0.0128083,0
606925388722995199,0.0169237,0
606925388857212927,0.0146288,0
606925388991430655,0.0170727,0
606925389259866111,0.021109,0
606925389394083839,0.0272147,0
606925389528301567,0.0196913,0
606925389662519295,0.0229468,0
606925389796737023,0.0191328,0
606925389930954751,0.0191529,0
606925390065172479,0.0199503,0
606925390333607935,0.0176727,0
606925390467825663,0.0218607,0
606925390602043391,0.0212179,0
606925390736261119,0.01858,0
606925390870478847,0.0161251,0
606925391004696575,0.0164637,0
606925391138914303,0.019108,0
606925391407349759,0.0222549,0
606925391541567487,0.0236543,0
606925391675785215,0.0201125,0
606925391810002943,0.0249494,0
606925391944220671,0.0224036,0
606925392078438399,0.0225949,0
606925392212656127,0.0228944,0
607134006827286527,0.937093,0
607134007364157439,0.964575,0
607134017296269311,0.925264,0
607134017430487039,0.927911,0
607134017564704767,0.959638,0
607134017698922495,0.921881,0
607134017833140223,0.915437,0
607134017967357951,0.906016,0
607134018101575679,0.949681,0
607134018370011135,0.929629,0
607134018638446591,0.949135,0
607134018906882047,0.93179,0
607134019175317503,0.921916,0
607134019980623871,0.968731,0
607134020114841599,0.933576,0
607134020249059327,0.967498,0
607134021591236607,0.914606,0
607134021725454335,0.926649,0
607134021859672063,0.954001,0
607134021993889791,0.937466,0
607134022128107519,0.926583,0
607134022262325247,0.93694,0
607134022396542975,0.976717,0
607134022664978431,0.909271,0
607134022799196159,0.908996,0
607134022933413887,0.899786,0
607134023067631615,0.932373,0
607134023201849343,0.94585,0
607134023336067071,0.938097,0
607134023470284799,0.957373,0
607134023738720255,0.953417,0
607134023872937983,0.987397,0
607134024007155711,0.97538,0
607134024141373439,0.961238,0
607134024275591167,0.967754,0
607134024409808895,0.966013,0
607134024544026623,0.95896,0
607134240634568703,0.925913,0
607134240768786431,0.989044,0
607134240903004159,0.933615,0
607134241037221887,0.950017,0
607134241171439615,0.932259,0
607134241305657343,0.984902,0
607134241439875071,0.927589,0
607134241976745983,1.0058,0
607134242513616895,0.991255,0
607134242782052351,0.961741,0
607134242916270079,0.948494,0
607134243050487807,0.999128,0
607134243184705535,0.945967,0
607134243318923263,0.936399,0
607134243453140991,0.942569,0
607134243587358719,0.978345,0
607134243855794175,0.997762,0
607134243990011903,0.97634,0
607134244124229631,0.94191,0
607134244258447359,0.959358,0
607134244392665087,0.992496,0
607134244526882815,1.01456,0
607134244661100543,0.951353,0
607134244929535999,0.944682,0
607134245063753727,0.924497,0
607134245197971455,0.947355,0
607134245332189183,0.941018,0
607134245466406911,0.936921,0
607134245600624639,0.918208,0
607134245734842367,0.936844,0
607134246003277823,0.978727,0
607134246271713279,0.961163,0
607134246405931007,0.986041,0
607134246540148735,0.987951,0
607134246808584191,0.953094,0
607134247077019647,0.979992,0
607134247211237375,0.931037,0
607134247345455103,0.969038,0
607134247479672831,0.9753,0
607134247613890559,0.982828,0
607134247748108287,0.936048,0
607134247882326015,0.976146,0
607134257814437887,1.02872,0
607134257948655615,0.987954,0
607134258082873343,1.01298,0
607134258217091071,0.98323,0
607134258351308799,1.03991,0
607134258485526527,1.00292,0
607134258619744255,1.05563,0
607134258888179711,0.95277,0
607134259022397439,0.967928,0
607134259156615167,1.00246,0
607134259290832895,0.939337,0
607134259425050623,0.99222,0
607134259559268351,0.980779,0
607134259693486079,1.01097,0
607134259961921535,1.03786,0
607134260096139263,0.996039,0
607134260230356991,1.06893,0
607134260364574719,1.04969,0
607134260498792447,1.06912,0
607134260633010175,0.97045,0
607134260767227903,1.07466,0
607134261035663359,0.993704,0
607134261169881087,0.983413,0
607134261304098815,0.94595,0
607134261438316543,0.98783,0
607134261572534271,0.958065,0
607134261706751999,0.995923,0
607134261840969727,0.951754,0
607134262109405183,1.04586,0
607134262243622911,1.05294,0
607134262377840639,1.15271,0
607134262512058367,1.05921,0
607134262646276095,1.04444,0
607134262780493823,1.04705,0
607134262914711551,1.16914,0
607134263183147007,0.992348,0
607134263317364735,0.993362,0
607134263451582463,1.03174,0
607134263585800191,0.992966,0
607134263720017919,1.01451,0
607134263854235647,0.988777,0
607134263988453375,1.03424,0
607134264256888831,1.17713,0
607134264391106559,1.13911,0
607134264525324287,1.15021,0
607134264659542015,1.13705,0
607134264793759743,1.16083,0
607134264927977471,1.15605,0
607134265062195199,1.16253,0
607134266404372479,0.929945,0
607134266538590207,0.922355,0
607134266672807935,0.943255,0
607134266807025663,0.923685,0
607134266941243391,0.943653,0
607134267075461119,0.923367,0
607134267209678847,0.933984,0
607134267746549759,0.947685,0
607134268283420671,0.928848,0
607134268551856127,0.960048,0
607134268686073855,0.938376,0
607134268820291583,0.990505,0
607134268954509311,0.968956,0
607134269088727039,0.951272,0
607134269222944767,0.938621,0
607134269357162495,0.982205,0
607134269625597951,0.960551,0
607134269759815679,0.948859,0
607134269894033407,0.95817,0
607134270028251135,0.948233,0
607134270162468863,0.929978,0
607134270296686591,0.942852,0
607134270430904319,0.928894,0
607134270699339775,0.927738,0
607134270833557503,0.936032,0
607134270967775231,0.944795,0
607134271101992959,0.929818,0
607134271236210687,0.927921,0
607134271370428415,0.937002,0
607134271504646143,0.946095,0
607134271773081599,0.976256,0
607134272041517055,0.940603,0
607134272175734783,0.965475,0
607134272309952511,0.968397,0
607134272578387967,0.932415,0
607134272846823423,0.96067,0
607134272981041151,0.946964,0
607134273115258879,0.953778,0
607134273249476607,0.949543,0
607134273383694335,0.956456,0
607134273517912063,0.935634,0
607134273652129791,0.962841,0
607134274994307071,0.918917,0
607134275128524799,0.937097,0
607134275262742527,0.924428,0
607134275396960255,0.944684,0
607134275531177983,0.937777,0
607134275665395711,0.950037,0
607134275799613439,0.904263,0
607134277141790719,0.936499,0
607134277276008447,0.945348,0
607134277410226175,0.984067,0
607134277544443903,0.959677,0
607134277678661631,0.960431,0
607134277812879359,0.946228,0
607134277947097087,1.00521,0
607134278215532543,0.950308,0
607134278349750271,0.971503,0
607134278483967999,0.922472,0
607134278618185727,0.969488,0
607134278752403455,0.939715,0
607134278886621183,0.979144,0
607134279020838911,0.928263,0
607134279289274367,0.908702,0
607134279423492095,0.919716,0
607134279557709823,0.917951,0
607134279691927551,0.914235,0
607134279826145279,0.931391,0
607134279960363007,0.935963,0
607134280094580735,0.946575,0
607134280631451647,0.972264,0
607134281168322559,0.954009,0
607134281436758015,0.987102,0
607134281570975743,0.947134,0
607134281705193471,0.995931,0
607134281839411199,0.993083,0
607134281973628927,0.964684,0
607134282107846655,0.931491,0
607134282242064383,0.988363,0
607134292174176255,1.02613,0
607134292308393983,1.02155,0
607134292442611711,1.0341,0
607134292576829439,1.033,0
607134292711047167,1.01673,0
607134292845264895,1.00512,0
607134292979482623,1.00458,0
607134293247918079,1.01488,0
607134293382135807,0.970724,0
607134293516353535,1.02193,0
607134293650571263,0.981404,0
607134293784788991,1.00899,0
607134293919006719,0.98077,0
607134294053224447,1.02303,0
607134294321659903,1.13707,0
607134294455877631,1.04332,0
607134294590095359,1.14825,0
607134294724313087,1.12327,0
607134294858530815,1.12295,0
607134294992748543,1.05405,0
607134295126966271,1.1327,0
607134295395401727,1.03779,0
607134295529619455,1.00239,0
607134295663837183,1.05855,0
607134295798054911,1.03609,0
607134295932272639,1.03529,0
607134296066490367,1.01535,0
607134296200708095,1.06359,0
607134296469143551,1.01536,0
607134296603361279,1.02791,0
607134296737579007,1.09004,0
607134296871796735,1.03206,0
607134297006014463,1.00944,0
607134297140232191,1.03223,0
607134297274449919,1.1172,0
607134297542885375,1.00441,0
607134297677103103,0.988475,0
607134297811320831,0.985496,0
607134297945538559,1.00605,0
607134298079756287,0.987661,0
607134298213974015,0.98944,0
607134298348191743,1.01918,0
607134298616627199,1.10711,0
607134298750844927,1.10014,0
607134298885062655,1.06204,0
607134299019280383,1.10963,0
607134299153498111,1.10756,0
607134299287715839,1.11043,0
607134299421933567,1.06362,0
607136181959786495,1.01028,0
607136182094004223,0.979597,0
607136182228221951,1.02732,0
607136182362439679,1.00445,0
607136182496657407,0.983189,0
607136182630875135,0.969168,0
607136182765092863,1.01351,0
607136184107270143,0.986237,0
607136184241487871,0.974568,0
607136184375705599,1.03944,0
607136184509923327,0.994997,0
607136184644141055,1.01975,0
607136184778358783,1.0104,0
607136184912576511,1.04267,0
607136185181011967,0.968421,0
607136185449447423,0.966292,0
607136185583665151,0.973114,0
607136185717882879,0.964838,0
607136185986318335,0.971263,0
607136186254753791,0.927545,0
607136186388971519,0.955439,0
607136186523189247,0.938025,0
607136186657406975,0.923876,0
607136186791624703,0.932374,0
607136186925842431,0.930311,0
607136187060060159,0.92471,0
607136187596931071,0.95247,0
607136188133801983,0.95599,0
607136188402237439,0.944237,0
607136188536455167,1.01,0
607136188670672895,0.941775,0
607136188804890623,0.997457,0
607136188939108351,0.944553,0
607136189073326079,0.984001,0
607136189207543807,0.931324,0
607136216319524863,0.896463,0
607136216453742591,0.92005,0
607136216587960319,0.872694,0
607136216722178047,0.880548,0
607136216856395775,0.859407,0
607136216990613503,0.907984,0
607136217124831231,0.858916,0
607136218467008511,0.869347,0
607136218601226239,0.906671,0
607136218735443967,0.88003,0
607136218869661695,0.890763,0
607136219003879423,0.854861,0
607136219138097151,0.883995,0
607136219272314879,0.868583,0
607136219540750335,0.921673,0
607136219809185791,0.927096,0
607136219943403519,0.935503,0
607136220077621247,0.932702,0
607136220346056703,0.894853,0
607136220614492159,0.866314,0
607136220748709887,0.881424,0
607136220882927615,0.870353,0
607136221017145343,0.876226,0
607136221151363071,0.900648,0
607136221285580799,0.867854,0
607136221419798527,0.861546,0
607136221956669439,0.885704,0
607136222493540351,0.8593,0
607136222761975807,0.883458,0
607136222896193535,0.867582,0
607136223030411263,0.864156,0
607136223164628991,0.881112,0
607136223298846719,0.847875,0
607136223433064447,0.863787,0
607136223567282175,0.850251,0
607136439657824255,0.801152,0
607136439792041983,0.829617,0
607136439926259711,0.791482,0
607136440060477439,0.81237,0
607136440194695167,0.801838,0
607136440328912895,0.828254,0
607136440463130623,0.802677,0
607136441805307903,0.788833,0
607136441939525631,0.767183,0
607136442073743359,0.782218,0
607136442207961087,0.771672,0
607136442342178815,0.77605,0
607136442476396543,0.805003,0
607136442610614271,0.770087,0
607136442879049727,0.794883,0
607136443147485183,0.79146,0
607136443281702911,0.798837,0
607136443415920639,0.820668,0
607136443684356095,0.790408,0
607136443952791551,0.788318,0
607136444087009279,0.793621,0
607136444221227007,0.77839,0
607136444355444735,0.786362,0
607136444489662463,0.800733,0
607136444623880191,0.805507,0
607136444758097919,0.790323,0
607136445026533375,0.804926,0
607136445294968831,0.811326,0
607136445429186559,0.820104,0
607136445563404287,0.81563,0
607136445831839743,0.809283,0
607136446100275199,0.771959,0
607136446234492927,0.781355,0
607136446368710655,0.743721,0
607136446502928383,0.760431,0
607136446637146111,0.781676,0
607136446771363839,0.775935,0
607136446905581567,0.76521,0
607136456837693439,0.766909,0
607136456971911167,0.775525,0
607136457106128895,0.761557,0
607136457240346623,0.763278,0
607136457374564351,0.785616,0
607136457508782079,0.771099,0
607136457642999807,0.775769,0
607136457911435263,0.77247,0
607136458045652991,0.768493,0
607136458179870719,0.773186,0
607136458314088447,0.769797,0
607136458448306175,0.784378,0
607136458582523903,0.778956,0
607136458716741631,0.809966,0
607136458985177087,0.79895,0
607136459119394815,0.804707,0
607136459253612543,0.806051,0
607136459387830271,0.820738,0
607136459522047999,0.769984,0
607136459656265727,0.792174,0
607136459790483455,0.792484,0
607136460058918911,0.773778,0
607136460193136639,0.775529,0
607136460327354367,0.784251,0
607136460461572095,0.786553,0
607136460595789823,0.775628,0
607136460730007551,0.765447,0
607136460864225279,0.773988,0
607136461132660735,0.773028,0
607136461266878463,0.754177,0
607136461401096191,0.759962,0
607136461535313919,0.774217,0
607136461669531647,0.753127,0
607136461803749375,0.755896,0
607136461937967103,0.770864,0
607136462206402559,0.774471,0
607136462340620287,0.771923,0
607136462474838015,0.752792,0
607136462609055743,0.767654,0
607136462743273471,0.758231,0
607136462877491199,0.764453,0
607136463011708927,0.744881,0
607136463280144383,0.80642,0
607136463414362111,0.78574,0
607136463548579839,0.795875,0
607136463682797567,0.799274,0
607136463817015295,0.783983,0
607136463951233023,0.783665,0
607136464085450751,0.801254,0
607136465427628031,0.860027,0
607136465561845759,0.8697,0
607136465696063487,0.848739,0
607136465830281215,0.890018,0
607136465964498943,0.848863,0
607136466098716671,0.86801,0
607136466232934399,0.869121,0
607136467575111679,0.880743,0
607136467709329407,0.873843,0
607136467843547135,0.858403,0
607136467977764863,0.881807,0
607136468111982591,0.847413,0
607136468246200319,0.874853,0
607136468380418047,0.860389,0
607136468648853503,0.878754,0
607136468917288959,0.865913,0
607136469051506687,0.87795,0
607136469185724415,0.88769,0
607136469454159871,0.871532,0
607136469722595327,0.81013,0
607136469856813055,0.813902,0
607136469991030783,0.793452,0
607136470125248511,0.827804,0
607136470259466239,0.786457,0
607136470393683967,0.794756,0
607136470527901695,0.786712,0
607136471064772607,0.812439,0
607136471601643519,0.809202,0
607136471870078975,0.796416,0
607136472004296703,0.848238,0
607136472138514431,0.789744,0
607136472272732159,0.846026,0
607136472406949887,0.774824,0
607136472541167615,0.804978,0
607136472675385343,0.768344,0
607136474017562623,0.76993,0
607136474151780351,0.778722,0
607136474285998079,0.766979,0
607136474420215807,0.777847,0
607136474554433535,0.759377,0
607136474688651263,0.786882,0
607136474822868991,0.766111,0
607136475359739903,0.765106,0
607136475896610815,0.769368,0
607136476165046271,0.750284,0
607136476299263999,0.786211,0
607136476433481727,0.741907,0
607136476567699455,0.79079,0
607136476701917183,0.74807,0
607136476836134911,0.767153,0
607136476970352639,0.746253,0
607136477238788095,0.784713,0
607136477373005823,0.810791,0
607136477507223551,0.808083,0
607136477641441279,0.813209,0
607136477775659007,0.75792,0
607136477909876735,0.768962,0
607136478044094463,0.773468,0
607136478312529919,0.74069,0
607136478446747647,0.748412,0
607136478580965375,0.747803,0
607136478715183103,0.751187,0
607136478849400831,0.727585,0
607136478983618559,0.749946,0
607136479117836287,0.729077,0
607136479386271743,0.751031,0
607136479654707199,0.758436,0
607136479788924927,0.782491,0
607136479923142655,0.747874,0
607136480191578111,0.748902,0
607136480460013567,0.745732,0
607136480594231295,0.770483,0
607136480728449023,0.754418,0
607136480862666751,0.757102,0
607136480996884479,0.737847,0
607136481131102207,0.746811,0
607136481265319935,0.748886,0
607136491197431807,0.755872,0
607136491331649535,0.854419,0
607136491465867263,0.772177,0
607136491600084991,0.773498,0
607136491734302719,0.759044,0
607136491868520447,0.78464,0
607136492002738175,0.764973,0
607136492271173631,0.75658,0
607136492405391359,0.771493,0
607136492539609087,0.816762,0
607136492673826815,0.745458,0
607136492808044543,0.737556,0
607136492942262271,0.777668,0
607136493076479999,0.811061,0
607136493344915455,0.762509,0
607136493479133183,0.744198,0
607136493613350911,0.786066,0
607136493747568639,0.763605,0
607136493881786367,0.779968,0
607136494016004095,0.764837,0
607136494150221823,0.830532,0
607136494418657279,0.780599,0
607136494552875007,0.75711,0
607136494687092735,0.758615,0
607136494821310463,0.770101,0
607136494955528191,0.811226,0
607136495089745919,0.763969,0
607136495223963647,0.772831,0
607136495492399103,0.702034,0
607136495626616831,0.720621,0
607136495760834559,0.716777,0
607136495895052287,0.730509,0
607136496029270015,0.719522,0
607136496163487743,0.717099,0
607136496297705471,0.726094,0
607136496566140927,0.742348,0
607136496700358655,0.74677,0
607136496834576383,0.764039,0
607136496968794111,0.740564,0
607136497103011839,0.737078,0
607136497237229567,0.736075,0
607136497371447295,0.725937,0
607136497639882751,0.760171,0
607136497774100479,0.75808,0
607136497908318207,0.759411,0
607136498042535935,0.760314,0
607136498176753663,0.736525,0
607136498310971391,0.761805,0
607136498445189119,0.779232,0
607387824093659135,0.00122905,0
607387824227876863,0.00351558,0
607387824362094591,0.0008029,0
607387824496312319,0.000921789,0
607387824630530047,0.00329529,0
607387824764747775,0.00513233,0
607387824898965503,0.0008029,0
607387825167400959,0.0169936,0
607387825301618687,0.0047366,0
607387825435836415,0.00757968,0
607387825570054143,0.00991814,0
607387825704271871,0.0118412,0
607387825838489599,0.0112133,0
607387825972707327,0.0239562,0
607387826241142783,0.00122905,0
607387826375360511,0.00123194,0
607387826509578239,0.00122905,0
607387826643795967,0.000921789,0
607387826778013695,0.0008029,0
607387826912231423,0.0012414,0
607387827046449151,0.00122905,0
607387827314884607,0.00964466,0
607387827449102335,0.00476029,0
607387827583320063,0.00102662,0
607387827717537791,0.00399013,0
607387827851755519,0.0040272,0
607387827985973247,0.0357755,0
607387828120190975,0.00123194,0
607387828388626431,0.000641803,0
607387828522844159,0.00102688,0
607387828657061887,0.00158943,0
607387828791279615,0.000641803,0
607387829059715071,0.000256721,0
607387829462368255,0.00518037,0
607387829596585983,0.0116536,0
607387829730803711,0.00641299,0
607387829865021439,0.0084413,0
607387829999239167,0.000427869,0
607387830133456895,0.00322903,0
607387830267674623,0.000171147,0
607387830536110079,0.00120435,0
607387830670327807,0.00120435,0
607387830804545535,0.00184358,0
607387830938763263,0.00120435,0
607387831207198719,0.00120435,0
607387841273528319,0.00248281,0
607387841407746047,0.0016552,0
607387841541963775,0.00184358,0
607387841676181503,0.00122905,0
607387841810399231,0.00248281,0
607387841944616959,0.00184358,0
607387842347270143,0.00196269,0
607387842481487871,0.00123194,0
607387842615705599,0.00122905,0
607387842749923327,0.000921789,0
607387842884141055,0.00122905,0
607387843018358783,0.00122905,0
607387843152576511,0.00122905,0
607387843421011967,0.00684929,0
607387843555229695,0.00724862,0
607387843689447423,0.00120435,0
607387843823665151,0.00435706,0
607387843957882879,0.00248281,0
607387844092100607,0.00184358,0
607387844226318335,0.00120435,0
607387844494753791,0.00156102,0
607387844628971519,0.000737431,0
607387844763189247,0.00240934,0
607387844897406975,0.000737431,0
607387845031624703,0.00192299,0
607387845165842431,0.000921789,0
607387845300060159,0.00240934,0
607387846642237439,0.00184358,0
607387846776455167,0.00122905,0
607387846910672895,0.00440584,0
607387847044890623,0.00184358,0
607387847313326079,0.00184358,0
607387859527139327,0.000256721,0
607387859661357055,0.00222565,0
607387859929792511,0.00124119,0
607387860198227967,0.000256721,0
607387861674622975,0.000256721,0
607387861808840703,0.00911818,0
607387862077276159,0.000256721,0
607387862345711615,0.000256721,0
607387884223201279,0.0832536,0
607387884357419007,0.0492653,0
607387884491636735,0.0876257,0
607387884625854463,0.0611019,0
607387884760072191,0.0481161,0
607387884894289919,0.0512332,0
607387885028507647,0.0696456,0
607387885296943103,0.0731112,0
607387885431160831,0.0448538,0
607387885565378559,0.063776,0
607387885699596287,0.0444998,0
607387885833814015,0.0744154,0
607387885968031743,0.0615468,0
607387886102249471,0.0563795,0
607387886370684927,0.0600702,0
607387886504902655,0.0618857,0
607387886639120383,0.0654044,0
607387886773338111,0.0432515,0
607387886907555839,0.0326173,0
607387887041773567,0.0681017,0
607387887175991295,0.0307543,0
607387887444426751,0.0516169,0
607387887578644479,0.0272912,0
607387887712862207,0.041495,0
607387887847079935,0.0273361,0
607387887981297663,0.0568755,0
607387888115515391,0.0406792,0
607387888249733119,0.0506864,0
607387888518168575,0.0449434,0
607387888652386303,0.0498988,0
607387888786604031,0.0432881,0
607387888920821759,0.0495976,0
607387889055039487,0.0609717,0
607387889189257215,0.0580942,0
607387889323474943,0.0520996,0
607387889591910399,0.100659,0
607387889726128127,0.0914259,0
607387889860345855,0.0678098,0
607387889994563583,0.0872832,0
607387890128781311,0.129873,0
607387890262999039,0.0901011,0
607387890397216767,0.104216,0
607387890665652223,0.0287815,0
607387890799869951,0.0709242,0
607387890934087679,0.0202997,0
607387891068305407,0.0283869,0
607387891202523135,0.0478864,0
607387891336740863,0.0335099,0
607387891470958591,0.0278665,0
607387892813135871,0.0215998,0
607387892947353599,0.0268482,0
607387893081571327,0.0145862,0
607387893215789055,0.0208288,0
607387893350006783,0.0241854,0
607387893484224511,0.0232332,0
607387893618442239,0.0311632,0
607387893886877695,0.0307016,0
607387894021095423,0.032426,0
607387894155313151,0.0307852,0
607387894289530879,0.0329141,0
607387894423748607,0.0322944,0
607387894557966335,0.0430611,0
607387894692184063,0.0312511,0
607387894960619519,0.0226448,0
607387895094837247,0.0141796,0
607387895229054975,0.0240771,0
607387895363272703,0.0248999,0
607387895497490431,0.0241205,0
607387895631708159,0.0136992,0
607387895765925887,0.0213688,0
607387896034361343,0.0184717,0
607387896168579071,0.0247168,0
607387896302796799,0.0244185,0
607387896437014527,0.0228205,0
607387896571232255,0.0268305,0
607387896705449983,0.0204758,0
607387896839667711,0.0134677,0
607387897108103167,0.03487,0
607387897242320895,0.0238093,0
607387897376538623,0.0403841,0
607387897510756351,0.0407083,0
607387897644974079,0.0437555,0
607387897779191807,0.0427722,0
607387897913409535,0.0377839,0
607387898181844991,0.0366876,0
607387898316062719,0.0380747,0
607387898450280447,0.0243699,0
607387898584498175,0.0279782,0
607387898718715903,0.0354893,0
607387898852933631,0.038011,0
607387898987151359,0.0424747,0
607387899255586815,0.0354846,0
607387899389804543,0.0253939,0
607387899524022271,0.0187452,0
607387899658239999,0.022634,0
607387899792457727,0.0234985,0
607387899926675455,0.0371747,0
607387900060893183,0.0240144,0
607387901403070463,0.0107545,0
607387901537288191,0.0280677,0
607387901671505919,0.0104863,0
607387901805723647,0.0114704,0
607387901939941375,0.0246168,0
607387902074159103,0.0168675,0
607387902208376831,0.0132413,0
607387902476812287,0.015253,0
607387902611030015,0.0224132,0
607387902745247743,0.0314864,0
607387902879465471,0.0164864,0
607387903013683199,0.0291853,0
607387903147900927,0.038845,0
607387903282118655,0.0142261,0
607387903550554111,0.00866532,0
607387903684771839,0.00894582,0
607387903818989567,0.00821337,0
607387903953207295,0.00537811,0
607387904087425023,0.00969331,0
607387904221642751,0.00919478,0
607387904355860479,0.00817855,0
607387904624295935,0.00953523,0
607387904758513663,0.00833269,0
607387904892731391,0.00805343,0
607387905026949119,0.00790878,0
607387905161166847,0.0294629,0
607387905295384575,0.0165034,0
607387905429602303,0.0116719,0
607387905698037759,0.0227241,0
607387905832255487,0.0228232,0
607387905966473215,0.00801667,0
607387906100690943,0.0140511,0
607387906234908671,0.0320355,0
607387906369126399,0.0409813,0
607387906503344127,0.024051,0
607387906771779583,0.0287565,0
607387906905997311,0.0353141,0
607387907040215039,0.0259821,0
607387907174432767,0.0303742,0
607387907308650495,0.0263183,0
607387907442868223,0.0274276,0
607387907577085951,0.0326589,0
607387907845521407,0.0135635,0
607387907979739135,0.0130863,0
607387908113956863,0.0084918,0
607387908248174591,0.00890222,0
607387908382392319,0.00863059,0
607387908516610047,0.00879748,0
607387908650827775,0.0273835,0
607387909993005055,0.0217591,0
607387910127222783,0.0249673,0
607387910261440511,0.0172285,0
607387910395658239,0.0203836,0
607387910529875967,0.0256892,0
607387910664093695,0.0237375,0
607387910798311423,0.0210955,0
607387911066746879,0.0224581,0
607387911200964607,0.0214609,0
607387911335182335,0.0285957,0
607387911469400063,0.0210288,0
607387911603617791,0.026202,0
607387911737835519,0.0223085,0
607387911872053247,0.0274291,0
607387912140488703,0.0187361,0
607387912274706431,0.0150775,0
607387912408924159,0.0184864,0
607387912543141887,0.0156839,0
607387912677359615,0.0199144,0
607387912811577343,0.0150024,0
607387912945795071,0.0141685,0
607387913214230527,0.0327265,0
607387913348448255,0.0261917,0
607387913482665983,0.0208664,0
607387913616883711,0.0320164,0
607387913751101439,0.0200308,0
607387913885319167,0.0216578,0
607387914019536895,0.0210078,0
607387914287972351,0.0303127,0
607387914422190079,0.0426656,0
607387914556407807,0.0269547,0
607387914690625535,0.0233698,0
607387914824843263,0.0411936,0
607387914959060991,0.0284734,0
607387915093278719,0.0284323,0
607387915361714175,0.01825,0
607387915495931903,0.0222082,0
607387915630149631,0.0197074,0
607387915764367359,0.0233377,0
607387915898585087,0.0198055,0
607387916032802815,0.0259825,0
607387916167020543,0.0187734,0
607387916435455999,0.0140347,0
607387916569673727,0.0174392,0
607387916703891455,0.00792892,0
607387916838109183,0.00874402,0
607387916972326911,0.015669,0
607387917106544639,0.0255472,0
607387917240762367,0.0119943,0
607387918582939647,0.0541614,0
607387918717157375,0.048276,0
607387918851375103,0.0765447,0
607387918985592831,0.0767894,0
607387919119810559,0.0293812,0
607387919254028287,0.0468255,0
607387919388246015,0.0525198,0
607387919656681471,0.0986535,0
607387919790899199,0.0814616,0
607387919925116927,0.077182,0
607387920059334655,0.0758249,0
607387920193552383,0.077912,0
607387920327770111,0.106457,0
607387920461987839,0.065324,0
607387920730423295,0.064987,0
607387920864641023,0.0921593,0
607387920998858751,0.108138,0
607387921133076479,0.096027,0
607387921267294207,0.0399102,0
607387921401511935,0.0888,0
607387921535729663,0.0875263,0
607387921804165119,0.213085,0
607387921938382847,0.135589,0
607387922072600575,0.0960815,0
607387922206818303,0.183055,0
607387922341036031,0.170042,0
607387922475253759,0.114732,0
607387922609471487,0.177275,0
607387922877906943,0.0152671,0
607387923012124671,0.0232286,0
607387923146342399,0.0158613,0
607387923280560127,0.0199195,0
607387923414777855,0.00974745,0
607387923548995583,0.0259892,0
607387923683213311,0.00880298,0
607387923951648767,0.0943699,0
607387924085866495,0.0927932,0
607387924220084223,0.0385106,0
607387924354301951,0.0653627,0
607387924488519679,0.0819313,0
607387924622737407,0.0844244,0
607387924756955135,0.0570796,0
607387925025390591,0.049716,0
607387925159608319,0.0487186,0
607387925293826047,0.0209398,0
607387925428043775,0.0271435,0
607387925562261503,0.0348548,0
607387925696479231,0.0331463,0
607387925830696959,0.0379273,0
607387927172874239,0.0660465,0
607387927307091967,0.0519438,0
607387927441309695,0.0737544,0
607387927575527423,0.0556472,0
607387927709745151,0.0663675,0
607387927843962879,0.0594295,0
607387927978180607,0.0570029,0
607387928246616063,0.0400416,0
607387928380833791,0.0426914,0
607387928515051519,0.0380618,0
607387928649269247,0.0354073,0
607387928783486975,0.0403295,0
607387928917704703,0.0421659,0
607387929051922431,0.042676,0
607387929320357887,0.0647507,0
607387929454575615,0.047033,0
607387929588793343,0.0711069,0
607387929723011071,0.0484661,0
607387929857228799,0.0677367,0
607387929991446527,0.0576212,0
607387930125664255,0.0600744,0
607387930394099711,0.0359034,0
607387930528317439,0.0438433,0
607387930662535167,0.0457196,0
607387930796752895,0.0496772,0
607387930930970623,0.0366047,0
607387931065188351,0.0353386,0
607387931199406079,0.0490952,0
607387931467841535,0.0685655,0
607387931602059263,0.0759693,0
607387931736276991,0.0638141,0
607387931870494719,0.0701404,0
607387932004712447,0.0617391,0
607387932138930175,0.0786243,0
607387932273147903,0.0745284,0
607387932541583359,0.0549455,0
607387932675801087,0.0464988,0
607387932810018815,0.0690746,0
607387932944236543,0.0509479,0
607387933078454271,0.0521937,0
607387933212671999,0.0514716,0
607387933346889727,0.0721686,0
607387933615325183,0.0643088,0
607387933749542911,0.0710523,0
607387933883760639,0.0734316,0
607387934017978367,0.058319,0
607387934152196095,0.0617456,0
607387934286413823,0.0702863,0
607387934420631551,0.079313,0
607387935762808831,0.0175841,0
607387935897026559,0.0273677,0
607387936031244287,0.0110536,0
607387936165462015,0.0144678,0
607387936299679743,0.00705244,0
607387936433897471,0.0132523,0
607387936568115199,0.00400874,0
607387936836550655,0.0523745,0
607387936970768383,0.0374982,0
607387937104986111,0.0288238,0
607387937239203839,0.0319443,0
607387937373421567,0.0375277,0
607387937507639295,0.0550653,0
607387937641857023,0.0284366,0
607387937910292479,0.00982018,0
607387938044510207,0.00705262,0
607387938178727935,0.0162474,0
607387938312945663,0.0207305,0
607387938447163391,0.00847706,0
607387938581381119,0.0121071,0
607387938715598847,0.00909279,0
607387938984034303,0.019039,0
607387939118252031,0.0217746,0
607387939252469759,0.0215246,0
607387939386687487,0.0301156,0
607387939520905215,0.0213688,0
607387939655122943,0.0163886,0
607387939789340671,0.0162002,0
607387940057776127,0.00569225,0
607387940191993855,0.00477723,0
607387940326211583,0.00394805,0
607387940460429311,0.00641821,0
607387940594647039,0.00399814,0
607387940728864767,0.00879846,0
607387940863082495,0.006374,0
607387941131517951,0.007995,0
607387941265735679,0.025556,0
607387941399953407,0.00781677,0
607387941534171135,0.0174505,0
607387941668388863,0.011555,0
607387941802606591,0.0113741,0
607387941936824319,0.00799818,0
607387942205259775,0.00159762,0
607387942339477503,0.00389665,0
607387942473695231,0.000877131,0
607387942607912959,0.00817799,0
607387942742130687,0.00310278,0
607387942876348415,0.000941311,0
607387943010566143,0.00201135,0
607387954150637567,0.0021003,0
607387954419073023,0.0021003,0
607387956298121215,0.00373214,0
607387956566556671,0.0021003,0
607387961532612607,0.00444246,0
607387961666830335,0.00123469,0
607387961801048063,0.00372229,0
607387961935265791,0.0121662,0
607387962069483519,0.00710562,0
607387962203701247,0.000737431,0
607387962337918975,0.00757954,0
607387962606354431,0.000526737,0
607387962740572159,0.00391072,0
607387962874789887,0.000526737,0
607387963009007615,0.0038007,0
607387963143225343,0.00178497,0
607387963277443071,0.00489814,0
607387963411660799,0.00208247,0
607387963680096255,0.00096348,0
607387963814313983,0.0108211,0
607387963948531711,0.00154554,0
607387964082749439,0.00117001,0
607387964216967167,0.00105015,0
607387964351184895,0.00365144,0
607387964485402623,0.00152396,0
607387964753838079,0.0115988,0
607387964888055807,0.00435667,0
607387965022273535,0.0072153,0
607387965156491263,0.00636493,0
607387965290708991,0.000892171,0
607387965424926719,0.00373468,0
607387965559144447,0.0142995,0
607387965827579903,0.00123077,0
607387965961797631,0.00404877,0
607387966096015359,0.0021003,0
607387966230233087,0.018778,0
607387966364450815,0.000256721,0
607387966498668543,0.000171147,0
607387966632886271,0.00146107,0
607387966901321727,0.000737431,0
607387967035539455,0.00200545,0
607387967169757183,0.00120459,0
607387967303974911,0.00200545,0
607387967438192639,0.00103731,0
607387967572410367,0.000737431,0
607387967706628095,0.00198319,0
607387967975063551,0.0014002,0
607387968109281279,0.00170826,0
607387968243499007,0.00248809,0
607387968377716735,0.00170826,0
607387968511934463,0.0021003,0
607387968646152191,0.00339967,0
607387968780369919,0.00291622,0
607387978712481791,0.00546932,0
607387978846699519,0.00343863,0
607387978980917247,0.00163184,0
607387979115134975,0.00180299,0
607387979249352703,0.00163184,0
607387979383570431,0.00633243,0
607387979517788159,0.00163184,0
607387979786223615,0.00156353,0
607387979920441343,0.000511755,0
607387980054659071,0.00108179,0
607387980188876799,0.00441091,0
607387980323094527,0.00354102,0
607387980457312255,0.00168828,0
607387980591529983,0.00771755,0
607387981933707263,0.0242174,0
607387982067924991,0.0134156,0
607387982470578175,0.00406877,0
607387982604795903,0.00670052,0
607387982739013631,0.00866052,0
607387983141666815,0.00188856,0
607387983410102271,0.00163184,0
607387983678537727,0.0021003,0
607387984081190911,0.00303204,0
607387984215408639,0.00186607,0
607387984349626367,0.00243474,0
607387984483844095,0.00303204,0
607387984618061823,0.00373214,0
607387984752279551,0.00303204,0
607387984886497279,0.00373214,0
607387985289150463,0.00163184,0
607387985826021375,0,0
607387996966092799,0.00120435,0
607387997234528255,0.00120435,0
607387997368745983,0.0008029,0
607387997502963711,0.00120435,0
607387997637181439,0.00434911,0
607387997771399167,0.00120435,0
607387998174052351,0.000256721,0
607387999113576447,0.000256721,0
607387999247794175,0.00032518,0
607387999382011903,0.000256721,0
607387999516229631,0.000171147,0
607387999650447359,0.00120435,0
607387999784665087,0.0008029,0
607387999918882815,0.000256721,0
607388021662154751,0.00417413,0
607388021796372479,0.00660287,0
607388021930590207,0.00639146,0
607388022064807935,0.00542789,0
607388022199025663,0.00420631,0
607388022333243391,0.00577068,0
607388022467461119,0.0065645,0
607388022735896575,0.0238748,0
607388022870114303,0.0391706,0
607388023004332031,0.012386,0
607388023138549759,0.0188714,0
607388023272767487,0.0184375,0
607388023406985215,0.0199946,0
607388023541202943,0.0104341,0
607388023809638399,0.0069849,0
607388023943856127,0.0145331,0
607388024078073855,0.00917818,0
607388024212291583,0.0348094,0
607388024346509311,0.00957415,0
607388024480727039,0.00580859,0
607388024614944767,0.00897354,0
607388024883380223,0.00389378,0
607388025017597951,0.003961,0
607388025151815679,0.0136259,0
607388025286033407,0.00389378,0
607388025420251135,0.00418105,0
607388025554468863,0.010055,0
607388025688686591,0.00745814,0
607388025957122047,0.00456639,0
607388026091339775,0.00634779,0
607388026225557503,0.0375678,0
607388026359775231,0.00435154,0
607388026493992959,0.00502011,0
607388026628210687,0.00563562,0
607388026762428415,0.00695345,0
607388027030863871,0.00375985,0
607388027165081599,0.00738167,0
607388027299299327,0.00737606,0
607388027433517055,0.00418105,0
607388027567734783,0.00392596,0
607388027701952511,0.00666667,0
607388027836170239,0.0055156,0
607388028104605695,0.0124268,0
607388028238823423,0.0113906,0
607388028373041151,0.0179997,0
607388028507258879,0.0101866,0
607388028641476607,0.0163387,0
607388028775694335,0.00938023,0
607388028909912063,0.0172284,0
607388030252089343,0.0592377,0
607388030386307071,0.0645236,0
607388030520524799,0.0654964,0
607388030654742527,0.075261,0
607388030788960255,0.132975,0
607388030923177983,0.0490886,0
607388031057395711,0.0673309,0
607388031325831167,0.0770626,0
607388031460048895,0.0782517,0
607388031594266623,0.122217,0
607388031728484351,0.135146,0
607388031862702079,0.147665,0
607388031996919807,0.0992823,0
607388032131137535,0.0822999,0
607388032399572991,0.0199221,0
607388032533790719,0.02421,0
607388032668008447,0.0202094,0
607388032802226175,0.0200186,0
607388032936443903,0.130683,0
607388033070661631,0.0416938,0
607388033204879359,0.0379507,0
607388033473314815,0.0447206,0
607388033607532543,0.0359601,0
607388033741750271,0.042949,0
607388033875967999,0.129742,0
607388034010185727,0.140952,0
607388034144403455,0.0416859,0
607388034278621183,0.04321,0
607388034547056639,0.0659906,0
607388034681274367,0.132943,0
607388034815492095,0.066124,0
607388034949709823,0.0668532,0
607388035083927551,0.0767422,0
607388035218145279,0.0472695,0
607388035352363007,0.0746471,0
607388035620798463,0.0182516,0
607388035755016191,0.0823288,0
607388035889233919,0.029119,0
607388036023451647,0.0254113,0
607388036157669375,0.0175211,0
607388036291887103,0.0507803,0
607388036426104831,0.023597,0
607388036694540287,0.0455457,0
607388036828758015,0.0759989,0
607388036962975743,0.0171334,0
607388037097193471,0.071684,0
607388037231411199,0.0470879,0
607388037365628927,0.0786242,0
607388037499846655,0.0180375,0
607388038842023935,0.0154434,0
607388038976241663,0.0325031,0
607388039110459391,0.0090429,0
607388039244677119,0.0153681,0
607388039378894847,0.0312267,0
607388039513112575,0.0214983,0
607388039647330303,0.0109765,0
607388039915765759,0.00661325,0
607388040049983487,0.017097,0
607388040184201215,0.0142723,0
607388040318418943,0.0200661,0
607388040452636671,0.00885081,0
607388040586854399,0.0337983,0
607388040721072127,0.0190876,0
607388040989507583,0.0088945,0
607388041123725311,0.00945152,0
607388041257943039,0.0434614,0
607388041392160767,0.00925475,0
607388041526378495,0.00803662,0
607388041660596223,0.0101615,0
607388041794813951,0.00988128,0
607388042063249407,0.010383,0
607388042197467135,0.0274634,0
607388042331684863,0.00586947,0
607388042465902591,0.0193537,0
607388042600120319,0.017392,0
607388042734338047,0.0279163,0
607388042868555775,0.00959404,0
607388043136991231,0.020225,0
607388043271208959,0.0252457,0
607388043405426687,0.010106,0
607388043539644415,0.0205321,0
607388043673862143,0.00632233,0
607388043808079871,0.0197962,0
607388043942297599,0.00705711,0
607388044210733055,0.00652407,0
607388044344950783,0.0157386,0
607388044479168511,0.0117492,0
607388044613386239,0.00888157,0
607388044747603967,0.0199193,0
607388044881821695,0.00931315,0
607388045016039423,0.0118348,0
607388045284474879,0.0152135,0
607388045418692607,0.00895764,0
607388045552910335,0.0190434,0
607388045687128063,0.00791951,0
607388045821345791,0.00882112,0
607388045955563519,0.0113395,0
607388046089781247,0.00555069,0
607388047431958527,0.0195141,0
607388047566176255,0.0186097,0
607388047700393983,0.011138,0
607388047834611711,0.0150977,0
607388047968829439,0.0367582,0
607388048103047167,0.019516,0
607388048237264895,0.0222002,0
607388048505700351,0.0374427,0
607388048639918079,0.04131,0
607388048774135807,0.0202094,0
607388048908353535,0.0437785,0
607388049042571263,0.0251419,0
607388049176788991,0.0251342,0
607388049311006719,0.0204966,0
607388049579442175,0.0117365,0
607388049713659903,0.019124,0
607388049847877631,0.0278873,0
607388049982095359,0.0230397,0
607388050116313087,0.0167558,0
607388050250530815,0.0121054,0
607388050384748543,0.0264473,0
607388050653183999,0.0211604,0
607388050787401727,0.0285313,0
607388050921619455,0.0192968,0
607388051055837183,0.019464,0
607388051190054911,0.0180351,0
607388051324272639,0.0249032,0
607388051458490367,0.0191541,0
607388051726925823,0.0283969,0
607388051861143551,0.0267756,0
607388051995361279,0.0221102,0
607388052129579007,0.0235029,0
607388052263796735,0.0243422,0
607388052398014463,0.0114777,0
607388052532232191,0.0233981,0
607388052800667647,0.0169561,0
607388052934885375,0.0202094,0
607388053069103103,0.0143688,0
607388053203320831,0.0199221,0
607388053337538559,0.0126693,0
607388053471756287,0.0199221,0
607388053605974015,0.0140167,0
607388053874409471,0.0114568,0
607388054008627199,0.0155067,0
607388054142844927,0.0162931,0
607388054277062655,0.0224515,0
607388054411280383,0.0278319,0
607388054545498111,0.0221411,0
607388054679715839,0.0277501,0
607388056021893119,0.00410257,0
607388056156110847,0.0139892,0
607388056290328575,0.00370592,0
607388056424546303,0.00995978,0
607388056558764031,0.00626818,0
607388056692981759,0.00682108,0
607388056827199487,0.00370592,0
607388057095634943,0.00441483,0
607388057229852671,0.00525808,0
607388057364070399,0.00445941,0
607388057498288127,0.00424481,0
607388057632505855,0.00638826,0
607388057766723583,0.00499995,0
607388057900941311,0.00373468,0
607388058169376767,0.00547752,0
607388058303594495,0.00370592,0
607388058437812223,0.00635011,0
607388058572029951,0.00893084,0
607388058706247679,0.00377927,0
607388058840465407,0.00771737,0
607388058974683135,0.005179,0
607388059243118591,0.00930306,0
607388059377336319,0.00392596,0
607388059511554047,0.00944172,0
607388059645771775,0.00392596,0
607388059779989503,0.00416602,0
607388059914207231,0.0105993,0
607388060048424959,0.00404599,0
607388060316860415,0.000526737,0
607388060451078143,0.00626818,0
607388060585295871,0.000614526,0
607388060719513599,0.003089,0
607388060853731327,0.00102662,0
607388060987949055,0.000879956,0
607388061122166783,0.00321017,0
607388061390602239,0.00703834,0
607388061524819967,0.0127735,0
607388061659037695,0.00643461,0
607388061793255423,0.00647958,0
607388061927473151,0.00721495,0
607388062061690879,0.00806889,0
607388062195908607,0.00626818,0
607388062464344063,0.0446456,0
607388062598561791,0.00699268,0
607388062732779519,0.001852,0
607388062866997247,0.000526737,0
607388063001214975,0.00170401,0
607388063135432703,0.000526737,0
607388063269650431,0.000737431,0
607388064611827711,0.0195344,0
607388064746045439,0.0204662,0
607388064880263167,0.0198462,0
607388065014480895,0.0229825,0
607388065148698623,0.011024,0
607388065282916351,0.0120237,0
607388065417134079,0.0146531,0
607388065685569535,0.0193403,0
607388065819787263,0.0214678,0
607388065954004991,0.0188302,0
607388066088222719,0.0230397,0
607388066222440447,0.0197571,0
607388066356658175,0.0167637,0
607388066490875903,0.0193704,0
607388066759311359,0.017848,0
607388066893529087,0.0227607,0
607388067027746815,0.0244075,0
607388067161964543,0.0219528,0
607388067296182271,0.0160589,0
607388067430399999,0.0157326,0
607388067564617727,0.0144065,0
607388067833053183,0.0435134,0
607388067967270911,0.0239322,0
607388068101488639,0.0483678,0
607388068235706367,0.0226041,0
607388068369924095,0.0232905,0
607388068504141823,0.023026,0
607388068638359551,0.0474122,0
607388068906795007,0.00980593,0
607388069041012735,0.00589484,0
607388069175230463,0.0106381,0
607388069309448191,0.00608953,0
607388069443665919,0.00768821,0
607388069577883647,0.0097744,0
607388069712101375,0.00682646,0
607388069980536831,0.00759477,0
607388070114754559,0.0139485,0
607388070248972287,0.0171541,0
607388070383190015,0.0144734,0
607388070517407743,0.00492931,0
607388070651625471,0.00719317,0
607388070785843199,0.00614682,0
607388071054278655,0.00622929,0
607388071188496383,0.00754985,0
607388071322714111,0.00395473,0
607388071456931839,0.0072355,0
607388071591149567,0.0137521,0
607388071725367295,0.00640554,0
607388071859585023,0.00911907,0
607388073201762303,0.00137681,0
607388073335980031,0.00634087,0
607388073470197759,0.00307327,0
607388073604415487,0.00426176,0
607388073738633215,0.0075927,0
607388073872850943,0.000688336,0
607388074007068671,0.0101826,0
607388074275504127,0.00596752,0
607388074409721855,0.00611492,0
607388074543939583,0.00861416,0
607388074678157311,0.0263857,0
607388074812375039,0.00659059,0
607388074946592767,0.00909244,0
607388075080810495,0.0059889,0
607388075349245951,0.00128848,0
607388075483463679,0.00402831,0
607388075617681407,0.00204216,0
607388075751899135,0.00419072,0
607388075886116863,0.00217419,0
607388076020334591,0.00405788,0
607388076154552319,0.00125714,0
607388076422987775,0.0134007,0
607388076557205503,0.0254994,0
607388076691423231,0.0154495,0
607388076825640959,0.0153107,0
607388076959858687,0.0101157,0
607388077094076415,0.0299726,0
607388077228294143,0.00943296,0
607388077496729599,0.00873621,0
607388077630947327,0.00167184,0
607388077765165055,0.0165384,0
607388077899382783,0.00898297,0
607388078033600511,0.0165941,0
607388078167818239,0.00287832,0
607388078302035967,0.0285106,0
607388078570471423,0.00416354,0
607388078704689151,0.00505974,0
607388078838906879,0.00400194,0
607388078973124607,0.00505974,0
607388079107342335,0.00176643,0
607388079241560063,0.00188056,0
607388079375777791,0.00334589,0
607388079644213247,0.00177019,0
607388079778430975,0.000957092,0
607388079912648703,0.00177019,0
607388080046866431,0.00141615,0
607388080181084159,0.00198319,0
607388080315301887,0.00164239,0
607388080449519615,0.00410351,0
607388167691042815,0.00986213,0
607388167825260543,0.00902538,0
607388167959478271,0.00224306,0
607388168093695999,0.00834188,0
607388168227913727,0.0134272,0
607388168362131455,0.0076011,0
607388168496349183,0.00660316,0
607388168764784639,0.0184933,0
607388168899002367,0.0308036,0
607388169033220095,0.0199112,0
607388169167437823,0.0283212,0
607388169301655551,0.0205747,0
607388169435873279,0.0271373,0
607388169570091007,0.0088745,0
607388169838526463,0.00316753,0
607388169972744191,0.00753317,0
607388170106961919,0.00482007,0
607388170241179647,0.00507679,0
607388170375397375,0.0083634,0
607388170509615103,0.00552323,0
607388170643832831,0.00327645,0
607388170912268287,0.0379345,0
607388171046486015,0.0569347,0
607388171180703743,0.0339424,0
607388171314921471,0.0709777,0
607388171449139199,0.029937,0
607388171583356927,0.0326388,0
607388171717574655,0.00776867,0
607388172120227839,0.00443853,0
607388172388663295,0.0010969,0
607388173059751935,0.0117428,0
607388173193969663,0.00855525,0
607388173328187391,0.0064522,0
607388173462405119,0.00604793,0
607388173596622847,0.00915532,0
607388173730840575,0.0127612,0
607388173865058303,0.00761012,0
607388174267711487,0.00481138,0
607388174536146943,0.0163714,0
607388174804582399,0.0010969,0
607388185005129727,0.00686412,0
607388185273565183,0.00846556,0
607388185542000639,0.00340148,0
607388185944653823,0.00461677,0
607388186078871551,0.0132947,0
607388186213089279,0.010716,0
607388186347307007,0.033933,0
607388186481524735,0.00102688,0
607388186615742463,0.00296216,0
607388186749960191,0.00652858,0
607388187018395647,0.00340148,0
607388187152613375,0.00561582,0
607388187421048831,0.00222565,0
607388187689484287,0.00677287,0
607388188092137471,0.0178524,0
607388188226355199,0.0178122,0
607388188360572927,0.0113633,0
607388188494790655,0.044621,0
607388188629008383,0.0368126,0
607388188763226111,0.0295755,0
607388188897443839,0.00712088,0
607388190373838847,0.00756977,0
607388190642274303,0.00438595,0
607388190910709759,0.00676583,0
607388205406224383,0.0187632,0
607388205674659839,0.0116553,0
607388365259538431,0.0421865,0
607388365393756159,0.0353821,0
607388365527973887,0.0462054,0
607388365662191615,0.0419049,0
607388365796409343,0.0386729,0
607388365930627071,0.0435999,0
607388366064844799,0.0411919,0
607388366333280255,0.0395304,0
607388366467497983,0.0493605,0
607388366601715711,0.031612,0
607388366735933439,0.0421799,0
607388366870151167,0.0344433,0
607388367004368895,0.0475654,0
607388367138586623,0.0345036,0
607388367407022079,0.0322567,0
607388367541239807,0.0347628,0
607388367675457535,0.0244408,0
607388367809675263,0.0245043,0
607388367943892991,0.0445681,0
607388368078110719,0.0406794,0
607388368212328447,0.0266749,0
607388368480763903,0.0395022,0
607388368614981631,0.0414763,0
607388368749199359,0.0368788,0
607388368883417087,0.0468623,0
607388369017634815,0.0371006,0
607388369151852543,0.0417754,0
607388369286070271,0.0355491,0
607388369554505727,0.0311461,0
607388369688723455,0.0359238,0
607388369822941183,0.0323533,0
607388369957158911,0.0328725,0
607388370091376639,0.0284601,0
607388370225594367,0.0348735,0
607388370359812095,0.0287602,0
607388370628247551,0.0435614,0
607388370762465279,0.0428798,0
607388370896683007,0.0460238,0
607388371030900735,0.0388495,0
607388371165118463,0.0381961,0
607388371299336191,0.0470333,0
607388371433553919,0.0402414,0
607388371701989375,0.0502275,0
607388371836207103,0.0443644,0
607388371970424831,0.0266647,0
607388372104642559,0.044628,0
607388372238860287,0.0410146,0
607388372373078015,0.0479665,0
607388372507295743,0.0284217,0
607388373849473023,0.04569,0
607388373983690751,0.0430462,0
607388374117908479,0.040418,0
607388374252126207,0.041628,0
607388374386343935,0.052004,0
607388374520561663,0.0411934,0
607388374654779391,0.0480441,0
607388374923214847,0.0352605,0
607388375057432575,0.0330867,0
607388375191650303,0.0385409,0
607388375325868031,0.0341736,0
607388375460085759,0.0362322,0
607388375594303487,0.0389155,0
607388375728521215,0.0407723,0
607388375996956671,0.0376973,0
607388376131174399,0.0444431,0
607388376265392127,0.0409257,0
607388376399609855,0.0413283,0
607388376533827583,0.0487715,0
607388376668045311,0.0427864,0
607388376802263039,0.0483864,0
607388377070698495,0.0345373,0
607388377204916223,0.0323781,0
607388377339133951,0.0409979,0
607388377473351679,0.0437747,0
607388377607569407,0.0357374,0
607388377741787135,0.0362379,0
607388377876004863,0.0346851,0
607388378144440319,0.0454537,0
607388378278658047,0.0508465,0
607388378412875775,0.0417364,0
607388378547093503,0.04534,0
607388378681311231,0.046357,0
607388378815528959,0.0458838,0
607388378949746687,0.0549782,0
607388379218182143,0.0460432,0
607388379352399871,0.0388141,0
607388379486617599,0.0452684,0
607388379620835327,0.0402192,0
607388379755053055,0.0504466,0
607388379889270783,0.042323,0
607388380023488511,0.0543467,0
607388380291923967,0.0414509,0
607388380426141695,0.0466538,0
607388380560359423,0.0459538,0
607388380694577151,0.0489623,0
607388380828794879,0.040839,0
607388380963012607,0.0435114,0
607388381097230335,0.0488781,0
607388382439407615,0.0306797,0
607388382573625343,0.0263159,0
607388382707843071,0.0320174,0
607388382842060799,0.0288,0
607388382976278527,0.0299221,0
607388383110496255,0.0278778,0
607388383244713983,0.0298938,0
607388383513149439,0.0214653,0
607388383647367167,0.023592,0
607388383781584895,0.0275395,0
607388383915802623,0.0277436,0
607388384050020351,0.0228001,0
607388384184238079,0.0218037,0
607388384318455807,0.0227105,0
607388384586891263,0.0379617,0
607388384721108991,0.032519,0
607388384855326719,0.0377793,0
607388384989544447,0.038582,0
607388385123762175,0.0317706,0
607388385257979903,0.0348288,0
607388385392197631,0.035152,0
607388385660633087,0.0329401,0
607388385794850815,0.0333191,0
607388385929068543,0.0350791,0
607388386063286271,0.0344583,0
607388386197503999,0.0315365,0
607388386331721727,0.032672,0
607388386465939455,0.0308923,0
607388386734374911,0.0281719,0
607388386868592639,0.0323154,0
607388387002810367,0.0273568,0
607388387137028095,0.0322809,0
607388387271245823,0.0265836,0
607388387405463551,0.0300696,0
607388387539681279,0.0246853,0
607388387808116735,0.02348,0
607388387942334463,0.0267811,0
607388388076552191,0.0241151,0
607388388210769919,0.0231946,0
607388388344987647,0.0207725,0
607388388479205375,0.0240472,0
607388388613423103,0.0220464,0
607388388881858559,0.0266871,0
607388389016076287,0.02888,0
607388389150294015,0.0305553,0
607388389284511743,0.0352994,0
607388389418729471,0.0276877,0
607388389552947199,0.0283745,0
607388389687164927,0.030688,0
607388391029342207,0.0414928,0
607388391163559935,0.0372232,0
607388391297777663,0.0443071,0
607388391431995391,0.0449374,0
607388391566213119,0.0378903,0
607388391700430847,0.0360868,0
607388391834648575,0.0415594,0
607388392103084031,0.0393146,0
607388392237301759,0.0391174,0
607388392371519487,0.0314323,0
607388392505737215,0.0340559,0
607388392639954943,0.0375908,0
607388392774172671,0.0398198,0
607388392908390399,0.037981,0
607388393176825855,0.0455257,0
607388393311043583,0.0438404,0
607388393445261311,0.0471845,0
607388393579479039,0.0458921,0
607388393713696767,0.0379809,0
607388393847914495,0.0439203,0
607388393982132223,0.0415796,0
607388394250567679,0.0331339,0
607388394384785407,0.0315544,0
607388394519003135,0.0345548,0
607388394653220863,0.0322256,0
607388394787438591,0.0324929,0
607388394921656319,0.0338816,0
607388395055874047,0.0382017,0
607388395324309503,0.028752,0
607388395458527231,0.0362791,0
607388395592744959,0.0308092,0
607388395726962687,0.0391201,0
607388395861180415,0.0242461,0
607388395995398143,0.0359168,0
607388396129615871,0.0225162,0
607388396398051327,0.044948,0
607388396532269055,0.0480339,0
607388396666486783,0.0345287,0
607388396800704511,0.044741,0
607388396934922239,0.0462476,0
607388397069139967,0.047687,0
607388397203357695,0.0465289,0
607388397471793151,0.036414,0
607388397606010879,0.0374123,0
607388397740228607,0.0330099,0
607388397874446335,0.0383396,0
607388398008664063,0.0254482,0
607388398142881791,0.0378916,0
607388398277099519,0.0307383,0
607388399619276799,0.0419714,0
607388399753494527,0.0368805,0
607388399887712255,0.032892,0
607388400021929983,0.0329681,0
607388400156147711,0.0398798,0
607388400290365439,0.0367104,0
607388400424583167,0.027332,0
607388400693018623,0.0402247,0
607388400827236351,0.0425467,0
607388400961454079,0.0370611,0
607388401095671807,0.0411408,0
607388401229889535,0.0455116,0
607388401364107263,0.0481995,0
607388401498324991,0.0396877,0
607388401766760447,0.040136,0
607388401900978175,0.0284908,0
607388402035195903,0.0278948,0
607388402169413631,0.0325511,0
607388402303631359,0.0308189,0
607388402437849087,0.0265284,0
607388402572066815,0.0216947,0
607388402840502271,0.0374094,0
607388402974719999,0.0387544,0
607388403108937727,0.031596,0
607388403243155455,0.0386918,0
607388403377373183,0.0331188,0
607388403511590911,0.0391592,0
607388403645808639,0.0313273,0
607388403914244095,0.0292477,0
607388404048461823,0.0500478,0
607388404182679551,0.0282016,0
607388404316897279,0.0245199,0
607388404451115007,0.028108,0
607388404585332735,0.0386199,0
607388404719550463,0.0292953,0
607388404987985919,0.0418695,0
607388405122203647,0.041656,0
607388405256421375,0.0455225,0
607388405390639103,0.043446,0
607388405524856831,0.0493815,0
607388405659074559,0.0475007,0
607388405793292287,0.0449233,0
607388406061727743,0.0286115,0
607388406195945471,0.0285691,0
607388406330163199,0.0220928,0
607388406464380927,0.0217677,0
607388406598598655,0.0275281,0
607388406732816383,0.023484,0
607388406867034111,0.0358161,0
607388408209211391,0.0399596,0
607388408343429119,0.050375,0
607388408477646847,0.0356125,0
607388408611864575,0.0370792,0
607388408746082303,0.0467629,0
607388408880300031,0.0493928,0
607388409014517759,0.0421876,0
607388409282953215,0.058249,0
607388409417170943,0.0664879,0
607388409551388671,0.0629345,0
607388409685606399,0.0575625,0
607388409819824127,0.0602737,0
607388409954041855,0.0717472,0
607388410088259583,0.0573025,0
607388410356695039,0.0447316,0
607388410490912767,0.0520552,0
607388410625130495,0.0396895,0
607388410759348223,0.0457996,0
607388410893565951,0.0343252,0
607388411027783679,0.0375429,0
607388411162001407,0.048702,0
607388411430436863,0.0479667,0
607388411564654591,0.0594067,0
607388411698872319,0.0489846,0
607388411833090047,0.0492261,0
607388411967307775,0.0457358,0
607388412101525503,0.0572869,0
607388412235743231,0.0479709,0
607388412504178687,0.0545185,0
607388412638396415,0.0493236,0
607388412772614143,0.0366049,0
607388412906831871,0.0493409,0
607388413041049599,0.0568702,0
607388413175267327,0.0601744,0
607388413309485055,0.0477012,0
607388413577920511,0.0549617,0
607388413712138239,0.0655504,0
607388413846355967,0.0517428,0
607388413980573695,0.0559447,0
607388414114791423,0.0593789,0
607388414249009151,0.0636622,0
607388414383226879,0.0530059,0
607388414651662335,0.0364698,0
607388414785880063,0.0423252,0
607388414920097791,0.0309435,0
607388415054315519,0.038026,0
607388415188533247,0.0346959,0
607388415322750975,0.0395145,0
607388415456968703,0.0350493,0
607388416799145983,0.0177747,0
607388416933363711,0.0193696,0
607388417067581439,0.018264,0
607388417201799167,0.0214905,0
607388417336016895,0.0192622,0
607388417470234623,0.0255416,0
607388417604452351,0.0239518,0
607388417872887807,0.026608,0
607388418007105535,0.0309607,0
607388418141323263,0.0252355,0
607388418275540991,0.0372887,0
607388418409758719,0.0309366,0
607388418543976447,0.0319481,0
607388418678194175,0.0240748,0
607388418946629631,0.0203,0
607388419080847359,0.0246192,0
607388419215065087,0.0274705,0
607388419349282815,0.0192634,0
607388419483500543,0.0200706,0
607388419617718271,0.0147703,0
607388419751935999,0.0233088,0
607388420020371455,0.0249794,0
607388420154589183,0.0220665,0
607388420288806911,0.0363457,0
607388420423024639,0.028188,0
607388420557242367,0.0243351,0
607388420691460095,0.0227948,0
607388420825677823,0.0293888,0
607388421094113279,0.0249071,0
607388421228331007,0.0195605,0
607388421362548735,0.0192246,0
607388421496766463,0.0285396,0
607388421630984191,0.0159033,0
607388421765201919,0.0174779,0
607388421899419647,0.0204639,0
607388422167855103,0.0205138,0
607388422302072831,0.0200981,0
607388422436290559,0.0374339,0
607388422570508287,0.0235156,0
607388422704726015,0.0280282,0
607388422838943743,0.0233388,0
607388422973161471,0.0201144,0
607388423241596927,0.0169266,0
607388423375814655,0.0143179,0
607388423510032383,0.0204422,0
607388423644250111,0.0242425,0
607388423778467839,0.017366,0
607388423912685567,0.0159828,0
607388424046903295,0.0248849,0
607388433979015167,0.0652424,0
607388434113232895,0.0784502,0
607388434247450623,0.0607515,0
607388434381668351,0.0564051,0
607388434515886079,0.0719596,0
607388434650103807,0.0798034,0
607388434784321535,0.0765841,0
607388435052756991,0.0967579,0
607388435186974719,0.0945021,0
607388435321192447,0.0797555,0
607388435455410175,0.082859,0
607388435589627903,0.104235,0
607388435723845631,0.103528,0
607388435858063359,0.0901903,0
607388436126498815,0.0512272,0
607388436260716543,0.0588869,0
607388436394934271,0.0422473,0
607388436529151999,0.0603093,0
607388436663369727,0.0655314,0
607388436797587455,0.05218,0
607388436931805183,0.049906,0
607388437200240639,0.0557896,0
607388437334458367,0.0553508,0
607388437468676095,0.0508814,0
607388437602893823,0.0508002,0
607388437737111551,0.0650505,0
607388437871329279,0.0711723,0
607388438005547007,0.0618926,0
607388438273982463,0.0611753,0
607388438408200191,0.0730366,0
607388438542417919,0.059447,0
607388438676635647,0.0641175,0
607388438810853375,0.062659,0
607388438945071103,0.0737497,0
607388439079288831,0.0532348,0
607388439347724287,0.0973137,0
607388439481942015,0.104134,0
607388439616159743,0.0786551,0
607388439750377471,0.0805456,0
607388439884595199,0.0960503,0
607388440018812927,0.0970765,0
607388440153030655,0.0905754,0
607388440421466111,0.0459634,0
607388440555683839,0.0573889,0
607388440689901567,0.0391416,0
607388440824119295,0.0461358,0
607388440958337023,0.0571223,0
607388441092554751,0.0557493,0
607388441226772479,0.0483784,0
607388442568949759,0.103548,0
607388442703167487,0.0994066,0
607388442837385215,0.0904704,0
607388442971602943,0.0951185,0
607388443105820671,0.0933394,0
607388443240038399,0.095288,0
607388443374256127,0.0972351,0
607388443642691583,0.135505,0
607388443776909311,0.130169,0
607388443911127039,0.109758,0
607388444045344767,0.117851,0
607388444179562495,0.127023,0
607388444313780223,0.145021,0
607388444447997951,0.123369,0
607388444716433407,0.0689371,0
607388444850651135,0.0830657,0
607388444984868863,0.0767087,0
607388445119086591,0.0753621,0
607388445253304319,0.0817767,0
607388445387522047,0.113355,0
607388445521739775,0.0813726,0
607388445790175231,0.0912338,0
607388445924392959,0.100908,0
607388446058610687,0.0948496,0
607388446192828415,0.0985534,0
607388446327046143,0.0931213,0
607388446461263871,0.0908925,0
607388446595481599,0.0906494,0
607388446863917055,0.099528,0
607388446998134783,0.105913,0
607388447132352511,0.0840625,0
607388447266570239,0.0989021,0
607388447400787967,0.0927113,0
607388447535005695,0.110831,0
607388447669223423,0.0962495,0
607388447937658879,0.130508,0
607388448071876607,0.148244,0
607388448206094335,0.116152,0
607388448340312063,0.121542,0
607388448474529791,0.150681,0
607388448608747519,0.156468,0
607388448742965247,0.127513,0
607388449011400703,0.0900335,0
607388449145618431,0.0962017,0
607388449279836159,0.0723742,0
607388449414053887,0.0770169,0
607388449548271615,0.0918717,0
607388449682489343,0.101439,0
607388449816707071,0.0882446,0
607388451158884351,0.0402496,0
607388451293102079,0.0454136,0
607388451427319807,0.0291007,0
607388451561537535,0.0508413,0
607388451695755263,0.0338126,0
607388451829972991,0.0456991,0
607388451964190719,0.0362277,0
607388452232626175,0.0436489,0
607388452366843903,0.0412213,0
607388452501061631,0.0373108,0
607388452635279359,0.0485433,0
607388452769497087,0.0400354,0
607388452903714815,0.0453763,0
607388453037932543,0.044187,0
607388453306367999,0.0411298,0
607388453440585727,0.0443169,0
607388453574803455,0.0431342,0
607388453709021183,0.0461679,0
607388453843238911,0.0266513,0
607388453977456639,0.0493921,0
607388454111674367,0.0284879,0
607388454380109823,0.0429354,0
607388454514327551,0.0443287,0
607388454648545279,0.0463646,0
607388454782763007,0.0423215,0
607388454916980735,0.0359897,0
607388455051198463,0.0534717,0
607388455185416191,0.0423663,0
607388455453851647,0.0379134,0
607388455588069375,0.0407645,0
607388455722287103,0.0279584,0
607388455856504831,0.0364181,0
607388455990722559,0.0376807,0
607388456124940287,0.0402033,0
607388456259158015,0.0388657,0
607388456527593471,0.0380502,0
607388456661811199,0.0405871,0
607388456796028927,0.0403585,0
607388456930246655,0.0427613,0
607388457064464383,0.0377496,0
607388457198682111,0.040504,0
607388457332899839,0.0409289,0
607388457601335295,0.0276414,0
607388457735553023,0.0347257,0
607388457869770751,0.0275738,0
607388458003988479,0.0315549,0
607388458138206207,0.0312935,0
607388458272423935,0.0312131,0
607388458406641663,0.0293341,0
607388459748818943,0.0478864,0
607388459883036671,0.0506441,0
607388460017254399,0.0415193,0
607388460151472127,0.0443096,0
607388460285689855,0.0457195,0
607388460419907583,0.0489235,0
607388460554125311,0.0475852,0
607388460822560767,0.0708003,0
607388460956778495,0.0762724,0
607388461090996223,0.0541853,0
607388461225213951,0.0728109,0
607388461359431679,0.0682325,0
607388461493649407,0.0717904,0
607388461627867135,0.0585306,0
607388461896302591,0.0374636,0
607388462030520319,0.0321213,0
607388462164738047,0.0378673,0
607388462298955775,0.0413875,0
607388462433173503,0.0429006,0
607388462567391231,0.046368,0
607388462701608959,0.0415299,0
607388462970044415,0.0532219,0
607388463104262143,0.0527892,0
607388463238479871,0.0322087,0
607388463372697599,0.0411751,0
607388463506915327,0.0620042,0
607388463641133055,0.0608491,0
607388463775350783,0.0336518,0
607388464043786239,0.0438761,0
607388464178003967,0.0458822,0
607388464312221695,0.0472305,0
607388464446439423,0.0478684,0
607388464580657151,0.0517047,0
607388464714874879,0.052637,0
607388464849092607,0.0522109,0
607388465117528063,0.055332,0
607388465251745791,0.059087,0
607388465385963519,0.0512348,0
607388465520181247,0.058638,0
607388465654398975,0.0617963,0
607388465788616703,0.0676115,0
607388465922834431,0.0528224,0
607388466191269887,0.0401945,0
607388466325487615,0.0465247,0
607388466459705343,0.0332572,0
607388466593923071,0.0471787,0
607388466728140799,0.0388949,0
607388466862358527,0.0343457,0
607388466996576255,0.0485293,0
607388468338753535,0.0865978,0
607388468472971263,0.0799828,0
607388468607188991,0.0757663,0
607388468741406719,0.0950762,0
607388468875624447,0.0751732,0
607388469009842175,0.0821876,0
607388469144059903,0.0904028,0
607388469412495359,0.121409,0
607388469546713087,0.119689,0
607388469680930815,0.0811232,0
607388469815148543,0.0907776,0
607388469949366271,0.127773,0
607388470083583999,0.145754,0
607388470217801727,0.107932,0
607388470486237183,0.0644681,0
607388470620454911,0.0755871,0
607388470754672639,0.0669345,0
607388470888890367,0.0582762,0
607388471023108095,0.0794623,0
607388471157325823,0.0732687,0
607388471291543551,0.0591889,0
607388471559979007,0.0954509,0
607388471694196735,0.096692,0
607388471828414463,0.0864051,0
607388471962632191,0.0892032,0
607388472096849919,0.0926246,0
607388472231067647,0.0897841,0
607388472365285375,0.0799268,0
607388472633720831,0.0816235,0
607388472767938559,0.0920659,0
607388472902156287,0.079126,0
607388473036374015,0.0819834,0
607388473170591743,0.0955258,0
607388473304809471,0.107892,0
607388473439027199,0.0827625,0
607388473707462655,0.117168,0
607388473841680383,0.134903,0
607388473975898111,0.0961946,0
607388474110115839,0.106943,0
607388474244333567,0.130017,0
607388474378551295,0.149236,0
607388474512769023,0.111357,0
607388474781204479,0.0714411,0
607388474915422207,0.0760388,0
607388475049639935,0.0678794,0
607388475183857663,0.0686339,0
607388475318075391,0.0817264,0
607388475452293119,0.0775051,0
607388475586510847,0.0778244,0
607388476928688127,0.162525,0
607388477062905855,0.162579,0
607388477197123583,0.120864,0
607388477331341311,0.145323,0
607388477465559039,0.160462,0
607388477599776767,0.173115,0
607388477733994495,0.145824,0
607388478002429951,0.190441,0
607388478136647679,0.220732,0
607388478270865407,0.165413,0
607388478405083135,0.197003,0
607388478539300863,0.193405,0
607388478673518591,0.200145,0
607388478807736319,0.194651,0
607388479076171775,0.092575,0
607388479210389503,0.0966391,0
607388479344607231,0.089123,0
607388479478824959,0.0816959,0
607388479613042687,0.11833,0
607388479747260415,0.110394,0
607388479881478143,0.0845151,0
607388480149913599,0.140802,0
607388480284131327,0.160097,0
607388480418349055,0.1135,0
607388480552566783,0.128005,0
607388480686784511,0.155614,0
607388480821002239,0.161837,0
607388480955219967,0.123058,0
607388481223655423,0.167087,0
607388481357873151,0.179033,0
607388481492090879,0.164106,0
607388481626308607,0.146271,0
607388481760526335,0.169325,0
607388481894744063,0.177659,0
607388482028961791,0.160552,0
607388482297397247,0.199442,0
607388482431614975,0.193146,0
607388482565832703,0.18993,0
607388482700050431,0.17475,0
607388482834268159,0.218859,0
607388482968485887,0.192944,0
607388483102703615,0.195438,0
607388483371139071,0.112773,0
607388483505356799,0.106968,0
607388483639574527,0.0899832,0
607388483773792255,0.0944237,0
607388483908009983,0.123322,0
607388484042227711,0.128522,0
607388484176445439,0.0892277,0
607388485518622719,0.0576024,0
607388485652840447,0.052309,0
607388485787058175,0.0427479,0
607388485921275903,0.0537142,0
607388486055493631,0.0547228,0
607388486189711359,0.0572007,0
607388486323929087,0.0540526,0
607388486592364543,0.0689261,0
607388486726582271,0.0629414,0
607388486860799999,0.0596734,0
607388486995017727,0.0490063,0
607388487129235455,0.0627968,0
607388487263453183,0.0682282,0
607388487397670911,0.0682098,0
607388487666106367,0.0413405,0
607388487800324095,0.043441,0
607388487934541823,0.0381913,0
607388488068759551,0.0405793,0
607388488202977279,0.0411012,0
607388488337195007,0.0427124,0
607388488471412735,0.0431148,0
607388488739848191,0.043451,0
607388488874065919,0.043487,0
607388489008283647,0.0411526,0
607388489142501375,0.0448462,0
607388489276719103,0.0495643,0
607388489410936831,0.047049,0
607388489545154559,0.0430336,0
607388489813590015,0.0619869,0
607388489947807743,0.0559234,0
607388490082025471,0.067631,0
607388490216243199,0.0518951,0
607388490350460927,0.0692171,0
607388490484678655,0.0587512,0
607388490618896383,0.0772155,0
607388490887331839,0.076854,0
607388491021549567,0.0657779,0
607388491155767295,0.0616576,0
607388491289985023,0.0662225,0
607388491424202751,0.0668066,0
607388491558420479,0.0734983,0
607388491692638207,0.0639654,0
607388491961073663,0.0477725,0
607388492095291391,0.0488751,0
607388492229509119,0.0442861,0
607388492363726847,0.04384,0
607388492497944575,0.0585479,0
607388492632162303,0.0464852,0
607388492766380031,0.0605322,0
607388502698491903,0.0377466,0
607388502832709631,0.0413683,0
607388502966927359,0.0311898,0
607388503101145087,0.039954,0
607388503235362815,0.0262005,0
607388503369580543,0.0339421,0
607388503503798271,0.0266806,0
607388503772233727,0.0475035,0
607388503906451455,0.0412513,0
607388504040669183,0.0485444,0
607388504174886911,0.0481657,0
607388504309104639,0.0391329,0
607388504443322367,0.0441015,0
607388504577540095,0.0470375,0
607388504845975551,0.0364052,0
607388504980193279,0.0499136,0
607388505114411007,0.0400538,0
607388505248628735,0.0467838,0
607388505382846463,0.0298062,0
607388505517064191,0.0374483,0
607388505651281919,0.033391,0
607388505919717375,0.0517959,0
607388506053935103,0.0417399,0
607388506188152831,0.0475625,0
607388506322370559,0.0443825,0
607388506456588287,0.0469265,0
607388506590806015,0.0484141,0
607388506725023743,0.0485856,0
607388506993459199,0.0306155,0
607388507127676927,0.0272413,0
607388507261894655,0.0223816,0
607388507396112383,0.0317778,0
607388507530330111,0.022433,0
607388507664547839,0.0267404,0
607388507798765567,0.0221891,0
607388508067201023,0.0252668,0
607388508201418751,0.0369473,0
607388508335636479,0.0298845,0
607388508469854207,0.0328506,0
607388508604071935,0.0331381,0
607388508738289663,0.0357939,0
607388508872507391,0.0318922,0
607388509140942847,0.0266817,0
607388509275160575,0.0280975,0
607388509409378303,0.0309682,0
607388509543596031,0.0276744,0
607388509677813759,0.0317156,0
607388509812031487,0.0317137,0
607388509946249215,0.0188799,0
607388511288426495,0.0369134,0
607388511422644223,0.0391699,0
607388511556861951,0.0454764,0
607388511691079679,0.035623,0
607388511825297407,0.0371381,0
607388511959515135,0.0400947,0
607388512093732863,0.030299,0
607388512362168319,0.0348778,0
607388512496386047,0.0387702,0
607388512630603775,0.0317705,0
607388512764821503,0.0337016,0
607388512899039231,0.0325816,0
607388513033256959,0.0369352,0
607388513167474687,0.0347921,0
607388513435910143,0.0336343,0
607388513570127871,0.0445362,0
607388513704345599,0.0380978,0
607388513838563327,0.0414844,0
607388513972781055,0.0371558,0
607388514106998783,0.0375137,0
607388514241216511,0.0448604,0
607388514509651967,0.0425267,0
607388514643869695,0.0339188,0
607388514778087423,0.0435998,0
607388514912305151,0.0325181,0
607388515046522879,0.0377865,0
607388515180740607,0.0320314,0
607388515314958335,0.040132,0
607388515583393791,0.0431839,0
607388515717611519,0.0376063,0
607388515851829247,0.0379121,0
607388515986046975,0.0383374,0
607388516120264703,0.047056,0
607388516254482431,0.0480183,0
607388516388700159,0.0416179,0
607388516657135615,0.0423549,0
607388516791353343,0.0400937,0
607388516925571071,0.0434745,0
607388517059788799,0.0383434,0
607388517194006527,0.0426579,0
607388517328224255,0.042892,0
607388517462441983,0.0408901,0
607388517730877439,0.0419728,0
607388517865095167,0.0392828,0
607388517999312895,0.0486435,0
607388518133530623,0.0390307,0
607388518267748351,0.0422966,0
607388518401966079,0.0394902,0
607388518536183807,0.0529662,0
607388519878361087,0.0212124,0
607388520012578815,0.0300132,0
607388520146796543,0.0278504,0
607388520281014271,0.0238094,0
607388520415231999,0.0271303,0
607388520549449727,0.0304839,0
607388520683667455,0.0269776,0
607388520952102911,0.0450926,0
607388521086320639,0.0558072,0
607388521220538367,0.0428479,0
607388521354756095,0.0586898,0
607388521488973823,0.0325656,0
607388521623191551,0.0504655,0
607388521757409279,0.0315744,0
607388522025844735,0.0195817,0
607388522160062463,0.0302062,0
607388522294280191,0.0263138,0
607388522428497919,0.0230067,0
607388522562715647,0.0266856,0
607388522696933375,0.0212237,0
607388522831151103,0.0281252,0
607388523099586559,0.0524352,0
607388523233804287,0.0604212,0
607388523368022015,0.0411788,0
607388523502239743,0.0533246,0
607388523636457471,0.0380154,0
607388523770675199,0.0529701,0
607388523904892927,0.0348019,0
607388524173328383,0.0289273,0
607388524307546111,0.0263235,0
607388524441763839,0.0272281,0
607388524575981567,0.0264885,0
607388524710199295,0.0239067,0
607388524844417023,0.0268699,0
607388524978634751,0.0234893,0
607388525247070207,0.0296042,0
607388525381287935,0.0291102,0
607388525515505663,0.0221123,0
607388525649723391,0.0281531,0
607388525783941119,0.0198151,0
607388525918158847,0.0321674,0
607388526052376575,0.0243322,0
607388526320812031,0.025592,0
607388526455029759,0.0268644,0
607388526589247487,0.0252619,0
607388526723465215,0.0251712,0
607388526857682943,0.0266362,0
607388526991900671,0.0262155,0
607388527126118399,0.0227183,0
607388528468295679,0.0586143,0
607388528602513407,0.0469009,0
607388528736731135,0.0660131,0
607388528870948863,0.0566238,0
607388529005166591,0.0520321,0
607388529139384319,0.0453606,0
607388529273602047,0.0522168,0
607388529542037503,0.0377517,0
607388529676255231,0.0391187,0
607388529810472959,0.0428909,0
607388529944690687,0.0387938,0
607388530078908415,0.0407576,0
607388530213126143,0.0358522,0
607388530347343871,0.0612396,0
607388530615779327,0.0523086,0
607388530749997055,0.0466835,0
607388530884214783,0.0618382,0
607388531018432511,0.0499887,0
607388531152650239,0.0602044,0
607388531286867967,0.0525087,0
607388531421085695,0.057828,0
607388531689521151,0.0388866,0
607388531823738879,0.0425518,0
607388531957956607,0.0406752,0
607388532092174335,0.038925,0
607388532226392063,0.0472239,0
607388532360609791,0.0384951,0
607388532494827519,0.0479214,0
607388532763262975,0.048324,0
607388532897480703,0.0442911,0
607388533031698431,0.0541717,0
607388533165916159,0.0493645,0
607388533300133887,0.0474965,0
607388533434351615,0.0477654,0
607388533568569343,0.054362,0
607388533837004799,0.054717,0
607388533971222527,0.0390885,0
607388534105440255,0.0562249,0
607388534239657983,0.0421599,0
607388534373875711,0.0455846,0
607388534508093439,0.0450337,0
607388534642311167,0.0478009,0
607388534910746623,0.0648995,0
607388535044964351,0.0628859,0
607388535179182079,0.0656026,0
607388535313399807,0.0601132,0
607388535447617535,0.0576717,0
607388535581835263,0.0571459,0
607388535716052991,0.0583941,0
607388537058230271,0.0382048,0
607388537192447999,0.034421,0
607388537326665727,0.0249604,0
607388537460883455,0.029401,0
607388537595101183,0.0298356,0
607388537729318911,0.0341057,0
607388537863536639,0.020421,0
607388538131972095,0.0333307,0
607388538266189823,0.0407417,0
607388538400407551,0.0359134,0
607388538534625279,0.037847,0
607388538668843007,0.0381052,0
607388538803060735,0.0322077,0
607388538937278463,0.0341659,0
607388539205713919,0.0240387,0
607388539339931647,0.0217336,0
607388539474149375,0.0194578,0
607388539608367103,0.0227078,0
607388539742584831,0.0183598,0
607388539876802559,0.0355954,0
607388540011020287,0.0208881,0
607388540279455743,0.0299401,0
607388540413673471,0.0411984,0
607388540547891199,0.0268182,0
607388540682108927,0.027935,0
607388540816326655,0.0326362,0
607388540950544383,0.035007,0
607388541084762111,0.0279041,0
607388541353197567,0.028883,0
607388541487415295,0.0306383,0
607388541621633023,0.0192885,0
607388541755850751,0.0271588,0
607388541890068479,0.0281644,0
607388542024286207,0.030469,0
607388542158503935,0.0263879,0
607388542426939391,0.0304118,0
607388542561157119,0.0326578,0
607388542695374847,0.0307395,0
607388542829592575,0.0316188,0
607388542963810303,0.0322498,0
607388543098028031,0.0305029,0
607388543232245759,0.0314843,0
607388543500681215,0.0175709,0
607388543634898943,0.0220824,0
607388543769116671,0.0178651,0
607388543903334399,0.0191889,0
607388544037552127,0.0184272,0
607388544171769855,0.0199128,0
607388544305987583,0.0176837,0
607388545648164863,0.0525207,0
607388545782382591,0.048149,0
607388545916600319,0.0547815,0
607388546050818047,0.0558678,0
607388546185035775,0.0560477,0
607388546319253503,0.0491841,0
607388546453471231,0.0507267,0
607388546721906687,0.0519091,0
607388546856124415,0.0538694,0
607388546990342143,0.0411542,0
607388547124559871,0.0536504,0
607388547258777599,0.0499188,0
607388547392995327,0.0524797,0
607388547527213055,0.0420523,0
607388547795648511,0.0558814,0
607388547929866239,0.0569543,0
607388548064083967,0.0434294,0
607388548198301695,0.0493994,0
607388548332519423,0.0533028,0
607388548466737151,0.0541036,0
607388548600954879,0.0508518,0
607388548869390335,0.049426,0
607388549003608063,0.0433229,0
607388549137825791,0.0512854,0
607388549272043519,0.0455558,0
607388549406261247,0.0475371,0
607388549540478975,0.0465699,0
607388549674696703,0.0486803,0
607388549943132159,0.0430473,0
607388550077349887,0.0434758,0
607388550211567615,0.0376359,0
607388550345785343,0.0451022,0
607388550480003071,0.0387563,0
607388550614220799,0.0432277,0
607388550748438527,0.0392775,0
607388551016873983,0.0400706,0
607388551151091711,0.0417796,0
607388551285309439,0.0463247,0
607388551419527167,0.0423955,0
607388551553744895,0.0312683,0
607388551687962623,0.0363274,0
607388551822180351,0.0410385,0
607388552090615807,0.0335021,0
607388552224833535,0.0498245,0
607388552359051263,0.03913,0
607388552493268991,0.0413929,0
607388552627486719,0.0352836,0
607388552761704447,0.0445321,0
607388552895922175,0.0405428,0
607388554238099455,0.0190458,0
607388554372317183,0.0226129,0
607388554506534911,0.018186,0
607388554640752639,0.0221503,0
607388554774970367,0.0265431,0
607388554909188095,0.0189357,0
607388555043405823,0.0186881,0
607388555311841279,0.022194,0
607388555446059007,0.0227127,0
607388555580276735,0.0222629,0
607388555714494463,0.0231843,0
607388555848712191,0.0205888,0
607388555982929919,0.0224639,0
607388556117147647,0.022047,0
607388556385583103,0.0186211,0
607388556519800831,0.0223669,0
607388556654018559,0.0185013,0
607388556788236287,0.0224148,0
607388556922454015,0.0178734,0
607388557056671743,0.0183644,0
607388557190889471,0.0175758,0
607388557459324927,0.0250846,0
607388557593542655,0.0240027,0
607388557727760383,0.0272865,0
607388557861978111,0.0264487,0
607388557996195839,0.0228135,0
607388558130413567,0.0234839,0
607388558264631295,0.0220481,0
607388558533066751,0.0215007,0
607388558667284479,0.0177098,0
607388558801502207,0.0220665,0
607388558935719935,0.0182756,0
607388559069937663,0.0205717,0
607388559204155391,0.014521,0
607388559338373119,0.0183642,0
607388559606808575,0.0174385,0
607388559741026303,0.0202033,0
607388559875244031,0.0181223,0
607388560009461759,0.0163812,0
607388560143679487,0.0163883,0
607388560277897215,0.018334,0
607388560412114943,0.016907,0
607388560680550399,0.0179486,0
607388560814768127,0.0179567,0
607388560948985855,0.0278815,0
607388561083203583,0.0173445,0
607388561217421311,0.0198708,0
607388561351639039,0.0152519,0
607388561485856767,0.0206347,0
607388571417968639,0.0417712,0
607388571552186367,0.0343891,0
607388571686404095,0.0437656,0
607388571820621823,0.0374597,0
607388571954839551,0.0356409,0
607388572089057279,0.0341377,0
607388572223275007,0.0429469,0
607388572491710463,0.0386772,0
607388572625928191,0.0357875,0
607388572760145919,0.0350416,0
607388572894363647,0.0370391,0
607388573028581375,0.0320689,0
607388573162799103,0.0272662,0
607388573297016831,0.0337017,0
607388573565452287,0.0517807,0
607388573699670015,0.0449097,0
607388573833887743,0.0415291,0
607388573968105471,0.0496253,0
607388574102323199,0.059936,0
607388574236540927,0.0595238,0
607388574370758655,0.0591921,0
607388574639194111,0.0446577,0
607388574773411839,0.0535454,0
607388574907629567,0.0446583,0
607388575041847295,0.0510249,0
607388575176065023,0.0417896,0
607388575310282751,0.0550754,0
607388575444500479,0.0432419,0
607388575712935935,0.027889,0
607388575847153663,0.0336397,0
607388575981371391,0.0294562,0
607388576115589119,0.0353475,0
607388576249806847,0.034177,0
607388576384024575,0.0350258,0
607388576518242303,0.0282245,0
607388576786677759,0.0347823,0
607388576920895487,0.0308079,0
607388577055113215,0.0434343,0
607388577189330943,0.0335637,0
607388577323548671,0.0300437,0
607388577457766399,0.0310769,0
607388577591984127,0.0392594,0
607388577860419583,0.0374068,0
607388577994637311,0.0452776,0
607388578128855039,0.0384419,0
607388578263072767,0.0554953,0
607388578397290495,0.0417108,0
607388578531508223,0.0401874,0
607388578665725951,0.0416346,0
607388580007903231,0.0446248,0
607388580142120959,0.0441265,0
607388580276338687,0.0420869,0
607388580410556415,0.0398369,0
607388580544774143,0.0419065,0
607388580678991871,0.0371195,0
607388580813209599,0.0414046,0
607388581081645055,0.0433677,0
607388581215862783,0.0507176,0
607388581350080511,0.0503012,0
607388581484298239,0.0498425,0
607388581618515967,0.0408349,0
607388581752733695,0.0488117,0
607388581886951423,0.0386891,0
607388582155386879,0.0376721,0
607388582289604607,0.0476666,0
607388582423822335,0.0518098,0
607388582558040063,0.0557485,0
607388582692257791,0.0389848,0
607388582826475519,0.0478257,0
607388582960693247,0.0461377,0
607388583229128703,0.0418167,0
607388583363346431,0.0509468,0
607388583497564159,0.045422,0
607388583631781887,0.0489569,0
607388583765999615,0.0399921,0
607388583900217343,0.0411602,0
607388584034435071,0.037675,0
607388584302870527,0.0429425,0
607388584437088255,0.0368716,0
607388584571305983,0.0372232,0
607388584705523711,0.040506,0
607388584839741439,0.0312322,0
607388584973959167,0.0414813,0
607388585108176895,0.0426509,0
607388585376612351,0.0333958,0
607388585510830079,0.0427247,0
607388585645047807,0.0407485,0
607388585779265535,0.0406249,0
607388585913483263,0.0471487,0
607388586047700991,0.038365,0
607388586181918719,0.0417132,0
607388586450354175,0.0474347,0
607388586584571903,0.0364928,0
607388586718789631,0.0413354,0
607388586853007359,0.038086,0
607388586987225087,0.0432075,0
607388587121442815,0.0464041,0
607388587255660543,0.0438678,0
607388588597837823,0.046161,0
607388588732055551,0.0458508,0
607388588866273279,0.0557686,0
607388589000491007,0.0569885,0
607388589134708735,0.0431339,0
607388589268926463,0.0515918,0
607388589403144191,0.0429473,0
607388589671579647,0.0449534,0
607388589805797375,0.0472644,0
607388589940015103,0.0487728,0
607388590074232831,0.0474076,0
607388590208450559,0.0415759,0
607388590342668287,0.0523013,0
607388590476886015,0.0414295,0
607388590745321471,0.0520536,0
607388590879539199,0.0552445,0
607388591013756927,0.0528785,0
607388591147974655,0.0564891,0
607388591282192383,0.0452644,0
607388591416410111,0.0557527,0
607388591550627839,0.0481364,0
607388591819063295,0.0518103,0
607388591953281023,0.0488452,0
607388592087498751,0.054564,0
607388592221716479,0.0518841,0
607388592355934207,0.0476657,0
607388592490151935,0.0606896,0
607388592624369663,0.0499505,0
607388592892805119,0.0365028,0
607388593027022847,0.0418736,0
607388593161240575,0.0308902,0
607388593295458303,0.0330995,0
607388593429676031,0.0329202,0
607388593563893759,0.0383625,0
607388593698111487,0.035914,0
607388593966546943,0.04233,0
607388594100764671,0.0419031,0
607388594234982399,0.0445668,0
607388594369200127,0.0404379,0
607388594503417855,0.0406553,0
607388594637635583,0.0425274,0
607388594771853311,0.0419027,0
607388595040288767,0.0402771,0
607388595174506495,0.0411409,0
607388595308724223,0.0388132,0
607388595442941951,0.0413517,0
607388595577159679,0.0299913,0
607388595711377407,0.0456087,0
607388595845595135,0.0307331,0
607388597187772415,0.0547211,0
607388597321990143,0.0550023,0
607388597456207871,0.0589137,0
607388597590425599,0.225647,0
607388597724643327,0.0537463,0
607388597858861055,0.0572192,0
607388597993078783,0.0535113,0
607388598261514239,0.046012,0
607388598395731967,0.0588163,0
607388598529949695,0.0547596,0
607388598664167423,0.0601423,0
607388598798385151,0.052155,0
607388598932602879,0.0456323,0
607388599066820607,0.0532208,0
607388599335256063,0.0603265,0
607388599469473791,0.0558788,0
607388599603691519,0.063636,0
607388599737909247,0.114777,0
607388599872126975,0.0605544,0
607388600006344703,0.0581802,0
607388600140562431,0.0613494,0
607388600408997887,0.052598,0
607388600543215615,0.0525925,0
607388600677433343,0.0533502,0
607388600811651071,0.0619194,0
607388600945868799,0.0558833,0
607388601080086527,0.0571918,0
607388601214304255,0.0549908,0
607388601482739711,0.0541421,0
607388601616957439,0.0525683,0
607388601751175167,0.0486827,0
607388601885392895,0.0617709,0
607388602019610623,0.0436201,0
607388602153828351,0.0494516,0
607388602288046079,0.0433861,0
607388602556481535,0.0547448,0
607388602690699263,0.0521578,0
607388602824916991,0.0557744,0
607388602959134719,0.052577,0
607388603093352447,0.0452838,0
607388603227570175,0.0502078,0
607388603361787903,0.0483882,0
607388603630223359,0.0565422,0
607388603764441087,0.0535045,0
607388603898658815,0.0545088,0
607388604032876543,0.0541576,0
607388604167094271,0.0459762,0
607388604301311999,0.0579871,0
607388604435529727,0.0494516,0
607388605777707007,0.0358626,0
607388605911924735,0.0337115,0
607388606046142463,0.0286336,0
607388606180360191,0.0327319,0
607388606314577919,0.0310509,0
607388606448795647,0.0339588,0
607388606583013375,0.0318785,0
607388606851448831,0.0461133,0
607388606985666559,0.0438842,0
607388607119884287,0.039363,0
607388607254102015,0.0376737,0
607388607388319743,0.0425173,0
607388607522537471,0.0471079,0
607388607656755199,0.0391985,0
607388607925190655,0.0315037,0
607388608059408383,0.0322498,0
607388608193626111,0.0308559,0
607388608327843839,0.0357637,0
607388608462061567,0.0287272,0
607388608596279295,0.0244499,0
607388608730497023,0.0314038,0
607388608998932479,0.0330756,0
607388609133150207,0.030537,0
607388609267367935,0.0344313,0
607388609401585663,0.0283142,0
607388609535803391,0.0381806,0
607388609670021119,0.0418942,0
607388609804238847,0.0307249,0
607388610072674303,0.0398357,0
607388610206892031,0.0387511,0
607388610341109759,0.0360742,0
607388610475327487,0.0377736,0
607388610609545215,0.0405166,0
607388610743762943,0.0418331,0
607388610877980671,0.0384215,0
607388611146416127,0.0434364,0
607388611280633855,0.0375555,0
607388611414851583,0.0338589,0
607388611549069311,0.0334673,0
607388611683287039,0.0363944,0
607388611817504767,0.0360527,0
607388611951722495,0.0393624,0
607388612220157951,0.0300492,0
607388612354375679,0.0242353,0
607388612488593407,0.0325504,0
607388612622811135,0.0249243,0
607388612757028863,0.0302004,0
607388612891246591,0.0361082,0
607388613025464319,0.0298535,0
607388614367641599,0.0451022,0
607388614501859327,0.0429243,0
607388614636077055,0.0466107,0
607388614770294783,0.0433554,0
607388614904512511,0.0411044,0
607388615038730239,0.0460938,0
607388615172947967,0.0414235,0
607388615441383423,0.0391065,0
607388615575601151,0.044158,0
607388615709818879,0.0429535,0
607388615844036607,0.0443632,0
607388615978254335,0.0428949,0
607388616112472063,0.0446116,0
607388616246689791,0.0396033,0
607388616515125247,0.0293149,0
607388616649342975,0.0318675,0
607388616783560703,0.0300647,0
607388616917778431,0.0312341,0
607388617051996159,0.0389751,0
607388617186213887,0.0381524,0
607388617320431615,0.0317037,0
607388617588867071,0.0441152,0
607388617723084799,0.04106,0
607388617857302527,0.0378076,0
607388617991520255,0.0421266,0
607388618125737983,0.0455834,0
607388618259955711,0.0445113,0
607388618394173439,0.0382033,0
607388618662608895,0.0464414,0
607388618796826623,0.0431431,0
607388618931044351,0.054007,0
607388619065262079,0.0482687,0
607388619199479807,0.051462,0
607388619333697535,0.0486769,0
607388619467915263,0.046463,0
607388619736350719,0.0365583,0
607388619870568447,0.0397918,0
607388620004786175,0.0382214,0
607388620139003903,0.0413524,0
607388620273221631,0.0326627,0
607388620407439359,0.0372947,0
607388620541657087,0.0380585,0
607388620810092543,0.0416002,0
607388620944310271,0.0405251,0
607388621078527999,0.0412421,0
607388621212745727,0.0400537,0
607388621346963455,0.0414215,0
607388621481181183,0.0483381,0
607388621615398911,0.0380634,0
607388622957576191,0.034764,0
607388623091793919,0.0421624,0
607388623226011647,0.0306849,0
607388623360229375,0.0353315,0
607388623494447103,0.0372862,0
607388623628664831,0.0316653,0
607388623762882559,0.0367246,0
607388624031318015,0.0397972,0
607388624165535743,0.0347651,0
607388624299753471,0.0434305,0
607388624433971199,0.0350465,0
607388624568188927,0.0334759,0
607388624702406655,0.0332709,0
607388624836624383,0.0401601,0
607388625105059839,0.0343667,0
607388625239277567,0.0343993,0
607388625373495295,0.0326659,0
607388625507713023,0.0348898,0
607388625641930751,0.0309667,0
607388625776148479,0.0343668,0
607388625910366207,0.0353121,0
607388626178801663,0.0334952,0
607388626313019391,0.0432357,0
607388626447237119,0.0342041,0
607388626581454847,0.0408781,0
607388626715672575,0.0401028,0
607388626849890303,0.0338969,0
607388626984108031,0.0333437,0
607388627252543487,0.0424803,0
607388627386761215,0.037488,0
607388627520978943,0.04366,0
607388627655196671,0.0424604,0
607388627789414399,0.0339409,0
607388627923632127,0.0338265,0
607388628057849855,0.0444798,0
607388628326285311,0.0321955,0
607388628460503039,0.0297657,0
607388628594720767,0.029689,0
607388628728938495,0.0280327,0
607388628863156223,0.0311711,0
607388628997373951,0.028108,0
607388629131591679,0.0306833,0
607388629400027135,0.0451234,0
607388629534244863,0.0400251,0
607388629668462591,0.0464346,0
607388629802680319,0.0383439,0
607388629936898047,0.0487932,0
607388630071115775,0.0423433,0
607388630205333503,0.0462477,0
607388640137445375,0.0279614,0
607388640271663103,0.0308754,0
607388640405880831,0.0344747,0
607388640540098559,0.0318911,0
607388640674316287,0.0341814,0
607388640808534015,0.0322959,0
607388640942751743,0.035966,0
607388641211187199,0.0507694,0
607388641345404927,0.0387551,0
607388641479622655,0.0338077,0
607388641613840383,0.0424683,0
607388641748058111,0.0450062,0
607388641882275839,0.0516233,0
607388642016493567,0.0400657,0
607388642284929023,0.0342465,0
607388642419146751,0.0254087,0
607388642553364479,0.0340422,0
607388642687582207,0.0339505,0
607388642821799935,0.0330418,0
607388642956017663,0.0309543,0
607388643090235391,0.0305918,0
607388643358670847,0.0282568,0
607388643492888575,0.0363692,0
607388643627106303,0.0313602,0
607388643761324031,0.0256385,0
607388643895541759,0.0292865,0
607388644029759487,0.0386003,0
607388644163977215,0.0292066,0
607388644432412671,0.0391667,0
607388644566630399,0.0402098,0
607388644700848127,0.0379725,0
607388644835065855,0.034378,0
607388644969283583,0.0405046,0
607388645103501311,0.0453077,0
607388645237719039,0.0447765,0
607388645506154495,0.0442086,0
607388645640372223,0.0436916,0
607388645774589951,0.0404991,0
607388645908807679,0.0412338,0
607388646043025407,0.0419282,0
607388646177243135,0.0464155,0
607388646311460863,0.0389137,0
607388646579896319,0.0397671,0
607388646714114047,0.0305579,0
607388646848331775,0.0359583,0
607388646982549503,0.0287764,0
607388647116767231,0.0401804,0
607388647250984959,0.0336642,0
607388647385202687,0.0402555,0
607388648727379967,0.0480006,0
607388648861597695,0.0411656,0
607388648995815423,0.0331222,0
607388649130033151,0.0469068,0
607388649264250879,0.0506611,0
607388649398468607,0.0492862,0
607388649532686335,0.0405636,0
607388649801121791,0.0575949,0
607388649935339519,0.0563697,0
607388650069557247,0.0452168,0
607388650203774975,0.0508689,0
607388650337992703,0.0578263,0
607388650472210431,0.0673636,0
607388650606428159,0.0454341,0
607388650874863615,0.0276404,0
607388651009081343,0.0343009,0
607388651143299071,0.034142,0
607388651277516799,0.0273898,0
607388651411734527,0.0320967,0
607388651545952255,0.0341992,0
607388651680169983,0.0299861,0
607388651948605439,0.0389241,0
607388652082823167,0.0422607,0
607388652217040895,0.0500645,0
607388652351258623,0.0414002,0
607388652485476351,0.0435845,0
607388652619694079,0.0422812,0
607388652753911807,0.0485251,0
607388653022347263,0.054527,0
607388653156564991,0.0523266,0
607388653290782719,0.0505803,0
607388653425000447,0.0409773,0
607388653559218175,0.0520005,0
607388653693435903,0.0562911,0
607388653827653631,0.0492531,0
607388654096089087,0.0623663,0
607388654230306815,0.0554778,0
607388654364524543,0.0506574,0
607388654498742271,0.0499628,0
607388654632959999,0.0651623,0
607388654767177727,0.0694989,0
607388654901395455,0.0627897,0
607388655169830911,0.047312,0
607388655304048639,0.0363075,0
607388655438266367,0.0370219,0
607388655572484095,0.0332804,0
607388655706701823,0.0395442,0
607388655840919551,0.0472445,0
607388655975137279,0.0379071,0
607388657317314559,0.0365217,0
607388657451532287,0.028888,0
607388657585750015,0.0376543,0
607388657719967743,0.028747,0
607388657854185471,0.0428711,0
607388657988403199,0.04008,0
607388658122620927,0.0338824,0
607388658391056383,0.0330283,0
607388658525274111,0.0240939,0
607388658659491839,0.0241685,0
607388658793709567,0.0225025,0
607388658927927295,0.0330693,0
607388659062145023,0.0280441,0
607388659196362751,0.0366499,0
607388659464798207,0.0346892,0
607388659599015935,0.0304886,0
607388659733233663,0.0338398,0
607388659867451391,0.0334976,0
607388660001669119,0.0310665,0
607388660135886847,0.0271761,0
607388660270104575,0.0314081,0
607388660538540031,0.0253314,0
607388660672757759,0.022844,0
607388660806975487,0.0300411,0
607388660941193215,0.0242236,0
607388661075410943,0.0215608,0
607388661209628671,0.022771,0
607388661343846399,0.0274295,0
607388661612281855,0.0453885,0
607388661746499583,0.047308,0
607388661880717311,0.0315222,0
607388662014935039,0.0357627,0
607388662149152767,0.0421178,0
607388662283370495,0.049779,0
607388662417588223,0.0462217,0
607388662686023679,0.0432904,0
607388662820241407,0.0378659,0
607388662954459135,0.0487377,0
607388663088676863,0.034613,0
607388663222894591,0.0382693,0
607388663357112319,0.0372462,0
607388663491330047,0.0505522,0
607388663759765503,0.03843,0
607388663893983231,0.0329956,0
607388664028200959,0.0292688,0
607388664162418687,0.0317536,0
607388664296636415,0.0316832,0
607388664430854143,0.0335275,0
607388664565071871,0.0263541,0
607388665907249151,0.0402534,0
607388666041466879,0.0260761,0
607388666175684607,0.0246206,0
607388666309902335,0.0215221,0
607388666444120063,0.0291237,0
607388666578337791,0.0361483,0
607388666712555519,0.0313126,0
607388666980990975,0.0320019,0
607388667115208703,0.0278977,0
607388667249426431,0.0329955,0
607388667383644159,0.0272871,0
607388667517861887,0.0318803,0
607388667652079615,0.0271875,0
607388667786297343,0.0306304,0
607388668054732799,0.0288968,0
607388668188950527,0.025459,0
607388668323168255,0.0197508,0
607388668457385983,0.0194655,0
607388668591603711,0.0302642,0
607388668725821439,0.0271965,0
607388668860039167,0.0261034,0
607388669128474623,0.022449,0
607388669262692351,0.0299147,0
607388669396910079,0.0228616,0
607388669531127807,0.0233522,0
607388669665345535,0.020917,0
607388669799563263,0.0274149,0
607388669933780991,0.0214343,0
607388670202216447,0.0246434,0
607388670336434175,0.024363,0
607388670470651903,0.0306838,0
607388670604869631,0.0249194,0
607388670739087359,0.0297554,0
607388670873305087,0.0238011,0
607388671007522815,0.0368606,0
607388671275958271,0.0305918,0
607388671410175999,0.0252512,0
607388671544393727,0.0331485,0
607388671678611455,0.0232897,0
607388671812829183,0.0262044,0
607388671947046911,0.0335311,0
607388672081264639,0.0311462,0
607388672349700095,0.0236169,0
607388672483917823,0.0268496,0
607388672618135551,0.0273462,0
607388672752353279,0.0254744,0
607388672886571007,0.0196796,0
607388673020788735,0.0287792,0
607388673155006463,0.0236795,0
607388674497183743,0.0498804,0
607388674631401471,0.0511127,0
607388674765619199,0.0418674,0
607388674899836927,0.0457453,0
607388675034054655,0.0585018,0
607388675168272383,0.064555,0
607388675302490111,0.0564266,0
607388675570925567,0.0528758,0
607388675705143295,0.0528049,0
607388675839361023,0.0477561,0
607388675973578751,0.0514655,0
607388676107796479,0.0594152,0
607388676242014207,0.0567027,0
607388676376231935,0.0496365,0
607388676644667391,0.0403617,0
607388676778885119,0.0375827,0
607388676913102847,0.0338658,0
607388677047320575,0.042564,0
607388677181538303,0.0333232,0
607388677315756031,0.040387,0
607388677449973759,0.046805,0
607388677718409215,0.0463042,0
607388677852626943,0.0526281,0
607388677986844671,0.0455048,0
607388678121062399,0.0408702,0
607388678255280127,0.0437698,0
607388678389497855,0.0454985,0
607388678523715583,0.0392763,0
607388678792151039,0.0548858,0
607388678926368767,0.0657113,0
607388679060586495,0.0409777,0
607388679194804223,0.0674472,0
607388679329021951,0.0448626,0
607388679463239679,0.0592592,0
607388679597457407,0.0568617,0
607388679865892863,0.0579927,0
607388680000110591,0.0707841,0
607388680134328319,0.056263,0
607388680268546047,0.061968,0
607388680402763775,0.0568472,0
607388680536981503,0.0655538,0
607388680671199231,0.0684649,0
607388680939634687,0.054513,0
607388681073852415,0.0579741,0
607388681208070143,0.0351618,0
607388681342287871,0.0456198,0
607388681476505599,0.0440277,0
607388681610723327,0.0715988,0
607388681744941055,0.055649,0
607388683087118335,0.0664722,0
607388683221336063,0.0702198,0
607388683355553791,0.0634211,0
607388683489771519,0.0639311,0
607388683623989247,0.0714621,0
607388683758206975,0.0653934,0
607388683892424703,0.0520728,0
607388684160860159,0.0855148,0
607388684295077887,0.0974331,0
607388684429295615,0.0773872,0
607388684563513343,0.0860715,0
607388684697731071,0.0818763,0
607388684831948799,0.0927919,0
607388684966166527,0.0789229,0
607388685234601983,0.0614778,0
607388685368819711,0.0552707,0
607388685503037439,0.0402758,0
607388685637255167,0.0471036,0
607388685771472895,0.0567012,0
607388685905690623,0.063292,0
607388686039908351,0.0438369,0
607388686308343807,0.065256,0
607388686442561535,0.065152,0
607388686576779263,0.0641977,0
607388686710996991,0.0666905,0
607388686845214719,0.0651124,0
607388686979432447,0.0721577,0
607388687113650175,0.0651756,0
607388687382085631,0.0630611,0
607388687516303359,0.0637903,0
607388687650521087,0.0643255,0
607388687784738815,0.0598063,0
607388687918956543,0.0615154,0
607388688053174271,0.0639795,0
607388688187391999,0.066349,0
607388688455827455,0.0645996,0
607388688590045183,0.0697078,0
607388688724262911,0.0601285,0
607388688858480639,0.0671524,0
607388688992698367,0.0542002,0
607388689126916095,0.0759669,0
607388689261133823,0.0571177,0
607388689529569279,0.0539167,0
607388689663787007,0.0571648,0
607388689798004735,0.0528532,0
607388689932222463,0.0544943,0
607388690066440191,0.0579831,0
607388690200657919,0.0551598,0
607388690334875647,0.0514266,0
607388691677052927,0.0442035,0
607388691811270655,0.0523255,0
607388691945488383,0.0385473,0
607388692079706111,0.0418874,0
607388692213923839,0.0369663,0
607388692348141567,0.049177,0
607388692482359295,0.0384622,0
607388692750794751,0.0410953,0
607388692885012479,0.045743,0
607388693019230207,0.0465118,0
607388693153447935,0.0493174,0
607388693287665663,0.038892,0
607388693421883391,0.0407008,0
607388693556101119,0.0436044,0
607388693824536575,0.0483547,0
607388693958754303,0.0467211,0
607388694092972031,0.0389006,0
607388694227189759,0.0404655,0
607388694361407487,0.033974,0
607388694495625215,0.0453179,0
607388694629842943,0.0362252,0
607388694898278399,0.0390767,0
607388695032496127,0.0415334,0
607388695166713855,0.052989,0
607388695300931583,0.049226,0
607388695435149311,0.0401386,0
607388695569367039,0.0406479,0
607388695703584767,0.0358712,0
607388695972020223,0.0410998,0
607388696106237951,0.0420865,0
607388696240455679,0.0357271,0
607388696374673407,0.0376458,0
607388696508891135,0.0369774,0
607388696643108863,0.041732,0
607388696777326591,0.0347381,0
607388697045762047,0.0427093,0
607388697179979775,0.0494893,0
607388697314197503,0.0378084,0
607388697448415231,0.0457814,0
607388697582632959,0.0314966,0
607388697716850687,0.0502135,0
607388697851068415,0.0412615,0
607388698119503871,0.0305835,0
607388698253721599,0.0386044,0
607388698387939327,0.0366862,0
607388698522157055,0.0342634,0
607388698656374783,0.0317212,0
607388698790592511,0.0363188,0
607388698924810239,0.0323516,0
607388708856922111,0.108825,0
607388708991139839,0.107048,0
607388709125357567,0.088547,0
607388709259575295,0.0912524,0
607388709393793023,0.107598,0
607388709528010751,0.119374,0
607388709662228479,0.0913328,0
607388709930663935,0.116571,0
607388710064881663,0.130998,0
607388710199099391,0.104061,0
607388710333317119,0.126428,0
607388710467534847,0.131513,0
607388710601752575,0.123398,0
607388710735970303,0.103818,0
607388711004405759,0.0838937,0
607388711138623487,0.0899514,0
607388711272841215,0.0791138,0
607388711407058943,0.0774019,0
607388711541276671,0.0941283,0
607388711675494399,0.0980769,0
607388711809712127,0.083459,0
607388712078147583,0.0879698,0
607388712212365311,0.106499,0
607388712346583039,0.0788141,0
607388712480800767,0.0933992,0
607388712615018495,0.104532,0
607388712749236223,0.118774,0
607388712883453951,0.0840719,0
607388713151889407,0.101393,0
607388713286107135,0.106164,0
607388713420324863,0.107396,0
607388713554542591,0.094508,0
607388713688760319,0.106605,0
607388713822978047,0.108393,0
607388713957195775,0.0999318,0
607388714225631231,0.116383,0
607388714359848959,0.125145,0
607388714494066687,0.109372,0
607388714628284415,0.120042,0
607388714762502143,0.121101,0
607388714896719871,0.126401,0
607388715030937599,0.100252,0
607388715299373055,0.0918252,0
607388715433590783,0.100063,0
607388715567808511,0.0885516,0
607388715702026239,0.0834598,0
607388715836243967,0.106446,0
607388715970461695,0.105326,0
607388716104679423,0.116398,0
607388717446856703,0.138648,0
607388717581074431,0.130478,0
607388717715292159,0.140786,0
607388717849509887,0.129108,0
607388717983727615,0.142812,0
607388718117945343,0.151978,0
607388718252163071,0.146761,0
607388718520598527,0.161883,0
607388718654816255,0.167317,0
607388718789033983,0.150163,0
607388718923251711,0.152244,0
607388719057469439,0.182807,0
607388719191687167,0.164251,0
607388719325904895,0.158233,0
607388719594340351,0.116008,0
607388719728558079,0.108875,0
607388719862775807,0.0989595,0
607388719996993535,0.0867204,0
607388720131211263,0.137796,0
607388720265428991,0.133704,0
607388720399646719,0.0979571,0
607388720668082175,0.13098,0
607388720802299903,0.150455,0
607388720936517631,0.116188,0
607388721070735359,0.125324,0
607388721204953087,0.126571,0
607388721339170815,0.138396,0
607388721473388543,0.129024,0
607388721741823999,0.13908,0
607388721876041727,0.141688,0
607388722010259455,0.146824,0
607388722144477183,0.148072,0
607388722278694911,0.137203,0
607388722412912639,0.140506,0
607388722547130367,0.14928,0
607388722815565823,0.167141,0
607388722949783551,0.173741,0
607388723084001279,0.15676,0
607388723218219007,0.159089,0
607388723352436735,0.152907,0
607388723486654463,0.15295,0
607388723620872191,0.139881,0
607388723889307647,0.121814,0
607388724023525375,0.139007,0
607388724157743103,0.102183,0
607388724291960831,0.111391,0
607388724426178559,0.122975,0
607388724560396287,0.142886,0
607388724694614015,0.107677,0
607388726036791295,0.0564749,0
607388726171009023,0.0639376,0
607388726305226751,0.046648,0
607388726439444479,0.0637853,0
607388726573662207,0.0525509,0
607388726707879935,0.0646899,0
607388726842097663,0.0493075,0
607388727110533119,0.0703317,0
607388727244750847,0.0726517,0
607388727378968575,0.0627799,0
607388727513186303,0.0621243,0
607388727647404031,0.0779298,0
607388727781621759,0.0790566,0
607388727915839487,0.0679142,0
607388728184274943,0.0530744,0
607388728318492671,0.0490164,0
607388728452710399,0.045854,0
607388728586928127,0.0475264,0
607388728721145855,0.0491433,0
607388728855363583,0.0500982,0
607388728989581311,0.0461002,0
607388729258016767,0.0578426,0
607388729392234495,0.0581008,0
607388729526452223,0.0589912,0
607388729660669951,0.0547629,0
607388729794887679,0.056139,0
607388729929105407,0.0586812,0
607388730063323135,0.0572745,0
607388730331758591,0.053224,0
607388730465976319,0.0598271,0
607388730600194047,0.0503532,0
607388730734411775,0.0505604,0
607388730868629503,0.0582351,0
607388731002847231,0.0650688,0
607388731137064959,0.0625816,0
607388731405500415,0.075425,0
607388731539718143,0.0753506,0
607388731673935871,0.0618721,0
607388731808153599,0.07174,0
607388731942371327,0.0764274,0
607388732076589055,0.0730237,0
607388732210806783,0.0726276,0
607388732479242239,0.0393241,0
607388732613459967,0.049379,0
607388732747677695,0.0415848,0
607388732881895423,0.0485931,0
607388733016113151,0.0469513,0
607388733150330879,0.0463442,0
607388733284548607,0.0503221,0
607388734626725887,0.0886299,0
607388734760943615,0.0860984,0
607388734895161343,0.0872765,0
607388735029379071,0.0849026,0
607388735163596799,0.0921608,0
607388735297814527,0.0889993,0
607388735432032255,0.0911383,0
607388735700467711,0.0701164,0
607388735834685439,0.0718102,0
607388735968903167,0.0837281,0
607388736103120895,0.0677438,0
607388736237338623,0.0760464,0
607388736371556351,0.0803605,0
607388736505774079,0.0786682,0
607388736774209535,0.0624685,0
607388736908427263,0.0747122,0
607388737042644991,0.0652312,0
607388737176862719,0.0704187,0
607388737311080447,0.0724256,0
607388737445298175,0.0789551,0
607388737579515903,0.065053,0
607388737847951359,0.0736581,0
607388737982169087,0.0681315,0
607388738116386815,0.0803282,0
607388738250604543,0.0647316,0
607388738384822271,0.0852742,0
607388738519039999,0.0878462,0
607388738653257727,0.0890696,0
607388738921693183,0.0806059,0
607388739055910911,0.106888,0
607388739190128639,0.0795214,0
607388739324346367,0.0845203,0
607388739458564095,0.0747183,0
607388739592781823,0.0976287,0
607388739726999551,0.0768427,0
607388739995435007,0.0871343,0
607388740129652735,0.0917572,0
607388740263870463,0.0866996,0
607388740398088191,0.080841,0
607388740532305919,0.0995618,0
607388740666523647,0.0975529,0
607388740800741375,0.102481,0
607388741069176831,0.0661501,0
607388741203394559,0.0823476,0
607388741337612287,0.060019,0
607388741471830015,0.0646108,0
607388741606047743,0.070829,0
607388741740265471,0.0810977,0
607388741874483199,0.0757022,0
607388743216660479,0.119352,0
607388743350878207,0.119781,0
607388743485095935,0.117413,0
607388743619313663,0.118001,0
607388743753531391,0.131831,0
607388743887749119,0.120276,0
607388744021966847,0.120464,0
607388744290402303,0.12967,0
607388744424620031,0.143543,0
607388744558837759,0.128078,0
607388744693055487,0.131637,0
607388744827273215,0.138482,0
607388744961490943,0.148693,0
607388745095708671,0.135401,0
607388745364144127,0.125118,0
607388745498361855,0.107902,0
607388745632579583,0.117624,0
607388745766797311,0.0973627,0
607388745901015039,0.112255,0
607388746035232767,0.109412,0
607388746169450495,0.124492,0
607388746437885951,0.115389,0
607388746572103679,0.118765,0
607388746706321407,0.110279,0
607388746840539135,0.109571,0
607388746974756863,0.114043,0
607388747108974591,0.135514,0
607388747243192319,0.110001,0
607388747511627775,0.156187,0
607388747645845503,0.137226,0
607388747780063231,0.122214,0
607388747914280959,0.11945,0
607388748048498687,0.171562,0
607388748182716415,0.138519,0
607388748316934143,0.130115,0
607388748585369599,0.141972,0
607388748719587327,0.145296,0
607388748853805055,0.119807,0
607388748988022783,0.136321,0
607388749122240511,0.134121,0
607388749256458239,0.146472,0
607388749390675967,0.133146,0
607388749659111423,0.124183,0
607388749793329151,0.116215,0
607388749927546879,0.131443,0
607388750061764607,0.125784,0
607388750195982335,0.129175,0
607388750330200063,0.121205,0
607388750464417791,0.122677,0
607388751806595071,0.136701,0
607388751940812799,0.148407,0
607388752075030527,0.134101,0
607388752209248255,0.140072,0
607388752343465983,0.130932,0
607388752477683711,0.145221,0
607388752611901439,0.124994,0
607388752880336895,0.195728,0
607388753014554623,0.235015,0
607388753148772351,0.170321,0
607388753282990079,0.18885,0
607388753417207807,0.214128,0
607388753551425535,0.233553,0
607388753685643263,0.155449,0
607388753954078719,0.119773,0
607388754088296447,0.153273,0
607388754222514175,0.129727,0
607388754356731903,0.13643,0
607388754490949631,0.123125,0
607388754625167359,0.133444,0
607388754759385087,0.124401,0
607388755027820543,0.17376,0
607388755162038271,0.188177,0
607388755296255999,0.147543,0
607388755430473727,0.156915,0
607388755564691455,0.154078,0
607388755698909183,0.153877,0
607388755833126911,0.140259,0
607388756101562367,0.144003,0
607388756235780095,0.132857,0
607388756369997823,0.145641,0
607388756504215551,0.134587,0
607388756638433279,0.14961,0
607388756772651007,0.1468,0
607388756906868735,0.143246,0
607388757175304191,0.177164,0
607388757309521919,0.226453,0
607388757443739647,0.140298,0
607388757577957375,0.179401,0
607388757712175103,0.196341,0
607388757846392831,0.213816,0
607388757980610559,0.134674,0
607388758249046015,0.135107,0
607388758383263743,0.132442,0
607388758517481471,0.127042,0
607388758651699199,0.125673,0
607388758785916927,0.133321,0
607388758920134655,0.132039,0
607388759054352383,0.126036,0
607388760396529663,0.109666,0
607388760530747391,0.111513,0
607388760664965119,0.0898238,0
607388760799182847,0.0980818,0
607388760933400575,0.11277,0
607388761067618303,0.123238,0
607388761201836031,0.0947595,0
607388761470271487,0.111027,0
607388761604489215,0.102361,0
607388761738706943,0.104573,0
607388761872924671,0.101011,0
607388762007142399,0.10873,0
607388762141360127,0.114054,0
607388762275577855,0.114472,0
607388762544013311,0.0699928,0
607388762678231039,0.0747285,0
607388762812448767,0.0785541,0
607388762946666495,0.0649707,0
607388763080884223,0.0712104,0
607388763215101951,0.0818713,0
607388763349319679,0.0653946,0
607388763617755135,0.0815532,0
607388763751972863,0.0912337,0
607388763886190591,0.0684087,0
607388764020408319,0.0717382,0
607388764154626047,0.0930718,0
607388764288843775,0.0997287,0
607388764423061503,0.0877717,0
607388764691496959,0.0968782,0
607388764825714687,0.112977,0
607388764959932415,0.0931277,0
607388765094150143,0.112476,0
607388765228367871,0.102665,0
607388765362585599,0.130544,0
607388765496803327,0.0930252,0
607388765765238783,0.119318,0
607388765899456511,0.121499,0
607388766033674239,0.121245,0
607388766167891967,0.144897,0
607388766302109695,0.125139,0
607388766436327423,0.125448,0
607388766570545151,0.122166,0
607388766838980607,0.081802,0
607388766973198335,0.0872812,0
607388767107416063,0.058921,0
607388767241633791,0.0709574,0
607388767375851519,0.0855072,0
607388767510069247,0.090936,0
607388767644286975,0.06702,0
607388777576398847,0.0159395,0
607388777710616575,0.0213299,0
607388777844834303,0.0166932,0
607388777979052031,0.0165308,0
607388778113269759,0.0164085,0
607388778247487487,0.0252124,0
607388778381705215,0.0168441,0
607388778650140671,0.0302696,0
607388778784358399,0.0317406,0
607388778918576127,0.0295006,0
607388779052793855,0.0288327,0
607388779187011583,0.0360806,0
607388779321229311,0.0313768,0
607388779455447039,0.0306921,0
607388779723882495,0.0182383,0
607388779858100223,0.0286202,0
607388779992317951,0.0241294,0
607388780126535679,0.0283668,0
607388780260753407,0.0211716,0
607388780394971135,0.0160766,0
607388780529188863,0.0233086,0
607388780797624319,0.0308624,0
607388780931842047,0.0214186,0
607388781066059775,0.0208143,0
607388781200277503,0.02113,0
607388781334495231,0.0208855,0
607388781468712959,0.0303351,0
607388781602930687,0.0302609,0
607388781871366143,0.0226981,0
607388782005583871,0.014956,0
607388782139801599,0.0245338,0
607388782274019327,0.0146543,0
607388782408237055,0.0311067,0
607388782542454783,0.0223931,0
607388782676672511,0.0242058,0
607388782945107967,0.0266202,0
607388783079325695,0.0261197,0
607388783213543423,0.0266976,0
607388783347761151,0.0268739,0
607388783481978879,0.0272485,0
607388783616196607,0.0274577,0
607388783750414335,0.0252161,0
607388784018849791,0.0196155,0
607388784153067519,0.0196155,0
607388784287285247,0.0217874,0
607388784421502975,0.0194993,0
607388784555720703,0.0158373,0
607388784689938431,0.0196888,0
607388784824156159,0.0162487,0
607388786166333439,0.0278602,0
607388786300551167,0.027427,0
607388786434768895,0.0270038,0
607388786568986623,0.0277395,0
607388786703204351,0.0223624,0
607388786837422079,0.0259316,0
607388786971639807,0.0259355,0
607388787240075263,0.0293135,0
607388787374292991,0.0248124,0
607388787508510719,0.0259239,0
607388787642728447,0.0248077,0
607388787776946175,0.0238159,0
607388787911163903,0.0284556,0
607388788045381631,0.0249481,0
607388788313817087,0.0251591,0
607388788448034815,0.0279671,0
607388788582252543,0.0271469,0
607388788716470271,0.0251233,0
607388788850687999,0.0242736,0
607388788984905727,0.0293929,0
607388789119123455,0.0313837,0
607388789387558911,0.0269565,0
607388789521776639,0.0352085,0
607388789655994367,0.0293566,0
607388789790212095,0.0300121,0
607388789924429823,0.0259425,0
607388790058647551,0.0265448,0
607388790192865279,0.0268282,0
607388790461300735,0.0257111,0
607388790595518463,0.0254443,0
607388790729736191,0.0237242,0
607388790863953919,0.0238948,0
607388790998171647,0.0237306,0
607388791132389375,0.0254142,0
607388791266607103,0.0305786,0
607388791535042559,0.0238801,0
607388791669260287,0.0239997,0
607388791803478015,0.0251229,0
607388791937695743,0.0243312,0
607388792071913471,0.0240066,0
607388792206131199,0.025977,0
607388792340348927,0.0222924,0
607388792608784383,0.0332355,0
607388792743002111,0.0260701,0
607388792877219839,0.0294319,0
607388793011437567,0.0268992,0
607388793145655295,0.0314617,0
607388793279873023,0.0272174,0
607388793414090751,0.030494,0
607388794756268031,0.020241,0
607388794890485759,0.0211812,0
607388795024703487,0.0408744,0
607388795158921215,0.0202824,0
607388795293138943,0.0294576,0
607388795427356671,0.0299457,0
607388795561574399,0.0402001,0
607388795830009855,0.0190118,0
607388795964227583,0.0233536,0
607388796098445311,0.0197819,0
607388796232663039,0.0324224,0
607388796366880767,0.024765,0
607388796501098495,0.0306506,0
607388796635316223,0.0179882,0
607388796903751679,0.0349768,0
607388797037969407,0.0176217,0
607388797172187135,0.0328586,0
607388797306404863,0.0349561,0
607388797440622591,0.0425745,0
607388797574840319,0.0201227,0
607388797709058047,0.0409685,0
607388797977493503,0.0192225,0
607388798111711231,0.028643,0
607388798245928959,0.0189515,0
607388798380146687,0.0198064,0
607388798514364415,0.0214154,0
607388798648582143,0.0208482,0
607388798782799871,0.0183857,0
607388799051235327,0.156347,0
607388799185453055,0.0214753,0
607388799319670783,0.107196,0
607388799453888511,0.0675166,0
607388799588106239,0.139885,0
607388799722323967,0.0382758,0
607388799856541695,0.0906234,0
607388800124977151,0.0190479,0
607388800259194879,0.0195937,0
607388800393412607,0.0177407,0
607388800527630335,0.0209446,0
607388800661848063,0.0270459,0
607388800796065791,0.0193227,0
607388800930283519,0.0212576,0
607388801198718975,0.0542617,0
607388801332936703,0.044802,0
607388801467154431,0.0538145,0
607388801601372159,0.0462191,0
607388801735589887,0.0503288,0
607388801869807615,0.0417255,0
607388802004025343,0.0515964,0
607388803346202623,0.0187709,0
607388803480420351,0.0193485,0
607388803614638079,0.0177984,0
607388803748855807,0.0189508,0
607388803883073535,0.0197522,0
607388804017291263,0.0194774,0
607388804151508991,0.0182562,0
607388804419944447,0.0160369,0
607388804554162175,0.0180322,0
607388804688379903,0.0214809,0
607388804822597631,0.0177416,0
607388804956815359,0.0231655,0
607388805091033087,0.0155593,0
607388805225250815,0.0219957,0
607388805493686271,0.0177984,0
607388805627903999,0.0178238,0
607388805762121727,0.0177984,0
607388805896339455,0.0181172,0
607388806030557183,0.0177984,0
607388806164774911,0.0177984,0
607388806298992639,0.0158656,0
607388806567428095,0.0167287,0
607388806701645823,0.0172259,0
607388806835863551,0.0213356,0
607388806970081279,0.016907,0
607388807104299007,0.0210295,0
607388807238516735,0.0149788,0
607388807372734463,0.018376,0
607388807641169919,0.0172064,0
607388807775387647,0.0204621,0
607388807909605375,0.020655,0
607388808043823103,0.017128,0
607388808178040831,0.0274429,0
607388808312258559,0.0204916,0
607388808446476287,0.0249773,0
607388808714911743,0.0238268,0
607388808849129471,0.0247864,0
607388808983347199,0.0211046,0
607388809117564927,0.0209279,0
607388809251782655,0.0208686,0
607388809386000383,0.0240541,0
607388809520218111,0.0212812,0
607388809788653567,0.0158656,0
607388809922871295,0.0161844,0
607388810057089023,0.0194454,0
607388810191306751,0.0158656,0
607388810325524479,0.0221697,0
607388810459742207,0.0163234,0
607388810593959935,0.0242739,0
607388811936137215,0.0249016,0
607388812070354943,0.0216809,0
607388812204572671,0.0256434,0
607388812338790399,0.0222199,0
607388812473008127,0.0280389,0
607388812607225855,0.0160288,0
607388812741443583,0.0270821,0
607388813009879039,0.0333754,0
607388813144096767,0.0319914,0
607388813278314495,0.0229584,0
607388813412532223,0.036305,0
607388813546749951,0.0380218,0
607388813680967679,0.0330541,0
607388813815185407,0.0199369,0
607388814083620863,0.0246525,0
607388814217838591,0.0233035,0
607388814352056319,0.0275522,0
607388814486274047,0.0246175,0
607388814620491775,0.0342841,0
607388814754709503,0.0226664,0
607388814888927231,0.0260571,0
607388815157362687,0.0309982,0
607388815291580415,0.034643,0
607388815425798143,0.0233105,0
607388815560015871,0.0342891,0
607388815694233599,0.0309446,0
607388815828451327,0.0237166,0
607388815962669055,0.0220779,0
607388816231104511,0.0235444,0
607388816365322239,0.0271291,0
607388816499539967,0.0272646,0
607388816633757695,0.0282974,0
607388816767975423,0.0227366,0
607388816902193151,0.0295922,0
607388817036410879,0.0175035,0
607388817304846335,0.0296092,0
607388817439064063,0.030778,0
607388817573281791,0.0245873,0
607388817707499519,0.0288196,0
607388817841717247,0.0259878,0
607388817975934975,0.0366951,0
607388818110152703,0.0205473,0
607388818378588159,0.0244934,0
607388818512805887,0.034117,0
607388818647023615,0.0228612,0
607388818781241343,0.0248973,0
607388818915459071,0.0237251,0
607388819049676799,0.0261711,0
607388819183894527,0.0237436,0
607388820526071807,0.0267575,0
607388820660289535,0.0289565,0
607388820794507263,0.0333754,0
607388820928724991,0.0253997,0
607388821062942719,0.037828,0
607388821197160447,0.0274149,0
607388821331378175,0.0308602,0
607388821599813631,0.0149763,0
607388821734031359,0.0208101,0
607388821868249087,0.026477,0
607388822002466815,0.0169861,0
607388822136684543,0.0211993,0
607388822270902271,0.0196665,0
607388822405119999,0.0204004,0
607388822673555455,0.0327432,0
607388822807773183,0.0246196,0
607388822941990911,0.0323265,0
607388823076208639,0.0274193,0
607388823210426367,0.0339118,0
607388823344644095,0.0251102,0
607388823478861823,0.0323945,0
607388823747297279,0.02773,0
607388823881515007,0.024021,0
607388824015732735,0.0231531,0
607388824149950463,0.03126,0
607388824284168191,0.0209646,0
607388824418385919,0.0265235,0
607388824552603647,0.0233932,0
607388824821039103,0.0353561,0
607388824955256831,0.0348862,0
607388825089474559,0.0331708,0
607388825223692287,0.0354697,0
607388825357910015,0.0355295,0
607388825492127743,0.0364365,0
607388825626345471,0.0319486,0
607388825894780927,0.0224154,0
607388826028998655,0.0227023,0
607388826163216383,0.0305344,0
607388826297434111,0.0294129,0
607388826431651839,0.022234,0
607388826565869567,0.0195336,0
607388826700087295,0.0247309,0
607388826968522751,0.0280371,0
607388827102740479,0.0289342,0
607388827236958207,0.0270422,0
607388827371175935,0.0345778,0
607388827505393663,0.0287574,0
607388827639611391,0.0298467,0
607388827773829119,0.0247875,0
607388829116006399,0.0683528,0
607388829250224127,0.0408625,0
607388829384441855,0.0910939,0
607388829518659583,0.143884,0
607388829652877311,0.0776889,0
607388829787095039,0.0419294,0
607388829921312767,0.0802444,0
607388830189748223,0.0210355,0
607388830323965951,0.0151676,0
607388830458183679,0.0230756,0
607388830592401407,0.0216842,0
607388830726619135,0.0228461,0
607388830860836863,0.019299,0
607388830995054591,0.0239867,0
607388831263490047,0.102649,0
607388831397707775,0.0916213,0
607388831531925503,0.0790317,0
607388831666143231,0.107169,0
607388831800360959,0.0810477,0
607388831934578687,0.082176,0
607388832068796415,0.0956735,0
607388832337231871,0.0239378,0
607388832471449599,0.0217874,0
607388832605667327,0.0367051,0
607388832739885055,0.0214342,0
607388832874102783,0.026015,0
607388833008320511,0.0216108,0
607388833142538239,0.0495321,0
607388833410973695,0.0375362,0
607388833545191423,0.0644552,0
607388833679409151,0.0231752,0
607388833813626879,0.0760097,0
607388833947844607,0.0170076,0
607388834082062335,0.0345776,0
607388834216280063,0.0167746,0
607388834484715519,0.0341584,0
607388834618933247,0.024479,0
607388834753150975,0.0734393,0
607388834887368703,0.0284839,0
607388835021586431,0.0322289,0
607388835155804159,0.0231088,0
607388835290021887,0.0482762,0
607388835558457343,0.0239665,0
607388835692675071,0.134953,0
607388835826892799,0.0251986,0
607388835961110527,0.0513954,0
607388836095328255,0.0230534,0
607388836229545983,0.047599,0
607388836363763711,0.017943,0
607389513626419199,0.0234228,0
607389513760636927,0.050009,0
607389533490642943,0.0429644,0
607389533624860671,0.0523426,0
607389534027513855,0.0409913,0
607389534161731583,0.0521867,0
607389534295949311,0.0369684,0
607389534564384767,0.0527721,0
607389534698602495,0.0565953,0
607389534832820223,0.0570086,0
607389534967037951,0.0606559,0
607389535101255679,0.0522357,0
607389535235473407,0.0548453,0
607389535369691135,0.0525186,0
607389537248739327,0.0552275,0
607389537382957055,0.062114,0
607389537785610239,0.0219126,0
607389537919827967,0.0285133,0
607389538054045695,0.0237413,0
607389538188263423,0.028376,0
607389538322481151,0.0239802,0
607389538456698879,0.0220452,0
607389538590916607,0.023014,0
607389538859352063,0.0502952,0
607389538993569791,0.0637577,0
607389539127787519,0.0465195,0
607389539262005247,0.0576385,0
607389539396222975,0.0434872,0
607389539530440703,0.0624761,0
607389539664658431,0.0370475,0
607389542080577535,0.0470593,0
607389542214795263,0.0511504,0
607389542349012991,0.0400787,0
607389542483230719,0.0469389,0
607389542617448447,0.0415361,0
607389542751666175,0.049886,0
607389542885883903,0.0387872,0
607389543154319359,0.0559255,0
607389543288537087,0.0656719,0
607389543422754815,0.0598948,0
607389543556972543,0.0570691,0
607389543691190271,0.0577048,0
607389543825407999,0.0598607,0
607389543959625727,0.05057,0
607389544764932095,0.0407467,0
607389544899149823,0.0433855,0
607389545301803007,0.0618431,0
607389545436020735,0.0650253,0
607389545570238463,0.0665372,0
607389545704456191,0.0636842,0
607389545838673919,0.0644944,0
607389545972891647,0.0629301,0
607389546107109375,0.0513648,0
607389546375544831,0.049335,0
607389546509762559,0.0467288,0
607389546643980287,0.0530242,0
607389546778198015,0.0447546,0
607389546912415743,0.0508984,0
607389547046633471,0.0511922,0
607389547180851199,0.0592451,0
607389547449286655,0.0438536,0
607389547583504383,0.0488941,0
607389547717722111,0.0428187,0
607389547851939839,0.0481953,0
607389547986157567,0.0441061,0
607389548120375295,0.0439815,0
607389548254593023,0.0477398,0
607389548523028479,0.0504287,0
607389548657246207,0.0414367,0
607389548925681663,0.0468892,0
607389549059899391,0.0502035,0
607389549194117119,0.04906,0
607389549328334847,0.0543597,0
607389567850381311,0.0319366,0
607389567984599039,0.0293079,0
607389568118816767,0.0284304,0
607389568253034495,0.0292034,0
607389568387252223,0.0298838,0
607389568521469951,0.0252274,0
607389568655687679,0.0303241,0
607389568924123135,0.0227287,0
607389569058340863,0.0266842,0
607389569192558591,0.0270928,0
607389569326776319,0.0252519,0
607389569460994047,0.0277225,0
607389569595211775,0.0213266,0
607389569729429503,0.0295122,0
607389569997864959,0.0279703,0
607389570132082687,0.0287269,0
607389570266300415,0.0266109,0
607389570400518143,0.0271351,0
607389570534735871,0.0284304,0
607389570668953599,0.0279497,0
607389570803171327,0.0286008,0
607389571071606783,0.0222794,0
607389571205824511,0.03038,0
607389571340042239,0.0257808,0
607389571474259967,0.0249382,0
607389571608477695,0.0263001,0
607389571742695423,0.0220301,0
607389571876913151,0.0285812,0
607389572145348607,0.0223786,0
607389572279566335,0.022263,0
607389572413784063,0.0253719,0
607389572548001791,0.0245756,0
607389572682219519,0.0161694,0
607389572816437247,0.0201577,0
607389572950654975,0.0287905,0
607389573219090431,0.0262591,0
607389573353308159,0.0273521,0
607389573487525887,0.0248558,0
607389573621743615,0.028797,0
607389573755961343,0.0281223,0
607389573890179071,0.0259014,0
607389574024396799,0.0251355,0
607389574292832255,0.0244125,0
607389574427049983,0.0294782,0
607389574561267711,0.0253995,0
607389574695485439,0.0247927,0
607389574829703167,0.0197045,0
607389574963920895,0.0227994,0
607389575098138623,0.0312634,0
607389576440315903,0.0580634,0
607389576574533631,0.0617991,0
607389576708751359,0.0567652,0
607389576842969087,0.0548412,0
607389576977186815,0.0666807,0
607389577111404543,0.0593197,0
607389577245622271,0.0652895,0
607389577514057727,0.0560405,0
607389577648275455,0.0498159,0
607389577782493183,0.0570372,0
607389577916710911,0.0542275,0
607389578050928639,0.0656671,0
607389578185146367,0.060919,0
607389578319364095,0.0685154,0
607389578587799551,0.0577033,0
607389578722017279,0.0578626,0
607389578856235007,0.053672,0
607389578990452735,0.0598787,0
607389579124670463,0.0608162,0
607389579258888191,0.0516095,0
607389579393105919,0.0660826,0
607389579661541375,0.0549178,0
607389579795759103,0.0500263,0
607389579929976831,0.0534373,0
607389580064194559,0.0482754,0
607389580198412287,0.0636203,0
607389580332630015,0.0540408,0
607389580466847743,0.0587447,0
607389580735283199,0.0499762,0
607389580869500927,0.0621188,0
607389581003718655,0.0459366,0
607389581137936383,0.0635668,0
607389581272154111,0.0389357,0
607389581406371839,0.0527148,0
607389581540589567,0.0358104,0
607389581809025023,0.0557448,0
607389581943242751,0.0606556,0
607389582077460479,0.0660869,0
607389582211678207,0.0617086,0
607389582345895935,0.0681851,0
607389582480113663,0.0604375,0
607389582614331391,0.0626668,0
607389582882766847,0.0572732,0
607389583016984575,0.067235,0
607389583151202303,0.0536922,0
607389583285420031,0.0658368,0
607389583419637759,0.0427853,0
607389583553855487,0.0612342,0
607389583688073215,0.0387667,0
607389586103992319,0.0235181,0
607389586238210047,0.0254545,0
607389586640863231,0.0214837,0
607389586775080959,0.0256602,0
607389589459435519,0.0176404,0
607389589862088703,0.0264574,0
607389589996306431,0.0208318,0
607389590398959615,0.0218729,0
607389590533177343,0.023091,0
607389590667395071,0.0195246,0
607389590801612799,0.0225722,0
607389590935830527,0.0231946,0
607389591070048255,0.0225164,0
607389591204265983,0.0176748,0
607389741259685887,0.00741807,0
607389741393903615,0.0137072,0
607389744480911359,0.0212093,0
607389744615129087,0.0502372,0
607389745017782271,0.0105739,0
607389745151999999,0.00713311,0
607389745420435455,0.0120649,0
607389745554653183,0.00643559,0
607389745688870911,0.0177006,0
607389745823088639,0.00798743,0
607389748239007743,0.0110761,0
607389748373225471,0.0159593,0
607389748775878655,0.0156001,0
607389748910096383,0.0130894,0
607389749312749567,0.0118346,0
607389749446967295,0.0194722,0
607389749581185023,0.0238208,0
607389749715402751,0.011737,0
607389749849620479,0.0205482,0
607389749983838207,0.0204709,0
607389750118055935,0.0126132,0
607389752533975039,0.019374,0
607389752668192767,0.0179506,0
607389752802410495,0.0190408,0
607389752936628223,0.0193952,0
607389753070845951,0.0145511,0
607389753205063679,0.018455,0
607389753339281407,0.0105295,0
607389753607716863,0.0252686,0
607389753741934591,0.017648,0
607389753876152319,0.0208335,0
607389754010370047,0.0192778,0
607389754144587775,0.0198261,0
607389754278805503,0.0192747,0
607389754413023231,0.025807,0
607389774008811519,0.0118166,0
607389774143029247,0.0146775,0
607389774277246975,0.011141,0
607389774411464703,0.0178825,0
607389774545682431,0.0211418,0
607389774679900159,0.0121435,0
607389774814117887,0.0261613,0
607389775082553343,0.0118163,0
607389775216771071,0.0109386,0
607389775350988799,0.0145168,0
607389775485206527,0.0104195,0
607389775619424255,0.0143772,0
607389775753641983,0.0193187,0
607389775887859711,0.0142641,0
607389776156295167,0.0182852,0
607389776290512895,0.0154577,0
607389776693166079,0.0256171,0
607389776827383807,0.0159635,0
607389776961601535,0.0269825,0
607389777230036991,0.0333553,0
607389777364254719,0.0116144,0
607389777498472447,0.026654,0
607389777632690175,0.0265667,0
607389777766907903,0.0161115,0
607389777901125631,0.0161634,0
607389778035343359,0.0177059,0
607389778303778815,0.0228195,0
607389778437996543,0.0114293,0
607389778572214271,0.00465995,0
607389778706431999,0.0223039,0
607389778840649727,0.00777162,0
607389778974867455,0.0119099,0
607389779109085183,0.00115375,0
607389779377520639,0.0185147,0
607389779511738367,0.0492894,0
607389779645956095,0.0204823,0
607389779780173823,0.0136755,0
607389779914391551,0.0157834,0
607389780048609279,0.0105492,0
607389780182827007,0.0114803,0
607389780451262463,0.0147741,0
607389780585480191,0.0286798,0
607389780719697919,0.0116916,0
607389780853915647,0.0195804,0
607389780988133375,0.00391709,0
607389781122351103,0.0181033,0
607389781256568831,0.00583969,0
607389782598746111,0.0183062,0
607389782732963839,0.0228375,0
607389782867181567,0.00711329,0
607389783001399295,0.0181561,0
607389783135617023,0.0104188,0
607389783269834751,0.0163293,0
607389783404052479,0.0106723,0
607389783672487935,0.0214312,0
607389783806705663,0.0244454,0
607389783940923391,0.0196238,0
607389784075141119,0.0234112,0
607389784209358847,0.01907,0
607389784343576575,0.0386984,0
607389784477794303,0.0228658,0
607389784746229759,0.01336,0
607389784880447487,0.0137329,0
607389785014665215,0.0248052,0
607389785148882943,0.0130422,0
607389785283100671,0.00628942,0
607389785417318399,0.0147696,0
607389785551536127,0.00614577,0
607389785819971583,0.020028,0
607389785954189311,0.0205641,0
607389786088407039,0.0134306,0
607389786222624767,0.0195398,0
607389786356842495,0.0265899,0
607389786491060223,0.031753,0
607389786625277951,0.0108355,0
607389786893713407,0.00812451,0
607389787027931135,0.0142664,0
607389787162148863,0.00586947,0
607389787296366591,0.01829,0
607389787430584319,0.00586947,0
607389787564802047,0.0151907,0
607389787699019775,0.00713716,0
607389787967455231,0.0182619,0
607389788101672959,0.0341552,0
607389788235890687,0.0106241,0
607389788370108415,0.0264707,0
607389788504326143,0.0206684,0
607389788638543871,0.0306217,0
607389788772761599,0.0154211,0
607389789041197055,0.0091967,0
607389789175414783,0.00779356,0
607389789309632511,0.00918129,0
607389789443850239,0.0123481,0
607389789578067967,0.00572457,0
607389789712285695,0.00769925,0
607389789846503423,0.00658814,0
607389797228478463,0.0239164,0
607389808368549887,0.0214723,0
607389808502767615,0.0165417,0
607389808636985343,0.0217656,0
607389808771203071,0.0163113,0
607389808905420799,0.0199954,0
607389809039638527,0.020257,0
607389809173856255,0.0297081,0
607389809442291711,0.0164744,0
607389809576509439,0.0178225,0
607389809710727167,0.019915,0
607389809844944895,0.0198792,0
607389809979162623,0.0156717,0
607389810113380351,0.0154617,0
607389810247598079,0.0158367,0
607389810516033535,0.0585328,0
607389810650251263,0.0198501,0
607389810784468991,0.0999653,0
607389810918686719,0.019417,0
607389811052904447,0.0606529,0
607389811187122175,0.0204929,0
607389811321339903,0.0564311,0
607389811589775359,0.0189227,0
607389811723993087,0.0186039,0
607389811858210815,0.0190732,0
607389811992428543,0.0187127,0
607389812126646271,0.0196675,0
607389812260863999,0.0195961,0
607389812395081727,0.0185742,0
607389812663517183,0.0254344,0
607389812797734911,0.0165158,0
607389812931952639,0.0365283,0
607389813066170367,0.0714462,0
607389813200388095,0.0576435,0
607389813334605823,0.015679,0
607389813468823551,0.0908747,0
607389813737259007,0.0132866,0
607389813871476735,0.0155066,0
607389814005694463,0.0169017,0
607389814139912191,0.0155066,0
607389814274129919,0.0154319,0
607389814408347647,0.0179935,0
607389814542565375,0.0112328,0
607389814811000831,0.0193368,0
607389814945218559,0.0300079,0
607389815079436287,0.0130263,0
607389815213654015,0.0208626,0
607389815347871743,0.0185266,0
607389815482089471,0.0580024,0
607389815616307199,0.0148471,0
607389816958484479,0.0117648,0
607389817092702207,0.0120847,0
607389817226919935,0.0144945,0
607389817361137663,0.0136468,0
607389817495355391,0.0117393,0
607389817629573119,0.0136721,0
607389817763790847,0.0120581,0
607389818032226303,0.0184401,0
607389818166444031,0.023328,0
607389818300661759,0.0180206,0
607389818434879487,0.025432,0
607389818569097215,0.0187223,0
607389818703314943,0.0301928,0
607389818837532671,0.0127979,0
607389819105968127,0.0161664,0
607389819240185855,0.0135634,0
607389819374403583,0.0135991,0
607389819508621311,0.0196473,0
607389819642839039,0.0148561,0
607389819777056767,0.0135277,0
607389819911274495,0.0138925,0
607389820179709951,0.018514,0
607389820313927679,0.0218814,0
607389820448145407,0.0139951,0
607389820582363135,0.0212904,0
607389820716580863,0.011337,0
607389820850798591,0.0213342,0
607389820985016319,0.0133186,0
607389821253451775,0.0215709,0
607389821387669503,0.0114205,0
607389821521887231,0.0138972,0
607389821656104959,0.0122681,0
607389821790322687,0.0176574,0
607389821924540415,0.018445,0
607389822058758143,0.0176574,0
607389822327193599,0.0193443,0
607389822461411327,0.0173336,0
607389822595629055,0.0239884,0
607389822729846783,0.0122108,0
607389822864064511,0.0227361,0
607389822998282239,0.0163347,0
607389823132499967,0.0187066,0
607389823400935423,0.0192529,0
607389823535153151,0.0162734,0
607389823669370879,0.0217918,0
607389823803588607,0.0165311,0
607389823937806335,0.0196318,0
607389824072024063,0.0192477,0
607389824206241791,0.0189584,0
607389825548419071,0.00248748,0
607389825682636799,0.0061531,0
607389825816854527,0.0149827,0
607389825951072255,0.00461502,0
607389826085289983,0.00451243,0
607389826219507711,0.00317395,0
607389826353725439,0.0160562,0
607389826622160895,0.0707757,0
607389826756378623,0.0208772,0
607389826890596351,0.0164117,0
607389827024814079,0.157874,0
607389827159031807,0.0180306,0
607389827293249535,0.0299135,0
607389827427467263,0.0159173,0
607389828366991359,0.0153372,0
607389828769644543,0.0134147,0
607389828903862271,0.0641666,0
607389829306515455,0.0167117,0
607389829440733183,0.0950741,0
607389829574950911,0.0183545,0
607389829843386367,0.0183219,0
607389829977604095,0.016186,0
607389830111821823,0.0193622,0
607389830246039551,0.0166064,0
607389830380257279,0.01794,0
607389830514475007,0.0185791,0
607389830648692735,0.0193439,0
607389830917128191,0.011749,0
607389831051345919,0.0181259,0
607389831185563647,0.00360625,0
607389831319781375,0.0123148,0
607389831453999103,0.00231153,0
607389831588216831,0.0119466,0
607389831722434559,0.0153158,0
607389831990870015,0.018559,0
607389832125087743,0.0164822,0
607389832527740927,0.0196168,0
607389832661958655,0.0158614,0
607389832796176383,0.0186902,0
607389834138353663,0.0190856,0
607389834272571391,0.0234647,0
607389834406789119,0.0175811,0
607389834541006847,0.0193015,0
607389834675224575,0.0185742,0
607389834809442303,0.0176431,0
607389834943660031,0.019091,0
607389835212095487,0.0148236,0
607389835346313215,0.0197462,0
607389835480530943,0.021355,0
607389835614748671,0.0191656,0
607389835748966399,0.0274169,0
607389835883184127,0.0176397,0
607389836017401855,0.0239458,0
607389836285837311,0.0188262,0
607389836420055039,0.0269832,0
607389836554272767,0.045893,0
607389836688490495,0.025142,0
607389836822708223,0.0442935,0
607389836956925951,0.0177452,0
607389837091143679,0.0538108,0
607389837359579135,0.0324286,0
607389837493796863,0.0297849,0
607389837628014591,0.0163439,0
607389837762232319,0.028232,0
607389837896450047,0.0280962,0
607389838030667775,0.0230763,0
607389838164885503,0.0269076,0
607389838433320959,0.016703,0
607389838567538687,0.0179008,0
607389838701756415,0.0157623,0
607389838835974143,0.0167571,0
607389838970191871,0.0176911,0
607389839104409599,0.0165027,0
607389839238627327,0.0179936,0
607389839507062783,0.018711,0
607389839641280511,0.0185114,0
607389839775498239,0.0178531,0
607389839909715967,0.0271824,0
607389840043933695,0.019915,0
607389840178151423,0.0214843,0
607389840312369151,0.0190316,0
607389840580804607,0.0455313,0
607389840715022335,0.0186243,0
607389840849240063,0.0195637,0
607389840983457791,0.0452481,0
607389841117675519,0.0213001,0
607389841251893247,0.045953,0
607389841386110975,0.0606449,0
607389842728288255,0.153726,0
607389842862505983,0.0445823,0
607389842996723711,0.0757244,0
607389843130941439,0.0783771,0
607389843265159167,0.130882,0
607389843399376895,0.0441815,0
607389843533594623,0.0772161,0
607389843802030079,0.0370598,0
607389843936247807,0.0189197,0
607389844070465535,0.0384141,0
607389844204683263,0.0407857,0
607389844338900991,0.0385952,0
607389844473118719,0.0342605,0
607389844607336447,0.0362331,0
607389844875771903,0.0613878,0
607389845009989631,0.0392501,0
607389845144207359,0.0560179,0
607389845278425087,0.0544653,0
607389845412642815,0.0685502,0
607389845546860543,0.0866715,0
607389845681078271,0.0299677,0
607389845949513727,0.0171511,0
607389846083731455,0.0159738,0
607389846217949183,0.0541403,0
607389846352166911,0.015408,0
607389846486384639,0.032981,0
607389846620602367,0.027155,0
607389846754820095,0.0333168,0
607389847023255551,0.133166,0
607389847157473279,0.0918876,0
607389847291691007,0.072059,0
607389847425908735,0.080174,0
607389847560126463,0.025351,0
607389847694344191,0.0578772,0
607389847828561919,0.0241654,0
607389848096997375,0.0476249,0
607389848231215103,0.0467297,0
607389848365432831,0.0663403,0
607389848499650559,0.0436765,0
607389848633868287,0.0377944,0
607389848768086015,0.0444992,0
607389848902303743,0.0676749,0
607389849170739199,0.0199502,0
607389849304956927,0.0805511,0
607389849439174655,0.0239166,0
607389849573392383,0.0379462,0
607389849707610111,0.0248695,0
607389849841827839,0.160366,0
607389849976045567,0.0241069,0
607389851318222847,0.0258367,0
607389851452440575,0.0183642,0
607389851586658303,0.0184473,0
607389851720876031,0.0192931,0
607389851855093759,0.0186515,0
607389851989311487,0.0164314,0
607389852123529215,0.0186412,0
607389852391964671,0.0183642,0
607389852526182399,0.0183642,0
607389852660400127,0.0183642,0
607389852794617855,0.0183642,0
607389852928835583,0.017168,0
607389853063053311,0.0183642,0
607389853197271039,0.0183642,0
607389853465706495,0.0156717,0
607389853599924223,0.0156717,0
607389853734141951,0.0156717,0
607389853868359679,0.0156717,0
607389854002577407,0.0137389,0
607389854136795135,0.0162375,0
607389854271012863,0.0245223,0
607389854539448319,0.0192931,0
607389854673666047,0.0190832,0
607389854807883775,0.0160275,0
607389854942101503,0.0168151,0
607389855076319231,0.0189997,0
607389855210536959,0.0192931,0
607389855344754687,0.0162375,0
607389855613190143,0.0206502,0
607389855747407871,0.030085,0
607389855881625599,0.0186094,0
607389856015843327,0.0245918,0
607389856150061055,0.0272298,0
607389856284278783,0.022162,0
607389856418496511,0.0289669,0
607389856686931967,0.0221003,0
607389856821149695,0.0166022,0
607389856955367423,0.0235838,0
607389857089585151,0.0164314,0
607389857223802879,0.0213811,0
607389857358020607,0.0158656,0
607389857492238335,0.0246581,0
607389857760673791,0.0239083,0
607389857894891519,0.0172569,0
607389858029109247,0.0158293,0
607389858163326975,0.0187403,0
607389858297544703,0.0159738,0
607389858431762431,0.0265279,0
607389858565980159,0.0159738,0
607389859908157439,0.0152278,0
607389860042375167,0.0156319,0
607389860176592895,0.0172561,0
607389860310810623,0.0150434,0
607389860445028351,0.0158694,0
607389860579246079,0.0162723,0
607389860713463807,0.015539,0
607389860981899263,0.0142154,0
607389861116116991,0.0622219,0
607389861250334719,0.0155605,0
607389861384552447,0.020881,0
607389861518770175,0.0145384,0
607389861652987903,0.0582379,0
607389861787205631,0.0161773,0
607389862055641087,0.021363,0
607389862189858815,0.00624132,0
607389862324076543,0.0211547,0
607389862458294271,0.0168964,0
607389862592511999,0.0261339,0
607389862726729727,0.00551067,0
607389862860947455,0.0296173,0
607389863129382911,0.00648101,0
607389863263600639,0.00413468,0
607389863397818367,0.00567002,0
607389863532036095,0.00350015,0
607389863666253823,0.0162132,0
607389863800471551,0.0169103,0
607389863934689279,0.00635628,0
607389864203124735,0.0258073,0
607389864337342463,0.0211796,0
607389864471560191,0.0182491,0
607389864605777919,0.014284,0
607389864739995647,0.0218591,0
607389864874213375,0.029182,0
607389865008431103,0.0202863,0
607389865276866559,0.0158614,0
607389865411084287,0.0168576,0
607389865545302015,0.0150367,0
607389865679519743,0.0174532,0
607389865813737471,0.0161517,0
607389865947955199,0.0136444,0
607389866082172927,0.0265769,0
607389866350608383,0.0212738,0
607389866484826111,0.0191333,0
607389866619043839,0.0236461,0
607389866753261567,0.0234329,0
607389866887479295,0.0131982,0
607389867021697023,0.0104932,0
607389867155914751,0.0188386,0
607390564282793983,0.125572,0
607390564417011711,0.144914,0
607390564551229439,0.127858,0
607390564685447167,0.124614,0
607390564819664895,0.131405,0
607390564953882623,0.138836,0
607390565088100351,0.121024,0
607390565356535807,0.145431,0
607390565490753535,0.142176,0
607390565624971263,0.137858,0
607390565759188991,0.142194,0
607390565893406719,0.150257,0
607390566027624447,0.149596,0
607390566161842175,0.158996,0
607390566430277631,0.130642,0
607390566564495359,0.132461,0
607390566698713087,0.127495,0
607390566832930815,0.148436,0
607390566967148543,0.11305,0
607390567101366271,0.12815,0
607390567235583999,0.130485,0
607390567504019455,0.114678,0
607390567638237183,0.119626,0
607390567772454911,0.1302,0
607390567906672639,0.113193,0
607390568040890367,0.143314,0
607390568175108095,0.12427,0
607390568309325823,0.14014,0
607390568577761279,0.136581,0
607390568711979007,0.127605,0
607390568846196735,0.140581,0
607390568980414463,0.132632,0
607390569114632191,0.126491,0
607390569248849919,0.122332,0
607390569383067647,0.134475,0
607390569651503103,0.125859,0
607390569785720831,0.131249,0
607390569919938559,0.133712,0
607390570054156287,0.137,0
607390570188374015,0.115982,0
607390570322591743,0.11707,0
607390570456809471,0.123146,0
607390570725244927,0.134147,0
607390570859462655,0.126612,0
607390570993680383,0.126375,0
607390571127898111,0.130271,0
607390571262115839,0.13066,0
607390571396333567,0.130208,0
607390571530551295,0.126561,0
607390572872728575,0.0959464,0
607390573006946303,0.101007,0
607390573141164031,0.0960529,0
607390573275381759,0.0924035,0
607390573409599487,0.141794,0
607390573543817215,0.0985873,0
607390573678034943,0.137231,0
607390573946470399,0.124697,0
607390574080688127,0.126425,0
607390574214905855,0.116888,0
607390574349123583,0.136131,0
607390574483341311,0.140608,0
607390574617559039,0.123177,0
607390574751776767,0.117412,0
607390575020212223,0.088565,0
607390575154429951,0.0771906,0
607390575288647679,0.0894691,0
607390575422865407,0.0751556,0
607390575557083135,0.0890321,0
607390575691300863,0.0825265,0
607390575825518591,0.0873819,0
607390576093954047,0.06632,0
607390576228171775,0.101276,0
607390576362389503,0.0892598,0
607390576496607231,0.0927521,0
607390576630824959,0.124423,0
607390576765042687,0.133832,0
607390576899260415,0.0747031,0
607390577167695871,0.153662,0
607390577301913599,0.171287,0
607390577436131327,0.148503,0
607390577570349055,0.179652,0
607390577704566783,0.145427,0
607390577838784511,0.154896,0
607390577973002239,0.137652,0
607390578241437695,0.148827,0
607390578375655423,0.134659,0
607390578509873151,0.130671,0
607390578644090879,0.101606,0
607390578778308607,0.179167,0
607390578912526335,0.150099,0
607390579046744063,0.17415,0
607390579315179519,0.149814,0
607390579449397247,0.144064,0
607390579583614975,0.156198,0
607390579717832703,0.13703,0
607390579852050431,0.140433,0
607390579986268159,0.173758,0
607390580120485887,0.130533,0
607390581462663167,0.154792,0
607390581596880895,0.158124,0
607390581731098623,0.137744,0
607390581865316351,0.143892,0
607390581999534079,0.125335,0
607390582133751807,0.14673,0
607390582267969535,0.12936,0
607390582536404991,0.122242,0
607390582670622719,0.122112,0
607390582804840447,0.146813,0
607390582939058175,0.123089,0
607390583073275903,0.129466,0
607390583207493631,0.12185,0
607390583341711359,0.14898,0
607390583610146815,0.128943,0
607390583744364543,0.132126,0
607390583878582271,0.114535,0
607390584012799999,0.121091,0
607390584147017727,0.12781,0
607390584281235455,0.144049,0
607390584415453183,0.11496,0
607390584683888639,0.120564,0
607390584818106367,0.126808,0
607390584952324095,0.126651,0
607390585086541823,0.12741,0
607390585220759551,0.136977,0
607390585354977279,0.115986,0
607390585489195007,0.145678,0
607390585757630463,0.133319,0
607390585891848191,0.137283,0
607390586026065919,0.123387,0
607390586160283647,0.13451,0
607390586294501375,0.128738,0
607390586428719103,0.142199,0
607390586562936831,0.131654,0
607390586831372287,0.138885,0
607390586965590015,0.138385,0
607390587099807743,0.136868,0
607390587234025471,0.145619,0
607390587368243199,0.126689,0
607390587502460927,0.136061,0
607390587636678655,0.127923,0
607390587905114111,0.153835,0
607390588039331839,0.119689,0
607390588173549567,0.128681,0
607390588307767295,0.120841,0
607390588441985023,0.118011,0
607390588576202751,0.133313,0
607390588710420479,0.111774,0
607390590052597759,0.16793,0
607390590186815487,0.0822741,0
607390590321033215,0.165646,0
607390590455250943,0.083155,0
607390590589468671,0.179167,0
607390590723686399,0.164401,0
607390590857904127,0.179594,0
607390591126339583,0.0635729,0
607390591260557311,0.0569153,0
607390591394775039,0.0621738,0
607390591528992767,0.0583119,0
607390591663210495,0.0853053,0
607390591797428223,0.0979205,0
607390591931645951,0.0796645,0
607390592200081407,0.0777418,0
607390592334299135,0.0583175,0
607390592468516863,0.083305,0
607390592602734591,0.0695934,0
607390592736952319,0.154542,0
607390592871170047,0.0815328,0
607390593005387775,0.18059,0
607390593273823231,0.0534675,0
607390593408040959,0.0622589,0
607390593542258687,0.0458281,0
607390593676476415,0.0569287,0
607390593810694143,0.058586,0
607390593944911871,0.0605765,0
607390594079129599,0.0570129,0
607390594347565055,0.119851,0
607390594481782783,0.124952,0
607390594616000511,0.127316,0
607390594750218239,0.12613,0
607390594884435967,0.131508,0
607390595018653695,0.104929,0
607390595152871423,0.12683,0
607390595421306879,0.181579,0
607390595555524607,0.0857789,0
607390595689742335,0.18589,0
607390595823960063,0.109367,0
607390595958177791,0.135263,0
607390596092395519,0.161518,0
607390596226613247,0.130842,0
607390596495048703,0.143808,0
607390596629266431,0.183189,0
607390596763484159,0.133402,0
607390596897701887,0.119553,0
607390597031919615,0.123443,0
607390597166137343,0.117643,0
607390597300355071,0.128385,0
607390598642532351,0.114173,0
607390598776750079,0.114201,0
607390598910967807,0.12115,0
607390599045185535,0.118455,0
607390599179403263,0.107657,0
607390599313620991,0.116094,0
607390599447838719,0.11285,0
607390599716274175,0.151738,0
607390599850491903,0.1328,0
607390599984709631,0.128766,0
607390600118927359,0.120142,0
607390600253145087,0.174824,0
607390600387362815,0.121137,0
607390600521580543,0.122249,0
607390600790015999,0.117571,0
607390600924233727,0.126034,0
607390601058451455,0.125786,0
607390601192669183,0.124538,0
607390601326886911,0.110188,0
607390601461104639,0.114742,0
607390601595322367,0.109955,0
607390601863757823,0.110505,0
607390601997975551,0.120772,0
607390602132193279,0.120972,0
607390602266411007,0.12072,0
607390602400628735,0.112559,0
607390602534846463,0.133607,0
607390602669064191,0.117115,0
607390602937499647,0.102924,0
607390603071717375,0.117882,0
607390603205935103,0.0937087,0
607390603340152831,0.112384,0
607390603474370559,0.0825218,0
607390603608588287,0.0879806,0
607390603742806015,0.099005,0
607390604011241471,0.208689,0
607390604145459199,0.152509,0
607390604279676927,0.112708,0
607390604413894655,0.139056,0
607390604548112383,0.132836,0
607390604682330111,0.255891,0
607390604816547839,0.138012,0
607390605084983295,0.0839805,0
607390605219201023,0.0961594,0
607390605353418751,0.0942553,0
607390605487636479,0.099472,0
607390605621854207,0.220669,0
607390605756071935,0.106949,0
607390605890289663,0.0918371,0
607390607232466943,0.14512,0
607390607366684671,0.164167,0
607390607500902399,0.141962,0
607390607635120127,0.154078,0
607390607769337855,0.132121,0
607390607903555583,0.159954,0
607390608037773311,0.151374,0
607390608306208767,0.18131,0
607390608440426495,0.17903,0
607390608574644223,0.185124,0
607390608708861951,0.171069,0
607390608843079679,0.163376,0
607390608977297407,0.193851,0
607390609111515135,0.171669,0
607390609379950591,0.145516,0
607390609514168319,0.146202,0
607390609648386047,0.14879,0
607390609782603775,0.147906,0
607390609916821503,0.136925,0
607390610051039231,0.141033,0
607390610185256959,0.130975,0
607390610453692415,0.161689,0
607390610587910143,0.185805,0
607390610722127871,0.147007,0
607390610856345599,0.14517,0
607390610990563327,0.151231,0
607390611124781055,0.155243,0
607390611258998783,0.156289,0
607390611527434239,0.127687,0
607390611661651967,0.131492,0
607390611795869695,0.132043,0
607390611930087423,0.136273,0
607390612064305151,0.138335,0
607390612198522879,0.143276,0
607390612332740607,0.131093,0
607390612601176063,0.137491,0
607390612735393791,0.157159,0
607390612869611519,0.125447,0
607390613003829247,0.152061,0
607390613138046975,0.129293,0
607390613272264703,0.16415,0
607390613406482431,0.125034,0
607390613674917887,0.124797,0
607390613809135615,0.145028,0
607390613943353343,0.117081,0
607390614077571071,0.120176,0
607390614211788799,0.119121,0
607390614346006527,0.134949,0
607390614480224255,0.119274,0
607390615822401535,0.14123,0
607390615956619263,0.142141,0
607390616090836991,0.154335,0
607390616225054719,0.14334,0
607390616359272447,0.142237,0
607390616493490175,0.128599,0
607390616627707903,0.165164,0
607390616896143359,0.147315,0
607390617030361087,0.143162,0
607390617164578815,0.130127,0
607390617298796543,0.143833,0
607390617433014271,0.129941,0
607390617567231999,0.140592,0
607390617701449727,0.13653,0
607390617969885183,0.145322,0
607390618104102911,0.132411,0
607390618238320639,0.105456,0
607390618372538367,0.133685,0
607390618506756095,0.103799,0
607390618640973823,0.147003,0
607390618775191551,0.0971916,0
607390619043627007,0.137702,0
607390619177844735,0.132895,0
607390619312062463,0.134348,0
607390619446280191,0.148205,0
607390619580497919,0.132954,0
607390619714715647,0.139383,0
607390619848933375,0.135663,0
607390620117368831,0.181213,0
607390620251586559,0.106345,0
607390620385804287,0.0578723,0
607390620520022015,0.17534,0
607390620654239743,0.145259,0
607390620788457471,0.104845,0
607390620922675199,0.0509142,0
607390621191110655,0.116534,0
607390621325328383,0.116934,0
607390621459546111,0.152953,0
607390621593763839,0.128476,0
607390621727981567,0.0966492,0
607390621862199295,0.113878,0
607390621996417023,0.114906,0
607390622264852479,0.0827132,0
607390622399070207,0.13688,0
607390622533287935,0.0584438,0
607390622667505663,0.11466,0
607390622801723391,0.0492991,0
607390622935941119,0.0711213,0
607390623070158847,0.0524493,0
607390633002270719,0.163836,0
607390633136488447,0.170855,0
607390633270706175,0.193185,0
607390633404923903,0.181504,0
607390633539141631,0.22732,0
607390633673359359,0.207895,0
607390633807577087,0.195763,0
607390634076012543,0.278254,0
607390634210230271,0.295826,0
607390634344447999,0.25208,0
607390634478665727,0.247118,0
607390634612883455,0.223655,0
607390634747101183,0.271489,0
607390634881318911,0.236227,0
607390635149754367,0.178579,0
607390635283972095,0.162287,0
607390635418189823,0.171792,0
607390635552407551,0.167285,0
607390635686625279,0.1643,0
607390635820843007,0.174006,0
607390635955060735,0.156534,0
607390636223496191,0.215373,0
607390636357713919,0.269622,0
607390636491931647,0.23919,0
607390636626149375,0.233075,0
607390636760367103,0.217731,0
607390636894584831,0.273216,0
607390637028802559,0.213515,0
607390637297238015,0.206848,0
607390637431455743,0.212478,0
607390637565673471,0.195356,0
607390637699891199,0.19013,0
607390637834108927,0.230475,0
607390637968326655,0.231576,0
607390638102544383,0.171689,0
607390638370979839,0.20596,0
607390638505197567,0.22076,0
607390638639415295,0.220664,0
607390638773633023,0.203123,0
607390638907850751,0.214295,0
607390639042068479,0.206564,0
607390639176286207,0.224666,0
607390639444721663,0.142584,0
607390639578939391,0.162882,0
607390639713157119,0.133945,0
607390639847374847,0.14941,0
607390639981592575,0.165943,0
607390640115810303,0.162332,0
607390640250028031,0.151054,0
607390641592205311,0.370613,0
607390641726423039,0.333646,0
607390641860640767,0.377204,0
607390641994858495,0.345263,0
607390642129076223,0.437963,0
607390642263293951,0.356502,0
607390642397511679,0.375166,0
607390642665947135,0.408452,0
607390642800164863,0.482796,0
607390642934382591,0.366926,0
607390643068600319,0.396111,0
607390643202818047,0.425164,0
607390643337035775,0.447904,0
607390643471253503,0.371073,0
607390643739688959,0.349634,0
607390643873906687,0.356984,0
607390644008124415,0.336008,0
607390644142342143,0.3471,0
607390644276559871,0.350342,0
607390644410777599,0.373689,0
607390644544995327,0.32134,0
607390644813430783,0.368846,0
607390644947648511,0.400901,0
607390645081866239,0.356001,0
607390645216083967,0.364557,0
607390645350301695,0.367077,0
607390645484519423,0.369694,0
607390645618737151,0.363042,0
607390645887172607,0.374853,0
607390646021390335,0.38319,0
607390646155608063,0.360173,0
607390646289825791,0.393979,0
607390646424043519,0.36802,0
607390646558261247,0.388085,0
607390646692478975,0.343907,0
607390646960914431,0.375723,0
607390647095132159,0.414982,0
607390647229349887,0.377622,0
607390647363567615,0.385739,0
607390647497785343,0.40894,0
607390647632003071,0.404025,0
607390647766220799,0.378384,0
607390648034656255,0.309108,0
607390648168873983,0.331428,0
607390648303091711,0.295521,0
607390648437309439,0.317799,0
607390648571527167,0.27457,0
607390648705744895,0.303246,0
607390648839962623,0.290089,0
607390650182139903,0.148973,0
607390650316357631,0.161325,0
607390650450575359,0.14361,0
607390650584793087,0.15786,0
607390650719010815,0.143247,0
607390650853228543,0.157085,0
607390650987446271,0.141064,0
607390651255881727,0.139738,0
607390651390099455,0.162879,0
607390651524317183,0.162804,0
607390651658534911,0.174651,0
607390651792752639,0.180865,0
607390651926970367,0.165505,0
607390652061188095,0.146717,0
607390652329623551,0.12748,0
607390652463841279,0.136212,0
607390652598059007,0.118017,0
607390652732276735,0.13169,0
607390652866494463,0.134938,0
607390653000712191,0.155262,0
607390653134929919,0.114755,0
607390653403365375,0.157709,0
607390653537583103,0.157177,0
607390653671800831,0.139416,0
607390653806018559,0.134238,0
607390653940236287,0.155783,0
607390654074454015,0.160715,0
607390654208671743,0.149902,0
607390654477107199,0.15023,0
607390654611324927,0.153002,0
607390654745542655,0.109427,0
607390654879760383,0.154722,0
607390655013978111,0.159793,0
607390655148195839,0.155417,0
607390655282413567,0.118623,0
607390655550849023,0.148041,0
607390655685066751,0.15346,0
607390655819284479,0.144106,0
607390655953502207,0.15291,0
607390656087719935,0.134221,0
607390656221937663,0.138945,0
607390656356155391,0.134628,0
607390656624590847,0.147745,0
607390656758808575,0.151036,0
607390656893026303,0.0884956,0
607390657027244031,0.135122,0
607390657161461759,0.122395,0
607390657295679487,0.137802,0
607390657429897215,0.109663,0
607390658772074495,0.242521,0
607390658906292223,0.249177,0
607390659040509951,0.251729,0
607390659174727679,0.239191,0
607390659308945407,0.228997,0
607390659443163135,0.235567,0
607390659577380863,0.264273,0
607390659845816319,0.296106,0
607390659980034047,0.313591,0
607390660114251775,0.280463,0
607390660248469503,0.307653,0
607390660382687231,0.325174,0
607390660516904959,0.362037,0
607390660651122687,0.269251,0
607390660919558143,0.227369,0
607390661053775871,0.229675,0
607390661187993599,0.205051,0
607390661322211327,0.179975,0
607390661456429055,0.243983,0
607390661590646783,0.232356,0
607390661724864511,0.208623,0
607390661993299967,0.275056,0
607390662127517695,0.270464,0
607390662261735423,0.236624,0
607390662395953151,0.293853,0
607390662530170879,0.259172,0
607390662664388607,0.297269,0
607390662798606335,0.242899,0
607390663067041791,0.199938,0
607390663201259519,0.219856,0
607390663335477247,0.197756,0
607390663469694975,0.224743,0
607390663603912703,0.202155,0
607390663738130431,0.218125,0
607390663872348159,0.181258,0
607390664140783615,0.271835,0
607390664275001343,0.302892,0
607390664409219071,0.229025,0
607390664543436799,0.256236,0
607390664677654527,0.263498,0
607390664811872255,0.272874,0
607390664946089983,0.24681,0
607390665214525439,0.206517,0
607390665348743167,0.24414,0
607390665482960895,0.191599,0
607390665617178623,0.221735,0
607390665751396351,0.180713,0
607390665885614079,0.215206,0
607390666019831807,0.165746,0
607390667362009087,0.404406,0
607390667496226815,0.282361,0
607390667630444543,0.292529,0
607390667764662271,0.272864,0
607390667898879999,0.341048,0
607390668033097727,0.364659,0
607390668167315455,0.331988,0
607390668435750911,0.293751,0
607390668569968639,0.305141,0
607390668704186367,0.301925,0
607390668838404095,0.253125,0
607390668972621823,0.297566,0
607390669106839551,0.312609,0
607390669241057279,0.31262,0
607390669509492735,0.260454,0
607390669643710463,0.238841,0
607390669777928191,0.228956,0
607390669912145919,0.242652,0
607390670046363647,0.2662,0
607390670180581375,0.347017,0
607390670314799103,0.261193,0
607390670583234559,0.285282,0
607390670717452287,0.209631,0
607390670851670015,0.258038,0
607390670985887743,0.222206,0
607390671120105471,0.283685,0
607390671254323199,0.243529,0
607390671388540927,0.26488,0
607390671656976383,0.334154,0
607390671791194111,0.324173,0
607390671925411839,0.32089,0
607390672059629567,0.334452,0
607390672193847295,0.325446,0
607390672328065023,0.385947,0
607390672462282751,0.311425,0
607390672730718207,0.386155,0
607390672864935935,0.363222,0
607390672999153663,0.454609,0
607390673133371391,0.318057,0
607390673267589119,0.46883,0
607390673401806847,0.361781,0
607390673536024575,0.415414,0
607390673804460031,0.318021,0
607390673938677759,0.301559,0
607390674072895487,0.308257,0
607390674207113215,0.295341,0
607390674341330943,0.315431,0
607390674475548671,0.315689,0
607390674609766399,0.2718,0
607390675951943679,0.400058,0
607390676086161407,0.436269,0
607390676220379135,0.374392,0
607390676354596863,0.408346,0
607390676488814591,0.351035,0
607390676623032319,0.392904,0
607390676757250047,0.344995,0
607390677025685503,0.500805,0
607390677159903231,0.452881,0
607390677294120959,0.553762,0
607390677428338687,0.436165,0
607390677562556415,0.600448,0
607390677696774143,0.505273,0
607390677830991871,0.50831,0
607390678099427327,0.334331,0
607390678233645055,0.373803,0
607390678367862783,0.313154,0
607390678502080511,0.300098,0
607390678636298239,0.309027,0
607390678770515967,0.373334,0
607390678904733695,0.25516,0
607390679173169151,0.473778,0
607390679307386879,0.417187,0
607390679441604607,0.425756,0
607390679575822335,0.440627,0
607390679710040063,0.484312,0
607390679844257791,0.479055,0
607390679978475519,0.410451,0
607390680246910975,0.288022,0
607390680381128703,0.332197,0
607390680515346431,0.276204,0
607390680649564159,0.28337,0
607390680783781887,0.340674,0
607390680917999615,0.35411,0
607390681052217343,0.290566,0
607390681320652799,0.508812,0
607390681454870527,0.566382,0
607390681589088255,0.436351,0
607390681723305983,0.446972,0
607390681857523711,0.472704,0
607390681991741439,0.548936,0
607390682125959167,0.429299,0
607390682394394623,0.250857,0
607390682528612351,0.27603,0
607390682662830079,0.222932,0
607390682797047807,0.221236,0
607390682931265535,0.256923,0
607390683065483263,0.262071,0
607390683199700991,0.240442,0
607390684541878271,0.194022,0
607390684676095999,0.191693,0
607390684810313727,0.147399,0
607390684944531455,0.177579,0
607390685078749183,0.242282,0
607390685212966911,0.230238,0
607390685347184639,0.238535,0
607390685615620095,0.189135,0
607390685749837823,0.173174,0
607390685884055551,0.191166,0
607390686018273279,0.1735,0
607390686152491007,0.227082,0
607390686286708735,0.210377,0
607390686420926463,0.196779,0
607390686689361919,0.152821,0
607390686823579647,0.153735,0
607390686957797375,0.162512,0
607390687092015103,0.12999,0
607390687226232831,0.167853,0
607390687360450559,0.152991,0
607390687494668287,0.155867,0
607390687763103743,0.142283,0
607390687897321471,0.149994,0
607390688031539199,0.133426,0
607390688165756927,0.155796,0
607390688299974655,0.175434,0
607390688434192383,0.166445,0
607390688568410111,0.164678,0
607390688836845567,0.221924,0
607390688971063295,0.232622,0
607390689105281023,0.174183,0
607390689239498751,0.202648,0
607390689373716479,0.221079,0
607390689507934207,0.223756,0
607390689642151935,0.195587,0
607390689910587391,0.288881,0
607390690044805119,0.300314,0
607390690179022847,0.262338,0
607390690313240575,0.264343,0
607390690447458303,0.259394,0
607390690581676031,0.293806,0
607390690715893759,0.253359,0
607390690984329215,0.197986,0
607390691118546943,0.201909,0
607390691252764671,0.177497,0
607390691386982399,0.167566,0
607390691521200127,0.167714,0
607390691655417855,0.167162,0
607390691789635583,0.176796,0
607390701721747455,0.0996535,0
607390701855965183,0.0786958,0
607390701990182911,0.0834948,0
607390702124400639,0.0719517,0
607390702258618367,0.103447,0
607390702392836095,0.101946,0
607390702527053823,0.0932924,0
607390702795489279,0.104488,0
607390702929707007,0.0617244,0
607390703063924735,0.0734105,0
607390703198142463,0.067647,0
607390703332360191,0.094836,0
607390703466577919,0.0955034,0
607390703600795647,0.115293,0
607390703869231103,0.0719466,0
607390704003448831,0.0653704,0
607390704137666559,0.0626718,0
607390704271884287,0.0561071,0
607390704406102015,0.0894505,0
607390704540319743,0.0733887,0
607390704674537471,0.0776414,0
607390704942972927,0.0542544,0
607390705077190655,0.0625858,0
607390705211408383,0.0510163,0
607390705345626111,0.0717941,0
607390705479843839,0.0644849,0
607390705614061567,0.0664118,0
607390705748279295,0.0570145,0
607390706016714751,0.0954526,0
607390706150932479,0.113488,0
607390706285150207,0.0868694,0
607390706419367935,0.101764,0
607390706553585663,0.104344,0
607390706687803391,0.120719,0
607390706822021119,0.099977,0
607390707090456575,0.110445,0
607390707224674303,0.106163,0
607390707358892031,0.132869,0
607390707493109759,0.0975202,0
607390707627327487,0.118414,0
607390707761545215,0.121929,0
607390707895762943,0.128234,0
607390708164198399,0.0851862,0
607390708298416127,0.0986146,0
607390708432633855,0.0832444,0
607390708566851583,0.0797209,0
607390708701069311,0.0874904,0
607390708835287039,0.0884033,0
607390708969504767,0.100684,0
607390710311682047,0.0472129,0
607390710445899775,0.0431456,0
607390710580117503,0.0485624,0
607390710714335231,0.0434915,0
607390710848552959,0.0412381,0
607390710982770687,0.036515,0
607390711116988415,0.040602,0
607390711385423871,0.0467711,0
607390711519641599,0.0563457,0
607390711653859327,0.0396104,0
607390711788077055,0.0503006,0
607390711922294783,0.0352329,0
607390712056512511,0.0509803,0
607390712190730239,0.0344152,0
607390712459165695,0.0334281,0
607390712593383423,0.0381352,0
607390712727601151,0.0343605,0
607390712861818879,0.0416339,0
607390712996036607,0.0343281,0
607390713130254335,0.0470488,0
607390713264472063,0.0303096,0
607390713532907519,0.046631,0
607390713667125247,0.0620413,0
607390713801342975,0.0413709,0
607390713935560703,0.0641036,0
607390714069778431,0.0405258,0
607390714203996159,0.0502238,0
607390714338213887,0.0426474,0
607390714606649343,0.0583582,0
607390714740867071,0.0547614,0
607390714875084799,0.0520463,0
607390715009302527,0.0514793,0
607390715143520255,0.0577684,0
607390715277737983,0.066157,0
607390715411955711,0.0615915,0
607390715680391167,0.0460528,0
607390715814608895,0.0425377,0
607390715948826623,0.0388762,0
607390716083044351,0.0468062,0
607390716217262079,0.0485541,0
607390716351479807,0.032855,0
607390716485697535,0.0537868,0
607390716754132991,0.0375165,0
607390716888350719,0.0415206,0
607390717022568447,0.0477708,0
607390717156786175,0.045467,0
607390717291003903,0.0578861,0
607390717425221631,0.0377766,0
607390717559439359,0.052073,0
607390718901616639,0.071607,0
607390719035834367,0.0623317,0
607390719170052095,0.0451713,0
607390719304269823,0.053379,0
607390719438487551,0.0910456,0
607390719572705279,0.082784,0
607390719706923007,0.0651442,0
607390719975358463,0.0679931,0
607390720109576191,0.047043,0
607390720243793919,0.0549483,0
607390720378011647,0.0488095,0
607390720512229375,0.0671125,0
607390720646447103,0.0618992,0
607390720780664831,0.0679894,0
607390721049100287,0.084177,0
607390721183318015,0.0579984,0
607390721317535743,0.104125,0
607390721451753471,0.0693172,0
607390721585971199,0.0816193,0
607390721720188927,0.0607292,0
607390721854406655,0.0779614,0
607390722122842111,0.0567378,0
607390722257059839,0.0517243,0
607390722391277567,0.0522335,0
607390722525495295,0.0633701,0
607390722659713023,0.0546181,0
607390722793930751,0.0454861,0
607390722928148479,0.0673706,0
607390723196583935,0.0634482,0
607390723330801663,0.0687207,0
607390723465019391,0.0219531,0
607390723599237119,0.064958,0
607390723733454847,0.0455325,0
607390723867672575,0.0585833,0
607390724001890303,0.0312805,0
607390724270325759,0.0950819,0
607390724404543487,0.150467,0
607390724538761215,0.0876259,0
607390724672978943,0.0940308,0
607390724807196671,0.0962815,0
607390724941414399,0.079038,0
607390725075632127,0.0841614,0
607390725344067583,0.0546843,0
607390725478285311,0.0720461,0
607390725612503039,0.0554443,0
607390725746720767,0.0613462,0
607390725880938495,0.0355855,0
607390726015156223,0.0538321,0
607390726149373951,0.0473937,0
607390727491551231,0.0428499,0
607390727625768959,0.0385304,0
607390727759986687,0.0424096,0
607390727894204415,0.0363698,0
607390728028422143,0.0432886,0
607390728162639871,0.0386357,0
607390728296857599,0.0469151,0
607390728565293055,0.0360597,0
607390728699510783,0.0443878,0
607390728833728511,0.0340526,0
607390728967946239,0.0459178,0
607390729102163967,0.0281869,0
607390729236381695,0.0402904,0
607390729370599423,0.0356094,0
607390729639034879,0.041549,0
607390729773252607,0.0415697,0
607390729907470335,0.0370982,0
607390730041688063,0.0404486,0
607390730175905791,0.0371265,0
607390730310123519,0.0421984,0
607390730444341247,0.0491783,0
607390730712776703,0.0450503,0
607390730846994431,0.0459037,0
607390730981212159,0.0353564,0
607390731115429887,0.0442006,0
607390731249647615,0.038527,0
607390731383865343,0.0451936,0
607390731518083071,0.0372395,0
607390731786518527,0.0487597,0
607390731920736255,0.051874,0
607390732054953983,0.0443539,0
607390732189171711,0.0444317,0
607390732323389439,0.0469566,0
607390732457607167,0.0541077,0
607390732591824895,0.0483313,0
607390732860260351,0.0468275,0
607390732994478079,0.0353316,0
607390733128695807,0.0378449,0
607390733262913535,0.0364855,0
607390733397131263,0.0545573,0
607390733531348991,0.0444701,0
607390733665566719,0.0670476,0
607390733934002175,0.0380209,0
607390734068219903,0.047016,0
607390734202437631,0.0420986,0
607390734336655359,0.0441359,0
607390734470873087,0.0397064,0
607390734605090815,0.0383372,0
607390734739308543,0.0457618,0
607390736081485823,0.110544,0
607390736215703551,0.120999,0
607390736349921279,0.0930084,0
607390736484139007,0.111801,0
607390736618356735,0.0978612,0
607390736752574463,0.141437,0
607390736886792191,0.0898682,0
607390737155227647,0.119968,0
607390737289445375,0.125234,0
607390737423663103,0.161188,0
607390737557880831,0.127747,0
607390737692098559,0.112765,0
607390737826316287,0.110713,0
607390737960534015,0.115738,0
607390738228969471,0.098789,0
607390738363187199,0.109108,0
607390738497404927,0.12029,0
607390738631622655,0.101169,0
607390738765840383,0.119035,0
607390738900058111,0.0971061,0
607390739034275839,0.0846928,0
607390739302711295,0.12013,0
607390739436929023,0.131249,0
607390739571146751,0.111008,0
607390739705364479,0.113,0
607390739839582207,0.133743,0
607390739973799935,0.136079,0
607390740108017663,0.108268,0
607390740376453119,0.103612,0
607390740510670847,0.165563,0
607390740644888575,0.0718908,0
607390740779106303,0.0822558,0
607390740913324031,0.130866,0
607390741047541759,0.121859,0
607390741181759487,0.0792504,0
607390741450194943,0.133299,0
607390741584412671,0.119594,0
607390741718630399,0.141423,0
607390741852848127,0.115735,0
607390741987065855,0.144431,0
607390742121283583,0.15624,0
607390742255501311,0.131945,0
607390742523936767,0.044447,0
607390742658154495,0.137554,0
607390742792372223,0.042346,0
607390742926589951,0.0466409,0
607390743060807679,0.0418724,0
607390743195025407,0.0929674,0
607390743329243135,0.0390105,0
607390744671420415,0.111791,0
607390744805638143,0.0821463,0
607390744939855871,0.132266,0
607390745074073599,0.0773398,0
607390745208291327,0.201619,0
607390745342509055,0.0864293,0
607390745476726783,0.244221,0
607390745745162239,0.0674867,0
607390745879379967,0.0427588,0
607390746013597695,0.0663943,0
607390746147815423,0.0412272,0
607390746282033151,0.0856106,0
607390746416250879,0.0701037,0
607390746550468607,0.0866014,0
607390746818904063,0.154545,0
607390746953121791,0.0651801,0
607390747087339519,0.132078,0
607390747221557247,0.0725713,0
607390747355774975,0.118238,0
607390747489992703,0.125288,0
607390747624210431,0.111324,0
607390747892645887,0.0705589,0
607390748026863615,0.0551366,0
607390748161081343,0.0663426,0
607390748295299071,0.0661622,0
607390748429516799,0.0712575,0
607390748563734527,0.0669609,0
607390748697952255,0.0648155,0
607390748966387711,0.163695,0
607390749100605439,0.157608,0
607390749234823167,0.126594,0
607390749369040895,0.176003,0
607390749503258623,0.132261,0
607390749637476351,0.124777,0
607390749771694079,0.128858,0
607390750040129535,0.141419,0
607390750174347263,0.15124,0
607390750308564991,0.178727,0
607390750442782719,0.0928749,0
607390750577000447,0.138796,0
607390750711218175,0.110792,0
607390750845435903,0.155003,0
607390751113871359,0.141671,0
607390751248089087,0.188768,0
607390751382306815,0.1307,0
607390751516524543,0.128228,0
607390751650742271,0.130272,0
607390751784959999,0.173601,0
607390751919177727,0.168768,0
607390753261355007,0.0542249,0
607390753395572735,0.0607192,0
607390753529790463,0.0184894,0
607390753664008191,0.034149,0
607390753798225919,0.0553809,0
607390753932443647,0.0530025,0
607390754066661375,0.019502,0
607390754335096831,0.0875445,0
607390754469314559,0.10297,0
607390754603532287,0.144245,0
607390754737750015,0.0897626,0
607390754871967743,0.0541979,0
607390755006185471,0.0953087,0
607390755140403199,0.0846452,0
607390755408838655,0.0250193,0
607390755543056383,0.0309987,0
607390755677274111,0.021627,0
607390755811491839,0.0227915,0
607390755945709567,0.023271,0
607390756079927295,0.0213707,0
607390756214145023,0.0157002,0
607390756482580479,0.0711231,0
607390756616798207,0.0895091,0
607390756751015935,0.0481271,0
607390756885233663,0.0769799,0
607390757019451391,0.057683,0
607390757153669119,0.0903207,0
607390757287886847,0.0354069,0
607390757556322303,0.0128354,0
607390757690540031,0.0360743,0
607390757824757759,0.0283632,0
607390757958975487,0.0202473,0
607390758093193215,0.0292117,0
607390758227410943,0.0397556,0
607390758361628671,0.0140043,0
607390758630064127,0.0615651,0
607390758764281855,0.0713911,0
607390758898499583,0.0542627,0
607390759032717311,0.0658647,0
607390759166935039,0.0404453,0
607390759301152767,0.053507,0
607390759435370495,0.0550369,0
607390759703805951,0.0207118,0
607390759838023679,0.0200905,0
607390759972241407,0.0173044,0
607390760106459135,0.0192011,0
607390760240676863,0.0240284,0
607390760374894591,0.028666,0
607390760509112319,0.0196745,0
607390770441224191,0.0653867,0
607390770575441919,0.0695735,0
607390770709659647,0.0596617,0
607390770843877375,0.0631302,0
607390770978095103,0.0659951,0
607390771112312831,0.0684619,0
607390771246530559,0.0584294,0
607390771514966015,0.143284,0
607390771649183743,0.152565,0
607390771783401471,0.117255,0
607390771917619199,0.133199,0
607390772051836927,0.0964031,0
607390772186054655,0.151704,0
607390772320272383,0.0802003,0
607390772588707839,0.0558862,0
607390772722925567,0.0534498,0
607390772857143295,0.0600617,0
607390772991361023,0.0497787,0
607390773125578751,0.0578853,0
607390773259796479,0.0573486,0
607390773394014207,0.0528363,0
607390773662449663,0.122673,0
607390773796667391,0.133503,0
607390773930885119,0.0921145,0
607390774065102847,0.117837,0
607390774199320575,0.0887364,0
607390774333538303,0.131842,0
607390774467756031,0.0612541,0
607390774736191487,0.073025,0
607390774870409215,0.0596684,0
607390775004626943,0.0704986,0
607390775138844671,0.0583576,0
607390775273062399,0.0736806,0
607390775407280127,0.0589272,0
607390775541497855,0.0612595,0
607390775809933311,0.0685343,0
607390775944151039,0.0907793,0
607390776078368767,0.071539,0
607390776212586495,0.0746635,0
607390776346804223,0.0742746,0
607390776481021951,0.0890848,0
607390776615239679,0.0616737,0
607390776883675135,0.0661521,0
607390777017892863,0.0434697,0
607390777152110591,0.0633745,0
607390777286328319,0.043625,0
607390777420546047,0.0715858,0
607390777554763775,0.0580738,0
607390777688981503,0.057723,0
607390779031158783,0.152778,0
607390779165376511,0.140672,0
607390779299594239,0.121785,0
607390779433811967,0.143871,0
607390779568029695,0.133136,0
607390779702247423,0.145365,0
607390779836465151,0.12898,0
607390780104900607,0.147213,0
607390780239118335,0.154513,0
607390780373336063,0.148947,0
607390780507553791,0.157929,0
607390780641771519,0.157141,0
607390780775989247,0.161472,0
607390780910206975,0.144832,0
607390781178642431,0.152506,0
607390781312860159,0.137736,0
607390781447077887,0.125098,0
607390781581295615,0.136376,0
607390781715513343,0.135465,0
607390781849731071,0.13885,0
607390781983948799,0.127156,0
607390782252384255,0.148199,0
607390782386601983,0.140587,0
607390782520819711,0.169891,0
607390782655037439,0.133322,0
607390782789255167,0.153898,0
607390782923472895,0.146844,0
607390783057690623,0.151355,0
607390783326126079,0.130255,0
607390783460343807,0.129997,0
607390783594561535,0.155275,0
607390783728779263,0.138797,0
607390783862996991,0.172384,0
607390783997214719,0.128651,0
607390784131432447,0.154096,0
607390784399867903,0.168558,0
607390784534085631,0.146044,0
607390784668303359,0.167925,0
607390784802521087,0.147826,0
607390784936738815,0.139423,0
607390785070956543,0.142778,0
607390785205174271,0.157286,0
607390785473609727,0.12413,0
607390785607827455,0.132413,0
607390785742045183,0.123526,0
607390785876262911,0.123352,0
607390786010480639,0.157202,0
607390786144698367,0.13208,0
607390786278916095,0.149469,0
607390787621093375,0.0721096,0
607390787755311103,0.0513806,0
607390787889528831,0.066741,0
607390788023746559,0.0610654,0
607390788157964287,0.0706192,0
607390788292182015,0.0668925,0
607390788426399743,0.0760495,0
607390788694835199,0.057597,0
607390788829052927,0.0652535,0
607390788963270655,0.056006,0
607390789097488383,0.0629642,0
607390789231706111,0.0579175,0
607390789365923839,0.0587274,0
607390789500141567,0.0598568,0
607390789768577023,0.0702491,0
607390789902794751,0.0588749,0
607390790037012479,0.0627454,0
607390790171230207,0.0574252,0
607390790305447935,0.072103,0
607390790439665663,0.0664728,0
607390790573883391,0.0796616,0
607390790842318847,0.0610098,0
607390790976536575,0.0564968,0
607390791110754303,0.0643004,0
607390791244972031,0.0506004,0
607390791379189759,0.0571683,0
607390791513407487,0.0597205,0
607390791647625215,0.0612159,0
607390791916060671,0.0450296,0
607390792050278399,0.0627547,0
607390792184496127,0.0492335,0
607390792318713855,0.0602925,0
607390792452931583,0.0476763,0
607390792587149311,0.0529064,0
607390792721367039,0.0564381,0
607390792989802495,0.0672276,0
607390793124020223,0.0549262,0
607390793258237951,0.0721773,0
607390793392455679,0.0540217,0
607390793526673407,0.0584482,0
607390793660891135,0.0546018,0
607390793795108863,0.0671542,0
607390794063544319,0.049829,0
607390794197762047,0.0635854,0
607390794331979775,0.0473627,0
607390794466197503,0.0634504,0
607390794600415231,0.0463704,0
607390794734632959,0.0581695,0
607390794868850687,0.0656476,0
607390796211027967,0.105425,0
607390796345245695,0.123341,0
607390796479463423,0.0914808,0
607390796613681151,0.111063,0
607390796747898879,0.108913,0
607390796882116607,0.12279,0
607390797016334335,0.0867119,0
607390797284769791,0.122731,0
607390797418987519,0.148933,0
607390797553205247,0.12079,0
607390797687422975,0.125364,0
607390797821640703,0.146736,0
607390797955858431,0.131149,0
607390798090076159,0.12201,0
607390798358511615,0.102182,0
607390798492729343,0.0922327,0
607390798626947071,0.0926179,0
607390798761164799,0.0992555,0
607390798895382527,0.0983017,0
607390799029600255,0.0908195,0
607390799163817983,0.0862689,0
607390799432253439,0.122158,0
607390799566471167,0.12342,0
607390799700688895,0.104407,0
607390799834906623,0.12145,0
607390799969124351,0.118858,0
607390800103342079,0.119631,0
607390800237559807,0.10324,0
607390800505995263,0.0829666,0
607390800640212991,0.114212,0
607390800774430719,0.0816264,0
607390800908648447,0.0837122,0
607390801042866175,0.0645931,0
607390801177083903,0.108006,0
607390801311301631,0.0626149,0
607390801579737087,0.132434,0
607390801713954815,0.126296,0
607390801848172543,0.119959,0
607390801982390271,0.123703,0
607390802116607999,0.151945,0
607390802250825727,0.119091,0
607390802385043455,0.139585,0
607390802653478911,0.0737685,0
607390802787696639,0.0790108,0
607390802921914367,0.0698748,0
607390803056132095,0.0624519,0
607390803190349823,0.0648891,0
607390803324567551,0.0823231,0
607390803458785279,0.0599659,0
607390804800962559,0.0964351,0
607390804935180287,0.10133,0
607390805069398015,0.0939537,0
607390805203615743,0.104036,0
607390805337833471,0.102203,0
607390805472051199,0.0963981,0
607390805606268927,0.0905478,0
607390805874704383,0.12572,0
607390806008922111,0.10744,0
607390806143139839,0.118463,0
607390806277357567,0.101327,0
607390806411575295,0.120736,0
607390806545793023,0.146089,0
607390806680010751,0.101415,0
607390806948446207,0.0567266,0
607390807082663935,0.0611028,0
607390807216881663,0.0583839,0
607390807351099391,0.0572174,0
607390807485317119,0.0605575,0
607390807619534847,0.0945064,0
607390807753752575,0.0528671,0
607390808022188031,0.115714,0
607390808156405759,0.0688881,0
607390808290623487,0.0718419,0
607390808424841215,0.0585254,0
607390808559058943,0.104492,0
607390808693276671,0.0986466,0
607390808827494399,0.104679,0
607390809095929855,0.0874405,0
607390809230147583,0.108927,0
607390809364365311,0.0606912,0
607390809498583039,0.0675786,0
607390809632800767,0.0613553,0
607390809767018495,0.110528,0
607390809901236223,0.0584181,0
607390810169671679,0.0978018,0
607390810303889407,0.110539,0
607390810438107135,0.0985959,0
607390810572324863,0.0919967,0
607390810706542591,0.10703,0
607390810840760319,0.106061,0
607390810974978047,0.0974217,0
607390811243413503,0.0570146,0
607390811377631231,0.0751714,0
607390811511848959,0.0516469,0
607390811646066687,0.0503709,0
607390811780284415,0.0563523,0
607390811914502143,0.0594055,0
607390812048719871,0.0594697,0
607390813390897151,0.175062,0
607390813525114879,0.201077,0
607390813659332607,0.167898,0
607390813793550335,0.166616,0
607390813927768063,0.165473,0
607390814061985791,0.197894,0
607390814196203519,0.133313,0
607390814464638975,0.184682,0
607390814598856703,0.168995,0
607390814733074431,0.193095,0
607390814867292159,0.159432,0
607390815001509887,0.194238,0
607390815135727615,0.17194,0
607390815269945343,0.191975,0
607390815538380799,0.147282,0
607390815672598527,0.166359,0
607390815806816255,0.142113,0
607390815941033983,0.160635,0
607390816075251711,0.106733,0
607390816209469439,0.16593,0
607390816343687167,0.104333,0
607390816612122623,0.14847,0
607390816746340351,0.129467,0
607390816880558079,0.160969,0
607390817014775807,0.132496,0
607390817148993535,0.181862,0
607390817283211263,0.132434,0
607390817417428991,0.170705,0
607390817685864447,0.125686,0
607390817820082175,0.13172,0
607390817954299903,0.121897,0
607390818088517631,0.137456,0
607390818222735359,0.117934,0
607390818356953087,0.131877,0
607390818491170815,0.116016,0
607390818759606271,0.195608,0
607390818893823999,0.212768,0
607390819028041727,0.163314,0
607390819162259455,0.194416,0
607390819296477183,0.159297,0
607390819430694911,0.194466,0
607390819564912639,0.126068,0
607390819833348095,0.106271,0
607390819967565823,0.124798,0
607390820101783551,0.0754588,0
607390820236001279,0.0977221,0
607390820370219007,0.105372,0
607390820504436735,0.124448,0
607390820638654463,0.0955042,0
607390821980831743,0.037241,0
607390822115049471,0.0472438,0
607390822249267199,0.0375068,0
607390822383484927,0.0490663,0
607390822517702655,0.042943,0
607390822651920383,0.045543,0
607390822786138111,0.0356876,0
607390823054573567,0.0599384,0
607390823188791295,0.0554049,0
607390823323009023,0.055275,0
607390823457226751,0.0543265,0
607390823591444479,0.0476892,0
607390823725662207,0.0488289,0
607390823859879935,0.0506833,0
607390824128315391,0.0458216,0
607390824262533119,0.053652,0
607390824396750847,0.0393582,0
607390824530968575,0.0528414,0
607390824665186303,0.034052,0
607390824799404031,0.0393054,0
607390824933621759,0.0378473,0
607390825202057215,0.051616,0
607390825336274943,0.0644422,0
607390825470492671,0.0467745,0
607390825604710399,0.0634443,0
607390825738928127,0.052054,0
607390825873145855,0.0611986,0
607390826007363583,0.0518294,0
607390826275799039,0.0408759,0
607390826410016767,0.041834,0
607390826544234495,0.0347528,0
607390826678452223,0.0467775,0
607390826812669951,0.0602871,0
607390826946887679,0.0596033,0
607390827081105407,0.0448331,0
607390827349540863,0.0475005,0
607390827483758591,0.0598585,0
607390827617976319,0.0415498,0
607390827752194047,0.0476412,0
607390827886411775,0.0523197,0
607390828020629503,0.0471513,0
607390828154847231,0.0466129,0
607390828423282687,0.0323188,0
607390828557500415,0.0392188,0
607390828691718143,0.0398738,0
607390828825935871,0.0472098,0
607390828960153599,0.0372331,0
607390829094371327,0.0395281,0
607390829228589055,0.0412728,0
607390847750635519,0.067997,0
607390847884853247,0.0868774,0
607390848019070975,0.0813362,0
607390848153288703,0.0733078,0
607390848287506431,0.0451446,0
607390848421724159,0.0789892,0
607390848555941887,0.0337323,0
607390848824377343,0.135885,0
607390848958595071,0.218799,0
607390849092812799,0.0802941,0
607390849227030527,0.226532,0
607390849361248255,0.129967,0
607390849495465983,0.252649,0
607390849629683711,0.0899357,0
607390849898119167,0.0974973,0
607390850032336895,0.108523,0
607390850166554623,0.0794946,0
607390850300772351,0.0938482,0
607390850434990079,0.0604082,0
607390850569207807,0.0970431,0
607390850703425535,0.0524776,0
607390850971860991,0.124522,0
607390851106078719,0.122877,0
607390851240296447,0.137526,0
607390851374514175,0.178539,0
607390851508731903,0.0958422,0
607390851642949631,0.106945,0
607390851777167359,0.108221,0
607390852179820543,0.0427807,0
607390852448255999,0.0258225,0
607390852716691455,0.0438453,0
607390853119344639,0.0867231,0
607390853253562367,0.132066,0
607390853387780095,0.0836463,0
607390853521997823,0.097012,0
607390853656215551,0.0709087,0
607390853790433279,0.0967908,0
607390853924651007,0.063905,0
607390854327304191,0.0586359,0
607390854595739647,0.0684431,0
607390865064722431,0.0663285,0
607390865333157887,0.0255642,0
607390865601593343,0.0287793,0
607390866004246527,0.0446833,0
607390866138464255,0.151185,0
607390866272681983,0.0783586,0
607390866406899711,0.103208,0
607390866541117439,0.0427098,0
607390866675335167,0.1053,0
607390866809552895,0.0427567,0
607390867212206079,0.056273,0
607390867480641535,0.0367986,0
607390868151730175,0.0952533,0
607390868285947903,0.0896966,0
607390868420165631,0.100025,0
607390868554383359,0.0908156,0
607390868688601087,0.0693053,0
607390868822818815,0.103598,0
607390868957036543,0.0542348,0
607390870433431551,0.0449234,0
607390870701867007,0.0343304,0
607390870970302463,0.0378779,0
607390883184115711,0.0651873,0
607390883318333439,0.0888134,0
607390883586768895,0.0763888,0
607390883855204351,0.0752262,0
607390885465817087,0.0824778,0
607390885734252543,0.049463,0
607390886002687999,0.0723757,0
607390907880177663,0.232486,0
607390908014395391,0.213227,0
607390908148613119,0.226576,0
607390908282830847,0.241301,0
607390908417048575,0.251244,0
607390908551266303,0.204055,0
607390908685484031,0.243877,0
607390908953919487,0.239372,0
607390909088137215,0.259836,0
607390909222354943,0.220676,0
607390909356572671,0.246981,0
607390909490790399,0.232762,0
607390909625008127,0.230889,0
607390909759225855,0.206101,0
607390910027661311,0.167998,0
607390910161879039,0.159185,0
607390910296096767,0.151057,0
607390910430314495,0.159343,0
607390910564532223,0.179335,0
607390910698749951,0.197754,0
607390910832967679,0.161188,0
607390911101403135,0.202868,0
607390911235620863,0.234049,0
607390911369838591,0.188,0
607390911504056319,0.207573,0
607390911638274047,0.237808,0
607390911772491775,0.240489,0
607390911906709503,0.204175,0
607390912175144959,0.231166,0
607390912309362687,0.263762,0
607390912443580415,0.228963,0
607390912577798143,0.243705,0
607390912712015871,0.231674,0
607390912846233599,0.234694,0
607390912980451327,0.226267,0
607390913248886783,0.218879,0
607390913383104511,0.203683,0
607390913517322239,0.237934,0
607390913651539967,0.214652,0
607390913785757695,0.209455,0
607390913919975423,0.199834,0
607390914054193151,0.260916,0
607390914322628607,0.221983,0
607390914456846335,0.225479,0
607390914591064063,0.178336,0
607390914725281791,0.177575,0
607390914859499519,0.220243,0
607390914993717247,0.236926,0
607390915127934975,0.203851,0
607390916470112255,0.308862,0
607390916604329983,0.324268,0
607390916738547711,0.286206,0
607390916872765439,0.320193,0
607390917006983167,0.288465,0
607390917141200895,0.321239,0
607390917275418623,0.287178,0
607390917543854079,0.369758,0
607390917678071807,0.371939,0
607390917812289535,0.366202,0
607390917946507263,0.388632,0
607390918080724991,0.332403,0
607390918214942719,0.395956,0
607390918349160447,0.315062,0
607390918617595903,0.260652,0
607390918751813631,0.334593,0
607390918886031359,0.248113,0
607390919020249087,0.292248,0
607390919154466815,0.276317,0
607390919288684543,0.311126,0
607390919422902271,0.262661,0
607390919691337727,0.392716,0
607390919825555455,0.46868,0
607390919959773183,0.371902,0
607390920093990911,0.387822,0
607390920228208639,0.381523,0
607390920362426367,0.364679,0
607390920496644095,0.350786,0
607390920765079551,0.275278,0
607390920899297279,0.283479,0
607390921033515007,0.243661,0
607390921167732735,0.267823,0
607390921301950463,0.243976,0
607390921436168191,0.25274,0
607390921570385919,0.253043,0
607390921838821375,0.298068,0
607390921973039103,0.30035,0
607390922107256831,0.28343,0
607390922241474559,0.322257,0
607390922375692287,0.277842,0
607390922509910015,0.311852,0
607390922644127743,0.27043,0
607390922912563199,0.264648,0
607390923046780927,0.296538,0
607390923180998655,0.254271,0
607390923315216383,0.293678,0
607390923449434111,0.235538,0
607390923583651839,0.250933,0
607390923717869567,0.272776,0
607390925060046847,0.141519,0
607390925194264575,0.13025,0
607390925328482303,0.138241,0
607390925462700031,0.146696,0
607390925596917759,0.133985,0
607390925731135487,0.13668,0
607390925865353215,0.126817,0
607390926133788671,0.146657,0
607390926268006399,0.15443,0
607390926402224127,0.128908,0
607390926536441855,0.150581,0
607390926670659583,0.152347,0
607390926804877311,0.158531,0
607390926939095039,0.140031,0
607390927207530495,0.149086,0
607390927341748223,0.141029,0
607390927475965951,0.145174,0
607390927610183679,0.151956,0
607390927744401407,0.145014,0
607390927878619135,0.167956,0
607390928012836863,0.132258,0
607390928281272319,0.134587,0
607390928415490047,0.135389,0
607390928549707775,0.130779,0
607390928683925503,0.134189,0
607390928818143231,0.129621,0
607390928952360959,0.144159,0
607390929086578687,0.13761,0
607390929355014143,0.13987,0
607390929489231871,0.145512,0
607390929623449599,0.185044,0
607390929757667327,0.136044,0
607390929891885055,0.165954,0
607390930026102783,0.14933,0
607390930160320511,0.145653,0
607390930428755967,0.156501,0
607390930562973695,0.149134,0
607390930697191423,0.149561,0
607390930831409151,0.141587,0
607390930965626879,0.154443,0
607390931099844607,0.155848,0
607390931234062335,0.143887,0
607390931502497791,0.125955,0
607390931636715519,0.133023,0
607390931770933247,0.329904,0
607390931905150975,0.142389,0
607390932039368703,0.165158,0
607390932173586431,0.12924,0
607390932307804159,0.286613,0
607390933649981439,0.194309,0
607390933784199167,0.218065,0
607390933918416895,0.170373,0
607390934052634623,0.190804,0
607390934186852351,0.193117,0
607390934321070079,0.210043,0
607390934455287807,0.188613,0
607390934723723263,0.242435,0
607390934857940991,0.274217,0
607390934992158719,0.231401,0
607390935126376447,0.264939,0
607390935260594175,0.241249,0
607390935394811903,0.243355,0
607390935529029631,0.247121,0
607390935797465087,0.167638,0
607390935931682815,0.214847,0
607390936065900543,0.178747,0
607390936200118271,0.171511,0
607390936334335999,0.168549,0
607390936468553727,0.163411,0
607390936602771455,0.16604,0
607390936871206911,0.215295,0
607390937005424639,0.251594,0
607390937139642367,0.212881,0
607390937273860095,0.229659,0
607390937408077823,0.216159,0
607390937542295551,0.226648,0
607390937676513279,0.20643,0
607390937944948735,0.174523,0
607390938079166463,0.199668,0
607390938213384191,0.158225,0
607390938347601919,0.178033,0
607390938481819647,0.166883,0
607390938616037375,0.187218,0
607390938750255103,0.15391,0
607390939018690559,0.201359,0
607390939152908287,0.242812,0
607390939287126015,0.18891,0
607390939421343743,0.20748,0
607390939555561471,0.244615,0
607390939689779199,0.240648,0
607390939823996927,0.205412,0
607390940092432383,0.154151,0
607390940226650111,0.166074,0
607390940360867839,0.13433,0
607390940495085567,0.159386,0
607390940629303295,0.153211,0
607390940763521023,0.176113,0
607390940897738751,0.130986,0
607390942239916031,0.180787,0
607390942374133759,0.195471,0
607390942508351487,0.168396,0
607390942642569215,0.193907,0
607390942776786943,0.203446,0
607390942911004671,0.196075,0
607390943045222399,0.212786,0
607390943313657855,0.178316,0
607390943447875583,0.179807,0
607390943582093311,0.186377,0
607390943716311039,0.186001,0
607390943850528767,0.190321,0
607390943984746495,0.180171,0
607390944118964223,0.188575,0
607390944387399679,0.185372,0
607390944521617407,0.199789,0
607390944655835135,0.192901,0
607390944790052863,0.206264,0
607390944924270591,0.167985,0
607390945058488319,0.187359,0
607390945192706047,0.163879,0
607390945461141503,0.198534,0
607390945595359231,0.204836,0
607390945729576959,0.212174,0
607390945863794687,0.21129,0
607390945998012415,0.201833,0
607390946132230143,0.200784,0
607390946266447871,0.205873,0
607390946534883327,0.172373,0
607390946669101055,0.167811,0
607390946803318783,0.151926,0
607390946937536511,0.198031,0
607390947071754239,0.229902,0
607390947205971967,0.211581,0
607390947340189695,0.203835,0
607390947608625151,0.199216,0
607390947742842879,0.208571,0
607390947877060607,0.188631,0
607390948011278335,0.192735,0
607390948145496063,0.201883,0
607390948279713791,0.211188,0
607390948413931519,0.182667,0
607390948682366975,0.166975,0
607390948816584703,0.175603,0
607390948950802431,0.153148,0
607390949085020159,0.196146,0
607390949219237887,0.146777,0
607390949353455615,0.206308,0
607390949487673343,0.138481,0
607390950829850623,0.238257,0
607390950964068351,0.279675,0
607390951098286079,0.220703,0
607390951232503807,0.251583,0
607390951366721535,0.219017,0
607390951500939263,0.237662,0
607390951635156991,0.228808,0
607390951903592447,0.230148,0
607390952037810175,0.332577,0
607390952172027903,0.238125,0
607390952306245631,0.27903,0
607390952440463359,0.270709,0
607390952574681087,0.290378,0
607390952708898815,0.272618,0
607390952977334271,0.237108,0
607390953111551999,0.25836,0
607390953245769727,0.218594,0
607390953379987455,0.213437,0
607390953514205183,0.227892,0
607390953648422911,0.234387,0
607390953782640639,0.229193,0
607390954051076095,0.254578,0
607390954185293823,0.284327,0
607390954319511551,0.249557,0
607390954453729279,0.257628,0
607390954587947007,0.261252,0
607390954722164735,0.259383,0
607390954856382463,0.272463,0
607390955124817919,0.2084,0
607390955259035647,0.203776,0
607390955393253375,0.207302,0
607390955527471103,0.21823,0
607390955661688831,0.197081,0
607390955795906559,0.21006,0
607390955930124287,0.192535,0
607390956198559743,0.250844,0
607390956332777471,0.260123,0
607390956466995199,0.210636,0
607390956601212927,0.255796,0
607390956735430655,0.232909,0
607390956869648383,0.256422,0
607390957003866111,0.196601,0
607390957272301567,0.209449,0
607390957406519295,0.215325,0
607390957540737023,0.238296,0
607390957674954751,0.237182,0
607390957809172479,0.183728,0
607390957943390207,0.216668,0
607390958077607935,0.200973,0
607390959419785215,0.250713,0
607390959554002943,0.178872,0
607390959688220671,0.19692,0
607390959822438399,0.184393,0
607390959956656127,0.12694,0
607390960090873855,0.266088,0
607390960225091583,0.169136,0
607390960493527039,0.187338,0
607390960627744767,0.205794,0
607390960761962495,0.233672,0
607390960896180223,0.21485,0
607390961030397951,0.182565,0
607390961164615679,0.195009,0
607390961298833407,0.230917,0
607390961567268863,0.171829,0
607390961701486591,0.165485,0
607390961835704319,0.193859,0
607390961969922047,0.153807,0
607390962104139775,0.139672,0
607390962238357503,0.16199,0
607390962372575231,0.128622,0
607390962641010687,0.177264,0
607390962775228415,0.175935,0
607390962909446143,0.145391,0
607390963043663871,0.153368,0
607390963177881599,0.18094,0
607390963312099327,0.189287,0
607390963446317055,0.164348,0
607390963714752511,0.118148,0
607390963848970239,0.12106,0
607390963983187967,0.117347,0
607390964117405695,0.117464,0
607390964251623423,0.103431,0
607390964385841151,0.108659,0
607390964520058879,0.0985412,0
607390964788494335,0.206853,0
607390964922712063,0.17635,0
607390965056929791,0.201432,0
607390965191147519,0.195393,0
607390965325365247,0.28051,0
607390965459582975,0.18392,0
607390965593800703,0.139459,0
607390965862236159,0.103127,0
607390965996453887,0.146662,0
607390966130671615,0.0672079,0
607390966264889343,0.0962475,0
607390966399107071,0.113011,0
607390966533324799,0.144334,0
607390966667542527,0.0738354,0
607390985189588991,0.0749257,0
607390985323806719,0.0903711,0
607390985458024447,0.125405,0
607390985592242175,0.0850281,0
607390985726459903,0.0768569,0
607390985860677631,0.0868362,0
607390985994895359,0.104926,0
607390986263330815,0.121906,0
607390986397548543,0.1244,0
607390986531766271,0.13728,0
607390986665983999,0.115126,0
607390986800201727,0.0957147,0
607390986934419455,0.132337,0
607390987068637183,0.0950178,0
607390987337072639,0.0193018,0
607390987471290367,0.133866,0
607390987605508095,0.0338587,0
607390987739725823,0.0312218,0
607390987873943551,0.0359299,0
607390988008161279,0.169715,0
607390988142379007,0.0211269,0
607390988410814463,0.124157,0
607390988545032191,0.125567,0
607390988679249919,0.103773,0
607390988813467647,0.120592,0
607390988947685375,0.0944852,0
607390989081903103,0.118689,0
607390989216120831,0.0905406,0
607390989618774015,0.0567599,0
607390989887209471,0.0558604,0
607390990558298111,0.0935788,0
607390990692515839,0.0956062,0
607390990826733567,0.0790486,0
607390990960951295,0.106291,0
607390991095169023,0.0732529,0
607390991229386751,0.0774195,0
607390991363604479,0.0675972,0
607390991766257663,0.0503328,0
607390992034693119,0.0162686,0
607391002503675903,0.0249414,0
607391002772111359,0.0252227,0
607391003443199999,0.047349,0
607391003577417727,0.0445022,0
607391003711635455,0.0300536,0
607391003845853183,0.026393,0
607391003980070911,0.0802589,0
607391004114288639,0.142382,0
607391004248506367,0.0294503,0
607391004651159551,0.0235418,0
607391004919595007,0.0125486,0
607391005590683647,0.044435,0
607391005724901375,0.0382464,0
607391005859119103,0.033735,0
607391005993336831,0.0407661,0
607391006127554559,0.0423813,0
607391006261772287,0.0400539,0
607391006395990015,0.0424559,0
607391007872385023,0.032794,0
607391008140820479,0.0328388,0
607391020757286911,0.0324696,0
607391021025722367,0.0395238,0
607391022904770559,0.0634838,0
607391023173206015,0.0575779,0
607392213550235647,0.454807,0
607392213684453375,0.41339,0
607392213818671103,0.435703,0
607392213952888831,0.450833,0
607392214087106559,0.434917,0
607392214221324287,0.432976,0
607392214355542015,0.428328,0
607392214623977471,0.416789,0
607392214758195199,0.406245,0
607392214892412927,0.404155,0
607392215026630655,0.433338,0
607392215160848383,0.424547,0
607392215295066111,0.439404,0
607392215429283839,0.415465,0
607392215697719295,0.446804,0
607392215831937023,0.443568,0
607392215966154751,0.410718,0
607392216100372479,0.462305,0
607392216234590207,0.452561,0
607392216368807935,0.4708,0
607392216503025663,0.439005,0
607392216771461119,0.448468,0
607392216905678847,0.449642,0
607392217039896575,0.420443,0
607392217174114303,0.453047,0
607392217308332031,0.425595,0
607392217442549759,0.432114,0
607392217576767487,0.426191,0
607392217845202943,0.502232,0
607392217979420671,0.473897,0
607392218113638399,0.500715,0
607392218247856127,0.478772,0
607392218382073855,0.514547,0
607392218516291583,0.49941,0
607392218650509311,0.510583,0
607392218918944767,0.455409,0
607392219053162495,0.455152,0
607392219187380223,0.46266,0
607392219321597951,0.480125,0
607392219455815679,0.467786,0
607392219590033407,0.472755,0
607392219724251135,0.486012,0
607392219992686591,0.468993,0
607392220126904319,0.434747,0
607392220261122047,0.520267,0
607392220395339775,0.479356,0
607392220529557503,0.488001,0
607392220663775231,0.470547,0
607392220797992959,0.504686,0
607392222140170239,0.391994,0
607392222274387967,0.472772,0
607392222408605695,0.399549,0
607392222542823423,0.439308,0
607392222677041151,0.387802,0
607392222811258879,0.418118,0
607392222945476607,0.4029,0
607392223213912063,0.442037,0
607392223348129791,0.475443,0
607392223482347519,0.402231,0
607392223616565247,0.43499,0
607392223750782975,0.423154,0
607392223885000703,0.488431,0
607392224019218431,0.432118,0
607392224287653887,0.433597,0
607392224421871615,0.458926,0
607392224556089343,0.452602,0
607392224690307071,0.443435,0
607392224824524799,0.415098,0
607392224958742527,0.429736,0
607392225092960255,0.428203,0
607392225361395711,0.463515,0
607392225495613439,0.466385,0
607392225629831167,0.470053,0
607392225764048895,0.594456,0
607392225898266623,0.431394,0
607392226032484351,0.433565,0
607392226166702079,0.421325,0
607392226435137535,0.38968,0
607392226569355263,0.434901,0
607392226703572991,0.392312,0
607392226837790719,0.430616,0
607392226972008447,0.419455,0
607392227106226175,0.437938,0
607392227240443903,0.432867,0
607392227508879359,0.384744,0
607392227643097087,0.428689,0
607392227777314815,0.391358,0
607392227911532543,0.428867,0
607392228045750271,0.40841,0
607392228179967999,0.429641,0
607392228314185727,0.392637,0
607392228582621183,0.391401,0
607392228716838911,0.416461,0
607392228851056639,0.398295,0
607392228985274367,0.440997,0
607392229119492095,0.39386,0
607392229253709823,0.415634,0
607392229387927551,0.379773,0
607392230730104831,0.398817,0
607392230864322559,0.347497,0
607392230998540287,0.371989,0
607392231132758015,0.3943,0
607392231266975743,0.419319,0
607392231401193471,0.437005,0
607392231535411199,0.375269,0
607392231803846655,0.395931,0
607392231938064383,0.363194,0
607392232072282111,0.329404,0
607392232206499839,0.344163,0
607392232340717567,0.390505,0
607392232474935295,0.41901,0
607392232609153023,0.386138,0
607392232877588479,0.351892,0
607392233011806207,0.364407,0
607392233146023935,0.355509,0
607392233280241663,0.356152,0
607392233414459391,0.351414,0
607392233548677119,0.393959,0
607392233682894847,0.360965,0
607392233951330303,0.350849,0
607392234085548031,0.311282,0
607392234219765759,0.342673,0
607392234353983487,0.359526,0
607392234488201215,0.325889,0
607392234622418943,0.355207,0
607392234756636671,0.370768,0
607392235025072127,0.470242,0
607392235159289855,0.445577,0
607392235293507583,0.453761,0
607392235427725311,0.448751,0
607392235561943039,0.516466,0
607392235696160767,0.501861,0
607392235830378495,0.471255,0
607392236098813951,0.4778,0
607392236233031679,0.427809,0
607392236367249407,0.4643,0
607392236501467135,0.412949,0
607392236635684863,0.497764,0
607392236769902591,0.5013,0
607392236904120319,0.477994,0
607392237172555775,0.405175,0
607392237306773503,0.406074,0
607392237440991231,0.408223,0
607392237575208959,0.414762,0
607392237709426687,0.447032,0
607392237843644415,0.441815,0
607392237977862143,0.407138,0
607392239320039423,0.325105,0
607392239454257151,0.381302,0
607392239588474879,0.302505,0
607392239722692607,0.323957,0
607392239856910335,0.367163,0
607392239991128063,0.369241,0
607392240125345791,0.325026,0
607392240393781247,0.404442,0
607392240527998975,0.638144,0
607392240662216703,0.431314,0
607392240796434431,0.569543,0
607392240930652159,0.442413,0
607392241064869887,0.441474,0
607392241199087615,0.381463,0
607392241467523071,0.334721,0
607392241601740799,0.270149,0
607392241735958527,0.288751,0
607392241870176255,0.2936,0
607392242004393983,0.331071,0
607392242138611711,0.300164,0
607392242272829439,0.301913,0
607392242541264895,0.341859,0
607392242675482623,0.399642,0
607392242809700351,0.293729,0
607392242943918079,0.34885,0
607392243078135807,0.365627,0
607392243212353535,0.366967,0
607392243346571263,0.339757,0
607392243615006719,0.387161,0
607392243749224447,0.381375,0
607392243883442175,0.36073,0
607392244017659903,0.391156,0
607392244151877631,0.425293,0
607392244286095359,0.447785,0
607392244420313087,0.402158,0
607392244688748543,0.386685,0
607392244822966271,0.477576,0
607392244957183999,0.366629,0
607392245091401727,0.432149,0
607392245225619455,0.39271,0
607392245359837183,0.394795,0
607392245494054911,0.396945,0
607392245762490367,0.312411,0
607392245896708095,0.301537,0
607392246030925823,0.296962,0
607392246165143551,0.334886,0
607392246299361279,0.342141,0
607392246433579007,0.34205,0
607392246567796735,0.329938,0
607392247909974015,0.554414,0
607392248044191743,0.494748,0
607392248178409471,0.515208,0
607392248312627199,0.49298,0
607392248446844927,0.559571,0
607392248581062655,0.533225,0
607392248715280383,0.526055,0
607392248983715839,0.535468,0
607392249117933567,0.509182,0
607392249252151295,0.505397,0
607392249386369023,0.514115,0
607392249520586751,0.513458,0
607392249654804479,0.506042,0
607392249789022207,0.509729,0
607392250057457663,0.525316,0
607392250191675391,0.501623,0
607392250325893119,0.530531,0
607392250460110847,0.523471,0
607392250594328575,0.49336,0
607392250728546303,0.544442,0
607392250862764031,0.486646,0
607392251131199487,0.500051,0
607392251265417215,0.493462,0
607392251399634943,0.517188,0
607392251533852671,0.49974,0
607392251668070399,0.467754,0
607392251802288127,0.497909,0
607392251936505855,0.498374,0
607392252204941311,0.611089,0
607392252339159039,0.591902,0
607392252473376767,0.625944,0
607392252607594495,0.581324,0
607392252741812223,0.651442,0
607392252876029951,0.592629,0
607392253010247679,0.617721,0
607392253278683135,0.576918,0
607392253412900863,0.54143,0
607392253547118591,0.594244,0
607392253681336319,0.539723,0
607392253815554047,0.552991,0
607392253949771775,0.561247,0
607392254083989503,0.560634,0
607392254352424959,0.639702,0
607392254486642687,0.527973,0
607392254620860415,0.580841,0
607392254755078143,0.516412,0
607392254889295871,0.573271,0
607392255023513599,0.578815,0
607392255157731327,0.531332,0
607392256499908607,0.471004,0
607392256634126335,0.460746,0
607392256768344063,0.472428,0
607392256902561791,0.477522,0
607392257036779519,0.505981,0
607392257170997247,0.498616,0
607392257305214975,0.48841,0
607392257573650431,0.490469,0
607392257707868159,0.49442,0
607392257842085887,0.48615,0
607392257976303615,0.494727,0
607392258110521343,0.485727,0
607392258244739071,0.508678,0
607392258378956799,0.465868,0
607392258647392255,0.486132,0
607392258781609983,0.443744,0
607392258915827711,0.437875,0
607392259050045439,0.475531,0
607392259184263167,0.476078,0
607392259318480895,0.465178,0
607392259452698623,0.483848,0
607392259721134079,0.419289,0
607392259855351807,0.420696,0
607392259989569535,0.411356,0
607392260123787263,0.452352,0
607392260258004991,0.443073,0
607392260392222719,0.443222,0
607392260526440447,0.418275,0
607392260794875903,0.490089,0
607392260929093631,0.486566,0
607392261063311359,0.512459,0
607392261197529087,0.500557,0
607392261331746815,0.500347,0
607392261465964543,0.503433,0
607392261600182271,0.484464,0
607392261868617727,0.495054,0
607392262002835455,0.480222,0
607392262137053183,0.492214,0
607392262271270911,0.496273,0
607392262405488639,0.514036,0
607392262539706367,0.513596,0
607392262673924095,0.486704,0
607392262942359551,0.494344,0
607392263076577279,0.484811,0
607392263210795007,0.488505,0
607392263345012735,0.474104,0
607392263479230463,0.494032,0
607392263613448191,0.505654,0
607392263747665919,0.498945,0
607392265089843199,0.560166,0
607392265224060927,0.484213,0
607392265358278655,0.564857,0
607392265492496383,0.546988,0
607392265626714111,0.530478,0
607392265760931839,0.519978,0
607392265895149567,0.533567,0
607392266163585023,0.510629,0
607392266297802751,0.51684,0
607392266432020479,0.51155,0
607392266566238207,0.505377,0
607392266700455935,0.475911,0
607392266834673663,0.500823,0
607392266968891391,0.465415,0
607392267237326847,0.527278,0
607392267371544575,0.548984,0
607392267505762303,0.525908,0
607392267639980031,0.49633,0
607392267774197759,0.547346,0
607392267908415487,0.567243,0
607392268042633215,0.555477,0
607392268311068671,0.52083,0
607392268445286399,0.482195,0
607392268579504127,0.531923,0
607392268713721855,0.502345,0
607392268847939583,0.507231,0
607392268982157311,0.521218,0
607392269116375039,0.551962,0
607392269384810495,0.603826,0
607392269519028223,0.537459,0
607392269653245951,0.61484,0
607392269787463679,0.587044,0
607392269921681407,0.646291,0
607392270055899135,0.567335,0
607392270190116863,0.613016,0
607392270458552319,0.562164,0
607392270592770047,0.487635,0
607392270726987775,0.517861,0
607392270861205503,0.499443,0
607392270995423231,0.553714,0
607392271129640959,0.520631,0
607392271263858687,0.526805,0
607392271532294143,0.629912,0
607392271666511871,0.567066,0
607392271800729599,0.625134,0
607392271934947327,0.571087,0
607392272069165055,0.646007,0
607392272203382783,0.588422,0
607392272337600511,0.610157,0
607392282269712383,0.452054,0
607392282403930111,0.484441,0
607392282538147839,0.406622,0
607392282672365567,0.420489,0
607392282806583295,0.458833,0
607392282940801023,0.447534,0
607392283075018751,0.438866,0
607392283343454207,0.469322,0
607392283477671935,0.435788,0
607392283611889663,0.502107,0
607392283746107391,0.456931,0
607392283880325119,0.41578,0
607392284014542847,0.452183,0
607392284148760575,0.430118,0
607392284417196031,0.408079,0
607392284551413759,0.435603,0
607392284685631487,0.399756,0
607392284819849215,0.435391,0
607392284954066943,0.388897,0
607392285088284671,0.398719,0
607392285222502399,0.411206,0
607392285490937855,0.427096,0
607392285625155583,0.459958,0
607392285759373311,0.425949,0
607392285893591039,0.51849,0
607392286027808767,0.417342,0
607392286162026495,0.434744,0
607392286296244223,0.425212,0
607392286564679679,0.439611,0
607392286698897407,0.443029,0
607392286833115135,0.475919,0
607392286967332863,0.464526,0
607392287101550591,0.485462,0
607392287235768319,0.459642,0
607392287369986047,0.491089,0
607392287638421503,0.454635,0
607392287772639231,0.462792,0
607392287906856959,0.419286,0
607392288041074687,0.417066,0
607392288175292415,0.467367,0
607392288309510143,0.458453,0
607392288443727871,0.461603,0
607392288712163327,0.42842,0
607392288846381055,0.430225,0
607392288980598783,0.429499,0
607392289114816511,0.406539,0
607392289249034239,0.458329,0
607392289383251967,0.442583,0
607392289517469695,0.446042,0
607392290859646975,0.589796,0
607392290993864703,0.492091,0
607392291128082431,0.430742,0
607392291262300159,0.542417,0
607392291396517887,0.623608,0
607392291530735615,0.538339,0
607392291664953343,0.568437,0
607392291933388799,0.44202,0
607392292067606527,0.417297,0
607392292201824255,0.484796,0
607392292336041983,0.400652,0
607392292470259711,0.496906,0
607392292604477439,0.444529,0
607392292738695167,0.58365,0
607392293007130623,0.337268,0
607392293141348351,0.341289,0
607392293275566079,0.34046,0
607392293409783807,0.335817,0
607392293544001535,0.420843,0
607392293678219263,0.381762,0
607392293812436991,0.379309,0
607392294080872447,0.380967,0
607392294215090175,0.38414,0
607392294349307903,0.376874,0
607392294483525631,0.363757,0
607392294617743359,0.520285,0
607392294751961087,0.375831,0
607392294886178815,0.36566,0
607392295154614271,0.464734,0
607392295288831999,0.467251,0
607392295423049727,0.429431,0
607392295557267455,0.451959,0
607392295691485183,0.485441,0
607392295825702911,0.467246,0
607392295959920639,0.457213,0
607392296228356095,0.409914,0
607392296362573823,0.435292,0
607392296496791551,0.481439,0
607392296631009279,0.545736,0
607392296765227007,0.438209,0
607392296899444735,0.459035,0
607392297033662463,0.423527,0
607392297302097919,0.554602,0
607392297436315647,0.643382,0
607392297570533375,0.55374,0
607392297704751103,0.521406,0
607392297838968831,0.479403,0
607392297973186559,0.461276,0
607392298107404287,0.45564,0
607392299449581567,0.400663,0
607392299583799295,0.638471,0
607392299718017023,0.592705,0
607392299852234751,0.537736,0
607392299986452479,0.55658,0
607392300120670207,0.422654,0
607392300254887935,0.561274,0
607392300523323391,0.570022,0
607392300657541119,0.451294,0
607392300791758847,0.548774,0
607392300925976575,0.484226,0
607392301060194303,0.436761,0
607392301194412031,0.55219,0
607392301328629759,0.5033,0
607392301597065215,0.533998,0
607392301731282943,0.501242,0
607392301865500671,0.529999,0
607392301999718399,0.436079,0
607392302133936127,0.598945,0
607392302268153855,0.56713,0
607392302402371583,0.566671,0
607392302670807039,0.403488,0
607392302805024767,0.366751,0
607392302939242495,0.381861,0
607392303073460223,0.363447,0
607392303207677951,0.428728,0
607392303341895679,0.401656,0
607392303476113407,0.503324,0
607392303744548863,0.471898,0
607392303878766591,0.450474,0
607392304012984319,0.442737,0
607392304147202047,0.428464,0
607392304281419775,0.463071,0
607392304415637503,0.453072,0
607392304549855231,0.48843,0
607392304818290687,0.395131,0
607392304952508415,0.41737,0
607392305086726143,0.43494,0
607392305220943871,0.389649,0
607392305355161599,0.387977,0
607392305489379327,0.394493,0
607392305623597055,0.466095,0
607392305892032511,0.457197,0
607392306026250239,0.525438,0
607392306160467967,0.436821,0
607392306294685695,0.515965,0
607392306428903423,0.461428,0
607392306563121151,0.533275,0
607392306697338879,0.481687,0
607392308039516159,0.365407,0
607392308173733887,0.352472,0
607392308307951615,0.36382,0
607392308442169343,0.324973,0
607392308576387071,0.356298,0
607392308710604799,0.372284,0
607392308844822527,0.360002,0
607392309113257983,0.32393,0
607392309247475711,0.306847,0
607392309381693439,0.30858,0
607392309515911167,0.302638,0
607392309650128895,0.337532,0
607392309784346623,0.340173,0
607392309918564351,0.344205,0
607392310186999807,0.32723,0
607392310321217535,0.312484,0
607392310455435263,0.340065,0
607392310589652991,0.316043,0
607392310723870719,0.322369,0
607392310858088447,0.322345,0
607392310992306175,0.32946,0
607392311260741631,0.280097,0
607392311394959359,0.290639,0
607392311529177087,0.293273,0
607392311663394815,0.278908,0
607392311797612543,0.304148,0
607392311931830271,0.304576,0
607392312066047999,0.299201,0
607392312334483455,0.407184,0
607392312468701183,0.467684,0
607392312602918911,0.46439,0
607392312737136639,0.376312,0
607392312871354367,0.551706,0
607392313005572095,0.550063,0
607392313139789823,0.636645,0
607392313408225279,0.37485,0
607392313542443007,0.346623,0
607392313676660735,0.370644,0
607392313810878463,0.361085,0
607392313945096191,0.42497,0
607392314079313919,0.402386,0
607392314213531647,0.399824,0
607392314481967103,0.348624,0
607392314616184831,0.359675,0
607392314750402559,0.352523,0
607392314884620287,0.331844,0
607392315018838015,0.462433,0
607392315153055743,0.35558,0
607392315287273471,0.402418,0
607392316629450751,0.569543,0
607392316763668479,0.561308,0
607392316897886207,0.524982,0
607392317032103935,0.551793,0
607392317166321663,0.562682,0
607392317300539391,0.546721,0
607392317434757119,0.548035,0
607392317703192575,0.530245,0
607392317837410303,0.558615,0
607392317971628031,0.497329,0
607392318105845759,0.515383,0
607392318240063487,0.528958,0
607392318374281215,0.526538,0
607392318508498943,0.544195,0
607392318776934399,0.502749,0
607392318911152127,0.517557,0
607392319045369855,0.486589,0
607392319179587583,0.520537,0
607392319313805311,0.498823,0
607392319448023039,0.500253,0
607392319582240767,0.505988,0
607392319850676223,0.472066,0
607392319984893951,0.483166,0
607392320119111679,0.499081,0
607392320253329407,0.477133,0
607392320387547135,0.513262,0
607392320521764863,0.50767,0
607392320655982591,0.507929,0
607392320924418047,0.563496,0
607392321058635775,0.572258,0
607392321192853503,0.545851,0
607392321327071231,0.561378,0
607392321461288959,0.515757,0
607392321595506687,0.532514,0
607392321729724415,0.543843,0
607392321998159871,0.564801,0
607392322132377599,0.544919,0
607392322266595327,0.575951,0
607392322400813055,0.557832,0
607392322535030783,0.54046,0
607392322669248511,0.572798,0
607392322803466239,0.540334,0
607392323071901695,0.519562,0
607392323206119423,0.534487,0
607392323340337151,0.553913,0
607392323474554879,0.54138,0
607392323608772607,0.529091,0
607392323742990335,0.553138,0
607392323877208063,0.514218,0
607392325219385343,0.516057,0
607392325353603071,0.499967,0
607392325487820799,0.483437,0
607392325622038527,0.502393,0
607392325756256255,0.519918,0
607392325890473983,0.492469,0
607392326024691711,0.523939,0
607392326293127167,0.503224,0
607392326427344895,0.496334,0
607392326561562623,0.495879,0
607392326695780351,0.502063,0
607392326829998079,0.492698,0
607392326964215807,0.496432,0
607392327098433535,0.494011,0
607392327366868991,0.469738,0
607392327501086719,0.478955,0
607392327635304447,0.440605,0
607392327769522175,0.490275,0
607392327903739903,0.46514,0
607392328037957631,0.476311,0
607392328172175359,0.457251,0
607392328440610815,0.481163,0
607392328574828543,0.457871,0
607392328709046271,0.503034,0
607392328843263999,0.471156,0
607392328977481727,0.48286,0
607392329111699455,0.494695,0
607392329245917183,0.486896,0
607392329514352639,0.536396,0
607392329648570367,0.552983,0
607392329782788095,0.554653,0
607392329917005823,0.534212,0
607392330051223551,0.543735,0
607392330185441279,0.546643,0
607392330319659007,0.557167,0
607392330588094463,0.547685,0
607392330722312191,0.54468,0
607392330856529919,0.536556,0
607392330990747647,0.50699,0
607392331124965375,0.559831,0
607392331259183103,0.550381,0
607392331393400831,0.544773,0
607392331661836287,0.483837,0
607392331796054015,0.481203,0
607392331930271743,0.478999,0
607392332064489471,0.469813,0
607392332198707199,0.542792,0
607392332332924927,0.532097,0
607392332467142655,0.512238,0
607392333809319935,0.519448,0
607392333943537663,0.481519,0
607392334077755391,0.449246,0
607392334211973119,0.459461,0
607392334346190847,0.5112,0
607392334480408575,0.511913,0
607392334614626303,0.48817,0
607392334883061759,0.478801,0
607392335017279487,0.481829,0
607392335151497215,0.491323,0
607392335285714943,0.462593,0
607392335419932671,0.47269,0
607392335554150399,0.490258,0
607392335688368127,0.488765,0
607392335956803583,0.442105,0
607392336091021311,0.460997,0
607392336225239039,0.417473,0
607392336359456767,0.468237,0
607392336493674495,0.453558,0
607392336627892223,0.427421,0
607392336762109951,0.403871,0
607392337030545407,0.455712,0
607392337164763135,0.426403,0
607392337298980863,0.479919,0
607392337433198591,0.448482,0
607392337567416319,0.466857,0
607392337701634047,0.44936,0
607392337835851775,0.452197,0
607392338104287231,0.505423,0
607392338238504959,0.519867,0
607392338372722687,0.478031,0
607392338506940415,0.504758,0
607392338641158143,0.50414,0
607392338775375871,0.509848,0
607392338909593599,0.493888,0
607392339178029055,0.514959,0
607392339312246783,0.543154,0
607392339446464511,0.503581,0
607392339580682239,0.516147,0
607392339714899967,0.533752,0
607392339849117695,0.524236,0
607392339983335423,0.51709,0
607392340251770879,0.458012,0
607392340385988607,0.448988,0
607392340520206335,0.424791,0
607392340654424063,0.45062,0
607392340788641791,0.48257,0
607392340922859519,0.479537,0
607392341057077247,0.458447,0
607392350989189119,0.191956,0
607392351123406847,0.200062,0
607392351257624575,0.202917,0
607392351391842303,0.200588,0
607392351526060031,0.222421,0
607392351660277759,0.214641,0
607392351794495487,0.209787,0
607392352062930943,0.216606,0
607392352197148671,0.216599,0
607392352331366399,0.209108,0
607392352465584127,0.208268,0
607392352599801855,0.22409,0
607392352734019583,0.225589,0
607392352868237311,0.231687,0
607392353136672767,0.189706,0
607392353270890495,0.193636,0
607392353405108223,0.184073,0
607392353539325951,0.1825,0
607392353673543679,0.203819,0
607392353807761407,0.197121,0
607392353941979135,0.198714,0
607392354210414591,0.198731,0
607392354344632319,0.19563,0
607392354478850047,0.179709,0
607392354613067775,0.179829,0
607392354747285503,0.195788,0
607392354881503231,0.202118,0
607392355015720959,0.208906,0
607392355284156415,0.236505,0
607392355418374143,0.235881,0
607392355552591871,0.212053,0
607392355686809599,0.21447,0
607392355821027327,0.257038,0
607392355955245055,0.250348,0
607392356089462783,0.238592,0
607392356357898239,0.230266,0
607392356492115967,0.228974,0
607392356626333695,0.233999,0
607392356760551423,0.221206,0
607392356894769151,0.23857,0
607392357028986879,0.25155,0
607392357163204607,0.25208,0
607392357431640063,0.204407,0
607392357565857791,0.20806,0
607392357700075519,0.197591,0
607392357834293247,0.19733,0
607392357968510975,0.219816,0
607392358102728703,0.205276,0
607392358236946431,0.221684,0
607392359579123711,0.211426,0
607392359713341439,0.209992,0
607392359847559167,0.194703,0
607392359981776895,0.198512,0
607392360115994623,0.246528,0
607392360250212351,0.224597,0
607392360384430079,0.226776,0
607392360652865535,0.254678,0
607392360787083263,0.254182,0
607392360921300991,0.249212,0
607392361055518719,0.256739,0
607392361189736447,0.242019,0
607392361323954175,0.264531,0
607392361458171903,0.22105,0
607392361726607359,0.197352,0
607392361860825087,0.209851,0
607392361995042815,0.192154,0
607392362129260543,0.184372,0
607392362263478271,0.197984,0
607392362397695999,0.197947,0
607392362531913727,0.207111,0
607392362800349183,0.210482,0
607392362934566911,0.20917,0
607392363068784639,0.218221,0
607392363203002367,0.215458,0
607392363337220095,0.228349,0
607392363471437823,0.271429,0
607392363605655551,0.213852,0
607392363874091007,0.21623,0
607392364008308735,0.194015,0
607392364142526463,0.227941,0
607392364276744191,0.236269,0
607392364410961919,0.240603,0
607392364545179647,0.209887,0
607392364679397375,0.220025,0
607392364947832831,0.240485,0
607392365082050559,0.238192,0
607392365216268287,0.225253,0
607392365350486015,0.213902,0
607392365484703743,0.235409,0
607392365618921471,0.226191,0
607392365753139199,0.204173,0
607392366021574655,0.196207,0
607392366155792383,0.203604,0
607392366290010111,0.197558,0
607392366424227839,0.199541,0
607392366558445567,0.226085,0
607392366692663295,0.227264,0
607392366826881023,0.208584,0
607392368169058303,0.186881,0
607392368303276031,0.186558,0
607392368437493759,0.185469,0
607392368571711487,0.181871,0
607392368705929215,0.176822,0
607392368840146943,0.183053,0
607392368974364671,0.182313,0
607392369242800127,0.171615,0
607392369377017855,0.186349,0
607392369511235583,0.174672,0
607392369645453311,0.176503,0
607392369779671039,0.193125,0
607392369913888767,0.187699,0
607392370048106495,0.187283,0
607392370316541951,0.162258,0
607392370450759679,0.165896,0
607392370584977407,0.157817,0
607392370719195135,0.161295,0
607392370853412863,0.186062,0
607392370987630591,0.188183,0
607392371121848319,0.170869,0
607392371390283775,0.167822,0
607392371524501503,0.168597,0
607392371658719231,0.175299,0
607392371792936959,0.171245,0
607392371927154687,0.184823,0
607392372061372415,0.182882,0
607392372195590143,0.186087,0
607392372464025599,0.195501,0
607392372598243327,0.185406,0
607392372732461055,0.178771,0
607392372866678783,0.182257,0
607392373000896511,0.187319,0
607392373135114239,0.181938,0
607392373269331967,0.187623,0
607392373537767423,0.197112,0
607392373671985151,0.195888,0
607392373806202879,0.202198,0
607392373940420607,0.19743,0
607392374074638335,0.183275,0
607392374208856063,0.189604,0
607392374343073791,0.185901,0
607392374611509247,0.187272,0
607392374745726975,0.183449,0
607392374879944703,0.179905,0
607392375014162431,0.174607,0
607392375148380159,0.168902,0
607392375282597887,0.179217,0
607392375416815615,0.175351,0
607392376758992895,0.182868,0
607392376893210623,0.163779,0
607392377027428351,0.137984,0
607392377161646079,0.153388,0
607392377295863807,0.186776,0
607392377430081535,0.184368,0
607392377564299263,0.16796,0
607392377832734719,0.180102,0
607392377966952447,0.177762,0
607392378101170175,0.152644,0
607392378235387903,0.146268,0
607392378369605631,0.197351,0
607392378503823359,0.184106,0
607392378638041087,0.18837,0
607392378906476543,0.144196,0
607392379040694271,0.146937,0
607392379174911999,0.125297,0
607392379309129727,0.147869,0
607392379443347455,0.135003,0
607392379577565183,0.138963,0
607392379711782911,0.14791,0
607392379980218367,0.133343,0
607392380114436095,0.134607,0
607392380248653823,0.128119,0
607392380382871551,0.121263,0
607392380517089279,0.14526,0
607392380651307007,0.143011,0
607392380785524735,0.139985,0
607392381053960191,0.176278,0
607392381188177919,0.176504,0
607392381322395647,0.19689,0
607392381456613375,0.19535,0
607392381590831103,0.167739,0
607392381725048831,0.163304,0
607392381859266559,0.18467,0
607392382127702015,0.178258,0
607392382261919743,0.199864,0
607392382396137471,0.183703,0
607392382530355199,0.198621,0
607392382664572927,0.187404,0
607392382798790655,0.182443,0
607392382933008383,0.174894,0
607392383201443839,0.174505,0
607392383335661567,0.153196,0
607392383469879295,0.169112,0
607392383604097023,0.163654,0
607392383738314751,0.175935,0
607392383872532479,0.171938,0
607392384006750207,0.174189,0
607392385348927487,0.348596,0
607392385483145215,0.363514,0
607392385617362943,0.323575,0
607392385751580671,0.282049,0
607392385885798399,0.393188,0
607392386020016127,0.366786,0
607392386154233855,0.391633,0
607392386422669311,0.329241,0
607392386556887039,0.333063,0
607392386691104767,0.294337,0
607392386825322495,0.31907,0
607392386959540223,0.351946,0
607392387093757951,0.364654,0
607392387227975679,0.318658,0
607392387496411135,0.267226,0
607392387630628863,0.248213,0
607392387764846591,0.230263,0
607392387899064319,0.250745,0
607392388033282047,0.316232,0
607392388167499775,0.29951,0
607392388301717503,0.294935,0
607392388570152959,0.254809,0
607392388704370687,0.245223,0
607392388838588415,0.241251,0
607392388972806143,0.237108,0
607392389107023871,0.270823,0
607392389241241599,0.273061,0
607392389375459327,0.280582,0
607392389643894783,0.442228,0
607392389778112511,0.421454,0
607392389912330239,0.461157,0
607392390046547967,0.440096,0
607392390180765695,0.454318,0
607392390314983423,0.438397,0
607392390449201151,0.458072,0
607392390717636607,0.382008,0
607392390851854335,0.368657,0
607392390986072063,0.381577,0
607392391120289791,0.353208,0
607392391254507519,0.407648,0
607392391388725247,0.383192,0
607392391522942975,0.415335,0
607392391791378431,0.392541,0
607392391925596159,0.362415,0
607392392059813887,0.363345,0
607392392194031615,0.366054,0
607392392328249343,0.424372,0
607392392462467071,0.415271,0
607392392596684799,0.391015,0
607392393938862079,0.27288,0
607392394073079807,0.28811,0
607392394207297535,0.265075,0
607392394341515263,0.29875,0
607392394475732991,0.26588,0
607392394609950719,0.295245,0
607392394744168447,0.282731,0
607392395012603903,0.271657,0
607392395146821631,0.26438,0
607392395281039359,0.264804,0
607392395415257087,0.283876,0
607392395549474815,0.28078,0
607392395683692543,0.273375,0
607392395817910271,0.284473,0
607392396086345727,0.273586,0
607392396220563455,0.332632,0
607392396354781183,0.232513,0
607392396488998911,0.279537,0
607392396623216639,0.249958,0
607392396757434367,0.256565,0
607392396891652095,0.249381,0
607392397160087551,0.222988,0
607392397294305279,0.246632,0
607392397428523007,0.213295,0
607392397562740735,0.230431,0
607392397696958463,0.259908,0
607392397831176191,0.258529,0
607392397965393919,0.248897,0
607392398233829375,0.30209,0
607392398368047103,0.289941,0
607392398502264831,0.286267,0
607392398636482559,0.325297,0
607392398770700287,0.308263,0
607392398904918015,0.335895,0
607392399039135743,0.327603,0
607392399307571199,0.295022,0
607392399441788927,0.300775,0
607392399576006655,0.290127,0
607392399710224383,0.318991,0
607392399844442111,0.288441,0
607392399978659839,0.301562,0
607392400112877567,0.299651,0
607392400381313023,0.236932,0
607392400515530751,0.266793,0
607392400649748479,0.250945,0
607392400783966207,0.250477,0
607392400918183935,0.292292,0
607392401052401663,0.303647,0
607392401186619391,0.240221,0
607392402528796671,0.235681,0
607392402663014399,0.231939,0
607392402797232127,0.25063,0
607392402931449855,0.240226,0
607392403065667583,0.255437,0
607392403199885311,0.261263,0
607392403334103039,0.240385,0
607392403602538495,0.234141,0
607392403736756223,0.220557,0
607392403870973951,0.228774,0
607392404005191679,0.234527,0
607392404139409407,0.226577,0
607392404273627135,0.226351,0
607392404407844863,0.233215,0
607392404676280319,0.204929,0
607392404810498047,0.200754,0
607392404944715775,0.196963,0
607392405078933503,0.191421,0
607392405213151231,0.246229,0
607392405347368959,0.217357,0
607392405481586687,0.228421,0
607392405750022143,0.201748,0
607392405884239871,0.198125,0
607392406018457599,0.19073,0
607392406152675327,0.182254,0
607392406286893055,0.229111,0
607392406421110783,0.224082,0
607392406555328511,0.206425,0
607392406823763967,0.293756,0
607392406957981695,0.271866,0
607392407092199423,0.278655,0
607392407226417151,0.256144,0
607392407360634879,0.302974,0
607392407494852607,0.281053,0
607392407629070335,0.266055,0
607392407897505791,0.285761,0
607392408031723519,0.263804,0
607392408165941247,0.272434,0
607392408300158975,0.246071,0
607392408434376703,0.333862,0
607392408568594431,0.328238,0
607392408702812159,0.298265,0
607392408971247615,0.241326,0
607392409105465343,0.236205,0
607392409239683071,0.238428,0
607392409373900799,0.239028,0
607392409508118527,0.245915,0
607392409642336255,0.2534,0
607392409776553983,0.249542,0
607392419708665855,0.249298,0
607392419842883583,0.219842,0
607392419977101311,0.235597,0
607392420111319039,0.217934,0
607392420245536767,0.290022,0
607392420379754495,0.224721,0
607392420513972223,0.234386,0
607392420782407679,0.205048,0
607392420916625407,0.291142,0
607392421050843135,0.212018,0
607392421185060863,0.18962,0
607392421319278591,0.227979,0
607392421453496319,0.315293,0
607392421587714047,0.217593,0
607392421856149503,0.175431,0
607392421990367231,0.226914,0
607392422124584959,0.172113,0
607392422258802687,0.157089,0
607392422393020415,0.237952,0
607392422527238143,0.194687,0
607392422661455871,0.202233,0
607392422929891327,0.202784,0
607392423064109055,0.200006,0
607392423198326783,0.180902,0
607392423332544511,0.172682,0
607392423466762239,0.208536,0
607392423600979967,0.211919,0
607392423735197695,0.235355,0
607392424003633151,0.243334,0
607392424137850879,0.248854,0
607392424272068607,0.257671,0
607392424406286335,0.249552,0
607392424540504063,0.294938,0
607392424674721791,0.260259,0
607392424808939519,0.29428,0
607392425077374975,0.263839,0
607392425211592703,0.254535,0
607392425345810431,0.259253,0
607392425480028159,0.219323,0
607392425614245887,0.317275,0
607392425748463615,0.276462,0
607392425882681343,0.270132,0
607392426151116799,0.232448,0
607392426285334527,0.231901,0
607392426419552255,0.231446,0
607392426553769983,0.221762,0
607392426687987711,0.264412,0
607392426822205439,0.240441,0
607392426956423167,0.261252,0
607392428298600447,0.160625,0
607392428432818175,0.164277,0
607392428567035903,0.166374,0
607392428701253631,0.155911,0
607392428835471359,0.228201,0
607392428969689087,0.15945,0
607392429103906815,0.237677,0
607392429372342271,0.136519,0
607392429506559999,0.205456,0
607392429640777727,0.131449,0
607392429774995455,0.124486,0
607392429909213183,0.170058,0
607392430043430911,0.164358,0
607392430177648639,0.137556,0
607392430446084095,0.184853,0
607392430580301823,0.138219,0
607392430714519551,0.17026,0
607392430848737279,0.131748,0
607392430982955007,0.209186,0
607392431117172735,0.186478,0
607392431251390463,0.202753,0
607392431519825919,0.118832,0
607392431654043647,0.133415,0
607392431788261375,0.117522,0
607392431922479103,0.112336,0
607392432056696831,0.135049,0
607392432190914559,0.125348,0
607392432325132287,0.13711,0
607392432593567743,0.332772,0
607392432727785471,0.262041,0
607392432862003199,0.230116,0
607392432996220927,0.215004,0
607392433130438655,0.266809,0
607392433264656383,0.344054,0
607392433398874111,0.291319,0
607392433667309567,0.206707,0
607392433801527295,0.176908,0
607392433935745023,0.261094,0
607392434069962751,0.175174,0
607392434204180479,0.284265,0
607392434338398207,0.220164,0
607392434472615935,0.285112,0
607392434741051391,0.27227,0
607392434875269119,0.221701,0
607392435009486847,0.198436,0
607392435143704575,0.195174,0
607392435277922303,0.294726,0
607392435412140031,0.296957,0
607392435546357759,0.203298,0
607392436888535039,0.242701,0
607392437022752767,0.142446,0
607392437156970495,0.161715,0
607392437291188223,0.195375,0
607392437425405951,0.261948,0
607392437559623679,0.172318,0
607392437693841407,0.21299,0
607392437962276863,0.142064,0
607392438096494591,0.15262,0
607392438230712319,0.142811,0
607392438364930047,0.148794,0
607392438499147775,0.188336,0
607392438633365503,0.154685,0
607392438767583231,0.168074,0
607392439036018687,0.142888,0
607392439170236415,0.142159,0
607392439304454143,0.142531,0
607392439438671871,0.139833,0
607392439572889599,0.154543,0
607392439707107327,0.151392,0
607392439841325055,0.151775,0
607392440109760511,0.16089,0
607392440243978239,0.130979,0
607392440378195967,0.130293,0
607392440512413695,0.12627,0
607392440646631423,0.178394,0
607392440780849151,0.141105,0
607392440915066879,0.227754,0
607392441183502335,0.251864,0
607392441317720063,0.32132,0
607392441451937791,0.256922,0
607392441586155519,0.221636,0
607392441720373247,0.271693,0
607392441854590975,0.28189,0
607392441988808703,0.258838,0
607392442257244159,0.188339,0
607392442391461887,0.187409,0
607392442525679615,0.195298,0
607392442659897343,0.188092,0
607392442794115071,0.226847,0
607392442928332799,0.190145,0
607392443062550527,0.249724,0
607392443330985983,0.204991,0
607392443465203711,0.178504,0
607392443599421439,0.18767,0
607392443733639167,0.15895,0
607392443867856895,0.234239,0
607392444002074623,0.222139,0
607392444136292351,0.25353,0
607392445478469631,0.156926,0
607392445612687359,0.166091,0
607392445746905087,0.149,0
607392445881122815,0.166444,0
607392446015340543,0.168291,0
607392446149558271,0.176078,0
607392446283775999,0.158963,0
607392446552211455,0.118212,0
607392446686429183,0.15839,0
607392446820646911,0.127301,0
607392446954864639,0.119558,0
607392447089082367,0.172797,0
607392447223300095,0.154054,0
607392447357517823,0.151559,0
607392447625953279,0.128718,0
607392447760171007,0.138322,0
607392447894388735,0.137427,0
607392448028606463,0.139651,0
607392448162824191,0.125433,0
607392448297041919,0.145672,0
607392448431259647,0.133615,0
607392448699695103,0.103306,0
607392448833912831,0.0966879,0
607392448968130559,0.0978742,0
607392449102348287,0.0961185,0
607392449236566015,0.141653,0
607392449370783743,0.1027,0
607392449505001471,0.137353,0
607392449773436927,0.162672,0
607392449907654655,0.167046,0
607392450041872383,0.152399,0
607392450176090111,0.16616,0
607392450310307839,0.149582,0
607392450444525567,0.153851,0
607392450578743295,0.156524,0
607392450847178751,0.171876,0
607392450981396479,0.176084,0
607392451115614207,0.178949,0
607392451249831935,0.182494,0
607392451384049663,0.182828,0
607392451518267391,0.214122,0
607392451652485119,0.170497,0
607392451920920575,0.136071,0
607392452055138303,0.145423,0
607392452189356031,0.131537,0
607392452323573759,0.131548,0
607392452457791487,0.144571,0
607392452592009215,0.142083,0
607392452726226943,0.137361,0
607392454068404223,0.469858,0
607392454202621951,0.392573,0
607392454336839679,0.395771,0
607392454471057407,0.387301,0
607392454605275135,0.500728,0
607392454739492863,0.378931,0
607392454873710591,0.408229,0
607392455142146047,0.360463,0
607392455276363775,0.344277,0
607392455410581503,0.33416,0
607392455544799231,0.321604,0
607392455679016959,0.440603,0
607392455813234687,0.39222,0
607392455947452415,0.392112,0
607392456215887871,0.355676,0
607392456350105599,0.329755,0
607392456484323327,0.306262,0
607392456618541055,0.303174,0
607392456752758783,0.385302,0
607392456886976511,0.418005,0
607392457021194239,0.361105,0
607392457289629695,0.290272,0
607392457423847423,0.313351,0
607392457558065151,0.287713,0
607392457692282879,0.288037,0
607392457826500607,0.351592,0
607392457960718335,0.305254,0
607392458094936063,0.355511,0
607392458363371519,0.61945,0
607392458497589247,0.558064,0
607392458631806975,0.583722,0
607392458766024703,0.404213,0
607392458900242431,0.473628,0
607392459034460159,0.519277,0
607392459168677887,0.486145,0
607392459437113343,0.574082,0
607392459571331071,0.57572,0
607392459705548799,0.558058,0
607392459839766527,0.515034,0
607392459973984255,0.550997,0
607392460108201983,0.597308,0
607392460242419711,0.55749,0
607392460510855167,0.393939,0
607392460645072895,0.423329,0
607392460779290623,0.368205,0
607392460913508351,0.357451,0
607392461047726079,0.413668,0
607392461181943807,0.437583,0
607392461316161535,0.413025,0
607392462658338815,0.285821,0
607392462792556543,0.290067,0
607392462926774271,0.303578,0
607392463060991999,0.310039,0
607392463195209727,0.365012,0
607392463329427455,0.322646,0
607392463463645183,0.333064,0
607392463732080639,0.320324,0
607392463866298367,0.309063,0
607392464000516095,0.290995,0
607392464134733823,0.291099,0
607392464268951551,0.328869,0
607392464403169279,0.321564,0
607392464537387007,0.31747,0
607392464805822463,0.269691,0
607392464940040191,0.248777,0
607392465074257919,0.254605,0
607392465208475647,0.249118,0
607392465342693375,0.340988,0
607392465476911103,0.284978,0
607392465611128831,0.346526,0
607392465879564287,0.342685,0
607392466013782015,0.383099,0
607392466147999743,0.278081,0
607392466282217471,0.365934,0
607392466416435199,0.313733,0
607392466550652927,0.307158,0
607392466684870655,0.30089,0
607392466953306111,0.362832,0
607392467087523839,0.379548,0
607392467221741567,0.357674,0
607392467355959295,0.346848,0
607392467490177023,0.442451,0
607392467624394751,0.408811,0
607392467758612479,0.415982,0
607392468027047935,0.375609,0
607392468161265663,0.353841,0
607392468295483391,0.364944,0
607392468429701119,0.349981,0
607392468563918847,0.37722,0
607392468698136575,0.349039,0
607392468832354303,0.379463,0
607392469100789759,0.345826,0
607392469235007487,0.322642,0
607392469369225215,0.332794,0
607392469503442943,0.319045,0
607392469637660671,0.359677,0
607392469771878399,0.354591,0
607392469906096127,0.363233,0
607392471248273407,0.27754,0
607392471382491135,0.307056,0
607392471516708863,0.270216,0
607392471650926591,0.340271,0
607392471785144319,0.273261,0
607392471919362047,0.273124,0
607392472053579775,0.256299,0
607392472322015231,0.293049,0
607392472456232959,0.274883,0
607392472590450687,0.294729,0
607392472724668415,0.270909,0
607392472858886143,0.328581,0
607392472993103871,0.305101,0
607392473127321599,0.318226,0
607392473395757055,0.272727,0
607392473529974783,0.267349,0
607392473664192511,0.2541,0
607392473798410239,0.289143,0
607392473932627967,0.255492,0
607392474066845695,0.281674,0
607392474201063423,0.236316,0
607392474469498879,0.259618,0
607392474603716607,0.224084,0
607392474737934335,0.352683,0
607392474872152063,0.231785,0
607392475006369791,0.290859,0
607392475140587519,0.254139,0
607392475274805247,0.329208,0
607392475543240703,0.255348,0
607392475677458431,0.286531,0
607392475811676159,0.257264,0
607392475945893887,0.243321,0
607392476080111615,0.246466,0
607392476214329343,0.29359,0
607392476348547071,0.250889,0
607392476616982527,0.295427,0
607392476751200255,0.348949,0
607392476885417983,0.28192,0
607392477019635711,0.307256,0
607392477153853439,0.368925,0
607392477288071167,0.340878,0
607392477422288895,0.323621,0
607392477690724351,0.247937,0
607392477824942079,0.276423,0
607392477959159807,0.229827,0
607392478093377535,0.221637,0
607392478227595263,0.250424,0
607392478361812991,0.260495,0
607392478496030719,0.237275,0
607392488428142591,0.89193,0
607392488562360319,0.881572,0
607392488696578047,0.908409,0
607392488830795775,0.879216,0
607392488965013503,0.846163,0
607392489099231231,0.831087,0
607392489233448959,0.889502,0
607392489501884415,0.831462,0
607392489636102143,0.841778,0
607392489770319871,0.887845,0
607392489904537599,0.867424,0
607392490038755327,0.75835,0
607392490172973055,0.781064,0
607392490307190783,0.815648,0
607392490575626239,0.878096,0
607392490709843967,0.853332,0
607392490844061695,0.856353,0
607392490978279423,0.853857,0
607392491112497151,0.911582,0
607392491246714879,0.89043,0
607392491380932607,0.862594,0
607392491649368063,0.903918,0
607392491783585791,0.871231,0
607392491917803519,0.878856,0
607392492052021247,0.90059,0
607392492186238975,0.891049,0
607392492320456703,0.87712,0
607392492454674431,0.86814,0
607392492723109887,0.90931,0
607392492857327615,0.842479,0
607392492991545343,0.89157,0
607392493125763071,0.916226,0
607392493259980799,0.906743,0
607392493394198527,0.902269,0
607392493528416255,0.895747,0
607392493796851711,0.801286,0
607392493931069439,0.778047,0
607392494065287167,0.829744,0
607392494199504895,0.784989,0
607392494333722623,0.868169,0
607392494467940351,0.812071,0
607392494602158079,0.829251,0
607392494870593535,0.894287,0
607392495004811263,0.921047,0
607392495139028991,0.927172,0
607392495273246719,0.907339,0
607392495407464447,0.902379,0
607392495541682175,0.901434,0
607392495675899903,0.890637,0
607392497018077183,0.745583,0
607392497152294911,0.706947,0
607392497286512639,0.799087,0
607392497420730367,0.719376,0
607392497554948095,0.781607,0
607392497689165823,0.724676,0
607392497823383551,0.786483,0
607392498091819007,0.660445,0
607392498226036735,0.632531,0
607392498360254463,0.663479,0
607392498494472191,0.601368,0
607392498628689919,0.662015,0
607392498762907647,0.672365,0
607392498897125375,0.67527,0
607392499165560831,0.765782,0
607392499299778559,0.670606,0
607392499433996287,0.792341,0
607392499568214015,0.691873,0
607392499702431743,0.80549,0
607392499836649471,0.783776,0
607392499970867199,0.848206,0
607392500239302655,0.623031,0
607392500373520383,0.597386,0
607392500507738111,0.641419,0
607392500641955839,0.594831,0
607392500776173567,0.661889,0
607392500910391295,0.601114,0
607392501044609023,0.72499,0
607392501313044479,0.77097,0
607392501447262207,0.76495,0
607392501581479935,0.802137,0
607392501715697663,0.762239,0
607392501849915391,0.76983,0
607392501984133119,0.745548,0
607392502118350847,0.763141,0
607392502386786303,0.704131,0
607392502521004031,0.670543,0
607392502655221759,0.736546,0
607392502789439487,0.702497,0
607392502923657215,0.728606,0
607392503057874943,0.711124,0
607392503192092671,0.745164,0
607392503460528127,0.848561,0
607392503594745855,0.830187,0
607392503728963583,0.866427,0
607392503863181311,0.836237,0
607392503997399039,0.833968,0
607392504131616767,0.816607,0
607392504265834495,0.846135,0
607392505608011775,0.824262,0
607392505742229503,0.825856,0
607392505876447231,0.849857,0
607392506010664959,0.839666,0
607392506144882687,0.810756,0
607392506279100415,0.832358,0
607392506413318143,0.804764,0
607392506681753599,0.807994,0
607392506815971327,0.847775,0
607392506950189055,0.801277,0
607392507084406783,0.830289,0
607392507218624511,0.830768,0
607392507352842239,0.858293,0
607392507487059967,0.802751,0
607392507755495423,1.00416,0
607392507889713151,0.93934,0
607392508023930879,0.788529,0
607392508158148607,0.78441,0
607392508292366335,1.00142,0
607392508426584063,0.994094,0
607392508560801791,0.994977,0
607392508829237247,0.815657,0
607392508963454975,0.783921,0
607392509097672703,0.809437,0
607392509231890431,0.804983,0
607392509366108159,0.784322,0
607392509500325887,0.795285,0
607392509634543615,0.814723,0
607392509902979071,0.852991,0
607392510037196799,0.852788,0
607392510171414527,0.820288,0
607392510305632255,0.824657,0
607392510439849983,0.89699,0
607392510574067711,0.876803,0
607392510708285439,0.83074,0
607392510976720895,0.886321,0
607392511110938623,0.845577,0
607392511245156351,0.867659,0
607392511379374079,0.844761,0
607392511513591807,0.859352,0
607392511647809535,0.915971,0
607392511782027263,0.857614,0
607392512050462719,0.833715,0
607392512184680447,0.824194,0
607392512318898175,0.823474,0
607392512453115903,0.860292,0
607392512587333631,0.874088,0
607392512721551359,0.817556,0
607392512855769087,0.843168,0
607392514197946367,0.744413,0
607392514332164095,0.7323,0
607392514466381823,0.802186,0
607392514600599551,0.853887,0
607392514734817279,0.820952,0
607392514869035007,0.762657,0
607392515003252735,0.832922,0
607392515271688191,0.683257,0
607392515405905919,0.586706,0
607392515540123647,0.741103,0
607392515674341375,0.604338,0
607392515808559103,0.80174,0
607392515942776831,0.672617,0
607392516076994559,0.745749,0
607392516345430015,0.699033,0
607392516479647743,0.637457,0
607392516613865471,0.737386,0
607392516748083199,0.635993,0
607392516882300927,0.764119,0
607392517016518655,0.697165,0
607392517150736383,0.781984,0
607392517419171839,0.640038,0
607392517553389567,0.558137,0
607392517687607295,0.688062,0
607392517821825023,0.590464,0
607392517956042751,0.742491,0
607392518090260479,0.602283,0
607392518224478207,0.740714,0
607392518492913663,0.895447,0
607392518627131391,0.900055,0
607392518761349119,0.849394,0
607392518895566847,0.865514,0
607392519029784575,0.875266,0
607392519164002303,0.888554,0
607392519298220031,0.835596,0
607392519566655487,0.802048,0
607392519700873215,0.828097,0
607392519835090943,0.865357,0
607392519969308671,0.824538,0
607392520103526399,0.853927,0
607392520237744127,0.825861,0
607392520371961855,0.898271,0
607392520640397311,0.792585,0
607392520774615039,0.837696,0
607392520908832767,0.789051,0
607392521043050495,0.765008,0
607392521177268223,0.811426,0
607392521311485951,0.84565,0
607392521445703679,0.77568,0
607392522787880959,0.968785,0
607392522922098687,0.930416,0
607392523056316415,0.955004,0
607392523190534143,0.910798,0
607392523324751871,0.92947,0
607392523458969599,0.962179,0
607392523593187327,0.940807,0
607392523861622783,0.894285,0
607392523995840511,0.85967,0
607392524130058239,0.953798,0
607392524264275967,0.883643,0
607392524398493695,0.943098,0
607392524532711423,0.897522,0
607392524666929151,0.945759,0
607392524935364607,0.92264,0
607392525069582335,0.8833,0
607392525203800063,0.913787,0
607392525338017791,0.918088,0
607392525472235519,0.93566,0
607392525606453247,0.932488,0
607392525740670975,0.928857,0
607392526009106431,0.916451,0
607392526143324159,0.87735,0
607392526277541887,0.92448,0
607392526411759615,0.874225,0
607392526545977343,0.950431,0
607392526680195071,0.867675,0
607392526814412799,0.886155,0
607392527082848255,0.936746,0
607392527217065983,0.907758,0
607392527351283711,0.952911,0
607392527485501439,0.902513,0
607392527619719167,0.978154,0
607392527753936895,0.922975,0
607392527888154623,0.963022,0
607392528156590079,0.957506,0
607392528290807807,0.913684,0
607392528425025535,0.939757,0
607392528559243263,0.930259,0
607392528693460991,0.942784,0
607392528827678719,0.961725,0
607392528961896447,0.948242,0
607392529230331903,0.941362,0
607392529364549631,0.877887,0
607392529498767359,0.937501,0
607392529632985087,0.893866,0
607392529767202815,0.966911,0
607392529901420543,0.901235,0
607392530035638271,0.960984,0
607392531377815551,0.807756,0
607392531512033279,0.790201,0
607392531646251007,0.80727,0
607392531780468735,0.81599,0
607392531914686463,0.796551,0
607392532048904191,0.796387,0
607392532183121919,0.802157,0
607392532451557375,0.810691,0
607392532585775103,0.817721,0
607392532719992831,0.777465,0
607392532854210559,0.79511,0
607392532988428287,0.798117,0
607392533122646015,0.836852,0
607392533256863743,0.796147,0
607392533525299199,0.794269,0
607392533659516927,0.781167,0
607392533793734655,0.784585,0
607392533927952383,0.787978,0
607392534062170111,0.793428,0
607392534196387839,0.820669,0
607392534330605567,0.781251,0
607392534599041023,0.794761,0
607392534733258751,0.776484,0
607392534867476479,0.765563,0
607392535001694207,0.760313,0
607392535135911935,0.814434,0
607392535270129663,0.795484,0
607392535404347391,0.802032,0
607392535672782847,0.81969,0
607392535807000575,0.850271,0
607392535941218303,0.841859,0
607392536075436031,0.811642,0
607392536209653759,0.875448,0
607392536343871487,0.863727,0
607392536478089215,0.869413,0
607392536746524671,0.78827,0
607392536880742399,0.793345,0
607392537014960127,0.793201,0
607392537149177855,0.803647,0
607392537283395583,0.835109,0
607392537417613311,0.789394,0
607392537551831039,0.831992,0
607392537820266495,0.876289,0
607392537954484223,0.795213,0
607392538088701951,0.871627,0
607392538222919679,0.799032,0
607392538357137407,0.859828,0
607392538491355135,0.84439,0
607392538625572863,0.87186,0
607392539967750143,0.950535,0
607392540101967871,0.876344,0
607392540236185599,0.943019,0
607392540370403327,0.906167,0
607392540504621055,0.969495,0
607392540638838783,0.883751,0
607392540773056511,0.979328,0
607392541041491967,0.891094,0
607392541175709695,0.849685,0
607392541309927423,0.902364,0
607392541444145151,0.897145,0
607392541578362879,0.89924,0
607392541712580607,0.89395,0
607392541846798335,0.866442,0
607392542115233791,0.939387,0
607392542249451519,0.897435,0
607392542383669247,0.903895,0
607392542517886975,0.906165,0
607392542652104703,0.927627,0
607392542786322431,0.900492,0
607392542920540159,0.932632,0
607392543188975615,0.895889,0
607392543323193343,0.874775,0
607392543457411071,0.923493,0
607392543591628799,0.899805,0
607392543725846527,0.908942,0
607392543860064255,0.906054,0
607392543994281983,0.882041,0
607392544262717439,0.988446,0
607392544396935167,0.935384,0
607392544531152895,1.00057,0
607392544665370623,0.974907,0
607392544799588351,0.949372,0
607392544933806079,0.944364,0
607392545068023807,1.34849,0
607392545336459263,0.903582,0
607392545470676991,0.908699,0
607392545604894719,0.903778,0
607392545739112447,0.870144,0
607392545873330175,0.922863,0
607392546007547903,0.897403,0
607392546141765631,0.930361,0
607392546410201087,0.960795,0
607392546544418815,0.96777,0
607392546678636543,0.982331,0
607392546812854271,0.960703,0
607392546947071999,0.998454,0
607392547081289727,0.965446,0
607392547215507455,1.2218,0
607392557147619327,0.635755,0
607392557281837055,0.600751,0
607392557416054783,0.628664,0
607392557550272511,0.560582,0
607392557684490239,0.668865,0
607392557818707967,0.631636,0
607392557952925695,0.630469,0
607392558221361151,0.595999,0
607392558355578879,0.561401,0
607392558489796607,0.573911,0
607392558624014335,0.546746,0
607392558758232063,0.59445,0
607392558892449791,0.563003,0
607392559026667519,0.606694,0
607392559295102975,0.555309,0
607392559429320703,0.515304,0
607392559563538431,0.543336,0
607392559697756159,0.505601,0
607392559831973887,0.602823,0
607392559966191615,0.571434,0
607392560100409343,0.539846,0
607392560368844799,0.555178,0
607392560503062527,0.515823,0
607392560637280255,0.530231,0
607392560771497983,0.505315,0
607392560905715711,0.541901,0
607392561039933439,0.538594,0
607392561174151167,0.542406,0
607392561442586623,0.69174,0
607392561576804351,0.674129,0
607392561711022079,0.667838,0
607392561845239807,0.674128,0
607392561979457535,0.71307,0
607392562113675263,0.703884,0
607392562247892991,0.701151,0
607392562516328447,0.653165,0
607392562650546175,0.614839,0
607392562784763903,0.644732,0
607392562918981631,0.638313,0
607392563053199359,0.65746,0
607392563187417087,0.648413,0
607392563321634815,0.688605,0
607392563590070271,0.620912,0
607392563724287999,0.616894,0
607392563858505727,0.602298,0
607392563992723455,0.607785,0
607392564126941183,0.665652,0
607392564261158911,0.633138,0
607392564395376639,0.665608,0
607392565737553919,0.525015,0
607392565871771647,0.528577,0
607392566005989375,0.515435,0
607392566140207103,0.521836,0
607392566274424831,0.545888,0
607392566408642559,0.545165,0
607392566542860287,0.528657,0
607392566811295743,0.510633,0
607392566945513471,0.512665,0
607392567079731199,0.513393,0
607392567213948927,0.500729,0
607392567348166655,0.519558,0
607392567482384383,0.498224,0
607392567616602111,0.530356,0
607392567885037567,0.523419,0
607392568019255295,0.512223,0
607392568153473023,0.534877,0
607392568287690751,0.528941,0
607392568421908479,0.50587,0
607392568556126207,0.518611,0
607392568690343935,0.521554,0
607392568958779391,0.510801,0
607392569092997119,0.510079,0
607392569227214847,0.49869,0
607392569361432575,0.506952,0
607392569495650303,0.522871,0
607392569629868031,0.533059,0
607392569764085759,0.517378,0
607392570032521215,0.55405,0
607392570166738943,0.534781,0
607392570300956671,0.570727,0
607392570435174399,0.549923,0
607392570569392127,0.592312,0
607392570703609855,0.580852,0
607392570837827583,0.563272,0
607392571106263039,0.535267,0
607392571240480767,0.526269,0
607392571374698495,0.5219,0
607392571508916223,0.514389,0
607392571643133951,0.546558,0
607392571777351679,0.554015,0
607392571911569407,0.543412,0
607392572180004863,0.521123,0
607392572314222591,0.520345,0
607392572448440319,0.521221,0
607392572582658047,0.693735,0
607392572716875775,0.549729,0
607392572851093503,0.53862,0
607392572985311231,0.526631,0
607392574327488511,0.551709,0
607392574461706239,0.51457,0
607392574595923967,0.556053,0
607392574730141695,0.579857,0
607392574864359423,0.598688,0
607392574998577151,0.542486,0
607392575132794879,0.565173,0
607392575401230335,0.501065,0
607392575535448063,0.488729,0
607392575669665791,0.497038,0
607392575803883519,0.506515,0
607392575938101247,0.512363,0
607392576072318975,0.505314,0
607392576206536703,0.497099,0
607392576474972159,0.533515,0
607392576609189887,0.553376,0
607392576743407615,0.541335,0
607392576877625343,0.50507,0
607392577011843071,0.543865,0
607392577146060799,0.604466,0
607392577280278527,0.544264,0
607392577548713983,0.529475,0
607392577682931711,0.533811,0
607392577817149439,0.517953,0
607392577951367167,0.517204,0
607392578085584895,0.523714,0
607392578219802623,0.51874,0
607392578354020351,0.610616,0
607392578622455807,0.624853,0
607392578756673535,0.572677,0
607392578890891263,0.644086,0
607392579025108991,0.585129,0
607392579159326719,0.640078,0
607392579293544447,0.608626,0
607392579427762175,0.640922,0
607392579696197631,0.566568,0
607392579830415359,0.540963,0
607392579964633087,0.597579,0
607392580098850815,0.550301,0
607392580233068543,0.620905,0
607392580367286271,0.567318,0
607392580501503999,0.585318,0
607392580769939455,0.610615,0
607392580904157183,0.544971,0
607392581038374911,0.603432,0
607392581172592639,0.556506,0
607392581306810367,0.609193,0
607392581441028095,0.578118,0
607392581575245823,0.571657,0
607392582917423103,0.509891,0
607392583051640831,0.514493,0
607392583185858559,0.49541,0
607392583320076287,0.512512,0
607392583454294015,0.504396,0
607392583588511743,0.509016,0
607392583722729471,0.486559,0
607392583991164927,0.511846,0
607392584125382655,0.523531,0
607392584259600383,0.501185,0
607392584393818111,0.501103,0
607392584528035839,0.515467,0
607392584662253567,0.518257,0
607392584796471295,0.48595,0
607392585064906751,0.512762,0
607392585199124479,0.52388,0
607392585333342207,0.486149,0
607392585467559935,0.516462,0
607392585601777663,0.497631,0
607392585735995391,0.504699,0
607392585870213119,0.473437,0
607392586138648575,0.539094,0
607392586272866303,0.550584,0
607392586407084031,0.534942,0
607392586541301759,0.535953,0
607392586675519487,0.519965,0
607392586809737215,0.514686,0
607392586943954943,0.514618,0
607392587212390399,0.511272,0
607392587346608127,0.502383,0
607392587480825855,0.498281,0
607392587615043583,0.522617,0
607392587749261311,0.496512,0
607392587883479039,0.511778,0
607392588017696767,0.491358,0
607392588286132223,0.519264,0
607392588420349951,0.524987,0
607392588554567679,0.509248,0
607392588688785407,0.540662,0
607392588823003135,0.504626,0
607392588957220863,0.52517,0
607392589091438591,0.514749,0
607392589359874047,0.50331,0
607392589494091775,0.501222,0
607392589628309503,0.528286,0
607392589762527231,0.500913,0
607392589896744959,0.497438,0
607392590030962687,0.528273,0
607392590165180415,0.510357,0
607392591507357695,0.698784,0
607392591641575423,0.709111,0
607392591775793151,0.693817,0
607392591910010879,0.693403,0
607392592044228607,0.734623,0
607392592178446335,0.715147,0
607392592312664063,0.727098,0
607392592581099519,0.740888,0
607392592715317247,0.713114,0
607392592849534975,0.716567,0
607392592983752703,0.704573,0
607392593117970431,0.70842,0
607392593252188159,0.727858,0
607392593386405887,0.714577,0
607392593654841343,0.685243,0
607392593789059071,0.695869,0
607392593923276799,0.701562,0
607392594057494527,0.717315,0
607392594191712255,0.693624,0
607392594325929983,0.670779,0
607392594460147711,0.720897,0
607392594728583167,0.675514,0
607392594862800895,0.665163,0
607392594997018623,0.663504,0
607392595131236351,0.667386,0
607392595265454079,0.702657,0
607392595399671807,0.696466,0
607392595533889535,0.660163,0
607392595802324991,0.820915,0
607392595936542719,0.769531,0
607392596070760447,0.821114,0
607392596204978175,0.775621,0
607392596339195903,0.789066,0
607392596473413631,0.785143,0
607392596607631359,0.792889,0
607392596876066815,0.706808,0
607392597010284543,0.710321,0
607392597144502271,0.739878,0
607392597278719999,0.701084,0
607392597412937727,0.71836,0
607392597547155455,0.711412,0
607392597681373183,0.753407,0
607392597949808639,0.767214,0
607392598084026367,0.7426,0
607392598218244095,0.758958,0
607392598352461823,0.724017,0
607392598486679551,0.773472,0
607392598620897279,0.762444,0
607392598755115007,0.739049,0
607392600097292287,0.632184,0
607392600231510015,0.621409,0
607392600365727743,0.647253,0
607392600499945471,0.615679,0
607392600634163199,0.635355,0
607392600768380927,0.636552,0
607392600902598655,0.624711,0
607392601171034111,0.63287,0
607392601305251839,0.61405,0
607392601439469567,0.624421,0
607392601573687295,0.591739,0
607392601707905023,0.602415,0
607392601842122751,0.602991,0
607392601976340479,0.623317,0
607392602244775935,0.59639,0
607392602378993663,0.557168,0
607392602513211391,0.601559,0
607392602647429119,0.583777,0
607392602781646847,0.616091,0
607392602915864575,0.600489,0
607392603050082303,0.61486,0
607392603318517759,0.579659,0
607392603452735487,0.562858,0
607392603586953215,0.574797,0
607392603721170943,0.554315,0
607392603855388671,0.615616,0
607392603989606399,0.57074,0
607392604123824127,0.584428,0
607392604392259583,0.686697,0
607392604526477311,0.653394,0
607392604660695039,0.691182,0
607392604794912767,0.66548,0
607392604929130495,0.692966,0
607392605063348223,0.680931,0
607392605197565951,0.686124,0
607392605466001407,0.606136,0
607392605600219135,0.591942,0
607392605734436863,0.620024,0
607392605868654591,0.614222,0
607392606002872319,0.624723,0
607392606137090047,0.61481,0
607392606271307775,0.633832,0
607392606539743231,0.69371,0
607392606673960959,0.675004,0
607392606808178687,0.673091,0
607392606942396415,0.652172,0
607392607076614143,0.695352,0
607392607210831871,0.673812,0
607392607345049599,0.690541,0
607392608687226879,0.751699,0
607392608821444607,0.72513,0
607392608955662335,0.661687,0
607392609089880063,0.694344,0
607392609224097791,0.783867,0
607392609358315519,0.747828,0
607392609492533247,0.756223,0
607392609760968703,0.707386,0
607392609895186431,0.709132,0
607392610029404159,0.694414,0
607392610163621887,0.674137,0
607392610297839615,0.749537,0
607392610432057343,0.704023,0
607392610566275071,0.719263,0
607392610834710527,0.690316,0
607392610968928255,0.694896,0
607392611103145983,0.683629,0
607392611237363711,0.685521,0
607392611371581439,0.689662,0
607392611505799167,0.690024,0
607392611640016895,0.68352,0
607392611908452351,0.650397,0
607392612042670079,0.623885,0
607392612176887807,0.658227,0
607392612311105535,0.626195,0
607392612445323263,0.694287,0
607392612579540991,0.695462,0
607392612713758719,0.689633,0
607392612982194175,0.798421,0
607392613116411903,0.786016,0
607392613250629631,0.780244,0
607392613384847359,0.774552,0
607392613519065087,0.808642,0
607392613653282815,0.770491,0
607392613787500543,0.809864,0
607392614055935999,0.799468,0
607392614190153727,0.749354,0
607392614324371455,0.798292,0
607392614458589183,0.741944,0
607392614592806911,0.756224,0
607392614727024639,0.766677,0
607392614861242367,0.765123,0
607392615129677823,0.734161,0
607392615263895551,0.688469,0
607392615398113279,0.751181,0
607392615532331007,0.707251,0
607392615666548735,0.742693,0
607392615800766463,0.720436,0
607392615934984191,0.769342,0
607392625867096063,0.586124,0
607392626001313791,0.681981,0
607392626135531519,0.566261,0
607392626269749247,0.526545,0
607392626403966975,0.600277,0
607392626538184703,0.579581,0
607392626672402431,0.5714,0
607392626940837887,0.650108,0
607392627075055615,0.598709,0
607392627209273343,0.682249,0
607392627343491071,0.60505,0
607392627477708799,0.866401,0
607392627611926527,0.563055,0
607392627746144255,0.816431,0
607392628014579711,0.571986,0
607392628148797439,0.657227,0
607392628283015167,0.576165,0
607392628417232895,0.521355,0
607392628551450623,0.565805,0
607392628685668351,0.538914,0
607392628819886079,0.563661,0
607392629088321535,0.596692,0
607392629222539263,0.548663,0
607392629356756991,0.642875,0
607392629490974719,0.495017,0
607392629625192447,0.735506,0
607392629759410175,0.557805,0
607392629893627903,0.692493,0
607392630162063359,0.69231,0
607392630296281087,0.630747,0
607392630430498815,0.664628,0
607392630564716543,0.640036,0
607392630698934271,0.782281,0
607392630833151999,0.681047,0
607392630967369727,0.761164,0
607392631235805183,0.631804,0
607392631370022911,0.707202,0
607392631504240639,0.61845,0
607392631638458367,0.656172,0
607392631772676095,0.747118,0
607392631906893823,0.724843,0
607392632041111551,0.679063,0
607392632309547007,0.60304,0
607392632443764735,0.582414,0
607392632577982463,0.589653,0
607392632712200191,0.58356,0
607392632846417919,0.612686,0
607392632980635647,0.605252,0
607392633114853375,0.59208,0
607392634457030655,0.475502,0
607392634591248383,0.459015,0
607392634725466111,0.480512,0
607392634859683839,0.451192,0
607392634993901567,0.504234,0
607392635128119295,0.487886,0
607392635262337023,0.548104,0
607392635530772479,0.444705,0
607392635664990207,0.439637,0
607392635799207935,0.4397,0
607392635933425663,0.422865,0
607392636067643391,0.510417,0
607392636201861119,0.485888,0
607392636336078847,0.447437,0
607392636604514303,0.478746,0
607392636738732031,0.434237,0
607392636872949759,0.48517,0
607392637007167487,0.477442,0
607392637141385215,0.449524,0
607392637275602943,0.44259,0
607392637409820671,0.460677,0
607392637678256127,0.431865,0
607392637812473855,0.42247,0
607392637946691583,0.422681,0
607392638080909311,0.415745,0
607392638215127039,0.423812,0
607392638349344767,0.408953,0
607392638483562495,0.437599,0
607392638751997951,0.561342,0
607392638886215679,0.567933,0
607392639020433407,0.571473,0
607392639154651135,0.547274,0
607392639288868863,0.600905,0
607392639423086591,0.646363,0
607392639557304319,0.569338,0
607392639825739775,0.590927,0
607392639959957503,0.531374,0
607392640094175231,0.556332,0
607392640228392959,0.504374,0
607392640362610687,0.61507,0
607392640496828415,0.575934,0
607392640631046143,0.602665,0
607392640899481599,0.547578,0
607392641033699327,0.503162,0
607392641167917055,0.541855,0
607392641302134783,0.49736,0
607392641436352511,0.580983,0
607392641570570239,0.554566,0
607392641704787967,0.571087,0
607392643046965247,0.502561,0
607392643181182975,0.487041,0
607392643315400703,0.517357,0
607392643449618431,0.456374,0
607392643583836159,0.531367,0
607392643718053887,0.500389,0
607392643852271615,0.515053,0
607392644120707071,0.514079,0
607392644254924799,0.482038,0
607392644389142527,0.469584,0
607392644523360255,0.495465,0
607392644657577983,0.543117,0
607392644791795711,0.564698,0
607392644926013439,0.482582,0
607392645194448895,0.459365,0
607392645328666623,0.439113,0
607392645462884351,0.411777,0
607392645597102079,0.421188,0
607392645731319807,0.486318,0
607392645865537535,0.465931,0
607392645999755263,0.47837,0
607392646268190719,0.458738,0
607392646402408447,0.442872,0
607392646536626175,0.445289,0
607392646670843903,0.419383,0
607392646805061631,0.47171,0
607392646939279359,0.46138,0
607392647073497087,0.460788,0
607392647341932543,0.576994,0
607392647476150271,0.586126,0
607392647610367999,0.532343,0
607392647744585727,0.526693,0
607392647878803455,0.601407,0
607392648013021183,0.619612,0
607392648147238911,0.5541,0
607392648415674367,0.621045,0
607392648549892095,0.555268,0
607392648684109823,0.564354,0
607392648818327551,0.545573,0
607392648952545279,0.620292,0
607392649086763007,0.605819,0
607392649220980735,0.639474,0
607392649489416191,0.501614,0
607392649623633919,0.512513,0
607392649757851647,0.493117,0
607392649892069375,0.487082,0
607392650026287103,0.524633,0
607392650160504831,0.525999,0
607392650294722559,0.500434,0
607392651636899839,0.433728,0
607392651771117567,0.430678,0
607392651905335295,0.440552,0
607392652039553023,0.420436,0
607392652173770751,0.496939,0
607392652307988479,0.474205,0
607392652442206207,0.480802,0
607392652710641663,0.466452,0
607392652844859391,0.473261,0
607392652979077119,0.43301,0
607392653113294847,0.431842,0
607392653247512575,0.484016,0
607392653381730303,0.471597,0
607392653515948031,0.476417,0
607392653784383487,0.376872,0
607392653918601215,0.370209,0
607392654052818943,0.374745,0
607392654187036671,0.33519,0
607392654321254399,0.433356,0
607392654455472127,0.389542,0
607392654589689855,0.422643,0
607392654858125311,0.381405,0
607392654992343039,0.352516,0
607392655126560767,0.348115,0
607392655260778495,0.333151,0
607392655394996223,0.406133,0
607392655529213951,0.403037,0
607392655663431679,0.386302,0
607392655931867135,0.565628,0
607392656066084863,0.48082,0
607392656200302591,0.448902,0
607392656334520319,0.4541,0
607392656468738047,0.616468,0
607392656602955775,0.607043,0
607392656737173503,0.529845,0
607392657005608959,0.517157,0
607392657139826687,0.517758,0
607392657274044415,0.520017,0
607392657408262143,0.505983,0
607392657542479871,0.540958,0
607392657676697599,0.511433,0
607392657810915327,0.495765,0
607392658079350783,0.418291,0
607392658213568511,0.464163,0
607392658347786239,0.428515,0
607392658482003967,0.437625,0
607392658616221695,0.441313,0
607392658750439423,0.421114,0
607392658884657151,0.446758,0
607392660226834431,0.801429,0
607392660361052159,0.802283,0
607392660495269887,0.820373,0
607392660629487615,0.798579,0
607392660763705343,0.799679,0
607392660897923071,0.799652,0
607392661032140799,0.783037,0
607392661300576255,0.841383,0
607392661434793983,0.798522,0
607392661569011711,0.844846,0
607392661703229439,0.826834,0
607392661837447167,0.777854,0
607392661971664895,0.796013,0
607392662105882623,0.809247,0
607392662374318079,0.791221,0
607392662508535807,0.788617,0
607392662642753535,0.761847,0
607392662776971263,0.776137,0
607392662911188991,0.815433,0
607392663045406719,0.821759,0
607392663179624447,0.76305,0
607392663448059903,0.798646,0
607392663582277631,0.795946,0
607392663716495359,0.794218,0
607392663850713087,0.728229,0
607392663984930815,0.797945,0
607392664119148543,0.838522,0
607392664253366271,0.810639,0
607392664521801727,0.82674,0
607392664656019455,0.819259,0
607392664790237183,0.839361,0
607392664924454911,0.803303,0
607392665058672639,0.854063,0
607392665192890367,0.839255,0
607392665327108095,0.824591,0
607392665595543551,0.792164,0
607392665729761279,0.784529,0
607392665863979007,0.785339,0
607392665998196735,0.792251,0
607392666132414463,0.798774,0
607392666266632191,0.803038,0
607392666400849919,0.811228,0
607392666669285375,0.814201,0
607392666803503103,0.810047,0
607392666937720831,0.807215,0
607392667071938559,0.778453,0
607392667206156287,0.863597,0
607392667340374015,0.815582,0
607392667474591743,0.853388,0
607392668816769023,0.675154,0
607392668950986751,0.691131,0
607392669085204479,0.733829,0
607392669219422207,0.672062,0
607392669353639935,0.704635,0
607392669487857663,0.758878,0
607392669622075391,0.710255,0
607392669890510847,0.66329,0
607392670024728575,0.618738,0
607392670158946303,0.695886,0
607392670293164031,0.674782,0
607392670427381759,0.744433,0
607392670561599487,0.633054,0
607392670695817215,0.698717,0
607392670964252671,0.768618,0
607392671098470399,0.650476,0
607392671232688127,0.821146,0
607392671366905855,0.617109,0
607392671501123583,0.871883,0
607392671635341311,0.718164,0
607392671769559039,0.828861,0
607392672037994495,0.722947,0
607392672172212223,0.642503,0
607392672306429951,0.650492,0
607392672440647679,0.656066,0
607392672574865407,0.717004,0
607392672709083135,0.644415,0
607392672843300863,0.710336,0
607392673111736319,0.778336,0
607392673245954047,0.745986,0
607392673380171775,0.804033,0
607392673514389503,0.752197,0
607392673648607231,0.786778,0
607392673782824959,0.784266,0
607392673917042687,0.786503,0
607392674185478143,0.754596,0
607392674319695871,0.726861,0
607392674453913599,0.743898,0
607392674588131327,0.720407,0
607392674722349055,0.769938,0
607392674856566783,0.740301,0
607392674990784511,0.77051,0
607392675259219967,0.713088,0
607392675393437695,0.697564,0
607392675527655423,0.725875,0
607392675661873151,0.761293,0
607392675796090879,0.767944,0
607392675930308607,0.729113,0
607392676064526335,0.771619,0
607392677406703615,0.689739,0
607392677540921343,0.681681,0
607392677675139071,0.688824,0
607392677809356799,0.667282,0
607392677943574527,0.731346,0
607392678077792255,0.714505,0
607392678212009983,0.714864,0
607392678480445439,0.700733,0
607392678614663167,0.661171,0
607392678748880895,0.642038,0
607392678883098623,0.600041,0
607392679017316351,0.729899,0
607392679151534079,0.759498,0
607392679285751807,0.698294,0
607392679554187263,0.623213,0
607392679688404991,0.617043,0
607392679822622719,0.57583,0
607392679956840447,0.622506,0
607392680091058175,0.702134,0
607392680225275903,0.677362,0
607392680359493631,0.685495,0
607392680627929087,0.577558,0
607392680762146815,0.584455,0
607392680896364543,0.62663,0
607392681030582271,0.614866,0
607392681164799999,0.604077,0
607392681299017727,0.578285,0
607392681433235455,0.574611,0
607392681701670911,0.788196,0
607392681835888639,0.797363,0
607392681970106367,0.765324,0
607392682104324095,0.768827,0
607392682238541823,0.816582,0
607392682372759551,0.819351,0
607392682506977279,0.766438,0
607392682775412735,0.760333,0
607392682909630463,0.747027,0
607392683043848191,0.758253,0
607392683178065919,0.73834,0
607392683312283647,0.826698,0
607392683446501375,0.768339,0
607392683580719103,0.812007,0
607392683849154559,0.754063,0
607392683983372287,0.724568,0
607392684117590015,0.745414,0
607392684251807743,0.716818,0
607392684386025471,0.760844,0
607392684520243199,0.754437,0
607392684654460927,0.749442,0
607392763306049535,0.218557,0
607392763440267263,0.219076,0
607392763574484991,0.194836,0
607392763708702719,0.194428,0
607392763842920447,0.240102,0
607392763977138175,0.237007,0
607392764111355903,0.20991,0
607392764379791359,0.253938,0
607392764514009087,0.246966,0
607392764648226815,0.235356,0
607392764782444543,0.245587,0
607392764916662271,0.26423,0
607392765050879999,0.268609,0
607392765185097727,0.248904,0
607392765453533183,0.170889,0
607392765587750911,0.17409,0
607392765721968639,0.188528,0
607392765856186367,0.222201,0
607392765990404095,0.17855,0
607392766124621823,0.185832,0
607392766258839551,0.19081,0
607392766527275007,0.240317,0
607392766661492735,0.196782,0
607392766795710463,0.266566,0
607392766929928191,0.17142,0
607392767064145919,0.260695,0
607392767198363647,0.200903,0
607392767332581375,0.258179,0
607392767601016831,0.247431,0
607392767735234559,0.257045,0
607392767869452287,0.235445,0
607392768003670015,0.246354,0
607392768137887743,0.285536,0
607392768272105471,0.290588,0
607392768406323199,0.247918,0
607392768674758655,0.293712,0
607392768808976383,0.423277,0
607392768943194111,0.252967,0
607392769077411839,0.242764,0
607392769211629567,0.310207,0
607392769345847295,0.328724,0
607392769480065023,0.284555,0
607392769748500479,0.199956,0
607392769882718207,0.198176,0
607392770016935935,0.181818,0
607392770151153663,0.178962,0
607392770285371391,0.21617,0
607392770419589119,0.213156,0
607392770553806847,0.200074,0
607392771895984127,0.23993,0
607392772164419583,0.222112,0
607392772432855039,0.242869,0
607392772701290495,0.243734,0
607392774043467775,0.198326,0
607392774311903231,0.177646,0
607392774580338687,0.204386,0
607392774848774143,0.175308,0
607392776190951423,0.30354,0
607392776325169151,0.301618,0
607392776459386879,0.253413,0
607392776593604607,0.249459,0
607392776727822335,0.326381,0
607392776862040063,0.455973,0
607392776996257791,0.276636,0
607392777264693247,0.316789,0
607392777533128703,0.31392,0
607392777801564159,0.362327,0
607392778069999615,0.322309,0
607392778338435071,0.219031,0
607392778472652799,0.228129,0
607392778606870527,0.193772,0
607392778741088255,0.192153,0
607392778875305983,0.230057,0
607392779009523711,0.250827,0
607392779143741439,0.2089,0
607392780485918719,0.153194,0
607392780620136447,0.156181,0
607392780754354175,0.188605,0
607392780888571903,0.183516,0
607392781022789631,0.156211,0
607392781157007359,0.167921,0
607392781291225087,0.152683,0
607392781559660543,0.150599,0
607392781693878271,0.156106,0
607392781828095999,0.154687,0
607392781962313727,0.151607,0
607392782096531455,0.154482,0
607392782230749183,0.195087,0
607392782364966911,0.156963,0
607392782633402367,0.164888,0
607392782767620095,0.163094,0
607392782901837823,0.146887,0
607392783036055551,0.135304,0
607392783170273279,0.173858,0
607392783304491007,0.160297,0
607392783438708735,0.165483,0
607392783707144191,0.187533,0
607392783841361919,0.168499,0
607392783975579647,0.177451,0
607392784109797375,0.173883,0
607392784244015103,0.176276,0
607392784378232831,0.17482,0
607392784512450559,0.170636,0
607392784780886015,0.15109,0
607392784915103743,0.148033,0
607392785049321471,0.157313,0
607392785183539199,0.175822,0
607392785317756927,0.192727,0
607392785451974655,0.191467,0
607392785586192383,0.147369,0
607392785854627839,0.201437,0
607392785988845567,0.209561,0
607392786123063295,0.149712,0
607392786257281023,0.151916,0
607392786391498751,0.213669,0
607392786525716479,0.184455,0
607392786659934207,0.196024,0
607392786928369663,0.203161,0
607392787062587391,0.178696,0
607392787196805119,0.171717,0
607392787331022847,0.168918,0
607392787465240575,0.159836,0
607392787599458303,0.235653,0
607392787733676031,0.177772,0
607392789075853311,0.139717,0
607392789210071039,0.13756,0
607392789344288767,0.147184,0
607392789478506495,0.150627,0
607392789612724223,0.200065,0
607392789746941951,0.164011,0
607392789881159679,0.196096,0
607392790149595135,0.197289,0
607392790418030591,0.137847,0
607392790686466047,0.242899,0
607392790954901503,0.173285,0
607392791223336959,0.156939,0
607392791357554687,0.154963,0
607392791491772415,0.164126,0
607392791625990143,0.219141,0
607392791760207871,0.233374,0
607392791894425599,0.168151,0
607392792028643327,0.193298,0
607392792297078783,0.152649,0
607392792565514239,0.156162,0
607392792833949695,0.143856,0
607392793102385151,0.164017,0
607392793370820607,0.194635,0
607392793505038335,0.224282,0
607392793639256063,0.153811,0
607392793773473791,0.173166,0
607392793907691519,0.231837,0
607392794041909247,0.234277,0
607392794176126975,0.183051,0
607392794444562431,0.192755,0
607392794578780159,0.174631,0
607392794712997887,0.206078,0
607392794847215615,0.236084,0
607392794981433343,0.176721,0
607392795115651071,0.170878,0
607392795249868799,0.190125,0
607392795518304255,0.156339,0
607392795652521983,0.217059,0
607392795786739711,0.172583,0
607392795920957439,0.177045,0
607392796055175167,0.15012,0
607392796189392895,0.152535,0
607392796323610623,0.164535,0
607392797665787903,0.387682,0
607392797800005631,0.363697,0
607392797934223359,0.368294,0
607392798068441087,0.353739,0
607392798202658815,0.390747,0
607392798336876543,0.366803,0
607392798471094271,0.365082,0
607392798739529727,0.384384,0
607392798873747455,0.452077,0
607392799007965183,0.357621,0
607392799142182911,0.386661,0
607392799276400639,0.403246,0
607392799410618367,0.40124,0
607392799544836095,0.362868,0
607392799813271551,0.3062,0
607392799947489279,0.313045,0
607392800081707007,0.271134,0
607392800215924735,0.292312,0
607392800350142463,0.336813,0
607392800484360191,0.336776,0
607392800618577919,0.303917,0
607392800887013375,0.330804,0
607392801021231103,0.321314,0
607392801155448831,0.313953,0
607392801289666559,0.317004,0
607392801423884287,0.369931,0
607392801558102015,0.339694,0
607392801692319743,0.318297,0
607392801960755199,0.379484,0
607392802094972927,0.395439,0
607392802229190655,0.387313,0
607392802363408383,0.379552,0
607392802497626111,0.384078,0
607392802631843839,0.383789,0
607392802766061567,0.383467,0
607392803034497023,0.39965,0
607392803168714751,0.396713,0
607392803302932479,0.394494,0
607392803437150207,0.36603,0
607392803571367935,0.425461,0
607392803705585663,0.415853,0
607392803839803391,0.425165,0
607392804108238847,0.340527,0
607392804242456575,0.35971,0
607392804376674303,0.364263,0
607392804510892031,0.415392,0
607392804645109759,0.395716,0
607392804779327487,0.350483,0
607392804913545215,0.35609,0
607392806255722495,0.377859,0
607392806389940223,0.366431,0
607392806524157951,0.359928,0
607392806658375679,0.360881,0
607392806792593407,0.371801,0
607392806926811135,0.393264,0
607392807061028863,0.361246,0
607392807329464319,0.409634,0
607392807463682047,0.392848,0
607392807597899775,0.3888,0
607392807732117503,0.37856,0
607392807866335231,0.406079,0
607392808000552959,0.401096,0
607392808134770687,0.423055,0
607392808403206143,0.315375,0
607392808537423871,0.312474,0
607392808671641599,0.305089,0
607392808805859327,0.311863,0
607392808940077055,0.338156,0
607392809074294783,0.336173,0
607392809208512511,0.454009,0
607392809476947967,0.351369,0
607392809611165695,0.481746,0
607392809745383423,0.33006,0
607392809879601151,0.471035,0
607392810013818879,0.390253,0
607392810148036607,0.400588,0
607392810282254335,0.335202,0
607392810550689791,0.38289,0
607392810684907519,0.387021,0
607392810819125247,0.364316,0
607392810953342975,0.376045,0
607392811087560703,0.525791,0
607392811221778431,0.404473,0
607392811355996159,0.425821,0
607392811624431615,0.414551,0
607392811758649343,0.413742,0
607392811892867071,0.402538,0
607392812027084799,0.41465,0
607392812161302527,0.449496,0
607392812295520255,0.446213,0
607392812429737983,0.407665,0
607392812698173439,0.450524,0
607392812832391167,0.378642,0
607392812966608895,0.342684,0
607392813100826623,0.457574,0
607392813235044351,0.454158,0
607392813369262079,0.383325,0
607392813503479807,0.372103,0
607392814845657087,0.267602,0
607392814979874815,0.217045,0
607392815114092543,0.242681,0
607392815248310271,0.235069,0
607392815382527999,0.219072,0
607392815516745727,0.244255,0
607392815650963455,0.21184,0
607392815919398911,0.237832,0
607392816053616639,0.241935,0
607392816187834367,0.219333,0
607392816322052095,0.219312,0
607392816456269823,0.263756,0
607392816590487551,0.248771,0
607392816724705279,0.239643,0
607392816993140735,0.213626,0
607392817127358463,0.206156,0
607392817261576191,0.17562,0
607392817395793919,0.177382,0
607392817530011647,0.187248,0
607392817664229375,0.186342,0
607392817798447103,0.221956,0
607392818066882559,0.196675,0
607392818201100287,0.179335,0
607392818335318015,0.1767,0
607392818469535743,0.179104,0
607392818603753471,0.20692,0
607392818737971199,0.200569,0
607392818872188927,0.191421,0
607392819140624383,0.26453,0
607392819274842111,0.263006,0
607392819409059839,0.236835,0
607392819543277567,0.231873,0
607392819677495295,0.300739,0
607392819811713023,0.282823,0
607392819945930751,0.265653,0
607392820214366207,0.266781,0
607392820348583935,0.265307,0
607392820482801663,0.245507,0
607392820617019391,0.263736,0
607392820751237119,0.301676,0
607392820885454847,0.367851,0
607392821019672575,0.276202,0
607392821288108031,0.194021,0
607392821422325759,0.197905,0
607392821556543487,0.19544,0
607392821690761215,0.190529,0
607392821824978943,0.226511,0
607392821959196671,0.223604,0
607392822093414399,0.19563,0
607392888128536575,0.417193,0
607392888396972031,0.42886,0
607392888665407487,0.420437,0
607392890007584767,0.411242,0
607392890276020223,0.557012,0
607392890544455679,0.38372,0
607392890812891135,0.40265,0
607392900745003007,0.0724576,0
607392900879220735,0.0727136,0
607392901013438463,0.0768118,0
607392901147656191,0.0761093,0
607392901281873919,0.0776685,0
607392901416091647,0.0943509,0
607392901550309375,0.0751442,0
607392901818744831,0.0738404,0
607392901952962559,0.0785055,0
607392902087180287,0.0733373,0
607392902221398015,0.0779157,0
607392902355615743,0.0746871,0
607392902489833471,0.0727833,0
607392902624051199,0.0745638,0
607392902892486655,0.0651907,0
607392903026704383,0.0679654,0
607392903160922111,0.0605375,0
607392903295139839,0.0651846,0
607392903429357567,0.0663068,0
607392903563575295,0.0663607,0
607392903697793023,0.0633017,0
607392903966228479,0.069815,0
607392904100446207,0.0694592,0
607392904234663935,0.0697677,0
607392904368881663,0.0626048,0
607392904503099391,0.0796829,0
607392904637317119,0.0742814,0
607392904771534847,0.0688061,0
607392905039970303,0.0713191,0
607392905174188031,0.0685098,0
607392905308405759,0.0753044,0
607392905442623487,0.0787442,0
607392905576841215,0.0629419,0
607392905711058943,0.0647265,0
607392905845276671,0.0584564,0
607392906113712127,0.0696455,0
607392906247929855,0.0699663,0
607392906382147583,0.0772209,0
607392906516365311,0.0753375,0
607392906650583039,0.0729093,0
607392906784800767,0.0699616,0
607392906919018495,0.0645311,0
607392907187453951,0.0695502,0
607392907321671679,0.0728963,0
607392907455889407,0.0717356,0
607392907590107135,0.058406,0
607392907724324863,0.0726844,0
607392907858542591,0.0748883,0
607392907992760319,0.0567647,0
607392909334937599,0.117163,0
607392909603373055,0.129929,0
607392909871808511,0.0738445,0
607392910006026239,0.114103,0
607392910140243967,0.0786592,0
607392911482421247,0.0606025,0
607392911750856703,0.0525521,0
607392912019292159,0.0737736,0
607392912153509887,0.078774,0
607392912287727615,0.0685735,0
607392913629904895,0.0702274,0
607392913764122623,0.0820561,0
607392913898340351,0.0740863,0
607392914032558079,0.0787897,0
607392914166775807,0.0786857,0
607392914300993535,0.0801222,0
607392914435211263,0.069147,0
607392914703646719,0.125918,0
607392914972082175,0.0937743,0
607392915240517631,0.14177,0
607392915374735359,0.121344,0
607392915508953087,0.139459,0
607392915777388543,0.0749664,0
607392915911606271,0.0978383,0
607392916045823999,0.0698121,0
607392916180041727,0.0681786,0
607392916314259455,0.0811022,0
607392916448477183,0.0665495,0
607392916582694911,0.073653,0
607392917924872191,0.0543843,0
607392918059089919,0.0541712,0
607392918193307647,0.0510597,0
607392918327525375,0.0477947,0
607392918461743103,0.0582875,0
607392918595960831,0.0631651,0
607392918730178559,0.0538355,0
607392918998614015,0.0636561,0
607392919132831743,0.0595363,0
607392919267049471,0.0570531,0
607392919401267199,0.0612001,0
607392919535484927,0.0614791,0
607392919669702655,0.0651816,0
607392919803920383,0.0675583,0
607392920072355839,0.0550701,0
607392920206573567,0.0368045,0
607392920340791295,0.0449539,0
607392920475009023,0.0437209,0
607392920609226751,0.0521956,0
607392920743444479,0.0514021,0
607392920877662207,0.0463881,0
607392921146097663,0.0492298,0
607392921280315391,0.039979,0
607392921414533119,0.0412432,0
607392921548750847,0.0395671,0
607392921682968575,0.0599512,0
607392921817186303,0.0635528,0
607392921951404031,0.0447627,0
607392922219839487,0.0588113,0
607392922354057215,0.0660065,0
607392922488274943,0.0628995,0
607392922622492671,0.0587288,0
607392922756710399,0.0587873,0
607392922890928127,0.0624879,0
607392923025145855,0.0583072,0
607392923293581311,0.0651635,0
607392923427799039,0.0645558,0
607392923562016767,0.0698336,0
607392923696234495,0.0654473,0
607392923830452223,0.0597951,0
607392923964669951,0.0696574,0
607392924098887679,0.0635951,0
607392924367323135,0.0514241,0
607392924501540863,0.0474131,0
607392924635758591,0.0532492,0
607392924769976319,0.0463117,0
607392924904194047,0.0645293,0
607392925038411775,0.054785,0
607392925172629503,0.0592997,0
607392926514806783,0.0414434,0
607392926649024511,0.0404554,0
607392926783242239,0.0356423,0
607392926917459967,0.0371824,0
607392927051677695,0.0555264,0
607392927185895423,0.0509537,0
607392927320113151,0.0486115,0
607392927588548607,0.0549483,0
607392927856984063,0.039078,0
607392928125419519,0.0532736,0
607392928259637247,0.0498163,0
607392928393854975,0.0493407,0
607392928662290431,0.0252122,0
607392928796508159,0.0233655,0
607392928930725887,0.0287261,0
607392929064943615,0.0239664,0
607392929199161343,0.0287327,0
607392929333379071,0.0298962,0
607392929467596799,0.028212,0
607392929736032255,0.0290107,0
607392930004467711,0.0220063,0
607392930272903167,0.0335191,0
607392930407120895,0.0366259,0
607392930541338623,0.0289363,0
607392930809774079,0.0589956,0
607392930943991807,0.0611103,0
607392931078209535,0.0567952,0
607392931212427263,0.0640325,0
607392931346644991,0.067449,0
607392931480862719,0.0662331,0
607392931615080447,0.0580853,0
607392931883515903,0.0654952,0
607392932017733631,0.056917,0
607392932151951359,0.057726,0
607392932286169087,0.055644,0
607392932420386815,0.0727832,0
607392932554604543,0.0703353,0
607392932688822271,0.0626833,0
607392932957257727,0.0506323,0
607392933091475455,0.0456845,0
607392933225693183,0.0355279,0
607392933359910911,0.0358496,0
607392933494128639,0.0547757,0
607392933628346367,0.0571855,0
607392933762564095,0.0488981,0
607392935104741375,0.118164,0
607392935238959103,0.117621,0
607392935373176831,0.167338,0
607392935507394559,0.146879,0
607392935641612287,0.117836,0
607392935775830015,0.126548,0
607392935910047743,0.114712,0
607392936178483199,0.12265,0
607392936312700927,0.12459,0
607392936446918655,0.120142,0
607392936581136383,0.113966,0
607392936715354111,0.126462,0
607392936849571839,0.143579,0
607392936983789567,0.124845,0
607392937252225023,0.0696421,0
607392937386442751,0.0621108,0
607392937520660479,0.0587149,0
607392937654878207,0.0525663,0
607392937789095935,0.135837,0
607392937923313663,0.111715,0
607392938057531391,0.0662325,0
607392938325966847,0.0659023,0
607392938460184575,0.061271,0
607392938594402303,0.064126,0
607392938728620031,0.0712211,0
607392938862837759,0.168339,0
607392938997055487,0.166735,0
607392939131273215,0.0751825,0
607392939399708671,0.131932,0
607392939533926399,0.144816,0
607392939668144127,0.126836,0
607392939802361855,0.114781,0
607392939936579583,0.14262,0
607392940070797311,0.141571,0
607392940205015039,0.139908,0
607392940473450495,0.15025,0
607392940607668223,0.148126,0
607392940741885951,0.141184,0
607392940876103679,0.122451,0
607392941010321407,0.149153,0
607392941144539135,0.152566,0
607392941278756863,0.143445,0
607392941547192319,0.160692,0
607392941681410047,0.172723,0
607392941815627775,0.139495,0
607392941949845503,0.141782,0
607392942084063231,0.181256,0
607392942218280959,0.119758,0
607392942352498687,0.142656,0
607392943694675967,0.134316,0
607392943828893695,0.124346,0
607392943963111423,0.0981503,0
607392944097329151,0.103144,0
607392944231546879,0.129172,0
607392944365764607,0.137947,0
607392944499982335,0.115793,0
607392944768417791,0.126451,0
607392944902635519,0.133728,0
607392945036853247,0.112382,0
607392945171070975,0.124652,0
607392945305288703,0.163479,0
607392945439506431,0.143518,0
607392945573724159,0.136276,0
607392945842159615,0.0700262,0
607392945976377343,0.0922079,0
607392946110595071,0.0675794,0
607392946244812799,0.0769522,0
607392946379030527,0.123011,0
607392946513248255,0.131294,0
607392946647465983,0.0722002,0
607392946915901439,0.119533,0
607392947050119167,0.0985509,0
607392947184336895,0.127725,0
607392947318554623,0.148467,0
607392947452772351,0.0889326,0
607392947586990079,0.0892857,0
607392947721207807,0.120797,0
607392947989643263,0.146337,0
607392948123860991,0.146619,0
607392948258078719,0.122568,0
607392948392296447,0.123171,0
607392948526514175,0.141353,0
607392948660731903,0.158382,0
607392948794949631,0.137205,0
607392949063385087,0.144318,0
607392949197602815,0.20304,0
607392949331820543,0.145651,0
607392949466038271,0.151982,0
607392949600255999,0.167344,0
607392949734473727,0.214015,0
607392949868691455,0.156817,0
607392950137126911,0.157402,0
607392950271344639,0.112655,0
607392950405562367,0.0824515,0
607392950539780095,0.156306,0
607392950673997823,0.108936,0
607392950808215551,0.113258,0
607392950942433279,0.153294,0
607392952284610559,0.0511314,0
607392952418828287,0.0555392,0
607392952553046015,0.0516961,0
607392952687263743,0.056805,0
607392952821481471,0.0542996,0
607392952955699199,0.0531983,0
607392953089916927,0.0511702,0
607392953358352383,0.0629586,0
607392953492570111,0.0682923,0
607392953626787839,0.061222,0
607392953761005567,0.0662945,0
607392953895223295,0.0596856,0
607392954029441023,0.0572116,0
607392954163658751,0.0619237,0
607392954432094207,0.0528493,0
607392954566311935,0.0581318,0
607392954700529663,0.0501419,0
607392954834747391,0.0541197,0
607392954968965119,0.0563427,0
607392955103182847,0.0535881,0
607392955237400575,0.0552341,0
607392955505836031,0.059178,0
607392955640053759,0.0645684,0
607392955774271487,0.0595737,0
607392955908489215,0.0604518,0
607392956042706943,0.0547529,0
607392956176924671,0.0574055,0
607392956311142399,0.0567728,0
607392956579577855,0.0550992,0
607392956713795583,0.0546956,0
607392956848013311,0.0595002,0
607392956982231039,0.0555435,0
607392957116448767,0.0587178,0
607392957250666495,0.0512098,0
607392957384884223,0.058847,0
607392957653319679,0.0637509,0
607392957787537407,0.0619255,0
607392957921755135,0.0559788,0
607392958055972863,0.0564461,0
607392958190190591,0.0998967,0
607392958324408319,0.066422,0
607392958458626047,0.0493796,0
607392958727061503,0.0510481,0
607392958861279231,0.0510001,0
607392958995496959,0.0504274,0
607392959129714687,0.0560257,0
607392959263932415,0.0518474,0
607392959398150143,0.0526625,0
607392959532367871,0.0509971,0
607393025299054591,0.118864,0
607393025567490047,0.165724,0
607393025835925503,0.15024,0
607393025970143231,0.152154,0
607393026104360959,0.118268,0
607393027446538239,0.158869,0
607393027714973695,0.101084,0
607393027983409151,0.174264,0
607393028117626879,0.139131,0
607393028251844607,0.0989534,0
607393038183956479,0.52067,0
607393038318174207,0.484644,0
607393038452391935,0.490474,0
607393038586609663,0.475989,0
607393038720827391,0.555249,0
607393038855045119,0.505302,0
607393038989262847,0.661179,0
607393039257698303,0.513771,0
607393039391916031,0.511164,0
607393039526133759,0.456951,0
607393039660351487,0.446828,0
607393039794569215,0.5129,0
607393039928786943,0.534579,0
607393040063004671,0.50816,0
607393040331440127,0.545823,0
607393040465657855,0.45851,0
607393040599875583,0.408348,0
607393040734093311,0.425552,0
607393040868311039,0.505798,0
607393041002528767,0.480367,0
607393041136746495,0.422539,0
607393041405181951,0.457751,0
607393041539399679,0.452392,0
607393041673617407,0.44048,0
607393041807835135,0.445046,0
607393041942052863,0.493978,0
607393042076270591,0.468872,0
607393042210488319,0.438704,0
607393042478923775,0.535909,0
607393042613141503,0.500933,0
607393042747359231,0.534403,0
607393042881576959,0.663169,0
607393043015794687,0.535611,0
607393043150012415,0.502883,0
607393043284230143,0.528599,0
607393043552665599,0.544831,0
607393043686883327,0.551376,0
607393043821101055,0.519175,0
607393043955318783,0.538345,0
607393044089536511,0.559133,0
607393044223754239,0.557798,0
607393044357971967,0.529011,0
607393044626407423,0.499166,0
607393044760625151,0.491227,0
607393044894842879,0.432737,0
607393045029060607,0.442485,0
607393045163278335,0.480958,0
607393045297496063,0.52615,0
607393045431713791,0.505058,0
607393046773891071,0.503037,0
607393046908108799,0.486639,0
607393047042326527,0.486983,0
607393047176544255,0.478281,0
607393047310761983,0.545651,0
607393047444979711,0.509363,0
607393047579197439,0.515066,0
607393047847632895,0.502946,0
607393047981850623,0.518763,0
607393048116068351,0.472519,0
607393048250286079,0.502137,0
607393048384503807,0.521999,0
607393048518721535,0.521091,0
607393048652939263,0.499249,0
607393048921374719,0.447609,0
607393049055592447,0.411925,0
607393049189810175,0.417657,0
607393049324027903,0.390684,0
607393049458245631,0.479874,0
607393049592463359,0.472917,0
607393049726681087,0.438488,0
607393049995116543,0.435798,0
607393050129334271,0.449402,0
607393050263551999,0.423918,0
607393050397769727,0.43336,0
607393050531987455,0.463164,0
607393050666205183,0.432813,0
607393050800422911,0.435497,0
607393051068858367,0.542225,0
607393051203076095,0.549919,0
607393051337293823,0.530125,0
607393051471511551,0.535671,0
607393051605729279,0.575707,0
607393051739947007,0.571051,0
607393051874164735,0.558353,0
607393052142600191,0.544762,0
607393052276817919,0.552115,0
607393052411035647,0.537824,0
607393052545253375,0.53144,0
607393052679471103,0.649226,0
607393052813688831,0.600302,0
607393052947906559,0.56421,0
607393053216342015,0.485344,0
607393053350559743,0.461525,0
607393053484777471,0.452528,0
607393053618995199,0.451867,0
607393053753212927,0.475754,0
607393053887430655,0.46624,0
607393054021648383,0.480519,0
607393055363825663,0.392146,0
607393055498043391,0.379452,0
607393055632261119,0.37768,0
607393055766478847,0.374276,0
607393055900696575,0.373491,0
607393056034914303,0.394943,0
607393056169132031,0.394228,0
607393056437567487,0.406202,0
607393056571785215,0.437988,0
607393056706002943,0.379317,0
607393056840220671,0.39669,0
607393056974438399,0.376979,0
607393057108656127,0.39693,0
607393057242873855,0.418664,0
607393057511309311,0.329092,0
607393057645527039,0.350283,0
607393057779744767,0.330582,0
607393057913962495,0.326527,0
607393058048180223,0.364419,0
607393058182397951,0.356192,0
607393058316615679,0.368546,0
607393058585051135,0.355464,0
607393058719268863,0.357021,0
607393058853486591,0.315046,0
607393058987704319,0.32328,0
607393059121922047,0.370479,0
607393059256139775,0.369301,0
607393059390357503,0.362272,0
607393059658792959,0.418696,0
607393059793010687,0.396272,0
607393059927228415,0.407741,0
607393060061446143,0.391285,0
607393060195663871,0.413328,0
607393060329881599,0.44134,0
607393060464099327,0.405779,0
607393060732534783,0.414739,0
607393060866752511,0.407916,0
607393061000970239,0.408961,0
607393061135187967,0.400553,0
607393061269405695,0.437177,0
607393061403623423,0.443804,0
607393061537841151,0.391846,0
607393061806276607,0.370962,0
607393061940494335,0.395259,0
607393062074712063,0.38028,0
607393062208929791,0.375977,0
607393062343147519,0.385681,0
607393062477365247,0.376506,0
607393062611582975,0.359311,0
607393063953760255,0.400081,0
607393064087977983,0.377576,0
607393064222195711,0.382042,0
607393064356413439,0.376759,0
607393064490631167,0.395666,0
607393064624848895,0.382792,0
607393064759066623,0.404006,0
607393065027502079,0.376292,0
607393065161719807,0.387584,0
607393065295937535,0.378277,0
607393065430155263,0.352565,0
607393065564372991,0.39257,0
607393065698590719,0.400073,0
607393065832808447,0.384665,0
607393066101243903,0.338901,0
607393066235461631,0.330149,0
607393066369679359,0.418093,0
607393066503897087,0.302456,0
607393066638114815,0.345666,0
607393066772332543,0.347148,0
607393066906550271,0.347329,0
607393067174985727,0.344702,0
607393067309203455,0.325725,0
607393067443421183,0.329055,0
607393067577638911,0.310806,0
607393067711856639,0.376173,0
607393067846074367,0.357039,0
607393067980292095,0.37739,0
607393068248727551,0.432377,0
607393068382945279,0.413112,0
607393068517163007,0.441867,0
607393068651380735,0.517983,0
607393068785598463,0.478698,0
607393068919816191,0.447407,0
607393069054033919,0.420427,0
607393069322469375,0.439278,0
607393069456687103,0.41036,0
607393069590904831,0.416686,0
607393069725122559,0.422156,0
607393069859340287,0.435325,0
607393069993558015,0.454961,0
607393070127775743,0.432313,0
607393070396211199,0.381515,0
607393070530428927,0.382856,0
607393070664646655,0.348589,0
607393070798864383,0.335528,0
607393070933082111,0.407926,0
607393071067299839,0.400969,0
607393071201517567,0.381661,0
607393072543694847,0.477591,0
607393072677912575,0.503604,0
607393072812130303,0.511562,0
607393072946348031,0.519264,0
607393073080565759,0.475817,0
607393073214783487,0.489172,0
607393073349001215,0.490564,0
607393073617436671,0.52835,0
607393073751654399,0.539288,0
607393073885872127,0.53202,0
607393074020089855,0.539912,0
607393074154307583,0.514989,0
607393074288525311,0.530619,0
607393074422743039,0.513338,0
607393074691178495,0.480774,0
607393074825396223,0.508689,0
607393074959613951,0.504459,0
607393075093831679,0.507094,0
607393075228049407,0.503121,0
607393075362267135,0.516165,0
607393075496484863,0.499824,0
607393075764920319,0.557865,0
607393075899138047,0.575366,0
607393076033355775,0.510957,0
607393076167573503,0.526542,0
607393076301791231,0.517254,0
607393076436008959,0.521569,0
607393076570226687,0.534889,0
607393076838662143,0.473304,0
607393076972879871,0.480046,0
607393077107097599,0.514396,0
607393077241315327,0.497808,0
607393077375533055,0.490256,0
607393077509750783,0.500966,0
607393077643968511,0.50734,0
607393077912403967,0.496793,0
607393078046621695,0.510833,0
607393078180839423,0.492919,0
607393078315057151,0.51822,0
607393078449274879,0.541236,0
607393078583492607,0.536715,0
607393078717710335,0.510589,0
607393078986145791,0.507068,0
607393079120363519,0.511218,0
607393079254581247,0.50612,0
607393079388798975,0.525403,0
607393079523016703,0.488689,0
607393079657234431,0.489389,0
607393079791452159,0.513767,0
607393081133629439,0.49934,0
607393081267847167,0.515562,0
607393081402064895,0.513146,0
607393081536282623,0.518942,0
607393081670500351,0.519074,0
607393081804718079,0.544147,0
607393081938935807,0.527669,0
607393082207371263,0.551781,0
607393082341588991,0.512119,0
607393082475806719,0.521174,0
607393082610024447,0.509171,0
607393082744242175,0.516895,0
607393082878459903,0.537261,0
607393083012677631,0.546265,0
607393083281113087,0.616707,0
607393083415330815,0.587476,0
607393083549548543,0.557169,0
607393083683766271,0.549943,0
607393083817983999,0.543406,0
607393083952201727,0.546649,0
607393084086419455,0.605507,0
607393084354854911,0.566523,0
607393084489072639,0.567925,0
607393084623290367,0.617119,0
607393084757508095,0.649138,0
607393084891725823,0.532696,0
607393085025943551,0.547471,0
607393085160161279,0.543324,0
607393085428596735,0.517832,0
607393085562814463,0.509745,0
607393085697032191,0.542236,0
607393085831249919,0.530306,0
607393085965467647,0.553036,0
607393086099685375,0.529003,0
607393086233903103,0.528724,0
607393086502338559,0.52653,0
607393086636556287,0.532479,0
607393086770774015,0.522735,0
607393086904991743,0.519461,0
607393087039209471,0.554564,0
607393087173427199,0.579655,0
607393087307644927,0.519967,0
607393087576080383,0.555264,0
607393087710298111,0.536619,0
607393087844515839,0.576749,0
607393087978733567,0.553742,0
607393088112951295,0.542253,0
607393088247169023,0.534785,0
607393088381386751,0.55195,0
607393089723564031,0.490163,0
607393089857781759,0.499829,0
607393089991999487,0.471275,0
607393090126217215,0.472986,0
607393090260434943,0.487631,0
607393090394652671,0.484978,0
607393090528870399,0.500483,0
607393090797305855,0.482751,0
607393090931523583,0.514959,0
607393091065741311,0.491221,0
607393091199959039,0.481044,0
607393091334176767,0.509222,0
607393091468394495,0.517795,0
607393091602612223,0.503994,0
607393091871047679,0.445742,0
607393092005265407,0.457092,0
607393092139483135,0.452614,0
607393092273700863,0.468011,0
607393092407918591,0.423475,0
607393092542136319,0.475532,0
607393092676354047,0.428303,0
607393092944789503,0.451149,0
607393093079007231,0.544405,0
607393093213224959,0.460003,0
607393093347442687,0.457514,0
607393093481660415,0.503627,0
607393093615878143,0.52498,0
607393093750095871,0.505344,0
607393094018531327,0.490278,0
607393094152749055,0.489409,0
607393094286966783,0.504857,0
607393094421184511,0.509198,0
607393094555402239,0.498567,0
607393094689619967,0.511575,0
607393094823837695,0.469034,0
607393095092273151,0.498786,0
607393095226490879,0.503768,0
607393095360708607,0.486939,0
607393095494926335,0.493299,0
607393095629144063,0.496768,0
607393095763361791,0.493158,0
607393095897579519,0.521374,0
607393096166014975,0.47175,0
607393096300232703,0.487023,0
607393096434450431,0.44556,0
607393096568668159,0.438777,0
607393096702885887,0.482583,0
607393096837103615,0.498729,0
607393096971321343,0.489962,0
607393106903433215,0.529365,0
607393107037650943,0.550389,0
607393107171868671,0.504444,0
607393107306086399,0.51889,0
607393107440304127,0.591091,0
607393107574521855,0.514392,0
607393107708739583,0.508271,0
607393107977175039,0.528166,0
607393108111392767,0.539773,0
607393108245610495,0.564672,0
607393108379828223,0.535531,0
607393108514045951,0.562318,0
607393108648263679,0.568768,0
607393108782481407,0.536558,0
607393109050916863,0.554331,0
607393109185134591,0.535387,0
607393109319352319,0.578297,0
607393109453570047,0.586508,0
607393109587787775,0.525772,0
607393109722005503,0.530394,0
607393109856223231,0.544589,0
607393110124658687,0.486924,0
607393110258876415,0.528045,0
607393110393094143,0.530076,0
607393110527311871,0.501931,0
607393110661529599,0.505727,0
607393110795747327,0.522061,0
607393110929965055,0.489926,0
607393111198400511,0.56253,0
607393111332618239,0.551614,0
607393111466835967,0.551868,0
607393111601053695,0.572639,0
607393111735271423,0.598395,0
607393111869489151,0.5541,0
607393112003706879,0.584633,0
607393112272142335,0.557399,0
607393112406360063,0.569728,0
607393112540577791,0.54099,0
607393112674795519,0.553615,0
607393112809013247,0.57238,0
607393112943230975,0.582866,0
607393113077448703,0.542485,0
607393113345884159,0.515416,0
607393113480101887,0.512644,0
607393113614319615,0.52986,0
607393113748537343,0.525474,0
607393113882755071,0.503288,0
607393114016972799,0.499768,0
607393114151190527,0.517379,0
607393116030238719,0.557752,0
607393116298674175,0.560128,0
607393117909286911,0.56917,0
607393118177722367,0.538386,0
607393118446157823,0.524326,0
607393119788335103,0.586137,0
607393119922552831,0.576371,0
607393120056770559,0.565152,0
607393120190988287,0.568491,0
607393120325206015,0.592815,0
607393120459423743,0.587789,0
607393120593641471,0.570808,0
607393121398947839,0.548484,0
607393121667383295,0.565277,0
607393121935818751,0.529389,0
607393122070036479,0.545601,0
607393122204254207,0.555119,0
607393122338471935,0.526212,0
607393122472689663,0.51715,0
607393122606907391,0.546763,0
607393122741125119,0.51379,0
607393124083302399,0.502664,0
607393124217520127,0.480104,0
607393124351737855,0.445935,0
607393124485955583,0.473521,0
607393124620173311,0.529145,0
607393124754391039,0.523623,0
607393124888608767,0.499362,0
607393125157044223,0.553987,0
607393125291261951,0.514618,0
607393125425479679,0.495311,0
607393125559697407,0.495363,0
607393125693915135,0.542727,0
607393125828132863,0.548628,0
607393125962350591,0.538025,0
607393126230786047,0.424278,0
607393126365003775,0.412516,0
607393126499221503,0.39232,0
607393126633439231,0.424288,0
607393126767656959,0.464597,0
607393126901874687,0.419872,0
607393127036092415,0.408512,0
607393127304527871,0.440438,0
607393127438745599,0.44452,0
607393127572963327,0.406269,0
607393127707181055,0.405671,0
607393127841398783,0.446584,0
607393127975616511,0.4702,0
607393128109834239,0.430641,0
607393128378269695,0.550835,0
607393128512487423,0.524884,0
607393128646705151,0.515737,0
607393128780922879,0.540215,0
607393128915140607,0.554393,0
607393129049358335,0.572732,0
607393129183576063,0.555135,0
607393129452011519,0.618685,0
607393129586229247,0.569191,0
607393129720446975,0.513988,0
607393129854664703,0.519264,0
607393129988882431,0.532614,0
607393130123100159,0.530411,0
607393130257317887,0.578435,0
607393130525753343,0.45137,0
607393130659971071,0.448064,0
607393130794188799,0.438617,0
607393130928406527,0.453993,0
607393131062624255,0.489225,0
607393131196841983,0.479289,0
607393131331059711,0.435751,0
607393132673236991,0.554398,0
607393132807454719,0.538035,0
607393132941672447,0.507835,0
607393133075890175,0.537378,0
607393133210107903,0.551573,0
607393133344325631,0.51719,0
607393133478543359,0.536242,0
607393134015414271,0.532112,0
607393134283849727,0.554963,0
607393134552285183,0.541625,0
607393134820720639,0.466448,0
607393134954938367,0.468847,0
607393135089156095,0.416286,0
607393135223373823,0.424399,0
607393135357591551,0.463621,0
607393135491809279,0.489837,0
607393135626027007,0.443001,0
607393136162897919,0.462716,0
607393136431333375,0.546443,0
607393136699768831,0.498367,0
607393136968204287,0.566249,0
607393137102422015,0.558716,0
607393137236639743,0.516154,0
607393137370857471,0.52721,0
607393137505075199,0.576793,0
607393137639292927,0.570691,0
607393137773510655,0.534924,0
607393138041946111,0.559557,0
607393138176163839,0.569129,0
607393138310381567,0.553078,0
607393138444599295,0.551705,0
607393138578817023,0.535054,0
607393138713034751,0.561361,0
607393138847252479,0.555719,0
607393139115687935,0.454869,0
607393139249905663,0.489377,0
607393139384123391,0.439566,0
607393139518341119,0.436634,0
607393139652558847,0.493035,0
607393139786776575,0.505763,0
607393139920994303,0.460986,0
607393141263171583,0.56913,0
607393141397389311,0.576696,0
607393141531607039,0.551298,0
607393141665824767,0.567806,0
607393141800042495,0.605424,0
607393141934260223,0.603514,0
607393142068477951,0.558079,0
607393142336913407,0.632214,0
607393142471131135,0.625985,0
607393142605348863,0.589759,0
607393142739566591,0.60205,0
607393142873784319,0.627771,0
607393143008002047,0.619959,0
607393143142219775,0.639023,0
607393143410655231,0.636882,0
607393143544872959,0.591825,0
607393143679090687,0.572734,0
607393143813308415,0.602454,0
607393143947526143,0.537234,0
607393144081743871,0.522941,0
607393144215961599,0.658391,0
607393144484397055,0.547407,0
607393144618614783,0.555254,0
607393144752832511,0.554096,0
607393144887050239,0.557954,0
607393145021267967,0.580268,0
607393145155485695,0.57609,0
607393145289703423,0.532752,0
607393145558138879,0.622792,0
607393145692356607,0.63012,0
607393145826574335,0.623492,0
607393145960792063,0.61678,0
607393146095009791,0.640764,0
607393146229227519,0.649192,0
607393146363445247,0.628389,0
607393146631880703,0.613434,0
607393146766098431,0.620924,0
607393146900316159,0.616179,0
607393147034533887,0.634333,0
607393147168751615,0.613003,0
607393147302969343,0.625557,0
607393147437187071,0.633432,0
607393147705622527,0.546337,0
607393147839840255,0.548062,0
607393147974057983,0.55573,0
607393148108275711,0.537947,0
607393148242493439,0.580751,0
607393148376711167,0.561963,0
607393148510928895,0.56211,0
607393149853106175,0.591246,0
607393149987323903,0.593973,0
607393150121541631,0.555316,0
607393150255759359,0.547863,0
607393150389977087,0.587416,0
607393150524194815,0.599447,0
607393150658412543,0.596684,0
607393150926847999,0.5912,0
607393151061065727,0.575362,0
607393151195283455,0.598932,0
607393151329501183,0.573583,0
607393151463718911,0.607121,0
607393151597936639,0.583189,0
607393151732154367,0.585033,0
607393152000589823,0.579721,0
607393152134807551,0.589909,0
607393152269025279,0.566034,0
607393152403243007,0.589478,0
607393152537460735,0.555757,0
607393152671678463,0.556909,0
607393152805896191,0.586973,0
607393153074331647,0.544059,0
607393153208549375,0.541047,0
607393153342767103,0.570434,0
607393153476984831,0.569111,0
607393153611202559,0.544893,0
607393153745420287,0.548613,0
607393153879638015,0.549738,0
607393154148073471,0.606962,0
607393154282291199,0.599949,0
607393154416508927,0.625998,0
607393154550726655,0.602551,0
607393154684944383,0.641017,0
607393154819162111,0.598185,0
607393154953379839,0.621519,0
607393155221815295,0.592805,0
607393155356033023,0.585167,0
607393155490250751,0.596111,0
607393155624468479,0.596557,0
607393155758686207,0.58743,0
607393155892903935,0.556973,0
607393156027121663,0.58448,0
607393156295557119,0.585039,0
607393156429774847,0.570031,0
607393156563992575,0.574547,0
607393156698210303,0.563485,0
607393156832428031,0.60836,0
607393156966645759,0.611563,0
607393157100863487,0.579051,0
607393158443040767,0.481071,0
607393158577258495,0.507827,0
607393158711476223,0.519356,0
607393158845693951,0.507148,0
607393158979911679,0.54,0
607393159114129407,0.528934,0
607393159248347135,0.505214,0
607393159516782591,0.550667,0
607393159651000319,0.512967,0
607393159785218047,0.527224,0
607393159919435775,0.518292,0
607393160053653503,0.559336,0
607393160187871231,0.520717,0
607393160322088959,0.485092,0
607393160590524415,0.576467,0
607393160724742143,0.556976,0
607393160858959871,0.544155,0
607393160993177599,0.555518,0
607393161127395327,0.561206,0
607393161261613055,0.538441,0
607393161395830783,0.590337,0
607393161664266239,0.511465,0
607393161798483967,0.526298,0
607393161932701695,0.562814,0
607393162066919423,0.546923,0
607393162201137151,0.501614,0
607393162335354879,0.53163,0
607393162469572607,0.532026,0
607393162738008063,0.54808,0
607393162872225791,0.552405,0
607393163006443519,0.511201,0
607393163140661247,0.530856,0
607393163274878975,0.51383,0
607393163409096703,0.533523,0
607393163543314431,0.541548,0
607393163811749887,0.534775,0
607393163945967615,0.538894,0
607393164080185343,0.525239,0
607393164214403071,0.516263,0
607393164348620799,0.553943,0
607393164482838527,0.653554,0
607393164617056255,0.553496,0
607393164885491711,0.539714,0
607393165019709439,0.533007,0
607393165153927167,0.561066,0
607393165288144895,0.544992,0
607393165422362623,0.520087,0
607393165556580351,0.506469,0
607393165690798079,0.521699,0
607393175622909951,0.17723,0
607393175757127679,0.229273,0
607393175891345407,0.162941,0
607393176025563135,0.17606,0
607393176159780863,0.182864,0
607393176293998591,0.186707,0
607393176428216319,0.167521,0
607393176696651775,0.250743,0
607393176830869503,0.171804,0
607393176965087231,0.211046,0
607393177099304959,0.230287,0
607393177233522687,0.163432,0
607393177367740415,0.166551,0
607393177501958143,0.182907,0
607393177770393599,0.159058,0
607393177904611327,0.159419,0
607393178038829055,0.1432,0
607393178173046783,0.1351,0
607393178307264511,0.16704,0
607393178441482239,0.182278,0
607393178575699967,0.152761,0
607393178844135423,0.173493,0
607393178978353151,0.212936,0
607393179112570879,0.15645,0
607393179246788607,0.182745,0
607393179381006335,0.229191,0
607393179515224063,0.200503,0
607393179649441791,0.16409,0
607393179917877247,0.277497,0
607393180052094975,0.202961,0
607393180186312703,0.181014,0
607393180320530431,0.190906,0
607393180454748159,0.331991,0
607393180588965887,0.285771,0
607393180723183615,0.229924,0
607393180991619071,0.247354,0
607393181125836799,0.239449,0
607393181260054527,0.153062,0
607393181394272255,0.172984,0
607393181528489983,0.228905,0
607393181662707711,0.266905,0
607393181796925439,0.254558,0
607393182065360895,0.175963,0
607393182199578623,0.170484,0
607393182333796351,0.166582,0
607393182468014079,0.162808,0
607393182602231807,0.18245,0
607393182736449535,0.177678,0
607393182870667263,0.15586,0
607393184212844543,0.217126,0
607393184347062271,0.204864,0
607393184481279999,0.236482,0
607393184615497727,0.19981,0
607393184749715455,0.166666,0
607393184883933183,0.153814,0
607393185018150911,0.225224,0
607393185286586367,0.156425,0
607393185420804095,0.154458,0
607393185555021823,0.175182,0
607393185689239551,0.16739,0
607393185823457279,0.147436,0
607393185957675007,0.148914,0
607393186091892735,0.156492,0
607393186360328191,0.14536,0
607393186494545919,0.141179,0
607393186628763647,0.161069,0
607393186762981375,0.157816,0
607393186897199103,0.166521,0
607393187031416831,0.175143,0
607393187165634559,0.155217,0
607393187434070015,0.181839,0
607393187568287743,0.178554,0
607393187702505471,0.152939,0
607393187836723199,0.150726,0
607393187970940927,0.17598,0
607393188105158655,0.176459,0
607393188239376383,0.231612,0
607393188507811839,0.165215,0
607393188642029567,0.163703,0
607393188776247295,0.167884,0
607393188910465023,0.161978,0
607393189044682751,0.183869,0
607393189178900479,0.185527,0
607393189313118207,0.170615,0
607393189581553663,0.176626,0
607393189715771391,0.188371,0
607393189849989119,0.160125,0
607393189984206847,0.157835,0
607393190118424575,0.25596,0
607393190252642303,0.232954,0
607393190386860031,0.181349,0
607393190655295487,0.191071,0
607393190789513215,0.199998,0
607393190923730943,0.204923,0
607393191057948671,0.186217,0
607393191192166399,0.182711,0
607393191326384127,0.185105,0
607393191460601855,0.205459,0
607393192802779135,0.116502,0
607393192936996863,0.114013,0
607393193071214591,0.11599,0
607393193205432319,0.111512,0
607393193339650047,0.133335,0
607393193473867775,0.141264,0
607393193608085503,0.13167,0
607393193876520959,0.115338,0
607393194010738687,0.113106,0
607393194144956415,0.0940217,0
607393194279174143,0.0942918,0
607393194413391871,0.121921,0
607393194547609599,0.120773,0
607393194681827327,0.126908,0
607393194950262783,0.0999134,0
607393195084480511,0.105974,0
607393195218698239,0.121595,0
607393195352915967,0.106033,0
607393195487133695,0.107521,0
607393195621351423,0.103611,0
607393195755569151,0.104893,0
607393196024004607,0.0949711,0
607393196158222335,0.134979,0
607393196292440063,0.127968,0
607393196426657791,0.122224,0
607393196560875519,0.0961342,0
607393196695093247,0.0963327,0
607393196829310975,0.090422,0
607393197097746431,0.142879,0
607393197231964159,0.148352,0
607393197366181887,0.143836,0
607393197500399615,0.134506,0
607393197634617343,0.167204,0
607393197768835071,0.155235,0
607393197903052799,0.171806,0
607393198171488255,0.145743,0
607393198305705983,0.150406,0
607393198439923711,0.140144,0
607393198574141439,0.126129,0
607393198708359167,0.167248,0
607393198842576895,0.156753,0
607393198976794623,0.153963,0
607393199245230079,0.118428,0
607393199379447807,0.115463,0
607393199513665535,0.119704,0
607393199647883263,0.109988,0
607393199782100991,0.152765,0
607393199916318719,0.114726,0
607393200050536447,0.13049,0
607393201392713727,0.120464,0
607393201526931455,0.157696,0
607393201661149183,0.156043,0
607393201795366911,0.151062,0
607393201929584639,0.126024,0
607393202063802367,0.131766,0
607393202198020095,0.104956,0
607393202466455551,0.127424,0
607393202600673279,0.121834,0
607393202734891007,0.157082,0
607393202869108735,0.155644,0
607393203003326463,0.139185,0
607393203137544191,0.125955,0
607393203271761919,0.120906,0
607393203540197375,0.0965515,0
607393203674415103,0.0718732,0
607393203808632831,0.0589166,0
607393203942850559,0.0589376,0
607393204077068287,0.138635,0
607393204211286015,0.146655,0
607393204345503743,0.100913,0
607393204613939199,0.137655,0
607393204748156927,0.145902,0
607393204882374655,0.0619165,0
607393205016592383,0.0954357,0
607393205150810111,0.149791,0
607393205285027839,0.145298,0
607393205419245567,0.139417,0
607393205687681023,0.198907,0
607393205821898751,0.204934,0
607393205956116479,0.115574,0
607393206090334207,0.124768,0
607393206224551935,0.138642,0
607393206358769663,0.1564,0
607393206492987391,0.125298,0
607393206761422847,0.161978,0
607393206895640575,0.158967,0
607393207029858303,0.171993,0
607393207164076031,0.137822,0
607393207298293759,0.205521,0
607393207432511487,0.169743,0
607393207566729215,0.166111,0
607393207835164671,0.0987362,0
607393207969382399,0.0844224,0
607393208103600127,0.149019,0
607393208237817855,0.144996,0
607393208372035583,0.106913,0
607393208506253311,0.101478,0
607393208640471039,0.0954311,0
607393209982648319,0.25717,0
607393210116866047,0.25814,0
607393210251083775,0.231647,0
607393210385301503,0.238572,0
607393210519519231,0.308075,0
607393210653736959,0.297645,0
607393210787954687,0.271286,0
607393211056390143,0.257269,0
607393211190607871,0.250653,0
607393211324825599,0.238616,0
607393211459043327,0.228264,0
607393211593261055,0.304907,0
607393211727478783,0.305657,0
607393211861696511,0.287942,0
607393212130131967,0.241745,0
607393212264349695,0.212102,0
607393212398567423,0.240146,0
607393212532785151,0.283002,0
607393212667002879,0.229768,0
607393212801220607,0.238355,0
607393212935438335,0.233585,0
607393213203873791,0.219329,0
607393213338091519,0.221874,0
607393213472309247,0.196452,0
607393213606526975,0.237083,0
607393213740744703,0.229902,0
607393213874962431,0.225708,0
607393214009180159,0.239453,0
607393214277615615,0.31878,0
607393214411833343,0.308227,0
607393214546051071,0.304758,0
607393214680268799,0.312494,0
607393214814486527,0.349554,0
607393214948704255,0.344692,0
607393215082921983,0.335399,0
607393215351357439,0.339072,0
607393215485575167,0.335221,0
607393215619792895,0.295629,0
607393215754010623,0.290783,0
607393215888228351,0.353602,0
607393216022446079,0.34121,0
607393216156663807,0.335146,0
607393216425099263,0.286709,0
607393216559316991,0.249287,0
607393216693534719,0.276848,0
607393216827752447,0.255547,0
607393216961970175,0.292146,0
607393217096187903,0.285212,0
607393217230405631,0.285268,0
607393218572582911,0.248409,0
607393218706800639,0.250408,0
607393218841018367,0.215337,0
607393218975236095,0.206187,0
607393219109453823,0.273462,0
607393219243671551,0.25207,0
607393219377889279,0.25825,0
607393219646324735,0.223278,0
607393219780542463,0.221142,0
607393219914760191,0.242479,0
607393220048977919,0.233666,0
607393220183195647,0.276941,0
607393220317413375,0.270926,0
607393220451631103,0.226779,0
607393220720066559,0.252625,0
607393220854284287,0.267545,0
607393220988502015,0.239307,0
607393221122719743,0.188188,0
607393221256937471,0.193774,0
607393221391155199,0.191868,0
607393221525372927,0.25832,0
607393221793808383,0.185164,0
607393221928026111,0.186051,0
607393222062243839,0.243728,0
607393222196461567,0.262958,0
607393222330679295,0.208718,0
607393222464897023,0.199117,0
607393222599114751,0.185101,0
607393222867550207,0.281121,0
607393223001767935,0.292473,0
607393223135985663,0.243696,0
607393223270203391,0.279482,0
607393223404421119,0.321183,0
607393223538638847,0.328137,0
607393223672856575,0.319075,0
607393223941292031,0.331434,0
607393224075509759,0.303882,0
607393224209727487,0.275348,0
607393224343945215,0.267709,0
607393224478162943,0.30629,0
607393224612380671,0.341529,0
607393224746598399,0.329393,0
607393225015033855,0.21369,0
607393225149251583,0.220862,0
607393225283469311,0.19828,0
607393225417687039,0.195357,0
607393225551904767,0.218054,0
607393225686122495,0.232451,0
607393225820340223,0.210172,0
607393227162517503,0.269597,0
607393227296735231,0.271664,0
607393227430952959,0.25206,0
607393227565170687,0.233488,0
607393227699388415,0.27292,0
607393227833606143,0.324577,0
607393227967823871,0.284014,0
607393228236259327,0.246674,0
607393228370477055,0.234411,0
607393228504694783,0.222235,0
607393228638912511,0.195347,0
607393228773130239,0.315921,0
607393228907347967,0.276986,0
607393229041565695,0.284117,0
607393229310001151,0.175013,0
607393229444218879,0.175966,0
607393229578436607,0.158111,0
607393229712654335,0.146265,0
607393229846872063,0.210208,0
607393229981089791,0.197903,0
607393230115307519,0.20846,0
607393230383742975,0.162449,0
607393230517960703,0.167087,0
607393230652178431,0.163297,0
607393230786396159,0.164232,0
607393230920613887,0.172752,0
607393231054831615,0.160362,0
607393231189049343,0.163891,0
607393231457484799,0.358676,0
607393231591702527,0.41535,0
607393231725920255,0.331194,0
607393231860137983,0.326512,0
607393231994355711,0.278398,0
607393232128573439,0.253667,0
607393232262791167,0.296547,0
607393232531226623,0.317093,0
607393232665444351,0.278262,0
607393232799662079,0.352406,0
607393232933879807,0.288658,0
607393233068097535,0.263931,0
607393233202315263,0.249947,0
607393233336532991,0.254304,0
607393233604968447,0.300133,0
607393233739186175,0.287299,0
607393233873403903,0.309321,0
607393234007621631,0.236232,0
607393234141839359,0.279503,0
607393234276057087,0.256148,0
607393234410274815,0.290114,0
607393313061863423,0.0951636,0
607393313196081151,0.102951,0
607393313330298879,0.10078,0
607393313464516607,0.0912904,0
607393313598734335,0.0971018,0
607393313732952063,0.100175,0
607393313867169791,0.10766,0
607393314135605247,0.102069,0
607393314269822975,0.100369,0
607393314404040703,0.114126,0
607393314538258431,0.103123,0
607393314672476159,0.106289,0
607393314806693887,0.1034,0
607393314940911615,0.116997,0
607393315209347071,0.0774001,0
607393315343564799,0.0859837,0
607393315477782527,0.0789273,0
607393315612000255,0.0820575,0
607393315746217983,0.0798367,0
607393315880435711,0.0844192,0
607393316014653439,0.0803696,0
607393316283088895,0.0862671,0
607393316417306623,0.084339,0
607393316551524351,0.0970833,0
607393316685742079,0.0769808,0
607393316819959807,0.0927554,0
607393316954177535,0.0902544,0
607393317088395263,0.0992182,0
607393317356830719,0.14089,0
607393317491048447,0.105719,0
607393317625266175,0.121476,0
607393317759483903,0.113045,0
607393317893701631,0.131825,0
607393318027919359,0.120867,0
607393318162137087,0.12503,0
607393318430572543,0.108392,0
607393318564790271,0.11212,0
607393318699007999,0.103634,0
607393318833225727,0.110979,0
607393318967443455,0.1202,0
607393319101661183,0.13564,0
607393319235878911,0.11931,0
607393319504314367,0.0992351,0
607393319638532095,0.0985216,0
607393319772749823,0.0893548,0
607393319906967551,0.079191,0
607393320041185279,0.101962,0
607393320175403007,0.101314,0
607393320309620735,0.0889212,0
607393321651798015,0.0944939,0
607393321786015743,0.104242,0
607393321920233471,0.0945145,0
607393322054451199,0.0986179,0
607393322188668927,0.0982222,0
607393322322886655,0.0993709,0
607393322457104383,0.0964031,0
607393322725539839,0.100834,0
607393322859757567,0.0999743,0
607393322993975295,0.0977418,0
607393323128193023,0.094866,0
607393323262410751,0.101362,0
607393323396628479,0.111755,0
607393323530846207,0.105591,0
607393323799281663,0.0899897,0
607393323933499391,0.0939998,0
607393324067717119,0.0858894,0
607393324201934847,0.0917755,0
607393324336152575,0.0905948,0
607393324470370303,0.0891612,0
607393324604588031,0.0885494,0
607393324873023487,0.0845989,0
607393325007241215,0.0816808,0
607393325141458943,0.0845922,0
607393325275676671,0.0864923,0
607393325409894399,0.0918227,0
607393325544112127,0.0876632,0
607393325678329855,0.0886076,0
607393325946765311,0.100416,0
607393326080983039,0.100398,0
607393326215200767,0.0975793,0
607393326349418495,0.0964826,0
607393326483636223,0.108264,0
607393326617853951,0.107456,0
607393326752071679,0.104508,0
607393327020507135,0.109521,0
607393327154724863,0.121447,0
607393327288942591,0.102496,0
607393327423160319,0.100913,0
607393327557378047,0.110011,0
607393327691595775,0.115611,0
607393327825813503,0.116756,0
607393328094248959,0.0879247,0
607393328228466687,0.0997008,0
607393328362684415,0.0832133,0
607393328496902143,0.0877401,0
607393328631119871,0.0868038,0
607393328765337599,0.0872763,0
607393328899555327,0.0884126,0
607393330241732607,0.0843541,0
607393330375950335,0.0821348,0
607393330510168063,0.0809694,0
607393330644385791,0.0786452,0
607393330778603519,0.0855841,0
607393330912821247,0.101129,0
607393331047038975,0.069493,0
607393331315474431,0.072124,0
607393331449692159,0.0743765,0
607393331583909887,0.0801965,0
607393331718127615,0.0871076,0
607393331852345343,0.0782229,0
607393331986563071,0.077328,0
607393332120780799,0.0843048,0
607393332389216255,0.0753121,0
607393332523433983,0.0793481,0
607393332657651711,0.0885387,0
607393332791869439,0.0941594,0
607393332926087167,0.0677194,0
607393333060304895,0.0795668,0
607393333194522623,0.0641363,0
607393333462958079,0.0765672,0
607393333597175807,0.0837287,0
607393333731393535,0.0812851,0
607393333865611263,0.0863153,0
607393333999828991,0.0690207,0
607393334134046719,0.0744083,0
607393334268264447,0.0672513,0
607393334536699903,0.0781516,0
607393334670917631,0.076377,0
607393334805135359,0.057652,0
607393334939353087,0.071508,0
607393335073570815,0.0653979,0
607393335207788543,0.0711592,0
607393335342006271,0.0570504,0
607393335610441727,0.0766822,0
607393335744659455,0.0784878,0
607393335878877183,0.0858877,0
607393336013094911,0.0686779,0
607393336147312639,0.0859284,0
607393336281530367,0.0748123,0
607393336415748095,0.069442,0
607393336684183551,0.0559036,0
607393336818401279,0.0624694,0
607393336952619007,0.0539492,0
607393337086836735,0.063049,0
607393337221054463,0.0520704,0
607393337355272191,0.059984,0
607393337489489919,0.0564729,0
607393338831667199,0.0770565,0
607393338965884927,0.0821233,0
607393339100102655,0.0794613,0
607393339234320383,0.0753856,0
607393339368538111,0.0813556,0
607393339502755839,0.0839568,0
607393339636973567,0.0788316,0
607393339905409023,0.0905002,0
607393340039626751,0.0914718,0
607393340173844479,0.0818281,0
607393340308062207,0.0868099,0
607393340442279935,0.0910361,0
607393340576497663,0.0892095,0
607393340710715391,0.0933312,0
607393340979150847,0.0782287,0
607393341113368575,0.0842959,0
607393341247586303,0.0789263,0
607393341381804031,0.0777339,0
607393341516021759,0.0831225,0
607393341650239487,0.0807663,0
607393341784457215,0.0835955,0
607393342052892671,0.0798791,0
607393342187110399,0.078646,0
607393342321328127,0.0799206,0
607393342455545855,0.0793182,0
607393342589763583,0.0832134,0
607393342723981311,0.0792929,0
607393342858199039,0.08708,0
607393343126634495,0.0739197,0
607393343260852223,0.0827106,0
607393343395069951,0.0688099,0
607393343529287679,0.0737467,0
607393343663505407,0.0856454,0
607393343797723135,0.0850203,0
607393343931940863,0.0794675,0
607393344200376319,0.0787823,0
607393344334594047,0.0829775,0
607393344468811775,0.0813497,0
607393344603029503,0.0853795,0
607393344737247231,0.079062,0
607393344871464959,0.0826837,0
607393345005682687,0.0811453,0
607393345274118143,0.0823596,0
607393345408335871,0.0785009,0
607393345542553599,0.0756557,0
607393345676771327,0.0887239,0
607393345810989055,0.0743807,0
607393345945206783,0.0805187,0
607393346079424511,0.0815925,0
607393347421601791,0.117392,0
607393347555819519,0.124425,0
607393347690037247,0.116563,0
607393347824254975,0.117263,0
607393347958472703,0.133407,0
607393348092690431,0.133426,0
607393348226908159,0.131303,0
607393348495343615,0.14467,0
607393348629561343,0.146408,0
607393348763779071,0.142445,0
607393348897996799,0.160678,0
607393349032214527,0.140195,0
607393349166432255,0.149421,0
607393349300649983,0.141491,0
607393349569085439,0.11026,0
607393349703303167,0.119516,0
607393349837520895,0.110871,0
607393349971738623,0.113766,0
607393350105956351,0.117838,0
607393350240174079,0.119736,0
607393350374391807,0.112669,0
607393350642827263,0.130768,0
607393350777044991,0.116168,0
607393350911262719,0.136114,0
607393351045480447,0.119559,0
607393351179698175,0.134795,0
607393351313915903,0.140759,0
607393351448133631,0.137528,0
607393351716569087,0.14913,0
607393351850786815,0.155739,0
607393351985004543,0.148381,0
607393352119222271,0.144279,0
607393352253439999,0.186532,0
607393352387657727,0.178963,0
607393352521875455,0.155052,0
607393352790310911,0.160516,0
607393352924528639,0.156691,0
607393353058746367,0.156043,0
607393353192964095,0.14828,0
607393353327181823,0.184639,0
607393353461399551,0.170596,0
607393353595617279,0.168788,0
607393353864052735,0.126524,0
607393353998270463,0.119088,0
607393354132488191,0.122967,0
607393354266705919,0.11847,0
607393354400923647,0.144807,0
607393354535141375,0.141574,0
607393354669359103,0.14162,0
607393356011536383,0.116585,0
607393356145754111,0.112331,0
607393356279971839,0.12451,0
607393356414189567,0.119853,0
607393356548407295,0.161252,0
607393356682625023,0.140367,0
607393356816842751,0.14036,0
607393357085278207,0.141494,0
607393357219495935,0.139946,0
607393357353713663,0.132394,0
607393357487931391,0.136743,0
607393357622149119,0.147705,0
607393357756366847,0.141409,0
607393357890584575,0.140316,0
607393358159020031,0.119727,0
607393358293237759,0.119621,0
607393358427455487,0.115084,0
607393358561673215,0.110519,0
607393358695890943,0.136789,0
607393358830108671,0.126831,0
607393358964326399,0.12617,0
607393359232761855,0.110051,0
607393359366979583,0.111033,0
607393359501197311,0.111095,0
607393359635415039,0.110472,0
607393359769632767,0.114294,0
607393359903850495,0.108359,0
607393360038068223,0.116427,0
607393360306503679,0.154141,0
607393360440721407,0.148435,0
607393360574939135,0.151075,0
607393360709156863,0.127842,0
607393360843374591,0.170861,0
607393360977592319,0.147144,0
607393361111810047,0.168664,0
607393361380245503,0.304504,0
607393361514463231,0.152579,0
607393361648680959,0.211526,0
607393361782898687,0.249238,0
607393361917116415,0.169281,0
607393362051334143,0.159667,0
607393362185551871,0.218764,0
607393362453987327,0.154034,0
607393362588205055,0.136234,0
607393362722422783,0.136145,0
607393362856640511,0.120657,0
607393362990858239,0.139581,0
607393363125075967,0.137844,0
607393363259293695,0.137825,0
607393364601470975,0.100266,0
607393364735688703,0.0920226,0
607393364869906431,0.0887928,0
607393365004124159,0.0801169,0
607393365138341887,0.110865,0
607393365272559615,0.102802,0
607393365406777343,0.101124,0
607393365675212799,0.10316,0
607393365809430527,0.118019,0
607393365943648255,0.0805599,0
607393366077865983,0.0898758,0
607393366212083711,0.109935,0
607393366346301439,0.108273,0
607393366480519167,0.103457,0
607393366748954623,0.0832196,0
607393366883172351,0.0745881,0
607393367017390079,0.0696403,0
607393367151607807,0.0663463,0
607393367285825535,0.0852659,0
607393367420043263,0.0793114,0
607393367554260991,0.0796911,0
607393367822696447,0.0777163,0
607393367956914175,0.0831588,0
607393368091131903,0.0783985,0
607393368225349631,0.0769206,0
607393368359567359,0.0727689,0
607393368493785087,0.0849872,0
607393368628002815,0.0725707,0
607393368896438271,0.106917,0
607393369030655999,0.113802,0
607393369164873727,0.105376,0
607393369299091455,0.105117,0
607393369433309183,0.112306,0
607393369567526911,0.113108,0
607393369701744639,0.118202,0
607393369970180095,0.122991,0
607393370104397823,0.114573,0
607393370238615551,0.119884,0
607393370372833279,0.110457,0
607393370507051007,0.122229,0
607393370641268735,0.1206,0
607393370775486463,0.11833,0
607393371043921919,0.094129,0
607393371178139647,0.0877016,0
607393371312357375,0.0830619,0
607393371446575103,0.0965833,0
607393371580792831,0.106073,0
607393371715010559,0.0999537,0
607393371849228287,0.0968559,0
607393381781340159,0.125593,0
607393381915557887,0.124242,0
607393382049775615,0.119447,0
607393382183993343,0.121125,0
607393382318211071,0.125571,0
607393382452428799,0.121103,0
607393382586646527,0.119836,0
607393382855081983,0.129072,0
607393382989299711,0.123399,0
607393383123517439,0.135003,0
607393383257735167,0.119047,0
607393383391952895,0.128116,0
607393383526170623,0.130029,0
607393383660388351,0.119955,0
607393383928823807,0.117627,0
607393384063041535,0.115955,0
607393384197259263,0.112496,0
607393384331476991,0.11289,0
607393384465694719,0.11351,0
607393384599912447,0.115439,0
607393384734130175,0.116965,0
607393385002565631,0.117924,0
607393385136783359,0.118519,0
607393385271001087,0.123741,0
607393385405218815,0.1119,0
607393385539436543,0.121891,0
607393385673654271,0.126209,0
607393385807871999,0.120519,0
607393386076307455,0.1243,0
607393386210525183,0.124155,0
607393386344742911,0.125835,0
607393386478960639,0.133302,0
607393386613178367,0.14719,0
607393386747396095,0.12964,0
607393386881613823,0.119235,0
607393387150049279,0.133624,0
607393387284267007,0.131368,0
607393387418484735,0.120315,0
607393387552702463,0.12732,0
607393387686920191,0.141662,0
607393387821137919,0.132138,0
607393387955355647,0.141345,0
607393388223791103,0.122935,0
607393388358008831,0.116994,0
607393388492226559,0.122998,0
607393388626444287,0.118371,0
607393388760662015,0.127017,0
607393388894879743,0.122962,0
607393389029097471,0.127176,0
607393390371274751,0.113775,0
607393390505492479,0.119626,0
607393390639710207,0.123466,0
607393390773927935,0.119734,0
607393390908145663,0.13104,0
607393391042363391,0.120047,0
607393391176581119,0.129061,0
607393391445016575,0.123406,0
607393391579234303,0.12318,0
607393391713452031,0.117233,0
607393391847669759,0.118907,0
607393391981887487,0.129364,0
607393392116105215,0.125993,0
607393392250322943,0.123877,0
607393392518758399,0.109635,0
607393392652976127,0.101578,0
607393392787193855,0.100545,0
607393392921411583,0.104685,0
607393393055629311,0.127792,0
607393393189847039,0.110455,0
607393393324064767,0.116661,0
607393393592500223,0.116706,0
607393393726717951,0.112631,0
607393393860935679,0.111742,0
607393393995153407,0.102157,0
607393394129371135,0.114277,0
607393394263588863,0.113531,0
607393394397806591,0.109373,0
607393394666242047,0.141108,0
607393394800459775,0.133322,0
607393394934677503,0.136868,0
607393395068895231,0.13507,0
607393395203112959,0.132491,0
607393395337330687,0.135107,0
607393395471548415,0.128338,0
607393395739983871,0.123715,0
607393395874201599,0.125645,0
607393396008419327,0.131608,0
607393396142637055,0.122117,0
607393396276854783,0.126184,0
607393396411072511,0.126319,0
607393396545290239,0.131031,0
607393396813725695,0.122279,0
607393396947943423,0.119966,0
607393397082161151,0.118569,0
607393397216378879,0.109775,0
607393397350596607,0.126003,0
607393397484814335,0.126034,0
607393397619032063,0.128037,0
607393398961209343,0.103164,0
607393399095427071,0.0951302,0
607393399229644799,0.0988261,0
607393399363862527,0.0924246,0
607393399498080255,0.0982163,0
607393399632297983,0.104934,0
607393399766515711,0.0940743,0
607393400034951167,0.101345,0
607393400169168895,0.102108,0
607393400303386623,0.0969316,0
607393400437604351,0.0955674,0
607393400571822079,0.104279,0
607393400706039807,0.107936,0
607393400840257535,0.101253,0
607393401108692991,0.0834599,0
607393401242910719,0.0830596,0
607393401377128447,0.0832484,0
607393401511346175,0.0757404,0
607393401645563903,0.0872162,0
607393401779781631,0.0868209,0
607393401913999359,0.0848925,0
607393402182434815,0.091755,0
607393402316652543,0.089977,0
607393402450870271,0.0847122,0
607393402585087999,0.084415,0
607393402719305727,0.0901431,0
607393402853523455,0.0923023,0
607393402987741183,0.0874495,0
607393403256176639,0.108874,0
607393403390394367,0.101568,0
607393403524612095,0.0993149,0
607393403658829823,0.097477,0
607393403793047551,0.116125,0
607393403927265279,0.116413,0
607393404061483007,0.114005,0
607393404329918463,0.117136,0
607393404464136191,0.112941,0
607393404598353919,0.102686,0
607393404732571647,0.103948,0
607393404866789375,0.128009,0
607393405001007103,0.120597,0
607393405135224831,0.116837,0
607393405403660287,0.0935483,0
607393405537878015,0.0947292,0
607393405672095743,0.0887317,0
607393405806313471,0.0864891,0
607393405940531199,0.0905916,0
607393406074748927,0.0889872,0
607393406208966655,0.0896006,0
607393407551143935,0.10018,0
607393407685361663,0.110087,0
607393407819579391,0.0904061,0
607393407953797119,0.0937295,0
607393408088014847,0.0998961,0
607393408222232575,0.108818,0
607393408356450303,0.0991721,0
607393408624885759,0.135142,0
607393408759103487,0.0836634,0
607393408893321215,0.154889,0
607393409027538943,0.0943493,0
607393409161756671,0.10606,0
607393409295974399,0.102951,0
607393409430192127,0.1147,0
607393409698627583,0.0812672,0
607393409832845311,0.0856664,0
607393409967063039,0.0805127,0
607393410101280767,0.0687612,0
607393410235498495,0.0852895,0
607393410369716223,0.0890323,0
607393410503933951,0.0783063,0
607393410772369407,0.0803646,0
607393410906587135,0.0704744,0
607393411040804863,0.0777541,0
607393411175022591,0.0629913,0
607393411309240319,0.0931887,0
607393411443458047,0.0895031,0
607393411577675775,0.089963,0
607393411846111231,0.106964,0
607393411980328959,0.111055,0
607393412114546687,0.11141,0
607393412248764415,0.108537,0
607393412382982143,0.111762,0
607393412517199871,0.109401,0
607393412651417599,0.109845,0
607393412919853055,0.111796,0
607393413054070783,0.10018,0
607393413188288511,0.103205,0
607393413322506239,0.105043,0
607393413456723967,0.108248,0
607393413590941695,0.118687,0
607393413725159423,0.114083,0
607393413993594879,0.0938477,0
607393414127812607,0.089894,0
607393414262030335,0.0905488,0
607393414396248063,0.0875804,0
607393414530465791,0.0960683,0
607393414664683519,0.104175,0
607393414798901247,0.0928333,0
607393416141078527,0.183326,0
607393416275296255,0.170856,0
607393416409513983,0.17409,0
607393416543731711,0.174154,0
607393416677949439,0.165578,0
607393416812167167,0.15492,0
607393416946384895,0.166397,0
607393417214820351,0.169427,0
607393417349038079,0.17005,0
607393417483255807,0.173536,0
607393417617473535,0.166409,0
607393417751691263,0.169072,0
607393417885908991,0.166037,0
607393418020126719,0.170307,0
607393418288562175,0.149258,0
607393418422779903,0.151231,0
607393418556997631,0.132263,0
607393418691215359,0.136631,0
607393418825433087,0.16237,0
607393418959650815,0.159744,0
607393419093868543,0.152488,0
607393419362303999,0.167418,0
607393419496521727,0.152228,0
607393419630739455,0.168251,0
607393419764957183,0.149513,0
607393419899174911,0.163993,0
607393420033392639,0.159083,0
607393420167610367,0.166534,0
607393420436045823,0.175211,0
607393420570263551,0.170336,0
607393420704481279,0.162516,0
607393420838699007,0.163151,0
607393420972916735,0.173503,0
607393421107134463,0.175138,0
607393421241352191,0.179429,0
607393421509787647,0.174433,0
607393421644005375,0.162047,0
607393421778223103,0.164073,0
607393421912440831,0.163389,0
607393422046658559,0.179149,0
607393422180876287,0.170287,0
607393422315094015,0.176719,0
607393422583529471,0.158596,0
607393422717747199,0.177133,0
607393422851964927,0.144162,0
607393422986182655,0.166141,0
607393423120400383,0.156473,0
607393423254618111,0.156722,0
607393423388835839,0.1667,0
607393424731013119,0.12775,0
607393424865230847,0.122582,0
607393424999448575,0.130194,0
607393425133666303,0.13284,0
607393425267884031,0.137782,0
607393425402101759,0.127553,0
607393425536319487,0.143573,0
607393425804754943,0.141244,0
607393425938972671,0.118231,0
607393426073190399,0.129956,0
607393426207408127,0.129972,0
607393426341625855,0.127281,0
607393426475843583,0.124997,0
607393426610061311,0.132525,0
607393426878496767,0.128089,0
607393427012714495,0.129818,0
607393427146932223,0.137469,0
607393427281149951,0.134594,0
607393427415367679,0.135268,0
607393427549585407,0.128839,0
607393427683803135,0.133095,0
607393427952238591,0.13697,0
607393428086456319,0.124597,0
607393428220674047,0.135127,0
607393428354891775,0.129028,0
607393428489109503,0.128866,0
607393428623327231,0.130812,0
607393428757544959,0.133191,0
607393429025980415,0.149007,0
607393429160198143,0.133438,0
607393429294415871,0.143074,0
607393429428633599,0.141831,0
607393429562851327,0.148706,0
607393429697069055,0.14916,0
607393429831286783,0.14578,0
607393430099722239,0.156491,0
607393430233939967,0.138378,0
607393430368157695,0.14307,0
607393430502375423,0.134586,0
607393430636593151,0.153604,0
607393430770810879,0.176269,0
607393430905028607,0.148437,0
607393431173464063,0.162631,0
607393431307681791,0.124674,0
607393431441899519,0.152972,0
607393431576117247,0.134337,0
607393431710334975,0.154496,0
607393431844552703,0.132336,0
607393431978770431,0.159662,0
607393433320947711,0.143019,0
607393433455165439,0.128908,0
607393433589383167,0.114698,0
607393433723600895,0.11768,0
607393433857818623,0.12775,0
607393433992036351,0.142384,0
607393434126254079,0.140366,0
607393434394689535,0.14313,0
607393434528907263,0.127449,0
607393434663124991,0.127276,0
607393434797342719,0.117988,0
607393434931560447,0.144221,0
607393435065778175,0.138159,0
607393435199995903,0.146393,0
607393435468431359,0.126744,0
607393435602649087,0.129926,0
607393435736866815,0.117217,0
607393435871084543,0.115083,0
607393436005302271,0.118299,0
607393436139519999,0.116637,0
607393436273737727,0.117843,0
607393436542173183,0.128052,0
607393436676390911,0.121462,0
607393436810608639,0.138958,0
607393436944826367,0.119721,0
607393437079044095,0.122795,0
607393437213261823,0.112591,0
607393437347479551,0.119911,0
607393437615915007,0.140717,0
607393437750132735,0.131655,0
607393437884350463,0.157975,0
607393438018568191,0.1327,0
607393438152785919,0.146498,0
607393438287003647,0.136764,0
607393438421221375,0.148647,0
607393438689656831,0.142908,0
607393438823874559,0.140226,0
607393438958092287,0.129838,0
607393439092310015,0.149567,0
607393439226527743,0.144438,0
607393439360745471,0.153467,0
607393439494963199,0.152035,0
607393439763398655,0.111447,0
607393439897616383,0.114801,0
607393440031834111,0.121148,0
607393440166051839,0.115656,0
607393440300269567,0.139474,0
607393440434487295,0.126494,0
607393440568705023,0.110378,0
607393450500816895,0.0782284,0
607393450635034623,0.0765995,0
607393450769252351,0.0776073,0
607393450903470079,0.0759538,0
607393451037687807,0.0837175,0
607393451171905535,0.075825,0
607393451306123263,0.0773613,0
607393451574558719,0.0756908,0
607393451708776447,0.0789938,0
607393451842994175,0.0741867,0
607393451977211903,0.0757211,0
607393452111429631,0.0798237,0
607393452245647359,0.0765713,0
607393452379865087,0.0758962,0
607393452648300543,0.0791278,0
607393452782518271,0.0738376,0
607393452916735999,0.0765651,0
607393453050953727,0.0784151,0
607393453185171455,0.0789236,0
607393453319389183,0.0768717,0
607393453453606911,0.0689701,0
607393453722042367,0.0656792,0
607393453856260095,0.068901,0
607393453990477823,0.0691843,0
607393454124695551,0.0785378,0
607393454258913279,0.0694131,0
607393454393131007,0.0691108,0
607393454527348735,0.0747989,0
607393454795784191,0.0733225,0
607393454930001919,0.0773211,0
607393455064219647,0.0710051,0
607393455198437375,0.0774154,0
607393455332655103,0.0753254,0
607393455466872831,0.0756523,0
607393455601090559,0.07283,0
607393455869526015,0.0723504,0
607393456003743743,0.0789169,0
607393456137961471,0.0742087,0
607393456272179199,0.0795143,0
607393456406396927,0.0953319,0
607393456540614655,0.0852235,0
607393456674832383,0.0727041,0
607393456943267839,0.0734772,0
607393457077485567,0.0785439,0
607393457211703295,0.0760995,0
607393457345921023,0.0786342,0
607393457480138751,0.0675893,0
607393457614356479,0.0698932,0
607393457748574207,0.0772866,0
607393459090751487,0.079666,0
607393459224969215,0.067762,0
607393459359186943,0.0769649,0
607393459493404671,0.0659235,0
607393459627622399,0.0815807,0
607393459761840127,0.0696897,0
607393459896057855,0.0791295,0
607393460164493311,0.0712437,0
607393460298711039,0.0603064,0
607393460432928767,0.0754851,0
607393460567146495,0.0619703,0
607393460701364223,0.0749355,0
607393460835581951,0.07426,0
607393460969799679,0.0679183,0
607393461238235135,0.065871,0
607393461372452863,0.062516,0
607393461506670591,0.0601119,0
607393461640888319,0.0464808,0
607393461775106047,0.0676736,0
607393461909323775,0.0625036,0
607393462043541503,0.068302,0
607393462311976959,0.0624583,0
607393462446194687,0.0526985,0
607393462580412415,0.0554485,0
607393462714630143,0.0392459,0
607393462848847871,0.0762806,0
607393462983065599,0.0648952,0
607393463117283327,0.0669767,0
607393463385718783,0.089052,0
607393463519936511,0.0905276,0
607393463654154239,0.0802143,0
607393463788371967,0.0843352,0
607393463922589695,0.0895473,0
607393464056807423,0.0889017,0
607393464191025151,0.0796777,0
607393464459460607,0.0836588,0
607393464593678335,0.0754801,0
607393464727896063,0.0806632,0
607393464862113791,0.0691804,0
607393464996331519,0.0828867,0
607393465130549247,0.0768791,0
607393465264766975,0.0827314,0
607393465533202431,0.07486,0
607393465667420159,0.078622,0
607393465801637887,0.0645705,0
607393465935855615,0.0678328,0
607393466070073343,0.0801769,0
607393466204291071,0.0872633,0
607393466338508799,0.0702937,0
607393467680686079,0.0589525,0
607393467814903807,0.0533963,0
607393467949121535,0.0510566,0
607393468083339263,0.0507348,0
607393468217556991,0.0601964,0
607393468351774719,0.0638137,0
607393468485992447,0.0601966,0
607393468754427903,0.0628952,0
607393468888645631,0.0626206,0
607393469022863359,0.0586945,0
607393469157081087,0.0585562,0
607393469291298815,0.0633445,0
607393469425516543,0.0666293,0
607393469559734271,0.0668074,0
607393469828169727,0.038351,0
607393469962387455,0.0332861,0
607393470096605183,0.0334703,0
607393470230822911,0.0326405,0
607393470365040639,0.0407119,0
607393470499258367,0.0441284,0
607393470633476095,0.0399418,0
607393470901911551,0.0426987,0
607393471036129279,0.0491514,0
607393471170347007,0.0424887,0
607393471304564735,0.0431548,0
607393471438782463,0.0468101,0
607393471573000191,0.0580441,0
607393471707217919,0.0406434,0
607393471975653375,0.059943,0
607393472109871103,0.070559,0
607393472244088831,0.0525711,0
607393472378306559,0.0579615,0
607393472512524287,0.0637223,0
607393472646742015,0.0554707,0
607393472780959743,0.0550303,0
607393473049395199,0.0694016,0
607393473183612927,0.0703545,0
607393473317830655,0.0643379,0
607393473452048383,0.0630552,0
607393473586266111,0.0753492,0
607393473720483839,0.0683699,0
607393473854701567,0.0670998,0
607393474123137023,0.0436339,0
607393474257354751,0.0515887,0
607393474391572479,0.0414026,0
607393474525790207,0.0415805,0
607393474660007935,0.0502101,0
607393474794225663,0.0503847,0
607393474928443391,0.046487,0
607393476270620671,0.0442416,0
607393476404838399,0.0352794,0
607393476539056127,0.0330908,0
607393476673273855,0.0291984,0
607393476807491583,0.053669,0
607393476941709311,0.0593833,0
607393477075927039,0.0460345,0
607393477344362495,0.0367035,0
607393477478580223,0.030366,0
607393477612797951,0.0256092,0
607393477747015679,0.0184222,0
607393477881233407,0.0568081,0
607393478015451135,0.0427917,0
607393478149668863,0.0518724,0
607393478418104319,0.0320229,0
607393478552322047,0.021291,0
607393478686539775,0.029849,0
607393478820757503,0.0218451,0
607393478954975231,0.0340208,0
607393479089192959,0.0350462,0
607393479223410687,0.0347601,0
607393479491846143,0.0158798,0
607393479626063871,0.0155207,0
607393479760281599,0.0169929,0
607393479894499327,0.0153361,0
607393480028717055,0.0203047,0
607393480162934783,0.0157738,0
607393480297152511,0.0217208,0
607393480565587967,0.080247,0
607393480699805695,0.0815214,0
607393480834023423,0.0549696,0
607393480968241151,0.0571755,0
607393481102458879,0.0730443,0
607393481236676607,0.0739354,0
607393481370894335,0.065011,0
607393481639329791,0.0846702,0
607393481773547519,0.0782843,0
607393481907765247,0.0782348,0
607393482041982975,0.0632837,0
607393482176200703,0.0770368,0
607393482310418431,0.0754408,0
607393482444636159,0.0835245,0
607393482713071615,0.0463521,0
607393482847289343,0.0454954,0
607393482981507071,0.0353201,0
607393483115724799,0.0336356,0
607393483249942527,0.0559498,0
607393483384160255,0.0513682,0
607393483518377983,0.0431266,0
607393484860555263,0.0869579,0
607393484994772991,0.084624,0
607393485128990719,0.0707899,0
607393485263208447,0.0862186,0
607393485397426175,0.0655345,0
607393485531643903,0.0730008,0
607393485665861631,0.061056,0
607393485934297087,0.0790199,0
607393486068514815,0.0869929,0
607393486202732543,0.0764169,0
607393486336950271,0.0935137,0
607393486471167999,0.0818911,0
607393486605385727,0.0963401,0
607393486739603455,0.0762915,0
607393487008038911,0.0665134,0
607393487142256639,0.0630962,0
607393487276474367,0.0660241,0
607393487410692095,0.0656798,0
607393487544909823,0.0484739,0
607393487679127551,0.0787905,0
607393487813345279,0.0430783,0
607393488081780735,0.0857441,0
607393488215998463,0.0875235,0
607393488350216191,0.0726497,0
607393488484433919,0.0785405,0
607393488618651647,0.0854853,0
607393488752869375,0.0938369,0
607393488887087103,0.0776182,0
607393489155522559,0.0556667,0
607393489289740287,0.047755,0
607393489423958015,0.0535684,0
607393489558175743,0.0615514,0
607393489692393471,0.0620946,0
607393489826611199,0.0587011,0
607393489960828927,0.0499999,0
607393490229264383,0.0584772,0
607393490363482111,0.0620215,0
607393490497699839,0.0575238,0
607393490631917567,0.0737998,0
607393490766135295,0.0447975,0
607393490900353023,0.0621827,0
607393491034570751,0.0460155,0
607393491303006207,0.0541832,0
607393491437223935,0.0488961,0
607393491571441663,0.0517613,0
607393491705659391,0.0460085,0
607393491839877119,0.0544176,0
607393491974094847,0.0586338,0
607393492108312575,0.0504572,0
607393493450489855,0.0897847,0
607393493584707583,0.0926033,0
607393493718925311,0.0957579,0
607393493853143039,0.0993357,0
607393493987360767,0.0941745,0
607393494121578495,0.0884941,0
607393494255796223,0.0925566,0
607393494524231679,0.0865975,0
607393494658449407,0.085184,0
607393494792667135,0.0896539,0
607393494926884863,0.0873775,0
607393495061102591,0.083642,0
607393495195320319,0.080423,0
607393495329538047,0.0876159,0
607393495597973503,0.087899,0
607393495732191231,0.0935809,0
607393495866408959,0.0808629,0
607393496000626687,0.0849657,0
607393496134844415,0.10096,0
607393496269062143,0.0979155,0
607393496403279871,0.094388,0
607393496671715327,0.0927132,0
607393496805933055,0.0929648,0
607393496940150783,0.0902882,0
607393497074368511,0.0923168,0
607393497208586239,0.0898064,0
607393497342803967,0.0913429,0
607393497477021695,0.0959907,0
607393497745457151,0.0976948,0
607393497879674879,0.0955508,0
607393498013892607,0.0821818,0
607393498148110335,0.0965222,0
607393498282328063,0.0923528,0
607393498416545791,0.100474,0
607393498550763519,0.0987398,0
607393498819198975,0.0808436,0
607393498953416703,0.0825685,0
607393499087634431,0.0870856,0
607393499221852159,0.086891,0
607393499356069887,0.0814987,0
607393499490287615,0.0731186,0
607393499624505343,0.0989028,0
607393499892940799,0.0930518,0
607393500027158527,0.0980113,0
607393500161376255,0.0899352,0
607393500295593983,0.108721,0
607393500429811711,0.0849496,0
607393500564029439,0.0916665,0
607393500698247167,0.0952206,0
607393502040424447,0.0414832,0
607393502174642175,0.0473526,0
607393502308859903,0.0490001,0
607393502443077631,0.0522792,0
607393502577295359,0.0496858,0
607393502711513087,0.0425921,0
607393502845730815,0.0582731,0
607393503114166271,0.0583669,0
607393503248383999,0.0637268,0
607393503382601727,0.0568485,0
607393503516819455,0.0576226,0
607393503651037183,0.053706,0
607393503785254911,0.0610288,0
607393503919472639,0.0446776,0
607393504187908095,0.0491083,0
607393504322125823,0.0500396,0
607393504456343551,0.0435379,0
607393504590561279,0.0494651,0
607393504724779007,0.0500367,0
607393504858996735,0.0469822,0
607393504993214463,0.0511174,0
607393505261649919,0.0655567,0
607393505395867647,0.0706254,0
607393505530085375,0.0652523,0
607393505664303103,0.072245,0
607393505798520831,0.0635882,0
607393505932738559,0.0605611,0
607393506066956287,0.0590748,0
607393506335391743,0.0487375,0
607393506469609471,0.0472129,0
607393506603827199,0.0539051,0
607393506738044927,0.0511224,0
607393506872262655,0.0466894,0
607393507006480383,0.0498997,0
607393507140698111,0.0467702,0
607393507409133567,0.0491287,0
607393507543351295,0.0450904,0
607393507677569023,0.0441709,0
607393507811786751,0.0398628,0
607393507946004479,0.0574854,0
607393508080222207,0.0502114,0
607393508214439935,0.0519483,0
607393508482875391,0.0545394,0
607393508617093119,0.0546524,0
607393508751310847,0.0513078,0
607393508885528575,0.0548677,0
607393509019746303,0.050672,0
607393509153964031,0.0540185,0
607393509288181759,0.049965,0
607393519220293631,0.0697313,0
607393519354511359,0.0666342,0
607393519488729087,0.0611268,0
607393519622946815,0.0667774,0
607393519757164543,0.060372,0
607393519891382271,0.0759288,0
607393520025599999,0.0665644,0
607393520294035455,0.0598709,0
607393520428253183,0.0633568,0
607393520562470911,0.0551812,0
607393520696688639,0.0667926,0
607393520830906367,0.0654994,0
607393520965124095,0.0767678,0
607393521099341823,0.068726,0
607393521367777279,0.0593552,0
607393521501995007,0.0540791,0
607393521636212735,0.0542978,0
607393521770430463,0.0478102,0
607393521904648191,0.0556018,0
607393522038865919,0.0676656,0
607393522173083647,0.0517161,0
607393522441519103,0.0475157,0
607393522575736831,0.0477252,0
607393522709954559,0.0431954,0
607393522844172287,0.0421267,0
607393522978390015,0.0505755,0
607393523112607743,0.0590522,0
607393523246825471,0.051391,0
607393523515260927,0.0631204,0
607393523649478655,0.0663076,0
607393523783696383,0.0612603,0
607393523917914111,0.0636632,0
607393524052131839,0.0742167,0
607393524186349567,0.0705173,0
607393524320567295,0.0628203,0
607393524589002751,0.0673428,0
607393524723220479,0.0737331,0
607393524857438207,0.0650218,0
607393524991655935,0.0702894,0
607393525125873663,0.0735127,0
607393525260091391,0.0763128,0
607393525394309119,0.0654447,0
607393525662744575,0.0679268,0
607393525796962303,0.064351,0
607393525931180031,0.0643904,0
607393526065397759,0.0627765,0
607393526199615487,0.058047,0
607393526333833215,0.0687409,0
607393526468050943,0.058895,0
607393527810228223,0.0376565,0
607393527944445951,0.033027,0
607393528078663679,0.0315942,0
607393528212881407,0.0408006,0
607393528347099135,0.0454021,0
607393528481316863,0.0419163,0
607393528615534591,0.0422621,0
607393528883970047,0.0368473,0
607393529018187775,0.0461472,0
607393529152405503,0.036287,0
607393529286623231,0.0400876,0
607393529420840959,0.0410368,0
607393529555058687,0.0364846,0
607393529689276415,0.0352174,0
607393529957711871,0.0352605,0
607393530091929599,0.0421331,0
607393530226147327,0.0332372,0
607393530360365055,0.0412014,0
607393530494582783,0.0359271,0
607393530628800511,0.0368794,0
607393530763018239,0.0362508,0
607393531031453695,0.0339457,0
607393531165671423,0.0201321,0
607393531299889151,0.0205566,0
607393531434106879,0.0214366,0
607393531568324607,0.0347088,0
607393531702542335,0.0314001,0
607393531836760063,0.0430361,0
607393532105195519,0.054515,0
607393532239413247,0.0512591,0
607393532373630975,0.0509275,0
607393532507848703,0.0575388,0
607393532642066431,0.0684305,0
607393532776284159,0.0563037,0
607393532910501887,0.0686686,0
607393533178937343,0.0500389,0
607393533313155071,0.0443982,0
607393533447372799,0.043235,0
607393533581590527,0.040146,0
607393533715808255,0.061324,0
607393533850025983,0.0568523,0
607393533984243711,0.0594624,0
607393534252679167,0.0373383,0
607393534386896895,0.0377521,0
607393534521114623,0.0381465,0
607393534655332351,0.0390838,0
607393534789550079,0.0514112,0
607393534923767807,0.0467094,0
607393535057985535,0.0547668,0
607393536400162815,0.0588092,0
607393536534380543,0.044426,0
607393536668598271,0.0546093,0
607393536802815999,0.0385239,0
607393536937033727,0.0538488,0
607393537071251455,0.0530402,0
607393537205469183,0.0501058,0
607393537473904639,0.0512874,0
607393537608122367,0.046218,0
607393537742340095,0.0398087,0
607393537876557823,0.0433595,0
607393538010775551,0.0433501,0
607393538144993279,0.0455382,0
607393538279211007,0.0426343,0
607393538547646463,0.0259003,0
607393538681864191,0.0202047,0
607393538816081919,0.0224739,0
607393538950299647,0.0189425,0
607393539084517375,0.0370233,0
607393539218735103,0.0371095,0
607393539352952831,0.0301265,0
607393539621388287,0.0218168,0
607393539755606015,0.0230435,0
607393539889823743,0.0202655,0
607393540024041471,0.021986,0
607393540158259199,0.0336817,0
607393540292476927,0.0299653,0
607393540426694655,0.0198773,0
607393540695130111,0.0666771,0
607393540829347839,0.0515504,0
607393540963565567,0.0714116,0
607393541097783295,0.0605809,0
607393541232001023,0.0664739,0
607393541366218751,0.069046,0
607393541500436479,0.0684773,0
607393541768871935,0.0573146,0
607393541903089663,0.0507719,0
607393542037307391,0.0554595,0
607393542171525119,0.0492363,0
607393542305742847,0.0593413,0
607393542439960575,0.0612484,0
607393542574178303,0.0518428,0
607393542842613759,0.0570553,0
607393542976831487,0.0431258,0
607393543111049215,0.0587161,0
607393543245266943,0.0422146,0
607393543379484671,0.0701314,0
607393543513702399,0.0605819,0
607393543647920127,0.0572719,0
607393544990097407,0.0289935,0
607393545124315135,0.0295188,0
607393545258532863,0.0387291,0
607393545392750591,0.0170059,0
607393545526968319,0.0276654,0
607393545661186047,0.0318083,0
607393545795403775,0.0255759,0
607393546063839231,0.0230705,0
607393546198056959,0.0197727,0
607393546332274687,0.0242593,0
607393546466492415,0.0190002,0
607393546600710143,0.0302379,0
607393546734927871,0.0316595,0
607393546869145599,0.0279252,0
607393547137581055,0.0239864,0
607393547271798783,0.0249801,0
607393547406016511,0.028329,0
607393547540234239,0.0202235,0
607393547674451967,0.0318961,0
607393547808669695,0.0247197,0
607393547942887423,0.0375686,0
607393548211322879,0.0320694,0
607393548345540607,0.0280243,0
607393548479758335,0.0344605,0
607393548613976063,0.0340492,0
607393548748193791,0.0274997,0
607393548882411519,0.031011,0
607393549016629247,0.0301745,0
607393549285064703,0.030689,0
607393549419282431,0.0347473,0
607393549553500159,0.031863,0
607393549687717887,0.030232,0
607393549821935615,0.0364818,0
607393549956153343,0.0360959,0
607393550090371071,0.0332129,0
607393550358806527,0.0341464,0
607393550493024255,0.0308556,0
607393550627241983,0.031778,0
607393550761459711,0.0290106,0
607393550895677439,0.0370725,0
607393551029895167,0.0410039,0
607393551164112895,0.0388627,0
607393551432548351,0.0290537,0
607393551566766079,0.0255974,0
607393551700983807,0.0222905,0
607393551835201535,0.0286578,0
607393551969419263,0.028549,0
607393552103636991,0.0280401,0
607393552237854719,0.0287497,0
607393553580031999,0.0899363,0
607393553714249727,0.0800621,0
607393553848467455,0.0843253,0
607393553982685183,0.0778615,0
607393554116902911,0.0892242,0
607393554251120639,0.0849057,0
607393554385338367,0.0924476,0
607393554653773823,0.0809226,0
607393554787991551,0.0681988,0
607393554922209279,0.0854018,0
607393555056427007,0.0788524,0
607393555190644735,0.0844883,0
607393555324862463,0.0772244,0
607393555459080191,0.0791713,0
607393555727515647,0.0744534,0
607393555861733375,0.0709822,0
607393555995951103,0.0762018,0
607393556130168831,0.0674044,0
607393556264386559,0.0759388,0
607393556398604287,0.0725916,0
607393556532822015,0.0712937,0
607393556801257471,0.0753444,0
607393556935475199,0.0758288,0
607393557069692927,0.0773695,0
607393557203910655,0.0715443,0
607393557338128383,0.0820541,0
607393557472346111,0.070721,0
607393557606563839,0.0750779,0
607393557874999295,0.0852837,0
607393558009217023,0.0799457,0
607393558143434751,0.0896272,0
607393558277652479,0.0801103,0
607393558411870207,0.0943087,0
607393558546087935,0.0859225,0
607393558680305663,0.0896626,0
607393558948741119,0.087165,0
607393559082958847,0.0843263,0
607393559217176575,0.0864534,0
607393559351394303,0.0836647,0
607393559485612031,0.0908115,0
607393559619829759,0.0847827,0
607393559754047487,0.0834994,0
607393560022482943,0.0784619,0
607393560156700671,0.0807983,0
607393560290918399,0.0780577,0
607393560425136127,0.0728451,0
607393560559353855,0.0988545,0
607393560693571583,0.0907645,0
607393560827789311,0.0868027,0
607393562169966591,0.0652491,0
607393562304184319,0.0695365,0
607393562438402047,0.0727627,0
607393562572619775,0.0755322,0
607393562706837503,0.0689677,0
607393562841055231,0.0652565,0
607393562975272959,0.066651,0
607393563243708415,0.0617032,0
607393563377926143,0.075818,0
607393563512143871,0.0648957,0
607393563646361599,0.0590675,0
607393563780579327,0.0727339,0
607393563914797055,0.0622794,0
607393564049014783,0.0736615,0
607393564317450239,0.0675351,0
607393564451667967,0.064794,0
607393564585885695,0.0670214,0
607393564720103423,0.0739821,0
607393564854321151,0.0715944,0
607393564988538879,0.0694462,0
607393565122756607,0.0723915,0
607393565391192063,0.0616699,0
607393565525409791,0.0682413,0
607393565659627519,0.0617595,0
607393565793845247,0.0585607,0
607393565928062975,0.0714955,0
607393566062280703,0.0573013,0
607393566196498431,0.0689509,0
607393566464933887,0.0747282,0
607393566599151615,0.0770246,0
607393566733369343,0.0754409,0
607393566867587071,0.0699362,0
607393567001804799,0.0835801,0
607393567136022527,0.0818786,0
607393567270240255,0.0766715,0
607393567538675711,0.0775015,0
607393567672893439,0.0821827,0
607393567807111167,0.0817686,0
607393567941328895,0.0768042,0
607393568075546623,0.0827905,0
607393568209764351,0.0768111,0
607393568343982079,0.0779418,0
607393568612417535,0.0794572,0
607393568746635263,0.0738981,0
607393568880852991,0.0716875,0
607393569015070719,0.0716751,0
607393569149288447,0.0784041,0
607393569283506175,0.0688787,0
607393569417723903,0.0766174,0
607393570759901183,0.0633171,0
607393570894118911,0.0647982,0
607393571028336639,0.0670436,0
607393571162554367,0.0614678,0
607393571296772095,0.0665954,0
607393571430989823,0.0645719,0
607393571565207551,0.0731845,0
607393571833643007,0.0636899,0
607393571967860735,0.057409,0
607393572102078463,0.0635795,0
607393572236296191,0.0608381,0
607393572370513919,0.0648904,0
607393572504731647,0.058965,0
607393572638949375,0.0645292,0
607393572907384831,0.0670447,0
607393573041602559,0.0606541,0
607393573175820287,0.0717882,0
607393573310038015,0.0643932,0
607393573444255743,0.0675668,0
607393573578473471,0.0605091,0
607393573712691199,0.0692593,0
607393573981126655,0.0662944,0
607393574115344383,0.0596923,0
607393574249562111,0.0743944,0
607393574383779839,0.0662529,0
607393574517997567,0.0596862,0
607393574652215295,0.0597445,0
607393574786433023,0.060524,0
607393575054868479,0.0724072,0
607393575189086207,0.0697813,0
607393575323303935,0.0790699,0
607393575457521663,0.068666,0
607393575591739391,0.0728161,0
607393575725957119,0.0762057,0
607393575860174847,0.081709,0
607393576128610303,0.0724679,0
607393576262828031,0.0748685,0
607393576397045759,0.0634007,0
607393576531263487,0.0600311,0
607393576665481215,0.0776695,0
607393576799698943,0.0706102,0
607393576933916671,0.0779329,0
607393577202352127,0.0787496,0
607393577336569855,0.0746641,0
607393577470787583,0.0816224,0
607393577605005311,0.0730667,0
607393577739223039,0.0825693,0
607393577873440767,0.0815008,0
607393578007658495,0.0869486,0
607393587939770367,0.203304,0
607393588073988095,0.209389,0
607393588208205823,0.292618,0
607393588342423551,0.193446,0
607393588476641279,0.217338,0
607393588610859007,0.189061,0
607393588745076735,0.32099,0
607393589013512191,0.220546,0
607393589147729919,0.215994,0
607393589281947647,0.204642,0
607393589416165375,0.219856,0
607393589550383103,0.196722,0
607393589684600831,0.205968,0
607393589818818559,0.198891,0
607393590087254015,0.158583,0
607393590221471743,0.253018,0
607393590355689471,0.162952,0
607393590489907199,0.154336,0
607393590624124927,0.174638,0
607393590758342655,0.265761,0
607393590892560383,0.153005,0
607393591160995839,0.245796,0
607393591295213567,0.181236,0
607393591429431295,0.255022,0
607393591563649023,0.223963,0
607393591697866751,0.182124,0
607393591832084479,0.185219,0
607393591966302207,0.272137,0
607393592234737663,0.213475,0
607393592368955391,0.265272,0
607393592503173119,0.231329,0
607393592637390847,0.265339,0
607393592771608575,0.340051,0
607393592905826303,0.355046,0
607393593040044031,0.236374,0
607393593308479487,0.263517,0
607393593442697215,0.208923,0
607393593576914943,0.202978,0
607393593711132671,0.210298,0
607393593845350399,0.321856,0
607393593979568127,0.214041,0
607393594113785855,0.372811,0
607393594382221311,0.182547,0
607393594516439039,0.195336,0
607393594650656767,0.131004,0
607393594784874495,0.175219,0
607393594919092223,0.18655,0
607393595053309951,0.222978,0
607393595187527679,0.192618,0
607393596529704959,0.184825,0
607393596663922687,0.295587,0
607393596798140415,0.234668,0
607393596932358143,0.193795,0
607393597066575871,0.19988,0
607393597200793599,0.218398,0
607393597335011327,0.210581,0
607393597603446783,0.190503,0
607393597737664511,0.187582,0
607393597871882239,0.292243,0
607393598006099967,0.262814,0
607393598140317695,0.204966,0
607393598274535423,0.196075,0
607393598408753151,0.226699,0
607393598677188607,0.154132,0
607393598811406335,0.194021,0
607393598945624063,0.165596,0
607393599079841791,0.151146,0
607393599214059519,0.220672,0
607393599348277247,0.17815,0
607393599482494975,0.171287,0
607393599750930431,0.203062,0
607393599885148159,0.201275,0
607393600019365887,0.192971,0
607393600153583615,0.170889,0
607393600287801343,0.205176,0
607393600422019071,0.18186,0
607393600556236799,0.178196,0
607393600824672255,0.223636,0
607393600958889983,0.227322,0
607393601093107711,0.212767,0
607393601227325439,0.223086,0
607393601361543167,0.26215,0
607393601495760895,0.216656,0
607393601629978623,0.265233,0
607393601898414079,0.26464,0
607393602032631807,0.2092,0
607393602166849535,0.23206,0
607393602301067263,0.243751,0
607393602435284991,0.284835,0
607393602569502719,0.253766,0
607393602703720447,0.214546,0
607393602972155903,0.226533,0
607393603106373631,0.23714,0
607393603240591359,0.162456,0
607393603374809087,0.263685,0
607393603509026815,0.211553,0
607393603643244543,0.294512,0
607393603777462271,0.191944,0
607393605119639551,0.159502,0
607393605253857279,0.168701,0
607393605388075007,0.147437,0
607393605522292735,0.157996,0
607393605656510463,0.161368,0
607393605790728191,0.162571,0
607393605924945919,0.140613,0
607393606193381375,0.1524,0
607393606327599103,0.149805,0
607393606461816831,0.150327,0
607393606596034559,0.136249,0
607393606730252287,0.133856,0
607393606864470015,0.187168,0
607393606998687743,0.151214,0
607393607267123199,0.126367,0
607393607401340927,0.163213,0
607393607535558655,0.166649,0
607393607669776383,0.124927,0
607393607803994111,0.123401,0
607393607938211839,0.168561,0
607393608072429567,0.0945768,0
607393608340865023,0.14421,0
607393608475082751,0.140525,0
607393608609300479,0.131254,0
607393608743518207,0.131349,0
607393608877735935,0.164066,0
607393609011953663,0.150067,0
607393609146171391,0.155742,0
607393609414606847,0.135821,0
607393609548824575,0.141119,0
607393609683042303,0.135191,0
607393609817260031,0.136962,0
607393609951477759,0.151344,0
607393610085695487,0.1441,0
607393610219913215,0.141612,0
607393610488348671,0.116282,0
607393610622566399,0.151585,0
607393610756784127,0.144391,0
607393610891001855,0.144622,0
607393611025219583,0.125409,0
607393611159437311,0.243597,0
607393611293655039,0.125533,0
607393611562090495,0.128612,0
607393611696308223,0.131724,0
607393611830525951,0.118832,0
607393611964743679,0.111167,0
607393612098961407,0.130238,0
607393612233179135,0.132508,0
607393612367396863,0.126564,0
607393613709574143,0.133168,0
607393613843791871,0.151732,0
607393613978009599,0.16568,0
607393614112227327,0.148621,0
607393614246445055,0.134437,0
607393614380662783,0.135694,0
607393614514880511,0.157032,0
607393614783315967,0.136097,0
607393614917533695,0.144244,0
607393615051751423,0.132015,0
607393615185969151,0.130596,0
607393615320186879,0.165494,0
607393615454404607,0.157331,0
607393615588622335,0.168115,0
607393615857057791,0.119215,0
607393615991275519,0.116173,0
607393616125493247,0.111131,0
607393616259710975,0.117425,0
607393616393928703,0.131905,0
607393616528146431,0.120328,0
607393616662364159,0.103293,0
607393616930799615,0.114661,0
607393617065017343,0.121251,0
607393617199235071,0.117536,0
607393617333452799,0.116675,0
607393617467670527,0.133914,0
607393617601888255,0.125232,0
607393617736105983,0.125628,0
607393618004541439,0.133018,0
607393618138759167,0.160489,0
607393618272976895,0.12253,0
607393618407194623,0.162663,0
607393618541412351,0.136745,0
607393618675630079,0.165831,0
607393618809847807,0.142083,0
607393619078283263,0.145756,0
607393619212500991,0.151964,0
607393619346718719,0.152105,0
607393619480936447,0.170427,0
607393619615154175,0.197275,0
607393619749371903,0.154096,0
607393619883589631,0.176182,0
607393620152025087,0.112642,0
607393620286242815,0.131022,0
607393620420460543,0.139155,0
607393620554678271,0.114724,0
607393620688895999,0.139634,0
607393620823113727,0.189528,0
607393620957331455,0.127137,0
607393622299508735,0.296527,0
607393622433726463,0.27627,0
607393622567944191,0.26912,0
607393622702161919,0.247088,0
607393622836379647,0.2856,0
607393622970597375,0.29549,0
607393623104815103,0.294969,0
607393623373250559,0.417179,0
607393623507468287,0.291863,0
607393623641686015,0.284089,0
607393623775903743,0.272573,0
607393623910121471,0.333898,0
607393624044339199,0.344352,0
607393624178556927,0.289866,0
607393624446992383,0.301628,0
607393624581210111,0.327537,0
607393624715427839,0.236904,0
607393624849645567,0.195324,0
607393624983863295,0.250737,0
607393625118081023,0.261005,0
607393625252298751,0.294145,0
607393625520734207,0.222847,0
607393625654951935,0.225896,0
607393625789169663,0.348224,0
607393625923387391,0.358624,0
607393626057605119,0.23909,0
607393626191822847,0.247833,0
607393626326040575,0.235061,0
607393626594476031,0.288242,0
607393626728693759,0.297993,0
607393626862911487,0.292888,0
607393626997129215,0.297544,0
607393627131346943,0.311375,0
607393627265564671,0.342888,0
607393627399782399,0.320435,0
607393627668217855,0.346272,0
607393627802435583,0.353126,0
607393627936653311,0.323558,0
607393628070871039,0.326947,0
607393628205088767,0.397393,0
607393628339306495,0.363839,0
607393628473524223,0.338724,0
607393628741959679,0.22335,0
607393628876177407,0.242278,0
607393629010395135,0.217408,0
607393629144612863,0.209731,0
607393629278830591,0.283597,0
607393629413048319,0.276643,0
607393629547266047,0.263622,0
607393630889443327,0.283526,0
607393631023661055,0.327837,0
607393631157878783,0.213435,0
607393631292096511,0.239563,0
607393631426314239,0.313758,0
607393631560531967,0.271781,0
607393631694749695,0.231441,0
607393631963185151,0.270129,0
607393632097402879,0.2857,0
607393632231620607,0.275685,0
607393632365838335,0.272643,0
607393632500056063,0.313308,0
607393632634273791,0.297799,0
607393632768491519,0.27538,0
607393633036926975,0.251367,0
607393633171144703,0.332077,0
607393633305362431,0.191791,0
607393633439580159,0.29878,0
607393633573797887,0.212762,0
607393633708015615,0.228507,0
607393633842233343,0.228813,0
607393634110668799,0.224168,0
607393634244886527,0.241282,0
607393634379104255,0.217885,0
607393634513321983,0.21413,0
607393634647539711,0.287116,0
607393634781757439,0.252695,0
607393634915975167,0.245566,0
607393635184410623,0.304591,0
607393635318628351,0.320709,0
607393635452846079,0.279975,0
607393635587063807,0.284795,0
607393635721281535,0.350979,0
607393635855499263,0.430624,0
607393635989716991,0.360421,0
607393636258152447,0.326132,0
607393636392370175,0.323854,0
607393636526587903,0.316434,0
607393636660805631,0.315345,0
607393636795023359,0.322787,0
607393636929241087,0.33211,0
607393637063458815,0.398043,0
607393637331894271,0.222771,0
607393637466111999,0.21345,0
607393637600329727,0.224007,0
607393637734547455,0.218939,0
607393637868765183,0.274372,0
607393638002982911,0.241907,0
607393638137200639,0.229859,0
607393639479377919,0.211308,0
607393639613595647,0.19277,0
607393639747813375,0.214608,0
607393639882031103,0.248088,0
607393640016248831,0.211522,0
607393640150466559,0.249017,0
607393640284684287,0.256261,0
607393640553119743,0.199849,0
607393640687337471,0.227167,0
607393640821555199,0.186422,0
607393640955772927,0.172714,0
607393641089990655,0.231903,0
607393641224208383,0.21572,0
607393641358426111,0.222704,0
607393641626861567,0.16673,0
607393641761079295,0.160574,0
607393641895297023,0.158754,0
607393642029514751,0.160681,0
607393642163732479,0.152718,0
607393642297950207,0.199419,0
607393642432167935,0.169007,0
607393642700603391,0.167214,0
607393642834821119,0.181723,0
607393642969038847,0.142857,0
607393643103256575,0.16787,0
607393643237474303,0.202545,0
607393643371692031,0.160238,0
607393643505909759,0.169048,0
607393643774345215,0.190326,0
607393643908562943,0.226586,0
607393644042780671,0.253803,0
607393644176998399,0.234422,0
607393644311216127,0.216783,0
607393644445433855,0.228127,0
607393644579651583,0.238897,0
607393644848087039,0.225369,0
607393644982304767,0.232074,0
607393645116522495,0.234764,0
607393645250740223,0.229776,0
607393645384957951,0.271324,0
607393645519175679,0.223476,0
607393645653393407,0.280472,0
607393645921828863,0.188418,0
607393646056046591,0.208875,0
607393646190264319,0.167124,0
607393646324482047,0.135492,0
607393646458699775,0.204147,0
607393646592917503,0.216677,0
607393646727135231,0.196588,0
607393656659247103,0.233094,0
607393656793464831,0.230718,0
607393656927682559,0.229357,0
607393657061900287,0.229783,0
607393657196118015,0.26364,0
607393657330335743,0.25825,0
607393657464553471,0.235472,0
607393657732988927,0.225198,0
607393657867206655,0.234419,0
607393658001424383,0.231468,0
607393658135642111,0.231034,0
607393658269859839,0.262555,0
607393658404077567,0.254907,0
607393658538295295,0.245902,0
607393658806730751,0.207751,0
607393658940948479,0.207909,0
607393659075166207,0.211887,0
607393659209383935,0.203134,0
607393659343601663,0.232856,0
607393659477819391,0.225855,0
607393659612037119,0.217183,0
607393659880472575,0.217027,0
607393660014690303,0.222978,0
607393660148908031,0.20643,0
607393660283125759,0.203785,0
607393660417343487,0.240093,0
607393660551561215,0.226761,0
607393660685778943,0.223102,0
607393660954214399,0.312658,0
607393661088432127,0.288598,0
607393661222649855,0.298625,0
607393661356867583,0.280712,0
607393661491085311,0.322234,0
607393661625303039,0.327496,0
607393661759520767,0.312188,0
607393662027956223,0.288458,0
607393662162173951,0.271064,0
607393662296391679,0.286269,0
607393662430609407,0.282021,0
607393662564827135,0.291514,0
607393662699044863,0.333631,0
607393662833262591,0.309888,0
607393663101698047,0.251953,0
607393663235915775,0.23147,0
607393663370133503,0.251574,0
607393663504351231,0.241142,0
607393663638568959,0.266089,0
607393663772786687,0.262434,0
607393663907004415,0.246977,0
607393665249181695,0.215624,0
607393665383399423,0.188817,0
607393665517617151,0.198996,0
607393665651834879,0.187086,0
607393665786052607,0.206814,0
607393665920270335,0.213936,0
607393666054488063,0.20714,0
607393666322923519,0.205201,0
607393666457141247,0.186998,0
607393666591358975,0.193751,0
607393666725576703,0.175353,0
607393666859794431,0.198435,0
607393666994012159,0.20433,0
607393667128229887,0.204774,0
607393667396665343,0.178907,0
607393667530883071,0.177577,0
607393667665100799,0.161776,0
607393667799318527,0.17005,0
607393667933536255,0.191167,0
607393668067753983,0.185838,0
607393668201971711,0.176676,0
607393668470407167,0.177532,0
607393668604624895,0.185387,0
607393668738842623,0.159671,0
607393668873060351,0.172753,0
607393669007278079,0.175655,0
607393669141495807,0.179301,0
607393669275713535,0.189181,0
607393669544148991,0.233429,0
607393669678366719,0.210028,0
607393669812584447,0.23194,0
607393669946802175,0.205514,0
607393670081019903,0.256126,0
607393670215237631,0.222741,0
607393670349455359,0.265942,0
607393670617890815,0.232014,0
607393670752108543,0.222131,0
607393670886326271,0.222685,0
607393671020543999,0.216225,0
607393671154761727,0.233177,0
607393671288979455,0.223505,0
607393671423197183,0.215281,0
607393671691632639,0.213642,0
607393671825850367,0.186292,0
607393671960068095,0.206797,0
607393672094285823,0.184704,0
607393672228503551,0.227653,0
607393672362721279,0.20112,0
607393672496939007,0.216332,0
607393673839116287,0.190943,0
607393673973334015,0.197701,0
607393674107551743,0.194864,0
607393674241769471,0.191403,0
607393674375987199,0.186879,0
607393674510204927,0.20792,0
607393674644422655,0.192031,0
607393674912858111,0.203626,0
607393675047075839,0.196669,0
607393675181293567,0.238008,0
607393675315511295,0.17812,0
607393675449729023,0.194733,0
607393675583946751,0.203915,0
607393675718164479,0.178693,0
607393675986599935,0.179306,0
607393676120817663,0.159301,0
607393676255035391,0.157256,0
607393676389253119,0.157344,0
607393676523470847,0.183154,0
607393676657688575,0.190931,0
607393676791906303,0.178981,0
607393677060341759,0.180279,0
607393677194559487,0.16645,0
607393677328777215,0.167546,0
607393677462994943,0.158317,0
607393677597212671,0.194322,0
607393677731430399,0.184401,0
607393677865648127,0.182407,0
607393678134083583,0.196141,0
607393678268301311,0.196151,0
607393678402519039,0.214571,0
607393678536736767,0.196972,0
607393678670954495,0.219063,0
607393678805172223,0.210671,0
607393678939389951,0.196849,0
607393679207825407,0.247374,0
607393679342043135,0.206393,0
607393679476260863,0.21596,0
607393679610478591,0.195263,0
607393679744696319,0.222828,0
607393679878914047,0.228789,0
607393680013131775,0.218066,0
607393680281567231,0.196096,0
607393680415784959,0.195767,0
607393680550002687,0.220418,0
607393680684220415,0.196694,0
607393680818438143,0.196712,0
607393680952655871,0.19447,0
607393681086873599,0.243335,0
607393682429050879,0.185564,0
607393682563268607,0.16262,0
607393682697486335,0.158914,0
607393682831704063,0.158711,0
607393682965921791,0.165266,0
607393683100139519,0.189203,0
607393683234357247,0.174628,0
607393683502792703,0.167985,0
607393683637010431,0.172925,0
607393683771228159,0.166409,0
607393683905445887,0.168976,0
607393684039663615,0.161268,0
607393684173881343,0.17289,0
607393684308099071,0.174081,0
607393684576534527,0.147828,0
607393684710752255,0.150733,0
607393684844969983,0.152902,0
607393684979187711,0.144686,0
607393685113405439,0.160719,0
607393685247623167,0.16125,0
607393685381840895,0.160349,0
607393685650276351,0.146153,0
607393685784494079,0.142464,0
607393685918711807,0.138853,0
607393686052929535,0.145697,0
607393686187147263,0.167807,0
607393686321364991,0.168861,0
607393686455582719,0.163831,0
607393686724018175,0.193078,0
607393686858235903,0.196892,0
607393686992453631,0.177705,0
607393687126671359,0.185179,0
607393687260889087,0.192309,0
607393687395106815,0.209281,0
607393687529324543,0.191873,0
607393687797759999,0.183203,0
607393687931977727,0.174534,0
607393688066195455,0.170016,0
607393688200413183,0.171763,0
607393688334630911,0.199927,0
607393688468848639,0.197355,0
607393688603066367,0.194265,0
607393688871501823,0.174634,0
607393689005719551,0.178624,0
607393689139937279,0.171705,0
607393689274155007,0.170033,0
607393689408372735,0.197536,0
607393689542590463,0.182078,0
607393689676808191,0.185673,0
607393691018985471,0.3405,0
607393691153203199,0.367006,0
607393691287420927,0.321907,0
607393691421638655,0.3609,0
607393691555856383,0.360841,0
607393691690074111,0.400605,0
607393691824291839,0.329662,0
607393692092727295,0.367909,0
607393692226945023,0.341093,0
607393692361162751,0.390782,0
607393692495380479,0.382903,0
607393692629598207,0.409892,0
607393692763815935,0.40576,0
607393692898033663,0.389499,0
607393693166469119,0.300945,0
607393693300686847,0.3336,0
607393693434904575,0.283114,0
607393693569122303,0.315721,0
607393693703340031,0.328404,0
607393693837557759,0.373801,0
607393693971775487,0.333257,0
607393694240210943,0.349756,0
607393694374428671,0.34492,0
607393694508646399,0.355621,0
607393694642864127,0.346567,0
607393694777081855,0.390131,0
607393694911299583,0.360493,0
607393695045517311,0.364613,0
607393695313952767,0.425531,0
607393695448170495,0.391119,0
607393695582388223,0.424473,0
607393695716605951,0.3834,0
607393695850823679,0.444895,0
607393695985041407,0.457356,0
607393696119259135,0.46503,0
607393696387694591,0.457133,0
607393696521912319,0.42322,0
607393696656130047,0.39084,0
607393696790347775,0.408291,0
607393696924565503,0.434957,0
607393697058783231,0.48697,0
607393697193000959,0.432577,0
607393697461436415,0.377748,0
607393697595654143,0.364065,0
607393697729871871,0.379431,0
607393697864089599,0.377294,0
607393697998307327,0.412225,0
607393698132525055,0.377621,0
607393698266742783,0.408183,0
607393699608920063,0.322343,0
607393699743137791,0.3054,0
607393699877355519,0.340756,0
607393700011573247,0.314859,0
607393700145790975,0.358849,0
607393700280008703,0.343386,0
607393700414226431,0.365155,0
607393700682661887,0.315847,0
607393700816879615,0.262531,0
607393700951097343,0.258439,0
607393701085315071,0.253178,0
607393701219532799,0.291832,0
607393701353750527,0.28729,0
607393701487968255,0.297229,0
607393701756403711,0.321965,0
607393701890621439,0.275305,0
607393702024839167,0.278548,0
607393702159056895,0.265547,0
607393702293274623,0.332741,0
607393702427492351,0.29279,0
607393702561710079,0.339012,0
607393702830145535,0.267818,0
607393702964363263,0.225224,0
607393703098580991,0.255386,0
607393703232798719,0.222436,0
607393703367016447,0.272902,0
607393703501234175,0.271332,0
607393703635451903,0.284988,0
607393703903887359,0.379382,0
607393704038105087,0.379776,0
607393704172322815,0.309068,0
607393704306540543,0.326747,0
607393704440758271,0.407635,0
607393704574975999,0.396117,0
607393704709193727,0.401767,0
607393704977629183,0.360138,0
607393705111846911,0.348595,0
607393705246064639,0.384237,0
607393705380282367,0.327679,0
607393705514500095,0.401368,0
607393705648717823,0.383898,0
607393705782935551,0.393994,0
607393706051371007,0.333544,0
607393706185588735,0.348245,0
607393706319806463,0.332801,0
607393706454024191,0.341954,0
607393706588241919,0.284755,0
607393706722459647,0.346274,0
607393706856677375,0.301513,0
607393708198854655,0.266199,0
607393708333072383,0.274054,0
607393708467290111,0.25564,0
607393708601507839,0.24478,0
607393708735725567,0.284816,0
607393708869943295,0.27342,0
607393709004161023,0.282663,0
607393709272596479,0.260669,0
607393709406814207,0.282855,0
607393709541031935,0.254018,0
607393709675249663,0.260516,0
607393709809467391,0.26712,0
607393709943685119,0.2828,0
607393710077902847,0.255512,0
607393710346338303,0.206127,0
607393710480556031,0.20723,0
607393710614773759,0.208752,0
607393710748991487,0.241071,0
607393710883209215,0.236746,0
607393711017426943,0.23567,0
607393711151644671,0.22208,0
607393711420080127,0.246504,0
607393711554297855,0.253296,0
607393711688515583,0.21763,0
607393711822733311,0.225179,0
607393711956951039,0.246322,0
607393712091168767,0.23794,0
607393712225386495,0.227554,0
607393712493821951,0.312147,0
607393712628039679,0.292949,0
607393712762257407,0.306437,0
607393712896475135,0.314263,0
607393713030692863,0.299547,0
607393713164910591,0.336406,0
607393713299128319,0.303306,0
607393713567563775,0.350351,0
607393713701781503,0.338356,0
607393713835999231,0.326236,0
607393713970216959,0.310001,0
607393714104434687,0.355859,0
607393714238652415,0.362784,0
607393714372870143,0.349268,0
607393714641305599,0.297908,0
607393714775523327,0.252225,0
607393714909741055,0.26157,0
607393715043958783,0.222461,0
607393715178176511,0.335688,0
607393715312394239,0.274147,0
607393715446611967,0.247824,0
607393725378723839,0.0745052,0
607393725512941567,0.0782308,0
607393725647159295,0.0792429,0
607393725781377023,0.0810375,0
607393725915594751,0.0744398,0
607393726049812479,0.0839453,0
607393726184030207,0.0671638,0
607393726452465663,0.0763884,0
607393726586683391,0.0745787,0
607393726720901119,0.0746439,0
607393726855118847,0.100239,0
607393726989336575,0.0774183,0
607393727123554303,0.0769756,0
607393727257772031,0.0848652,0
607393727526207487,0.0739789,0
607393727660425215,0.0779129,0
607393727794642943,0.085167,0
607393727928860671,0.111233,0
607393728063078399,0.0685262,0
607393728197296127,0.0861866,0
607393728331513855,0.0697034,0
607393728599949311,0.0754433,0
607393728734167039,0.0677354,0
607393728868384767,0.0735881,0
607393729002602495,0.0698546,0
607393729136820223,0.114854,0
607393729271037951,0.11013,0
607393729405255679,0.0848623,0
607393729673691135,0.0883992,0
607393729807908863,0.0810021,0
607393729942126591,0.074739,0
607393730076344319,0.0738383,0
607393730210562047,0.0870229,0
607393730344779775,0.0962194,0
607393730478997503,0.0741426,0
607393730747432959,0.0899183,0
607393730881650687,0.0807444,0
607393731015868415,0.0796219,0
607393731150086143,0.1025,0
607393731284303871,0.0856192,0
607393731418521599,0.0854646,0
607393731552739327,0.102233,0
607393731821174783,0.0770143,0
607393731955392511,0.075158,0
607393732089610239,0.0756656,0
607393732223827967,0.0750556,0
607393732358045695,0.0690825,0
607393732492263423,0.072893,0
607393732626481151,0.0753238,0
607393733968658431,0.0564398,0
607393734102876159,0.0532368,0
607393734237093887,0.0548494,0
607393734371311615,0.0593242,0
607393734505529343,0.0704147,0
607393734639747071,0.0599179,0
607393734773964799,0.066103,0
607393735042400255,0.0637634,0
607393735176617983,0.057773,0
607393735310835711,0.0672399,0
607393735445053439,0.0484455,0
607393735579271167,0.0608744,0
607393735713488895,0.0563166,0
607393735847706623,0.0690188,0
607393736116142079,0.0598517,0
607393736250359807,0.0526127,0
607393736384577535,0.0650649,0
607393736518795263,0.0616454,0
607393736653012991,0.0596158,0
607393736787230719,0.0515347,0
607393736921448447,0.0794289,0
607393737189883903,0.0592007,0
607393737324101631,0.0536181,0
607393737458319359,0.0618226,0
607393737592537087,0.0501256,0
607393737726754815,0.0524435,0
607393737860972543,0.0649361,0
607393737995190271,0.0536312,0
607393738263625727,0.0704667,0
607393738397843455,0.0714627,0
607393738532061183,0.0660614,0
607393738666278911,0.0652993,0
607393738800496639,0.0683043,0
607393738934714367,0.0746652,0
607393739068932095,0.0756805,0
607393739337367551,0.0728655,0
607393739471585279,0.0723993,0
607393739605803007,0.0629907,0
607393739740020735,0.0624982,0
607393739874238463,0.0824864,0
607393740008456191,0.0828425,0
607393740142673919,0.0748483,0
607393740411109375,0.0667096,0
607393740545327103,0.071557,0
607393740679544831,0.0714163,0
607393740813762559,0.0734476,0
607393740947980287,0.0833777,0
607393741082198015,0.0707763,0
607393741216415743,0.0648239,0
607393742558593023,0.0736357,0
607393742692810751,0.074758,0
607393742827028479,0.0749818,0
607393742961246207,0.0675509,0
607393743095463935,0.0843998,0
607393743229681663,0.1005,0
607393743363899391,0.0645989,0
607393743632334847,0.0772163,0
607393743766552575,0.102794,0
607393743900770303,0.0749056,0
607393744034988031,0.0736574,0
607393744169205759,0.0714574,0
607393744303423487,0.0863786,0
607393744437641215,0.119739,0
607393744706076671,0.07159,0
607393744840294399,0.0629708,0
607393744974512127,0.075619,0
607393745108729855,0.06402,0
607393745242947583,0.0714276,0
607393745377165311,0.0575107,0
607393745511383039,0.0794656,0
607393745779818495,0.0702357,0
607393745914036223,0.0738428,0
607393746048253951,0.0621737,0
607393746182471679,0.061528,0
607393746316689407,0.0699705,0
607393746450907135,0.0692714,0
607393746585124863,0.0637405,0
607393746853560319,0.072288,0
607393746987778047,0.0928927,0
607393747121995775,0.0573672,0
607393747256213503,0.102997,0
607393747390431231,0.0572734,0
607393747524648959,0.059323,0
607393747658866687,0.051838,0
607393747927302143,0.0849125,0
607393748061519871,0.0793214,0
607393748195737599,0.130745,0
607393748329955327,0.0792553,0
607393748464173055,0.067088,0
607393748598390783,0.084461,0
607393748732608511,0.0685517,0
607393749001043967,0.0615552,0
607393749135261695,0.0630752,0
607393749269479423,0.064274,0
607393749403697151,0.0632736,0
607393749537914879,0.0556485,0
607393749672132607,0.0576767,0
607393749806350335,0.0601421,0
607393751148527615,0.0743005,0
607393751282745343,0.0679041,0
607393751416963071,0.0912992,0
607393751551180799,0.0685939,0
607393751685398527,0.0753405,0
607393751819616255,0.0794338,0
607393751953833983,0.0775898,0
607393752222269439,0.0608131,0
607393752356487167,0.0506415,0
607393752490704895,0.0624767,0
607393752624922623,0.0590657,0
607393752759140351,0.0487812,0
607393752893358079,0.0585432,0
607393753027575807,0.0622523,0
607393753296011263,0.0699702,0
607393753430228991,0.0558207,0
607393753564446719,0.0697489,0
607393753698664447,0.0678963,0
607393753832882175,0.0715885,0
607393753967099903,0.0689421,0
607393754101317631,0.0706627,0
607393754369753087,0.0468213,0
607393754503970815,0.0539332,0
607393754638188543,0.0515337,0
607393754772406271,0.0499255,0
607393754906623999,0.0441383,0
607393755040841727,0.0542602,0
607393755175059455,0.0467738,0
607393755443494911,0.0732272,0
607393755577712639,0.064983,0
607393755711930367,0.0848376,0
607393755846148095,0.0826662,0
607393755980365823,0.0642569,0
607393756114583551,0.0602712,0
607393756248801279,0.0720598,0
607393756517236735,0.0626176,0
607393756651454463,0.0706393,0
607393756785672191,0.0622084,0
607393756919889919,0.0595263,0
607393757054107647,0.0755854,0
607393757188325375,0.0714688,0
607393757322543103,0.0619772,0
607393757590978559,0.0760641,0
607393757725196287,0.0636839,0
607393757859414015,0.0800827,0
607393757993631743,0.0702298,0
607393758127849471,0.0763415,0
607393758262067199,0.0793037,0
607393758396284927,0.0660993,0
607393759738462207,0.10668,0
607393759872679935,0.15724,0
607393760006897663,0.0973418,0
607393760141115391,0.0883357,0
607393760275333119,0.105309,0
607393760409550847,0.104599,0
607393760543768575,0.0824657,0
607393760812204031,0.107665,0
607393760946421759,0.103593,0
607393761080639487,0.151716,0
607393761214857215,0.0983754,0
607393761349074943,0.137782,0
607393761483292671,0.102663,0
607393761617510399,0.171052,0
607393761885945855,0.0739996,0
607393762020163583,0.0840638,0
607393762154381311,0.0721497,0
607393762288599039,0.0780127,0
607393762422816767,0.0766134,0
607393762557034495,0.0741301,0
607393762691252223,0.0718901,0
607393762959687679,0.110577,0
607393763093905407,0.0770354,0
607393763228123135,0.0750442,0
607393763362340863,0.0905659,0
607393763496558591,0.146752,0
607393763630776319,0.0907829,0
607393763764994047,0.127202,0
607393764033429503,0.0896883,0
607393764167647231,0.101459,0
607393764301864959,0.0737295,0
607393764436082687,0.0929571,0
607393764570300415,0.0804477,0
607393764704518143,0.100512,0
607393764838735871,0.0752182,0
607393765107171327,0.11526,0
607393765241389055,0.238222,0
607393765375606783,0.120015,0
607393765509824511,0.126589,0
607393765644042239,0.111881,0
607393765778259967,0.105601,0
607393765912477695,0.115588,0
607393766180913151,0.0769285,0
607393766315130879,0.0780461,0
607393766449348607,0.0478703,0
607393766583566335,0.0564463,0
607393766717784063,0.0834038,0
607393766852001791,0.0759729,0
607393766986219519,0.0758725,0
607393768328396799,0.0943028,0
607393768462614527,0.0942598,0
607393768596832255,0.0984341,0
607393768731049983,0.0918022,0
607393768865267711,0.102569,0
607393768999485439,0.102377,0
607393769133703167,0.100546,0
607393769402138623,0.096991,0
607393769536356351,0.104122,0
607393769670574079,0.0958195,0
607393769804791807,0.0954826,0
607393769939009535,0.0984836,0
607393770073227263,0.112429,0
607393770207444991,0.137633,0
607393770475880447,0.0953254,0
607393770610098175,0.0790305,0
607393770744315903,0.0786041,0
607393770878533631,0.0753005,0
607393771012751359,0.0940109,0
607393771146969087,0.0794037,0
607393771281186815,0.0982177,0
607393771549622271,0.0864919,0
607393771683839999,0.0872623,0
607393771818057727,0.077766,0
607393771952275455,0.077011,0
607393772086493183,0.0921263,0
607393772220710911,0.100248,0
607393772354928639,0.0764706,0
607393772623364095,0.105973,0
607393772757581823,0.105414,0
607393772891799551,0.0929933,0
607393773026017279,0.104789,0
607393773160235007,0.120757,0
607393773294452735,0.114007,0
607393773428670463,0.111893,0
607393773697105919,0.109825,0
607393773831323647,0.102714,0
607393773965541375,0.108432,0
607393774099759103,0.0956376,0
607393774233976831,0.118708,0
607393774368194559,0.123301,0
607393774502412287,0.124412,0
607393774770847743,0.0981695,0
607393774905065471,0.0965757,0
607393775039283199,0.0815007,0
607393775173500927,0.103257,0
607393775307718655,0.0964638,0
607393775441936383,0.0987889,0
607393775576154111,0.0912508,0
607393776918331391,0.050484,0
607393777052549119,0.0538013,0
607393777186766847,0.0464586,0
607393777320984575,0.0478549,0
607393777455202303,0.0552345,0
607393777589420031,0.0495269,0
607393777723637759,0.0461785,0
607393777992073215,0.0562875,0
607393778126290943,0.056115,0
607393778260508671,0.0707659,0
607393778394726399,0.0688497,0
607393778528944127,0.0651594,0
607393778663161855,0.0648604,0
607393778797379583,0.0443386,0
607393779065815039,0.0507582,0
607393779200032767,0.0644467,0
607393779334250495,0.0357439,0
607393779468468223,0.0408079,0
607393779602685951,0.0543963,0
607393779736903679,0.0582677,0
607393779871121407,0.0381151,0
607393780139556863,0.0726556,0
607393780273774591,0.0613592,0
607393780407992319,0.0716283,0
607393780542210047,0.0626636,0
607393780676427775,0.0764048,0
607393780810645503,0.0761378,0
607393780944863231,0.0694472,0
607393781213298687,0.0398605,0
607393781347516415,0.0415042,0
607393781481734143,0.0484667,0
607393781615951871,0.0489219,0
607393781750169599,0.0426095,0
607393781884387327,0.0377961,0
607393782018605055,0.0397793,0
607393782287040511,0.0538561,0
607393782421258239,0.0564856,0
607393782555475967,0.0362052,0
607393782689693695,0.0782101,0
607393782823911423,0.0461433,0
607393782958129151,0.0528672,0
607393783092346879,0.0421057,0
607393783360782335,0.0618019,0
607393783495000063,0.0529549,0
607393783629217791,0.0425513,0
607393783763435519,0.0435417,0
607393783897653247,0.0418776,0
607393784031870975,0.0570366,0
607393784166088703,0.0368584,0
607393862817677311,0.0279002,0
607393862951895039,0.0261358,0
607393863086112767,0.0216862,0
607393863220330495,0.0215094,0
607393863354548223,0.021215,0
607393863488765951,0.0276275,0
607393863622983679,0.0264537,0
607393863891419135,0.020793,0
607393864025636863,0.0216395,0
607393864159854591,0.028648,0
607393864294072319,0.0309673,0
607393864428290047,0.0176564,0
607393864562507775,0.0176775,0
607393864696725503,0.0190122,0
607393864965160959,0.0241586,0
607393865099378687,0.02377,0
607393865233596415,0.0233125,0
607393865367814143,0.019812,0
607393865502031871,0.0234168,0
607393865636249599,0.0245977,0
607393865770467327,0.0239469,0
607393866038902783,0.0235749,0
607393866173120511,0.0246155,0
607393866307338239,0.0274543,0
607393866441555967,0.0245329,0
607393866575773695,0.0236092,0
607393866709991423,0.0280943,0
607393866844209151,0.0252165,0
607393867112644607,0.0224599,0
607393867246862335,0.0236386,0
607393867381080063,0.0203594,0
607393867515297791,0.0205694,0
607393867649515519,0.027468,0
607393867783733247,0.0265822,0
607393867917950975,0.0236911,0
607393868186386431,0.022982,0
607393868320604159,0.0221388,0
607393868454821887,0.0213766,0
607393868589039615,0.0185121,0
607393868723257343,0.0256862,0
607393868857475071,0.0269748,0
607393868991692799,0.0281836,0
607393869260128255,0.0212798,0
607393869394345983,0.0218263,0
607393869528563711,0.0232894,0
607393869662781439,0.0224586,0
607393869796999167,0.0211002,0
607393869931216895,0.0242168,0
607393870065434623,0.020983,0
607393871407611903,0.024956,0
607393871541829631,0.0233612,0
607393871676047359,0.0296498,0
607393871810265087,0.0264412,0
607393871944482815,0.0262845,0
607393872078700543,0.0266384,0
607393872212918271,0.0247438,0
607393872481353727,0.0240765,0
607393872615571455,0.0248742,0
607393872749789183,0.0255025,0
607393872884006911,0.0300503,0
607393873018224639,0.0292491,0
607393873152442367,0.028303,0
607393873286660095,0.0216029,0
607393873555095551,0.0210555,0
607393873689313279,0.022788,0
607393873823531007,0.0267274,0
607393873957748735,0.0184225,0
607393874091966463,0.0241828,0
607393874226184191,0.0276356,0
607393874360401919,0.0221447,0
607393874628837375,0.0284735,0
607393874763055103,0.0281857,0
607393874897272831,0.0189652,0
607393875031490559,0.0212333,0
607393875165708287,0.0242216,0
607393875299926015,0.0338268,0
607393875434143743,0.0228691,0
607393875702579199,0.0198023,0
607393875836796927,0.020911,0
607393875971014655,0.0235235,0
607393876105232383,0.0246965,0
607393876239450111,0.0200584,0
607393876373667839,0.0199422,0
607393876507885567,0.0192008,0
607393876776321023,0.0324729,0
607393876910538751,0.0230881,0
607393877044756479,0.0226268,0
607393877178974207,0.0291154,0
607393877313191935,0.0234055,0
607393877447409663,0.0245433,0
607393877581627391,0.0228435,0
607393877850062847,0.028358,0
607393877984280575,0.0262702,0
607393878118498303,0.0245876,0
607393878252716031,0.0235796,0
607393878386933759,0.0318884,0
607393878521151487,0.0285805,0
607393878655369215,0.0253803,0
607393879997546495,0.0261731,0
607393880131764223,0.024379,0
607393880265981951,0.0248955,0
607393880400199679,0.0243201,0
607393880534417407,0.0306016,0
607393880668635135,0.0228784,0
607393880802852863,0.0225831,0
607393881071288319,0.0242113,0
607393881205506047,0.0241016,0
607393881339723775,0.0227872,0
607393881473941503,0.0185424,0
607393881608159231,0.0178868,0
607393881742376959,0.0159734,0
607393881876594687,0.025571,0
607393882145030143,0.0238014,0
607393882279247871,0.0232492,0
607393882413465599,0.0219047,0
607393882547683327,0.0225024,0
607393882681901055,0.0242965,0
607393882816118783,0.021909,0
607393882950336511,0.0184304,0
607393883218771967,0.0220225,0
607393883352989695,0.0222216,0
607393883487207423,0.0231111,0
607393883621425151,0.0227171,0
607393883755642879,0.0231702,0
607393883889860607,0.0214084,0
607393884024078335,0.0247057,0
607393884292513791,0.0358366,0
607393884426731519,0.0348804,0
607393884560949247,0.027646,0
607393884695166975,0.0281445,0
607393884829384703,0.0239301,0
607393884963602431,0.022456,0
607393885097820159,0.0325738,0
607393885366255615,0.0215527,0
607393885500473343,0.0234606,0
607393885634691071,0.0288566,0
607393885768908799,0.0244409,0
607393885903126527,0.0234333,0
607393886037344255,0.0203932,0
607393886171561983,0.0228292,0
607393886439997439,0.0338922,0
607393886574215167,0.0287792,0
607393886708432895,0.0231272,0
607393886842650623,0.0268219,0
607393886976868351,0.0227583,0
607393887111086079,0.0230087,0
607393887245303807,0.0279787,0
607393888587481087,0.0255151,0
607393888721698815,0.0285878,0
607393888855916543,0.0165104,0
607393888990134271,0.0164764,0
607393889124351999,0.018232,0
607393889258569727,0.0300808,0
607393889392787455,0.0204306,0
607393889661222911,0.0238322,0
607393889795440639,0.0211043,0
607393889929658367,0.0256634,0
607393890063876095,0.0173638,0
607393890198093823,0.0141857,0
607393890332311551,0.016914,0
607393890466529279,0.0196164,0
607393890734964735,0.0192087,0
607393890869182463,0.0185579,0
607393891003400191,0.0199495,0
607393891137617919,0.0175774,0
607393891271835647,0.0158435,0
607393891406053375,0.0194205,0
607393891540271103,0.0200721,0
607393891808706559,0.0209088,0
607393891942924287,0.0179998,0
607393892077142015,0.017108,0
607393892211359743,0.0159715,0
607393892345577471,0.020487,0
607393892479795199,0.0191129,0
607393892614012927,0.01652,0
607393892882448383,0.0244837,0
607393893016666111,0.0216748,0
607393893150883839,0.0248318,0
607393893285101567,0.0194554,0
607393893419319295,0.0207784,0
607393893553537023,0.0209625,0
607393893687754751,0.022648,0
607393893956190207,0.0223245,0
607393894090407935,0.016513,0
607393894224625663,0.0239935,0
607393894358843391,0.0121348,0
607393894493061119,0.0251159,0
607393894627278847,0.0215831,0
607393894761496575,0.0230033,0
607393895029932031,0.0299255,0
607393895164149759,0.0173442,0
607393895298367487,0.0155075,0
607393895432585215,0.0214707,0
607393895566802943,0.0291168,0
607393895701020671,0.0180533,0
607393895835238399,0.0199176,0
607393897177415679,0.0285182,0
607393897311633407,0.0243406,0
607393897445851135,0.0264683,0
607393897580068863,0.0242379,0
607393897714286591,0.0335921,0
607393897848504319,0.0264931,0
607393897982722047,0.036481,0
607393898251157503,0.0250074,0
607393898385375231,0.0262551,0
607393898519592959,0.0236603,0
607393898653810687,0.0277065,0
607393898788028415,0.0246101,0
607393898922246143,0.025674,0
607393899056463871,0.0250523,0
607393899324899327,0.0310265,0
607393899459117055,0.026938,0
607393899593334783,0.0249446,0
607393899727552511,0.0258197,0
607393899861770239,0.0243389,0
607393899995987967,0.0266559,0
607393900130205695,0.0272689,0
607393900398641151,0.0276546,0
607393900532858879,0.0270734,0
607393900667076607,0.0260547,0
607393900801294335,0.0297175,0
607393900935512063,0.0243562,0
607393901069729791,0.0294499,0
607393901203947519,0.0256462,0
607393901472382975,0.0555323,0
607393901606600703,0.0398611,0
607393901740818431,0.0404105,0
607393901875036159,0.0385237,0
607393902009253887,0.0630054,0
607393902143471615,0.0581767,0
607393902277689343,0.0596363,0
607393902546124799,0.0394615,0
607393902680342527,0.0265027,0
607393902814560255,0.037628,0
607393902948777983,0.0260243,0
607393903082995711,0.0431466,0
607393903217213439,0.0416063,0
607393903351431167,0.0426623,0
607393903619866623,0.0261327,0
607393903754084351,0.0239614,0
607393903888302079,0.0264371,0
607393904022519807,0.023841,0
607393904156737535,0.0371388,0
607393904290955263,0.0251092,0
607393904425172991,0.0372767,0
607393905767350271,0.0231862,0
607393905901567999,0.0242742,0
607393906035785727,0.0237171,0
607393906170003455,0.0241109,0
607393906304221183,0.0244901,0
607393906438438911,0.022548,0
607393906572656639,0.0248287,0
607393906841092095,0.0246998,0
607393906975309823,0.0305885,0
607393907109527551,0.0230949,0
607393907243745279,0.031115,0
607393907377963007,0.0232419,0
607393907512180735,0.0223814,0
607393907646398463,0.0272251,0
607393907914833919,0.0213148,0
607393908049051647,0.0263138,0
607393908183269375,0.0206146,0
607393908317487103,0.0200587,0
607393908451704831,0.0223577,0
607393908585922559,0.0216085,0
607393908720140287,0.0225313,0
607393908988575743,0.0215505,0
607393909122793471,0.0240698,0
607393909257011199,0.0212028,0
607393909391228927,0.0216133,0
607393909525446655,0.0212018,0
607393909659664383,0.0228672,0
607393909793882111,0.0230797,0
607393910062317567,0.0254743,0
607393910196535295,0.0282154,0
607393910330753023,0.0261102,0
607393910464970751,0.0294735,0
607393910599188479,0.0344266,0
607393910733406207,0.0274698,0
607393910867623935,0.0260827,0
607393911136059391,0.0254271,0
607393911270277119,0.0264571,0
607393911404494847,0.0406285,0
607393911538712575,0.0317876,0
607393911672930303,0.0292942,0
607393911807148031,0.0295384,0
607393911941365759,0.0406539,0
607393912209801215,0.0258229,0
607393912344018943,0.0272102,0
607393912478236671,0.0260515,0
607393912612454399,0.029821,0
607393912746672127,0.0265204,0
607393912880889855,0.0258632,0
607393913015107583,0.0261041,0
607393914357284863,0.0187162,0
607393914491502591,0.0199766,0
607393914625720319,0.0202944,0
607393914759938047,0.0195832,0
607393914894155775,0.019857,0
607393915028373503,0.0202652,0
607393915162591231,0.0211657,0
607393915431026687,0.020311,0
607393915565244415,0.020521,0
607393915699462143,0.0224331,0
607393915833679871,0.0223604,0
607393915967897599,0.0224252,0
607393916102115327,0.0259448,0
607393916236333055,0.0211415,0
607393916504768511,0.0239735,0
607393916638986239,0.0210006,0
607393916773203967,0.0237338,0
607393916907421695,0.0215592,0
607393917041639423,0.0203994,0
607393917175857151,0.0217555,0
607393917310074879,0.0210898,0
607393917578510335,0.023538,0
607393917712728063,0.0250866,0
607393917846945791,0.0214467,0
607393917981163519,0.0213689,0
607393918115381247,0.0181548,0
607393918249598975,0.0203395,0
607393918383816703,0.029648,0
607393918652252159,0.0373655,0
607393918786469887,0.0237093,0
607393918920687615,0.0269188,0
607393919054905343,0.0227431,0
607393919189123071,0.0375463,0
607393919323340799,0.0378361,0
607393919457558527,0.0371234,0
607393919725993983,0.0284283,0
607393919860211711,0.0238667,0
607393919994429439,0.027329,0
607393920128647167,0.0234292,0
607393920262864895,0.0252333,0
607393920397082623,0.0256345,0
607393920531300351,0.0235258,0
607393920799735807,0.0238573,0
607393920933953535,0.0216809,0
607393921068171263,0.0221445,0
607393921202388991,0.020788,0
607393921336606719,0.0248441,0
607393921470824447,0.0227908,0
607393921605042175,0.0212957,0
607393931537154047,0.0251484,0
607393931671371775,0.0187532,0
607393931805589503,0.0217622,0
607393931939807231,0.0168526,0
607393932074024959,0.0236187,0
607393932208242687,0.0246943,0
607393932342460415,0.0245705,0
607393932610895871,0.0252403,0
607393932745113599,0.0209099,0
607393932879331327,0.0201783,0
607393933013549055,0.0207372,0
607393933147766783,0.0223711,0
607393933281984511,0.0318572,0
607393933416202239,0.0213185,0
607393933684637695,0.0191513,0
607393933818855423,0.0181226,0
607393933953073151,0.0198715,0
607393934087290879,0.0188407,0
607393934221508607,0.0232537,0
607393934355726335,0.0194427,0
607393934489944063,0.0236947,0
607393934758379519,0.0186609,0
607393934892597247,0.0160476,0
607393935026814975,0.0153551,0
607393935161032703,0.0168657,0
607393935295250431,0.0188362,0
607393935429468159,0.0213536,0
607393935563685887,0.0213785,0
607393935832121343,0.0325403,0
607393935966339071,0.0230553,0
607393936100556799,0.0259053,0
607393936234774527,0.0244803,0
607393936368992255,0.0444241,0
607393936503209983,0.0306227,0
607393936637427711,0.0278102,0
607393936905863167,0.0367927,0
607393937040080895,0.0156774,0
607393937174298623,0.0267174,0
607393937308516351,0.0210534,0
607393937442734079,0.025882,0
607393937576951807,0.0293051,0
607393937711169535,0.0203322,0
607393937979604991,0.0230441,0
607393938113822719,0.0210245,0
607393938248040447,0.0217149,0
607393938382258175,0.0202655,0
607393938516475903,0.0253746,0
607393938650693631,0.0222842,0
607393938784911359,0.0238039,0
607393940127088639,0.025862,0
607393940395524095,0.0212848,0
607393940663959551,0.0279736,0
607393940932395007,0.0254826,0
607393942274572287,0.0173804,0
607393942543007743,0.0216547,0
607393942811443199,0.0197772,0
607393943079878655,0.0163363,0
607393944422055935,0.0253349,0
607393944556273663,0.0299047,0
607393944690491391,0.017568,0
607393944824709119,0.0291149,0
607393944958926847,0.021707,0
607393945093144575,0.0279779,0
607393945227362303,0.0250228,0
607393945495797759,0.0274092,0
607393945764233215,0.0214871,0
607393946032668671,0.0383686,0
607393946301104127,0.029386,0
607393946569539583,0.0195453,0
607393946703757311,0.0229475,0
607393946837975039,0.0191834,0
607393946972192767,0.022485,0
607393947106410495,0.0220338,0
607393947240628223,0.0277676,0
607393947374845951,0.0180149,0
607393948717023231,0.0259535,0
607393948851240959,0.02261,0
607393948985458687,0.0250061,0
607393949119676415,0.0255312,0
607393949253894143,0.0255145,0
607393949388111871,0.0228237,0
607393949522329599,0.0259337,0
607393949790765055,0.030773,0
607393949924982783,0.0199526,0
607393950059200511,0.0240662,0
607393950193418239,0.0223846,0
607393950327635967,0.0256306,0
607393950461853695,0.020872,0
607393950596071423,0.019071,0
607393950864506879,0.0207122,0
607393950998724607,0.0149074,0
607393951132942335,0.0244923,0
607393951267160063,0.0236409,0
607393951401377791,0.0171647,0
607393951535595519,0.018306,0
607393951669813247,0.0243555,0
607393951938248703,0.0149816,0
607393952072466431,0.0164935,0
607393952206684159,0.013591,0
607393952340901887,0.0171587,0
607393952475119615,0.0247765,0
607393952609337343,0.0216155,0
607393952743555071,0.0186317,0
607393953011990527,0.0232635,0
607393953146208255,0.0266047,0
607393953280425983,0.0204489,0
607393953414643711,0.0254137,0
607393953548861439,0.0240478,0
607393953683079167,0.024253,0
607393953817296895,0.0221986,0
607393954085732351,0.0210688,0
607393954219950079,0.0245076,0
607393954354167807,0.0257751,0
607393954488385535,0.025585,0
607393954622603263,0.0231326,0
607393954756820991,0.0181313,0
607393954891038719,0.0239515,0
607393955159474175,0.0292226,0
607393955293691903,0.0290188,0
607393955427909631,0.0195615,0
607393955562127359,0.0243301,0
607393955696345087,0.0250149,0
607393955830562815,0.0255539,0
607393955964780543,0.0286112,0
607393957306957823,0.0148884,0
607393957441175551,0.0226915,0
607393957575393279,0.0189363,0
607393957709611007,0.0169309,0
607393957843828735,0.0126798,0
607393957978046463,0.0188438,0
607393958112264191,0.0191843,0
607393958380699647,0.0125326,0
607393958649135103,0.0125253,0
607393958917570559,0.0128868,0
607393959186006015,0.0168411,0
607393959454441471,0.0197027,0
607393959588659199,0.0218108,0
607393959722876927,0.0123194,0
607393959857094655,0.0205264,0
607393959991312383,0.0193764,0
607393960125530111,0.0153754,0
607393960259747839,0.0149885,0
607393960528183295,0.0181604,0
607393960796618751,0.0203468,0
607393961065054207,0.0250445,0
607393961333489663,0.0123153,0
607393961601925119,0.0173768,0
607393961736142847,0.0147503,0
607393961870360575,0.0137511,0
607393962004578303,0.0150212,0
607393962138796031,0.0173782,0
607393962273013759,0.0170858,0
607393962407231487,0.0154465,0
607393962675666943,0.0167123,0
607393962809884671,0.0184255,0
607393962944102399,0.0123992,0
607393963078320127,0.0190826,0
607393963212537855,0.0156516,0
607393963346755583,0.0179094,0
607393963480973311,0.0153402,0
607393963749408767,0.0133163,0
607393963883626495,0.0162542,0
607393964017844223,0.0185793,0
607393964152061951,0.017792,0
607393964286279679,0.0237864,0
607393964420497407,0.0265162,0
607393964554715135,0.0206618,0
607393965896892415,0.0332193,0
607393966031110143,0.0382986,0
607393966165327871,0.030918,0
607393966299545599,0.030491,0
607393966433763327,0.0369784,0
607393966567981055,0.0361056,0
607393966702198783,0.0375171,0
607393966970634239,0.046749,0
607393967104851967,0.03705,0
607393967239069695,0.0372068,0
607393967373287423,0.0319596,0
607393967507505151,0.0480624,0
607393967641722879,0.0420392,0
607393967775940607,0.0430329,0
607393968044376063,0.028979,0
607393968178593791,0.0263841,0
607393968312811519,0.0364996,0
607393968447029247,0.0309028,0
607393968581246975,0.0310755,0
607393968715464703,0.0299781,0
607393968849682431,0.0381637,0
607393969118117887,0.0383409,0
607393969252335615,0.0289845,0
607393969386553343,0.0322053,0
607393969520771071,0.0278383,0
607393969654988799,0.0366125,0
607393969789206527,0.0401184,0
607393969923424255,0.0344797,0
607393970191859711,0.0355532,0
607393970326077439,0.0389394,0
607393970460295167,0.0289996,0
607393970594512895,0.0340743,0
607393970728730623,0.036872,0
607393970862948351,0.0378508,0
607393970997166079,0.0332544,0
607393971265601535,0.04078,0
607393971399819263,0.039291,0
607393971534036991,0.0439331,0
607393971668254719,0.0383662,0
607393971802472447,0.0488333,0
607393971936690175,0.049103,0
607393972070907903,0.0428124,0
607393972339343359,0.0297648,0
607393972473561087,0.032189,0
607393972607778815,0.026707,0
607393972741996543,0.0339821,0
607393972876214271,0.0284584,0
607393973010431999,0.0297461,0
607393973144649727,0.0280668,0
607393974486827007,0.0287043,0
607393974621044735,0.0254845,0
607393974755262463,0.0270794,0
607393974889480191,0.0328813,0
607393975023697919,0.0256734,0
607393975157915647,0.030271,0
607393975292133375,0.0239412,0
607393975560568831,0.0281617,0
607393975694786559,0.028644,0
607393975829004287,0.0229927,0
607393975963222015,0.0298428,0
607393976097439743,0.025095,0
607393976231657471,0.0306162,0
607393976365875199,0.0240972,0
607393976634310655,0.0324275,0
607393976768528383,0.0308393,0
607393976902746111,0.0236393,0
607393977036963839,0.0368289,0
607393977171181567,0.023564,0
607393977305399295,0.0344646,0
607393977439617023,0.0195511,0
607393977708052479,0.0224109,0
607393977842270207,0.0247344,0
607393977976487935,0.0276922,0
607393978110705663,0.0305186,0
607393978244923391,0.0218775,0
607393978379141119,0.025731,0
607393978513358847,0.0234291,0
607393978781794303,0.0339525,0
607393978916012031,0.0203901,0
607393979050229759,0.042643,0
607393979184447487,0.0329037,0
607393979318665215,0.0405386,0
607393979452882943,0.0399132,0
607393979587100671,0.0399903,0
607393979855536127,0.0324002,0
607393979989753855,0.0321713,0
607393980123971583,0.0224847,0
607393980258189311,0.0226875,0
607393980392407039,0.0310088,0
607393980526624767,0.0382417,0
607393980660842495,0.0322074,0
607393980929277951,0.0338036,0
607393981063495679,0.0249221,0
607393981197713407,0.0312968,0
607393981331931135,0.0251315,0
607393981466148863,0.0373487,0
607393981600366591,0.0368205,0
607393981734584319,0.0353247,0
607393983076761599,0.0227954,0
607393983210979327,0.0256506,0
607393983345197055,0.022354,0
607393983479414783,0.0257092,0
607393983613632511,0.0297151,0
607393983747850239,0.0294128,0
607393983882067967,0.0252886,0
607393984150503423,0.0276367,0
607393984284721151,0.0285046,0
607393984418938879,0.022452,0
607393984553156607,0.0263603,0
607393984687374335,0.0315264,0
607393984821592063,0.0322697,0
607393984955809791,0.0320702,0
607393985224245247,0.0241841,0
607393985358462975,0.0278375,0
607393985492680703,0.020611,0
607393985626898431,0.0238852,0
607393985761116159,0.0250848,0
607393985895333887,0.0238833,0
607393986029551615,0.022736,0
607393986297987071,0.0232191,0
607393986432204799,0.0226248,0
607393986566422527,0.026176,0
607393986700640255,0.0255571,0
607393986834857983,0.0243699,0
607393986969075711,0.0236697,0
607393987103293439,0.0267365,0
607393987371728895,0.0228938,0
607393987505946623,0.024041,0
607393987640164351,0.0257751,0
607393987774382079,0.0231936,0
607393987908599807,0.0239126,0
607393988042817535,0.0250097,0
607393988177035263,0.0235976,0
607393988445470719,0.0290097,0
607393988579688447,0.0292647,0
607393988713906175,0.0256963,0
607393988848123903,0.0319862,0
607393988982341631,0.0288612,0
607393989116559359,0.0322861,0
607393989250777087,0.0279904,0
607393989519212543,0.0232943,0
607393989653430271,0.0230306,0
607393989787647999,0.0241721,0
607393989921865727,0.0253919,0
607393990056083455,0.0225816,0
607393990190301183,0.0221934,0
607393990324518911,0.0254984,0
607394000256630783,0.0193051,0
607394000390848511,0.0183088,0
607394000525066239,0.0148102,0
607394000659283967,0.0226731,0
607394000793501695,0.0170609,0
607394000927719423,0.0174366,0
607394001061937151,0.0219631,0
607394001330372607,0.017595,0
607394001464590335,0.0228525,0
607394001598808063,0.0206629,0
607394001733025791,0.0229518,0
607394001867243519,0.0272051,0
607394002001461247,0.0211407,0
607394002135678975,0.0189088,0
607394002404114431,0.0147699,0
607394002538332159,0.0174609,0
607394002672549887,0.014472,0
607394002806767615,0.0176415,0
607394002940985343,0.0178533,0
607394003075203071,0.0173042,0
607394003209420799,0.0168281,0
607394003477856255,0.0147381,0
607394003612073983,0.0183975,0
607394003746291711,0.015366,0
607394003880509439,0.0153507,0
607394004014727167,0.0158344,0
607394004148944895,0.020519,0
607394004283162623,0.0147345,0
607394004551598079,0.014433,0
607394004685815807,0.0160451,0
607394004820033535,0.0181937,0
607394004954251263,0.0157203,0
607394005088468991,0.0188432,0
607394005222686719,0.0168045,0
607394005356904447,0.0173559,0
607394005625339903,0.0193185,0
607394005759557631,0.0262598,0
607394005893775359,0.0208733,0
607394006027993087,0.0199327,0
607394006162210815,0.0196337,0
607394006296428543,0.0224394,0
607394006430646271,0.0217467,0
607394006699081727,0.0165521,0
607394006833299455,0.0182374,0
607394006967517183,0.0149304,0
607394007101734911,0.0161962,0
607394007235952639,0.0136942,0
607394007370170367,0.01572,0
607394007504388095,0.0196536,0
607394008846565375,0.0226334,0
607394008980783103,0.0206195,0
607394009115000831,0.0208649,0
607394009249218559,0.0190592,0
607394009383436287,0.0230682,0
607394009517654015,0.0148373,0
607394009651871743,0.0209067,0
607394009920307199,0.0186532,0
607394010054524927,0.0266185,0
607394010188742655,0.0158812,0
607394010322960383,0.0189498,0
607394010457178111,0.0286822,0
607394010591395839,0.0289076,0
607394010725613567,0.0180052,0
607394010994049023,0.0225441,0
607394011128266751,0.0193805,0
607394011262484479,0.0206984,0
607394011396702207,0.0243592,0
607394011530919935,0.017976,0
607394011665137663,0.0174357,0
607394011799355391,0.0248673,0
607394012067790847,0.0189894,0
607394012202008575,0.0208839,0
607394012336226303,0.0273023,0
607394012470444031,0.020279,0
607394012604661759,0.01587,0
607394012738879487,0.0159932,0
607394012873097215,0.0157625,0
607394013141532671,0.0234305,0
607394013275750399,0.0259325,0
607394013409968127,0.0267301,0
607394013544185855,0.0168697,0
607394013678403583,0.0240215,0
607394013812621311,0.0289622,0
607394013946839039,0.0215383,0
607394014215274495,0.0391763,0
607394014349492223,0.0286616,0
607394014483709951,0.0353985,0
607394014617927679,0.0337553,0
607394014752145407,0.0297792,0
607394014886363135,0.0222778,0
607394015020580863,0.0312913,0
607394015289016319,0.0164106,0
607394015423234047,0.0208227,0
607394015557451775,0.0200078,0
607394015691669503,0.0215375,0
607394015825887231,0.0227902,0
607394015960104959,0.0235684,0
607394016094322687,0.0245254,0
607394017436499967,0.0136159,0
607394017570717695,0.0158814,0
607394017704935423,0.0153864,0
607394017839153151,0.0158912,0
607394017973370879,0.0174639,0
607394018107588607,0.0163228,0
607394018241806335,0.0148679,0
607394018510241791,0.0162254,0
607394018644459519,0.0153281,0
607394018778677247,0.0151252,0
607394018912894975,0.0158863,0
607394019047112703,0.0149023,0
607394019181330431,0.0174227,0
607394019315548159,0.0156998,0
607394019583983615,0.0165708,0
607394019718201343,0.0129015,0
607394019852419071,0.0134435,0
607394019986636799,0.0159767,0
607394020120854527,0.0169175,0
607394020255072255,0.0191691,0
607394020389289983,0.0148579,0
607394020657725439,0.0157092,0
607394020791943167,0.0132983,0
607394020926160895,0.0148436,0
607394021060378623,0.0141866,0
607394021194596351,0.0166237,0
607394021328814079,0.0146992,0
607394021463031807,0.0145226,0
607394021731467263,0.0165564,0
607394021865684991,0.0145157,0
607394021999902719,0.0144307,0
607394022134120447,0.0142471,0
607394022268338175,0.0126436,0
607394022402555903,0.0141222,0
607394022536773631,0.0217074,0
607394022805209087,0.0159122,0
607394022939426815,0.016657,0
607394023073644543,0.0125817,0
607394023207862271,0.0159696,0
607394023342079999,0.0144203,0
607394023476297727,0.0195997,0
607394023610515455,0.0170975,0
607394023878950911,0.0146226,0
607394024013168639,0.0131523,0
607394024147386367,0.0128658,0
607394024281604095,0.0190145,0
607394024415821823,0.0107361,0
607394024550039551,0.0136311,0
607394024684257279,0.0114321,0
607394026026434559,0.0242837,0
607394026160652287,0.0198889,0
607394026294870015,0.0210793,0
607394026429087743,0.0151798,0
607394026563305471,0.0199745,0
607394026697523199,0.0188535,0
607394026831740927,0.0211126,0
607394027100176383,0.0174601,0
607394027234394111,0.0193217,0
607394027368611839,0.0164627,0
607394027502829567,0.01728,0
607394027637047295,0.0230354,0
607394027771265023,0.019058,0
607394027905482751,0.0195142,0
607394028173918207,0.021442,0
607394028308135935,0.0123342,0
607394028442353663,0.0200832,0
607394028576571391,0.0193111,0
607394028710789119,0.0156204,0
607394028845006847,0.0118722,0
607394028979224575,0.013761,0
607394029247660031,0.0142214,0
607394029381877759,0.014525,0
607394029516095487,0.0110249,0
607394029650313215,0.0155981,0
607394029784530943,0.0182188,0
607394029918748671,0.0157052,0
607394030052966399,0.0122512,0
607394030321401855,0.0158951,0
607394030455619583,0.0144742,0
607394030589837311,0.0153543,0
607394030724055039,0.0132727,0
607394030858272767,0.0155492,0
607394030992490495,0.0142726,0
607394031126708223,0.0149026,0
607394031395143679,0.0186988,0
607394031529361407,0.017323,0
607394031663579135,0.0191772,0
607394031797796863,0.0204986,0
607394031932014591,0.0178442,0
607394032066232319,0.0203461,0
607394032200450047,0.0140765,0
607394032468885503,0.0134918,0
607394032603103231,0.0182748,0
607394032737320959,0.0158149,0
607394032871538687,0.0135284,0
607394033005756415,0.0121542,0
607394033139974143,0.0162987,0
607394033274191871,0.0138505,0
607394034616369151,0.0220186,0
607394034750586879,0.0239151,0
607394034884804607,0.0244269,0
607394035019022335,0.0179294,0
607394035153240063,0.0246106,0
607394035287457791,0.0172233,0
607394035421675519,0.0236646,0
607394035690110975,0.0189488,0
607394035824328703,0.0231146,0
607394035958546431,0.0186731,0
607394036092764159,0.0191145,0
607394036226981887,0.0185736,0
607394036361199615,0.027234,0
607394036495417343,0.0256224,0
607394036763852799,0.0154958,0
607394036898070527,0.0167225,0
607394037032288255,0.010717,0
607394037166505983,0.0135346,0
607394037300723711,0.0240503,0
607394037434941439,0.018429,0
607394037569159167,0.0146922,0
607394037837594623,0.0199643,0
607394037971812351,0.02559,0
607394038106030079,0.0231892,0
607394038240247807,0.0248297,0
607394038374465535,0.0193868,0
607394038508683263,0.0196824,0
607394038642900991,0.0198086,0
607394038911336447,0.0253273,0
607394039045554175,0.0299054,0
607394039179771903,0.0225363,0
607394039313989631,0.0284767,0
607394039448207359,0.035134,0
607394039582425087,0.0242979,0
607394039716642815,0.0246098,0
607394039985078271,0.0299317,0
607394040119295999,0.0210948,0
607394040253513727,0.0304036,0
607394040387731455,0.016649,0
607394040521949183,0.018261,0
607394040656166911,0.026604,0
607394040790384639,0.0235736,0
607394041058820095,0.0281454,0
607394041193037823,0.030444,0
607394041327255551,0.022837,0
607394041461473279,0.020193,0
607394041595691007,0.0255326,0
607394041729908735,0.0259538,0
607394041864126463,0.0124424,0
607394043206303743,0.0192872,0
607394043340521471,0.0194766,0
607394043474739199,0.0253655,0
607394043608956927,0.0200793,0
607394043743174655,0.0197449,0
607394043877392383,0.0172428,0
607394044011610111,0.0219278,0
607394044280045567,0.022779,0
607394044414263295,0.018281,0
607394044548481023,0.0185613,0
607394044682698751,0.0246476,0
607394044816916479,0.0168296,0
607394044951134207,0.0162086,0
607394045085351935,0.020752,0
607394045353787391,0.0248526,0
607394045488005119,0.0266373,0
607394045622222847,0.0201479,0
607394045756440575,0.0268797,0
607394045890658303,0.0238382,0
607394046024876031,0.0254454,0
607394046159093759,0.0272058,0
607394046427529215,0.0187853,0
607394046561746943,0.0255665,0
607394046695964671,0.030497,0
607394046830182399,0.0220582,0
607394046964400127,0.0203761,0
607394047098617855,0.0194171,0
607394047232835583,0.0266645,0
607394047501271039,0.0154647,0
607394047635488767,0.0167769,0
607394047769706495,0.0228375,0
607394047903924223,0.0176511,0
607394048038141951,0.0236079,0
607394048172359679,0.0216583,0
607394048306577407,0.0206907,0
607394048575012863,0.0200109,0
607394048709230591,0.0196385,0
607394048843448319,0.0170834,0
607394048977666047,0.0159833,0
607394049111883775,0.0176766,0
607394049246101503,0.0187709,0
607394049380319231,0.0232075,0
607394049648754687,0.025514,0
607394049782972415,0.02356,0
607394049917190143,0.0246608,0
607394050051407871,0.0263941,0
607394050185625599,0.0209467,0
607394050319843327,0.0222607,0
607394050454061055,0.0249433,0
607394051796238335,0.0226616,0
607394051930456063,0.0234782,0
607394052064673791,0.0186683,0
607394052198891519,0.0234667,0
607394052333109247,0.0176431,0
607394052467326975,0.0231802,0
607394052601544703,0.0178794,0
607394052869980159,0.0160755,0
607394053004197887,0.0156112,0
607394053138415615,0.010626,0
607394053272633343,0.0142484,0
607394053406851071,0.0131716,0
607394053541068799,0.0118753,0
607394053675286527,0.0113088,0
607394053943721983,0.01386,0
607394054077939711,0.0169257,0
607394054212157439,0.0140533,0
607394054346375167,0.0236435,0
607394054480592895,0.012068,0
607394054614810623,0.0185085,0
607394054749028351,0.0143802,0
607394055017463807,0.0165778,0
607394055151681535,0.0147849,0
607394055285899263,0.0142364,0
607394055420116991,0.0176526,0
607394055554334719,0.0170979,0
607394055688552447,0.0130852,0
607394055822770175,0.0205676,0
607394056091205631,0.0207211,0
607394056225423359,0.0193551,0
607394056359641087,0.0196213,0
607394056493858815,0.0215564,0
607394056628076543,0.0156738,0
607394056762294271,0.0208678,0
607394056896511999,0.0179756,0
607394057164947455,0.0214245,0
607394057299165183,0.014676,0
607394057433382911,0.0247752,0
607394057567600639,0.0145785,0
607394057701818367,0.0272924,0
607394057836036095,0.0149523,0
607394057970253823,0.0191809,0
607394058238689279,0.0167958,0
607394058372907007,0.0130662,0
607394058507124735,0.0219373,0
607394058641342463,0.0146133,0
607394058775560191,0.0225397,0
607394058909777919,0.017917,0
607394059043995647,0.0172715,0
607394068976107519,0.0223239,0
607394069110325247,0.0197629,0
607394069244542975,0.0241948,0
607394069378760703,0.0242565,0
607394069512978431,0.0228859,0
607394069647196159,0.0213799,0
607394069781413887,0.0236727,0
607394070049849343,0.020424,0
607394070184067071,0.0211832,0
607394070318284799,0.021822,0
607394070452502527,0.0201621,0
607394070586720255,0.0159703,0
607394070720937983,0.0174428,0
607394070855155711,0.0200763,0
607394071123591167,0.0229341,0
607394071257808895,0.0206616,0
607394071392026623,0.0208641,0
607394071526244351,0.0205801,0
607394071660462079,0.0266931,0
607394071794679807,0.0239046,0
607394071928897535,0.0214454,0
607394072197332991,0.0243596,0
607394072331550719,0.0253332,0
607394072465768447,0.0234867,0
607394072599986175,0.0236933,0
607394072734203903,0.0251954,0
607394072868421631,0.0272011,0
607394073002639359,0.0205068,0
607394073271074815,0.0215303,0
607394073405292543,0.0187357,0
607394073539510271,0.0219494,0
607394073673727999,0.0220867,0
607394073807945727,0.0201424,0
607394073942163455,0.0165807,0
607394074076381183,0.025655,0
607394074344816639,0.0154394,0
607394074479034367,0.0144377,0
607394074613252095,0.0204874,0
607394074747469823,0.0197567,0
607394074881687551,0.020075,0
607394075015905279,0.0137483,0
607394075150123007,0.0147237,0
607394075418558463,0.0245683,0
607394075552776191,0.02486,0
607394075686993919,0.0286412,0
607394075821211647,0.026707,0
607394075955429375,0.0260959,0
607394076089647103,0.0244671,0
607394076223864831,0.0228246,0
607394078102913023,0.0132287,0
607394078371348479,0.0163105,0
607394080250396671,0.0172676,0
607394080518832127,0.0185978,0
607394081861009407,0.0159465,0
607394081995227135,0.0124105,0
607394082129444863,0.0171225,0
607394082263662591,0.0154836,0
607394082397880319,0.0159672,0
607394082532098047,0.0159016,0
607394082666315775,0.0167824,0
607394083203186687,0.0143876,0
607394083471622143,0.0133641,0
607394083740057599,0.0148101,0
607394084008493055,0.0229744,0
607394084142710783,0.0194366,0
607394084276928511,0.0173986,0
607394084411146239,0.0195301,0
607394084545363967,0.0201108,0
607394084679581695,0.0177934,0
607394084813799423,0.022272,0
607394086155976703,0.0199087,0
607394086290194431,0.0212875,0
607394086424412159,0.0112939,0
607394086558629887,0.0177012,0
607394086692847615,0.026078,0
607394086827065343,0.0243661,0
607394086961283071,0.0167941,0
607394087229718527,0.0260524,0
607394087363936255,0.0185047,0
607394087498153983,0.0211098,0
607394087632371711,0.0177238,0
607394087766589439,0.0250979,0
607394087900807167,0.0220767,0
607394088035024895,0.0240977,0
607394088303460351,0.0140678,0
607394088437678079,0.0114931,0
607394088571895807,0.0139596,0
607394088706113535,0.0105295,0
607394088840331263,0.0168523,0
607394088974548991,0.0141322,0
607394089108766719,0.0149186,0
607394089377202175,0.0370073,0
607394089511419903,0.018657,0
607394089645637631,0.0184723,0
607394089779855359,0.0174338,0
607394089914073087,0.0203562,0
607394090048290815,0.0183773,0
607394090182508543,0.0205252,0
607394090450943999,0.024932,0
607394090585161727,0.0271922,0
607394090719379455,0.0260862,0
607394090853597183,0.0250578,0
607394090987814911,0.0284797,0
607394091122032639,0.0249836,0
607394091256250367,0.0260788,0
607394091524685823,0.0243061,0
607394091658903551,0.0216659,0
607394091793121279,0.0221148,0
607394091927339007,0.0226113,0
607394092061556735,0.0249352,0
607394092195774463,0.0248397,0
607394092329992191,0.0275247,0
607394092598427647,0.0137433,0
607394092732645375,0.0205341,0
607394092866863103,0.0175453,0
607394093001080831,0.0186319,0
607394093135298559,0.0165165,0
607394093269516287,0.0144243,0
607394093403734015,0.0156981,0
607394094745911295,0.0187968,0
607394094880129023,0.0175728,0
607394095014346751,0.0196241,0
607394095148564479,0.0165993,0
607394095282782207,0.020594,0
607394095416999935,0.0252802,0
607394095551217663,0.0185674,0
607394096356524031,0.0164248,0
607394096624959487,0.0198393,0
607394096893394943,0.0153427,0
607394097027612671,0.0144021,0
607394097161830399,0.0123607,0
607394097296048127,0.01411,0
607394097430265855,0.0142828,0
607394097564483583,0.0153736,0
607394097698701311,0.012489,0
607394098772443135,0.0129102,0
607394099040878591,0.0202819,0
607394099175096319,0.0199677,0
607394099309314047,0.0161572,0
607394099443531775,0.0224065,0
607394099577749503,0.0215867,0
607394099711967231,0.0197232,0
607394099846184959,0.0201579,0
607394100114620415,0.0170605,0
607394100248838143,0.0195362,0
607394100383055871,0.0192931,0
607394100517273599,0.0209721,0
607394100651491327,0.0179296,0
607394100785709055,0.0169212,0
607394100919926783,0.0187626,0
607394101188362239,0.0194318,0
607394101322579967,0.0198796,0
607394101456797695,0.0109192,0
607394101591015423,0.012263,0
607394101725233151,0.0176314,0
607394101859450879,0.0208579,0
607394101993668607,0.0131701,0
607394103335845887,0.0159126,0
607394103470063615,0.019381,0
607394103604281343,0.0185015,0
607394103738499071,0.0273201,0
607394103872716799,0.0167202,0
607394104006934527,0.0174788,0
607394104141152255,0.0158952,0
607394104409587711,0.0218562,0
607394104543805439,0.016565,0
607394104678023167,0.0178574,0
607394104812240895,0.0181366,0
607394104946458623,0.0139166,0
607394105080676351,0.0129698,0
607394105214894079,0.0202373,0
607394105483329535,0.0168394,0
607394105617547263,0.0178738,0
607394105751764991,0.0202112,0
607394105885982719,0.02287,0
607394106020200447,0.0176171,0
607394106154418175,0.0174658,0
607394106288635903,0.0158423,0
607394106557071359,0.0202816,0
607394106691289087,0.0149617,0
607394106825506815,0.0139812,0
607394106959724543,0.016838,0
607394107093942271,0.0231661,0
607394107228159999,0.0191426,0
607394107362377727,0.0218674,0
607394107630813183,0.0230992,0
607394107765030911,0.0210838,0
607394107899248639,0.0202835,0
607394108033466367,0.0218918,0
607394108167684095,0.0220041,0
607394108301901823,0.0205311,0
607394108436119551,0.0164324,0
607394108704555007,0.017749,0
607394108838772735,0.0164459,0
607394108972990463,0.0236493,0
607394109107208191,0.0253036,0
607394109241425919,0.0165449,0
607394109375643647,0.0228296,0
607394109509861375,0.0145315,0
607394109778296831,0.0183112,0
607394109912514559,0.0193783,0
607394110046732287,0.0167194,0
607394110180950015,0.0171929,0
607394110315167743,0.0158991,0
607394110449385471,0.0187057,0
607394110583603199,0.0178415,0
607394111925780479,0.0171245,0
607394112059998207,0.019679,0
607394112194215935,0.0149309,0
607394112328433663,0.0141229,0
607394112462651391,0.0144481,0
607394112596869119,0.0201125,0
607394112731086847,0.0140704,0
607394112999522303,0.0152502,0
607394113133740031,0.0127913,0
607394113267957759,0.0147986,0
607394113402175487,0.017447,0
607394113536393215,0.0135382,0
607394113670610943,0.0193093,0
607394113804828671,0.0202299,0
607394114073264127,0.0120731,0
607394114207481855,0.0124518,0
607394114341699583,0.0132004,0
607394114475917311,0.014642,0
607394114610135039,0.0166403,0
607394114744352767,0.0164629,0
607394114878570495,0.0162544,0
607394115147005951,0.013161,0
607394115281223679,0.0171517,0
607394115415441407,0.0148837,0
607394115549659135,0.0144226,0
607394115683876863,0.0177295,0
607394115818094591,0.0160794,0
607394115952312319,0.0126073,0
607394116220747775,0.0173501,0
607394116354965503,0.0202511,0
607394116489183231,0.0146178,0
607394116623400959,0.020211,0
607394116757618687,0.0216523,0
607394116891836415,0.0185316,0
607394117026054143,0.0203077,0
607394117294489599,0.0126855,0
607394117428707327,0.0122856,0
607394117562925055,0.0183881,0
607394117697142783,0.0133327,0
607394117831360511,0.013132,0
607394117965578239,0.0171223,0
607394118099795967,0.0185651,0
607394118368231423,0.0150063,0
607394118502449151,0.0176228,0
607394118636666879,0.0132156,0
607394118770884607,0.0141289,0
607394118905102335,0.0159511,0
607394119039320063,0.0133917,0
607394119173537791,0.017336,0
607394120515715071,0.0267577,0
607394120649932799,0.0319069,0
607394120784150527,0.0300735,0
607394120918368255,0.0340318,0
607394121052585983,0.026632,0
607394121186803711,0.0259893,0
607394121321021439,0.0261596,0
607394121589456895,0.026205,0
607394121723674623,0.0227286,0
607394121857892351,0.0234305,0
607394121992110079,0.0254479,0
607394122126327807,0.0225434,0
607394122260545535,0.0218443,0
607394122394763263,0.0239683,0
607394122663198719,0.0287826,0
607394122797416447,0.0316167,0
607394122931634175,0.0336881,0
607394123065851903,0.0275943,0
607394123200069631,0.0243543,0
607394123334287359,0.0293128,0
607394123468505087,0.0221878,0
607394123736940543,0.0271383,0
607394123871158271,0.0278192,0
607394124005375999,0.0303653,0
607394124139593727,0.024953,0
607394124273811455,0.0292211,0
607394124408029183,0.0259928,0
607394124542246911,0.0284417,0
607394124810682367,0.0176352,0
607394124944900095,0.0194307,0
607394125079117823,0.019295,0
607394125213335551,0.0194704,0
607394125347553279,0.0188805,0
607394125481771007,0.0170419,0
607394125615988735,0.0195011,0
607394125884424191,0.0163016,0
607394126018641919,0.0191473,0
607394126152859647,0.0234619,0
607394126287077375,0.0262944,0
607394126421295103,0.0172242,0
607394126555512831,0.015899,0
607394126689730559,0.0148026,0
607394126958166015,0.0247743,0
607394127092383743,0.0216831,0
607394127226601471,0.0329403,0
607394127360819199,0.0227643,0
607394127495036927,0.0205639,0
607394127629254655,0.0253535,0
607394127763472383,0.0275902,0
607394137695584255,0.0858116,0
607394137829801983,0.0932607,0
607394137964019711,0.0869967,0
607394138098237439,0.088967,0
607394138232455167,0.095074,0
607394138366672895,0.0891161,0
607394138500890623,0.0921083,0
607394138769326079,0.0919672,0
607394138903543807,0.0927344,0
607394139037761535,0.0962556,0
607394139171979263,0.084887,0
607394139306196991,0.0919252,0
607394139440414719,0.100318,0
607394139574632447,0.0977896,0
607394139843067903,0.0918496,0
607394139977285631,0.083028,0
607394140111503359,0.0910387,0
607394140245721087,0.0839883,0
607394140379938815,0.0911788,0
607394140514156543,0.0867774,0
607394140648374271,0.0939635,0
607394140916809727,0.0779021,0
607394141051027455,0.0642724,0
607394141185245183,0.0751636,0
607394141319462911,0.0651978,0
607394141453680639,0.0908295,0
607394141587898367,0.0823395,0
607394141722116095,0.0793676,0
607394141990551551,0.111068,0
607394142124769279,0.100415,0
607394142258987007,0.108801,0
607394142393204735,0.0986397,0
607394142527422463,0.102365,0
607394142661640191,0.105342,0
607394142795857919,0.1179,0
607394143064293375,0.103707,0
607394143198511103,0.0978633,0
607394143332728831,0.0978407,0
607394143466946559,0.0917844,0
607394143601164287,0.102881,0
607394143735382015,0.099919,0
607394143869599743,0.10424,0
607394144138035199,0.100982,0
607394144272252927,0.0899501,0
607394144406470655,0.105573,0
607394144540688383,0.102843,0
607394144674906111,0.102925,0
607394144809123839,0.0985782,0
607394144943341567,0.111429,0
607394146285518847,0.0806035,0
607394146419736575,0.0748296,0
607394146553954303,0.0657459,0
607394146688172031,0.0809111,0
607394146822389759,0.0951394,0
607394146956607487,0.081749,0
607394147090825215,0.086962,0
607394147359260671,0.0615265,0
607394147493478399,0.0737708,0
607394147627696127,0.0592298,0
607394147761913855,0.0642935,0
607394147896131583,0.0934155,0
607394148030349311,0.0618468,0
607394148164567039,0.0832503,0
607394148433002495,0.050723,0
607394148567220223,0.0526502,0
607394148701437951,0.0520861,0
607394148835655679,0.0581336,0
607394148969873407,0.061626,0
607394149104091135,0.0601859,0
607394149238308863,0.0681492,0
607394149506744319,0.0568121,0
607394149640962047,0.0430061,0
607394149775179775,0.0562992,0
607394149909397503,0.0535222,0
607394150043615231,0.0719404,0
607394150177832959,0.0676548,0
607394150312050687,0.0567528,0
607394150580486143,0.0876249,0
607394150714703871,0.0908956,0
607394150848921599,0.0743277,0
607394150983139327,0.0810836,0
607394151117357055,0.0881942,0
607394151251574783,0.0873161,0
607394151385792511,0.100193,0
607394151654227967,0.0735538,0
607394151788445695,0.0764458,0
607394151922663423,0.0847596,0
607394152056881151,0.0876054,0
607394152191098879,0.0802308,0
607394152325316607,0.0702826,0
607394152459534335,0.0840248,0
607394152727969791,0.0605157,0
607394152862187519,0.0650902,0
607394152996405247,0.0680718,0
607394153130622975,0.0791559,0
607394153264840703,0.0694036,0
607394153399058431,0.0817182,0
607394153533276159,0.0661505,0
607394154875453439,0.0914592,0
607394155009671167,0.0835257,0
607394155143888895,0.0905505,0
607394155278106623,0.0819817,0
607394155412324351,0.0917412,0
607394155546542079,0.089876,0
607394155680759807,0.0918645,0
607394155949195263,0.0753007,0
607394156083412991,0.07604,0
607394156217630719,0.0826777,0
607394156351848447,0.0613669,0
607394156486066175,0.0820582,0
607394156620283903,0.0763309,0
607394156754501631,0.0834729,0
607394157022937087,0.0872479,0
607394157157154815,0.0683502,0
607394157291372543,0.0785128,0
607394157425590271,0.0534219,0
607394157559807999,0.0785237,0
607394157694025727,0.0731823,0
607394157828243455,0.104425,0
607394158096678911,0.0736027,0
607394158230896639,0.0647236,0
607394158365114367,0.0627206,0
607394158499332095,0.0616302,0
607394158633549823,0.0740117,0
607394158767767551,0.064685,0
607394158901985279,0.0683997,0
607394159170420735,0.120181,0
607394159304638463,0.107432,0
607394159438856191,0.11698,0
607394159573073919,0.105519,0
607394159707291647,0.121728,0
607394159841509375,0.117962,0
607394159975727103,0.130441,0
607394160244162559,0.104956,0
607394160378380287,0.0957289,0
607394160512598015,0.107184,0
607394160646815743,0.0985726,0
607394160781033471,0.100868,0
607394160915251199,0.101302,0
607394161049468927,0.103709,0
607394161317904383,0.107385,0
607394161452122111,0.0947072,0
607394161586339839,0.108651,0
607394161720557567,0.0961459,0
607394161854775295,0.116444,0
607394161988993023,0.108354,0
607394162123210751,0.105424,0
607394163465388031,0.0583668,0
607394163599605759,0.0698028,0
607394163733823487,0.057273,0
607394163868041215,0.0596376,0
607394164002258943,0.0618997,0
607394164136476671,0.0588875,0
607394164270694399,0.0546857,0
607394164539129855,0.0561982,0
607394164673347583,0.0397458,0
607394164807565311,0.0551408,0
607394164941783039,0.0380027,0
607394165076000767,0.0578051,0
607394165210218495,0.0558034,0
607394165344436223,0.0635403,0
607394165612871679,0.0684641,0
607394165747089407,0.0619535,0
607394165881307135,0.0660912,0
607394166015524863,0.0427734,0
607394166149742591,0.0539946,0
607394166283960319,0.0690221,0
607394166418178047,0.0453935,0
607394166686613503,0.039123,0
607394166820831231,0.0367302,0
607394166955048959,0.0375652,0
607394167089266687,0.0348919,0
607394167223484415,0.060108,0
607394167357702143,0.0389347,0
607394167491919871,0.0500651,0
607394167760355327,0.0609278,0
607394167894573055,0.0702773,0
607394168028790783,0.0678762,0
607394168163008511,0.0700453,0
607394168297226239,0.0751573,0
607394168431443967,0.0618679,0
607394168565661695,0.0680851,0
607394168834097151,0.0650414,0
607394168968314879,0.062792,0
607394169102532607,0.0641137,0
607394169236750335,0.064925,0
607394169370968063,0.0693327,0
607394169505185791,0.073864,0
607394169639403519,0.0708316,0
607394169907838975,0.0526928,0
607394170042056703,0.0583688,0
607394170176274431,0.048701,0
607394170310492159,0.0496478,0
607394170444709887,0.0914578,0
607394170578927615,0.066825,0
607394170713145343,0.0563341,0
607394172055322623,0.145047,0
607394172189540351,0.132656,0
607394172323758079,0.146466,0
607394172457975807,0.138902,0
607394172592193535,0.155837,0
607394172726411263,0.150472,0
607394172860628991,0.14762,0
607394173129064447,0.138251,0
607394173263282175,0.115079,0
607394173397499903,0.118231,0
607394173531717631,0.116322,0
607394173665935359,0.151547,0
607394173800153087,0.138891,0
607394173934370815,0.13284,0
607394174202806271,0.127367,0
607394174337023999,0.113609,0
607394174471241727,0.125099,0
607394174605459455,0.112853,0
607394174739677183,0.129805,0
607394174873894911,0.120395,0
607394175008112639,0.12263,0
607394175276548095,0.0995931,0
607394175410765823,0.103985,0
607394175544983551,0.102003,0
607394175679201279,0.103767,0
607394175813419007,0.111399,0
607394175947636735,0.115739,0
607394176081854463,0.104843,0
607394176350289919,0.178762,0
607394176484507647,0.17201,0
607394176618725375,0.169336,0
607394176752943103,0.175854,0
607394176887160831,0.205262,0
607394177021378559,0.198287,0
607394177155596287,0.178632,0
607394177424031743,0.158903,0
607394177558249471,0.15123,0
607394177692467199,0.155973,0
607394177826684927,0.152625,0
607394177960902655,0.196832,0
607394178095120383,0.162868,0
607394178229338111,0.18482,0
607394178497773567,0.141121,0
607394178631991295,0.142962,0
607394178766209023,0.129624,0
607394178900426751,0.131959,0
607394179034644479,0.153779,0
607394179168862207,0.152919,0
607394179303079935,0.127861,0
607394180645257215,0.102429,0
607394180779474943,0.10675,0
607394180913692671,0.106086,0
607394181047910399,0.110536,0
607394181182128127,0.117708,0
607394181316345855,0.119701,0
607394181450563583,0.106926,0
607394181718999039,0.124859,0
607394181853216767,0.129369,0
607394181987434495,0.108774,0
607394182121652223,0.11628,0
607394182255869951,0.122142,0
607394182390087679,0.136935,0
607394182524305407,0.122372,0
607394182792740863,0.108697,0
607394182926958591,0.103851,0
607394183061176319,0.0996169,0
607394183195394047,0.099256,0
607394183329611775,0.104866,0
607394183463829503,0.113773,0
607394183598047231,0.0991606,0
607394183866482687,0.102174,0
607394184000700415,0.104416,0
607394184134918143,0.0961587,0
607394184269135871,0.094988,0
607394184403353599,0.108495,0
607394184537571327,0.111782,0
607394184671789055,0.109871,0
607394184940224511,0.126622,0
607394185074442239,0.124443,0
607394185208659967,0.118765,0
607394185342877695,0.118699,0
607394185477095423,0.128485,0
607394185611313151,0.129246,0
607394185745530879,0.125284,0
607394186013966335,0.121668,0
607394186148184063,0.135779,0
607394186282401791,0.126203,0
607394186416619519,0.131652,0
607394186550837247,0.133979,0
607394186685054975,0.138905,0
607394186819272703,0.125746,0
607394187087708159,0.114875,0
607394187221925887,0.108292,0
607394187356143615,0.1069,0
607394187490361343,0.097985,0
607394187624579071,0.119258,0
607394187758796799,0.119138,0
607394187893014527,0.117018,0
607394189235191807,0.113748,0
607394189369409535,0.111067,0
607394189503627263,0.117767,0
607394189637844991,0.113846,0
607394189772062719,0.114997,0
607394189906280447,0.112158,0
607394190040498175,0.116577,0
607394190308933631,0.118622,0
607394190443151359,0.110957,0
607394190577369087,0.121601,0
607394190711586815,0.11024,0
607394190845804543,0.127394,0
607394190980022271,0.118582,0
607394191114239999,0.112244,0
607394191382675455,0.126008,0
607394191516893183,0.120789,0
607394191651110911,0.129514,0
607394191785328639,0.132173,0
607394191919546367,0.122896,0
607394192053764095,0.119625,0
607394192187981823,0.127989,0
607394192456417279,0.121902,0
607394192590635007,0.112159,0
607394192724852735,0.123821,0
607394192859070463,0.110943,0
607394192993288191,0.124933,0
607394193127505919,0.121456,0
607394193261723647,0.119378,0
607394193530159103,0.121399,0
607394193664376831,0.122181,0
607394193798594559,0.119199,0
607394193932812287,0.113242,0
607394194067030015,0.138802,0
607394194201247743,0.124946,0
607394194335465471,0.122616,0
607394194603900927,0.134511,0
607394194738118655,0.128477,0
607394194872336383,0.121885,0
607394195006554111,0.118555,0
607394195140771839,0.133618,0
607394195274989567,0.130755,0
607394195409207295,0.132109,0
607394195677642751,0.122692,0
607394195811860479,0.124615,0
607394195946078207,0.125597,0
607394196080295935,0.121957,0
607394196214513663,0.122749,0
607394196348731391,0.119444,0
607394196482949119,0.125521,0
607394206415060991,0.0432014,0
607394206549278719,0.0465245,0
607394206683496447,0.0408017,0
607394206817714175,0.0402325,0
607394206951931903,0.0809343,0
607394207086149631,0.049897,0
607394207220367359,0.0887973,0
607394207488802815,0.0457647,0
607394207623020543,0.0470122,0
607394207757238271,0.0399453,0
607394207891455999,0.0439459,0
607394208025673727,0.0546214,0
607394208159891455,0.0462445,0
607394208294109183,0.0487276,0
607394208562544639,0.042711,0
607394208696762367,0.039609,0
607394208830980095,0.0452384,0
607394208965197823,0.055888,0
607394209099415551,0.0380891,0
607394209233633279,0.0362033,0
607394209367851007,0.0370003,0
607394209636286463,0.0422639,0
607394209770504191,0.0441024,0
607394209904721919,0.0400759,0
607394210038939647,0.0366867,0
607394210173157375,0.0394773,0
607394210307375103,0.0436636,0
607394210441592831,0.0371883,0
607394210710028287,0.112073,0
607394210844246015,0.100361,0
607394210978463743,0.111255,0
607394211112681471,0.0942953,0
607394211246899199,0.114605,0
607394211381116927,0.109432,0
607394211515334655,0.0723731,0
607394211783770111,0.0883862,0
607394211917987839,0.0777522,0
607394212052205567,0.0847086,0
607394212186423295,0.0778419,0
607394212320641023,0.0954166,0
607394212454858751,0.086192,0
607394212589076479,0.101404,0
607394212857511935,0.0935752,0
607394212991729663,0.0875182,0
607394213125947391,0.0728666,0
607394213260165119,0.086979,0
607394213394382847,0.109926,0
607394213528600575,0.0920178,0
607394213662818303,0.109624,0
607394215004995583,0.0422107,0
607394215139213311,0.0465853,0
607394215273431039,0.0397902,0
607394215407648767,0.0420932,0
607394215541866495,0.0461898,0
607394215676084223,0.0454723,0
607394215810301951,0.0476481,0
607394216078737407,0.0512712,0
607394216212955135,0.0571208,0
607394216347172863,0.0471161,0
607394216481390591,0.0571646,0
607394216615608319,0.0555022,0
607394216749826047,0.0564248,0
607394216884043775,0.0509383,0
607394217152479231,0.0353764,0
607394217286696959,0.039849,0
607394217420914687,0.0321413,0
607394217555132415,0.0405684,0
607394217689350143,0.0393121,0
607394217823567871,0.041077,0
607394217957785599,0.0409643,0
607394218226221055,0.0429695,0
607394218360438783,0.0517515,0
607394218494656511,0.044217,0
607394218628874239,0.0467181,0
607394218763091967,0.0435763,0
607394218897309695,0.0454841,0
607394219031527423,0.042275,0
607394219299962879,0.0535301,0
607394219434180607,0.0526324,0
607394219568398335,0.0508983,0
607394219702616063,0.0488115,0
607394219836833791,0.0524376,0
607394219971051519,0.0528401,0
607394220105269247,0.0510409,0
607394220373704703,0.0481965,0
607394220507922431,0.0541849,0
607394220642140159,0.0591817,0
607394220776357887,0.0513634,0
607394220910575615,0.0479949,0
607394221044793343,0.0469144,0
607394221179011071,0.0800381,0
607394221447446527,0.040801,0
607394221581664255,0.0397774,0
607394221715881983,0.0393297,0
607394221850099711,0.0356454,0
607394221984317439,0.0440532,0
607394222118535167,0.0460286,0
607394222252752895,0.0448188,0
607394223594930175,0.0324563,0
607394223729147903,0.0330028,0
607394223863365631,0.0296164,0
607394223997583359,0.0421571,0
607394224131801087,0.0432159,0
607394224266018815,0.0432969,0
607394224400236543,0.0410046,0
607394224668671999,0.0334574,0
607394224802889727,0.0375031,0
607394224937107455,0.0313125,0
607394225071325183,0.032884,0
607394225205542911,0.0355665,0
607394225339760639,0.043369,0
607394225473978367,0.0339318,0
607394225742413823,0.0266449,0
607394225876631551,0.0268832,0
607394226010849279,0.0247922,0
607394226145067007,0.0459588,0
607394226279284735,0.0293247,0
607394226413502463,0.0313685,0
607394226547720191,0.0265166,0
607394226816155647,0.02999,0
607394226950373375,0.0329197,0
607394227084591103,0.0329988,0
607394227218808831,0.0266037,0
607394227353026559,0.0317559,0
607394227487244287,0.0302324,0
607394227621462015,0.0397294,0
607394227889897471,0.067279,0
607394228024115199,0.0527157,0
607394228158332927,0.0759069,0
607394228292550655,0.0547633,0
607394228426768383,0.0823576,0
607394228560986111,0.0628284,0
607394228695203839,0.0756019,0
607394228963639295,0.0484977,0
607394229097857023,0.0478668,0
607394229232074751,0.0453568,0
607394229366292479,0.0487706,0
607394229500510207,0.0678891,0
607394229634727935,0.056991,0
607394229768945663,0.0601307,0
607394230037381119,0.0479381,0
607394230171598847,0.0457369,0
607394230305816575,0.0405778,0
607394230440034303,0.037355,0
607394230574252031,0.0679369,0
607394230708469759,0.050302,0
607394230842687487,0.0670138,0
607394232184864767,0.0294463,0
607394232319082495,0.0306174,0
607394232453300223,0.0305124,0
607394232587517951,0.0285872,0
607394232721735679,0.0312652,0
607394232855953407,0.0299234,0
607394232990171135,0.0369982,0
607394233258606591,0.029544,0
607394233392824319,0.0288989,0
607394233527042047,0.0294469,0
607394233661259775,0.0289446,0
607394233795477503,0.0356793,0
607394233929695231,0.0326278,0
607394234063912959,0.0335342,0
607394234332348415,0.0299934,0
607394234466566143,0.0294275,0
607394234600783871,0.0225016,0
607394234735001599,0.0233308,0
607394234869219327,0.0311724,0
607394235003437055,0.0283043,0
607394235137654783,0.0308226,0
607394235406090239,0.0268472,0
607394235540307967,0.026859,0
607394235674525695,0.0293866,0
607394235808743423,0.0267003,0
607394235942961151,0.0300111,0
607394236077178879,0.0268825,0
607394236211396607,0.0308703,0
607394236479832063,0.0361288,0
607394236614049791,0.0370353,0
607394236748267519,0.0355344,0
607394236882485247,0.0353487,0
607394237016702975,0.0395343,0
607394237150920703,0.0383656,0
607394237285138431,0.0372686,0
607394237553573887,0.0338368,0
607394237687791615,0.0373708,0
607394237822009343,0.0340967,0
607394237956227071,0.0320241,0
607394238090444799,0.0372181,0
607394238224662527,0.0360892,0
607394238358880255,0.0391166,0
607394238627315711,0.0320905,0
607394238761533439,0.0363078,0
607394238895751167,0.0307801,0
607394239029968895,0.0337942,0
607394239164186623,0.0346777,0
607394239298404351,0.034324,0
607394239432622079,0.0336952,0
607394240774799359,0.0919628,0
607394240909017087,0.131146,0
607394241043234815,0.100338,0
607394241177452543,0.0817277,0
607394241311670271,0.0995527,0
607394241445887999,0.0835039,0
607394241580105727,0.107595,0
607394241848541183,0.12864,0
607394241982758911,0.101223,0
607394242116976639,0.127938,0
607394242251194367,0.0991191,0
607394242385412095,0.14609,0
607394242519629823,0.131835,0
607394242653847551,0.142144,0
607394242922283007,0.0721808,0
607394243056500735,0.0888516,0
607394243190718463,0.125825,0
607394243324936191,0.0675674,0
607394243459153919,0.134762,0
607394243593371647,0.0859895,0
607394243727589375,0.135542,0
607394243996024831,0.123284,0
607394244130242559,0.10134,0
607394244264460287,0.135112,0
607394244398678015,0.0961194,0
607394244532895743,0.127675,0
607394244667113471,0.107307,0
607394244801331199,0.136476,0
607394245069766655,0.106074,0
607394245203984383,0.102215,0
607394245338202111,0.111469,0
607394245472419839,0.0921229,0
607394245606637567,0.123587,0
607394245740855295,0.103014,0
607394245875073023,0.159947,0
607394246143508479,0.0911192,0
607394246277726207,0.0853161,0
607394246411943935,0.101884,0
607394246546161663,0.0795976,0
607394246680379391,0.108973,0
607394246814597119,0.0983093,0
607394246948814847,0.109267,0
607394247217250303,0.0995767,0
607394247351468031,0.141097,0
607394247485685759,0.106389,0
607394247619903487,0.126391,0
607394247754121215,0.146907,0
607394247888338943,0.0968596,0
607394248022556671,0.10423,0
607394249364733951,0.0608775,0
607394249498951679,0.0529561,0
607394249633169407,0.056397,0
607394249767387135,0.0583115,0
607394249901604863,0.0569093,0
607394250035822591,0.0555819,0
607394250170040319,0.0575658,0
607394250438475775,0.0580365,0
607394250572693503,0.0604194,0
607394250706911231,0.057851,0
607394250841128959,0.04648,0
607394250975346687,0.0561532,0
607394251109564415,0.0575102,0
607394251243782143,0.0543082,0
607394251512217599,0.0549218,0
607394251646435327,0.0524594,0
607394251780653055,0.0530572,0
607394251914870783,0.051781,0
607394252049088511,0.0565075,0
607394252183306239,0.0575238,0
607394252317523967,0.0506113,0
607394252585959423,0.0526613,0
607394252720177151,0.0556682,0
607394252854394879,0.0526995,0
607394252988612607,0.086561,0
607394253122830335,0.0569579,0
607394253257048063,0.0555796,0
607394253391265791,0.0569313,0
607394253659701247,0.10381,0
607394253793918975,0.0906317,0
607394253928136703,0.0948837,0
607394254062354431,0.0550421,0
607394254196572159,0.136734,0
607394254330789887,0.115774,0
607394254465007615,0.11001,0
607394254733443071,0.0887193,0
607394254867660799,0.0826484,0
607394255001878527,0.0561407,0
607394255136096255,0.0593484,0
607394255270313983,0.108625,0
607394255404531711,0.101134,0
607394255538749439,0.0985418,0
607394255807184895,0.052895,0
607394255941402623,0.0495954,0
607394256075620351,0.0983964,0
607394256209838079,0.0590138,0
607394256344055807,0.0964042,0
607394256478273535,0.0533555,0
607394256612491263,0.0906935,0
607394257954668543,0.0671017,0
607394258088886271,0.0883606,0
607394258223103999,0.0726786,0
607394258357321727,0.0658185,0
607394258491539455,0.0853263,0
607394258625757183,0.0643897,0
607394258759974911,0.0848099,0
607394259028410367,0.105282,0
607394259162628095,0.0590972,0
607394259296845823,0.120189,0
607394259431063551,0.0654409,0
607394259565281279,0.123992,0
607394259699499007,0.0753924,0
607394259833716735,0.119641,0
607394260102152191,0.0803841,0
607394260236369919,0.0919794,0
607394260370587647,0.0785678,0
607394260504805375,0.0726857,0
607394260639023103,0.0780922,0
607394260773240831,0.0802614,0
607394260907458559,0.0772943,0
607394261175894015,0.0634755,0
607394261310111743,0.0744135,0
607394261444329471,0.0714237,0
607394261578547199,0.0733885,0
607394261712764927,0.111068,0
607394261846982655,0.0992803,0
607394261981200383,0.0842743,0
607394262249635839,0.0867108,0
607394262383853567,0.0950845,0
607394262518071295,0.0831173,0
607394262652289023,0.0919372,0
607394262786506751,0.108544,0
607394262920724479,0.104367,0
607394263054942207,0.114088,0
607394263323377663,0.085667,0
607394263457595391,0.122318,0
607394263591813119,0.0818384,0
607394263726030847,0.109736,0
607394263860248575,0.0819806,0
607394263994466303,0.118775,0
607394264128684031,0.0991328,0
607394264397119487,0.0743005,0
607394264531337215,0.0817147,0
607394264665554943,0.0731039,0
607394264799772671,0.0841929,0
607394264933990399,0.0916858,0
607394265068208127,0.0859268,0
607394265202425855,0.0909352,0
607394275134537727,0.0513077,0
607394275268755455,0.0381144,0
607394275402973183,0.0272329,0
607394275537190911,0.031803,0
607394275671408639,0.0324815,0
607394275805626367,0.0318372,0
607394275939844095,0.0536094,0
607394276208279551,0.021874,0
607394276342497279,0.0220945,0
607394276476715007,0.0234727,0
607394276610932735,0.021016,0
607394276745150463,0.0342768,0
607394276879368191,0.0259477,0
607394277013585919,0.0444407,0
607394277282021375,0.0237575,0
607394277416239103,0.0234717,0
607394277550456831,0.0314756,0
607394277684674559,0.0220723,0
607394277818892287,0.030708,0
607394277953110015,0.0264025,0
607394278087327743,0.0331898,0
607394278355763199,0.0220276,0
607394278489980927,0.0192256,0
607394278624198655,0.0220404,0
607394278758416383,0.0274708,0
607394278892634111,0.0217979,0
607394279026851839,0.0229436,0
607394279161069567,0.0240107,0
607394279429505023,0.0514231,0
607394279563722751,0.0501998,0
607394279697940479,0.032854,0
607394279832158207,0.0566673,0
607394279966375935,0.0504697,0
607394280100593663,0.0492656,0
607394280234811391,0.0407737,0
607394280503246847,0.0495444,0
607394280637464575,0.0304918,0
607394280771682303,0.0577049,0
607394280905900031,0.0316588,0
607394281040117759,0.0451756,0
607394281174335487,0.0490271,0
607394281308553215,0.0422972,0
607394281576988671,0.053157,0
607394281711206399,0.0519459,0
607394281845424127,0.0521804,0
607394281979641855,0.0423381,0
607394282113859583,0.0341041,0
607394282248077311,0.0456451,0
607394282382295039,0.0306231,0
607394283724472319,0.0206033,0
607394283858690047,0.0330626,0
607394283992907775,0.0228119,0
607394284127125503,0.0288643,0
607394284261343231,0.0181365,0
607394284395560959,0.0233255,0
607394284529778687,0.0177781,0
607394284798214143,0.0266426,0
607394284932431871,0.0368056,0
607394285066649599,0.0312712,0
607394285200867327,0.0271574,0
607394285335085055,0.0232954,0
607394285469302783,0.024461,0
607394285603520511,0.032009,0
607394285871955967,0.0262705,0
607394286006173695,0.0367421,0
607394286140391423,0.0241424,0
607394286274609151,0.0530958,0
607394286408826879,0.0339464,0
607394286543044607,0.031069,0
607394286677262335,0.02999,0
607394286945697791,0.0213695,0
607394287079915519,0.0398131,0
607394287214133247,0.0436451,0
607394287348350975,0.0226083,0
607394287482568703,0.0327502,0
607394287616786431,0.0235918,0
607394287751004159,0.032141,0
607394288019439615,0.0212587,0
607394288153657343,0.0196856,0
607394288287875071,0.0258553,0
607394288422092799,0.0248963,0
607394288556310527,0.0327287,0
607394288690528255,0.020574,0
607394288824745983,0.03362,0
607394289093181439,0.0207166,0
607394289227399167,0.0200315,0
607394289361616895,0.0173686,0
607394289495834623,0.0188129,0
607394289630052351,0.0192123,0
607394289764270079,0.0193243,0
607394289898487807,0.0174399,0
607394290166923263,0.0264745,0
607394290301140991,0.0216374,0
607394290435358719,0.0247829,0
607394290569576447,0.0334095,0
607394290703794175,0.0216384,0
607394290838011903,0.0217016,0
607394290972229631,0.0224474,0
607394292314406911,0.0215508,0
607394292448624639,0.032528,0
607394292582842367,0.0192836,0
607394292717060095,0.0245057,0
607394292851277823,0.030031,0
607394292985495551,0.0326155,0
607394293119713279,0.0193789,0
607394293388148735,0.0282471,0
607394293522366463,0.0346124,0
607394293656584191,0.0288989,0
607394293790801919,0.0383131,0
607394293925019647,0.0315247,0
607394294059237375,0.0335471,0
607394294193455103,0.0284107,0
607394294461890559,0.0167146,0
607394294596108287,0.02278,0
607394294730326015,0.0161944,0
607394294864543743,0.0177266,0
607394294998761471,0.0193021,0
607394295132979199,0.0206071,0
607394295267196927,0.0165572,0
607394295535632383,0.0186856,0
607394295669850111,0.0262583,0
607394295804067839,0.0186357,0
607394295938285567,0.0276048,0
607394296072503295,0.0232669,0
607394296206721023,0.0181057,0
607394296340938751,0.01871,0
607394296609374207,0.0512138,0
607394296743591935,0.0395907,0
607394296877809663,0.0422199,0
607394297012027391,0.0340316,0
607394297146245119,0.041292,0
607394297280462847,0.0452033,0
607394297414680575,0.0450264,0
607394297683116031,0.0327738,0
607394297817333759,0.0391865,0
607394297951551487,0.0322746,0
607394298085769215,0.0312621,0
607394298219986943,0.052148,0
607394298354204671,0.0306832,0
607394298488422399,0.0568528,0
607394298756857855,0.0206697,0
607394298891075583,0.020427,0
607394299025293311,0.0192174,0
607394299159511039,0.0198752,0
607394299293728767,0.0299857,0
607394299427946495,0.0221258,0
607394299562164223,0.0247727,0
607394300904341503,0.0278208,0
607394301038559231,0.0229336,0
607394301172776959,0.0258341,0
607394301306994687,0.0270901,0
607394301441212415,0.0283647,0
607394301575430143,0.0315838,0
607394301709647871,0.0258919,0
607394301978083327,0.032341,0
607394302112301055,0.0356479,0
607394302246518783,0.0320767,0
607394302380736511,0.0288102,0
607394302514954239,0.0290679,0
607394302649171967,0.0297089,0
607394302783389695,0.0229876,0
607394303051825151,0.0216414,0
607394303186042879,0.0173576,0
607394303320260607,0.0217188,0
607394303454478335,0.0192879,0
607394303588696063,0.0180388,0
607394303722913791,0.0262689,0
607394303857131519,0.0170264,0
607394304125566975,0.018514,0
607394304259784703,0.0218043,0
607394304394002431,0.0223978,0
607394304528220159,0.0292693,0
607394304662437887,0.0257104,0
607394304796655615,0.0279589,0
607394304930873343,0.0182459,0
607394305199308799,0.0276883,0
607394305333526527,0.0290475,0
607394305467744255,0.0253277,0
607394305601961983,0.0187442,0
607394305736179711,0.0218306,0
607394305870397439,0.0198011,0
607394306004615167,0.020773,0
607394306273050623,0.0274509,0
607394306407268351,0.0286036,0
607394306541486079,0.034892,0
607394306675703807,0.0333927,0
607394306809921535,0.0267556,0
607394306944139263,0.0271497,0
607394307078356991,0.028721,0
607394307346792447,0.017407,0
607394307481010175,0.0168641,0
607394307615227903,0.0160844,0
607394307749445631,0.0163702,0
607394307883663359,0.0298394,0
607394308017881087,0.0251597,0
607394308152098815,0.0215638,0
607394309494276095,0.059989,0
607394309628493823,0.0444795,0
607394309762711551,0.0634245,0
607394309896929279,0.0494079,0
607394310031147007,0.0923684,0
607394310165364735,0.0659435,0
607394310299582463,0.0703068,0
607394310568017919,0.0607929,0
607394310702235647,0.0525521,0
607394310836453375,0.0568117,0
607394310970671103,0.0566625,0
607394311104888831,0.105146,0
607394311239106559,0.053175,0
607394311373324287,0.0470479,0
607394311641759743,0.0650963,0
607394311775977471,0.0474341,0
607394311910195199,0.0665709,0
607394312044412927,0.0596457,0
607394312178630655,0.0619996,0
607394312312848383,0.0618429,0
607394312447066111,0.0622729,0
607394312715501567,0.0586633,0
607394312849719295,0.0496389,0
607394312983937023,0.0429194,0
607394313118154751,0.0378913,0
607394313252372479,0.0573322,0
607394313386590207,0.057124,0
607394313520807935,0.0570606,0
607394313789243391,0.097308,0
607394313923461119,0.0890105,0
607394314057678847,0.0918661,0
607394314191896575,0.0887244,0
607394314326114303,0.109805,0
607394314460332031,0.0998767,0
607394314594549759,0.0957907,0
607394314862985215,0.0900788,0
607394314997202943,0.064023,0
607394315131420671,0.086352,0
607394315265638399,0.069503,0
607394315399856127,0.106576,0
607394315534073855,0.0995167,0
607394315668291583,0.0953357,0
607394315936727039,0.0756173,0
607394316070944767,0.0643481,0
607394316205162495,0.0735007,0
607394316339380223,0.0598143,0
607394316473597951,0.0897856,0
607394316607815679,0.0843964,0
607394316742033407,0.0908486,0
607394318084210687,0.0506407,0
607394318218428415,0.0318038,0
607394318352646143,0.0500678,0
607394318486863871,0.030734,0
607394318621081599,0.0458847,0
607394318755299327,0.0516831,0
607394318889517055,0.0546216,0
607394319157952511,0.0383934,0
607394319292170239,0.0376871,0
607394319426387967,0.0452908,0
607394319560605695,0.0277321,0
607394319694823423,0.0567035,0
607394319829041151,0.0413044,0
607394319963258879,0.0419861,0
607394320231694335,0.0389018,0
607394320365912063,0.0318953,0
607394320500129791,0.0358952,0
607394320634347519,0.0259712,0
607394320768565247,0.0504972,0
607394320902782975,0.0357962,0
607394321037000703,0.0446032,0
607394321305436159,0.025637,0
607394321439653887,0.0195784,0
607394321573871615,0.0348865,0
607394321708089343,0.0223985,0
607394321842307071,0.0451131,0
607394321976524799,0.0254247,0
607394322110742527,0.0434799,0
607394322379177983,0.0503158,0
607394322513395711,0.0517635,0
607394322647613439,0.0527149,0
607394322781831167,0.0499158,0
607394322916048895,0.0493215,0
607394323050266623,0.057025,0
607394323184484351,0.0568615,0
607394323452919807,0.0509338,0
607394323587137535,0.0559591,0
607394323721355263,0.0469806,0
607394323855572991,0.0526031,0
607394323989790719,0.0550059,0
607394324124008447,0.0371046,0
607394324258226175,0.0555822,0
607394324526661631,0.0421358,0
607394324660879359,0.0557417,0
607394324795097087,0.0462509,0
607394324929314815,0.0588757,0
607394325063532543,0.0482277,0
607394325197750271,0.0461595,0
607394325331967999,0.039116,0
607394326674145279,0.068315,0
607394326808363007,0.0561625,0
607394326942580735,0.0631347,0
607394327076798463,0.0554415,0
607394327211016191,0.0656433,0
607394327345233919,0.0666702,0
607394327479451647,0.0653756,0
607394327747887103,0.0628095,0
607394327882104831,0.040487,0
607394328016322559,0.0614696,0
607394328150540287,0.0528825,0
607394328284758015,0.0669098,0
607394328418975743,0.0571799,0
607394328553193471,0.0630379,0
607394328821628927,0.0534253,0
607394328955846655,0.0466958,0
607394329090064383,0.0457422,0
607394329224282111,0.0375668,0
607394329358499839,0.0620101,0
607394329492717567,0.0650761,0
607394329626935295,0.0609602,0
607394329895370751,0.0337056,0
607394330029588479,0.0412614,0
607394330163806207,0.0338451,0
607394330298023935,0.040062,0
607394330432241663,0.0526416,0
607394330566459391,0.0420368,0
607394330700677119,0.0546988,0
607394330969112575,0.0631953,0
607394331103330303,0.0675768,0
607394331237548031,0.0684755,0
607394331371765759,0.0621772,0
607394331505983487,0.0733312,0
607394331640201215,0.0626734,0
607394331774418943,0.0717588,0
607394332042854399,0.064777,0
607394332177072127,0.0579706,0
607394332311289855,0.0662505,0
607394332445507583,0.0560169,0
607394332579725311,0.0692152,0
607394332713943039,0.0579176,0
607394332848160767,0.0707385,0
607394333116596223,0.0599631,0
607394333250813951,0.0623916,0
607394333385031679,0.0635534,0
607394333519249407,0.054834,0
607394333653467135,0.0642171,0
607394333787684863,0.0599275,0
607394333921902591,0.065728,0
607394412573491199,0.959267,0
607394412707708927,0.957117,0
607394412841926655,0.941118,0
607394412976144383,1.02677,0
607394413110362111,0.898889,0
607394413244579839,0.923827,0
607394413378797567,0.944417,0
607394413647233023,0.930663,0
607394413781450751,0.921324,0
607394413915668479,0.935633,0
607394414049886207,0.94559,0
607394414184103935,0.935343,0
607394414318321663,0.935801,0
607394414452539391,0.915567,0
607394414720974847,1.01335,0
607394414855192575,1.00562,0
607394414989410303,0.989528,0
607394415123628031,1.00037,0
607394415257845759,0.963957,0
607394415392063487,0.978006,0
607394415526281215,1.00709,0
607394415794716671,0.941731,0
607394415928934399,0.981929,0
607394416063152127,0.975981,0
607394416197369855,0.968462,0
607394416331587583,0.957389,0
607394416465805311,0.962807,0
607394416600023039,0.965819,0
607394416868458495,0.925166,0
607394417002676223,0.905337,0
607394417136893951,0.936968,0
607394417271111679,0.935293,0
607394417405329407,0.86079,0
607394417539547135,0.873781,0
607394417673764863,0.907447,0
607394417942200319,0.874792,0
607394418076418047,0.91779,0
607394418210635775,0.920007,0
607394418344853503,0.932888,0
607394418479071231,0.877306,0
607394418613288959,0.898378,0
607394418747506687,0.853018,0
607394419015942143,0.982853,0
607394419150159871,0.974859,0
607394419284377599,1.04396,0
607394419418595327,1.00838,0
607394419552813055,0.985136,0
607394419687030783,0.975357,0
607394419821248511,1.04011,0
607394421163425791,0.961298,0
607394421297643519,0.973424,0
607394421431861247,0.968673,0
607394421566078975,0.972637,0
607394421700296703,0.973168,0
607394421834514431,0.969624,0
607394421968732159,0.959534,0
607394422237167615,0.959792,0
607394422371385343,0.955347,0
607394422505603071,0.976448,0
607394422639820799,0.965191,0
607394422774038527,0.955971,0
607394422908256255,0.974071,0
607394423042473983,0.963002,0
607394423310909439,0.959817,0
607394423445127167,0.954369,0
607394423579344895,0.98787,0
607394423713562623,0.966172,0
607394423847780351,0.943987,0
607394423981998079,0.956386,0
607394424116215807,0.986625,0
607394424384651263,0.95226,0
607394424518868991,0.96764,0
607394424653086719,0.962115,0
607394424787304447,0.987562,0
607394424921522175,0.974277,0
607394425055739903,0.959467,0
607394425189957631,0.952677,0
607394425458393087,0.960895,0
607394425592610815,0.94825,0
607394425726828543,0.939202,0
607394425861046271,0.977027,0
607394425995263999,0.914964,0
607394426129481727,0.929273,0
607394426263699455,0.920157,0
607394426532134911,0.952158,0
607394426666352639,0.949819,0
607394426800570367,0.938202,0
607394426934788095,0.953238,0
607394427069005823,0.945672,0
607394427203223551,0.954809,0
607394427337441279,0.941587,0
607394427605876735,0.923455,0
607394427740094463,0.945462,0
607394427874312191,0.965793,0
607394428008529919,0.945008,0
607394428142747647,0.930492,0
607394428276965375,0.946825,0
607394428411183103,0.947564,0
607394429753360383,1.07092,0
607394429887578111,1.0519,0
607394430021795839,1.154,0
607394430156013567,1.05125,0
607394430290231295,1.04436,0
607394430424449023,1.04324,0
607394430558666751,1.14502,0
607394430827102207,0.977069,0
607394430961319935,0.967417,0
607394431095537663,0.982555,0
607394431229755391,0.969837,0
607394431363973119,0.998198,0
607394431498190847,0.97318,0
607394431632408575,0.990228,0
607394431900844031,1.28609,0
607394432035061759,1.16687,0
607394432169279487,1.27405,0
607394432303497215,1.94119,0
607394432437714943,1.13962,0
607394432571932671,1.14706,0
607394432706150399,1.22278,0
607394432974585855,1.02555,0
607394433108803583,1.01024,0
607394433243021311,1.06816,0
607394433377239039,1.06091,0
607394433511456767,1.01709,0
607394433645674495,0.99192,0
607394433779892223,1.0794,0
607394434048327679,1.05826,0
607394434182545407,1.04626,0
607394434316763135,1.09368,0
607394434450980863,1.08776,0
607394434585198591,1.05528,0
607394434719416319,1.06128,0
607394434853634047,1.03473,0
607394435122069503,1.04699,0
607394435256287231,1.00804,0
607394435390504959,1.00401,0
607394435524722687,0.990508,0
607394435658940415,1.03074,0
607394435793158143,1.02197,0
607394435927375871,1.04249,0
607394436195811327,1.22125,0
607394436330029055,1.18222,0
607394436464246783,1.19529,0
607394436598464511,1.1951,0
607394436732682239,1.18638,0
607394436866899967,1.19583,0
607394437001117695,1.15431,0
607394438343294975,1.01425,0
607394438477512703,1.01617,0
607394438611730431,0.978456,0
607394438745948159,1.00833,0
607394438880165887,0.991219,0
607394439014383615,0.98647,0
607394439148601343,1.01527,0
607394439417036799,0.969504,0
607394439551254527,0.98283,0
607394439685472255,1.01499,0
607394439819689983,0.999164,0
607394439953907711,0.992827,0
607394440088125439,0.975585,0
607394440222343167,0.952302,0
607394440490778623,0.96738,0
607394440624996351,0.980006,0
607394440759214079,1.09753,0
607394440893431807,0.976907,0
607394441027649535,0.975236,0
607394441161867263,0.966931,0
607394441296084991,1.02337,0
607394441564520447,1.01426,0
607394441698738175,1.02646,0
607394441832955903,1.03097,0
607394441967173631,1.03076,0
607394442101391359,1.01264,0
607394442235609087,1.00195,0
607394442369826815,1.01104,0
607394442638262271,1.01063,0
607394442772479999,1.01412,0
607394442906697727,0.973422,0
607394443040915455,0.993183,0
607394443175133183,1.05101,0
607394443309350911,1.00729,0
607394443443568639,1.00551,0
607394443712004095,0.982446,0
607394443846221823,0.989786,0
607394443980439551,1.01555,0
607394444114657279,0.977378,0
607394444248875007,0.951176,0
607394444383092735,0.962661,0
607394444517310463,0.996421,0
607394444785745919,0.963968,0
607394444919963647,1.03418,0
607394445054181375,1.10214,0
607394445188399103,0.985022,0
607394445322616831,1.025,0
607394445456834559,1.02606,0
607394445591052287,0.996043,0
607394446933229567,0.884615,0
607394447067447295,0.879136,0
607394447201665023,0.876442,0
607394447335882751,0.872401,0
607394447470100479,0.872558,0
607394447604318207,0.886156,0
607394447738535935,0.881013,0
607394448006971391,0.87551,0
607394448141189119,0.935335,0
607394448275406847,0.871686,0
607394448409624575,0.857472,0
607394448543842303,0.90179,0
607394448678060031,0.901897,0
607394448812277759,0.872467,0
607394449080713215,0.889184,0
607394449214930943,0.868296,0
607394449349148671,0.871608,0
607394449483366399,0.916253,0
607394449617584127,0.881758,0
607394449751801855,0.87405,0
607394449886019583,0.886207,0
607394450154455039,0.844006,0
607394450288672767,0.849555,0
607394450422890495,0.856325,0
607394450557108223,0.876106,0
607394450691325951,0.856862,0
607394450825543679,0.868601,0
607394450959761407,0.842975,0
607394451228196863,0.87831,0
607394451362414591,0.933803,0
607394451496632319,0.859374,0
607394451630850047,0.875655,0
607394451765067775,0.898841,0
607394451899285503,0.89668,0
607394452033503231,0.91737,0
607394452301938687,0.905871,0
607394452436156415,0.893587,0
607394452570374143,0.935085,0
607394452704591871,0.916242,0
607394452838809599,0.886604,0
607394452973027327,0.900025,0
607394453107245055,0.896274,0
607394453375680511,0.849964,0
607394453509898239,0.892914,0
607394453644115967,0.856965,0
607394453778333695,0.867944,0
607394453912551423,0.88259,0
607394454046769151,0.86811,0
607394454180986879,0.84723,0
607394455523164159,0.933025,0
607394455657381887,0.924752,0
607394455791599615,0.888124,0
607394455925817343,0.910903,0
607394456060035071,0.931252,0
607394456194252799,0.932961,0
607394456328470527,0.918603,0
607394456596905983,0.945808,0
607394456731123711,0.926489,0
607394456865341439,0.946149,0
607394456999559167,0.9782,0
607394457133776895,0.949111,0
607394457267994623,0.906511,0
607394457402212351,0.966934,0
607394457670647807,0.884666,0
607394457804865535,0.912773,0
607394457939083263,0.892607,0
607394458073300991,0.909258,0
607394458207518719,0.8753,0
607394458341736447,0.90032,0
607394458475954175,0.886811,0
607394458744389631,0.92569,0
607394458878607359,0.948551,0
607394459012825087,0.931415,0
607394459147042815,0.938191,0
607394459281260543,0.93402,0
607394459415478271,0.964896,0
607394459549695999,0.905407,0
607394459818131455,0.930977,0
607394459952349183,0.943727,0
607394460086566911,0.903643,0
607394460220784639,0.895213,0
607394460355002367,0.862736,0
607394460489220095,0.898954,0
607394460623437823,0.916489,0
607394460891873279,0.906098,0
607394461026091007,0.871253,0
607394461160308735,0.96462,0
607394461294526463,0.918618,0
607394461428744191,0.853192,0
607394461562961919,0.830713,0
607394461697179647,0.912017,0
607394461965615103,0.883089,0
607394462099832831,0.891756,0
607394462234050559,0.871331,0
607394462368268287,0.877896,0
607394462502486015,0.876471,0
607394462636703743,0.86741,0
607394462770921471,0.851515,0
607394464113098751,0.953205,0
607394464247316479,0.924814,0
607394464381534207,0.926951,0
607394464515751935,0.942457,0
607394464649969663,0.930659,0
607394464784187391,0.908068,0
607394464918405119,0.939065,0
607394465186840575,0.937991,0
607394465321058303,0.926063,0
607394465455276031,0.936194,0
607394465589493759,0.921929,0
607394465723711487,0.904386,0
607394465857929215,0.902467,0
607394465992146943,0.928602,0
607394466260582399,0.992901,0
607394466394800127,0.984344,0
607394466529017855,0.983938,0
607394466663235583,0.999622,0
607394466797453311,0.95247,0
607394466931671039,0.955623,0
607394467065888767,0.967512,0
607394467334324223,0.99136,0
607394467468541951,1.06518,0
607394467602759679,1.05029,0
607394467736977407,1.04839,0
607394467871195135,0.948256,0
607394468005412863,0.922028,0
607394468139630591,1.00343,0
607394468408066047,0.939146,0
607394468542283775,0.910082,0
607394468676501503,0.952152,0
607394468810719231,0.936821,0
607394468944936959,0.902193,0
607394469079154687,0.904225,0
607394469213372415,0.96372,0
607394469481807871,0.890809,0
607394469616025599,0.916257,0
607394469750243327,0.917985,0
607394469884461055,0.921088,0
607394470018678783,0.884123,0
607394470152896511,0.865031,0
607394470287114239,0.905216,0
607394470555549695,0.943116,0
607394470689767423,0.931135,0
607394470823985151,0.944746,0
607394470958202879,0.960402,0
607394471092420607,0.958559,0
607394471226638335,0.929505,0
607394471360856063,0.982439,0
607394481292967935,0.866948,0
607394481427185663,0.855067,0
607394481561403391,0.881189,0
607394481695621119,0.875237,0
607394481829838847,0.856946,0
607394481964056575,0.859682,0
607394482098274303,0.873874,0
607394482366709759,0.844883,0
607394482500927487,0.833257,0
607394482635145215,0.85585,0
607394482769362943,0.832086,0
607394482903580671,0.822025,0
607394483037798399,0.834036,0
607394483172016127,0.858484,0
607394483440451583,0.898243,0
607394483574669311,0.866337,0
607394483708887039,0.901296,0
607394483843104767,0.910843,0
607394483977322495,0.902387,0
607394484111540223,0.882352,0
607394484245757951,0.906366,0
607394484514193407,0.854687,0
607394484648411135,0.844798,0
607394484782628863,0.855696,0
607394484916846591,0.836174,0
607394485051064319,0.865315,0
607394485185282047,0.862926,0
607394485319499775,0.861628,0
607394485587935231,0.846937,0
607394485722152959,0.842314,0
607394485856370687,0.844188,0
607394485990588415,0.858999,0
607394486124806143,0.830034,0
607394486259023871,0.856487,0
607394486393241599,0.831592,0
607394486661677055,0.812599,0
607394486795894783,0.814127,0
607394486930112511,0.866072,0
607394487064330239,0.850111,0
607394487198547967,0.826612,0
607394487332765695,0.849389,0
607394487466983423,0.847756,0
607394487735418879,0.925327,0
607394487869636607,0.901246,0
607394488003854335,0.901856,0
607394488138072063,0.928661,0
607394488272289791,0.89244,0
607394488406507519,0.880214,0
607394488540725247,0.929424,0
607394489882902527,0.826177,0
607394490017120255,0.81969,0
607394490151337983,0.831909,0
607394490285555711,0.826535,0
607394490419773439,0.7963,0
607394490553991167,0.794792,0
607394490688208895,0.82996,0
607394490956644351,0.769249,0
607394491090862079,0.779605,0
607394491225079807,0.812891,0
607394491359297535,0.775394,0
607394491493515263,0.815947,0
607394491627732991,0.829617,0
607394491761950719,0.762814,0
607394492030386175,0.821052,0
607394492164603903,0.812926,0
607394492298821631,0.811598,0
607394492433039359,0.825971,0
607394492567257087,0.82601,0
607394492701474815,0.821206,0
607394492835692543,0.808599,0
607394493104127999,0.825578,0
607394493238345727,0.805288,0
607394493372563455,0.801316,0
607394493506781183,0.776949,0
607394493640998911,0.808292,0
607394493775216639,0.806509,0
607394493909434367,0.827685,0
607394494177869823,0.809464,0
607394494312087551,0.760963,0
607394494446305279,0.81659,0
607394494580523007,0.81856,0
607394494714740735,0.777294,0
607394494848958463,0.798891,0
607394494983176191,0.82905,0
607394495251611647,0.808998,0
607394495385829375,0.779908,0
607394495520047103,0.776225,0
607394495654264831,0.830438,0
607394495788482559,0.823411,0
607394495922700287,0.820703,0
607394496056918015,0.812032,0
607394496325353471,0.845947,0
607394496459571199,0.840527,0
607394496593788927,0.842942,0
607394496728006655,0.825162,0
607394496862224383,0.839988,0
607394496996442111,0.846198,0
607394497130659839,0.839508,0
607394498472837119,0.925378,0
607394498607054847,0.917349,0
607394498741272575,0.952862,0
607394498875490303,0.927918,0
607394499009708031,0.948002,0
607394499143925759,0.948389,0
607394499278143487,0.922317,0
607394499546578943,0.934549,0
607394499680796671,0.901986,0
607394499815014399,0.913867,0
607394499949232127,0.899536,0
607394500083449855,0.894499,0
607394500217667583,0.89605,0
607394500351885311,0.940199,0
607394500620320767,0.922535,0
607394500754538495,0.937164,0
607394500888756223,0.915375,0
607394501022973951,0.929192,0
607394501157191679,0.924628,0
607394501291409407,0.932131,0
607394501425627135,0.926691,0
607394501694062591,0.93301,0
607394501828280319,0.927462,0
607394501962498047,0.930372,0
607394502096715775,0.949573,0
607394502230933503,0.92385,0
607394502365151231,0.917797,0
607394502499368959,0.926978,0
607394502767804415,0.946727,0
607394502902022143,0.939131,0
607394503036239871,0.950486,0
607394503170457599,0.941373,0
607394503304675327,0.957974,0
607394503438893055,0.946491,0
607394503573110783,0.962347,0
607394503841546239,0.944831,0
607394503975763967,0.919456,0
607394504109981695,0.913947,0
607394504244199423,0.928107,0
607394504378417151,0.913943,0
607394504512634879,0.917877,0
607394504646852607,0.939739,0
607394504915288063,0.965053,0
607394505049505791,0.946931,0
607394505183723519,0.985945,0
607394505317941247,0.947068,0
607394505452158975,0.955158,0
607394505586376703,0.94099,0
607394505720594431,1.00342,0
607394507062771711,0.841551,0
607394507196989439,0.820797,0
607394507331207167,0.857602,0
607394507465424895,0.824396,0
607394507599642623,0.858024,0
607394507733860351,0.833939,0
607394507868078079,0.846091,0
607394508136513535,0.805982,0
607394508270731263,0.812893,0
607394508404948991,0.791445,0
607394508539166719,0.782882,0
607394508673384447,0.823,0
607394508807602175,0.806681,0
607394508941819903,0.8254,0
607394509210255359,0.898565,0
607394509344473087,0.90594,0
607394509478690815,0.900448,0
607394509612908543,0.910115,0
607394509747126271,0.892606,0
607394509881343999,0.895999,0
607394510015561727,0.900203,0
607394510283997183,0.790783,0
607394510418214911,0.796221,0
607394510552432639,0.847178,0
607394510686650367,0.805735,0
607394510820868095,0.806325,0
607394510955085823,0.775381,0
607394511089303551,0.849672,0
607394511357739007,0.869838,0
607394511491956735,0.838665,0
607394511626174463,0.897851,0
607394511760392191,0.884989,0
607394511894609919,0.879066,0
607394512028827647,0.8587,0
607394512163045375,0.890663,0
607394512431480831,0.818231,0
607394512565698559,0.819564,0
607394512699916287,0.813905,0
607394512834134015,0.811292,0
607394512968351743,0.815954,0
607394513102569471,0.816024,0
607394513236787199,0.843076,0
607394513505222655,0.902261,0
607394513639440383,0.87867,0
607394513773658111,0.936972,0
607394513907875839,0.910251,0
607394514042093567,0.900383,0
607394514176311295,0.863358,0
607394514310529023,0.911305,0
607394515652706303,0.80946,0
607394515786924031,0.768005,0
607394515921141759,0.851632,0
607394516055359487,0.79285,0
607394516189577215,0.77683,0
607394516323794943,0.773407,0
607394516458012671,0.831109,0
607394516726448127,0.798724,0
607394516860665855,0.787693,0
607394516994883583,0.830276,0
607394517129101311,0.81481,0
607394517263319039,0.77913,0
607394517397536767,0.787192,0
607394517531754495,0.817508,0
607394517800189951,0.82381,0
607394517934407679,0.794191,0
607394518068625407,0.863736,0
607394518202843135,0.833535,0
607394518337060863,0.829673,0
607394518471278591,0.812324,0
607394518605496319,0.812841,0
607394518873931775,0.828373,0
607394519008149503,0.792195,0
607394519142367231,0.843926,0
607394519276584959,0.854676,0
607394519410802687,0.782242,0
607394519545020415,0.815851,0
607394519679238143,0.787443,0
607394519947673599,0.820424,0
607394520081891327,0.77824,0
607394520216109055,0.818588,0
607394520350326783,0.811033,0
607394520484544511,0.808568,0
607394520618762239,0.825116,0
607394520752979967,0.81501,0
607394521021415423,0.755868,0
607394521155633151,0.778748,0
607394521289850879,0.799322,0
607394521424068607,0.78235,0
607394521558286335,0.772936,0
607394521692504063,0.737795,0
607394521826721791,0.803589,0
607394522095157247,0.82887,0
607394522229374975,0.809328,0
607394522363592703,0.834448,0
607394522497810431,0.811844,0
607394522632028159,0.839045,0
607394522766245887,0.809693,0
607394522900463615,0.826667,0
607394524242640895,0.782833,0
607394524376858623,0.771419,0
607394524511076351,0.788916,0
607394524645294079,0.75793,0
607394524779511807,0.750475,0
607394524913729535,0.780214,0
607394525047947263,0.785601,0
607394525316382719,0.774659,0
607394525450600447,0.783429,0
607394525584818175,0.779187,0
607394525719035903,0.768516,0
607394525853253631,0.812123,0
607394525987471359,0.779032,0
607394526121689087,0.749572,0
607394526390124543,0.834869,0
607394526524342271,0.799078,0
607394526658559999,0.813828,0
607394526792777727,0.8305,0
607394526926995455,0.816968,0
607394527061213183,0.790763,0
607394527195430911,0.837849,0
607394527463866367,0.782808,0
607394527598084095,0.758014,0
607394527732301823,0.827049,0
607394527866519551,0.818053,0
607394528000737279,0.746117,0
607394528134955007,0.758312,0
607394528269172735,0.801726,0
607394528537608191,0.779602,0
607394528671825919,0.768953,0
607394528806043647,0.76619,0
607394528940261375,0.747646,0
607394529074479103,0.763009,0
607394529208696831,0.77797,0
607394529342914559,0.760751,0
607394529611350015,0.770852,0
607394529745567743,0.791079,0
607394529879785471,0.764025,0
607394530014003199,0.778944,0
607394530148220927,0.783693,0
607394530282438655,0.783683,0
607394530416656383,0.794884,0
607394530685091839,0.809454,0
607394530819309567,0.780284,0
607394530953527295,0.826485,0
607394531087745023,0.822992,0
607394531221962751,0.790975,0
607394531356180479,0.768549,0
607394531490398207,0.806108,0
607394532832575487,0.951353,0
607394532966793215,0.928902,0
607394533101010943,0.989553,0
607394533235228671,1.00161,0
607394533369446399,0.881411,0
607394533503664127,0.900319,0
607394533637881855,0.925331,0
607394533906317311,0.889968,0
607394534040535039,0.853436,0
607394534174752767,0.922596,0
607394534308970495,0.895776,0
607394534443188223,0.877864,0
607394534577405951,0.863269,0
607394534711623679,0.893338,0
607394534980059135,0.972768,0
607394535114276863,0.975182,0
607394535248494591,0.941033,0
607394535382712319,0.958943,0
607394535516930047,0.973802,0
607394535651147775,0.959953,0
607394535785365503,0.96955,0
607394536053800959,0.951911,0
607394536188018687,0.913331,0
607394536322236415,0.945385,0
607394536456454143,0.940317,0
607394536590671871,0.969388,0
607394536724889599,0.942119,0
607394536859107327,0.94631,0
607394537127542783,0.880722,0
607394537261760511,0.872151,0
607394537395978239,0.937208,0
607394537530195967,0.9207,0
607394537664413695,0.855484,0
607394537798631423,0.852717,0
607394537932849151,0.911338,0
607394538201284607,0.859953,0
607394538335502335,0.839348,0
607394538469720063,0.900859,0
607394538603937791,0.876546,0
607394538738155519,0.841598,0
607394538872373247,0.828974,0
607394539006590975,0.861052,0
607394539275026431,1.00506,0
607394539409244159,0.970858,0
607394539543461887,0.950578,0
607394539677679615,0.972022,0
607394539811897343,0.952547,0
607394539946115071,0.94189,0
607394540080332799,0.989675,0
607394550012444671,1.23104,0
607394550146662399,1.13652,0
607394550280880127,1.22791,0
607394550415097855,1.18112,0
607394550549315583,1.15812,0
607394550683533311,1.19978,0
607394550817751039,1.23374,0
607394551086186495,1.09241,0
607394551220404223,1.0731,0
607394551354621951,1.03471,0
607394551488839679,1.07692,0
607394551623057407,1.09498,0
607394551757275135,1.07203,0
607394551891492863,1.1113,0
607394552159928319,1.13928,0
607394552294146047,1.08439,0
607394552428363775,1.17543,0
607394552562581503,1.13814,0
607394552696799231,1.2513,0
607394552831016959,1.1921,0
607394552965234687,1.27087,0
607394553233670143,1.03332,0
607394553367887871,1.01309,0
607394553502105599,1.04441,0
607394553636323327,1.01916,0
607394553770541055,1.05317,0
607394553904758783,1.02156,0
607394554038976511,1.08676,0
607394554307411967,1.3671,0
607394554441629695,1.21369,0
607394554575847423,1.4124,0
607394554710065151,1.24863,0
607394554844282879,3.74494,0
607394554978500607,1.35695,0
607394555112718335,1.79953,0
607394555381153791,1.17435,0
607394555515371519,1.12716,0
607394555649589247,1.20057,0
607394555783806975,1.1492,0
607394555918024703,1.32792,0
607394556052242431,1.127,0
607394556186460159,1.19395,0
607394556454895615,1.30518,0
607394556589113343,1.27692,0
607394556723331071,1.37795,0
607394556857548799,1.28742,0
607394556991766527,1.45636,0
607394557125984255,1.29194,0
607394557260201983,1.41778,0
607394558602379263,1.00801,0
607394558736596991,0.996089,0
607394558870814719,1.01382,0
607394559005032447,1.0135,0
607394559139250175,1.00967,0
607394559273467903,1.0023,0
607394559407685631,1.01616,0
607394559676121087,1.02024,0
607394559810338815,0.97642,0
607394559944556543,1.00737,0
607394560078774271,0.998089,0
607394560212991999,1.02909,0
607394560347209727,0.98687,0
607394560481427455,1.03884,0
607394560749862911,0.988234,0
607394560884080639,0.965655,0
607394561018298367,0.97922,0
607394561152516095,0.971701,0
607394561286733823,0.986351,0
607394561420951551,0.963128,0
607394561555169279,1.0086,0
607394561823604735,0.984176,0
607394561957822463,0.983988,0
607394562092040191,0.950673,0
607394562226257919,0.905551,0
607394562360475647,0.990301,0
607394562494693375,0.955923,0
607394562628911103,0.965809,0
607394562897346559,1.06103,0
607394563031564287,1.03937,0
607394563165782015,1.07514,0
607394563299999743,1.03466,0
607394563434217471,1.05482,0
607394563568435199,1.02943,0
607394563702652927,1.03077,0
607394563971088383,1.00424,0
607394564105306111,1.03047,0
607394564239523839,0.988784,0
607394564373741567,1.02659,0
607394564507959295,1.02074,0
607394564642177023,1.01427,0
607394564776394751,1.01421,0
607394565044830207,1.01142,0
607394565179047935,1.00511,0
607394565313265663,1.03139,0
607394565447483391,1.00782,0
607394565581701119,1.03894,0
607394565715918847,1.01116,0
607394565850136575,1.00456,0
607394567192313855,1.19626,0
607394567326531583,1.12809,0
607394567460749311,1.17716,0
607394567594967039,1.09444,0
607394567729184767,1.24357,0
607394567863402495,1.21627,0
607394567997620223,1.23232,0
607394568266055679,1.13213,0
607394568400273407,1.07369,0
607394568534491135,1.11481,0
607394568668708863,1.05297,0
607394568802926591,1.22482,0
607394568937144319,1.1344,0
607394569071362047,1.20209,0
607394569339797503,1.15852,0
607394569474015231,1.11147,0
607394569608232959,1.2048,0
607394569742450687,1.1208,0
607394569876668415,1.16486,0
607394570010886143,1.13826,0
607394570145103871,1.22056,0
607394570413539327,1.05975,0
607394570547757055,1.0088,0
607394570681974783,1.08845,0
607394570816192511,1.01708,0
607394570950410239,1.11835,0
607394571084627967,1.09937,0
607394571218845695,1.14445,0
607394571487281151,1.54989,0
607394571621498879,1.60604,0
607394571755716607,1.38692,0
607394571889934335,1.24506,0
607394572024152063,1.62964,0
607394572158369791,1.54488,0
607394572292587519,1.65815,0
607394572561022975,1.31117,0
607394572695240703,1.27265,0
607394572829458431,1.27898,0
607394572963676159,1.21719,0
607394573097893887,1.37272,0
607394573232111615,1.27056,0
607394573366329343,1.40158,0
607394573634764799,1.71294,0
607394573768982527,1.21385,0
607394573903200255,2.15167,0
607394574037417983,1.22157,0
607394574171635711,1.56168,0
607394574305853439,1.24831,0
607394574440071167,1.73225,0
607394575782248447,1.06413,0
607394575916466175,0.998681,0
607394576050683903,1.08883,0
607394576184901631,0.976449,0
607394576319119359,1.0427,0
607394576453337087,1.00617,0
607394576587554815,1.04382,0
607394576855990271,1.0061,0
607394576990207999,0.975306,0
607394577124425727,0.981826,0
607394577258643455,0.955494,0
607394577392861183,1.0038,0
607394577527078911,1.01847,0
607394577661296639,1.01786,0
607394577929732095,0.990404,0
607394578063949823,0.952121,0
607394578198167551,0.964844,0
607394578332385279,0.957225,0
607394578466603007,1.00656,0
607394578600820735,1.00106,0
607394578735038463,1.0079,0
607394579003473919,0.933568,0
607394579137691647,0.925819,0
607394579271909375,0.929678,0
607394579406127103,0.91454,0
607394579540344831,0.967704,0
607394579674562559,0.924552,0
607394579808780287,0.965208,0
607394580077215743,1.00623,0
607394580211433471,1.02418,0
607394580345651199,1.00524,0
607394580479868927,1.03123,0
607394580614086655,1.07105,0
607394580748304383,1.02169,0
607394580882522111,1.05423,0
607394581150957567,1.01984,0
607394581285175295,1.00009,0
607394581419393023,1.04381,0
607394581553610751,1.03257,0
607394581687828479,1.04107,0
607394581822046207,1.03931,0
607394581956263935,1.03208,0
607394582224699391,1.03122,0
607394582358917119,1.05206,0
607394582493134847,0.965372,0
607394582627352575,0.987265,0
607394582761570303,1.02345,0
607394582895788031,1.02341,0
607394583030005759,1.00522,0
607394584372183039,1.43393,0
607394584506400767,1.58481,0
607394584640618495,1.52806,0
607394584774836223,1.76674,0
607394584909053951,1.26031,0
607394585043271679,1.48405,0
607394585177489407,1.26026,0
607394585445924863,2.40433,0
607394585580142591,2.03634,0
607394585714360319,2.43548,0
607394585848578047,2.03234,0
607394585982795775,1.27888,0
607394586117013503,1.72828,0
607394586251231231,1.47543,0
607394586519666687,2.02152,0
607394586653884415,2.97052,0
607394586788102143,2.9201,0
607394586922319871,2.53815,0
607394587056537599,1.50012,0
607394587190755327,1.67751,0
607394587324973055,2.48664,0
607394587593408511,2.17075,0
607394587727626239,1.4691,0
607394587861843967,2.63495,0
607394587996061695,1.46325,0
607394588130279423,7.23734,0
607394588264497151,2.57422,0
607394588398714879,2.77679,0
607394588667150335,1.13286,0
607394588801368063,1.16672,0
607394588935585791,1.20866,0
607394589069803519,1.20962,0
607394589204021247,1.08023,0
607394589338238975,1.12443,0
607394589472456703,1.1467,0
607394589740892159,1.20263,0
607394589875109887,1.24638,0
607394590009327615,1.27536,0
607394590143545343,1.37045,0
607394590277763071,1.17387,0
607394590411980799,1.19814,0
607394590546198527,1.14242,0
607394590814633983,1.24811,0
607394590948851711,1.30785,0
607394591083069439,1.29267,0
607394591217287167,1.31331,0
607394591351504895,1.27235,0
607394591485722623,1.24687,0
607394591619940351,1.25473,0
607394592962117631,1.15648,0
607394593096335359,1.06572,0
607394593230553087,1.13661,0
607394593364770815,1.08621,0
607394593498988543,1.0953,0
607394593633206271,1.08468,0
607394593767423999,1.11245,0
607394594035859455,1.02723,0
607394594170077183,0.984319,0
607394594304294911,1.08094,0
607394594438512639,0.998277,0
607394594572730367,1.0317,0
607394594706948095,1.01645,0
607394594841165823,1.03047,0
607394595109601279,1.10245,0
607394595243819007,1.08959,0
607394595378036735,1.10669,0
607394595512254463,1.10901,0
607394595646472191,1.05651,0
607394595780689919,1.1032,0
607394595914907647,1.08038,0
607394596183343103,1.02438,0
607394596317560831,1.01864,0
607394596451778559,1.02296,0
607394596585996287,1.03068,0
607394596720214015,1.02257,0
607394596854431743,1.02838,0
607394596988649471,1.06296,0
607394597257084927,1.08749,0
607394597391302655,1.07808,0
607394597525520383,1.11496,0
607394597659738111,1.08264,0
607394597793955839,1.19443,0
607394597928173567,1.06925,0
607394598062391295,1.20479,0
607394598330826751,1.04335,0
607394598465044479,1.07605,0
607394598599262207,1.1252,0
607394598733479935,1.05942,0
607394598867697663,1.04379,0
607394599001915391,1.06816,0
607394599136133119,1.06198,0
607394599404568575,1.28944,0
607394599538786303,1.10893,0
607394599673004031,1.27434,0
607394599807221759,1.0881,0
607394599941439487,1.32398,0
607394600075657215,1.07399,0
607394600209874943,1.39275,0
607394601552052223,1.94513,0
607394601686269951,2.15008,0
607394601820487679,1.87042,0
607394601954705407,2.67562,0
607394602088923135,1.96545,0
607394602223140863,1.68987,0
607394602357358591,1.86761,0
607394602625794047,1.76736,0
607394602760011775,1.61348,0
607394602894229503,2.05121,0
607394603028447231,1.53724,0
607394603162664959,1.91265,0
607394603296882687,1.4114,0
607394603431100415,1.92425,0
607394603699535871,1.86471,0
607394603833753599,1.92541,0
607394603967971327,2.37603,0
607394604102189055,4.41907,0
607394604236406783,1.77579,0
607394604370624511,1.68075,0
607394604504842239,1.75103,0
607394604773277695,1.50207,0
607394604907495423,1.46038,0
607394605041713151,1.73235,0
607394605175930879,1.4585,0
607394605310148607,1.72119,0
607394605444366335,1.5566,0
607394605578584063,1.66035,0
607394605847019519,1.5939,0
607394605981237247,2.33502,0
607394606115454975,2.02807,0
607394606249672703,4.2216,0
607394606383890431,1.2879,0
607394606518108159,1.33351,0
607394606652325887,2.26656,0
607394606920761343,1.55026,0
607394607054979071,1.84703,0
607394607189196799,2.08228,0
607394607323414527,1.71869,0
607394607457632255,1.31384,0
607394607591849983,1.4107,0
607394607726067711,1.37642,0
607394608128720895,1.94607,0
607394608262938623,4.21102,0
607394608397156351,1.82596,0
607394608531374079,4.2049,0
607394608665591807,4.35276,0
607394608799809535,2.08929,0
607394618731921407,0.890582,0
607394618866139135,0.877961,0
607394619000356863,0.912622,0
607394619134574591,0.895151,0
607394619268792319,0.904121,0
607394619403010047,0.874882,0
607394619537227775,0.888257,0
607394619805663231,0.858686,0
607394619939880959,0.852947,0
607394620074098687,0.869614,0
607394620208316415,0.831316,0
607394620342534143,0.862249,0
607394620476751871,0.861382,0
607394620610969599,0.884757,0
607394620879405055,0.883521,0
607394621013622783,0.845324,0
607394621147840511,0.908389,0
607394621282058239,0.874028,0
607394621416275967,0.90718,0
607394621550493695,0.885987,0
607394621684711423,0.940485,0
607394621953146879,0.860229,0
607394622087364607,0.828999,0
607394622221582335,0.835109,0
607394622355800063,0.843049,0
607394622490017791,0.882737,0
607394622624235519,0.841373,0
607394622758453247,0.885195,0
607394623026888703,0.917465,0
607394623161106431,0.904574,0
607394623295324159,0.953789,0
607394623429541887,0.91043,0
607394623563759615,0.952449,0
607394623697977343,0.919495,0
607394623832195071,0.978302,0
607394624100630527,0.87112,0
607394624234848255,0.864845,0
607394624369065983,0.907253,0
607394624503283711,0.864312,0
607394624637501439,0.897734,0
607394624771719167,0.88951,0
607394624905936895,0.892168,0
607394625174372351,0.920615,0
607394625308590079,0.942735,0
607394625442807807,0.977705,0
607394625577025535,0.918916,0
607394625711243263,1.00216,0
607394625845460991,0.909953,0
607394625979678719,1.00871,0
607394627321855999,0.844097,0
607394627456073727,0.816581,0
607394627590291455,0.83472,0
607394627724509183,0.806779,0
607394627858726911,0.861814,0
607394627992944639,0.846499,0
607394628127162367,0.852437,0
607394628395597823,0.810405,0
607394628529815551,0.760874,0
607394628664033279,0.825717,0
607394628798251007,0.799539,0
607394628932468735,0.823827,0
607394629066686463,0.78531,0
607394629200904191,0.818854,0
607394629469339647,0.835797,0
607394629603557375,0.788263,0
607394629737775103,0.810364,0
607394629871992831,0.783266,0
607394630006210559,0.810778,0
607394630140428287,0.831039,0
607394630274646015,0.796606,0
607394630543081471,0.796143,0
607394630677299199,0.76033,0
607394630811516927,0.76752,0
607394630945734655,0.758802,0
607394631079952383,0.799708,0
607394631214170111,0.796879,0
607394631348387839,0.798901,0
607394631616823295,0.857995,0
607394631751041023,0.871864,0
607394631885258751,0.845545,0
607394632019476479,0.837454,0
607394632153694207,0.864626,0
607394632287911935,0.913728,0
607394632422129663,0.83532,0
607394632690565119,0.871012,0
607394632824782847,0.853994,0
607394632959000575,0.886582,0
607394633093218303,0.831543,0
607394633227436031,0.897138,0
607394633361653759,0.864068,0
607394633495871487,0.907332,0
607394633764306943,0.797395,0
607394633898524671,0.804994,0
607394634032742399,0.826093,0
607394634166960127,0.779942,0
607394634301177855,0.826039,0
607394634435395583,0.852593,0
607394634569613311,0.842322,0
607394635911790591,0.931859,0
607394636046008319,0.909713,0
607394636180226047,0.928961,0
607394636314443775,0.893766,0
607394636448661503,0.969494,0
607394636582879231,0.923716,0
607394636717096959,0.982743,0
607394636985532415,0.911194,0
607394637119750143,0.879255,0
607394637253967871,0.917928,0
607394637388185599,0.907022,0
607394637522403327,0.912894,0
607394637656621055,0.894293,0
607394637790838783,0.913398,0
607394638059274239,0.930819,0
607394638193491967,0.916609,0
607394638327709695,0.935506,0
607394638461927423,0.900796,0
607394638596145151,0.925812,0
607394638730362879,0.929381,0
607394638864580607,0.915483,0
607394639133016063,0.867657,0
607394639267233791,0.8582,0
607394639401451519,0.897325,0
607394639535669247,0.860748,0
607394639669886975,0.898361,0
607394639804104703,0.879242,0
607394639938322431,0.92984,0
607394640206757887,0.990921,0
607394640340975615,0.972711,0
607394640475193343,0.969863,0
607394640609411071,0.975681,0
607394640743628799,0.978906,0
607394640877846527,0.992471,0
607394641012064255,0.954954,0
607394641280499711,0.974881,0
607394641414717439,0.91179,0
607394641548935167,0.945257,0
607394641683152895,0.905829,0
607394641817370623,1.01213,0
607394641951588351,0.931472,0
607394642085806079,1.02278,0
607394642354241535,1.00113,0
607394642488459263,0.971317,0
607394642622676991,0.989303,0
607394642756894719,0.938359,0
607394642891112447,0.975431,0
607394643025330175,0.988706,0
607394643159547903,0.96165,0
607394644501725183,0.828598,0
607394644635942911,0.796879,0
607394644770160639,0.817011,0
607394644904378367,0.785049,0
607394645038596095,0.825714,0
607394645172813823,0.812346,0
607394645307031551,0.849157,0
607394645575467007,0.824456,0
607394645709684735,0.789103,0
607394645843902463,0.783066,0
607394645978120191,0.758738,0
607394646112337919,0.815369,0
607394646246555647,0.810888,0
607394646380773375,0.812426,0
607394646649208831,0.775514,0
607394646783426559,0.776813,0
607394646917644287,0.790126,0
607394647051862015,0.816875,0
607394647186079743,0.764107,0
607394647320297471,0.750525,0
607394647454515199,0.779256,0
607394647722950655,0.743901,0
607394647857168383,0.74773,0
607394647991386111,0.77899,0
607394648125603839,0.752641,0
607394648259821567,0.786304,0
607394648394039295,0.742102,0
607394648528257023,0.76588,0
607394648796692479,0.840572,0
607394648930910207,0.827678,0
607394649065127935,0.856316,0
607394649199345663,0.817109,0
607394649333563391,0.847441,0
607394649467781119,0.867668,0
607394649601998847,0.876858,0
607394649870434303,0.837973,0
607394650004652031,0.80815,0
607394650138869759,0.856944,0
607394650273087487,0.80073,0
607394650407305215,0.854557,0
607394650541522943,0.846851,0
607394650675740671,0.858098,0
607394650944176127,0.838223,0
607394651078393855,0.816068,0
607394651212611583,0.818473,0
607394651346829311,0.800612,0
607394651481047039,0.841938,0
607394651615264767,0.855633,0
607394651749482495,0.869547,0
607394653091659775,0.935587,0
607394653225877503,0.959251,0
607394653360095231,0.94039,0
607394653494312959,0.93108,0
607394653628530687,0.923382,0
607394653762748415,0.927541,0
607394653896966143,0.957131,0
607394654165401599,0.897035,0
607394654299619327,0.897805,0
607394654433837055,0.913022,0
607394654568054783,0.921326,0
607394654702272511,0.942706,0
607394654836490239,0.91295,0
607394654970707967,0.93341,0
607394655239143423,0.967086,0
607394655373361151,0.961708,0
607394655507578879,0.986122,0
607394655641796607,0.984834,0
607394655776014335,0.997238,0
607394655910232063,0.938213,0
607394656044449791,0.995011,0
607394656312885247,0.913709,0
607394656447102975,0.900919,0
607394656581320703,0.901903,0
607394656715538431,0.910248,0
607394656849756159,0.909096,0
607394656983973887,0.914066,0
607394657118191615,0.913461,0
607394657386627071,0.950773,0
607394657520844799,0.96513,0
607394657655062527,0.97599,0
607394657789280255,0.927417,0
607394657923497983,0.966335,0
607394658057715711,0.978813,0
607394658191933439,0.939932,0
607394658460368895,1.01345,0
607394658594586623,0.962967,0
607394658728804351,0.98021,0
607394658863022079,0.975588,0
607394658997239807,0.986896,0
607394659131457535,0.947972,0
607394659265675263,1.00542,0
607394659534110719,0.979477,0
607394659668328447,1.00195,0
607394659802546175,0.976914,0
607394659936763903,0.998255,0
607394660070981631,0.982481,0
607394660205199359,0.990604,0
607394660339417087,0.998584,0
607394661681594367,0.890235,0
607394661815812095,0.904799,0
607394661950029823,0.894662,0
607394662084247551,0.886187,0
607394662218465279,0.897368,0
607394662352683007,0.925014,0
607394662486900735,0.910157,0
607394662755336191,0.881199,0
607394662889553919,0.875722,0
607394663023771647,0.934163,0
607394663157989375,0.872452,0
607394663292207103,0.936665,0
607394663426424831,0.899772,0
607394663560642559,0.922207,0
607394663829078015,0.863248,0
607394663963295743,0.861922,0
607394664097513471,0.849493,0
607394664231731199,0.909612,0
607394664365948927,0.870402,0
607394664500166655,0.877888,0
607394664634384383,0.847243,0
607394664902819839,0.897471,0
607394665037037567,0.902021,0
607394665171255295,0.866839,0
607394665305473023,0.88206,0
607394665439690751,0.890448,0
607394665573908479,0.876946,0
607394665708126207,0.873365,0
607394665976561663,0.925624,0
607394666110779391,0.929332,0
607394666244997119,0.863039,0
607394666379214847,0.900009,0
607394666513432575,0.912353,0
607394666647650303,0.93978,0
607394666781868031,0.904384,0
607394667050303487,0.919984,0
607394667184521215,0.937322,0
607394667318738943,0.934321,0
607394667452956671,0.90739,0
607394667587174399,0.945598,0
607394667721392127,0.933802,0
607394667855609855,0.924267,0
607394668124045311,0.88908,0
607394668258263039,0.876912,0
607394668392480767,0.875755,0
607394668526698495,0.88788,0
607394668660916223,0.892896,0
607394668795133951,0.890036,0
607394668929351679,0.901725,0
607394670271528959,1.02564,0
607394670405746687,1.00016,0
607394670539964415,1.01241,0
607394670674182143,1.02276,0
607394670808399871,1.0268,0
607394670942617599,1.02026,0
607394671076835327,1.03384,0
607394671345270783,0.991814,0
607394671479488511,1.00245,0
607394671613706239,1.00712,0
607394671747923967,0.980366,0
607394671882141695,0.972696,0
607394672016359423,0.982882,0
607394672150577151,0.990111,0
607394672419012607,1.00042,0
607394672553230335,0.975128,0
607394672687448063,1.02043,0
607394672821665791,1.0283,0
607394672955883519,1.01119,0
607394673090101247,1.01394,0
607394673224318975,0.996298,0
607394673492754431,0.966453,0
607394673626972159,0.99098,0
607394673761189887,0.983096,0
607394673895407615,0.98522,0
607394674029625343,1.00432,0
607394674163843071,0.992332,0
607394674298060799,1.01796,0
607394674566496255,0.988363,0
607394674700713983,1.02136,0
607394674834931711,0.985268,0
607394674969149439,0.998194,0
607394675103367167,1.00347,0
607394675237584895,0.998871,0
607394675371802623,0.98409,0
607394675640238079,0.989801,0
607394675774455807,0.986756,0
607394675908673535,0.998877,0
607394676042891263,0.983441,0
607394676177108991,0.997893,0
607394676311326719,0.959423,0
607394676445544447,1.02992,0
607394676713979903,0.961995,0
607394676848197631,1.00636,0
607394676982415359,0.989873,0
607394677116633087,0.999745,0
607394677250850815,0.986415,0
607394677385068543,0.984347,0
607394677519286271,0.96855,0
607394687451398143,0.897473,0
607394687585615871,0.89662,0
607394687719833599,0.856578,0
607394687854051327,0.880392,0
607394687988269055,0.947645,0
607394688122486783,0.949796,0
607394688256704511,0.85008,0
607394688525139967,0.926995,0
607394688659357695,0.936919,0
607394688793575423,0.901103,0
607394688927793151,0.897877,0
607394689062010879,0.921497,0
607394689196228607,0.940063,0
607394689330446335,0.972024,0
607394689598881791,0.871811,0
607394689733099519,0.868098,0
607394689867317247,0.849627,0
607394690001534975,0.897648,0
607394690135752703,0.887175,0
607394690269970431,0.887292,0
607394690404188159,0.838936,0
607394690672623615,0.900664,0
607394690806841343,0.913508,0
607394690941059071,0.890667,0
607394691075276799,0.87438,0
607394691209494527,0.909315,0
607394691343712255,0.901977,0
607394691477929983,0.916586,0
607394691746365439,1.04286,0
607394691880583167,0.983591,0
607394692014800895,0.985792,0
607394692149018623,0.971358,0
607394692283236351,0.974606,0
607394692417454079,0.958485,0
607394692551671807,0.985189,0
607394692820107263,0.939049,0
607394692954324991,0.943854,0
607394693088542719,0.977477,0
607394693222760447,0.952186,0
607394693356978175,0.917991,0
607394693491195903,0.914343,0
607394693625413631,0.946988,0
607394693893849087,0.915809,0
607394694028066815,0.879042,0
607394694162284543,0.883404,0
607394694296502271,0.879806,0
607394694430719999,0.910283,0
607394694564937727,0.867881,0
607394694699155455,0.89432,0
607394696041332735,0.912962,0
607394696175550463,0.91887,0
607394696309768191,0.934494,0
607394696443985919,0.929058,0
607394696578203647,0.934882,0
607394696712421375,0.912824,0
607394696846639103,0.9072,0
607394697115074559,0.865181,0
607394697249292287,0.888152,0
607394697383510015,0.880464,0
607394697517727743,0.834391,0
607394697651945471,0.894626,0
607394697786163199,0.874003,0
607394697920380927,0.897166,0
607394698188816383,0.917036,0
607394698323034111,0.931743,0
607394698457251839,0.875662,0
607394698591469567,0.909564,0
607394698725687295,0.921859,0
607394698859905023,0.91908,0
607394698994122751,0.886364,0
607394699262558207,0.897813,0
607394699396775935,0.86331,0
607394699530993663,0.924532,0
607394699665211391,0.93181,0
607394699799429119,0.901236,0
607394699933646847,0.875454,0
607394700067864575,0.94202,0
607394700336300031,0.940668,0
607394700470517759,0.949401,0
607394700604735487,0.926681,0
607394700738953215,0.930707,0
607394700873170943,0.921511,0
607394701007388671,0.92086,0
607394701141606399,0.954648,0
607394701410041855,0.889664,0
607394701544259583,0.878292,0
607394701678477311,0.90393,0
607394701812695039,0.877848,0
607394701946912767,0.908332,0
607394702081130495,0.866307,0
607394702215348223,0.937639,0
607394702483783679,0.947521,0
607394702618001407,0.922495,0
607394702752219135,0.910831,0
607394702886436863,0.914607,0
607394703020654591,0.919014,0
607394703154872319,0.914682,0
607394703289090047,0.909121,0
607394704631267327,0.895704,0
607394704765485055,0.916321,0
607394704899702783,0.916438,0
607394705033920511,0.905755,0
607394705168138239,0.882713,0
607394705302355967,0.899721,0
607394705436573695,0.883352,0
607394705705009151,0.881161,0
607394705839226879,0.887152,0
607394705973444607,0.894689,0
607394706107662335,0.880667,0
607394706241880063,0.89108,0
607394706376097791,0.867979,0
607394706510315519,0.90077,0
607394706778750975,0.981566,0
607394706912968703,1.00161,0
607394707047186431,1.02893,0
607394707181404159,1.07441,0
607394707315621887,0.893845,0
607394707449839615,0.924911,0
607394707584057343,0.968628,0
607394707852492799,0.894202,0
607394707986710527,0.898261,0
607394708120928255,0.961237,0
607394708255145983,0.948254,0
607394708389363711,0.891288,0
607394708523581439,0.8843,0
607394708657799167,0.913566,0
607394708926234623,0.876952,0
607394709060452351,0.879853,0
607394709194670079,0.87285,0
607394709328887807,0.884694,0
607394709463105535,0.85461,0
607394709597323263,0.866631,0
607394709731540991,0.85938,0
607394709999976447,0.896235,0
607394710134194175,0.862901,0
607394710268411903,0.888676,0
607394710402629631,0.906813,0
607394710536847359,0.865812,0
607394710671065087,0.861055,0
607394710805282815,0.877907,0
607394711073718271,0.881718,0
607394711207935999,0.899574,0
607394711342153727,0.867239,0
607394711476371455,0.896509,0
607394711610589183,0.872959,0
607394711744806911,0.880546,0
607394711879024639,0.894708,0
607394713221201919,0.892592,0
607394713355419647,0.913637,0
607394713489637375,0.871605,0
607394713623855103,0.882012,0
607394713758072831,0.914568,0
607394713892290559,0.857672,0
607394714026508287,0.888405,0
607394714294943743,0.899299,0
607394714429161471,0.886309,0
607394714563379199,0.875174,0
607394714697596927,0.869966,0
607394714831814655,0.901202,0
607394714966032383,0.899661,0
607394715100250111,0.883247,0
607394715368685567,0.878082,0
607394715502903295,0.872501,0
607394715637121023,0.949222,0
607394715771338751,0.928572,0
607394715905556479,0.887021,0
607394716039774207,0.866737,0
607394716173991935,0.879759,0
607394716442427391,0.874454,0
607394716576645119,0.864784,0
607394716710862847,0.871958,0
607394716845080575,0.869331,0
607394716979298303,0.865377,0
607394717113516031,0.843896,0
607394717247733759,0.869947,0
607394717516169215,0.899429,0
607394717650386943,0.875127,0
607394717784604671,0.88054,0
607394717918822399,0.869641,0
607394718053040127,0.891102,0
607394718187257855,0.8957,0
607394718321475583,0.909418,0
607394718589911039,0.888687,0
607394718724128767,0.885717,0
607394718858346495,0.895063,0
607394718992564223,0.905623,0
607394719126781951,0.885854,0
607394719260999679,0.903312,0
607394719395217407,0.900225,0
607394719663652863,0.897804,0
607394719797870591,0.874032,0
607394719932088319,0.89967,0
607394720066306047,0.925133,0
607394720200523775,0.887347,0
607394720334741503,0.89359,0
607394720468959231,0.875471,0
607394721811136511,0.88319,0
607394721945354239,0.874867,0
607394722079571967,0.865964,0
607394722213789695,0.888754,0
607394722348007423,0.818218,0
607394722482225151,0.819729,0
607394722616442879,0.840976,0
607394722884878335,0.812708,0
607394723019096063,0.848783,0
607394723153313791,0.882454,0
607394723287531519,0.854712,0
607394723421749247,0.796864,0
607394723555966975,0.833812,0
607394723690184703,0.844802,0
607394723958620159,0.88685,0
607394724092837887,0.914888,0
607394724227055615,0.940703,0
607394724361273343,0.953425,0
607394724495491071,0.860122,0
607394724629708799,0.860551,0
607394724763926527,0.834987,0
607394725032361983,0.898478,0
607394725166579711,0.886689,0
607394725300797439,0.927846,0
607394725435015167,0.935443,0
607394725569232895,0.885647,0
607394725703450623,0.878861,0
607394725837668351,0.885637,0
607394726106103807,0.690364,0
607394726240321535,0.804619,0
607394726374539263,0.822994,0
607394726508756991,0.807333,0
607394726642974719,0.71577,0
607394726777192447,0.711859,0
607394726911410175,0.68499,0
607394727179845631,0.802932,0
607394727314063359,0.811104,0
607394727448281087,0.823273,0
607394727582498815,0.82407,0
607394727716716543,0.690858,0
607394727850934271,0.713353,0
607394727985151999,0.69649,0
607394728253587455,0.845985,0
607394728387805183,0.812272,0
607394728522022911,0.840134,0
607394728656240639,0.813815,0
607394728790458367,0.8683,0
607394728924676095,0.831355,0
607394729058893823,0.843332,0
607394730401071103,0.905723,0
607394730535288831,0.896245,0
607394730669506559,0.932953,0
607394730803724287,0.929496,0
607394730937942015,0.838465,0
607394731072159743,0.835666,0
607394731206377471,0.922277,0
607394731474812927,0.882776,0
607394731609030655,0.846896,0
607394731743248383,0.9096,0
607394731877466111,0.874768,0
607394732011683839,0.88332,0
607394732145901567,0.864812,0
607394732280119295,0.861211,0
607394732548554751,0.934395,0
607394732682772479,0.939506,0
607394732816990207,0.916729,0
607394732951207935,0.942375,0
607394733085425663,0.923161,0
607394733219643391,0.941274,0
607394733353861119,0.879214,0
607394733622296575,0.95963,0
607394733756514303,0.909399,0
607394733890732031,0.919053,0
607394734024949759,0.945046,0
607394734159167487,0.957672,0
607394734293385215,0.953783,0
607394734427602943,0.924993,0
607394734696038399,0.843149,0
607394734830256127,0.834478,0
607394734964473855,0.834212,0
607394735098691583,0.851903,0
607394735232909311,0.846594,0
607394735367127039,0.849408,0
607394735501344767,0.839626,0
607394735769780223,0.817842,0
607394735903997951,0.822677,0
607394736038215679,0.810749,0
607394736172433407,0.84091,0
607394736306651135,0.763451,0
607394736440868863,0.774484,0
607394736575086591,0.822267,0
607394736843522047,0.869159,0
607394736977739775,0.938505,0
607394737111957503,0.868086,0
607394737246175231,0.8898,0
607394737380392959,0.894554,0
607394737514610687,0.913815,0
607394737648828415,0.861798,0
607394738991005695,0.841049,0
607394739125223423,0.840204,0
607394739259441151,0.886083,0
607394739393658879,0.85921,0
607394739527876607,0.861458,0
607394739662094335,0.874891,0
607394739796312063,0.855289,0
607394740064747519,0.932279,0
607394740198965247,0.962302,0
607394740333182975,0.85044,0
607394740467400703,0.893742,0
607394740601618431,0.910212,0
607394740735836159,0.966483,0
607394740870053887,0.881518,0
607394741138489343,0.848473,0
607394741272707071,0.859217,0
607394741406924799,0.850471,0
607394741541142527,0.868295,0
607394741675360255,0.870255,0
607394741809577983,0.887475,0
607394741943795711,0.836577,0
607394742212231167,0.863468,0
607394742346448895,0.863806,0
607394742480666623,0.848914,0
607394742614884351,0.863513,0
607394742749102079,0.85,0
607394742883319807,0.85934,0
607394743017537535,0.867464,0
607394743285972991,0.839842,0
607394743420190719,0.870542,0
607394743554408447,0.874256,0
607394743688626175,0.853103,0
607394743822843903,0.89926,0
607394743957061631,0.901695,0
607394744091279359,0.851713,0
607394744359714815,0.88473,0
607394744493932543,0.898645,0
607394744628150271,0.871615,0
607394744762367999,0.878731,0
607394744896585727,0.833069,0
607394745030803455,0.866071,0
607394745165021183,0.860058,0
607394745433456639,0.869574,0
607394745567674367,0.852405,0
607394745701892095,0.854917,0
607394745836109823,0.87988,0
607394745970327551,0.873329,0
607394746104545279,0.842604,0
607394746238763007,0.89431,0
607394756170874879,0.708451,0
607394756305092607,0.669865,0
607394756439310335,0.753758,0
607394756573528063,0.744226,0
607394756707745791,0.688145,0
607394756841963519,0.668547,0
607394756976181247,0.701901,0
607394757244616703,0.712177,0
607394757378834431,0.708076,0
607394757513052159,0.701344,0
607394757647269887,0.72996,0
607394757781487615,0.688878,0
607394757915705343,0.702077,0
607394758049923071,0.679345,0
607394758318358527,0.79089,0
607394758452576255,0.775311,0
607394758586793983,0.790391,0
607394758721011711,0.766654,0
607394758855229439,0.773813,0
607394758989447167,0.750641,0
607394759123664895,0.791384,0
607394759392100351,0.722387,0
607394759526318079,0.78104,0
607394759660535807,0.730485,0
607394759794753535,0.776435,0
607394759928971263,0.738094,0
607394760063188991,0.710146,0
607394760197406719,0.738578,0
607394760465842175,0.679898,0
607394760600059903,0.685164,0
607394760734277631,0.700107,0
607394760868495359,0.684459,0
607394761002713087,0.711815,0
607394761136930815,0.733651,0
607394761271148543,0.695531,0
607394761539583999,0.728825,0
607394761673801727,0.700312,0
607394761808019455,0.688573,0
607394761942237183,0.695041,0
607394762076454911,0.740546,0
607394762210672639,0.68712,0
607394762344890367,0.733998,0
607394762613325823,0.758694,0
607394762747543551,0.745543,0
607394762881761279,0.783577,0
607394763015979007,0.784604,0
607394763150196735,0.743677,0
607394763284414463,0.724505,0
607394763418632191,0.76186,0
607394764760809471,0.710367,0
607394764895027199,0.716396,0
607394765029244927,0.738051,0
607394765163462655,0.750768,0
607394765297680383,0.694752,0
607394765431898111,0.691927,0
607394765566115839,0.722489,0
607394765834551295,0.72431,0
607394765968769023,0.739646,0
607394766102986751,0.720612,0
607394766237204479,0.701663,0
607394766371422207,0.732254,0
607394766505639935,0.734482,0
607394766639857663,0.721427,0
607394766908293119,0.807813,0
607394767042510847,0.796584,0
607394767176728575,0.794282,0
607394767310946303,0.786507,0
607394767445164031,0.785796,0
607394767579381759,0.767115,0
607394767713599487,0.809894,0
607394767982034943,0.764416,0
607394768116252671,0.736001,0
607394768250470399,0.830109,0
607394768384688127,0.798662,0
607394768518905855,0.733233,0
607394768653123583,0.729653,0
607394768787341311,0.775049,0
607394769055776767,0.674648,0
607394769189994495,0.694744,0
607394769324212223,0.701236,0
607394769458429951,0.693371,0
607394769592647679,0.668538,0
607394769726865407,0.690321,0
607394769861083135,0.69467,0
607394770129518591,0.721481,0
607394770263736319,0.734624,0
607394770397954047,0.718051,0
607394770532171775,0.733779,0
607394770666389503,0.723246,0
607394770800607231,0.725432,0
607394770934824959,0.706577,0
607394771203260415,0.767408,0
607394771337478143,0.753931,0
607394771471695871,0.792224,0
607394771605913599,0.780506,0
607394771740131327,0.737524,0
607394771874349055,0.709334,0
607394772008566783,0.78309,0
607394773350744063,0.780046,0
607394773484961791,0.748238,0
607394773619179519,0.78178,0
607394773753397247,0.779521,0
607394773887614975,0.815825,0
607394774021832703,0.786328,0
607394774156050431,0.823056,0
607394774424485887,0.786638,0
607394774558703615,0.789138,0
607394774692921343,0.794132,0
607394774827139071,0.754696,0
607394774961356799,0.806751,0
607394775095574527,0.754731,0
607394775229792255,0.768216,0
607394775498227711,0.823403,0
607394775632445439,0.845228,0
607394775766663167,0.860569,0
607394775900880895,0.858723,0
607394776035098623,0.863232,0
607394776169316351,0.832583,0
607394776303534079,0.895221,0
607394776571969535,0.798,0
607394776706187263,0.833624,0
607394776840404991,0.809488,0
607394776974622719,0.855796,0
607394777108840447,0.759077,0
607394777243058175,0.743568,0
607394777377275903,0.773608,0
607394777645711359,0.825578,0
607394777779929087,0.864205,0
607394777914146815,0.866016,0
607394778048364543,0.854164,0
607394778182582271,0.842119,0
607394778316799999,0.831909,0
607394778451017727,0.851345,0
607394778719453183,0.80778,0
607394778853670911,0.799779,0
607394778987888639,0.862682,0
607394779122106367,0.8312,0
607394779256324095,0.825449,0
607394779390541823,0.818178,0
607394779524759551,0.847477,0
607394779793195007,0.846986,0
607394779927412735,0.868244,0
607394780061630463,0.891765,0
607394780195848191,0.825624,0
607394780330065919,0.876302,0
607394780464283647,0.826694,0
607394780598501375,0.852212,0
607394781940678655,0.78779,0
607394782074896383,0.816082,0
607394782209114111,0.8257,0
607394782343331839,0.821672,0
607394782477549567,0.798017,0
607394782611767295,0.785474,0
607394782745985023,0.788355,0
607394783014420479,0.807132,0
607394783148638207,0.801986,0
607394783282855935,0.815542,0
607394783417073663,0.819017,0
607394783551291391,0.823497,0
607394783685509119,0.803756,0
607394783819726847,0.807925,0
607394784088162303,0.827329,0
607394784222380031,0.863463,0
607394784356597759,0.854741,0
607394784490815487,0.862316,0
607394784625033215,0.833207,0
607394784759250943,0.840763,0
607394784893468671,0.854191,0
607394785161904127,0.835794,0
607394785296121855,0.836112,0
607394785430339583,0.830406,0
607394785564557311,0.838429,0
607394785698775039,0.831161,0
607394785832992767,0.835602,0
607394785967210495,0.833474,0
607394786235645951,0.825018,0
607394786369863679,0.808176,0
607394786504081407,0.841399,0
607394786638299135,0.752691,0
607394786772516863,0.757756,0
607394786906734591,0.82432,0
607394787040952319,0.752221,0
607394787309387775,0.789921,0
607394787443605503,0.808974,0
607394787577823231,0.806382,0
607394787712040959,0.810018,0
607394787846258687,0.799289,0
607394787980476415,0.8057,0
607394788114694143,0.7744,0
607394788383129599,0.807233,0
607394788517347327,0.810477,0
607394788651565055,0.824066,0
607394788785782783,0.811595,0
607394788920000511,0.770731,0
607394789054218239,0.782335,0
607394789188435967,0.831667,0
607394790530613247,0.698918,0
607394790664830975,0.691757,0
607394790799048703,0.734728,0
607394790933266431,0.735708,0
607394791067484159,0.696736,0
607394791201701887,0.691631,0
607394791335919615,0.73628,0
607394791604355071,0.667663,0
607394791738572799,0.687273,0
607394791872790527,0.681854,0
607394792007008255,0.671818,0
607394792141225983,0.705452,0
607394792275443711,0.682951,0
607394792409661439,0.680086,0
607394792678096895,0.744304,0
607394792812314623,0.720361,0
607394792946532351,0.712815,0
607394793080750079,0.713715,0
607394793214967807,0.730038,0
607394793349185535,0.718829,0
607394793483403263,0.740021,0
607394793751838719,0.74273,0
607394793886056447,0.678998,0
607394794020274175,0.73833,0
607394794154491903,0.747408,0
607394794288709631,0.683886,0
607394794422927359,0.67654,0
607394794557145087,0.717249,0
607394794825580543,0.710451,0
607394794959798271,0.704855,0
607394795094015999,0.73557,0
607394795228233727,0.734843,0
607394795630886911,0.726978,0
607394796167757823,0.682869,0
607394796301975551,0.697324,0
607394796973064191,0.777425,0
607394797107281919,0.752831,0
607394797241499647,0.75219,0
607394797375717375,0.764861,0
607394797509935103,0.800828,0
607394797644152831,0.766766,0
607394797778370559,0.801166,0
607394799120547839,0.698224,0
607394799254765567,0.691302,0
607394799388983295,0.693834,0
607394799523201023,0.707559,0
607394799657418751,0.692773,0
607394799791636479,0.684204,0
607394799925854207,0.690812,0
607394800194289663,0.727266,0
607394800328507391,0.740902,0
607394800462725119,0.706161,0
607394800596942847,0.730955,0
607394800731160575,0.722241,0
607394800865378303,0.739015,0
607394800999596031,0.713653,0
607394801268031487,0.674148,0
607394801402249215,0.66936,0
607394801536466943,0.712498,0
607394801670684671,0.658541,0
607394801804902399,0.696245,0
607394801939120127,0.699121,0
607394802073337855,0.668512,0
607394802341773311,0.699378,0
607394802475991039,0.727227,0
607394802610208767,0.690682,0
607394802744426495,0.719359,0
607394802878644223,0.68979,0
607394803012861951,0.718222,0
607394803147079679,0.689685,0
607394803415515135,0.69732,0
607394803549732863,0.690558,0
607394803683950591,0.6953,0
607394803818168319,0.695238,0
607394804220821503,0.704328,0
607394804757692415,0.699293,0
607394804891910143,0.707727,0
607394805562998783,0.679021,0
607394805697216511,0.685411,0
607394805831434239,0.669085,0
607394805965651967,0.67901,0
607394806099869695,0.67921,0
607394806234087423,0.691667,0
607394806368305151,0.667981,0
607394807710482431,0.809514,0
607394807844700159,0.815553,0
607394807978917887,0.83394,0
607394808113135615,0.827702,0
607394808247353343,0.786243,0
607394808381571071,0.785916,0
607394808515788799,0.841664,0
607394808784224255,0.724685,0
607394808918441983,0.721348,0
607394809052659711,0.788369,0
607394809186877439,0.758999,0
607394809321095167,0.730126,0
607394809455312895,0.709484,0
607394809589530623,0.770658,0
607394809857966079,0.845059,0
607394809992183807,0.887667,0
607394810126401535,0.847149,0
607394810260619263,0.818259,0
607394810394836991,0.864931,0
607394810529054719,0.838903,0
607394810663272447,0.821765,0
607394810931707903,0.795866,0
607394811065925631,0.821478,0
607394811200143359,0.821889,0
607394811334361087,0.822772,0
607394811468578815,0.830641,0
607394811602796543,0.803536,0
607394811737014271,0.840142,0
607394812005449727,0.808382,0
607394812139667455,0.750177,0
607394812273885183,0.832739,0
607394812408102911,0.83783,0
607394812542320639,0.766913,0
607394812676538367,0.807248,0
607394812810756095,0.823177,0
607394813079191551,0.70768,0
607394813213409279,0.712237,0
607394813347627007,0.749123,0
607394813481844735,0.734611,0
607394813616062463,0.730616,0
607394813750280191,0.735905,0
607394813884497919,0.753451,0
607394814152933375,0.884283,0
607394814287151103,0.869102,0
607394814421368831,0.861457,0
607394814555586559,0.889374,0
607394814689804287,0.856493,0
607394814824022015,0.831765,0
607394814958239743,0.886338,0
607394824890351615,1.0657,0
607394825024569343,1.07955,0
607394825158787071,1.05795,0
607394825293004799,1.04504,0
607394825427222527,1.10747,0
607394825561440255,1.05874,0
607394825695657983,1.07122,0
607394825964093439,1.04084,0
607394826098311167,1.0539,0
607394826232528895,1.05069,0
607394826366746623,1.06819,0
607394826500964351,1.03799,0
607394826635182079,1.04818,0
607394826769399807,1.04352,0
607394827037835263,1.16003,0
607394827172052991,1.17648,0
607394827306270719,1.63503,0
607394827440488447,1.73107,0
607394827574706175,1.08762,0
607394827708923903,1.11899,0
607394827843141631,1.17354,0
607394828111577087,1.0768,0
607394828245794815,1.0656,0
607394828380012543,1.13946,0
607394828514230271,1.12196,0
607394828648447999,1.01764,0
607394828782665727,1.06667,0
607394828916883455,1.0908,0
607394829185318911,0.999673,0
607394829319536639,1.01347,0
607394829453754367,1.05087,0
607394829587972095,1.07687,0
607394829722189823,0.969414,0
607394829856407551,0.972291,0
607394829990625279,0.989444,0
607394830259060735,0.998593,0
607394830393278463,1.00681,0
607394830527496191,1.02949,0
607394830661713919,1.03453,0
607394830795931647,1.0013,0
607394830930149375,0.959442,0
607394831064367103,1.00017,0
607394831332802559,1.04961,0
607394831467020287,1.05941,0
607394831601238015,1.05551,0
607394831735455743,1.13522,0
607394831869673471,1.03896,0
607394832003891199,1.06032,0
607394832138108927,1.05684,0
607394833480286207,1.01757,0
607394833614503935,1.06218,0
607394833748721663,1.04625,0
607394833882939391,1.02372,0
607394834017157119,1.02466,0
607394834151374847,0.987886,0
607394834285592575,1.05611,0
607394834554028031,1.01185,0
607394834688245759,1.04459,0
607394834822463487,1.16316,0
607394834956681215,1.10387,0
607394835090898943,1.00236,0
607394835225116671,1.00771,0
607394835359334399,0.991221,0
607394835627769855,1.08068,0
607394835761987583,1.0519,0
607394835896205311,1.1019,0
607394836030423039,1.0731,0
607394836164640767,1.07476,0
607394836298858495,1.03779,0
607394836433076223,1.09189,0
607394836701511679,1.10318,0
607394836835729407,1.12162,0
607394836969947135,1.08732,0
607394837104164863,1.10699,0
607394837238382591,1.05519,0
607394837372600319,1.1895,0
607394837506818047,1.04359,0
607394837775253503,1.0294,0
607394837909471231,0.993225,0
607394838043688959,1.05394,0
607394838177906687,1.04939,0
607394838312124415,1.00728,0
607394838446342143,0.97244,0
607394838580559871,1.06386,0
607394838848995327,0.961573,0
607394838983213055,0.97928,0
607394839117430783,0.991858,0
607394839251648511,0.982063,0
607394839385866239,0.97468,0
607394839520083967,0.959883,0
607394839654301695,0.966434,0
607394839922737151,1.11635,0
607394840056954879,1.06367,0
607394840191172607,1.06204,0
607394840325390335,1.11858,0
607394840459608063,1.07146,0
607394840593825791,1.10456,0
607394840728043519,1.05479,0
607394842070220799,3.48849,0
607394842204438527,2.6522,0
607394842338656255,3.29998,0
607394842472873983,3.82354,0
607394842607091711,1.78227,0
607394842741309439,1.89161,0
607394842875527167,2.63363,0
607394843143962623,1.35955,0
607394843278180351,1.88116,0
607394843412398079,1.5915,0
607394843546615807,1.3531,0
607394843680833535,1.73343,0
607394843815051263,1.87875,0
607394843949268991,1.60341,0
607394844217704447,1.50935,0
607394844351922175,1.54399,0
607394844486139903,1.22802,0
607394844620357631,1.26507,0
607394844754575359,3.31217,0
607394844888793087,2.36189,0
607394845023010815,1.47792,0
607394845291446271,1.61246,0
607394845425663999,1.43741,0
607394845559881727,1.8077,0
607394845694099455,1.51469,0
607394845828317183,3.00199,0
607394845962534911,1.60862,0
607394846096752639,1.72578,0
607394846365188095,1.1563,0
607394846499405823,1.70781,0
607394846633623551,1.74115,0
607394846767841279,1.7759,0
607394846902059007,1.08008,0
607394847036276735,1.10743,0
607394847170494463,1.17377,0
607394847438929919,1.68544,0
607394847573147647,2.71725,0
607394847707365375,1.59446,0
607394847841583103,3.98124,0
607394847975800831,1.10999,0
607394848110018559,1.23056,0
607394848244236287,1.3436,0
607394848512671743,1.61107,0
607394848646889471,3.57583,0
607394848781107199,1.64776,0
607394848915324927,1.48058,0
607394849049542655,1.73217,0
607394849183760383,1.55074,0
607394849317978111,1.9865,0
607394850660155391,1.17825,0
607394850794373119,1.18589,0
607394850928590847,1.24507,0
607394851062808575,1.23989,0
607394851197026303,1.22107,0
607394851331244031,1.20142,0
607394851465461759,1.23707,0
607394851733897215,1.31153,0
607394851868114943,1.32303,0
607394852002332671,1.23555,0
607394852136550399,1.26908,0
607394852270768127,1.17731,0
607394852404985855,1.12074,0
607394852539203583,1.29551,0
607394852807639039,1.68633,0
607394852941856767,1.27842,0
607394853076074495,1.50091,0
607394853210292223,1.54375,0
607394853344509951,1.2993,0
607394853478727679,1.28928,0
607394853612945407,1.88699,0
607394853881380863,1.2055,0
607394854015598591,1.30174,0
607394854149816319,1.30391,0
607394854284034047,1.29066,0
607394854418251775,1.24881,0
607394854552469503,1.25358,0
607394854686687231,1.26671,0
607394854955122687,1.48794,0
607394855089340415,1.31055,0
607394855223558143,1.68116,0
607394855357775871,1.17743,0
607394855491993599,1.44439,0
607394855626211327,1.20001,0
607394855760429055,2.09823,0
607394856028864511,1.15418,0
607394856163082239,1.14566,0
607394856297299967,1.18009,0
607394856431517695,1.19972,0
607394856565735423,1.12002,0
607394856699953151,1.07491,0
607394856834170879,1.19628,0
607394857102606335,1.21833,0
607394857236824063,1.29912,0
607394857371041791,1.25081,0
607394857505259519,1.35756,0
607394857639477247,1.36012,0
607394857773694975,1.19418,0
607394857907912703,1.33786,0
607394859250089983,0.964523,0
607394859384307711,0.981787,0
607394859518525439,0.947697,0
607394859652743167,0.957763,0
607394859786960895,1.01909,0
607394859921178623,1.01136,0
607394860055396351,0.958596,0
607394860323831807,1.02889,0
607394860458049535,1.03174,0
607394860592267263,1.01242,0
607394860726484991,1.01683,0
607394860860702719,1.02143,0
607394860994920447,1.03807,0
607394861129138175,1.01618,0
607394861397573631,0.937724,0
607394861531791359,0.962866,0
607394861666009087,0.977609,0
607394861800226815,0.98043,0
607394861934444543,0.952708,0
607394862068662271,0.963579,0
607394862202879999,0.927417,0
607394862471315455,0.977359,0
607394862605533183,1.028,0
607394862739750911,0.985055,0
607394862873968639,0.974055,0
607394863008186367,0.991461,0
607394863142404095,0.975365,0
607394863276621823,0.931521,0
607394863545057279,0.97656,0
607394863679275007,0.982293,0
607394863813492735,0.947238,0
607394863947710463,0.999726,0
607394864081928191,0.935919,0
607394864216145919,0.950151,0
607394864350363647,0.952013,0
607394864618799103,0.95238,0
607394864753016831,0.978918,0
607394864887234559,0.978466,0
607394865021452287,0.99474,0
607394865155670015,0.954966,0
607394865289887743,0.957453,0
607394865424105471,0.969762,0
607394865692540927,0.958077,0
607394865826758655,0.94591,0
607394865960976383,0.932223,0
607394866095194111,0.933646,0
607394866229411839,0.951358,0
607394866363629567,0.95614,0
607394866497847295,0.915546,0
607394867840024575,1.0042,0
607394867974242303,1.00034,0
607394868108460031,0.967648,0
607394868242677759,1.00848,0
607394868376895487,1.02175,0
607394868511113215,1.01756,0
607394868645330943,1.04631,0
607394868913766399,0.984887,0
607394869047984127,0.985785,0
607394869182201855,0.977102,0
607394869316419583,0.981215,0
607394869450637311,0.99237,0
607394869584855039,0.98015,0
607394869719072767,0.98473,0
607394869987508223,0.97211,0
607394870121725951,0.974407,0
607394870255943679,1.01149,0
607394870390161407,0.993775,0
607394870524379135,0.958303,0
607394870658596863,0.967343,0
607394870792814591,0.957214,0
607394871061250047,0.970345,0
607394871195467775,0.954855,0
607394871329685503,0.975535,0
607394871463903231,0.962066,0
607394871598120959,0.962287,0
607394871732338687,1.00078,0
607394871866556415,0.98025,0
607394872134991871,1.02182,0
607394872269209599,1.02507,0
607394872403427327,1.03406,0
607394872537645055,1.03175,0
607394872671862783,1.03094,0
607394872806080511,1.03759,0
607394872940298239,1.01557,0
607394873208733695,1.04234,0
607394873342951423,0.99575,0
607394873477169151,1.0439,0
607394873611386879,1.02414,0
607394873745604607,0.935619,0
607394873879822335,0.940526,0
607394874014040063,1.04082,0
607394874282475519,1.02793,0
607394874416693247,0.968871,0
607394874550910975,1.00821,0
607394874685128703,0.956465,0
607394874819346431,1.04578,0
607394874953564159,1.06585,0
607394875087781887,1.03815,0
607394876429959167,0.991185,0
607394876564176895,1.04214,0
607394876698394623,0.96962,0
607394876832612351,1.04295,0
607394876966830079,0.957637,0
607394877101047807,1.01408,0
607394877235265535,1.00462,0
607394877503700991,1.03123,0
607394877637918719,1.05122,0
607394877772136447,1.03812,0
607394877906354175,1.02868,0
607394878040571903,1.0218,0
607394878174789631,1.00325,0
607394878309007359,0.995546,0
607394878577442815,1.04962,0
607394878711660543,1.05218,0
607394878845878271,1.08556,0
607394878980095999,1.06376,0
607394879114313727,1.0026,0
607394879248531455,1.0231,0
607394879382749183,1.00197,0
607394879651184639,1.03207,0
607394879785402367,1.04431,0
607394879919620095,1.0353,0
607394880053837823,1.01326,0
607394880188055551,1.03674,0
607394880322273279,1.00707,0
607394880456491007,1.04539,0
607394880724926463,0.936801,0
607394880859144191,0.928178,0
607394880993361919,0.933361,0
607394881127579647,0.944961,0
607394881261797375,0.920902,0
607394881396015103,0.920611,0
607394881530232831,0.913043,0
607394881798668287,0.925159,0
607394881932886015,0.95025,0
607394882067103743,0.950207,0
607394882201321471,0.959746,0
607394882335539199,0.909685,0
607394882469756927,0.936727,0
607394882603974655,0.917326,0
607394882872410111,0.944163,0
607394883006627839,0.984769,0
607394883140845567,0.954473,0
607394883275063295,0.986105,0
607394883409281023,0.914178,0
607394883543498751,0.95975,0
607394883677716479,0.9093,0
607394962329305087,0.647417,0
607394962463522815,0.653859,0
607394962597740543,0.653515,0
607394962731958271,0.663451,0
607394962866175999,0.662043,0
607394963000393727,0.666006,0
607394963134611455,0.642107,0
607394963403046911,0.679325,0
607394963537264639,0.730832,0
607394963671482367,0.651355,0
607394963805700095,0.637987,0
607394963939917823,0.776693,0
607394964074135551,0.751186,0
607394964208353279,0.709782,0
607394964476788735,0.622253,0
607394964611006463,0.620435,0
607394964745224191,0.637099,0
607394964879441919,0.630877,0
607394965013659647,0.645873,0
607394965147877375,0.63198,0
607394965282095103,0.624137,0
607394965550530559,0.645799,0
607394965684748287,0.633037,0
607394965818966015,0.639623,0
607394965953183743,0.640862,0
607394966087401471,0.66499,0
607394966221619199,0.654006,0
607394966355836927,0.646948,0
607394966624272383,0.680939,0
607394966758490111,0.67127,0
607394966892707839,0.672969,0
607394967026925567,0.659663,0
607394967161143295,0.717194,0
607394967295361023,0.702637,0
607394967429578751,0.689629,0
607394967698014207,0.74556,0
607394967832231935,0.775052,0
607394967966449663,0.673103,0
607394968100667391,0.692923,0
607394968234885119,0.792645,0
607394968369102847,0.787859,0
607394968503320575,0.751636,0
607394968771756031,0.644962,0
607394968905973759,0.662077,0
607394969040191487,0.651551,0
607394969174409215,0.645032,0
607394969308626943,0.673693,0
607394969442844671,0.660336,0
607394969577062399,0.661135,0
607394970919239679,0.684146,0
607394971053457407,0.678783,0
607394971187675135,0.627757,0
607394971321892863,0.689106,0
607394971456110591,0.728819,0
607394971590328319,0.725916,0
607394971724546047,0.689617,0
607394971992981503,0.721999,0
607394972127199231,0.742686,0
607394972261416959,0.685768,0
607394972395634687,0.688807,0
607394972529852415,0.759286,0
607394972664070143,0.745514,0
607394972798287871,0.718721,0
607394973066723327,0.622949,0
607394973200941055,0.633636,0
607394973335158783,0.636195,0
607394973469376511,0.646462,0
607394973603594239,0.628703,0
607394973737811967,0.638175,0
607394973872029695,0.62374,0
607394974140465151,0.68501,0
607394974274682879,0.677177,0
607394974408900607,0.645589,0
607394974543118335,0.652889,0
607394974677336063,0.688309,0
607394974811553791,0.686837,0
607394974945771519,0.650199,0
607394975214206975,0.736422,0
607394975348424703,0.726964,0
607394975482642431,0.701673,0
607394975616860159,0.729573,0
607394975751077887,0.760673,0
607394975885295615,0.791294,0
607394976019513343,0.729014,0
607394976287948799,0.77554,0
607394976422166527,0.762546,0
607394976556384255,0.754223,0
607394976690601983,0.755815,0
607394976824819711,0.809532,0
607394976959037439,0.795916,0
607394977093255167,0.747574,0
607394977361690623,0.631939,0
607394977495908351,0.627027,0
607394977630126079,0.623766,0
607394977764343807,0.631157,0
607394977898561535,0.627063,0
607394978032779263,0.639116,0
607394978166996991,0.655839,0
607394979509174271,0.633496,0
607394979643391999,0.618111,0
607394979777609727,0.60678,0
607394979911827455,0.617715,0
607394980046045183,0.629708,0
607394980180262911,0.627616,0
607394980314480639,0.623159,0
607394980582916095,0.64419,0
607394980717133823,0.63762,0
607394980851351551,0.618432,0
607394980985569279,0.624951,0
607394981119787007,0.635309,0
607394981254004735,0.642083,0
607394981388222463,0.619569,0
607394981656657919,0.597749,0
607394981790875647,0.600295,0
607394981925093375,0.592098,0
607394982059311103,0.5816,0
607394982193528831,0.615855,0
607394982327746559,0.598539,0
607394982461964287,0.592183,0
607394982730399743,0.602783,0
607394982864617471,0.607425,0
607394982998835199,0.592976,0
607394983133052927,0.596485,0
607394983267270655,0.614076,0
607394983401488383,0.614372,0
607394983535706111,0.599782,0
607394983804141567,0.644641,0
607394983938359295,0.639629,0
607394984072577023,0.626388,0
607394984206794751,0.637438,0
607394984341012479,0.658652,0
607394984475230207,0.669798,0
607394984609447935,0.636251,0
607394984877883391,0.64526,0
607394985012101119,0.632325,0
607394985146318847,0.657878,0
607394985280536575,0.643024,0
607394985414754303,0.659261,0
607394985548972031,0.624478,0
607394985683189759,0.652591,0
607394985951625215,0.616442,0
607394986085842943,0.606283,0
607394986220060671,0.629343,0
607394986354278399,0.596025,0
607394986488496127,0.642213,0
607394986622713855,0.631648,0
607394986756931583,0.632988,0
607394988099108863,0.612613,0
607394988233326591,0.61096,0
607394988367544319,0.587929,0
607394988501762047,0.603125,0
607394988635979775,0.623807,0
607394988770197503,0.597578,0
607394988904415231,0.61336,0
607394989172850687,0.615793,0
607394989307068415,0.636715,0
607394989441286143,0.601727,0
607394989575503871,0.609741,0
607394989709721599,0.61931,0
607394989843939327,0.64099,0
607394989978157055,0.616921,0
607394990246592511,0.566722,0
607394990380810239,0.573652,0
607394990515027967,0.570923,0
607394990649245695,0.576107,0
607394990783463423,0.592071,0
607394990917681151,0.585001,0
607394991051898879,0.581204,0
607394991320334335,0.587571,0
607394991454552063,0.631174,0
607394991588769791,0.588792,0
607394991722987519,0.625818,0
607394991857205247,0.580903,0
607394991991422975,0.612142,0
607394992125640703,0.577025,0
607394992394076159,0.638746,0
607394992528293887,0.644071,0
607394992662511615,0.623204,0
607394992796729343,0.63959,0
607394992930947071,0.640555,0
607394993065164799,0.65451,0
607394993199382527,0.645198,0
607394993467817983,0.644125,0
607394993602035711,0.64138,0
607394993736253439,0.622794,0
607394993870471167,0.613589,0
607394994004688895,0.63096,0
607394994138906623,0.624223,0
607394994273124351,0.6504,0
607394994541559807,0.607528,0
607394994675777535,0.606326,0
607394994809995263,0.604053,0
607394994944212991,0.610943,0
607394995078430719,0.626456,0
607394995212648447,0.638986,0
607394995346866175,0.622503,0
607394996689043455,0.802354,0
607394996823261183,0.804845,0
607394996957478911,0.82706,0
607394997091696639,0.814313,0
607394997225914367,0.799341,0
607394997360132095,0.825945,0
607394997494349823,0.813759,0
607394997762785279,0.861324,0
607394997897003007,0.858804,0
607394998031220735,0.806345,0
607394998165438463,0.840414,0
607394998299656191,0.87836,0
607394998433873919,0.922665,0
607394998568091647,0.847871,0
607394998836527103,0.706217,0
607394998970744831,0.726167,0
607394999104962559,0.707072,0
607394999239180287,0.694731,0
607394999373398015,0.748731,0
607394999507615743,0.795087,0
607394999641833471,0.713764,0
607394999910268927,0.810683,0
607395000044486655,0.821365,0
607395000178704383,0.775748,0
607395000312922111,0.778419,0
607395000447139839,0.801227,0
607395000581357567,0.815836,0
607395000715575295,0.792281,0
607395000984010751,0.833216,0
607395001118228479,0.828089,0
607395001252446207,0.837687,0
607395001386663935,0.814707,0
607395001520881663,0.841255,0
607395001655099391,0.852545,0
607395001789317119,0.837587,0
607395002057752575,0.889341,0
607395002191970303,0.917743,0
607395002326188031,0.840108,0
607395002460405759,0.85887,0
607395002594623487,0.924093,0
607395002728841215,0.951662,0
607395002863058943,0.870545,0
607395003131494399,0.80462,0
607395003265712127,0.830973,0
607395003399929855,0.755372,0
607395003534147583,0.754727,0
607395003668365311,0.816442,0
607395003802583039,0.836776,0
607395003936800767,0.756617,0
607395005278978047,0.833997,0
607395005413195775,0.85299,0
607395005547413503,0.816237,0
607395005681631231,0.830967,0
607395005815848959,0.889272,0
607395005950066687,0.904401,0
607395006084284415,0.820324,0
607395006352719871,0.968059,0
607395006486937599,0.97457,0
607395006621155327,0.845875,0
607395006755373055,0.883702,0
607395006889590783,0.958538,0
607395007023808511,1.01201,0
607395007158026239,0.952269,0
607395007426461695,0.781986,0
607395007560679423,0.795336,0
607395007694897151,0.767703,0
607395007829114879,0.760326,0
607395007963332607,0.790028,0
607395008097550335,0.829793,0
607395008231768063,0.777184,0
607395008500203519,0.806988,0
607395008634421247,0.849653,0
607395008768638975,0.771309,0
607395008902856703,0.796473,0
607395009037074431,0.810704,0
607395009171292159,0.859802,0
607395009305509887,0.790944,0
607395009573945343,0.938893,0
607395009708163071,0.990334,0
607395009842380799,0.82256,0
607395009976598527,0.889362,0
607395010110816255,0.924629,0
607395010245033983,1.00792,0
607395010379251711,0.923349,0
607395010647687167,1.05655,0
607395010781904895,0.984067,0
607395010916122623,0.966546,0
607395011050340351,1.01472,0
607395011184558079,1.02214,0
607395011318775807,1.0523,0
607395011452993535,1.03382,0
607395011721428991,0.809027,0
607395011855646719,0.800032,0
607395011989864447,0.81366,0
607395012124082175,0.80045,0
607395012258299903,0.839451,0
607395012392517631,0.856174,0
607395012526735359,0.835943,0
607395013868912639,0.688084,0
607395014003130367,0.664816,0
607395014137348095,0.6959,0
607395014271565823,0.687014,0
607395014405783551,0.687442,0
607395014540001279,0.66817,0
607395014674219007,0.705433,0
607395014942654463,0.67469,0
607395015076872191,0.677282,0
607395015211089919,0.670084,0
607395015345307647,0.6693,0
607395015479525375,0.697375,0
607395015613743103,0.692397,0
607395015747960831,0.674996,0
607395016016396287,0.682222,0
607395016150614015,0.660932,0
607395016284831743,0.672583,0
607395016419049471,0.657688,0
607395016553267199,0.687984,0
607395016687484927,0.675081,0
607395016821702655,0.685965,0
607395017090138111,0.671695,0
607395017224355839,0.655857,0
607395017358573567,0.675731,0
607395017492791295,0.659586,0
607395017627009023,0.699968,0
607395017761226751,0.671703,0
607395017895444479,0.678695,0
607395018163879935,0.706505,0
607395018298097663,0.697152,0
607395018432315391,0.688271,0
607395018566533119,0.70529,0
607395018700750847,0.716201,0
607395018834968575,0.70648,0
607395018969186303,0.702365,0
607395019237621759,0.702106,0
607395019371839487,0.695191,0
607395019506057215,0.692694,0
607395019640274943,0.687291,0
607395019774492671,0.721224,0
607395019908710399,0.722268,0
607395020042928127,0.710026,0
607395020311363583,0.69322,0
607395020445581311,0.699684,0
607395020579799039,0.676118,0
607395020714016767,0.679354,0
607395020848234495,0.687099,0
607395020982452223,0.705426,0
607395021116669951,0.711877,0
607395031048781823,0.90428,0
607395031182999551,0.906785,0
607395031317217279,0.85199,0
607395031451435007,0.842265,0
607395031585652735,0.917423,0
607395031719870463,0.941436,0
607395031854088191,0.894897,0
607395032122523647,0.941714,0
607395032256741375,0.959403,0
607395032390959103,0.938362,0
607395032525176831,0.934502,0
607395032659394559,0.930061,0
607395032793612287,0.97282,0
607395032927830015,0.928899,0
607395033196265471,0.843327,0
607395033330483199,0.829117,0
607395033464700927,0.795298,0
607395033598918655,0.798575,0
607395033733136383,0.815678,0
607395033867354111,0.811344,0
607395034001571839,0.800752,0
607395034270007295,0.821049,0
607395034404225023,0.805434,0
607395034538442751,0.819687,0
607395034672660479,0.85242,0
607395034806878207,0.868096,0
607395034941095935,0.874682,0
607395035075313663,0.808492,0
607395035343749119,0.940126,0
607395035477966847,0.915353,0
607395035612184575,0.968836,0
607395035746402303,0.924559,0
607395035880620031,0.955021,0
607395036014837759,0.934515,0
607395036149055487,0.943639,0
607395036417490943,0.93818,0
607395036551708671,0.930833,0
607395036685926399,0.923149,0
607395036820144127,0.931255,0
607395036954361855,0.94937,0
607395037088579583,0.939155,0
607395037222797311,0.944612,0
607395037491232767,0.795777,0
607395037625450495,0.813558,0
607395037759668223,0.807526,0
607395037893885951,0.795628,0
607395038028103679,0.89705,0
607395038162321407,0.90153,0
607395038296539135,0.839642,0
607395039638716415,0.932317,0
607395039772934143,0.919423,0
607395039907151871,0.905379,0
607395040041369599,0.882559,0
607395040175587327,0.945975,0
607395040309805055,0.918823,0
607395040444022783,0.94785,0
607395040712458239,0.935015,0
607395040846675967,0.946574,0
607395040980893695,0.905016,0
607395041115111423,0.953398,0
607395041249329151,0.937303,0
607395041383546879,0.943368,0
607395041517764607,0.920133,0
607395041786200063,0.845769,0
607395041920417791,0.828184,0
607395042054635519,0.807158,0
607395042188853247,0.803571,0
607395042323070975,0.83624,0
607395042457288703,0.833648,0
607395042591506431,0.847578,0
607395042859941887,0.831099,0
607395042994159615,0.85382,0
607395043128377343,0.824518,0
607395043262595071,0.819362,0
607395043396812799,0.885966,0
607395043531030527,0.900244,0
607395043665248255,0.831617,0
607395043933683711,0.958189,0
607395044067901439,0.944161,0
607395044202119167,0.93861,0
607395044336336895,0.941085,0
607395044470554623,0.969532,0
607395044604772351,0.999549,0
607395044738990079,0.951978,0
607395045007425535,0.976331,0
607395045141643263,0.965759,0
607395045275860991,0.980984,0
607395045410078719,0.960544,0
607395045544296447,0.944594,0
607395045678514175,0.964587,0
607395045812731903,0.982557,0
607395046081167359,0.861732,0
607395046215385087,0.872535,0
607395046349602815,0.808878,0
607395046483820543,0.825286,0
607395046618038271,0.886715,0
607395046752255999,0.916773,0
607395046886473727,0.861005,0
607395048228651007,0.733543,0
607395048362868735,0.737026,0
607395048497086463,0.691021,0
607395048631304191,0.694303,0
607395048765521919,0.756818,0
607395048899739647,0.762637,0
607395049033957375,0.690364,0
607395049302392831,0.762315,0
607395049436610559,0.75801,0
607395049570828287,0.728229,0
607395049705046015,0.723647,0
607395049839263743,0.773654,0
607395049973481471,0.791026,0
607395050107699199,0.758398,0
607395050376134655,0.663154,0
607395050510352383,0.669761,0
607395050644570111,0.67446,0
607395050778787839,0.662557,0
607395050913005567,0.683002,0
607395051047223295,0.670782,0
607395051181441023,0.676168,0
607395051449876479,0.677365,0
607395051584094207,0.699589,0
607395051718311935,0.658253,0
607395051852529663,0.680524,0
607395051986747391,0.686473,0
607395052120965119,0.697441,0
607395052255182847,0.678711,0
607395052523618303,0.779724,0
607395052657836031,0.766198,0
607395052792053759,0.721146,0
607395052926271487,0.722197,0
607395053060489215,0.821053,0
607395053194706943,0.805792,0
607395053328924671,0.771871,0
607395053597360127,0.81803,0
607395053731577855,0.772147,0
607395053865795583,0.781318,0
607395054000013311,0.783426,0
607395054134231039,0.826574,0
607395054268448767,0.803347,0
607395054402666495,0.820232,0
607395054671101951,0.667589,0
607395054805319679,0.667819,0
607395054939537407,0.680834,0
607395055073755135,0.673496,0
607395055207972863,0.689083,0
607395055342190591,0.703828,0
607395055476408319,0.68204,0
607395056818585599,0.78052,0
607395056952803327,0.776183,0
607395057087021055,0.73655,0
607395057221238783,0.752642,0
607395057355456511,0.778158,0
607395057489674239,0.763783,0
607395057623891967,0.766222,0
607395057892327423,0.775714,0
607395058026545151,0.803984,0
607395058160762879,0.775875,0
607395058294980607,0.772765,0
607395058429198335,0.794244,0
607395058563416063,0.788837,0
607395058697633791,0.761874,0
607395058966069247,0.695689,0
607395059100286975,0.706712,0
607395059234504703,0.689275,0
607395059368722431,0.701197,0
607395059502940159,0.733304,0
607395059637157887,0.729481,0
607395059771375615,0.694635,0
607395060039811071,0.758531,0
607395060174028799,0.751333,0
607395060308246527,0.726164,0
607395060442464255,0.734341,0
607395060576681983,0.760152,0
607395060710899711,0.750142,0
607395060845117439,0.75967,0
607395061113552895,0.828666,0
607395061247770623,0.825031,0
607395061381988351,0.762684,0
607395061516206079,0.791015,0
607395061650423807,0.821102,0
607395061784641535,0.830554,0
607395061918859263,0.804988,0
607395062187294719,0.817949,0
607395062321512447,0.800434,0
607395062455730175,0.802844,0
607395062589947903,0.785132,0
607395062724165631,0.859362,0
607395062858383359,0.83205,0
607395062992601087,0.841982,0
607395063261036543,0.723625,0
607395063395254271,0.719864,0
607395063529471999,0.711847,0
607395063663689727,0.716261,0
607395063797907455,0.718922,0
607395063932125183,0.738266,0
607395064066342911,0.695836,0
607395065408520191,0.972342,0
607395065542737919,0.970097,0
607395065676955647,0.956984,0
607395065811173375,0.907225,0
607395065945391103,0.966569,0
607395066079608831,0.969811,0
607395066213826559,1.02403,0
607395066482262015,0.947899,0
607395066616479743,0.988114,0
607395066750697471,0.927918,0
607395066884915199,0.933886,0
607395067019132927,1.02593,0
607395067153350655,1.01551,0
607395067287568383,0.980469,0
607395067556003839,0.968146,0
607395067690221567,0.969489,0
607395067824439295,0.981011,0
607395067958657023,0.979716,0
607395068092874751,0.957496,0
607395068227092479,0.881721,0
607395068361310207,1.04626,0
607395068629745663,0.906251,0
607395068763963391,0.918605,0
607395068898181119,0.947547,0
607395069032398847,0.957612,0
607395069166616575,0.929758,0
607395069300834303,0.91407,0
607395069435052031,0.876966,0
607395069703487487,1.01558,0
607395069837705215,1.08928,0
607395069971922943,1.00215,0
607395070106140671,1.03644,0
607395070240358399,1.0714,0
607395070374576127,1.08727,0
607395070508793855,1.01238,0
607395070777229311,1.073,0
607395070911447039,1.05555,0
607395071045664767,1.07951,0
607395071179882495,1.04576,0
607395071314100223,1.12964,0
607395071448317951,1.12263,0
607395071582535679,1.11342,0
607395071850971135,0.924439,0
607395071985188863,0.994865,0
607395072119406591,0.919034,0
607395072253624319,1.03602,0
607395072387842047,1.02703,0
607395072522059775,1.04374,0
607395072656277503,0.96298,0
607395073998454783,0.97222,0
607395074132672511,0.992099,0
607395074266890239,0.967713,0
607395074401107967,0.958729,0
607395074535325695,0.99851,0
607395074669543423,0.993201,0
607395074803761151,0.931452,0
607395075072196607,1.02715,0
607395075206414335,1.01038,0
607395075340632063,0.971501,0
607395075474849791,0.96049,0
607395075609067519,1.05403,0
607395075743285247,1.05478,0
607395075877502975,1.03019,0
607395076145938431,0.931648,0
607395076280156159,0.944365,0
607395076414373887,0.972764,0
607395076548591615,0.965949,0
607395076682809343,0.953,0
607395076817027071,0.942569,0
607395076951244799,0.948572,0
607395077219680255,0.955205,0
607395077353897983,0.935889,0
607395077488115711,0.986465,0
607395077622333439,0.954244,0
607395077756551167,0.973786,0
607395077890768895,0.948839,0
607395078024986623,0.971206,0
607395078293422079,1.02135,0
607395078427639807,1.05062,0
607395078561857535,1.00526,0
607395078696075263,0.987266,0
607395078830292991,1.08731,0
607395078964510719,1.1074,0
607395079098728447,1.01152,0
607395079367163903,1.11673,0
607395079501381631,1.1277,0
607395079635599359,1.03567,0
607395079769817087,1.04848,0
607395079904034815,1.13032,0
607395080038252543,1.14707,0
607395080172470271,1.12206,0
607395080440905727,0.906464,0
607395080575123455,0.953573,0
607395080709341183,0.946783,0
607395080843558911,0.930349,0
607395080977776639,0.954418,0
607395081111994367,0.949581,0
607395081246212095,0.929753,0
607395082588389375,0.897958,0
607395082722607103,0.910404,0
607395082856824831,0.814647,0
607395082991042559,0.853947,0
607395083125260287,0.928152,0
607395083259478015,0.933523,0
607395083393695743,0.884175,0
607395083662131199,0.900955,0
607395083796348927,0.949874,0
607395083930566655,0.866481,0
607395084064784383,0.875424,0
607395084199002111,0.965341,0
607395084333219839,0.968898,0
607395084467437567,0.948095,0
607395084735873023,0.805375,0
607395084870090751,0.816043,0
607395085004308479,0.759309,0
607395085138526207,0.790298,0
607395085272743935,0.832488,0
607395085406961663,0.825506,0
607395085541179391,0.820523,0
607395085809614847,0.816884,0
607395085943832575,0.83653,0
607395086078050303,0.821455,0
607395086212268031,0.809277,0
607395086346485759,0.854433,0
607395086480703487,0.846359,0
607395086614921215,0.835088,0
607395086883356671,0.967274,0
607395087017574399,0.970847,0
607395087151792127,0.94324,0
607395087286009855,0.921092,0
607395087420227583,1.00606,0
607395087554445311,0.977876,0
607395087688663039,0.994868,0
607395087957098495,0.951699,0
607395088091316223,0.98401,0
607395088225533951,0.935817,0
607395088359751679,0.956226,0
607395088493969407,0.958362,0
607395088628187135,0.929129,0
607395088762404863,0.992922,0
607395089030840319,0.840787,0
607395089165058047,0.836922,0
607395089299275775,0.846653,0
607395089433493503,0.840858,0
607395089567711231,0.91729,0
607395089701928959,0.874514,0
607395089836146687,0.840322,0
607395099768258559,0.598221,0
607395099902476287,0.669834,0
607395100036694015,0.577785,0
607395100170911743,0.586309,0
607395100305129471,0.585174,0
607395100439347199,0.586252,0
607395100573564927,0.598467,0
607395100842000383,0.578498,0
607395100976218111,0.589372,0
607395101110435839,0.701702,0
607395101244653567,0.588435,0
607395101378871295,0.556755,0
607395101513089023,0.566874,0
607395101647306751,0.571337,0
607395101915742207,0.52528,0
607395102049959935,0.514653,0
607395102184177663,0.52651,0
607395102318395391,0.509752,0
607395102452613119,0.55449,0
607395102586830847,0.586882,0
607395102721048575,0.546231,0
607395102989484031,0.565344,0
607395103123701759,0.575809,0
607395103257919487,0.546923,0
607395103392137215,0.563499,0
607395103526354943,0.547893,0
607395103660572671,0.57394,0
607395103794790399,0.571502,0
607395104063225855,0.560201,0
607395104197443583,0.577664,0
607395104331661311,0.567677,0
607395104465879039,0.594312,0
607395104600096767,0.590099,0
607395104734314495,0.595264,0
607395104868532223,0.56585,0
607395105136967679,0.599717,0
607395105271185407,0.603764,0
607395105405403135,0.575902,0
607395105539620863,0.580717,0
607395105673838591,0.569491,0
607395105808056319,0.598277,0
607395105942274047,0.587017,0
607395106210709503,0.555885,0
607395106344927231,0.578118,0
607395106479144959,0.552543,0
607395106613362687,0.556244,0
607395106747580415,0.585713,0
607395106881798143,0.596569,0
607395107016015871,0.584548,0
607395108358193151,0.564674,0
607395108492410879,0.626366,0
607395108626628607,0.586645,0
607395108760846335,0.579329,0
607395108895064063,0.585941,0
607395109029281791,0.550659,0
607395109163499519,0.635499,0
607395109431934975,0.560869,0
607395109566152703,0.565092,0
607395109700370431,0.543335,0
607395109834588159,0.592415,0
607395109968805887,0.56457,0
607395110103023615,0.567355,0
607395110237241343,0.568094,0
607395110505676799,0.508204,0
607395110639894527,0.505653,0
607395110774112255,0.550567,0
607395110908329983,0.52794,0
607395111042547711,0.541992,0
607395111176765439,0.551143,0
607395111310983167,0.547375,0
607395111579418623,0.547672,0
607395111713636351,0.545314,0
607395111847854079,0.502765,0
607395111982071807,0.51264,0
607395112116289535,0.590143,0
607395112250507263,0.586861,0
607395112384724991,0.550779,0
607395112653160447,0.576928,0
607395112787378175,0.581395,0
607395112921595903,0.565904,0
607395113055813631,0.569904,0
607395113190031359,0.57959,0
607395113324249087,0.562867,0
607395113458466815,0.576688,0
607395113726902271,0.573104,0
607395113861119999,0.563542,0
607395113995337727,0.559227,0
607395114129555455,0.553626,0
607395114263773183,0.659058,0
607395114397990911,0.5798,0
607395114532208639,0.570965,0
607395114800644095,0.629227,0
607395114934861823,0.571102,0
607395115069079551,0.562318,0
607395115203297279,0.545214,0
607395115337515007,0.57784,0
607395115471732735,0.62962,0
607395115605950463,0.598471,0
607395116948127743,0.487336,0
607395117082345471,0.505648,0
607395117216563199,0.521525,0
607395117350780927,0.533475,0
607395117484998655,0.511883,0
607395117619216383,0.490611,0
607395117753434111,0.50808,0
607395118021869567,0.492,0
607395118156087295,0.491042,0
607395118290305023,0.490132,0
607395118424522751,0.509531,0
607395118558740479,0.524384,0
607395118692958207,0.529409,0
607395118827175935,0.480987,0
607395119095611391,0.556333,0
607395119229829119,0.562864,0
607395119364046847,0.543525,0
607395119498264575,0.551941,0
607395119632482303,0.494486,0
607395119766700031,0.49813,0
607395119900917759,0.559934,0
607395120169353215,0.513567,0
607395120303570943,0.513296,0
607395120437788671,0.57351,0
607395120572006399,0.572627,0
607395120706224127,0.511566,0
607395120840441855,0.504627,0
607395120974659583,0.507329,0
607395121243095039,0.523635,0
607395121377312767,0.560749,0
607395121511530495,0.512501,0
607395121645748223,0.531029,0
607395121779965951,0.520651,0
607395121914183679,0.54724,0
607395122048401407,0.514138,0
607395122316836863,0.525849,0
607395122451054591,0.534409,0
607395122585272319,0.541326,0
607395122719490047,0.528084,0
607395122853707775,0.563065,0
607395122987925503,0.548798,0
607395123122143231,0.528809,0
607395123390578687,0.546131,0
607395123524796415,0.531125,0
607395123659014143,0.528875,0
607395123793231871,0.518052,0
607395123927449599,0.509864,0
607395124061667327,0.530682,0
607395124195885055,0.525978,0
607395125538062335,0.523735,0
607395125672280063,0.505202,0
607395125806497791,0.504135,0
607395125940715519,0.506895,0
607395126074933247,0.517893,0
607395126209150975,0.529464,0
607395126343368703,0.520877,0
607395126611804159,0.526437,0
607395126746021887,0.516563,0
607395126880239615,0.486621,0
607395127014457343,0.493416,0
607395127148675071,0.522827,0
607395127282892799,0.517623,0
607395127417110527,0.531978,0
607395127685545983,0.512073,0
607395127819763711,0.49711,0
607395127953981439,0.533295,0
607395128088199167,0.493473,0
607395128222416895,0.541615,0
607395128356634623,0.522903,0
607395128490852351,0.529751,0
607395128759287807,0.514849,0
607395128893505535,0.51189,0
607395129027723263,0.502781,0
607395129161940991,0.48762,0
607395129296158719,0.506819,0
607395129430376447,0.502293,0
607395129564594175,0.507547,0
607395129833029631,0.515579,0
607395129967247359,0.513755,0
607395130101465087,0.472528,0
607395130235682815,0.51111,0
607395130369900543,0.501689,0
607395130504118271,0.557264,0
607395130638335999,0.512857,0
607395130906771455,0.536398,0
607395131040989183,0.538052,0
607395131175206911,0.51879,0
607395131309424639,0.524989,0
607395131443642367,0.575525,0
607395131577860095,0.583583,0
607395131712077823,0.544952,0
607395131980513279,0.512391,0
607395132114731007,0.547046,0
607395132248948735,0.540024,0
607395132383166463,0.539386,0
607395132517384191,0.506048,0
607395132651601919,0.515418,0
607395132785819647,0.49395,0
607395134127996927,0.631614,0
607395134262214655,0.618098,0
607395134396432383,0.628319,0
607395134530650111,0.616645,0
607395134664867839,0.631499,0
607395134799085567,0.631714,0
607395134933303295,0.614878,0
607395135201738751,0.598074,0
607395135335956479,0.586345,0
607395135470174207,0.603909,0
607395135604391935,0.592052,0
607395135738609663,0.593438,0
607395135872827391,0.592922,0
607395136007045119,0.600322,0
607395136275480575,0.601976,0
607395136409698303,0.60478,0
607395136543916031,0.557683,0
607395136678133759,0.56977,0
607395136812351487,0.596247,0
607395136946569215,0.6069,0
607395137080786943,0.576272,0
607395137349222399,0.604387,0
607395137483440127,0.583694,0
607395137617657855,0.607573,0
607395137751875583,0.597169,0
607395137886093311,0.621809,0
607395138020311039,0.621822,0
607395138154528767,0.606842,0
607395138422964223,0.632975,0
607395138557181951,0.617913,0
607395138691399679,0.618381,0
607395138825617407,0.610819,0
607395138959835135,0.618977,0
607395139094052863,0.618257,0
607395139228270591,0.638141,0
607395139496706047,0.623916,0
607395139630923775,0.593129,0
607395139765141503,0.628021,0
607395139899359231,0.610295,0
607395140033576959,0.618555,0
607395140167794687,0.617273,0
607395140302012415,0.614737,0
607395140570447871,0.620039,0
607395140704665599,0.634752,0
607395140838883327,0.582367,0
607395140973101055,0.601485,0
607395141107318783,0.629962,0
607395141241536511,0.61532,0
607395141375754239,0.618906,0
607395142717931519,0.588238,0
607395142852149247,0.594944,0
607395142986366975,0.59047,0
607395143120584703,0.600312,0
607395143254802431,0.665211,0
607395143389020159,0.62558,0
607395143523237887,0.5798,0
607395143791673343,0.58901,0
607395143925891071,0.601171,0
607395144060108799,0.656762,0
607395144194326527,0.588459,0
607395144328544255,0.580361,0
607395144462761983,0.58106,0
607395144596979711,0.596609,0
607395144865415167,0.578247,0
607395144999632895,0.599609,0
607395145133850623,0.598216,0
607395145268068351,0.598096,0
607395145402286079,0.592415,0
607395145536503807,0.592147,0
607395145670721535,0.586672,0
607395145939156991,0.656833,0
607395146073374719,0.657098,0
607395146207592447,0.587435,0
607395146341810175,0.650377,0
607395146476027903,0.658306,0
607395146610245631,0.653079,0
607395146744463359,0.585259,0
607395147012898815,0.58019,0
607395147147116543,0.570102,0
607395147281334271,0.593155,0
607395147415551999,0.596136,0
607395147549769727,0.585197,0
607395147683987455,0.588163,0
607395147818205183,0.569995,0
607395148086640639,0.592442,0
607395148220858367,0.579804,0
607395148355076095,0.652445,0
607395148489293823,0.590682,0
607395148623511551,0.59451,0
607395148757729279,0.587079,0
607395148891947007,0.582324,0
607395149160382463,0.587316,0
607395149294600191,0.587454,0
607395149428817919,0.572275,0
607395149563035647,0.590017,0
607395149697253375,0.572782,0
607395149831471103,0.595612,0
607395149965688831,0.583609,0
607395151307866111,0.605996,0
607395151442083839,0.578096,0
607395151576301567,0.592409,0
607395151710519295,0.591269,0
607395151844737023,0.60363,0
607395151978954751,0.602798,0
607395152113172479,0.619188,0
607395152381607935,0.575575,0
607395152515825663,0.585231,0
607395152650043391,0.578927,0
607395152784261119,0.588031,0
607395152918478847,0.593054,0
607395153052696575,0.580666,0
607395153186914303,0.585678,0
607395153455349759,0.568949,0
607395153589567487,0.556105,0
607395153723785215,0.515622,0
607395153858002943,0.524202,0
607395153992220671,0.593704,0
607395154126438399,0.592601,0
607395154260656127,0.559048,0
607395154529091583,0.56726,0
607395154663309311,0.548341,0
607395154797527039,0.555129,0
607395154931744767,0.573838,0
607395155065962495,0.57597,0
607395155200180223,0.581159,0
607395155334397951,0.574229,0
607395155602833407,0.598681,0
607395155737051135,0.570034,0
607395155871268863,0.63226,0
607395156005486591,0.606326,0
607395156139704319,0.568425,0
607395156273922047,0.557894,0
607395156408139775,0.583676,0
607395156676575231,0.562013,0
607395156810792959,0.555563,0
607395156945010687,0.570644,0
607395157079228415,0.571585,0
607395157213446143,0.594676,0
607395157347663871,0.585366,0
607395157481881599,0.575863,0
607395157750317055,0.599629,0
607395157884534783,0.59169,0
607395158018752511,0.579011,0
607395158152970239,0.585628,0
607395158287187967,0.61529,0
607395158421405695,0.593365,0
607395158555623423,0.585864,0
607395168487735295,0.637499,0
607395168621953023,0.614932,0
607395168756170751,0.649849,0
607395168890388479,0.631737,0
607395169024606207,0.649724,0
607395169158823935,0.615183,0
607395169293041663,0.644128,0
607395169561477119,0.62392,0
607395169695694847,0.631853,0
607395169829912575,0.623446,0
607395169964130303,0.622692,0
607395170098348031,0.623459,0
607395170232565759,0.622238,0
607395170366783487,0.598587,0
607395170635218943,0.657955,0
607395170769436671,0.648006,0
607395170903654399,0.651905,0
607395171037872127,0.64463,0
607395171172089855,0.65829,0
607395171306307583,0.648527,0
607395171440525311,0.653184,0
607395171708960767,0.634568,0
607395171843178495,0.65194,0
607395171977396223,0.654867,0
607395172111613951,0.648416,0
607395172245831679,0.630873,0
607395172380049407,0.631477,0
607395172514267135,0.634846,0
607395172782702591,0.629724,0
607395172916920319,0.635145,0
607395173051138047,0.640121,0
607395173185355775,0.633702,0
607395173319573503,0.628243,0
607395173453791231,0.633771,0
607395173588008959,0.639461,0
607395173856444415,0.612057,0
607395173990662143,0.603125,0
607395174124879871,0.635406,0
607395174259097599,0.603699,0
607395174393315327,0.641977,0
607395174527533055,0.607933,0
607395174661750783,0.637777,0
607395174930186239,0.636684,0
607395175064403967,0.646049,0
607395175198621695,0.655936,0
607395175332839423,0.659147,0
607395175467057151,0.650709,0
607395175601274879,0.646052,0
607395175735492607,0.628733,0
607395177077669887,0.617913,0
607395177211887615,0.612889,0
607395177346105343,0.622459,0
607395177480323071,0.627457,0
607395177614540799,0.615608,0
607395177748758527,0.622974,0
607395177882976255,0.608576,0
607395178151411711,0.633744,0
607395178285629439,0.645792,0
607395178419847167,0.613072,0
607395178554064895,0.619706,0
607395178688282623,0.631696,0
607395178822500351,0.630482,0
607395178956718079,0.617016,0
607395179225153535,0.645928,0
607395179359371263,0.653252,0
607395179493588991,0.639213,0
607395179627806719,0.655246,0
607395179762024447,0.637947,0
607395179896242175,0.633933,0
607395180030459903,0.649459,0
607395180298895359,0.620043,0
607395180433113087,0.617048,0
607395180567330815,0.621777,0
607395180701548543,0.617313,0
607395180835766271,0.617502,0
607395180969983999,0.617329,0
607395181104201727,0.642098,0
607395181372637183,0.627906,0
607395181506854911,0.617964,0
607395181641072639,0.632413,0
607395181775290367,0.613434,0
607395181909508095,0.635411,0
607395182043725823,0.629039,0
607395182177943551,0.615133,0
607395182446379007,0.636947,0
607395182580596735,0.638063,0
607395182714814463,0.614068,0
607395182849032191,0.624603,0
607395182983249919,0.608818,0
607395183117467647,0.625533,0
607395183251685375,0.612797,0
607395183520120831,0.635963,0
607395183654338559,0.623461,0
607395183788556287,0.653832,0
607395183922774015,0.64074,0
607395184056991743,0.626048,0
607395184191209471,0.617038,0
607395184325427199,0.626161,0
607395185667604479,0.711013,0
607395185801822207,0.635997,0
607395185936039935,0.56489,0
607395186070257663,0.580155,0
607395186204475391,0.594959,0
607395186338693119,0.617666,0
607395186472910847,0.591825,0
607395186741346303,0.658822,0
607395186875564031,0.612565,0
607395187009781759,0.644313,0
607395187143999487,0.667357,0
607395187278217215,0.655851,0
607395187412434943,0.63714,0
607395187546652671,0.652149,0
607395187815088127,0.548198,0
607395187949305855,0.527794,0
607395188083523583,0.539723,0
607395188217741311,0.527227,0
607395188351959039,0.547435,0
607395188486176767,0.57236,0
607395188620394495,0.540718,0
607395188888829951,0.677177,0
607395189023047679,0.673706,0
607395189157265407,0.550585,0
607395189291483135,0.589886,0
607395189425700863,0.568324,0
607395189559918591,0.662184,0
607395189694136319,0.56252,0
607395189962571775,0.602294,0
607395190096789503,0.627782,0
607395190231007231,0.557296,0
607395190365224959,0.587944,0
607395190499442687,0.616697,0
607395190633660415,0.620305,0
607395190767878143,0.608076,0
607395191036313599,0.648088,0
607395191170531327,0.652417,0
607395191304749055,0.630512,0
607395191438966783,0.653814,0
607395191573184511,0.65084,0
607395191707402239,0.660203,0
607395191841619967,0.631689,0
607395192110055423,0.575749,0
607395192244273151,0.572692,0
607395192378490879,0.54274,0
607395192512708607,0.544213,0
607395192646926335,0.609757,0
607395192781144063,0.568922,0
607395192915361791,0.583583,0
607395194257539071,0.569018,0
607395194391756799,0.592846,0
607395194525974527,0.623504,0
607395194660192255,0.555825,0
607395194794409983,0.607063,0
607395194928627711,0.645254,0
607395195062845439,0.56618,0
607395195331280895,0.622904,0
607395195465498623,0.6333,0
607395195599716351,0.585104,0
607395195733934079,0.577388,0
607395195868151807,0.640231,0
607395196002369535,0.635657,0
607395196136587263,0.63649,0
607395196405022719,0.551006,0
607395196539240447,0.557872,0
607395196673458175,0.524445,0
607395196807675903,0.535072,0
607395196941893631,0.547041,0
607395197076111359,0.58877,0
607395197210329087,0.548798,0
607395197478764543,0.637183,0
607395197612982271,0.570678,0
607395197747199999,0.541374,0
607395197881417727,0.543779,0
607395198015635455,0.552583,0
607395198149853183,0.572578,0
607395198284070911,0.645477,0
607395198552506367,0.617075,0
607395198686724095,0.612275,0
607395198820941823,0.597147,0
607395198955159551,0.583341,0
607395199089377279,0.637607,0
607395199223595007,0.632255,0
607395199357812735,0.625052,0
607395199626248191,0.650213,0
607395199760465919,0.651138,0
607395199894683647,0.619195,0
607395200028901375,0.638827,0
607395200163119103,0.654731,0
607395200297336831,0.660322,0
607395200431554559,0.650851,0
607395200699990015,0.556079,0
607395200834207743,0.626204,0
607395200968425471,0.535353,0
607395201102643199,0.530202,0
607395201236860927,0.654258,0
607395201371078655,0.551514,0
607395201505296383,0.550922,0
607395202847473663,0.651397,0
607395202981691391,0.657299,0
607395203115909119,0.619178,0
607395203250126847,0.646549,0
607395203384344575,0.643467,0
607395203518562303,0.651524,0
607395203652780031,0.623685,0
607395203921215487,0.671217,0
607395204055433215,0.661954,0
607395204189650943,0.666183,0
607395204323868671,0.668768,0
607395204458086399,0.657873,0
607395204592304127,0.667923,0
607395204726521855,0.659529,0
607395204994957311,0.619096,0
607395205129175039,0.619188,0
607395205263392767,0.607282,0
607395205397610495,0.616398,0
607395205531828223,0.627058,0
607395205666045951,0.62088,0
607395205800263679,0.619549,0
607395206068699135,0.639661,0
607395206202916863,0.617018,0
607395206337134591,0.623834,0
607395206471352319,0.624635,0
607395206605570047,0.666904,0
607395206739787775,0.651817,0
607395206874005503,0.627935,0
607395207142440959,0.630055,0
607395207276658687,0.654593,0
607395207410876415,0.628301,0
607395207545094143,0.620652,0
607395207679311871,0.626056,0
607395207813529599,0.640127,0
607395207947747327,0.645782,0
607395208216182783,0.656022,0
607395208350400511,0.660299,0
607395208484618239,0.657777,0
607395208618835967,0.646273,0
607395208753053695,0.646596,0
607395208887271423,0.673639,0
607395209021489151,0.658175,0
607395209289924607,0.626971,0
607395209424142335,0.624869,0
607395209558360063,0.60895,0
607395209692577791,0.609476,0
607395209826795519,0.62286,0
607395209961013247,0.627924,0
607395210095230975,0.623579,0
607395211437408255,0.666366,0
607395211571625983,0.66001,0
607395211705843711,0.644677,0
607395211840061439,0.6689,0
607395211974279167,0.698554,0
607395212108496895,0.688101,0
607395212242714623,0.667081,0
607395212511150079,0.698862,0
607395212645367807,0.666448,0
607395212779585535,0.683351,0
607395212913803263,0.672821,0
607395213048020991,0.705618,0
607395213182238719,0.685218,0
607395213316456447,0.696364,0
607395213584891903,0.621858,0
607395213719109631,0.62103,0
607395213853327359,0.615875,0
607395213987545087,0.619829,0
607395214121762815,0.626232,0
607395214255980543,0.62597,0
607395214390198271,0.609064,0
607395214658633727,0.644729,0
607395214792851455,0.60476,0
607395214927069183,0.632872,0
607395215061286911,0.60366,0
607395215195504639,0.646026,0
607395215329722367,0.650306,0
607395215463940095,0.616829,0
607395215732375551,0.69681,0
607395215866593279,0.696119,0
607395216000811007,0.659078,0
607395216135028735,0.682778,0
607395216269246463,0.657114,0
607395216403464191,0.670961,0
607395216537681919,0.685462,0
607395216806117375,0.671223,0
607395216940335103,0.681355,0
607395217074552831,0.699743,0
607395217208770559,0.689999,0
607395217342988287,0.692137,0
607395217477206015,0.697546,0
607395217611423743,0.671274,0
607395217879859199,0.624784,0
607395218014076927,0.632931,0
607395218148294655,0.608697,0
607395218282512383,0.596055,0
607395218416730111,0.662472,0
607395218550947839,0.654908,0
607395218685165567,0.638877,0
607395220027342847,0.582267,0
607395220161560575,0.567221,0
607395220295778303,0.585386,0
607395220429996031,0.587424,0
607395220564213759,0.58011,0
607395220698431487,0.578236,0
607395220832649215,0.57246,0
607395221101084671,0.604707,0
607395221235302399,0.634868,0
607395221369520127,0.590023,0
607395221503737855,0.613077,0
607395221637955583,0.592806,0
607395221772173311,0.616924,0
607395221906391039,0.599017,0
607395222174826495,0.577379,0
607395222309044223,0.575831,0
607395222443261951,0.582975,0
607395222577479679,0.581142,0
607395222711697407,0.597843,0
607395222845915135,0.612601,0
607395222980132863,0.599556,0
607395223248568319,0.616393,0
607395223382786047,0.633316,0
607395223517003775,0.616211,0
607395223651221503,0.643371,0
607395223785439231,0.594599,0
607395223919656959,0.613011,0
607395224053874687,0.588334,0
607395224322310143,0.578101,0
607395224456527871,0.568389,0
607395224590745599,0.570117,0
607395224724963327,0.584879,0
607395224859181055,0.58826,0
607395224993398783,0.582692,0
607395225127616511,0.577304,0
607395225396051967,0.588261,0
607395225530269695,0.586936,0
607395225664487423,0.579194,0
607395225798705151,0.566846,0
607395225932922879,0.600713,0
607395226067140607,0.594008,0
607395226201358335,0.581597,0
607395226469793791,0.581233,0
607395226604011519,0.585902,0
607395226738229247,0.6482,0
607395226872446975,0.572011,0
607395227006664703,0.568678,0
607395227140882431,0.569646,0
607395227275100159,0.595441,0
607395237207212031,0.794881,0
607395237341429759,0.80762,0
607395237475647487,0.795512,0
607395237609865215,0.81302,0
607395237744082943,0.799069,0
607395237878300671,0.829138,0
607395238012518399,0.841103,0
607395238280953855,0.838986,0
607395238415171583,0.837446,0
607395238549389311,0.810558,0
607395238683607039,0.799952,0
607395238817824767,0.854142,0
607395238952042495,0.871525,0
607395239086260223,0.833699,0
607395239354695679,0.808941,0
607395239488913407,0.805978,0
607395239623131135,0.791213,0
607395239757348863,0.771501,0
607395239891566591,0.855996,0
607395240025784319,0.80951,0
607395240160002047,0.825143,0
607395240428437503,0.803196,0
607395240562655231,0.799304,0
607395240696872959,0.844771,0
607395240831090687,0.823007,0
607395240965308415,0.778196,0
607395241099526143,0.797262,0
607395241233743871,0.809211,0
607395241502179327,0.804598,0
607395241636397055,0.803516,0
607395241770614783,0.851018,0
607395241904832511,0.829152,0
607395242039050239,0.813095,0
607395242173267967,0.788867,0
607395242307485695,0.823569,0
607395242575921151,0.833441,0
607395242710138879,0.873761,0
607395242844356607,0.839785,0
607395242978574335,0.799829,0
607395243112792063,0.859979,0
607395243247009791,0.874949,0
607395243381227519,0.849855,0
607395243649662975,0.812075,0
607395243783880703,0.821267,0
607395243918098431,0.843147,0
607395244052316159,0.830677,0
607395244186533887,0.824906,0
607395244320751615,0.835849,0
607395244454969343,0.819045,0
607395245797146623,0.881252,0
607395245931364351,0.917827,0
607395246065582079,0.881139,0
607395246199799807,0.894628,0
607395246334017535,0.909584,0
607395246468235263,0.895522,0
607395246602452991,0.86422,0
607395246870888447,0.958417,0
607395247005106175,0.941574,0
607395247139323903,0.924122,0
607395247273541631,0.943343,0
607395247407759359,0.942045,0
607395247541977087,0.91037,0
607395247676194815,0.899878,0
607395247944630271,0.87219,0
607395248078847999,0.863053,0
607395248213065727,0.850159,0
607395248347283455,0.825602,0
607395248481501183,0.848644,0
607395248615718911,0.862146,0
607395248749936639,0.846612,0
607395249018372095,0.93404,0
607395249152589823,0.912185,0
607395249286807551,0.880606,0
607395249421025279,0.8724,0
607395249555243007,0.907391,0
607395249689460735,0.950214,0
607395249823678463,0.886372,0
607395250092113919,0.892659,0
607395250226331647,0.905994,0
607395250360549375,0.870322,0
607395250494767103,0.897035,0
607395250628984831,0.892241,0
607395250763202559,0.914898,0
607395250897420287,0.861239,0
607395251165855743,0.898545,0
607395251300073471,0.925862,0
607395251434291199,0.92271,0
607395251568508927,0.908604,0
607395251702726655,0.910924,0
607395251836944383,0.940843,0
607395251971162111,0.914298,0
607395252239597567,0.80275,0
607395252373815295,0.857508,0
607395252508033023,0.820997,0
607395252642250751,0.818575,0
607395252776468479,0.861721,0
607395252910686207,0.845178,0
607395253044903935,0.813003,0
607395254387081215,0.839701,0
607395254521298943,0.775365,0
607395254655516671,0.802197,0
607395254789734399,0.779636,0
607395254923952127,0.837784,0
607395255058169855,0.814831,0
607395255192387583,0.905265,0
607395255460823039,0.765445,0
607395255595040767,0.768771,0
607395255729258495,0.778317,0
607395255863476223,0.753931,0
607395255997693951,0.772376,0
607395256131911679,0.759242,0
607395256266129407,0.758352,0
607395256534564863,0.745208,0
607395256668782591,0.727027,0
607395256803000319,0.743311,0
607395256937218047,0.755859,0
607395257071435775,0.783764,0
607395257205653503,0.784452,0
607395257339871231,0.750531,0
607395257608306687,0.756203,0
607395257742524415,0.739381,0
607395257876742143,0.751673,0
607395258010959871,0.708923,0
607395258145177599,0.769623,0
607395258279395327,0.752282,0
607395258413613055,0.792377,0
607395258682048511,0.79639,0
607395258816266239,0.770615,0
607395258950483967,0.789271,0
607395259084701695,0.806822,0
607395259218919423,0.901136,0
607395259353137151,0.802316,0
607395259487354879,0.847582,0
607395259755790335,0.801763,0
607395259890008063,0.783587,0
607395260024225791,0.804735,0
607395260158443519,0.766732,0
607395260292661247,0.811098,0
607395260426878975,0.812921,0
607395260561096703,0.810771,0
607395260829532159,0.808858,0
607395260963749887,0.782918,0
607395261097967615,0.790294,0
607395261232185343,0.7737,0
607395261366403071,0.785144,0
607395261500620799,0.794222,0
607395261634838527,0.787499,0
607395262977015807,0.748376,0
607395263111233535,0.733914,0
607395263245451263,0.737844,0
607395263379668991,0.730251,0
607395263513886719,0.747832,0
607395263648104447,0.776827,0
607395263782322175,0.746316,0
607395264050757631,0.845443,0
607395264184975359,0.821316,0
607395264319193087,0.75273,0
607395264453410815,0.823889,0
607395264587628543,0.83558,0
607395264721846271,0.813025,0
607395264856063999,0.815508,0
607395265124499455,0.705197,0
607395265258717183,0.727257,0
607395265392934911,0.692458,0
607395265527152639,0.696733,0
607395265661370367,0.742203,0
607395265795588095,0.747378,0
607395265929805823,0.716263,0
607395266198241279,0.735708,0
607395266332459007,0.732236,0
607395266466676735,0.719308,0
607395266600894463,0.716188,0
607395266735112191,0.734826,0
607395266869329919,0.73547,0
607395267003547647,0.741808,0
607395267271983103,0.743279,0
607395267406200831,0.779224,0
607395267540418559,0.756883,0
607395267674636287,0.739637,0
607395267808854015,0.784668,0
607395267943071743,0.805664,0
607395268077289471,0.758517,0
607395268345724927,0.786854,0
607395268479942655,0.798948,0
607395268614160383,0.810539,0
607395268748378111,0.801853,0
607395268882595839,0.812105,0
607395269016813567,0.81196,0
607395269151031295,0.808302,0
607395269419466751,0.735129,0
607395269553684479,0.724009,0
607395269687902207,0.742475,0
607395269822119935,0.743156,0
607395269956337663,0.737936,0
607395270090555391,0.732393,0
607395270224773119,0.7437,0
607395271566950399,0.798335,0
607395271701168127,0.809471,0
607395271835385855,0.799869,0
607395271969603583,0.794939,0
607395272103821311,0.807895,0
607395272238039039,0.818462,0
607395272372256767,0.785311,0
607395272640692223,0.838142,0
607395272774909951,0.842617,0
607395272909127679,0.814581,0
607395273043345407,0.847881,0
607395273177563135,0.844072,0
607395273311780863,0.845536,0
607395273445998591,0.828976,0
607395273714434047,0.814001,0
607395273848651775,0.792402,0
607395273982869503,0.872088,0
607395274117087231,0.843455,0
607395274251304959,0.788676,0
607395274385522687,0.790287,0
607395274519740415,0.795225,0
607395274788175871,0.804515,0
607395274922393599,0.854369,0
607395275056611327,0.806076,0
607395275190829055,0.797439,0
607395275325046783,0.831061,0
607395275459264511,0.851978,0
607395275593482239,0.808049,0
607395275861917695,0.795875,0
607395275996135423,0.80219,0
607395276130353151,0.77922,0
607395276264570879,0.810718,0
607395276398788607,0.827412,0
607395276533006335,0.805988,0
607395276667224063,0.804003,0
607395276935659519,0.833204,0
607395277069877247,0.845898,0
607395277204094975,0.821508,0
607395277338312703,0.831827,0
607395277472530431,0.855449,0
607395277606748159,0.847251,0
607395277740965887,0.831657,0
607395278009401343,0.793169,0
607395278143619071,0.780439,0
607395278277836799,0.834043,0
607395278412054527,0.794867,0
607395278546272255,0.793501,0
607395278680489983,0.788605,0
607395278814707711,0.820764,0
607395280156884991,0.838982,0
607395280291102719,0.852375,0
607395280425320447,0.891388,0
607395280559538175,0.859506,0
607395280693755903,0.852962,0
607395280827973631,0.849506,0
607395280962191359,0.854083,0
607395281230626815,0.891135,0
607395281364844543,0.940629,0
607395281499062271,0.875,0
607395281633279999,0.892076,0
607395281767497727,0.884565,0
607395281901715455,0.928139,0
607395282035933183,0.882352,0
607395282304368639,0.863235,0
607395282438586367,0.860867,0
607395282572804095,0.871364,0
607395282707021823,0.871407,0
607395282841239551,0.869547,0
607395282975457279,0.866053,0
607395283109675007,0.889346,0
607395283378110463,0.886406,0
607395283512328191,0.884078,0
607395283646545919,0.885426,0
607395283780763647,0.920567,0
607395283914981375,0.859104,0
607395284049199103,0.892241,0
607395284183416831,0.901328,0
607395284451852287,0.857832,0
607395284586070015,0.851606,0
607395284720287743,0.855739,0
607395284854505471,0.854643,0
607395284988723199,0.851123,0
607395285122940927,0.861869,0
607395285257158655,0.883454,0
607395285525594111,0.873595,0
607395285659811839,0.910629,0
607395285794029567,0.84659,0
607395285928247295,0.86426,0
607395286062465023,0.871931,0
607395286196682751,0.898037,0
607395286330900479,0.87768,0
607395286599335935,0.872533,0
607395286733553663,0.866765,0
607395286867771391,0.857479,0
607395287001989119,0.873463,0
607395287136206847,0.832018,0
607395287270424575,0.873998,0
607395287404642303,0.88198,0
607395288746819583,0.786619,0
607395288881037311,0.799364,0
607395289015255039,0.797638,0
607395289149472767,0.765041,0
607395289283690495,0.795723,0
607395289417908223,0.828558,0
607395289552125951,0.775591,0
607395289820561407,0.875531,0
607395289954779135,0.828839,0
607395290088996863,0.823068,0
607395290223214591,0.807651,0
607395290357432319,0.900556,0
607395290491650047,0.826838,0
607395290625867775,0.868693,0
607395290894303231,0.90164,0
607395291028520959,0.904385,0
607395291162738687,0.82583,0
607395291296956415,0.970849,0
607395291431174143,0.901038,0
607395291565391871,0.91217,0
607395291699609599,0.833228,0
607395291968045055,0.8125,0
607395292102262783,0.798604,0
607395292236480511,0.797643,0
607395292370698239,0.802367,0
607395292504915967,0.784421,0
607395292639133695,0.796393,0
607395292773351423,0.804201,0
607395293041786879,0.816683,0
607395293176004607,0.817159,0
607395293310222335,0.766917,0
607395293444440063,0.810318,0
607395293578657791,0.805678,0
607395293712875519,0.808402,0
607395293847093247,0.782937,0
607395294115528703,0.877815,0
607395294249746431,0.888844,0
607395294383964159,0.818704,0
607395294518181887,0.868212,0
607395294652399615,0.846227,0
607395294786617343,0.853474,0
607395294920835071,0.839858,0
607395295189270527,0.782971,0
607395295323488255,0.785919,0
607395295457705983,0.783527,0
607395295591923711,0.836643,0
607395295726141439,0.765831,0
607395295860359167,0.779045,0
607395295994576895,0.755508,0
607395305926688767,1.05064,0
607395306060906495,1.03635,0
607395306195124223,1.10225,0
607395306329341951,1.11154,0
607395306463559679,1.03671,0
607395306597777407,1.05427,0
607395306731995135,1.06355,0
607395307000430591,1.02508,0
607395307134648319,1.02791,0
607395307268866047,1.0357,0
607395307403083775,1.02987,0
607395307537301503,1.0093,0
607395307671519231,1.00761,0
607395307805736959,1.05643,0
607395308074172415,1.0603,0
607395308208390143,1.1218,0
607395308342607871,1.02745,0
607395308476825599,1.05825,0
607395308611043327,1.08655,0
607395308745261055,1.09638,0
607395308879478783,1.04865,0
607395309147914239,1.12598,0
607395309282131967,1.11564,0
607395309416349695,1.08816,0
607395309550567423,1.12513,0
607395309684785151,1.04976,0
607395309819002879,1.0569,0
607395309953220607,1.13557,0
607395310221656063,1.03651,0
607395310355873791,1.04398,0
607395310490091519,1.05156,0
607395310624309247,1.04455,0
607395310758526975,1.01723,0
607395310892744703,1.03038,0
607395311026962431,1.01832,0
607395311295397887,1.01697,0
607395311429615615,1.00838,0
607395311563833343,1.02487,0
607395311698051071,1.03756,0
607395311832268799,1.00817,0
607395311966486527,0.984082,0
607395312100704255,1.00526,0
607395312369139711,1.06188,0
607395312503357439,1.09391,0
607395312637575167,1.03996,0
607395312771792895,1.06117,0
607395312906010623,1.0588,0
607395313040228351,1.06936,0
607395313174446079,1.01396,0
607395314516623359,1.03616,0
607395314650841087,1.03017,0
607395314785058815,0.999902,0
607395314919276543,1.03161,0
607395315053494271,1.02393,0
607395315187711999,1.01056,0
607395315321929727,1.02981,0
607395315590365183,1.0262,0
607395315724582911,1.00142,0
607395315858800639,0.998392,0
607395315993018367,1.03965,0
607395316127236095,0.998351,0
607395316261453823,1.00496,0
607395316395671551,1.01723,0
607395316664107007,1.0776,0
607395316798324735,1.10151,0
607395316932542463,1.05388,0
607395317066760191,1.06169,0
607395317200977919,1.11468,0
607395317335195647,1.13941,0
607395317469413375,1.10497,0
607395317737848831,1.13039,0
607395317872066559,1.11289,0
607395318006284287,1.09574,0
607395318140502015,1.13918,0
607395318274719743,1.00694,0
607395318408937471,1.06283,0
607395318543155199,1.13373,0
607395318811590655,1.02651,0
607395318945808383,1.00624,0
607395319080026111,1.01461,0
607395319214243839,1.03696,0
607395319348461567,1.02005,0
607395319482679295,1.01846,0
607395319616897023,0.994785,0
607395319885332479,1.00586,0
607395320019550207,0.992434,0
607395320153767935,1.00215,0
607395320287985663,0.98346,0
607395320422203391,0.983564,0
607395320556421119,0.96284,0
607395320690638847,1.00273,0
607395320959074303,1.02879,0
607395321093292031,1.02192,0
607395321227509759,1.08595,0
607395321361727487,1.12705,0
607395321495945215,1.00528,0
607395321630162943,1.02748,0
607395321764380671,1.01887,0
607395323106557951,0.918082,0
607395323240775679,0.938614,0
607395323374993407,0.942061,0
607395323509211135,0.967405,0
607395323643428863,0.922751,0
607395323777646591,0.931446,0
607395323911864319,0.920242,0
607395324180299775,1.05766,0
607395324314517503,1.04885,0
607395324448735231,1.03054,0
607395324582952959,1.02356,0
607395324717170687,1.0375,0
607395324851388415,1.04146,0
607395324985606143,0.98884,0
607395325254041599,0.968839,0
607395325388259327,0.970352,0
607395325522477055,0.963651,0
607395325656694783,0.953729,0
607395325790912511,0.942173,0
607395325925130239,0.98614,0
607395326059347967,0.965869,0
607395326327783423,1.06929,0
607395326462001151,1.04345,0
607395326596218879,1.01293,0
607395326730436607,1.05066,0
607395326864654335,0.997244,0
607395326998872063,1.01387,0
607395327133089791,1.01005,0
607395327401525247,0.935659,0
607395327535742975,0.941667,0
607395327669960703,0.925355,0
607395327804178431,0.93688,0
607395327938396159,0.93577,0
607395328072613887,0.935017,0
607395328206831615,0.909478,0
607395328475267071,1.00766,0
607395328609484799,1.00492,0
607395328743702527,1.02618,0
607395328877920255,1.00685,0
607395329012137983,1.00713,0
607395329146355711,1.05066,0
607395329280573439,0.991668,0
607395329549008895,0.923625,0
607395329683226623,0.960953,0
607395329817444351,0.92153,0
607395329951662079,0.93912,0
607395330085879807,0.94589,0
607395330220097535,0.958889,0
607395330354315263,0.917899,0
607395331696492543,1.05192,0
607395331830710271,1.06012,0
607395331964927999,1.00917,0
607395332099145727,1.02805,0
607395332233363455,1.05873,0
607395332367581183,1.06021,0
607395332501798911,1.0541,0
607395332770234367,1.0658,0
607395332904452095,1.00882,0
607395333038669823,1.06051,0
607395333172887551,1.05963,0
607395333307105279,1.11345,0
607395333441323007,1.05458,0
607395333575540735,1.05922,0
607395333843976191,1.03999,0
607395333978193919,1.03833,0
607395334112411647,0.960664,0
607395334246629375,1.02611,0
607395334380847103,1.04479,0
607395334515064831,1.03751,0
607395334649282559,1.05157,0
607395334917718015,1.00399,0
607395335051935743,1.05858,0
607395335186153471,0.961948,0
607395335320371199,0.997075,0
607395335454588927,0.990731,0
607395335588806655,1.04002,0
607395335723024383,1.0044,0
607395335991459839,1.05803,0
607395336125677567,1.04621,0
607395336259895295,1.07564,0
607395336394113023,1.05047,0
607395336528330751,1.03772,0
607395336662548479,1.04326,0
607395336796766207,1.06092,0
607395337065201663,1.07316,0
607395337199419391,1.09284,0
607395337333637119,1.06098,0
607395337467854847,1.0948,0
607395337602072575,1.09587,0
607395337736290303,1.12181,0
607395337870508031,1.05954,0
607395338138943487,1.03317,0
607395338273161215,1.02664,0
607395338407378943,1.03235,0
607395338541596671,1.02726,0
607395338675814399,1.04419,0
607395338810032127,1.03959,0
607395338944249855,0.965258,0
607395340286427135,0.944719,0
607395340420644863,0.953709,0
607395340554862591,0.971388,0
607395340689080319,0.963453,0
607395340823298047,0.934815,0
607395340957515775,0.939895,0
607395341091733503,0.976631,0
607395341360168959,0.942221,0
607395341494386687,0.927995,0
607395341628604415,0.981603,0
607395341762822143,0.958517,0
607395342165475327,0.946629,0
607395342433910783,1.01115,0
607395342568128511,0.99812,0
607395342702346239,1.02711,0
607395342836563967,1.01246,0
607395342970781695,0.982083,0
607395343104999423,0.979169,0
607395343239217151,0.99367,0
607395343507652607,0.972318,0
607395343641870335,0.9966,0
607395343776088063,1.00317,0
607395343910305791,0.986808,0
607395344044523519,0.969822,0
607395344178741247,0.981314,0
607395344312958975,0.972564,0
607395344849829887,0.931395,0
607395344984047615,0.93761,0
607395346728878079,0.968134,0
607395346863095807,0.99141,0
607395346997313535,0.979221,0
607395347131531263,0.981767,0
607395347265748991,0.980788,0
607395347399966719,0.952775,0
607395347534184447,0.986766,0
607395348876361727,0.945292,0
607395349010579455,0.965712,0
607395349144797183,0.934315,0
607395349279014911,0.926578,0
607395349413232639,0.946633,0
607395349547450367,0.968761,0
607395349681668095,0.951582,0
607395349950103551,0.978558,0
607395350084321279,1.00024,0
607395350218539007,0.9446,0
607395350352756735,0.937318,0
607395350755409919,0.998932,0
607395351023845375,0.968899,0
607395351158063103,0.971222,0
607395351292280831,0.988311,0
607395351426498559,1.0126,0
607395351560716287,0.972058,0
607395351694934015,0.95142,0
607395351829151743,1.00365,0
607395352097587199,0.977134,0
607395352231804927,0.940705,0
607395352366022655,1.00253,0
607395352500240383,0.96351,0
607395352634458111,0.952778,0
607395352768675839,0.913106,0
607395352902893567,0.976383,0
607395353439764479,0.933056,0
607395353573982207,0.93779,0
607395355318812671,0.955087,0
607395355453030399,0.944741,0
607395355587248127,0.974746,0
607395355721465855,0.972758,0
607395355855683583,0.941252,0
607395355989901311,0.951329,0
607395356124119039,0.972267,0
607395357466296319,0.979152,0
607395357600514047,1.00786,0
607395357734731775,0.942923,0
607395357868949503,0.983107,0
607395358003167231,0.977744,0
607395358137384959,1.03585,0
607395358271602687,0.943434,0
607395358540038143,1.07399,0
607395358674255871,1.05209,0
607395358808473599,1.01077,0
607395358942691327,1.03698,0
607395359076909055,1.02012,0
607395359211126783,1.03514,0
607395359345344511,1.05831,0
607395359613779967,0.940003,0
607395359747997695,0.958838,0
607395359882215423,0.934433,0
607395360016433151,0.906621,0
607395360150650879,0.962509,0
607395360284868607,0.983281,0
607395360419086335,0.924309,0
607395360687521791,1.00369,0
607395360821739519,1.03287,0
607395360955957247,1.01939,0
607395361090174975,1.00127,0
607395361224392703,0.999866,0
607395361358610431,0.987871,0
607395361492828159,1.01017,0
607395361761263615,0.988861,0
607395361895481343,1.01695,0
607395362029699071,0.949728,0
607395362163916799,0.997371,0
607395362298134527,0.982083,0
607395362432352255,1.05887,0
607395362566569983,0.965618,0
607395362835005439,1.04996,0
607395362969223167,1.03366,0
607395363103440895,1.10817,0
607395363237658623,1.07422,0
607395363371876351,1.0428,0
607395363506094079,1.0137,0
607395363640311807,1.05725,0
607395363908747263,0.944008,0
607395364042964991,0.92438,0
607395364177182719,0.920684,0
607395364311400447,0.968493,0
607395364445618175,0.946387,0
607395364579835903,0.961064,0
607395364714053631,0.939844,0
607395374646165503,0.703903,0
607395374780383231,0.678519,0
607395374914600959,0.713503,0
607395375048818687,0.675892,0
607395375183036415,0.722527,0
607395375317254143,0.700521,0
607395375451471871,0.727047,0
607395375719907327,0.67201,0
607395375854125055,0.68423,0
607395375988342783,0.649966,0
607395376122560511,0.661082,0
607395376256778239,0.681996,0
607395376390995967,0.682005,0
607395376525213695,0.678697,0
607395376793649151,0.713841,0
607395376927866879,0.710105,0
607395377062084607,0.741288,0
607395377196302335,0.694936,0
607395377330520063,0.734019,0
607395377464737791,0.690155,0
607395377598955519,0.761026,0
607395377867390975,0.663696,0
607395378001608703,0.648852,0
607395378135826431,0.656889,0
607395378270044159,0.654255,0
607395378404261887,0.659331,0
607395378538479615,0.644757,0
607395378672697343,0.66817,0
607395378941132799,0.780854,0
607395379075350527,0.744276,0
607395379209568255,0.774777,0
607395379343785983,0.766355,0
607395379478003711,0.797259,0
607395379612221439,0.764371,0
607395379746439167,0.771263,0
607395380014874623,0.735705,0
607395380149092351,0.713449,0
607395380283310079,0.713746,0
607395380417527807,0.697779,0
607395380551745535,0.736221,0
607395380685963263,0.710264,0
607395380820180991,0.750279,0
607395381088616447,0.770376,0
607395381222834175,0.750153,0
607395381357051903,0.758796,0
607395381491269631,0.770073,0
607395381625487359,0.744391,0
607395381759705087,0.764032,0
607395381893922815,0.753673,0
607395383236100095,0.619727,0
607395383370317823,0.629909,0
607395383504535551,0.626795,0
607395383638753279,0.609719,0
607395383772971007,0.655849,0
607395383907188735,0.622916,0
607395384041406463,0.65928,0
607395384309841919,0.651549,0
607395384444059647,0.627269,0
607395384578277375,0.652623,0
607395384712495103,0.655603,0
607395384846712831,0.666365,0
607395384980930559,0.657696,0
607395385115148287,0.641088,0
607395385383583743,0.627646,0
607395385517801471,0.633888,0
607395385652019199,0.625326,0
607395385786236927,0.630653,0
607395385920454655,0.621765,0
607395386054672383,0.628188,0
607395386188890111,0.616794,0
607395386457325567,0.623487,0
607395386591543295,0.626444,0
607395386725761023,0.622415,0
607395386859978751,0.618986,0
607395386994196479,0.618268,0
607395387128414207,0.636775,0
607395387262631935,0.630856,0
607395387531067391,0.637957,0
607395387665285119,0.631261,0
607395387799502847,0.656776,0
607395387933720575,0.651466,0
607395388067938303,0.657694,0
607395388202156031,0.659528,0
607395388336373759,0.653681,0
607395388604809215,0.652131,0
607395388739026943,0.659816,0
607395388873244671,0.648302,0
607395389007462399,0.648402,0
607395389141680127,0.665959,0
607395389275897855,0.66704,0
607395389410115583,0.650144,0
607395389678551039,0.642234,0
607395389812768767,0.630599,0
607395389946986495,0.634168,0
607395390081204223,0.63034,0
607395390215421951,0.656645,0
607395390349639679,0.652977,0
607395390483857407,0.652044,0
607395391826034687,0.719803,0
607395391960252415,0.737383,0
607395392094470143,0.726684,0
607395392228687871,0.724914,0
607395392362905599,0.715994,0
607395392497123327,0.73399,0
607395392631341055,0.715423,0
607395392899776511,0.725295,0
607395393033994239,0.701426,0
607395393168211967,0.728264,0
607395393302429695,0.706651,0
607395393436647423,0.773647,0
607395393570865151,0.729718,0
607395393705082879,0.768599,0
607395393973518335,0.711616,0
607395394107736063,0.712338,0
607395394241953791,0.69933,0
607395394376171519,0.698996,0
607395394510389247,0.720954,0
607395394644606975,0.726508,0
607395394778824703,0.708634,0
607395395047260159,0.722421,0
607395395181477887,0.707584,0
607395395315695615,0.708087,0
607395395449913343,0.67758,0
607395395584131071,0.713417,0
607395395718348799,0.693465,0
607395395852566527,0.732938,0
607395396121001983,0.703755,0
607395396255219711,0.740378,0
607395396389437439,0.717322,0
607395396523655167,0.718802,0
607395396657872895,0.754201,0
607395396792090623,0.751454,0
607395396926308351,0.74476,0
607395397194743807,0.730575,0
607395397328961535,0.773226,0
607395397463179263,0.710748,0
607395397597396991,0.74218,0
607395397731614719,0.740983,0
607395397865832447,0.757366,0
607395398000050175,0.74752,0
607395398268485631,0.724651,0
607395398402703359,0.724057,0
607395398536921087,0.736272,0
607395398671138815,0.713016,0
607395398805356543,0.7627,0
607395398939574271,0.710294,0
607395399073791999,0.768966,0
607395400415969279,0.629853,0
607395400550187007,0.627293,0
607395400684404735,0.632893,0
607395400818622463,0.626327,0
607395400952840191,0.631685,0
607395401087057919,0.617773,0
607395401221275647,0.637094,0
607395401489711103,0.624029,0
607395401623928831,0.630219,0
607395401758146559,0.618551,0
607395401892364287,0.627263,0
607395402026582015,0.638488,0
607395402160799743,0.63535,0
607395402295017471,0.617962,0
607395402563452927,0.578262,0
607395402697670655,0.597194,0
607395402831888383,0.579546,0
607395402966106111,0.555868,0
607395403100323839,0.587039,0
607395403234541567,0.592358,0
607395403368759295,0.595535,0
607395403637194751,0.597405,0
607395403771412479,0.608261,0
607395403905630207,0.587174,0
607395404039847935,0.590663,0
607395404174065663,0.61907,0
607395404308283391,0.615956,0
607395404442501119,0.598657,0
607395404710936575,0.642566,0
607395404845154303,0.642693,0
607395404979372031,0.657235,0
607395405113589759,0.644037,0
607395405247807487,0.66915,0
607395405382025215,0.636442,0
607395405516242943,0.684312,0
607395405784678399,0.651106,0
607395405918896127,0.629349,0
607395406053113855,0.646003,0
607395406187331583,0.632537,0
607395406321549311,0.655451,0
607395406455767039,0.628451,0
607395406589984767,0.659629,0
607395406858420223,0.654134,0
607395406992637951,0.625589,0
607395407126855679,0.656072,0
607395407261073407,0.623114,0
607395407395291135,0.688241,0
607395407529508863,0.662571,0
607395407663726591,0.676545,0
607395409005903871,0.791493,0
607395409140121599,0.751884,0
607395409274339327,0.791459,0
607395409408557055,0.78389,0
607395409542774783,0.792667,0
607395409676992511,0.770844,0
607395409811210239,0.798519,0
607395410079645695,0.723842,0
607395410213863423,0.726368,0
607395410348081151,0.731251,0
607395410482298879,0.732614,0
607395410616516607,0.749703,0
607395410750734335,0.74312,0
607395410884952063,0.74074,0
607395411153387519,0.80331,0
607395411287605247,0.80088,0
607395411421822975,0.797303,0
607395411556040703,0.797978,0
607395411690258431,0.795303,0
607395411824476159,0.788535,0
607395411958693887,0.800819,0
607395412227129343,0.771195,0
607395412361347071,0.751587,0
607395412495564799,0.787535,0
607395412629782527,0.756283,0
607395412764000255,0.771614,0
607395412898217983,0.769208,0
607395413032435711,0.781566,0
607395413300871167,0.822359,0
607395413435088895,0.80149,0
607395413569306623,0.812455,0
607395413703524351,0.811045,0
607395413837742079,0.822518,0
607395413971959807,0.796425,0
607395414106177535,0.822831,0
607395414374612991,0.790717,0
607395414508830719,0.765073,0
607395414643048447,0.777727,0
607395414777266175,0.772168,0
607395414911483903,0.785514,0
607395415045701631,0.771046,0
607395415179919359,0.763439,0
607395415448354815,0.782533,0
607395415582572543,0.79205,0
607395415716790271,0.815401,0
607395415851007999,0.810707,0
607395415985225727,0.807455,0
607395416119443455,0.794306,0
607395416253661183,0.80219,0
607395417595838463,0.689222,0
607395417730056191,0.712296,0
607395417864273919,0.706348,0
607395417998491647,0.696823,0
607395418132709375,0.697655,0
607395418266927103,0.687601,0
607395418401144831,0.73156,0
607395418669580287,0.665977,0
607395418803798015,0.67234,0
607395418938015743,0.693278,0
607395419072233471,0.695681,0
607395419206451199,0.688583,0
607395419340668927,0.683559,0
607395419474886655,0.676738,0
607395419743322111,0.685798,0
607395419877539839,0.689202,0
607395420011757567,0.695956,0
607395420145975295,0.67712,0
607395420280193023,0.700755,0
607395420414410751,0.686649,0
607395420548628479,0.711,0
607395420817063935,0.67753,0
607395420951281663,0.682305,0
607395421085499391,0.673477,0
607395421219717119,0.671069,0
607395421353934847,0.703019,0
607395421488152575,0.685649,0
607395421622370303,0.683137,0
607395421890805759,0.75503,0
607395422025023487,0.722768,0
607395422159241215,0.727367,0
607395422293458943,0.713625,0
607395422427676671,0.758514,0
607395422561894399,0.73118,0
607395422696112127,0.746814,0
607395422964547583,0.75695,0
607395423098765311,0.700031,0
607395423232983039,0.717397,0
607395423367200767,0.728035,0
607395423501418495,0.747755,0
607395423635636223,0.7316,0
607395423769853951,0.751111,0
607395424038289407,0.729609,0
607395424172507135,0.737211,0
607395424306724863,0.726324,0
607395424440942591,0.730139,0
607395424575160319,0.728831,0
607395424709378047,0.750376,0
607395424843595775,0.743348,0
607395426185773055,0.789932,0
607395426319990783,0.762594,0
607395426454208511,0.798539,0
607395426588426239,0.780665,0
607395426722643967,0.82779,0
607395426856861695,0.812259,0
607395426991079423,0.818288,0
607395427259514879,0.773549,0
607395427393732607,0.749055,0
607395427527950335,0.77736,0
607395427662168063,0.755117,0
607395427796385791,0.795525,0
607395427930603519,0.775512,0
607395428064821247,0.778745,0
607395428333256703,0.804195,0
607395428467474431,0.758878,0
607395428601692159,0.838315,0
607395428735909887,0.795944,0
607395428870127615,0.823437,0
607395429004345343,0.791534,0
607395429138563071,0.866,0
607395429406998527,0.754184,0
607395429541216255,0.737147,0
607395429675433983,0.745446,0
607395429809651711,0.75557,0
607395429943869439,0.751626,0
607395430078087167,0.766064,0
607395430212304895,0.754887,0
607395430480740351,0.856999,0
607395430614958079,0.821999,0
607395430749175807,0.861472,0
607395430883393535,0.865241,0
607395431017611263,0.847997,0
607395431151828991,0.82557,0
607395431286046719,0.881697,0
607395431554482175,0.792,0
607395431688699903,0.805687,0
607395431822917631,0.789304,0
607395431957135359,0.793122,0
607395432091353087,0.804417,0
607395432225570815,0.814163,0
607395432359788543,0.804348,0
607395432628223999,0.846195,0
607395432762441727,0.845116,0
607395432896659455,0.894397,0
607395433030877183,0.873397,0
607395433165094911,0.848104,0
607395433299312639,0.845622,0
607395433433530367,0.899554,0
607395512085118975,1.15443,0
607395512353554431,1.01045,0
607395512487772159,1.16801,0
607395512621989887,1.11374,0
607395512890425343,0.971234,0
607395514232602623,1.07595,0
607395514366820351,1.01627,0
607395514501038079,0.926493,0
607395514635255807,1.09136,0
607395514769473535,1.02132,0
607395514903691263,1.04537,0
607395515037908991,0.868478,0
607395515574779903,1.961,0
607395515843215359,2.26359,0
607395516111650815,1.22753,0
607395516380086271,1.0604,0
607395516514303999,1.11674,0
607395516648521727,1.11897,0
607395516782739455,1.00236,0
607395516916957183,1.02436,0
607395517051174911,0.997704,0
607395517185392639,1.05005,0
607395517990699007,1.07135,0
607395518259134463,1.14167,0
607395518527569919,0.928822,0
607395518661787647,0.987852,0
607395518796005375,0.800127,0
607395518930223103,0.844646,0
607395519064440831,0.972319,0
607395519198658559,1.05867,0
607395519332876287,0.888515,0
607395521748795391,1.62272,0
607395521883013119,1.77832,0
607395522017230847,1.50142,0
607395522151448575,1.6162,0
607395523090972671,1.5826,0
607395523896279039,1.34013,0
607395524030496767,1.21775,0
607395524164714495,1.28419,0
607395524298932223,1.25325,0
607395524433149951,1.39868,0
607395524567367679,1.45579,0
607395524701585407,1.32223,0
607395527385939967,2.87022,0
607395529264988159,0.645935,0
607395529399205887,0.694698,0
607395529533423615,0.569893,0
607395529667641343,0.603671,0
607395529801859071,0.624205,0
607395529936076799,0.647909,0
607395530070294527,0.574604,0
607395530338729983,0.820722,0
607395530472947711,0.934205,0
607395530607165439,0.757606,0
607395530741383167,0.782223,0
607395530875600895,0.811884,0
607395531009818623,0.859727,0
607395531144036351,0.742979,0
607395531412471807,0.484701,0
607395531546689535,0.536693,0
607395531680907263,0.460557,0
607395531815124991,0.464167,0
607395531949342719,0.513323,0
607395532083560447,0.549353,0
607395532217778175,0.474731,0
607395532486213631,0.744896,0
607395532620431359,0.688588,0
607395532754649087,0.629068,0
607395532888866815,0.634139,0
607395533023084543,0.674208,0
607395533157302271,0.703264,0
607395533291519999,0.681263,0
607395533559955455,0.615679,0
607395533694173183,0.629383,0
607395533828390911,0.559236,0
607395533962608639,0.570139,0
607395534096826367,0.580846,0
607395534231044095,0.625116,0
607395534365261823,0.558955,0
607395534633697279,0.735048,0
607395534767915007,0.768435,0
607395534902132735,0.672276,0
607395535036350463,0.717154,0
607395535170568191,0.73057,0
607395535304785919,0.769942,0
607395535439003647,0.705852,0
607395535707439103,0.494487,0
607395535841656831,0.505119,0
607395535975874559,0.452378,0
607395536110092287,0.466923,0
607395536244310015,0.536963,0
607395536378527743,0.559913,0
607395536512745471,0.574386,0
607395537854922751,1.04736,0
607395537989140479,1.1213,0
607395538123358207,0.901361,0
607395538257575935,1.0443,0
607395538391793663,2.00793,0
607395538526011391,1.26485,0
607395538660229119,1.09101,0
607395538928664575,1.23614,0
607395539062882303,1.3205,0
607395539197100031,1.23107,0
607395539331317759,1.21576,0
607395539733970943,1.23398,0
607395540002406399,0.722054,0
607395540136624127,0.731609,0
607395540270841855,0.650254,0
607395540405059583,0.691127,0
607395540539277311,0.785641,0
607395540673495039,0.789314,0
607395540807712767,0.708963,0
607395541076148223,0.92156,0
607395541210365951,0.885266,0
607395541344583679,0.802095,0
607395541478801407,0.853058,0
607395541613019135,1.11535,0
607395541747236863,1.11675,0
607395541881454591,0.852993,0
607395542149890047,1.18966,0
607395542418325503,0.960019,0
607395542552543231,1.01405,0
607395542686760959,1.15249,0
607395542955196415,1.01617,0
607395543223631871,1.26241,0
607395543357849599,1.47069,0
607395543492067327,1.84006,0
607395543626285055,1.37187,0
607395544297373695,1.01759,0
607395544431591423,1.06076,0
607395544565809151,0.695181,0
607395544700026879,0.745953,0
607395544834244607,1.02043,0
607395544968462335,1.12958,0
607395545102680063,0.825487,0
607395546444857343,0.955192,0
607395546713292799,1.00558,0
607395546847510527,0.972938,0
607395546981728255,1.05278,0
607395547115945983,1.13575,0
607395547250163711,1.07401,0
607395547518599167,1.10992,0
607395547652816895,1.08629,0
607395547787034623,1.09387,0
607395547921252351,1.03387,0
607395548592340991,1.03144,0
607395548726558719,0.938562,0
607395548860776447,0.95708,0
607395548994994175,1.02319,0
607395549129211903,0.992092,0
607395549263429631,0.964919,0
607395549397647359,0.957908,0
607395549666082815,0.918776,0
607395549800300543,1.06908,0
607395549934518271,0.967369,0
607395550068735999,0.891193,0
607395550202953727,1.03071,0
607395550337171455,0.931727,0
607395550471389183,1.07051,0
607395550739824639,1.01624,0
607395550874042367,1.05927,0
607395551008260095,0.995424,0
607395551142477823,1.09986,0
607395551276695551,1.07354,0
607395551410913279,1.07236,0
607395551545131007,0.969162,0
607395551813566463,0.983061,0
607395551947784191,1.01421,0
607395552082001919,1.02805,0
607395552350437375,1.08294,0
607395552484655103,1.04327,0
607395552618872831,1.06301,0
607395552887308287,1.2445,0
607395553021526015,1.01665,0
607395553155743743,0.981455,0
607395553289961471,1.13583,0
607395553424179199,1.01617,0
607395553558396927,1.1131,0
607395553692614655,0.943098,0
607395560135065599,1.29459,0
607395560403501055,1.24348,0
607395560537718783,1.3085,0
607395560940371967,1.26472,0
607395561074589695,1.18631,0
607395562014113791,1.17288,0
607395562282549247,1.05955,0
607395563624726527,0.824959,0
607395563758944255,0.872995,0
607395563893161983,0.756601,0
607395564027379711,0.774218,0
607395564161597439,0.843793,0
607395564295815167,0.922556,0
607395564430032895,0.753023,0
607395564698468351,1.08285,0
607395564832686079,1.0777,0
607395564966903807,0.874382,0
607395565101121535,0.925559,0
607395565235339263,1.04248,0
607395565369556991,1.01447,0
607395565503774719,0.993169,0
607395565772210175,0.582525,0
607395565906427903,0.584787,0
607395566040645631,0.557886,0
607395566174863359,0.581843,0
607395566309081087,0.674477,0
607395566443298815,0.662235,0
607395566577516543,0.545623,0
607395566845951999,0.747277,0
607395566980169727,0.77404,0
607395567114387455,0.611605,0
607395567248605183,0.696383,0
607395567382822911,0.751274,0
607395567517040639,0.819047,0
607395567651258367,0.667279,0
607395567919693823,0.748282,0
607395568053911551,0.845679,0
607395568188129279,0.699922,0
607395568322347007,0.79788,0
607395568456564735,0.760256,0
607395568590782463,0.833357,0
607395568725000191,0.698452,0
607395568993435647,1.02867,0
607395569127653375,1.04787,0
607395569261871103,0.907048,0
607395569396088831,1.02184,0
607395569530306559,0.916749,0
607395569664524287,0.997714,0
607395569798742015,0.863343,0
607395570067177471,0.629187,0
607395570201395199,0.693352,0
607395570335612927,0.557372,0
607395570469830655,0.622767,0
607395570604048383,0.64367,0
607395570738266111,0.708741,0
607395570872483839,0.544268,0
607395580804595711,1.14976,0
607395580938813439,1.01862,0
607395581073031167,1.18036,0
607395581207248895,1.03252,0
607395581341466623,1.18217,0
607395581475684351,1.07364,0
607395581609902079,1.1635,0
607395581878337535,1.044,0
607395582012555263,0.945651,0
607395582146772991,1.04227,0
607395582280990719,0.94186,0
607395582415208447,0.983983,0
607395582549426175,1.03201,0
607395582683643903,1.1016,0
607395582952079359,1.02043,0
607395583086297087,0.99466,0
607395583220514815,1.01807,0
607395583354732543,0.942525,0
607395583488950271,1.18589,0
607395583623167999,1.02371,0
607395583757385727,1.18287,0
607395584025821183,0.910961,0
607395584160038911,0.908423,0
607395584294256639,0.889059,0
607395584428474367,0.92066,0
607395584562692095,0.971341,0
607395584696909823,0.954102,0
607395584831127551,0.974886,0
607395585099563007,1.24527,0
607395585233780735,1.21391,0
607395585367998463,1.326,0
607395585502216191,1.13348,0
607395585636433919,1.34281,0
607395585770651647,1.32867,0
607395585904869375,1.3291,0
607395586173304831,1.08877,0
607395586307522559,0.990497,0
607395586441740287,1.1737,0
607395586575958015,1.05002,0
607395586710175743,1.22259,0
607395586844393471,1.06982,0
607395586978611199,1.18079,0
607395587247046655,1.18139,0
607395587381264383,1.21974,0
607395587515482111,1.22501,0
607395587649699839,1.20951,0
607395587783917567,1.34592,0
607395587918135295,1.16353,0
607395588052353023,1.35368,0
607395589394530303,0.882398,0
607395589528748031,0.895595,0
607395589662965759,0.913143,0
607395589797183487,0.89622,0
607395589931401215,0.906934,0
607395590065618943,0.893023,0
607395590199836671,0.918887,0
607395590468272127,0.869832,0
607395590602489855,0.838964,0
607395590736707583,0.879188,0
607395590870925311,0.882273,0
607395591005143039,0.894532,0
607395591139360767,0.878323,0
607395591273578495,0.898316,0
607395591542013951,0.903317,0
607395591676231679,0.892919,0
607395591810449407,0.908422,0
607395591944667135,0.891445,0
607395592078884863,0.892571,0
607395592213102591,0.885972,0
607395592347320319,0.912368,0
607395592615755775,0.862646,0
607395592749973503,0.826766,0
607395592884191231,0.856456,0
607395593018408959,0.826543,0
607395593152626687,0.912338,0
607395593286844415,0.89927,0
607395593421062143,0.874944,0
607395593689497599,0.976648,0
607395593823715327,0.910153,0
607395593957933055,0.956249,0
607395594092150783,0.947959,0
607395594226368511,0.979321,0
607395594360586239,0.971001,0
607395594494803967,0.98604,0
607395594763239423,0.91365,0
607395594897457151,0.90843,0
607395595031674879,0.9108,0
607395595165892607,0.892023,0
607395595300110335,1.30033,0
607395595434328063,1.18989,0
607395595568545791,0.924091,0
607395595836981247,0.912695,0
607395595971198975,0.917248,0
607395596105416703,0.914579,0
607395596239634431,0.924944,0
607395596373852159,0.942552,0
607395596508069887,0.940656,0
607395596642287615,0.9104,0
607395597984464895,1.11552,0
607395598118682623,1.03106,0
607395598252900351,1.13149,0
607395598387118079,1.05058,0
607395598521335807,1.19126,0
607395598655553535,1.14294,0
607395598789771263,1.16626,0
607395599058206719,0.959904,0
607395599192424447,0.872781,0
607395599326642175,0.928793,0
607395599460859903,0.877476,0
607395599595077631,1.03812,0
607395599729295359,0.978313,0
607395599863513087,1.03941,0
607395600131948543,1.08224,0
607395600266166271,0.893609,0
607395600400383999,1.07302,0
607395600534601727,0.952308,0
607395600668819455,1.07489,0
607395600803037183,1.12531,0
607395600937254911,1.06039,0
607395601205690367,0.861107,0
607395601339908095,0.806624,0
607395601474125823,0.912827,0
607395601608343551,0.818485,0
607395601742561279,0.922254,0
607395601876779007,0.863488,0
607395602010996735,0.892983,0
607395602279432191,1.3161,0
607395602413649919,1.24144,0
607395602547867647,1.33114,0
607395602682085375,1.21124,0
607395602816303103,1.52777,0
607395602950520831,1.28673,0
607395603084738559,1.82821,0
607395603353174015,1.25582,0
607395603487391743,1.10939,0
607395603621609471,1.29811,0
607395603755827199,1.10375,0
607395603890044927,1.28651,0
607395604024262655,1.23443,0
607395604158480383,1.25179,0
607395604426915839,1.15832,0
607395604561133567,1.1029,0
607395604695351295,1.09918,0
607395604829569023,1.07797,0
607395604963786751,1.3518,0
607395605098004479,1.16263,0
607395605232222207,1.25819,0
607395606574399487,0.869134,0
607395606708617215,0.852288,0
607395606842834943,0.84685,0
607395606977052671,0.832999,0
607395607111270399,0.847996,0
607395607245488127,0.874102,0
607395607379705855,0.849046,0
607395607648141311,0.885192,0
607395607782359039,0.858432,0
607395607916576767,0.866724,0
607395608050794495,0.867537,0
607395608185012223,0.88963,0
607395608319229951,0.85802,0
607395608453447679,0.860515,0
607395608721883135,0.820345,0
607395608856100863,0.814729,0
607395608990318591,0.809548,0
607395609124536319,0.799057,0
607395609258754047,0.845592,0
607395609392971775,0.832671,0
607395609527189503,0.824921,0
607395609795624959,0.839384,0
607395609929842687,0.834518,0
607395610064060415,0.828499,0
607395610198278143,0.826293,0
607395610332495871,0.827216,0
607395610466713599,0.858204,0
607395610600931327,0.824785,0
607395610869366783,0.856889,0
607395611003584511,0.854149,0
607395611137802239,0.884763,0
607395611272019967,0.851697,0
607395611406237695,0.902588,0
607395611540455423,0.877859,0
607395611674673151,0.93222,0
607395611943108607,0.896707,0
607395612077326335,0.890698,0
607395612211544063,0.877655,0
607395612345761791,0.865903,0
607395612479979519,0.931616,0
607395612614197247,0.924256,0
607395612748414975,0.886969,0
607395613016850431,0.815662,0
607395613151068159,0.824182,0
607395613285285887,0.800641,0
607395613419503615,0.808501,0
607395613553721343,0.850858,0
607395613687939071,0.841726,0
607395613822156799,0.828498,0
607395615164334079,1.72584,0
607395615298551807,1.42748,0
607395615432769535,1.66098,0
607395615566987263,1.43341,0
607395615701204991,1.70045,0
607395615835422719,1.68672,0
607395615969640447,1.64023,0
607395616238075903,1.32292,0
607395616372293631,1.29539,0
607395616506511359,1.27911,0
607395616640729087,1.24604,0
607395616774946815,1.38692,0
607395616909164543,1.20979,0
607395617043382271,1.39878,0
607395617311817727,1.28153,0
607395617446035455,1.30585,0
607395617580253183,1.24595,0
607395617714470911,1.25681,0
607395617848688639,1.43432,0
607395617982906367,1.37889,0
607395618117124095,1.31572,0
607395618385559551,1.31801,0
607395618519777279,1.29065,0
607395618653995007,1.29954,0
607395618788212735,1.25781,0
607395618922430463,1.37252,0
607395619056648191,1.29943,0
607395619190865919,1.36999,0
607395619459301375,1.89482,0
607395619593519103,2.27516,0
607395619727736831,1.55167,0
607395619861954559,1.60264,0
607395619996172287,1.66967,0
607395620130390015,1.88725,0
607395620264607743,1.65467,0
607395620533043199,1.61769,0
607395620667260927,1.40888,0
607395620801478655,1.64311,0
607395620935696383,1.40931,0
607395621069914111,1.62215,0
607395621204131839,1.50846,0
607395621338349567,2.07382,0
607395621606785023,1.57477,0
607395621741002751,1.65455,0
607395621875220479,1.48615,0
607395622009438207,1.57769,0
607395622143655935,1.57288,0
607395622277873663,1.52757,0
607395622412091391,2.40922,0
607395623754268671,0.947892,0
607395623888486399,1.11725,0
607395624022704127,0.953326,0
607395624156921855,1.01186,0
607395624291139583,1.00013,0
607395624425357311,1.0168,0
607395624559575039,0.999438,0
607395624828010495,1.13419,0
607395624962228223,1.05136,0
607395625096445951,1.01916,0
607395625230663679,1.03099,0
607395625364881407,1.06868,0
607395625499099135,1.32329,0
607395625633316863,1.12247,0
607395625901752319,0.973371,0
607395626035970047,1.04403,0
607395626170187775,0.950741,0
607395626304405503,1.00097,0
607395626438623231,0.94781,0
607395626572840959,1.005,0
607395626707058687,0.968072,0
607395626975494143,0.991999,0
607395627109711871,1.02716,0
607395627243929599,1.01174,0
607395627378147327,0.991279,0
607395627512365055,0.976757,0
607395627646582783,0.99881,0
607395627780800511,1.0122,0
607395628049235967,1.13798,0
607395628183453695,1.01017,0
607395628317671423,1.17852,0
607395628451889151,1.03895,0
607395628586106879,1.11101,0
607395628720324607,1.03317,0
607395628854542335,1.19164,0
607395629122977791,0.959396,0
607395629257195519,1.00102,0
607395629391413247,0.975813,0
607395629525630975,0.982021,0
607395629659848703,0.964483,0
607395629794066431,0.994197,0
607395629928284159,0.990208,0
607395630196719615,1.11203,0
607395630330937343,0.981237,0
607395630465155071,1.20055,0
607395630599372799,1.00536,0
607395630733590527,1.25214,0
607395630867808255,1.07327,0
607395631002025983,1.2594,0
607395632344203263,1.4475,0
607395632478420991,1.53251,0
607395632612638719,1.57681,0
607395632746856447,1.8432,0
607395632881074175,1.48037,0
607395633015291903,1.63286,0
607395633149509631,1.45931,0
607395633417945087,1.66992,0
607395633552162815,1.6204,0
607395633686380543,1.73138,0
607395633820598271,1.55356,0
607395633954815999,1.42717,0
607395634089033727,1.33502,0
607395634223251455,1.63066,0
607395634491686911,1.68607,0
607395634625904639,1.65857,0
607395634760122367,1.66987,0
607395634894340095,1.69834,0
607395635162775551,1.80692,0
607395635565428735,1.41617,0
607395635699646463,1.36065,0
607395635833864191,1.37162,0
607395635968081919,1.19206,0
607395636102299647,1.7807,0
607395636236517375,1.44671,0
607395636370735103,1.75321,0
607395636639170559,2.34295,0
607395636773388287,1.42602,0
607395637041823743,1.83087,0
607395637176041471,1.52254,0
607395637310259199,1.64139,0
607395637444476927,2.38406,0
607395637712912383,1.46191,0
607395637847130111,1.24506,0
607395637981347839,1.5565,0
607395638115565567,1.40261,0
607395638249783295,1.41739,0
607395638384001023,1.57765,0
607395638518218751,1.48281,0
607395649524072447,0.358093,0
607395649658290175,0.366004,0
607395649792507903,0.346078,0
607395649926725631,0.35923,0
607395650060943359,0.343201,0
607395650195161087,0.392929,0
607395650329378815,0.322709,0
607395650597814271,0.435404,0
607395650732031999,0.38331,0
607395650866249727,0.377333,0
607395651000467455,0.453789,0
607395651134685183,0.402148,0
607395651268902911,0.410861,0
607395651403120639,0.395649,0
607395651671556095,0.353694,0
607395651805773823,0.312068,0
607395651939991551,0.347908,0
607395652074209279,0.301695,0
607395652208427007,0.364556,0
607395652342644735,0.340429,0
607395652476862463,0.290131,0
607395652745297919,0.366107,0
607395652879515647,0.347641,0
607395653013733375,0.310893,0
607395653147951103,0.334556,0
607395653282168831,0.360803,0
607395653416386559,0.385479,0
607395653550604287,0.345011,0
607395653819039743,0.336587,0
607395653953257471,0.33304,0
607395654087475199,0.304041,0
607395654221692927,0.310491,0
607395654355910655,0.342969,0
607395654490128383,0.366282,0
607395654624346111,0.335914,0
607395654892781567,0.421533,0
607395655026999295,0.434649,0
607395655161217023,0.371022,0
607395655295434751,0.461106,0
607395655429652479,0.370127,0
607395655563870207,0.422259,0
607395655698087935,0.484886,0
607395655966523391,0.260016,0
607395656100741119,0.278334,0
607395656234958847,0.255352,0
607395656369176575,0.299845,0
607395656503394303,0.251795,0
607395656637612031,0.280667,0
607395656771829759,0.23391,0
607395658114007039,0.397515,0
607395658248224767,0.453274,0
607395658382442495,0.387673,0
607395658516660223,0.408845,0
607395658650877951,0.402639,0
607395658785095679,0.428965,0
607395658919313407,0.410729,0
607395659187748863,0.47525,0
607395659321966591,0.478364,0
607395659456184319,0.470882,0
607395659590402047,0.492078,0
607395659724619775,0.455341,0
607395659858837503,0.494342,0
607395659993055231,0.46464,0
607395660261490687,0.3549,0
607395660395708415,0.354418,0
607395660529926143,0.386775,0
607395660664143871,0.331343,0
607395660798361599,0.379466,0
607395660932579327,0.377051,0
607395661066797055,0.390875,0
607395661335232511,0.352725,0
607395661469450239,0.373786,0
607395661603667967,0.337205,0
607395661737885695,0.366832,0
607395661872103423,0.413452,0
607395662006321151,0.456356,0
607395662140538879,0.378865,0
607395662408974335,0.449084,0
607395662543192063,0.448709,0
607395662677409791,0.381717,0
607395662811627519,0.421878,0
607395662945845247,0.452486,0
607395663080062975,0.441139,0
607395663214280703,0.437112,0
607395663482716159,0.481723,0
607395663616933887,0.496503,0
607395663751151615,0.434434,0
607395663885369343,0.453011,0
607395664019587071,0.502347,0
607395664153804799,0.527765,0
607395664288022527,0.46565,0
607395664556457983,0.424879,0
607395664690675711,0.415699,0
607395664824893439,0.367243,0
607395664959111167,0.371247,0
607395665093328895,0.407413,0
607395665227546623,0.42498,0
607395665361764351,0.359114,0
607395666703941631,0.19779,0
607395666838159359,0.220585,0
607395666972377087,0.186147,0
607395667106594815,0.200349,0
607395667240812543,0.2119,0
607395667375030271,0.232993,0
607395667509247999,0.181417,0
607395667777683455,0.264854,0
607395667911901183,0.286127,0
607395668046118911,0.258796,0
607395668180336639,0.248727,0
607395668314554367,0.286138,0
607395668448772095,0.316794,0
607395668582989823,0.276437,0
607395668851425279,0.180323,0
607395668985643007,0.178441,0
607395669119860735,0.153956,0
607395669254078463,0.162712,0
607395669388296191,0.159909,0
607395669522513919,0.18312,0
607395669656731647,0.147235,0
607395669925167103,0.1909,0
607395670059384831,0.211143,0
607395670193602559,0.191173,0
607395670327820287,0.1872,0
607395670462038015,0.20792,0
607395670596255743,0.219371,0
607395670730473471,0.175167,0
607395670998908927,0.217211,0
607395671133126655,0.234933,0
607395671267344383,0.20406,0
607395671401562111,0.204875,0
607395671535779839,0.214861,0
607395671669997567,0.228951,0
607395671804215295,0.19123,0
607395672072650751,0.248023,0
607395672206868479,0.288277,0
607395672341086207,0.262677,0
607395672475303935,0.261551,0
607395672609521663,0.258191,0
607395672743739391,0.273474,0
607395672877957119,0.251141,0
607395673146392575,0.151796,0
607395673280610303,0.190031,0
607395673414828031,0.138337,0
607395673549045759,0.157596,0
607395673683263487,0.173868,0
607395673817481215,0.179511,0
607395673951698943,0.153509,0
607395675293876223,0.326513,0
607395675428093951,0.3207,0
607395675562311679,0.288695,0
607395675696529407,0.299611,0
607395675830747135,0.334716,0
607395675964964863,0.320073,0
607395676099182591,0.299778,0
607395676367618047,0.659849,0
607395676501835775,0.435681,0
607395676636053503,0.32835,0
607395676770271231,0.302991,0
607395676904488959,0.337946,0
607395677038706687,0.387147,0
607395677172924415,0.398241,0
607395677441359871,0.20991,0
607395677575577599,0.263587,0
607395677709795327,0.193735,0
607395677844013055,0.230666,0
607395677978230783,0.226068,0
607395678112448511,0.249161,0
607395678246666239,0.212024,0
607395678515101695,0.264738,0
607395678649319423,0.26433,0
607395678783537151,0.210883,0
607395678917754879,0.221007,0
607395679051972607,0.282292,0
607395679186190335,0.268304,0
607395679320408063,0.26268,0
607395679588843519,0.293407,0
607395679723061247,0.291663,0
607395679857278975,0.308321,0
607395679991496703,0.295002,0
607395680125714431,0.303831,0
607395680259932159,0.295516,0
607395680394149887,0.314328,0
607395680662585343,0.390909,0
607395680796803071,0.333856,0
607395680931020799,0.311016,0
607395681065238527,0.375345,0
607395681199456255,0.348187,0
607395681333673983,0.369623,0
607395681467891711,0.3189,0
607395681736327167,0.248804,0
607395681870544895,0.243376,0
607395682004762623,0.221114,0
607395682138980351,0.208834,0
607395682273198079,0.272005,0
607395682407415807,0.262363,0
607395682541633535,0.246208,0
607395683883810815,0.388565,0
607395684018028543,0.431775,0
607395684152246271,0.407081,0
607395684286463999,0.392039,0
607395684420681727,0.405379,0
607395684554899455,0.412315,0
607395684689117183,0.39172,0
607395684957552639,0.401657,0
607395685091770367,0.405202,0
607395685225988095,0.455217,0
607395685360205823,0.474095,0
607395685494423551,0.435306,0
607395685628641279,0.432859,0
607395685762859007,0.401782,0
607395686031294463,0.368161,0
607395686165512191,0.357752,0
607395686299729919,0.332973,0
607395686433947647,0.343608,0
607395686568165375,0.371572,0
607395686702383103,0.386502,0
607395686836600831,0.368355,0
607395687105036287,0.428889,0
607395687239254015,0.396328,0
607395687373471743,0.384579,0
607395687507689471,0.408175,0
607395687641907199,0.408255,0
607395687776124927,0.403204,0
607395687910342655,0.383842,0
607395688178778111,0.411029,0
607395688312995839,0.423428,0
607395688447213567,0.415345,0
607395688581431295,0.438029,0
607395688715649023,0.42777,0
607395688849866751,0.453158,0
607395688984084479,0.420577,0
607395689252519935,0.46419,0
607395689386737663,0.460142,0
607395689520955391,0.425524,0
607395689655173119,0.425378,0
607395689789390847,0.455686,0
607395689923608575,0.499025,0
607395690057826303,0.463591,0
607395690326261759,0.393861,0
607395690460479487,0.382,0
607395690594697215,0.340008,0
607395690728914943,0.3628,0
607395690863132671,0.370589,0
607395690997350399,0.377379,0
607395691131568127,0.330244,0
607395692473745407,0.460668,0
607395692607963135,0.484496,0
607395692742180863,0.449163,0
607395692876398591,0.43565,0
607395693010616319,0.517402,0
607395693144834047,0.49716,0
607395693279051775,0.474942,0
607395693547487231,0.524517,0
607395693681704959,0.561069,0
607395693815922687,0.497354,0
607395693950140415,0.492799,0
607395694084358143,0.616094,0
607395694218575871,0.619818,0
607395694352793599,0.505943,0
607395694621229055,0.425761,0
607395694755446783,0.430234,0
607395694889664511,0.411805,0
607395695023882239,0.429591,0
607395695158099967,0.424454,0
607395695292317695,0.430679,0
607395695426535423,0.438289,0
607395695694970879,0.455137,0
607395695829188607,0.478831,0
607395695963406335,0.422769,0
607395696097624063,0.456996,0
607395696231841791,0.454104,0
607395696366059519,0.580023,0
607395696500277247,0.424776,0
607395696768712703,0.467432,0
607395696902930431,0.504805,0
607395697037148159,0.430472,0
607395697171365887,0.481529,0
607395697305583615,0.493538,0
607395697439801343,0.620744,0
607395697574019071,0.432257,0
607395697842454527,0.661924,0
607395697976672255,0.61508,0
607395698110889983,0.606594,0
607395698245107711,0.567985,0
607395698379325439,0.647197,0
607395698513543167,0.70037,0
607395698647760895,0.606721,0
607395698916196351,0.52588,0
607395699050414079,0.496598,0
607395699184631807,0.402594,0
607395699318849535,0.433992,0
607395699453067263,0.475851,0
607395699587284991,0.467496,0
607395699721502719,0.420807,0
607395701063679999,0.22328,0
607395701197897727,0.270673,0
607395701332115455,0.19234,0
607395701466333183,0.206321,0
607395701600550911,0.19813,0
607395701734768639,0.296385,0
607395701868986367,0.210022,0
607395702137421823,0.241139,0
607395702271639551,0.256308,0
607395702405857279,0.336622,0
607395702540075007,0.251818,0
607395702674292735,0.267724,0
607395702808510463,0.30329,0
607395702942728191,0.242949,0
607395703211163647,0.171322,0
607395703345381375,0.192514,0
607395703479599103,0.194531,0
607395703613816831,0.167374,0
607395703748034559,0.192445,0
607395703882252287,0.193934,0
607395704016470015,0.162666,0
607395704284905471,0.212543,0
607395704419123199,0.20957,0
607395704553340927,0.23123,0
607395704687558655,0.234227,0
607395704821776383,0.211392,0
607395704955994111,0.236185,0
607395705090211839,0.211175,0
607395705358647295,0.215165,0
607395705492865023,0.268519,0
607395705627082751,0.233886,0
607395705761300479,0.202719,0
607395705895518207,0.236395,0
607395706029735935,0.232634,0
607395706163953663,0.236307,0
607395706432389119,0.242445,0
607395706566606847,0.286393,0
607395706700824575,0.243648,0
607395706835042303,0.25927,0
607395706969260031,0.293947,0
607395707103477759,0.388635,0
607395707237695487,0.313614,0
607395707506130943,0.186953,0
607395707640348671,0.194399,0
607395707774566399,0.174648,0
607395707908784127,0.161045,0
607395708043001855,0.208315,0
607395708177219583,0.20978,0
607395708311437311,0.166029,0
607395718243549183,0.730102,0
607395718377766911,0.710534,0
607395718511984639,0.749232,0
607395718646202367,0.688042,0
607395718780420095,0.791949,0
607395718914637823,0.750101,0
607395719048855551,0.760606,0
607395719317291007,0.729106,0
607395719451508735,0.707104,0
607395719585726463,0.697691,0
607395719719944191,0.719676,0
607395719854161919,0.735728,0
607395719988379647,0.736378,0
607395720122597375,0.717872,0
607395720391032831,0.682383,0
607395720525250559,0.648246,0
607395720659468287,0.693976,0
607395720793686015,0.677697,0
607395720927903743,0.743794,0
607395721062121471,0.699135,0
607395721196339199,0.702514,0
607395721464774655,0.62078,0
607395721598992383,0.64377,0
607395721733210111,0.610065,0
607395721867427839,0.652106,0
607395722001645567,0.664989,0
607395722135863295,0.664845,0
607395722270081023,0.643544,0
607395722538516479,0.831673,0
607395722672734207,0.790804,0
607395722806951935,0.814566,0
607395722941169663,0.816164,0
607395723075387391,0.874369,0
607395723209605119,0.865775,0
607395723343822847,0.874624,0
607395723612258303,0.788751,0
607395723746476031,0.744912,0
607395723880693759,0.783478,0
607395724014911487,0.748276,0
607395724149129215,0.843695,0
607395724283346943,0.791231,0
607395724417564671,0.806813,0
607395724686000127,0.779841,0
607395724820217855,0.757783,0
607395724954435583,0.774352,0
607395725088653311,0.745009,0
607395725222871039,0.788018,0
607395725357088767,0.782483,0
607395725491306495,0.755197,0
607395726833483775,0.66408,0
607395726967701503,0.653231,0
607395727101919231,0.643518,0
607395727236136959,0.576526,0
607395727370354687,0.691555,0
607395727504572415,0.599676,0
607395727638790143,0.665615,0
607395727907225599,0.561563,0
607395728041443327,0.538795,0
607395728175661055,0.532295,0
607395728309878783,0.508513,0
607395728444096511,0.652219,0
607395728578314239,0.578801,0
607395728712531967,0.738262,0
607395728980967423,0.477711,0
607395729115185151,0.460063,0
607395729249402879,0.448786,0
607395729383620607,0.446749,0
607395729517838335,0.61804,0
607395729652056063,0.488632,0
607395729786273791,0.509863,0
607395730054709247,0.490626,0
607395730188926975,0.461673,0
607395730323144703,0.455706,0
607395730457362431,0.423867,0
607395730591580159,0.517379,0
607395730725797887,0.493875,0
607395730860015615,0.497636,0
607395731128451071,0.726562,0
607395731262668799,0.716358,0
607395731396886527,0.686194,0
607395731531104255,0.686676,0
607395731665321983,0.747805,0
607395731799539711,0.739792,0
607395731933757439,0.734375,0
607395732202192895,0.722306,0
607395732336410623,0.666917,0
607395732470628351,0.682069,0
607395732604846079,0.619842,0
607395732739063807,0.754933,0
607395732873281535,0.719219,0
607395733007499263,0.738801,0
607395733275934719,0.616042,0
607395733410152447,0.729971,0
607395733544370175,0.606411,0
607395733678587903,0.637077,0
607395733812805631,0.688205,0
607395733947023359,0.652895,0
607395734081241087,0.682591,0
607395735423418367,0.462448,0
607395735557636095,0.51261,0
607395735691853823,0.437382,0
607395735826071551,0.439846,0
607395735960289279,0.518035,0
607395736094507007,0.657981,0
607395736228724735,0.471028,0
607395736497160191,0.690708,0
607395736631377919,0.663475,0
607395736765595647,0.574584,0
607395736899813375,0.517472,0
607395737034031103,0.568112,0
607395737168248831,0.608745,0
607395737302466559,0.670286,0
607395737570902015,0.357418,0
607395737705119743,0.383244,0
607395737839337471,0.474152,0
607395737973555199,0.356687,0
607395738107772927,0.405821,0
607395738241990655,0.382736,0
607395738376208383,0.359106,0
607395738644643839,0.352426,0
607395738778861567,0.41543,0
607395738913079295,0.345062,0
607395739047297023,0.412834,0
607395739181514751,0.415726,0
607395739315732479,0.394,0
607395739449950207,0.397683,0
607395739718385663,0.529963,0
607395739852603391,0.576296,0
607395739986821119,0.482546,0
607395740121038847,0.514144,0
607395740255256575,0.560326,0
607395740389474303,0.744216,0
607395740523692031,0.508209,0
607395740792127487,0.596176,0
607395740926345215,0.683564,0
607395741060562943,0.756238,0
607395741194780671,0.72955,0
607395741328998399,0.692457,0
607395741463216127,0.683875,0
607395741597433855,0.791792,0
607395741865869311,0.436161,0
607395742000087039,0.466975,0
607395742134304767,0.36284,0
607395742268522495,0.374323,0
607395742402740223,0.458918,0
607395742536957951,0.468031,0
607395742671175679,0.441415,0
607395744013352959,0.384682,0
607395744147570687,0.390142,0
607395744281788415,0.537487,0
607395744416006143,0.384333,0
607395744550223871,0.454326,0
607395744684441599,0.414092,0
607395744818659327,0.427072,0
607395745087094783,0.412604,0
607395745221312511,0.431246,0
607395745355530239,0.423325,0
607395745489747967,0.402043,0
607395745623965695,0.437392,0
607395745758183423,0.423909,0
607395745892401151,0.405238,0
607395746160836607,0.359209,0
607395746295054335,0.449491,0
607395746429272063,0.329401,0
607395746563489791,0.313757,0
607395746697707519,0.711873,0
607395746831925247,0.422767,0
607395746966142975,0.370395,0
607395747234578431,0.39903,0
607395747368796159,0.388985,0
607395747503013887,0.343604,0
607395747637231615,0.365374,0
607395747771449343,0.421247,0
607395747905667071,0.408306,0
607395748039884799,0.392326,0
607395748308320255,0.601451,0
607395748442537983,0.585652,0
607395748576755711,0.586578,0
607395748710973439,0.535044,0
607395748845191167,0.633794,0
607395748979408895,0.64892,0
607395749113626623,0.67299,0
607395749382062079,0.515128,0
607395749516279807,0.448835,0
607395749650497535,0.472285,0
607395749784715263,0.43718,0
607395749918932991,0.633597,0
607395750053150719,0.609496,0
607395750187368447,0.670836,0
607395750455803903,0.391434,0
607395750590021631,0.480048,0
607395750724239359,0.444602,0
607395750858457087,0.351921,0
607395750992674815,0.455493,0
607395751126892543,0.462446,0
607395751261110271,0.454157,0
607395752603287551,0.985159,0
607395752737505279,0.977217,0
607395752871723007,1.07528,0
607395753005940735,0.945759,0
607395753140158463,1.05306,0
607395753274376191,0.99987,0
607395753408593919,1.02586,0
607395753677029375,0.972308,0
607395753811247103,0.892452,0
607395753945464831,0.980799,0
607395754079682559,0.916083,0
607395754213900287,1.05271,0
607395754348118015,0.995684,0
607395754482335743,0.975616,0
607395754750771199,0.882086,0
607395754884988927,0.935199,0
607395755019206655,0.862265,0
607395755153424383,0.88402,0
607395755287642111,0.889149,0
607395755421859839,0.932701,0
607395755556077567,0.928672,0
607395755824513023,0.896237,0
607395755958730751,0.867335,0
607395756092948479,0.872323,0
607395756227166207,0.864163,0
607395756361383935,0.968297,0
607395756495601663,0.912562,0
607395756629819391,0.960591,0
607395756898254847,1.38767,0
607395757032472575,1.1475,0
607395757166690303,1.40594,0
607395757300908031,1.19321,0
607395757435125759,1.31215,0
607395757569343487,1.32116,0
607395757703561215,1.30319,0
607395757971996671,1.01311,0
607395758106214399,1.06868,0
607395758240432127,1.00424,0
607395758374649855,1.02144,0
607395758508867583,1.067,0
607395758643085311,1.04596,0
607395758777303039,1.06945,0
607395759045738495,0.913741,0
607395759179956223,0.975383,0
607395759314173951,0.912311,0
607395759448391679,0.908478,0
607395759582609407,1.1349,0
607395759716827135,1.11645,0
607395759851044863,1.06215,0
607395761193222143,0.763008,0
607395761327439871,0.760104,0
607395761461657599,0.790368,0
607395761595875327,0.786049,0
607395761730093055,0.799208,0
607395761864310783,0.755277,0
607395761998528511,0.770145,0
607395762266963967,0.770039,0
607395762401181695,0.755637,0
607395762535399423,0.754672,0
607395762669617151,0.755164,0
607395762803834879,0.777591,0
607395762938052607,0.782695,0
607395763072270335,0.768641,0
607395763340705791,0.774795,0
607395763474923519,0.789569,0
607395763609141247,0.759494,0
607395763743358975,0.758396,0
607395763877576703,0.763997,0
607395764011794431,0.779677,0
607395764146012159,0.754102,0
607395764414447615,0.758353,0
607395764548665343,0.750048,0
607395764682883071,0.782379,0
607395764817100799,0.761411,0
607395764951318527,0.768929,0
607395765085536255,0.745659,0
607395765219753983,0.775624,0
607395765488189439,0.800073,0
607395765622407167,0.761183,0
607395765756624895,0.864665,0
607395765890842623,0.772261,0
607395766025060351,0.901718,0
607395766159278079,0.775255,0
607395766293495807,0.902013,0
607395766561931263,0.77502,0
607395766696148991,0.799015,0
607395766830366719,0.756304,0
607395766964584447,0.775548,0
607395767098802175,0.785165,0
607395767233019903,0.773827,0
607395767367237631,0.785592,0
607395767635673087,0.808309,0
607395767769890815,0.771977,0
607395767904108543,0.839165,0
607395768038326271,0.800501,0
607395768172543999,0.893034,0
607395768306761727,0.788807,0
607395768440979455,0.882993,0
607395769783156735,0.68183,0
607395769917374463,0.725798,0
607395770051592191,0.749961,0
607395770185809919,0.630491,0
607395770320027647,0.720936,0
607395770454245375,0.784445,0
607395770588463103,0.621068,0
607395770856898559,0.797103,0
607395770991116287,0.828026,0
607395771125334015,0.752469,0
607395771259551743,0.765917,0
607395771393769471,0.841297,0
607395771527987199,0.836758,0
607395771662204927,0.816543,0
607395771930640383,0.573404,0
607395772064858111,0.591869,0
607395772199075839,0.520941,0
607395772333293567,0.553969,0
607395772467511295,0.55119,0
607395772601729023,0.730184,0
607395772735946751,0.541529,0
607395773004382207,0.62306,0
607395773138599935,0.755241,0
607395773272817663,0.790312,0
607395773407035391,0.797085,0
607395773541253119,0.700642,0
607395773675470847,0.708321,0
607395773809688575,0.788241,0
607395774078124031,0.736289,0
607395774212341759,0.775545,0
607395774346559487,0.633079,0
607395774480777215,0.694246,0
607395774614994943,0.744482,0
607395774749212671,0.788177,0
607395774883430399,0.686124,0
607395775151865855,0.89103,0
607395775286083583,0.876807,0
607395775420301311,0.805054,0
607395775554519039,0.849803,0
607395775688736767,0.852592,0
607395775822954495,0.917309,0
607395775957172223,0.834032,0
607395776225607679,0.646524,0
607395776359825407,0.668297,0
607395776494043135,0.53337,0
607395776628260863,0.553055,0
607395776762478591,0.530359,0
607395776896696319,0.705853,0
607395777030914047,0.604166,0
607395786963025919,0.812637,0
607395787097243647,0.933527,0
607395787231461375,0.806627,0
607395787365679103,0.838377,0
607395787499896831,0.838393,0
607395787634114559,0.88931,0
607395787768332287,0.780327,0
607395788036767743,1.00318,0
607395788170985471,1.02839,0
607395788305203199,1.00709,0
607395788439420927,1.04614,0
607395788573638655,1.10213,0
607395788707856383,1.14668,0
607395788842074111,1.01086,0
607395789110509567,0.752685,0
607395789244727295,0.7631,0
607395789378945023,0.724029,0
607395789513162751,0.717024,0
607395789647380479,0.757373,0
607395789781598207,0.787832,0
607395789915815935,0.744992,0
607395790184251391,0.968496,0
607395790318469119,1.16204,0
607395790452686847,0.834228,0
607395790586904575,1.04244,0
607395790721122303,0.986191,0
607395790855340031,1.02226,0
607395790989557759,0.870238,0
607395791257993215,0.829181,0
607395791392210943,0.845367,0
607395791526428671,0.807701,0
607395791660646399,0.783608,0
607395791794864127,0.853787,0
607395791929081855,0.873228,0
607395792063299583,0.824168,0
607395792331735039,0.978016,0
607395792465952767,1.03555,0
607395792600170495,0.923486,0
607395792734388223,0.991307,0
607395792868605951,0.974092,0
607395793002823679,1.04474,0
607395793137041407,0.911146,0
607395793405476863,0.770692,0
607395793539694591,0.764783,0
607395793673912319,0.759687,0
607395793808130047,0.76494,0
607395793942347775,0.803525,0
607395794076565503,0.772894,0
607395794210783231,0.763528,0
607395795552960511,1.13549,0
607395795687178239,1.09032,0
607395795821395967,1.33508,0
607395795955613695,1.12343,0
607395796089831423,1.23991,0
607395796224049151,1.36934,0
607395796358266879,1.2303,0
607395796626702335,1.20043,0
607395796760920063,1.34389,0
607395796895137791,1.12519,0
607395797029355519,1.17704,0
607395797432008703,1.36321,0
607395797700444159,1.2938,0
607395797834661887,1.09311,0
607395797968879615,0.967035,0
607395798103097343,1.24596,0
607395798237315071,1.11989,0
607395798371532799,1.2073,0
607395798505750527,0.969516,0
607395798774185983,1.09552,0
607395798908403711,1.14502,0
607395799042621439,1.11865,0
607395799176839167,1.11625,0
607395799311056895,1.1061,0
607395799445274623,1.191,0
607395799579492351,1.10522,0
607395799847927807,1.14917,0
607395799982145535,1.54145,0
607395800116363263,1.17703,0
607395800250580991,1.4363,0
607395800384798719,1.2589,0
607395800519016447,1.40311,0
607395800653234175,1.11898,0
607395800921669631,1.34194,0
607395801055887359,1.26436,0
607395801190105087,1.288,0
607395801324322815,1.479,0
607395801458540543,1.30057,0
607395801592758271,1.26468,0
607395801726975999,1.41032,0
607395801995411455,1.17479,0
607395802129629183,1.17724,0
607395802263846911,1.34788,0
607395802398064639,0.98449,0
607395802532282367,1.10683,0
607395802666500095,1.23817,0
607395802800717823,1.16188,0
607395804142895103,0.60952,0
607395804277112831,0.604407,0
607395804411330559,0.687726,0
607395804545548287,0.780561,0
607395804679766015,0.655451,0
607395804813983743,0.678806,0
607395804948201471,0.584631,0
607395805216636927,0.687412,0
607395805350854655,0.70954,0
607395805485072383,0.713289,0
607395805619290111,0.681422,0
607395805753507839,0.699941,0
607395805887725567,0.726125,0
607395806021943295,0.747735,0
607395806290378751,0.511046,0
607395806424596479,0.563781,0
607395806558814207,0.479118,0
607395806693031935,0.50405,0
607395806827249663,0.493298,0
607395806961467391,1.03141,0
607395807095685119,0.492656,0
607395807364120575,0.611557,0
607395807498338303,0.62493,0
607395807632556031,0.590385,0
607395807766773759,0.605609,0
607395807900991487,0.619236,0
607395808035209215,0.715106,0
607395808169426943,0.683462,0
607395808437862399,0.592341,0
607395808572080127,0.781924,0
607395808706297855,0.518057,0
607395808840515583,0.591911,0
607395808974733311,0.596859,0
607395809108951039,0.750436,0
607395809243168767,0.520598,0
607395809511604223,0.740771,0
607395809645821951,0.716335,0
607395809780039679,0.732631,0
607395809914257407,0.700957,0
607395810048475135,0.731545,0
607395810182692863,0.756496,0
607395810316910591,0.746972,0
607395810585346047,0.448871,0
607395810719563775,0.487653,0
607395810853781503,0.478609,0
607395810987999231,0.477877,0
607395811122216959,0.451164,0
607395811256434687,0.461243,0
607395811390652415,0.42896,0
607395812732829695,0.811408,0
607395812867047423,0.873733,0
607395813001265151,0.712798,0
607395813135482879,0.77234,0
607395813269700607,0.791484,0
607395813403918335,0.863954,0
607395813538136063,0.752161,0
607395813806571519,0.916245,0
607395813940789247,1.07426,0
607395814075006975,0.86946,0
607395814209224703,0.933169,0
607395814343442431,0.951307,0
607395814477660159,1.03713,0
607395814611877887,0.935881,0
607395814880313343,0.685422,0
607395815014531071,0.724523,0
607395815148748799,0.65746,0
607395815282966527,0.687109,0
607395815417184255,0.679605,0
607395815551401983,0.71721,0
607395815685619711,0.631035,0
607395815954055167,0.805046,0
607395816088272895,0.886498,0
607395816222490623,0.792176,0
607395816356708351,0.86534,0
607395816490926079,0.809479,0
607395816625143807,0.864499,0
607395816759361535,0.811381,0
607395817027796991,0.792079,0
607395817162014719,0.862679,0
607395817296232447,0.725433,0
607395817430450175,0.753882,0
607395817564667903,0.765825,0
607395817698885631,0.846376,0
607395817833103359,0.74602,0
607395818101538815,0.928864,0
607395818235756543,0.940729,0
607395818369974271,1.0016,0
607395818504191999,0.925932,0
607395818638409727,1.07164,0
607395818772627455,1.18301,0
607395818906845183,1.05936,0
607395819175280639,0.644516,0
607395819309498367,0.672408,0
607395819443716095,0.708148,0
607395819577933823,0.619972,0
607395819712151551,0.6765,0
607395819846369279,0.680842,0
607395819980587007,0.708016,0
607395821322764287,0.855717,0
607395821456982015,0.872019,0
607395821591199743,0.875254,0
607395821725417471,0.878244,0
607395821859635199,0.96106,0
607395821993852927,0.868494,0
607395822128070655,0.899465,0
607395822396506111,0.905179,0
607395822530723839,0.93137,0
607395822664941567,0.920701,0
607395822799159295,0.923115,0
607395822933377023,0.909978,0
607395823067594751,0.933657,0
607395823201812479,0.904144,0
607395823470247935,0.841998,0
607395823604465663,0.860032,0
607395823738683391,0.85111,0
607395823872901119,0.854989,0
607395824007118847,0.828273,0
607395824141336575,0.837666,0
607395824275554303,0.880831,0
607395824543989759,0.933086,0
607395824678207487,0.967948,0
607395824812425215,0.889546,0
607395824946642943,0.897513,0
607395825080860671,0.939607,0
607395825215078399,0.945627,0
607395825349296127,0.870894,0
607395825617731583,0.80386,0
607395825751949311,0.834371,0
607395825886167039,0.759637,0
607395826020384767,0.801982,0
607395826154602495,0.719866,0
607395826288820223,0.799085,0
607395826423037951,0.742846,0
607395826691473407,0.870294,0
607395826825691135,0.876095,0
607395826959908863,0.886923,0
607395827094126591,0.897962,0
607395827228344319,0.892702,0
607395827362562047,0.912512,0
607395827496779775,0.870334,0
607395827765215231,0.806786,0
607395827899432959,0.866998,0
607395828033650687,0.790059,0
607395828167868415,0.837882,0
607395828302086143,0.784257,0
607395828436303871,0.807324,0
607395828570521599,0.769775,0
607395829912698879,1.08359,0
607395830046916607,1.19954,0
607395830181134335,1.10923,0
607395830315352063,1.14737,0
607395830449569791,1.0876,0
607395830583787519,1.10552,0
607395830718005247,1.061,0
607395830986440703,1.21822,0
607395831120658431,1.25976,0
607395831254876159,1.48018,0
607395831389093887,1.49301,0
607395831523311615,1.11587,0
607395831657529343,1.15971,0
607395831791747071,1.11546,0
607395832060182527,1.11338,0
607395832194400255,1.20289,0
607395832328617983,1.12056,0
607395832462835711,1.11257,0
607395832597053439,1.1168,0
607395832731271167,1.19693,0
607395832865488895,1.08211,0
607395833133924351,1.56865,0
607395833268142079,1.34574,0
607395833402359807,1.51526,0
607395833536577535,1.38272,0
607395833670795263,1.33092,0
607395833805012991,1.55973,0
607395833939230719,1.30249,0
607395834207666175,0.984551,0
607395834341883903,1.01694,0
607395834476101631,0.98197,0
607395834610319359,1.01783,0
607395834744537087,0.954419,0
607395834878754815,0.983631,0
607395835012972543,0.93255,0
607395835281407999,1.04882,0
607395835415625727,1.0811,0
607395835549843455,1.01838,0
607395835684061183,1.10734,0
607395835818278911,1.01828,0
607395835952496639,1.05413,0
607395836086714367,1.00534,0
607395836355149823,1.05763,0
607395836489367551,1.0768,0
607395836623585279,1.04577,0
607395836757803007,1.06705,0
607395836892020735,0.968592,0
607395837026238463,1.01428,0
607395837160456191,1.00945,0
607395838502633471,0.638282,0
607395838636851199,0.857217,0
607395838771068927,0.602544,0
607395838905286655,0.751643,0
607395839039504383,0.630515,0
607395839173722111,0.814909,0
607395839307939839,0.557683,0
607395839576375295,0.950022,0
607395839710593023,0.902005,0
607395839844810751,0.978888,0
607395839979028479,0.967905,0
607395840113246207,0.810931,0
607395840247463935,0.804274,0
607395840381681663,0.84396,0
607395840650117119,0.528857,0
607395840784334847,0.614676,0
607395840918552575,0.446925,0
607395841052770303,0.523819,0
607395841186988031,0.536233,0
607395841321205759,0.597818,0
607395841455423487,0.469079,0
607395841723858943,0.722503,0
607395841858076671,0.782281,0
607395841992294399,0.776304,0
607395842126512127,0.75473,0
607395842260729855,0.771817,0
607395842394947583,0.815746,0
607395842529165311,0.783955,0
607395842797600767,0.491543,0
607395842931818495,0.622971,0
607395843066036223,0.481145,0
607395843200253951,0.546703,0
607395843334471679,0.566819,0
607395843468689407,0.630819,0
607395843602907135,0.522723,0
607395843871342591,0.790469,0
607395844005560319,0.8356,0
607395844139778047,0.708652,0
607395844273995775,0.769065,0
607395844408213503,0.792699,0
607395844542431231,0.808124,0
607395844676648959,0.763512,0
607395844945084415,0.438149,0
607395845079302143,0.521367,0
607395845213519871,0.41355,0
607395845347737599,0.449463,0
607395845481955327,0.467389,0
607395845616173055,0.469201,0
607395845750390783,0.423256,0
607395858635292671,1.24394,0
607395860245905407,1.35956,0
607395860782776319,1.60509,0
607395861051211775,1.3396,0
607395861185429503,1.27067,0
607395861588082687,1.55258,0
607395861722300415,1.36436,0
607395862124953599,2.37112,0
607395862259171327,1.52655,0
607395862393389055,1.31347,0
607395862527606783,1.40556,0
607395862661824511,1.66486,0
607395862930259967,1.44318,0
607395864406654975,1.63806,0
607395864675090431,1.50888,0
607395864809308159,1.58517,0
607395864943525887,1.60701,0
607395865346179071,4.30415,0
607395865480396799,1.59098,0
607395865614614527,2.84009,0
607395865748832255,1.63959,0
607395865883049983,4.37821,0
607395866017267711,2.88402,0
607395866151485439,2.99901,0
607395866554138623,1.48488,0
607395867493662719,1.50962,0
607395867627880447,1.67776,0
607395867762098175,1.52259,0
607395867896315903,1.65978,0
607395868030533631,4.22977,0
607395868164751359,3.22869,0
607395868298969087,1.46108,0
607395868701622271,2.5091,0
607395868970057727,3.77469,0
607395869104275455,3.04523,0
607395869641146367,1.62545,0
607395869775364095,3.00597,0
607395869909581823,1.44648,0
607395870043799551,3.85894,0
607395870178017279,4.27494,0
607395870312235007,1.58394,0
607395870446452735,3.03092,0
607395874338766847,1.26436,0
607395875815161855,1.10712,0
607395876217815039,1.27189,0
607395877694210047,1.34431,0
607395877828427775,1.34861,0
607395878231080959,1.53142,0
607395878365298687,1.30017,0
607395878767951871,1.2784,0
607395878902169599,1.23449,0
607395879036387327,1.23715,0
607395879707475967,1.10171,0
607395881720741887,1.7478,0
607395881854959615,2.32738,0
607395882660265983,1.44734,0
607395883599790079,1.45902,0
607395883734007807,1.33254,0
607395883868225535,3.37215,0
607395884002443263,2.39458,0
607395884136660991,1.39229,0
607395884270878719,1.39714,0
607395884405096447,1.20017,0
607395884673531903,3.68501,0
607395884807749631,3.00315,0
607395884941967359,1.50534,0
607395885076185087,1.51133,0
607395885344620543,3.36586,0
607395885478838271,2.15842,0
607395887894757375,1.29296,0
607395888028975103,1.33316,0
607395888163192831,1.28059,0
607395888297410559,1.22803,0
607395888431628287,1.36297,0
607395888565846015,1.44831,0
607395888700063743,1.22094,0
607395890176458751,1.5059,0
607395890713329663,2.02965,0
607395891115982847,1.21649,0
607395891250200575,1.26165,0
607395891384418303,1.41928,0
607395891518636031,1.27571,0
607395891652853759,1.20541,0
607395891787071487,1.17529,0
607395891921289215,1.31478,0
607395892189724671,1.56832,0
607395892323942399,2.05859,0
607395892458160127,1.34246,0
607395892592377855,2.63994,0
607395892860813311,2.64241,0
607395892995031039,1.59111,0
607395893397684223,1.42457,0
607395893800337407,1.53204,0
607395893934555135,1.42177,0
607395894874079231,1.80565,0
607395895008296959,2.99796,0
607395895142514687,3.44266,0
607395895410950143,2.06573,0
607395895545167871,1.54472,0
607395895813603327,1.66479,0
607395895947821055,2.55087,0
607395896082038783,1.56589,0
607395896216256511,2.92938,0
607395896484691967,2.17984,0
607395896753127423,1.64073,0
607395896887345151,2.72707,0
607395897021562879,1.69841,0
607395897289998335,1.6442,0
607395898632175615,1.28155,0
607395898766393343,1.26672,0
607395898900611071,1.52647,0
607395899034828799,1.39312,0
607395899169046527,1.7957,0
607395899303264255,1.25309,0
607395899437481983,1.65498,0
607395899705917439,1.4659,0
607395899840135167,1.78531,0
607395899974352895,1.48449,0
607395900108570623,1.46863,0
607395900242788351,1.51425,0
607395900377006079,1.46634,0
607395900511223807,1.49821,0
607395900779659263,1.60211,0
607395900913876991,1.35218,0
607395901048094719,3.37842,0
607395901182312447,1.61999,0
607395901316530175,2.56198,0
607395901450747903,1.29211,0
607395901584965631,2.44874,0
607395901853401087,3.34516,0
607395901987618815,3.34719,0
607395902121836543,3.11222,0
607395902256054271,2.99331,0
607395902390271999,1.37398,0
607395902524489727,3.41527,0
607395902658707455,1.47543,0
607395902927142911,1.36712,0
607395903061360639,1.30163,0
607395903195578367,1.33525,0
607395903329796095,1.67418,0
607395903464013823,1.33173,0
607395903598231551,1.39617,0
607395903732449279,1.39255,0
607395904000884735,1.22593,0
607395904135102463,1.2518,0
607395904269320191,1.41455,0
607395904403537919,1.25974,0
607395904537755647,1.32754,0
607395904671973375,1.22359,0
607395904806191103,1.4413,0
607395905074626559,1.52004,0
607395905208844287,2.15557,0
607395905343062015,1.39347,0
607395905477279743,1.67343,0
607395905611497471,1.23458,0
607395905745715199,2.07591,0
607395905879932927,1.54014,0
607395907222110207,1.67278,0
607395907356327935,1.35514,0
607395907490545663,1.29818,0
607395907624763391,1.26124,0
607395907758981119,1.25067,0
607395907893198847,1.29293,0
607395908027416575,1.50534,0
607395908295852031,1.21088,0
607395908430069759,1.53803,0
607395908564287487,1.31176,0
607395908698505215,1.3966,0
607395908832722943,1.33506,0
607395908966940671,1.48173,0
607395909101158399,1.40683,0
607395909369593855,1.44295,0
607395909503811583,1.35567,0
607395909638029311,1.35038,0
607395909772247039,1.38789,0
607395909906464767,1.2882,0
607395910040682495,1.26095,0
607395910174900223,1.27739,0
607395910443335679,1.32666,0
607395910577553407,1.19414,0
607395910711771135,1.2562,0
607395910845988863,1.25465,0
607395910980206591,1.33404,0
607395911114424319,1.26276,0
607395911248642047,1.26919,0
607395911517077503,1.13778,0
607395911651295231,1.16519,0
607395911785512959,1.19517,0
607395911919730687,1.14634,0
607395912053948415,1.13811,0
607395912188166143,1.15493,0
607395912322383871,1.13205,0
607395912590819327,1.44003,0
607395912725037055,1.27202,0
607395912859254783,1.20313,0
607395912993472511,1.21589,0
607395913127690239,1.52078,0
607395913261907967,1.40607,0
607395913396125695,1.20893,0
607395913664561151,1.30056,0
607395913798778879,1.34386,0
607395913932996607,1.32959,0
607395914067214335,1.31547,0
607395914201432063,1.55764,0
607395914335649791,1.38036,0
607395914469867519,1.31526,0
607395924401979391,0.244719,0
607395924536197119,0.26326,0
607395924670414847,0.243956,0
607395924804632575,0.240765,0
607395924938850303,0.236597,0
607395925073068031,0.27058,0
607395925207285759,0.236177,0
607395925475721215,0.304569,0
607395925609938943,0.354213,0
607395925744156671,0.293461,0
607395925878374399,0.312317,0
607395926012592127,0.307132,0
607395926146809855,0.352038,0
607395926281027583,0.301107,0
607395926549463039,0.212847,0
607395926683680767,0.226115,0
607395926817898495,0.217979,0
607395926952116223,0.217685,0
607395927086333951,0.234686,0
607395927220551679,0.25566,0
607395927354769407,0.213378,0
607395927623204863,0.274284,0
607395927757422591,0.293691,0
607395927891640319,0.263761,0
607395928025858047,0.265759,0
607395928160075775,0.249657,0
607395928294293503,0.302062,0
607395928428511231,0.245952,0
607395928696946687,0.296311,0
607395928831164415,0.327135,0
607395928965382143,0.259932,0
607395929099599871,0.249182,0
607395929233817599,0.306547,0
607395929368035327,0.341496,0
607395929502253055,0.278783,0
607395929770688511,0.40836,0
607395929904906239,0.391704,0
607395930039123967,0.360422,0
607395930173341695,0.315652,0
607395930307559423,0.36685,0
607395930441777151,0.39627,0
607395930575994879,0.36559,0
607395930844430335,0.226932,0
607395930978648063,0.249192,0
607395931112865791,0.192151,0
607395931247083519,0.226101,0
607395931381301247,0.212186,0
607395931515518975,0.25658,0
607395931649736703,0.19677,0
607395932991913983,0.437025,0
607395933126131711,0.468539,0
607395933260349439,0.435113,0
607395933394567167,0.442919,0
607395933528784895,0.492787,0
607395933663002623,0.483036,0
607395933797220351,0.388459,0
607395934065655807,0.513682,0
607395934199873535,0.550273,0
607395934334091263,0.482567,0
607395934468308991,0.504099,0
607395934602526719,0.5481,0
607395934736744447,0.615936,0
607395934870962175,0.499736,0
607395935139397631,0.385513,0
607395935273615359,0.409757,0
607395935407833087,0.359833,0
607395935542050815,0.3705,0
607395935676268543,0.380681,0
607395935810486271,0.417523,0
607395935944703999,0.344034,0
607395936213139455,0.43904,0
607395936347357183,0.691463,0
607395936481574911,0.441414,0
607395936615792639,0.471763,0
607395936750010367,0.489956,0
607395936884228095,1.04392,0
607395937018445823,0.42939,0
607395937286881279,0.424901,0
607395937421099007,0.447454,0
607395937555316735,0.370184,0
607395937689534463,0.41904,0
607395937823752191,0.483826,0
607395937957969919,0.463046,0
607395938092187647,0.386202,0
607395938360623103,0.525831,0
607395938494840831,0.567759,0
607395938629058559,0.486437,0
607395938763276287,0.514602,0
607395938897494015,0.523267,0
607395939031711743,0.570367,0
607395939165929471,0.497063,0
607395939434364927,0.335518,0
607395939568582655,0.371664,0
607395939702800383,0.307152,0
607395939837018111,0.347845,0
607395939971235839,0.313587,0
607395940105453567,0.360411,0
607395940239671295,0.31069,0
607395941581848575,0.198775,0
607395941716066303,0.176319,0
607395941850284031,0.157576,0
607395941984501759,0.182537,0
607395942118719487,0.207435,0
607395942252937215,0.220161,0
607395942387154943,0.148159,0
607395942655590399,0.234266,0
607395942789808127,0.246716,0
607395942924025855,0.177258,0
607395943058243583,0.212709,0
607395943192461311,0.242199,0
607395943326679039,0.218298,0
607395943460896767,0.238438,0
607395943729332223,0.156467,0
607395943863549951,0.141858,0
607395943997767679,0.155426,0
607395944131985407,0.143216,0
607395944266203135,0.147706,0
607395944400420863,0.156907,0
607395944534638591,0.152317,0
607395944803074047,0.179977,0
607395944937291775,0.225627,0
607395945071509503,0.146929,0
607395945205727231,0.138432,0
607395945339944959,0.185286,0
607395945474162687,0.241039,0
607395945608380415,0.14308,0
607395945876815871,0.203928,0
607395946011033599,0.228452,0
607395946145251327,0.148943,0
607395946279469055,0.184573,0
607395946413686783,0.200636,0
607395946547904511,0.221441,0
607395946682122239,0.159664,0
607395946950557695,0.227105,0
607395947084775423,0.222951,0
607395947218993151,0.220072,0
607395947353210879,0.207734,0
607395947487428607,0.223994,0
607395947621646335,0.205837,0
607395947755864063,0.225673,0
607395948024299519,0.147386,0
607395948158517247,0.152657,0
607395948292734975,0.149122,0
607395948426952703,0.14515,0
607395948561170431,0.152475,0
607395948695388159,0.149834,0
607395948829605887,0.163028,0
607395950171783167,0.306901,0
607395950306000895,0.291736,0
607395950440218623,0.258071,0
607395950574436351,0.307227,0
607395950708654079,0.27088,0
607395950842871807,0.293727,0
607395950977089535,0.233991,0
607395951245524991,0.409719,0
607395951379742719,0.361384,0
607395951513960447,0.373608,0
607395951648178175,0.412982,0
607395951782395903,0.337436,0
607395951916613631,0.489822,0
607395952050831359,0.325419,0
607395952319266815,0.212996,0
607395952453484543,0.268953,0
607395952587702271,0.234354,0
607395952721919999,0.215766,0
607395952856137727,0.216799,0
607395952990355455,0.241809,0
607395953124573183,0.203798,0
607395953393008639,0.35129,0
607395953527226367,0.378442,0
607395953661444095,0.256285,0
607395953795661823,0.242617,0
607395953929879551,0.328913,0
607395954064097279,0.279111,0
607395954198315007,0.344112,0
607395954466750463,0.237049,0
607395954600968191,0.279384,0
607395954735185919,0.281405,0
607395954869403647,0.243232,0
607395955003621375,0.213884,0
607395955137839103,0.264922,0
607395955272056831,0.213881,0
607395955540492287,0.280422,0
607395955674710015,0.31527,0
607395955808927743,0.292666,0
607395955943145471,0.315849,0
607395956077363199,0.284636,0
607395956211580927,0.303726,0
607395956345798655,0.297094,0
607395956614234111,0.231892,0
607395956748451839,0.214617,0
607395956882669567,0.207466,0
607395957016887295,0.209008,0
607395957151105023,0.227659,0
607395957285322751,0.273778,0
607395957419540479,0.176248,0
607395958761717759,0.326296,0
607395958895935487,0.355282,0
607395959030153215,0.32499,0
607395959164370943,0.31336,0
607395959298588671,0.325548,0
607395959432806399,0.347917,0
607395959567024127,0.287771,0
607395959835459583,0.452189,0
607395959969677311,0.495898,0
607395960103895039,0.429901,0
607395960238112767,0.456728,0
607395960372330495,0.448804,0
607395960506548223,0.466928,0
607395960640765951,0.435898,0
607395960909201407,0.307755,0
607395961043419135,0.302006,0
607395961177636863,0.29304,0
607395961311854591,0.309586,0
607395961446072319,0.300029,0
607395961580290047,0.293127,0
607395961714507775,0.290373,0
607395961982943231,0.3628,0
607395962117160959,0.380228,0
607395962251378687,0.349642,0
607395962385596415,0.384267,0
607395962519814143,0.341177,0
607395962654031871,0.380866,0
607395962788249599,0.295869,0
607395963056685055,0.372031,0
607395963190902783,0.344583,0
607395963325120511,0.38542,0
607395963459338239,0.305203,0
607395963593555967,0.362763,0
607395963727773695,0.335847,0
607395963861991423,0.392019,0
607395964130426879,0.397427,0
607395964264644607,0.456313,0
607395964398862335,0.36875,0
607395964533080063,0.422447,0
607395964667297791,0.406508,0
607395964801515519,0.442054,0
607395964935733247,0.363198,0
607395965204168703,0.34068,0
607395965338386431,0.288994,0
607395965472604159,0.31675,0
607395965606821887,0.338559,0
607395965741039615,0.337269,0
607395965875257343,0.306335,0
607395966009475071,0.305109,0
607395967351652351,0.547884,0
607395967485870079,0.557499,0
607395967620087807,0.496422,0
607395967754305535,0.531342,0
607395967888523263,0.549999,0
607395968022740991,0.582624,0
607395968156958719,0.540785,0
607395968425394175,0.592804,0
607395968559611903,0.653712,0
607395968693829631,0.608511,0
607395968828047359,0.610581,0
607395968962265087,0.63886,0
607395969096482815,0.675353,0
607395969230700543,0.575738,0
607395969499135999,0.46219,0
607395969633353727,0.485976,0
607395969767571455,0.439995,0
607395969901789183,0.448329,0
607395970036006911,0.469138,0
607395970170224639,0.475329,0
607395970304442367,0.427801,0
607395970572877823,0.503753,0
607395970707095551,0.531868,0
607395970841313279,0.499454,0
607395970975531007,0.482569,0
607395971109748735,0.522782,0
607395971243966463,0.52429,0
607395971378184191,0.518313,0
607395971646619647,0.548282,0
607395971780837375,0.587844,0
607395971915055103,0.533103,0
607395972049272831,0.561596,0
607395972183490559,0.539383,0
607395972317708287,0.570782,0
607395972451926015,0.52784,0
607395972720361471,0.61946,0
607395972854579199,0.648323,0
607395972988796927,0.573701,0
607395973123014655,0.655287,0
607395973257232383,0.608538,0
607395973391450111,0.70769,0
607395973525667839,0.56282,0
607395973794103295,0.503905,0
607395973928321023,0.473151,0
607395974062538751,0.438953,0
607395974196756479,0.422852,0
607395974330974207,0.524167,0
607395974465191935,0.48699,0
607395974599409663,0.448023,0
607395975941586943,0.218461,0
607395976075804671,0.218168,0
607395976210022399,0.231647,0
607395976344240127,0.215502,0
607395976478457855,0.25285,0
607395976612675583,0.283186,0
607395976746893311,0.238422,0
607395977015328767,0.258948,0
607395977149546495,0.261165,0
607395977283764223,0.199999,0
607395977417981951,0.197855,0
607395977552199679,0.256273,0
607395977686417407,0.284215,0
607395977820635135,0.248583,0
607395978089070591,0.182691,0
607395978223288319,0.201322,0
607395978357506047,0.165574,0
607395978491723775,0.159598,0
607395978625941503,0.168332,0
607395978760159231,0.208071,0
607395978894376959,0.156391,0
607395979162812415,0.213157,0
607395979297030143,0.228881,0
607395979431247871,0.230866,0
607395979565465599,0.214996,0
607395979699683327,0.20855,0
607395979833901055,0.232469,0
607395979968118783,0.212224,0
607395980236554239,0.212268,0
607395980370771967,0.220676,0
607395980504989695,0.171736,0
607395980639207423,0.244663,0
607395980773425151,0.212601,0
607395980907642879,0.233585,0
607395981041860607,0.169158,0
607395981310296063,0.25556,0
607395981444513791,0.279858,0
607395981578731519,0.278019,0
607395981712949247,0.257019,0
607395981847166975,0.270933,0
607395981981384703,0.306655,0
607395982115602431,0.273282,0
607395982384037887,0.151397,0
607395982518255615,0.168077,0
607395982652473343,0.145429,0
607395982786691071,0.160002,0
607395982920908799,0.177618,0
607395983055126527,0.184154,0
607395983189344255,0.135279,0
607401904070197247,0.0195147,0
607401904607068159,0.0227347,0
607401904875503615,0.0214473,0
607401907291422719,0.0215439,0
607401907425640447,0.0182566,0
607401907828293631,0.0199894,0
607401907962511359,0.0243571,0
607401908365164543,0.0201424,0
607401908499382271,0.0196697,0
607401908633599999,0.0218162,0
607401908767817727,0.0263117,0
607401908902035455,0.02367,0
607401909036253183,0.0197612,0
607401909170470911,0.0165908,0
607401937356193791,0.0249274,0
607401937490411519,0.0207284,0
607401937624629247,0.0208784,0
607401937758846975,0.024083,0
607401937893064703,0.022504,0
607401938027282431,0.0221926,0
607401938161500159,0.0239854,0
607401938429935615,0.0148403,0
607401938564153343,0.019057,0
607401938698371071,0.0163023,0
607401938832588799,0.0233099,0
607401938966806527,0.0145778,0
607401939101024255,0.0160129,0
607401939235241983,0.0156907,0
607401939503677439,0.0227588,0
607401939637895167,0.0177758,0
607401939772112895,0.0196188,0
607401939906330623,0.016501,0
607401940040548351,0.0216374,0
607401940174766079,0.0228662,0
607401940308983807,0.0191522,0
607401940577419263,0.0233324,0
607401940711636991,0.0202381,0
607401940845854719,0.0187883,0
607401940980072447,0.0210969,0
607401941114290175,0.0220371,0
607401941248507903,0.0215304,0
607401941382725631,0.0185295,0
607401941651161087,0.0262774,0
607401941785378815,0.0280508,0
607401941919596543,0.0217882,0
607401942053814271,0.026349,0
607401942188031999,0.0221629,0
607401942322249727,0.0284818,0
607401942456467455,0.0187088,0
607401942724902911,0.0205657,0
607401942859120639,0.0164755,0
607401942993338367,0.0212725,0
607401943127556095,0.0188277,0
607401943261773823,0.0200676,0
607401943395991551,0.017306,0
607401943530209279,0.0219403,0
607401943798644735,0.0227412,0
607401943932862463,0.0199987,0
607401944067080191,0.0209797,0
607401944201297919,0.0197373,0
607401944335515647,0.0180807,0
607401944469733375,0.0246769,0
607401944603951103,0.0177758,0
607401945946128383,0.0167377,0
607401946214563839,0.0198904,0
607401946482999295,0.0136173,0
607401946617217023,0.0123379,0
607401946751434751,0.0192319,0
607401948093612031,0.0183644,0
607401948362047487,0.023039,0
607401948630482943,0.0155076,0
607401948764700671,0.0173203,0
607401948898918399,0.0210048,0
607401950241095679,0.0130731,0
607401950375313407,0.0143016,0
607401950509531135,0.0145891,0
607401950643748863,0.0162242,0
607401950777966591,0.0117958,0
607401950912184319,0.0111766,0
607401951046402047,0.0140932,0
607401951314837503,0.0125703,0
607401951583272959,0.0116404,0
607401951717490687,0.0126511,0
607401951851708415,0.016254,0
607401951985926143,0.013624,0
607401952120143871,0.0149087,0
607401952388579327,0.0179764,0
607401952522797055,0.025216,0
607401952657014783,0.017794,0
607401952791232511,0.0215149,0
607401952925450239,0.0159524,0
607401953059667967,0.0182536,0
607401953193885695,0.01694,0
607401960038989823,0.0167413,0
607401960441643007,0.0195555,0
607401960575860735,0.0202567,0
607403208666513407,0.100867,0
607403208800731135,0.101803,0
607403208934948863,0.116642,0
607403209069166591,0.0935052,0
607403209203384319,0.0982797,0
607403209337602047,0.11322,0
607403209471819775,0.128249,0
607403209740255231,0.0925048,0
607403209874472959,0.0769876,0
607403210008690687,0.10019,0
607403210142908415,0.0907036,0
607403210277126143,0.100053,0
607403210411343871,0.0851028,0
607403210545561599,0.105699,0
607403210813997055,0.114027,0
607403210948214783,0.0864909,0
607403211350867967,0.08908,0
607403211485085695,0.090163,0
607403211887738879,0.0922811,0
607403212021956607,0.0911117,0
607403212156174335,0.067123,0
607403212290392063,0.0883533,0
607403212424609791,0.093661,0
607403212558827519,0.0933859,0
607403212693045247,0.0867794,0
607403212961480703,0.115507,0
607403213095698431,0.0977517,0
607403213229916159,0.101388,0
607403213364133887,0.107998,0
607403213498351615,0.0963594,0
607403213632569343,0.107362,0
607403213766787071,0.120955,0
607403214035222527,0.0911133,0
607403214169440255,0.100601,0
607403214303657983,0.112921,0
607403214437875711,0.112237,0
607403214572093439,0.0946169,0
607403214706311167,0.0897393,0
607403214840528895,0.123328,0
607403215108964351,0.101565,0
607403215243182079,0.108302,0
607403215377399807,0.0894381,0
607403215511617535,0.0899836,0
607403215645835263,0.108647,0
607403215780052991,0.109433,0
607403215914270719,0.0922182,0
607403217256447999,0.044395,0
607403217390665727,0.037632,0
607403217524883455,0.0530295,0
607403217659101183,0.0412628,0
607403217793318911,0.051926,0
607403217927536639,0.0452194,0
607403218061754367,0.0611924,0
607403218330189823,0.0355085,0
607403218464407551,0.0489885,0
607403218598625279,0.0409652,0
607403218732843007,0.0453123,0
607403218867060735,0.0346105,0
607403219001278463,0.0484643,0
607403219135496191,0.0347632,0
607403219403931647,0.0456928,0
607403219538149375,0.0392998,0
607403219672367103,0.0329321,0
607403219806584831,0.0334511,0
607403219940802559,0.0490136,0
607403220075020287,0.0445825,0
607403220209238015,0.048885,0
607403220477673471,0.0359216,0
607403220611891199,0.0393513,0
607403220746108927,0.0416565,0
607403220880326655,0.0437032,0
607403221014544383,0.0412484,0
607403221148762111,0.042779,0
607403221282979839,0.0467539,0
607403221551415295,0.0572251,0
607403221685633023,0.0453493,0
607403221819850751,0.0563667,0
607403221954068479,0.0546633,0
607403222088286207,0.0610573,0
607403222222503935,0.0454779,0
607403222356721663,0.0722999,0
607403222625157119,0.0469315,0
607403222759374847,0.0305959,0
607403222893592575,0.0441615,0
607403223027810303,0.0432063,0
607403223162028031,0.0512114,0
607403223296245759,0.0511026,0
607403223430463487,0.0547672,0
607403223698898943,0.056009,0
607403223833116671,0.0560451,0
607403223967334399,0.0599808,0
607403224101552127,0.0532132,0
607403224235769855,0.0659523,0
607403224369987583,0.0547844,0
607403224504205311,0.0733978,0
607403236181147647,0.0383122,0
607403239805026303,0.0453833,0
607403239939244031,0.0403676,0
607403240341897215,0.0696747,0
607403240476114943,0.0543065,0
607403240610332671,0.0710745,0
607403243026251775,0.109307,0
607403243160469503,0.113997,0
607403243294687231,0.110447,0
607403243428904959,0.120123,0
607403243563122687,0.137215,0
607403243697340415,0.103792,0
607403243831558143,0.106865,0
607403244099993599,0.0887691,0
607403244234211327,0.0915401,0
607403244368429055,0.0946766,0
607403244502646783,0.0839232,0
607403244636864511,0.0961002,0
607403244771082239,0.0960268,0
607403244905299967,0.101143,0
607403245173735423,0.127803,0
607403245307953151,0.194358,0
607403245442170879,0.104334,0
607403245576388607,0.117536,0
607403245710606335,0.122685,0
607403245844824063,0.111925,0
607403245979041791,0.132847,0
607403246247477247,0.0789741,0
607403246381694975,0.0978038,0
607403246515912703,0.0970779,0
607403246650130431,0.0959743,0
607403246784348159,0.103909,0
607403246918565887,0.114109,0
607403247052783615,0.110003,0
607403247321219071,0.104844,0
607403247455436799,0.100329,0
607403247589654527,0.098245,0
607403247723872255,0.106874,0
607403247858089983,0.0954046,0
607403247992307711,0.0869385,0
607403248126525439,0.0852632,0
607403248394960895,0.109538,0
607403248529178623,0.0941849,0
607403248663396351,0.0854138,0
607403248797614079,0.0989405,0
607403248931831807,0.0841916,0
607403249066049535,0.098019,0
607403249200267263,0.0925546,0
607403249468702719,0.0773203,0
607403249602920447,0.0991334,0
607403249737138175,0.117675,0
607403249871355903,0.10264,0
607403250005573631,0.0940627,0
607403250139791359,0.0951642,0
607403250274009087,0.0865384,0
607403251616186367,0.0911788,0
607403251750404095,0.0707482,0
607403251884621823,0.0889077,0
607403252018839551,0.0802491,0
607403252153057279,0.0885592,0
607403252287275007,0.0886634,0
607403252421492735,0.0892311,0
607403252689928191,0.058454,0
607403252824145919,0.046894,0
607403252958363647,0.0569254,0
607403253092581375,0.0434728,0
607403253226799103,0.0545758,0
607403253361016831,0.0419658,0
607403253495234559,0.0686538,0
607403253763670015,0.0827077,0
607403253897887743,0.0748085,0
607403254032105471,0.0895113,0
607403254166323199,0.0808972,0
607403254300540927,0.0771372,0
607403254434758655,0.0688468,0
607403254568976383,0.118416,0
607403254837411839,0.0585858,0
607403254971629567,0.0501439,0
607403255105847295,0.0553611,0
607403255240065023,0.0436469,0
607403255374282751,0.0729382,0
607403255508500479,0.0547769,0
607403255642718207,0.0786736,0
607403255911153663,0.0928659,0
607403256045371391,0.110101,0
607403256179589119,0.0890104,0
607403256313806847,0.09324,0
607403256448024575,0.0943517,0
607403256582242303,0.0749323,0
607403256716460031,0.101344,0
607403256984895487,0.0722244,0
607403257119113215,0.0722047,0
607403257253330943,0.0811495,0
607403257387548671,0.0803703,0
607403257521766399,0.065498,0
607403257655984127,0.0696399,0
607403257790201855,0.0728193,0
607403258058637311,0.0918798,0
607403258192855039,0.0942488,0
607403258327072767,0.0934288,0
607403258461290495,0.0879829,0
607403258595508223,0.0940574,0
607403258729725951,0.116848,0
607403258863943679,0.0982163,0
607403260206120959,0.122132,0
607403260340338687,0.123327,0
607403260608774143,0.0963187,0
607403260742991871,0.100594,0
607403260877209599,0.0989398,0
607403261011427327,0.0839827,0
607403261279862783,0.111069,0
607403261414080511,0.108737,0
607403261548298239,0.114575,0
607403261682515967,0.107718,0
607403261816733695,0.114574,0
607403261950951423,0.119154,0
607403262085169151,0.10264,0
607403263964217343,0.100697,0
607403264098435071,0.108986,0
607403264501088255,0.0778211,0
607403264635305983,0.0983089,0
607403264769523711,0.0766497,0
607403264903741439,0.0931804,0
607403265037959167,0.0821607,0
607403265172176895,0.0917179,0
607403265306394623,0.0844055,0
607403265574830079,0.105897,0
607403265709047807,0.0897596,0
607403265843265535,0.083176,0
607403265977483263,0.0931091,0
607403266111700991,0.0996985,0
607403266245918719,0.10474,0
607403266380136447,0.0954247,0
607403267185442815,0.0829074,0
607403267319660543,0.0821349,0
607403277385990143,0.0329619,0
607403277520207871,0.0249761,0
607403277654425599,0.0357232,0
607403277788643327,0.0343867,0
607403277922861055,0.0270397,0
607403278057078783,0.0350552,0
607403278191296511,0.0363984,0
607403278459731967,0.0241503,0
607403278593949695,0.028807,0
607403278728167423,0.0324058,0
607403278862385151,0.0242562,0
607403278996602879,0.0354054,0
607403279130820607,0.0313068,0
607403279265038335,0.0263415,0
607403279533473791,0.035353,0
607403279667691519,0.0389037,0
607403279801909247,0.0385946,0
607403279936126975,0.0365168,0
607403280070344703,0.0307772,0
607403280204562431,0.0338115,0
607403280338780159,0.0319665,0
607403280607215615,0.0340012,0
607403280741433343,0.0311949,0
607403280875651071,0.0358855,0
607403281009868799,0.0336537,0
607403281144086527,0.0357862,0
607403281278304255,0.0419288,0
607403281412521983,0.0351726,0
607403281680957439,0.0281439,0
607403281815175167,0.0265639,0
607403281949392895,0.0296753,0
607403282083610623,0.0342982,0
607403282217828351,0.0280339,0
607403282352046079,0.0300018,0
607403282486263807,0.0264103,0
607403282754699263,0.0310391,0
607403282888916991,0.0385534,0
607403283023134719,0.0289932,0
607403283157352447,0.0334088,0
607403283291570175,0.0302182,0
607403283425787903,0.0332046,0
607403283560005631,0.0290613,0
607403283828441087,0.0308693,0
607403283962658815,0.0278333,0
607403284096876543,0.0372016,0
607403284231094271,0.0291651,0
607403284365311999,0.0315161,0
607403284499529727,0.035468,0
607403284633747455,0.0282208,0
607403285975924735,0.0189073,0
607403286110142463,0.0189576,0
607403286244360191,0.017951,0
607403286378577919,0.0172604,0
607403286512795647,0.0164772,0
607403286647013375,0.0167258,0
607403286781231103,0.0242172,0
607403287049666559,0.0209521,0
607403287183884287,0.016722,0
607403287318102015,0.0242355,0
607403287452319743,0.0181976,0
607403287586537471,0.0191949,0
607403287720755199,0.0168557,0
607403287854972927,0.0204573,0
607403288123408383,0.0209482,0
607403288257626111,0.0272101,0
607403288391843839,0.0196575,0
607403288526061567,0.0241455,0
607403288660279295,0.0275402,0
607403288794497023,0.021136,0
607403288928714751,0.0254901,0
607403289197150207,0.0194711,0
607403289331367935,0.0239356,0
607403289465585663,0.0283971,0
607403289599803391,0.0340828,0
607403289734021119,0.0228277,0
607403289868238847,0.0180415,0
607403290002456575,0.0277682,0
607403290270892031,0.0208449,0
607403290405109759,0.020743,0
607403290539327487,0.0220404,0
607403290673545215,0.0224748,0
607403290807762943,0.0303804,0
607403290941980671,0.0229255,0
607403291076198399,0.0292957,0
607403291344633855,0.017983,0
607403291478851583,0.0206026,0
607403291613069311,0.0173736,0
607403291747287039,0.0206919,0
607403291881504767,0.0198224,0
607403292015722495,0.0202564,0
607403292149940223,0.022251,0
607403292418375679,0.0233239,0
607403292552593407,0.0241422,0
607403292686811135,0.0326337,0
607403292821028863,0.0300199,0
607403292955246591,0.0305429,0
607403293089464319,0.0283021,0
607403293223682047,0.0336705,0
607403294565859327,0.0421832,0
607403294700077055,0.0342175,0
607403294834294783,0.0387076,0
607403294968512511,0.0341466,0
607403295102730239,0.0373672,0
607403295236947967,0.0344133,0
607403295371165695,0.0379197,0
607403295639601151,0.0406072,0
607403295773818879,0.0356556,0
607403295908036607,0.0413459,0
607403296042254335,0.0334873,0
607403296176472063,0.0396288,0
607403296310689791,0.043703,0
607403296444907519,0.0432191,0
607403296713342975,0.0365868,0
607403296847560703,0.0434506,0
607403296981778431,0.042819,0
607403297115996159,0.0388137,0
607403297250213887,0.0407481,0
607403297384431615,0.0373476,0
607403297518649343,0.03799,0
607403297787084799,0.0442998,0
607403297921302527,0.0437961,0
607403298055520255,0.0355777,0
607403298189737983,0.04178,0
607403298323955711,0.0396193,0
607403298458173439,0.0416317,0
607403298592391167,0.0391027,0
607403298860826623,0.0415763,0
607403298995044351,0.0330545,0
607403299129262079,0.037788,0
607403299263479807,0.0330852,0
607403299397697535,0.0429599,0
607403299531915263,0.0376384,0
607403299666132991,0.0513681,0
607403299934568447,0.0375454,0
607403300068786175,0.0345764,0
607403300203003903,0.0380436,0
607403300337221631,0.0337491,0
607403300471439359,0.0357577,0
607403300605657087,0.0396853,0
607403300739874815,0.0377264,0
607403301008310271,0.0454003,0
607403301142527999,0.0397781,0
607403301276745727,0.0514184,0
607403301410963455,0.0380744,0
607403301545181183,0.0394735,0
607403301679398911,0.034281,0
607403301813616639,0.0445128,0
607403303155793919,0.0302149,0
607403303290011647,0.0246092,0
607403303424229375,0.0294303,0
607403303558447103,0.0242217,0
607403303692664831,0.0281997,0
607403303826882559,0.0309854,0
607403303961100287,0.0362632,0
607403304229535743,0.026562,0
607403304363753471,0.0281343,0
607403304497971199,0.0263335,0
607403304632188927,0.0287403,0
607403304766406655,0.0223853,0
607403304900624383,0.0230621,0
607403305034842111,0.0262071,0
607403305303277567,0.0301367,0
607403305437495295,0.0302451,0
607403305571713023,0.0298538,0
607403305705930751,0.0304124,0
607403305840148479,0.0286673,0
607403305974366207,0.0307255,0
607403306108583935,0.0289044,0
607403306377019391,0.0300734,0
607403306511237119,0.0267371,0
607403306645454847,0.0328598,0
607403306779672575,0.033778,0
607403306913890303,0.0249839,0
607403307048108031,0.0278167,0
607403307182325759,0.0262143,0
607403307450761215,0.0384103,0
607403307584978943,0.0377396,0
607403307719196671,0.0396595,0
607403307853414399,0.0321847,0
607403307987632127,0.0389819,0
607403308121849855,0.0323715,0
607403308256067583,0.0346388,0
607403308524503039,0.0332396,0
607403308658720767,0.0246032,0
607403308792938495,0.0272743,0
607403308927156223,0.0255331,0
607403309061373951,0.0303574,0
607403309195591679,0.0284324,0
607403309329809407,0.0368783,0
607403309598244863,0.0414338,0
607403309732462591,0.032239,0
607403309866680319,0.0417071,0
607403310000898047,0.0334825,0
607403310135115775,0.0405018,0
607403310269333503,0.0336484,0
607403310403551231,0.041711,0
607403311745728511,0.0383787,0
607403311879946239,0.0361537,0
607403312014163967,0.0252568,0
607403312148381695,0.0313608,0
607403312282599423,0.0281876,0
607403312416817151,0.0390319,0
607403312551034879,0.032351,0
607403312819470335,0.0333325,0
607403312953688063,0.0379089,0
607403313087905791,0.0327585,0
607403313222123519,0.0330622,0
607403313356341247,0.0337393,0
607403313490558975,0.0322092,0
607403313624776703,0.0356694,0
607403313893212159,0.0339115,0
607403314027429887,0.0287943,0
607403314161647615,0.0326543,0
607403314295865343,0.0293731,0
607403314430083071,0.0264504,0
607403314564300799,0.0329194,0
607403314698518527,0.0276423,0
607403314966953983,0.0257879,0
607403315101171711,0.0305884,0
607403315235389439,0.0298466,0
607403315369607167,0.028729,0
607403315503824895,0.0295046,0
607403315638042623,0.031627,0
607403315772260351,0.0303161,0
607403316040695807,0.0271661,0
607403316174913535,0.0344169,0
607403316309131263,0.0268676,0
607403316443348991,0.0309667,0
607403316577566719,0.0292015,0
607403316711784447,0.0242904,0
607403316846002175,0.0280532,0
607403317114437631,0.0315983,0
607403317248655359,0.0390333,0
607403317382873087,0.0321852,0
607403317517090815,0.0336886,0
607403317651308543,0.0386536,0
607403317785526271,0.0427398,0
607403317919743999,0.0316018,0
607403318188179455,0.0270583,0
607403318322397183,0.0279113,0
607403318456614911,0.0279851,0
607403318590832639,0.0273432,0
607403318725050367,0.0293713,0
607403318859268095,0.0262629,0
607403318993485823,0.0288751,0
607403320335663103,0.0373738,0
607403320469880831,0.0383212,0
607403320604098559,0.026926,0
607403320738316287,0.0401686,0
607403320872534015,0.0351807,0
607403321006751743,0.0452171,0
607403321140969471,0.0343601,0
607403321409404927,0.0321578,0
607403321543622655,0.0222713,0
607403321677840383,0.0259075,0
607403321812058111,0.0270074,0
607403321946275839,0.0315779,0
607403322080493567,0.0232068,0
607403322214711295,0.0292768,0
607403322483146751,0.0290679,0
607403322617364479,0.0280162,0
607403322751582207,0.0274189,0
607403322885799935,0.0281155,0
607403323020017663,0.0387919,0
607403323154235391,0.0293954,0
607403323288453119,0.03923,0
607403323556888575,0.0245176,0
607403323691106303,0.0251725,0
607403323825324031,0.0278915,0
607403323959541759,0.0253825,0
607403324093759487,0.0287692,0
607403324227977215,0.0256833,0
607403324362194943,0.0283086,0
607403324630630399,0.0339572,0
607403324764848127,0.0411704,0
607403324899065855,0.0342203,0
607403325033283583,0.0351478,0
607403325167501311,0.0385395,0
607403325301719039,0.0420625,0
607403325435936767,0.0338573,0
607403325704372223,0.0335725,0
607403325838589951,0.0325119,0
607403325972807679,0.0434124,0
607403326107025407,0.0411848,0
607403326241243135,0.0339465,0
607403326375460863,0.0378803,0
607403326509678591,0.0406023,0
607403326778114047,0.0324509,0
607403326912331775,0.0363093,0
607403327046549503,0.0286035,0
607403327180767231,0.0308475,0
607403327314984959,0.0317589,0
607403327449202687,0.036979,0
607403327583420415,0.0296425,0
607403328925597695,0.0312999,0
607403329059815423,0.0302053,0
607403329194033151,0.03147,0
607403329328250879,0.02821,0
607403329462468607,0.0268556,0
607403329596686335,0.0263239,0
607403329730904063,0.0270129,0
607403329999339519,0.0350991,0
607403330133557247,0.0326895,0
607403330267774975,0.0355561,0
607403330401992703,0.0344369,0
607403330536210431,0.0262861,0
607403330670428159,0.0306527,0
607403330804645887,0.0291084,0
607403331073081343,0.0390235,0
607403331207299071,0.0344514,0
607403331341516799,0.0369432,0
607403331475734527,0.0417857,0
607403331609952255,0.0327103,0
607403331744169983,0.0331734,0
607403331878387711,0.04662,0
607403332146823167,0.0366031,0
607403332281040895,0.0354988,0
607403332415258623,0.0400104,0
607403332549476351,0.0355262,0
607403332683694079,0.0375564,0
607403332817911807,0.0341159,0
607403332952129535,0.0324075,0
607403333220564991,0.034814,0
607403333354782719,0.0306043,0
607403333489000447,0.0390708,0
607403333623218175,0.0296233,0
607403333757435903,0.036748,0
607403333891653631,0.0395006,0
607403334025871359,0.0434882,0
607403334294306815,0.0275057,0
607403334428524543,0.0282216,0
607403334562742271,0.0258554,0
607403334696959999,0.0257324,0
607403334831177727,0.0271635,0
607403334965395455,0.0282255,0
607403335099613183,0.0298412,0
607403335368048639,0.0533381,0
607403335502266367,0.0341381,0
607403335636484095,0.0463304,0
607403335770701823,0.0562278,0
607403335904919551,0.047049,0
607403336039137279,0.0325867,0
607403336173355007,0.0487297,0
607403449721552895,0.0422015,0
607403449855770623,0.0426288,0
607403450258423807,0.0417844,0
607403450392641535,0.0422914,0
607403450661076991,0.0346288,0
607403450795294719,0.0388775,0
607403450929512447,0.0418288,0
607403451063730175,0.0354895,0
607403453479649279,0.0337181,0
607403453613867007,0.0379756,0
607403454016520191,0.0415805,0
607403454150737919,0.038941,0
607403454284955647,0.0404273,0
607403454553391103,0.0399995,0
607403454687608831,0.0409523,0
607403454821826559,0.0371037,0
607403454956044287,0.0417881,0
607403455090262015,0.0391205,0
607403455224479743,0.0406899,0
607403455358697471,0.0389883,0
607403457774616575,0.0393515,0
607403457908834303,0.02946,0
607403458043052031,0.0409292,0
607403458177269759,0.0295784,0
607403458311487487,0.0462323,0
607403458445705215,0.0396305,0
607403458579922943,0.0557328,0
607403458848358399,0.0404986,0
607403458982576127,0.0331261,0
607403459116793855,0.0349301,0
607403459251011583,0.0330735,0
607403459385229311,0.0301545,0
607403459519447039,0.0317441,0
607403459653664767,0.0330094,0
607403460995842047,0.0346916,0
607403461130059775,0.036672,0
607403461532712959,0.0333478,0
607403461666930687,0.0361897,0
607403462069583871,0.0407651,0
607403462203801599,0.0492068,0
607403462338019327,0.0417113,0
607403462472237055,0.0485137,0
607403462606454783,0.0397972,0
607403462740672511,0.0396849,0
607403462874890239,0.0338865,0
607403463143325695,0.0394397,0
607403463277543423,0.0308141,0
607403463411761151,0.0405341,0
607403463545978879,0.0411569,0
607403463680196607,0.0417624,0
607403463814414335,0.0349731,0
607403463948632063,0.0413815,0
607403464351285247,0.038532,0
607403464753938431,0.040595,0
607403464888156159,0.0409405,0
607403483544420351,0.0619981,0
607403483678638079,0.0686731,0
607403483812855807,0.0804098,0
607403483947073535,0.0694949,0
607403484081291263,0.0691361,0
607403484215508991,0.0563436,0
607403484349726719,0.0810026,0
607403484618162175,0.0808639,0
607403484752379903,0.0793432,0
607403484886597631,0.0708151,0
607403485020815359,0.218833,0
607403485155033087,0.0720308,0
607403485289250815,0.102252,0
607403485423468543,0.0766242,0
607403485691903999,0.0658702,0
607403485826121727,0.0707098,0
607403485960339455,0.0683075,0
607403486094557183,0.0726134,0
607403486228774911,0.082283,0
607403486362992639,0.0680638,0
607403486497210367,0.0844056,0
607403486765645823,0.0858404,0
607403486899863551,0.0874775,0
607403487034081279,0.0854609,0
607403487168299007,0.0811207,0
607403487302516735,0.086565,0
607403487436734463,0.109951,0
607403487570952191,0.0765017,0
607403487839387647,0.0742899,0
607403487973605375,0.0869979,0
607403488107823103,0.0822824,0
607403488242040831,0.0861217,0
607403488376258559,0.0570704,0
607403488510476287,0.0792683,0
607403488644694015,0.0577118,0
607403488913129471,0.055946,0
607403489047347199,0.0576168,0
607403489181564927,0.0595597,0
607403489315782655,0.0536868,0
607403489450000383,0.0691961,0
607403489584218111,0.0595133,0
607403489718435839,0.0740124,0
607403489986871295,0.081276,0
607403490121089023,0.0849555,0
607403490255306751,0.0705592,0
607403490389524479,0.0891417,0
607403490523742207,0.0804851,0
607403490657959935,0.081373,0
607403490792177663,0.068667,0
607403492134354943,0.0711245,0
607403492268572671,0.078965,0
607403492402790399,0.0943382,0
607403492537008127,0.0657644,0
607403492671225855,0.085524,0
607403492805443583,0.0763404,0
607403492939661311,0.0787923,0
607403493208096767,0.0990299,0
607403493342314495,0.0926976,0
607403493476532223,0.0881975,0
607403493610749951,0.0684028,0
607403493744967679,0.0771834,0
607403493879185407,0.0948144,0
607403494013403135,0.0591357,0
607403494281838591,0.0856584,0
607403494416056319,0.0959929,0
607403494550274047,0.106292,0
607403494684491775,0.0804116,0
607403494818709503,0.104117,0
607403494952927231,0.0964653,0
607403495087144959,0.107024,0
607403495355580415,0.0842288,0
607403495489798143,0.08723,0
607403495624015871,0.0946913,0
607403495758233599,0.0927111,0
607403495892451327,0.068545,0
607403496026669055,0.0920171,0
607403496160886783,0.0840536,0
607403496429322239,0.0620597,0
607403496563539967,0.078151,0
607403496697757695,0.0658736,0
607403496831975423,0.085465,0
607403496966193151,0.06575,0
607403497100410879,0.0659139,0
607403497234628607,0.0714636,0
607403497503064063,0.0668332,0
607403497637281791,0.0647594,0
607403497771499519,0.0701719,0
607403497905717247,0.0731333,0
607403498039934975,0.0703613,0
607403498174152703,0.0664317,0
607403498308370431,0.0863709,0
607403498576805887,0.065779,0
607403498711023615,0.0913989,0
607403498845241343,0.0697348,0
607403498979459071,0.105757,0
607403499113676799,0.0666852,0
607403499247894527,0.0776022,0
607403499382112255,0.0752995,0
607403500724289535,0.0870083,0
607403500858507263,0.0884856,0
607403500992724991,0.0942038,0
607403501126942719,0.0835159,0
607403501261160447,0.0839651,0
607403501395378175,0.0874797,0
607403501529595903,0.0752001,0
607403501798031359,0.0765065,0
607403501932249087,0.0830856,0
607403502066466815,0.0794581,0
607403502200684543,0.0921401,0
607403502334902271,0.0746168,0
607403502469119999,0.0663824,0
607403502603337727,0.095847,0
607403502871773183,0.0929493,0
607403503005990911,0.0822787,0
607403503140208639,0.0924864,0
607403503274426367,0.0908016,0
607403503408644095,0.0927958,0
607403503542861823,0.095169,0
607403503677079551,0.0927927,0
607403503945515007,0.0946519,0
607403504079732735,0.0983257,0
607403504213950463,0.0868551,0
607403504348168191,0.102598,0
607403504482385919,0.0790397,0
607403504616603647,0.10035,0
607403504750821375,0.0822916,0
607403505019256831,0.071879,0
607403505153474559,0.0896088,0
607403505287692287,0.0650064,0
607403505421910015,0.0733513,0
607403505556127743,0.0647367,0
607403505690345471,0.0738514,0
607403505824563199,0.0675995,0
607403506092998655,0.0739995,0
607403506227216383,0.0889897,0
607403506361434111,0.0797862,0
607403506495651839,0.0885923,0
607403506629869567,0.076621,0
607403506764087295,0.0919169,0
607403506898305023,0.0952441,0
607403507166740479,0.0699032,0
607403507300958207,0.0910275,0
607403507435175935,0.0706761,0
607403507569393663,0.0870094,0
607403507703611391,0.0625316,0
607403507837829119,0.0704012,0
607403507972046847,0.0626149,0
607403509314224127,0.0812842,0
607403509448441855,0.0966534,0
607403509582659583,0.0803283,0
607403509716877311,0.0891151,0
607403509851095039,0.0873148,0
607403509985312767,0.0851915,0
607403510119530495,0.100466,0
607403510387965951,0.0811906,0
607403510522183679,0.089574,0
607403510656401407,0.106169,0
607403510790619135,0.0815926,0
607403510924836863,0.108929,0
607403511059054591,0.0777397,0
607403511193272319,0.101821,0
607403511461707775,0.0881731,0
607403511595925503,0.0841641,0
607403511730143231,0.10215,0
607403511864360959,0.0907917,0
607403511998578687,0.0911229,0
607403512132796415,0.086902,0
607403512267014143,0.09523,0
607403512535449599,0.0799891,0
607403512669667327,0.0938129,0
607403512803885055,0.0823831,0
607403512938102783,0.0899403,0
607403513072320511,0.0868356,0
607403513206538239,0.0871426,0
607403513340755967,0.0977097,0
607403513609191423,0.0761265,0
607403513743409151,0.0878419,0
607403513877626879,0.0858831,0
607403514011844607,0.0898018,0
607403514146062335,0.0825469,0
607403514280280063,0.0901291,0
607403514414497791,0.0841349,0
607403514682933247,0.0667499,0
607403514817150975,0.109871,0
607403514951368703,0.0773053,0
607403515085586431,0.100334,0
607403515219804159,0.071068,0
607403515354021887,0.104812,0
607403515488239615,0.0854955,0
607403515756675071,0.0919237,0
607403515890892799,0.0948884,0
607403516025110527,0.0887343,0
607403516159328255,0.0979853,0
607403516293545983,0.0912613,0
607403516427763711,0.0941722,0
607403516561981439,0.0996544,0
607403517904158719,0.0573781,0
607403518038376447,0.0512996,0
607403518172594175,0.051854,0
607403518306811903,0.0457265,0
607403518441029631,0.0451035,0
607403518575247359,0.0501836,0
607403518709465087,0.0420038,0
607403518977900543,0.0613965,0
607403519112118271,0.0560257,0
607403519246335999,0.0565745,0
607403519380553727,0.0599357,0
607403519514771455,0.0580345,0
607403519648989183,0.0669382,0
607403519783206911,0.0536311,0
607403520051642367,0.0504808,0
607403520185860095,0.0529947,0
607403520320077823,0.0518378,0
607403520454295551,0.0569446,0
607403520588513279,0.0450295,0
607403520722731007,0.0485126,0
607403520856948735,0.0489424,0
607403521125384191,0.0565282,0
607403521259601919,0.0587171,0
607403521393819647,0.0655049,0
607403521528037375,0.0616811,0
607403521662255103,0.0517046,0
607403521796472831,0.0497637,0
607403521930690559,0.0544257,0
607403522199126015,0.0374487,0
607403522333343743,0.0406833,0
607403522467561471,0.0404068,0
607403522601779199,0.0868346,0
607403522735996927,0.0444412,0
607403522870214655,0.0357328,0
607403523004432383,0.0391709,0
607403523272867839,0.0450795,0
607403523407085567,0.0462745,0
607403523541303295,0.0479529,0
607403523675521023,0.0475636,0
607403523809738751,0.0323334,0
607403523943956479,0.041463,0
607403524078174207,0.040764,0
607403524346609663,0.0860256,0
607403524480827391,0.0421838,0
607403524615045119,0.0355381,0
607403524749262847,0.0451508,0
607403524883480575,0.0403524,0
607403525017698303,0.082464,0
607403525151916031,0.0452837,0
607403526494093311,0.0810467,0
607403526628311039,0.0635062,0
607403526762528767,0.0684112,0
607403526896746495,0.0648608,0
607403527030964223,0.0763069,0
607403527165181951,0.0704844,0
607403527299399679,0.058745,0
607403527567835135,0.0618236,0
607403527702052863,0.0807575,0
607403527836270591,0.0698257,0
607403527970488319,0.0665688,0
607403528104706047,0.0662493,0
607403528238923775,0.0607933,0
607403528373141503,0.0723937,0
607403528641576959,0.070014,0
607403528775794687,0.0721628,0
607403528910012415,0.0697189,0
607403529044230143,0.0743382,0
607403529178447871,0.0670257,0
607403529312665599,0.0699664,0
607403529446883327,0.0654383,0
607403529715318783,0.0604037,0
607403529849536511,0.0712221,0
607403529983754239,0.067234,0
607403530117971967,0.0701007,0
607403530252189695,0.0663884,0
607403530386407423,0.0691184,0
607403530520625151,0.0619598,0
607403530789060607,0.0650458,0
607403530923278335,0.0667363,0
607403531057496063,0.0690034,0
607403531191713791,0.0609591,0
607403531325931519,0.0503622,0
607403531460149247,0.0471343,0
607403531594366975,0.0618808,0
607403531862802431,0.0624864,0
607403531997020159,0.0607074,0
607403532131237887,0.0800592,0
607403532265455615,0.0643998,0
607403532399673343,0.0529728,0
607403532533891071,0.067514,0
607403532668108799,0.0544119,0
607403532936544255,0.0621473,0
607403533070761983,0.0563583,0
607403533204979711,0.062116,0
607403533339197439,0.0611942,0
607403533473415167,0.0578821,0
607403533607632895,0.0639974,0
607403533741850623,0.0590107,0
607403535084027903,0.0534612,0
607403535218245631,0.0651023,0
607403535352463359,0.0538189,0
607403535486681087,0.0645984,0
607403535620898815,0.0537671,0
607403535755116543,0.0635232,0
607403535889334271,0.0495696,0
607403536157769727,0.0551357,0
607403536291987455,0.0692308,0
607403536426205183,0.0607029,0
607403536560422911,0.0694256,0
607403536694640639,0.0501649,0
607403536828858367,0.0553776,0
607403536963076095,0.0536751,0
607403537231511551,0.0696665,0
607403537365729279,0.057492,0
607403537499947007,0.0614896,0
607403537634164735,0.0622702,0
607403537768382463,0.0532523,0
607403537902600191,0.0579249,0
607403538036817919,0.0501348,0
607403538305253375,0.0609231,0
607403538439471103,0.0736939,0
607403538573688831,0.0567637,0
607403538707906559,0.0706228,0
607403538842124287,0.0596558,0
607403538976342015,0.0693097,0
607403539110559743,0.0601383,0
607403539378995199,0.0456607,0
607403539513212927,0.047814,0
607403539647430655,0.0421491,0
607403539781648383,0.0466108,0
607403539915866111,0.0519963,0
607403540050083839,0.0453056,0
607403540184301567,0.0506976,0
607403540452737023,0.0467668,0
607403540586954751,0.0535305,0
607403540721172479,0.0517497,0
607403540855390207,0.0544226,0
607403540989607935,0.0391655,0
607403541123825663,0.0405949,0
607403541258043391,0.0453058,0
607403541526478847,0.0464967,0
607403541660696575,0.0462566,0
607403541794914303,0.0446347,0
607403541929132031,0.0451485,0
607403542063349759,0.0428029,0
607403542197567487,0.0452067,0
607403542331785215,0.0449917,0
607403552263897087,0.0682935,0
607403552398114815,0.078109,0
607403552532332543,0.0843123,0
607403552666550271,0.0793583,0
607403552800767999,0.0768942,0
607403552934985727,0.0717543,0
607403553069203455,0.087952,0
607403553337638911,0.0627086,0
607403553471856639,0.0682567,0
607403553606074367,0.0698211,0
607403553740292095,0.0679782,0
607403553874509823,0.0608553,0
607403554008727551,0.0599804,0
607403554142945279,0.0693227,0
607403554411380735,0.0741172,0
607403554545598463,0.0897485,0
607403554679816191,0.0792666,0
607403554814033919,0.07425,0
607403554948251647,0.074217,0
607403555082469375,0.0821693,0
607403555216687103,0.0817734,0
607403555485122559,0.065863,0
607403555619340287,0.100638,0
607403555753558015,0.074055,0
607403555887775743,0.0929128,0
607403556021993471,0.0754056,0
607403556156211199,0.0699676,0
607403556290428927,0.0892464,0
607403556558864383,0.0698007,0
607403556693082111,0.0579965,0
607403556827299839,0.0760974,0
607403556961517567,0.0561898,0
607403557095735295,0.0825315,0
607403557229953023,0.0706703,0
607403557364170751,0.0868932,0
607403557632606207,0.0677042,0
607403557766823935,0.0569046,0
607403557901041663,0.0605337,0
607403558035259391,0.0636419,0
607403558169477119,0.0743304,0
607403558303694847,0.0669541,0
607403558437912575,0.0619842,0
607403558706348031,0.0809506,0
607403558840565759,0.0694336,0
607403558974783487,0.0820417,0
607403559109001215,0.0634313,0
607403559243218943,0.084953,0
607403559377436671,0.0844422,0
607403559511654399,0.102059,0
607403560853831679,0.0385472,0
607403560988049407,0.0478867,0
607403561122267135,0.0428204,0
607403561256484863,0.0516563,0
607403561390702591,0.0415504,0
607403561524920319,0.0441657,0
607403561659138047,0.0408952,0
607403561927573503,0.0403929,0
607403562061791231,0.0444171,0
607403562196008959,0.043535,0
607403562330226687,0.0460436,0
607403562464444415,0.0392927,0
607403562598662143,0.0401395,0
607403562732879871,0.0445767,0
607403563001315327,0.0479085,0
607403563135533055,0.0368238,0
607403563269750783,0.0430669,0
607403563403968511,0.0416162,0
607403563538186239,0.0428682,0
607403563672403967,0.0482855,0
607403563806621695,0.0424038,0
607403564075057151,0.0349745,0
607403564209274879,0.0393121,0
607403564343492607,0.0355268,0
607403564477710335,0.0289215,0
607403564611928063,0.0495209,0
607403564746145791,0.0443703,0
607403564880363519,0.0438995,0
607403565148798975,0.0535461,0
607403565283016703,0.0484332,0
607403565417234431,0.054045,0
607403565551452159,0.0424352,0
607403565685669887,0.0577515,0
607403565819887615,0.0581007,0
607403565954105343,0.0628871,0
607403566222540799,0.0429176,0
607403566356758527,0.044845,0
607403566490976255,0.044544,0
607403566625193983,0.045144,0
607403566759411711,0.0467425,0
607403566893629439,0.051047,0
607403567027847167,0.0478064,0
607403567296282623,0.0561192,0
607403567430500351,0.0452748,0
607403567564718079,0.067373,0
607403567698935807,0.0541581,0
607403567833153535,0.0639772,0
607403567967371263,0.0516277,0
607403568101588991,0.0956808,0
607403569443766271,0.069562,0
607403569577983999,0.0853809,0
607403569712201727,0.0614033,0
607403569846419455,0.0685887,0
607403569980637183,0.0818383,0
607403570114854911,0.067018,0
607403570249072639,0.087578,0
607403570517508095,0.0759806,0
607403570651725823,0.0753051,0
607403570785943551,0.0653964,0
607403570920161279,0.0746575,0
607403571054379007,0.0790886,0
607403571188596735,0.0744895,0
607403571322814463,0.12215,0
607403571591249919,0.0747025,0
607403571725467647,0.0878431,0
607403571859685375,0.0771094,0
607403571993903103,0.114167,0
607403572128120831,0.0810281,0
607403572262338559,0.0670547,0
607403572396556287,0.0842593,0
607403572664991743,0.0665613,0
607403572799209471,0.0686504,0
607403572933427199,0.0768666,0
607403573067644927,0.0736944,0
607403573201862655,0.0678399,0
607403573336080383,0.0690766,0
607403573470298111,0.0873197,0
607403573738733567,0.0805604,0
607403573872951295,0.10384,0
607403574007169023,0.0738527,0
607403574141386751,0.0998801,0
607403574275604479,0.103882,0
607403574409822207,0.0828179,0
607403574544039935,0.0796343,0
607403574812475391,0.0745394,0
607403574946693119,0.0774918,0
607403575080910847,0.0824498,0
607403575215128575,0.115617,0
607403575349346303,0.0807813,0
607403575483564031,0.0639427,0
607403575617781759,0.0867364,0
607403575886217215,0.0840413,0
607403576020434943,0.085918,0
607403576154652671,0.0881401,0
607403576288870399,0.095623,0
607403576423088127,0.082879,0
607403576557305855,0.0890469,0
607403576691523583,0.113038,0
607403578033700863,0.0633718,0
607403578167918591,0.0399316,0
607403578302136319,0.0563915,0
607403578436354047,0.0405477,0
607403578570571775,0.0716843,0
607403578704789503,0.0547572,0
607403578839007231,0.0689342,0
607403579107442687,0.0440531,0
607403579241660415,0.0350278,0
607403579375878143,0.0372242,0
607403579510095871,0.034038,0
607403579644313599,0.0363107,0
607403579778531327,0.0376057,0
607403579912749055,0.0370441,0
607403580181184511,0.0495938,0
607403580315402239,0.0361647,0
607403580449619967,0.0535319,0
607403580583837695,0.0417023,0
607403580718055423,0.06146,0
607403580852273151,0.0470102,0
607403580986490879,0.0693826,0
607403581254926335,0.0422924,0
607403581389144063,0.0358417,0
607403581523361791,0.0337957,0
607403581657579519,0.0300816,0
607403581791797247,0.0416697,0
607403581926014975,0.042123,0
607403582060232703,0.0357514,0
607403582328668159,0.0711198,0
607403582462885887,0.0709666,0
607403582597103615,0.0738929,0
607403582731321343,0.0746936,0
607403582865539071,0.0649815,0
607403582999756799,0.0607157,0
607403583133974527,0.0742623,0
607403583402409983,0.0492887,0
607403583536627711,0.0422453,0
607403583670845439,0.0577266,0
607403583805063167,0.0390784,0
607403583939280895,0.066729,0
607403584073498623,0.0593335,0
607403584207716351,0.0689358,0
607403584476151807,0.0692844,0
607403584610369535,0.069432,0
607403584744587263,0.066541,0
607403584878804991,0.0686176,0
607403585013022719,0.0731033,0
607403585147240447,0.0726286,0
607403585281458175,0.067979,0
607403586623635455,0.0662002,0
607403586757853183,0.0727623,0
607403586892070911,0.0723012,0
607403587026288639,0.0788409,0
607403587160506367,0.0606739,0
607403587294724095,0.0593649,0
607403587428941823,0.0669793,0
607403587697377279,0.0665823,0
607403587831595007,0.0501259,0
607403587965812735,0.0708768,0
607403588100030463,0.0588792,0
607403588234248191,0.0616666,0
607403588368465919,0.054232,0
607403588502683647,0.0702932,0
607403588771119103,0.0815889,0
607403588905336831,0.0877053,0
607403589039554559,0.0788925,0
607403589173772287,0.088564,0
607403589307990015,0.0700663,0
607403589442207743,0.0774196,0
607403589576425471,0.0687783,0
607403589844860927,0.0886308,0
607403589979078655,0.0707364,0
607403590113296383,0.0964555,0
607403590247514111,0.0715069,0
607403590381731839,0.079309,0
607403590515949567,0.074827,0
607403590650167295,0.0974109,0
607403590918602751,0.0530382,0
607403591052820479,0.0706642,0
607403591187038207,0.047473,0
607403591321255935,0.0647432,0
607403591455473663,0.0495184,0
607403591589691391,0.053765,0
607403591723909119,0.0525256,0
607403591992344575,0.0747078,0
607403592126562303,0.073338,0
607403592260780031,0.0613913,0
607403592394997759,0.0612237,0
607403592529215487,0.0467535,0
607403592663433215,0.0660837,0
607403592797650943,0.0620025,0
607403593066086399,0.0552563,0
607403593200304127,0.0746868,0
607403593334521855,0.0582342,0
607403593468739583,0.0693859,0
607403593602957311,0.0567047,0
607403593737175039,0.0631069,0
607403593871392767,0.053131,0
607403595213570047,0.0688265,0
607403595347787775,0.0687587,0
607403595482005503,0.0652497,0
607403595616223231,0.0639954,0
607403595750440959,0.068051,0
607403595884658687,0.0630574,0
607403596018876415,0.068044,0
607403596287311871,0.0669374,0
607403596421529599,0.0632599,0
607403596555747327,0.0605182,0
607403596689965055,0.0625488,0
607403596824182783,0.0723769,0
607403596958400511,0.0612485,0
607403597092618239,0.0703607,0
607403597361053695,0.0621383,0
607403597495271423,0.0664747,0
607403597629489151,0.0576085,0
607403597763706879,0.0568001,0
607403597897924607,0.0703476,0
607403598032142335,0.0618064,0
607403598166360063,0.0759254,0
607403598434795519,0.0651026,0
607403598569013247,0.0535172,0
607403598703230975,0.0638246,0
607403598837448703,0.058555,0
607403598971666431,0.0677002,0
607403599105884159,0.0623963,0
607403599240101887,0.0698875,0
607403599508537343,0.0637532,0
607403599642755071,0.0669486,0
607403599776972799,0.059163,0
607403599911190527,0.0608862,0
607403600045408255,0.0620162,0
607403600179625983,0.0608244,0
607403600313843711,0.0615518,0
607403600582279167,0.062445,0
607403600716496895,0.0639089,0
607403600850714623,0.0659894,0
607403600984932351,0.0677855,0
607403601119150079,0.0650838,0
607403601253367807,0.0635319,0
607403601387585535,0.0670576,0
607403601656020991,0.0625735,0
607403601790238719,0.0635506,0
607403601924456447,0.0742625,0
607403602058674175,0.0648025,0
607403602192891903,0.0569819,0
607403602327109631,0.0588579,0
607403602461327359,0.062391,0
607403603803504639,0.0711154,0
607403603937722367,0.0783673,0
607403604071940095,0.0797035,0
607403604206157823,0.0762075,0
607403604340375551,0.0615469,0
607403604474593279,0.089173,0
607403604608811007,0.0588843,0
607403604877246463,0.0697358,0
607403605011464191,0.0966199,0
607403605145681919,0.0796076,0
607403605279899647,0.0992867,0
607403605414117375,0.0780063,0
607403605548335103,0.0840793,0
607403605682552831,0.0752985,0
607403605950988287,0.087349,0
607403606085206015,0.0819723,0
607403606219423743,0.0773976,0
607403606353641471,0.104359,0
607403606487859199,0.0705572,0
607403606622076927,0.0761317,0
607403606756294655,0.0616242,0
607403607024730111,0.0782542,0
607403607158947839,0.0825513,0
607403607293165567,0.101435,0
607403607427383295,0.0939363,0
607403607561601023,0.0895315,0
607403607695818751,0.100876,0
607403607830036479,0.0901654,0
607403608098471935,0.0570396,0
607403608232689663,0.0514588,0
607403608366907391,0.0638634,0
607403608501125119,0.0584539,0
607403608635342847,0.0614523,0
607403608769560575,0.0611006,0
607403608903778303,0.0688279,0
607403609172213759,0.0701109,0
607403609306431487,0.0874106,0
607403609440649215,0.0634695,0
607403609574866943,0.0847671,0
607403609709084671,0.0638662,0
607403609843302399,0.06589,0
607403609977520127,0.0546733,0
607403610245955583,0.0703135,0
607403610380173311,0.0586767,0
607403610514391039,0.0689899,0
607403610648608767,0.067859,0
607403610782826495,0.07867,0
607403610917044223,0.0650482,0
607403611051261951,0.0804843,0
607403660846039039,0.0872389,0
607403661248692223,0.0660328,0
607403661382909951,0.0870349,0
607403664604135423,0.113365,0
607403665006788607,0.106362,0
607403665141006335,0.093133,0
607403665543659519,0.0885186,0
607403665677877247,0.0876653,0
607403665812094975,0.103073,0
607403668228014079,0.0971232,0
607403668362231807,0.0983649,0
607403668764884991,0.0854505,0
607403668899102719,0.0948097,0
607403669301755903,0.0945464,0
607403669435973631,0.100546,0
607403669570191359,0.0923677,0
607403669704409087,0.10456,0
607403669838626815,0.0935039,0
607403669972844543,0.106279,0
607403670107062271,0.0880485,0
607403758422327295,0.00871437,0
607403758556545023,0.00894198,0
607403758690762751,0.00948273,0
607403758824980479,0.0093974,0
607403758959198207,0.00981822,0
607403759093415935,0.00902024,0
607403759227633663,0.00948273,0
607403759496069119,0.0139637,0
607403759630286847,0.0135657,0
607403759764504575,0.00911582,0
607403759898722303,0.0139637,0
607403760032940031,0.00894198,0
607403760167157759,0.00939726,0
607403760301375487,0.00894198,0
607403760569810943,0.0175492,0
607403760704028671,0.0187757,0
607403760838246399,0.022429,0
607403760972464127,0.0173408,0
607403761106681855,0.021806,0
607403761240899583,0.0211196,0
607403761375117311,0.0226498,0
607403761643552767,0.0136755,0
607403761777770495,0.0144486,0
607403761911988223,0.0240563,0
607403762046205951,0.0172147,0
607403762180423679,0.00862905,0
607403762314641407,0.00930299,0
607403762448859135,0.0161738,0
607403762717294591,0.0153585,0
607403762851512319,0.00911588,0
607403762985730047,0.0152851,0
607403763119947775,0.0153511,0
607403763254165503,0.0153511,0
607403763388383231,0.00943825,0
607403763522600959,0.0154336,0
607403763791036415,0.013704,0
607403763925254143,0.00918184,0
607403764059471871,0.00935573,0
607403764193689599,0.00950728,0
607403764327907327,0.00911588,0
607403764462125055,0.00925519,0
607403764596342783,0.0091984,0
607403764864778239,0.0155708,0
607403764998995967,0.010999,0
607403765133213695,0.0264762,0
607403765267431423,0.0166768,0
607403765401649151,0.015718,0
607403765535866879,0.0150156,0
607403765670084607,0.0167061,0
607403767012261887,0.0167344,0
607403767146479615,0.00994101,0
607403767280697343,0.0197712,0
607403767414915071,0.0079713,0
607403767549132799,0.0183502,0
607403767683350527,0.0125794,0
607403767817568255,0.0230642,0
607403768086003711,0.00767112,0
607403768220221439,0.00950141,0
607403768354439167,0.00778809,0
607403768488656895,0.00734105,0
607403768622874623,0.00779352,0
607403768757092351,0.00831582,0
607403768891310079,0.00778809,0
607403769159745535,0.0231091,0
607403769293963263,0.0128169,0
607403769428180991,0.0316046,0
607403769562398719,0.0217844,0
607403769696616447,0.0221892,0
607403769830834175,0.0165227,0
607403769965051903,0.024668,0
607403770233487359,0.00789812,0
607403770367705087,0.00810273,0
607403770501922815,0.0086937,0
607403770636140543,0.00756805,0
607403770770358271,0.0086937,0
607403770904575999,0.00756805,0
607403771038793727,0.0102827,0
607403771307229183,0.0184318,0
607403771441446911,0.0225208,0
607403771575664639,0.0143437,0
607403771709882367,0.0238239,0
607403771844100095,0.014505,0
607403771978317823,0.025022,0
607403772112535551,0.014134,0
607403772380971007,0.0110783,0
607403772515188735,0.00322168,0
607403772649406463,0.0140195,0
607403772783624191,0.0090915,0
607403772917841919,0.0140523,0
607403773052059647,0.00789812,0
607403773186277375,0.0170496,0
607403773454712831,0.0105949,0
607403773588930559,0.0194434,0
607403773723148287,0.0158182,0
607403773857366015,0.0256836,0
607403773991583743,0.0138958,0
607403774125801471,0.0201758,0
607403774260019199,0.013378,0
607403775602196479,0.0212168,0
607403775736414207,0.0261919,0
607403775870631935,0.0265721,0
607403776004849663,0.0266134,0
607403776139067391,0.020203,0
607403776273285119,0.0213563,0
607403776407502847,0.0206965,0
607403776675938303,0.0241919,0
607403776810156031,0.0174137,0
607403776944373759,0.0248911,0
607403777078591487,0.0174114,0
607403777212809215,0.0171622,0
607403777347026943,0.0186945,0
607403777481244671,0.0223727,0
607403777749680127,0.0316541,0
607403777883897855,0.034921,0
607403778018115583,0.0305862,0
607403778152333311,0.0302535,0
607403778286551039,0.0267255,0
607403778420768767,0.0261979,0
607403778554986495,0.0288134,0
607403778823421951,0.028662,0
607403778957639679,0.0295703,0
607403779091857407,0.0312988,0
607403779226075135,0.0298008,0
607403779360292863,0.0222043,0
607403779494510591,0.021814,0
607403779628728319,0.0244634,0
607403779897163775,0.0215503,0
607403780031381503,0.0202486,0
607403780165599231,0.0211567,0
607403780299816959,0.0208806,0
607403780434034687,0.0265593,0
607403780568252415,0.030503,0
607403780702470143,0.0216675,0
607403780970905599,0.0192696,0
607403781105123327,0.0241786,0
607403781239341055,0.0207733,0
607403781373558783,0.0194782,0
607403781507776511,0.0230978,0
607403781641994239,0.0187695,0
607403781776211967,0.0251219,0
607403782044647423,0.0264619,0
607403782178865151,0.0263733,0
607403782313082879,0.0260538,0
607403782447300607,0.0267915,0
607403782581518335,0.0250543,0
607403782715736063,0.026142,0
607403782849953791,0.0260281,0
607403784192131071,0.0236339,0
607403784326348799,0.0252212,0
607403784460566527,0.0220316,0
607403784594784255,0.0201973,0
607403784729001983,0.0219941,0
607403784863219711,0.0319292,0
607403784997437439,0.0273416,0
607403785265872895,0.0301533,0
607403785400090623,0.0165361,0
607403785534308351,0.0286293,0
607403785668526079,0.0185802,0
607403785802743807,0.0294835,0
607403785936961535,0.0278263,0
607403786071179263,0.0279098,0
607403786339614719,0.0187783,0
607403786473832447,0.0153757,0
607403786608050175,0.0179738,0
607403786742267903,0.0123879,0
607403786876485631,0.023162,0
607403787010703359,0.0192801,0
607403787144921087,0.0221259,0
607403787413356543,0.0176967,0
607403787547574271,0.0118853,0
607403787681791999,0.0142995,0
607403787816009727,0.0108314,0
607403787950227455,0.0244594,0
607403788084445183,0.0184475,0
607403788218662911,0.0172127,0
607403788487098367,0.0178988,0
607403788621316095,0.0190831,0
607403788755533823,0.0179044,0
607403788889751551,0.0176367,0
607403789023969279,0.0166852,0
607403789158187007,0.0191244,0
607403789292404735,0.0173419,0
607403789560840191,0.0317685,0
607403789695057919,0.0326514,0
607403789829275647,0.0223575,0
607403789963493375,0.0335806,0
607403790097711103,0.0189497,0
607403790231928831,0.025845,0
607403790366146559,0.0244327,0
607403790634582015,0.0261091,0
607403790768799743,0.0255007,0
607403790903017471,0.0213543,0
607403791037235199,0.0210539,0
607403791171452927,0.0175752,0
607403791305670655,0.0192681,0
607403791439888383,0.0225147,0
607403792782065663,0.0101501,0
607403792916283391,0.0100401,0
607403793050501119,0.0101501,0
607403793184718847,0.015307,0
607403793318936575,0.0101501,0
607403793453154303,0.0103117,0
607403793587372031,0.0100401,0
607403793855807487,0.0145591,0
607403793990025215,0.00994869,0
607403794124242943,0.00997406,0
607403794258460671,0.0106161,0
607403794392678399,0.0100587,0
607403794526896127,0.0100587,0
607403794661113855,0.0147352,0
607403794929549311,0.0153511,0
607403795063767039,0.0153511,0
607403795197984767,0.0159755,0
607403795332202495,0.0155162,0
607403795466420223,0.0217498,0
607403795600637951,0.0137923,0
607403795734855679,0.0227666,0
607403796003291135,0.00935573,0
607403796137508863,0.0091984,0
607403796271726591,0.0141147,0
607403796405944319,0.00943825,0
607403796540162047,0.0144947,0
607403796674379775,0.0137263,0
607403796808597503,0.0137923,0
607403797077032959,0.012619,0
607403797211250687,0.0131214,0
607403797345468415,0.0142705,0
607403797479686143,0.013018,0
607403797613903871,0.0137083,0
607403797748121599,0.0132901,0
607403797882339327,0.0131158,0
607403798150774783,0.0111699,0
607403798284992511,0.0100587,0
607403798419210239,0.0101501,0
607403798553427967,0.0102054,0
607403798687645695,0.0112283,0
607403798821863423,0.0103942,0
607403798956081151,0.0101501,0
607403799224516607,0.012703,0
607403799358734335,0.00995755,0
607403799492952063,0.0129165,0
607403799627169791,0.0139728,0
607403799761387519,0.0123898,0
607403799895605247,0.0125052,0
607403800029822975,0.0129355,0
607403801372000255,0.0145756,0
607403801506217983,0.0190071,0
607403801640435711,0.0141176,0
607403801774653439,0.0150001,0
607403801908871167,0.0135741,0
607403802043088895,0.0180455,0
607403802177306623,0.0137887,0
607403802445742079,0.0152683,0
607403802579959807,0.0104456,0
607403802714177535,0.0151996,0
607403802848395263,0.00855758,0
607403802982612991,0.0192286,0
607403803116830719,0.0076262,0
607403803251048447,0.0170888,0
607403803519483903,0.0137253,0
607403803653701631,0.0145797,0
607403803787919359,0.00940679,0
607403803922137087,0.00913138,0
607403804056354815,0.0135359,0
607403804190572543,0.0143933,0
607403804324790271,0.0184721,0
607403804593225727,0.0227821,0
607403804727443455,0.0150772,0
607403804861661183,0.0181786,0
607403804995878911,0.0199041,0
607403805130096639,0.0205907,0
607403805264314367,0.0177476,0
607403805398532095,0.0172001,0
607403805666967551,0.00831296,0
607403805801185279,0.0136027,0
607403805935403007,0.0130554,0
607403806069620735,0.0138353,0
607403806203838463,0.00994869,0
607403806338056191,0.0102485,0
607403806472273919,0.00994869,0
607403806740709375,0.0127117,0
607403806874927103,0.0149017,0
607403807009144831,0.0143789,0
607403807143362559,0.0226511,0
607403807277580287,0.0149225,0
607403807411798015,0.0189869,0
607403807546015743,0.00920482,0
607403807814451199,0.0140377,0
607403807948668927,0.014089,0
607403808082886655,0.00912322,0
607403808217104383,0.0137904,0
607403808351322111,0.0090245,0
607403808485539839,0.0136818,0
607403808619757567,0.0137923,0
607403809961934847,0.021105,0
607403810096152575,0.0199992,0
607403810230370303,0.0202019,0
607403810364588031,0.0189996,0
607403810498805759,0.0147716,0
607403810633023487,0.0262169,0
607403810767241215,0.0197354,0
607403811035676671,0.0171595,0
607403811169894399,0.0161216,0
607403811304112127,0.0182312,0
607403811438329855,0.020784,0
607403811572547583,0.0228455,0
607403811706765311,0.0162185,0
607403811840983039,0.0118395,0
607403812109418495,0.0335921,0
607403812243636223,0.0191795,0
607403812377853951,0.0210655,0
607403812512071679,0.0215799,0
607403812646289407,0.0201357,0
607403812780507135,0.0214269,0
607403812914724863,0.0206787,0
607403813183160319,0.0197883,0
607403813317378047,0.0203806,0
607403813451595775,0.0294848,0
607403813585813503,0.0284287,0
607403813720031231,0.0182076,0
607403813854248959,0.0181915,0
607403813988466687,0.0201259,0
607403814256902143,0.0143399,0
607403814391119871,0.0147716,0
607403814525337599,0.0197082,0
607403814659555327,0.0157414,0
607403814793773055,0.0131412,0
607403814927990783,0.0126893,0
607403815062208511,0.0170971,0
607403815330643967,0.0148603,0
607403815464861695,0.0229591,0
607403815599079423,0.0139398,0
607403815733297151,0.0266828,0
607403815867514879,0.0132702,0
607403816001732607,0.014211,0
607403816135950335,0.0134502,0
607403816404385791,0.0191124,0
607403816538603519,0.0192106,0
607403816672821247,0.0201528,0
607403816807038975,0.020807,0
607403816941256703,0.0201895,0
607403817075474431,0.0213898,0
607403817209692159,0.020524,0
607403827141804031,0.0164395,0
607403827276021759,0.0149632,0
607403827410239487,0.0161989,0
607403827544457215,0.0143704,0
607403827678674943,0.0162915,0
607403827812892671,0.0142263,0
607403827947110399,0.016631,0
607403828215545855,0.0157668,0
607403828349763583,0.0151378,0
607403828483981311,0.0151295,0
607403828618199039,0.0153312,0
607403828752416767,0.0157599,0
607403828886634495,0.0159602,0
607403829020852223,0.0173398,0
607403829289287679,0.0182281,0
607403829423505407,0.0168212,0
607403829557723135,0.0169664,0
607403829691940863,0.0196478,0
607403829826158591,0.0166185,0
607403829960376319,0.0165634,0
607403830094594047,0.0144419,0
607403830363029503,0.0133934,0
607403830497247231,0.0144765,0
607403830631464959,0.0142157,0
607403830765682687,0.014415,0
607403830899900415,0.0145493,0
607403831034118143,0.0141033,0
607403831168335871,0.0132111,0
607403831436771327,0.0161536,0
607403831570989055,0.0178018,0
607403831705206783,0.0120908,0
607403831839424511,0.0164165,0
607403831973642239,0.0137774,0
607403832107859967,0.0181431,0
607403832242077695,0.013005,0
607403832510513151,0.0133042,0
607403832644730879,0.0156227,0
607403832778948607,0.0156426,0
607403832913166335,0.0147113,0
607403833047384063,0.0146544,0
607403833181601791,0.0137172,0
607403833315819519,0.0165524,0
607403833584254975,0.0125316,0
607403833718472703,0.0152284,0
607403833852690431,0.0129781,0
607403833986908159,0.0135028,0
607403834121125887,0.0124573,0
607403834255343615,0.0165359,0
607403834389561343,0.0126349,0
607403835731738623,0.0166782,0
607403835865956351,0.0158192,0
607403836000174079,0.0166204,0
607403836134391807,0.0128408,0
607403836268609535,0.0166684,0
607403836402827263,0.0157836,0
607403836537044991,0.0172043,0
607403836805480447,0.0154304,0
607403836939698175,0.0135605,0
607403837073915903,0.0195088,0
607403837208133631,0.0219404,0
607403837342351359,0.0221807,0
607403837476569087,0.0205598,0
607403837610786815,0.0169906,0
607403837879222271,0.0130553,0
607403838013439999,0.0143228,0
607403838147657727,0.0141846,0
607403838281875455,0.015038,0
607403838416093183,0.017014,0
607403838550310911,0.0144358,0
607403838684528639,0.0155946,0
607403838952964095,0.0128977,0
607403839087181823,0.0139142,0
607403839221399551,0.0130107,0
607403839355617279,0.0136772,0
607403839489835007,0.0158441,0
607403839624052735,0.0178927,0
607403839758270463,0.013514,0
607403840026705919,0.0147303,0
607403840160923647,0.0150242,0
607403840295141375,0.0158833,0
607403840429359103,0.0164117,0
607403840563576831,0.0175032,0
607403840697794559,0.0147262,0
607403840832012287,0.01485,0
607403841100447743,0.014628,0
607403841234665471,0.0187405,0
607403841368883199,0.0179021,0
607403841503100927,0.0155714,0
607403841637318655,0.0132441,0
607403841771536383,0.0126171,0
607403841905754111,0.0133661,0
607403842174189567,0.0157588,0
607403842308407295,0.0168206,0
607403842442625023,0.0198087,0
607403842576842751,0.0148059,0
607403842711060479,0.0169713,0
607403842845278207,0.0156759,0
607403842979495935,0.0169451,0
607403844321673215,0.0105429,0
607403844455890943,0.0134796,0
607403844590108671,0.0101066,0
607403844724326399,0.0122762,0
607403844858544127,0.0114485,0
607403844992761855,0.0141099,0
607403845126979583,0.0118694,0
607403845395415039,0.0179094,0
607403845529632767,0.0197054,0
607403845663850495,0.0196736,0
607403845798068223,0.0237842,0
607403845932285951,0.0144878,0
607403846066503679,0.0197902,0
607403846200721407,0.0160342,0
607403846469156863,0.0115065,0
607403846603374591,0.0138457,0
607403846737592319,0.0122323,0
607403846871810047,0.0122196,0
607403847006027775,0.0122323,0
607403847140245503,0.0116203,0
607403847274463231,0.0128781,0
607403847542898687,0.0192949,0
607403847677116415,0.020537,0
607403847811334143,0.0192992,0
607403847945551871,0.0194076,0
607403848079769599,0.0157116,0
607403848213987327,0.019139,0
607403848348205055,0.0149831,0
607403848616640511,0.0134011,0
607403848750858239,0.012935,0
607403848885075967,0.0121825,0
607403849019293695,0.0126139,0
607403849153511423,0.0129512,0
607403849287729151,0.0140926,0
607403849421946879,0.0128843,0
607403849690382335,0.016704,0
607403849824600063,0.0146263,0
607403849958817791,0.0144455,0
607403850093035519,0.0162246,0
607403850227253247,0.0120101,0
607403850361470975,0.014173,0
607403850495688703,0.0136292,0
607403850764124159,0.0118588,0
607403850898341887,0.0127838,0
607403851032559615,0.0102164,0
607403851166777343,0.010404,0
607403851300995071,0.0122659,0
607403851435212799,0.0117976,0
607403851569430527,0.00957845,0
607403852911607807,0.0135824,0
607403853045825535,0.0184376,0
607403853180043263,0.01426,0
607403853314260991,0.0165147,0
607403853448478719,0.0131383,0
607403853582696447,0.0154669,0
607403853716914175,0.0171867,0
607403853985349631,0.0150168,0
607403854119567359,0.0160003,0
607403854253785087,0.0145166,0
607403854388002815,0.015392,0
607403854522220543,0.0145918,0
607403854656438271,0.0156847,0
607403854790655999,0.0213638,0
607403855059091455,0.0162505,0
607403855193309183,0.0250638,0
607403855327526911,0.0207223,0
607403855461744639,0.0217891,0
607403855595962367,0.0166094,0
607403855730180095,0.0149137,0
607403855864397823,0.0197068,0
607403856132833279,0.0155587,0
607403856267051007,0.0144897,0
607403856401268735,0.017726,0
607403856535486463,0.0165277,0
607403856669704191,0.0180426,0
607403856803921919,0.0210176,0
607403856938139647,0.0201496,0
607403857206575103,0.0158434,0
607403857340792831,0.0145845,0
607403857475010559,0.0140137,0
607403857609228287,0.0141028,0
607403857743446015,0.0159107,0
607403857877663743,0.0147829,0
607403858011881471,0.0172031,0
607403858280316927,0.0139148,0
607403858414534655,0.0162001,0
607403858548752383,0.0144655,0
607403858682970111,0.0156812,0
607403858817187839,0.0144494,0
607403858951405567,0.0142225,0
607403859085623295,0.0176416,0
607403859354058751,0.0203195,0
607403859488276479,0.0248879,0
607403859622494207,0.0239152,0
607403859756711935,0.0200534,0
607403859890929663,0.02219,0
607403860025147391,0.0171026,0
607403860159365119,0.0227036,0
607403861501542399,0.0135029,0
607403861635760127,0.0155913,0
607403861769977855,0.0149365,0
607403861904195583,0.0127133,0
607403862038413311,0.0138101,0
607403862172631039,0.014295,0
607403862306848767,0.01351,0
607403862575284223,0.0117396,0
607403862709501951,0.0153266,0
607403862843719679,0.0134084,0
607403862977937407,0.0158421,0
607403863112155135,0.0118718,0
607403863246372863,0.0140626,0
607403863380590591,0.0120439,0
607403863649026047,0.0150641,0
607403863783243775,0.0143652,0
607403863917461503,0.0140239,0
607403864051679231,0.0141216,0
607403864185896959,0.0138522,0
607403864320114687,0.0140542,0
607403864454332415,0.0118245,0
607403864722767871,0.0147701,0
607403864856985599,0.0153676,0
607403864991203327,0.015392,0
607403865125421055,0.0170981,0
607403865259638783,0.0170986,0
607403865393856511,0.0160343,0
607403865528074239,0.0135597,0
607403865796509695,0.0164851,0
607403865930727423,0.0187892,0
607403866064945151,0.0145069,0
607403866199162879,0.0132082,0
607403866333380607,0.0137963,0
607403866467598335,0.0155565,0
607403866601816063,0.0118842,0
607403866870251519,0.0136526,0
607403867004469247,0.0132079,0
607403867138686975,0.0137832,0
607403867272904703,0.0119045,0
607403867407122431,0.0115596,0
607403867541340159,0.0177713,0
607403867675557887,0.0117305,0
607403867943993343,0.0139839,0
607403868078211071,0.012904,0
607403868212428799,0.0127407,0
607403868346646527,0.0152173,0
607403868480864255,0.0177592,0
607403868615081983,0.0181409,0
607403868749299711,0.0105878,0
607403870091476991,0.014538,0
607403870225694719,0.0149562,0
607403870359912447,0.0146803,0
607403870494130175,0.0135449,0
607403870628347903,0.0180394,0
607403870762565631,0.0140126,0
607403870896783359,0.0140052,0
607403871165218815,0.0185758,0
607403871299436543,0.0146381,0
607403871433654271,0.0201428,0
607403871567871999,0.0151637,0
607403871702089727,0.0173962,0
607403871836307455,0.0143333,0
607403871970525183,0.0183522,0
607403872238960639,0.0143463,0
607403872373178367,0.0145207,0
607403872507396095,0.0154698,0
607403872641613823,0.0152996,0
607403872775831551,0.0214402,0
607403872910049279,0.0143929,0
607403873044267007,0.0162072,0
607403873312702463,0.0167687,0
607403873446920191,0.0174484,0
607403873581137919,0.0156949,0
607403873715355647,0.013,0
607403873849573375,0.0191714,0
607403873983791103,0.0146217,0
607403874118008831,0.0160485,0
607403874386444287,0.0134315,0
607403874520662015,0.0161904,0
607403874654879743,0.0158801,0
607403874789097471,0.0153067,0
607403874923315199,0.0176339,0
607403875057532927,0.0150683,0
607403875191750655,0.020222,0
607403875460186111,0.013763,0
607403875594403839,0.0150444,0
607403875728621567,0.0143481,0
607403875862839295,0.0160169,0
607403875997057023,0.0153115,0
607403876131274751,0.0125216,0
607403876265492479,0.0154555,0
607403876533927935,0.0185272,0
607403876668145663,0.0155086,0
607403876802363391,0.0134851,0
607403876936581119,0.0177135,0
607403877070798847,0.0161775,0
607403877205016575,0.0212292,0
607403877339234303,0.0164676,0
607403878681411583,0.0146016,0
607403878815629311,0.0150121,0
607403878949847039,0.0133931,0
607403879084064767,0.0155408,0
607403879218282495,0.0137422,0
607403879352500223,0.0161976,0
607403879486717951,0.00891768,0
607403879755153407,0.0123823,0
607403879889371135,0.0120278,0
607403880023588863,0.011599,0
607403880157806591,0.0135018,0
607403880292024319,0.00989539,0
607403880426242047,0.0137215,0
607403880560459775,0.0109539,0
607403880828895231,0.00991025,0
607403880963112959,0.0130532,0
607403881097330687,0.0032132,0
607403881231548415,0.0107171,0
607403881365766143,0.0102608,0
607403881499983871,0.012903,0
607403881634201599,0.00723798,0
607403881902637055,0.0157473,0
607403882036854783,0.0118478,0
607403882171072511,0.0159099,0
607403882305290239,0.0148591,0
607403882439507967,0.0144038,0
607403882573725695,0.0123605,0
607403882707943423,0.0155685,0
607403882976378879,0.00400904,0
607403883110596607,0.00907098,0
607403883244814335,0.00294662,0
607403883379032063,0.00353488,0
607403883513249791,0.0127651,0
607403883647467519,0.0095148,0
607403883781685247,0.00325928,0
607403884050120703,0.0133608,0
607403884184338431,0.011947,0
607403884318556159,0.0147056,0
607403884452773887,0.0114312,0
607403884586991615,0.0117742,0
607403884721209343,0.0129193,0
607403884855427071,0.0129324,0
607403885123862527,0.00643099,0
607403885258080255,0.00567916,0
607403885392297983,0.0090915,0
607403885526515711,0.00767807,0
607403885660733439,0.00300163,0
607403885794951167,0.00587171,0
607403885929168895,0.0112794,0
607403901766860799,0.0205202,0
607403901901078527,0.0238125,0
607403905659174911,0.0249943,0
607403906061828095,0.0137612,0
607403906196045823,0.0209441,0
607403909283053567,0.016096,0
607403909417271295,0.013374,0
607403909819924479,0.0114431,0
607403909954142207,0.0114001,0
607403910088359935,0.0141703,0
607403910222577663,0.0127021,0
607403910356795391,0.0122304,0
607403910491013119,0.0115144,0
607403910625230847,0.0132321,0
607403930221019135,0.0179722,0
607403930355236863,0.0221411,0
607403930489454591,0.0222352,0
607403930623672319,0.0227128,0
607403930757890047,0.022345,0
607403930892107775,0.0246096,0
607403931026325503,0.0248338,0
607403931294760959,0.0219523,0
607403931428978687,0.0176511,0
607403931563196415,0.0204548,0
607403931697414143,0.0225186,0
607403931831631871,0.0235986,0
607403931965849599,0.0231374,0
607403932100067327,0.0227693,0
607403933039591423,0.023053,0
607403933442244607,0.0261488,0
607403933576462335,0.0202799,0
607403933979115519,0.0213072,0
607403934113333247,0.0227192,0
607403934247550975,0.0267981,0
607403934515986431,0.0199978,0
607403934650204159,0.0225885,0
607403934784421887,0.023228,0
607403934918639615,0.0225715,0
607403935052857343,0.0233706,0
607403935187075071,0.0339101,0
607403935321292799,0.0236525,0
607403935589728255,0.0284536,0
607403935723945983,0.0305316,0
607403935858163711,0.0243597,0
607403935992381439,0.0270352,0
607403936126599167,0.0255312,0
607403936260816895,0.0269046,0
607403936395034623,0.0280439,0
607403936663470079,0.0295619,0
607403936797687807,0.0215514,0
607403937200340991,0.0240445,0
607403937334558719,0.0258247,0
607403938810953727,0.0130145,0
607403938945171455,0.00905792,0
607403939079389183,0.0141169,0
607403939213606911,0.0138626,0
607403939347824639,0.0139942,0
607403939482042367,0.0126038,0
607403939616260095,0.0182908,0
607403939884695551,0.00964928,0
607403940018913279,0.00881816,0
607403940153131007,0.00967996,0
607403940287348735,0.0102399,0
607403940421566463,0.00846846,0
607403940555784191,0.00979231,0
607403940690001919,0.0101798,0
607403940958437375,0.0157365,0
607403941092655103,0.0162434,0
607403941361090559,0.0180796,0
607403941495308287,0.0157419,0
607403941629526015,0.0142659,0
607403941763743743,0.0209375,0
607403942032179199,0.0127064,0
607403942166396927,0.0109255,0
607403942300614655,0.0147353,0
607403942434832383,0.012239,0
607403942569050111,0.0121655,0
607403942703267839,0.0115232,0
607403942837485567,0.011884,0
607403943105921023,0.018024,0
607403943240138751,0.0165485,0
607403943374356479,0.0176002,0
607403943508574207,0.014256,0
607403943642791935,0.028694,0
607403943777009663,0.0267672,0
607403943911227391,0.0168546,0
607403944179662847,0.0189317,0
607403944313880575,0.0169442,0
607403944448098303,0.01619,0
607403944582316031,0.0137716,0
607403944716533759,0.0280792,0
607403944850751487,0.0243644,0
607403944984969215,0.0259844,0
607403945253404671,0.0202504,0
607403945387622399,0.0201827,0
607403945521840127,0.0204225,0
607403945656057855,0.0221495,0
607403945790275583,0.0203187,0
607403945924493311,0.0175828,0
607403946058711039,0.0195501,0
607403964580757503,0.0187095,0
607403964714975231,0.0213825,0
607403964849192959,0.0189669,0
607403964983410687,0.0207018,0
607403965117628415,0.0187764,0
607403965251846143,0.0177486,0
607403965386063871,0.0172829,0
607403965654499327,0.0323858,0
607403965788717055,0.0234448,0
607403965922934783,0.0296729,0
607403966057152511,0.0257184,0
607403966191370239,0.0199592,0
607403966325587967,0.0283615,0
607403966459805695,0.0203327,0
607403966728241151,0.0191422,0
607403966862458879,0.019403,0
607403966996676607,0.0206377,0
607403967130894335,0.0189329,0
607403967265112063,0.0191473,0
607403967399329791,0.0189242,0
607403967533547519,0.0184212,0
607403967801982975,0.0234859,0
607403967936200703,0.0220421,0
607403968070418431,0.0234603,0
607403968204636159,0.0215112,0
607403968338853887,0.021314,0
607403968473071615,0.0253404,0
607403968607289343,0.0202095,0
607403968875724799,0.0123385,0
607403969009942527,0.014498,0
607403969144160255,0.0114595,0
607403969278377983,0.013658,0
607403969412595711,0.0129817,0
607403969546813439,0.0135297,0
607403969681031167,0.0139961,0
607403969949466623,0.019002,0
607403970083684351,0.0192064,0
607403970217902079,0.0187082,0
607403970352119807,0.0174865,0
607403970486337535,0.0159453,0
607403970620555263,0.0183896,0
607403970754772991,0.0161048,0
607403971023208447,0.0126947,0
607403971157426175,0.0160579,0
607403971291643903,0.0151727,0
607403971425861631,0.0162888,0
607403971560079359,0.0112976,0
607403971694297087,0.0137554,0
607403971828514815,0.0106103,0
607403973170692095,0.0210402,0
607403973304909823,0.0185637,0
607403973439127551,0.0217943,0
607403973573345279,0.0220433,0
607403973707563007,0.0210168,0
607403973841780735,0.0193215,0
607403973975998463,0.0244965,0
607403974244433919,0.0155817,0
607403974378651647,0.0224129,0
607403974512869375,0.0190145,0
607403974647087103,0.0220228,0
607403974781304831,0.0147025,0
607403974915522559,0.0166706,0
607403975049740287,0.0157274,0
607403975318175743,0.0237354,0
607403975452393471,0.0210096,0
607403975586611199,0.0208103,0
607403975720828927,0.0202139,0
607403975855046655,0.0204502,0
607403975989264383,0.0267099,0
607403976123482111,0.0186576,0
607403976391917567,0.0207859,0
607403976526135295,0.0189563,0
607403976660353023,0.0228385,0
607403976794570751,0.0254087,0
607403976928788479,0.0192264,0
607403977063006207,0.019698,0
607403977197223935,0.0199027,0
607403977465659391,0.0224344,0
607403977599877119,0.0238369,0
607403977734094847,0.0243996,0
607403977868312575,0.0235519,0
607403978002530303,0.0233263,0
607403978136748031,0.0253353,0
607403978270965759,0.0226765,0
607403978539401215,0.023747,0
607403978673618943,0.014376,0
607403978807836671,0.0193665,0
607403978942054399,0.0198192,0
607403979076272127,0.0246829,0
607403979210489855,0.0202872,0
607403979344707583,0.0280647,0
607403979613143039,0.0310153,0
607403979747360767,0.0230793,0
607403979881578495,0.0285112,0
607403980015796223,0.0227431,0
607403980150013951,0.0246183,0
607403980284231679,0.0263608,0
607403980418449407,0.0227313,0
607403981760626687,0.0309149,0
607403981894844415,0.0332763,0
607403982297497599,0.0290769,0
607403982431715327,0.0264898,0
607403982565933055,0.0303663,0
607403982834368511,0.0272798,0
607403982968586239,0.0250831,0
607403983102803967,0.0315802,0
607403983237021695,0.0261092,0
607403983371239423,0.0239381,0
607403983505457151,0.0233686,0
607403983639674879,0.0309857,0
607403985652940799,0.0284371,0
607403986055593983,0.0249961,0
607403986189811711,0.0257903,0
607403986324029439,0.0282821,0
607403986458247167,0.027738,0
607403986592464895,0.0136566,0
607403986726682623,0.0180101,0
607403986860900351,0.020443,0
607403987129335807,0.0199393,0
607403987263553535,0.0218579,0
607403987397771263,0.0260832,0
607403987531988991,0.0266782,0
607403987666206719,0.0146821,0
607403987800424447,0.0167352,0
607403987934642175,0.0177098,0
607403990350561279,0.0209815,0
607403990484779007,0.0192553,0
607403990618996735,0.0210863,0
607403990753214463,0.0187614,0
607403990887432191,0.0237276,0
607403991021649919,0.020924,0
607403991155867647,0.0206114,0
607403991424303103,0.0212698,0
607403991558520831,0.0194845,0
607403991692738559,0.0218259,0
607403991826956287,0.0182304,0
607403991961174015,0.0186328,0
607403992095391743,0.0188857,0
607403992229609471,0.0188705,0
607403993034915839,0.0222118,0
607403993169133567,0.0186417,0
607403993571786751,0.0197381,0
607403993706004479,0.0184744,0
607403993974439935,0.0193735,0
607403994108657663,0.0195514,0
607403994242875391,0.0193007,0
607403994377093119,0.0180992,0
607403994645528575,0.021372,0
607403994779746303,0.021781,0
607403994913964031,0.02163,0
607403995048181759,0.0211946,0
607403995182399487,0.024071,0
607403995316617215,0.0205475,0
607403995450834943,0.0224988,0
607403995719270399,0.023235,0
607403995853488127,0.0213536,0
607403995987705855,0.0252682,0
607403996121923583,0.0213551,0
607403996256141311,0.0240718,0
607403996390359039,0.0235571,0
607403996524576767,0.0208109,0
607403996793012223,0.0228388,0
607403996927229951,0.0210456,0
607403997329883135,0.0263257,0
607403997464100863,0.0223369,0
607403997598318591,0.0301912,0
607403998940495871,0.0073675,0
607403999074713599,0.012412,0
607403999208931327,0.00791225,0
607403999343149055,0.0128053,0
607403999477366783,0.00653978,0
607403999611584511,0.00935137,0
607403999745802239,0.00683123,0
607404000014237695,0.014054,0
607404000148455423,0.013004,0
607404000282673151,0.0138447,0
607404000416890879,0.0124849,0
607404000551108607,0.013939,0
607404000685326335,0.0129303,0
607404000819544063,0.0127642,0
607404001087979519,0.0128438,0
607404001222197247,0.0127973,0
607404001356414975,0.0125541,0
607404001490632703,0.0128432,0
607404001624850431,0.0093299,0
607404001759068159,0.0134987,0
607404001893285887,0.0113547,0
607404002161721343,0.0129699,0
607404002295939071,0.0120017,0
607404002430156799,0.0129817,0
607404002564374527,0.0116153,0
607404002698592255,0.013689,0
607404002832809983,0.013055,0
607404002967027711,0.0129012,0
607404003235463167,0.0114183,0
607404003369680895,0.00818572,0
607404003503898623,0.01187,0
607404003638116351,0.00764408,0
607404003772334079,0.0157467,0
607404003906551807,0.00775142,0
607404004040769535,0.0166304,0
607404004309204991,0.00799908,0
607404004443422719,0.0120107,0
607404004577640447,0.00602197,0
607404004711858175,0.00965368,0
607404004846075903,0.00771754,0
607404004980293631,0.00987937,0
607404005114511359,0.00641872,0
607404005382946815,0.0103848,0
607404005517164543,0.00912896,0
607404005651382271,0.00923294,0
607404005785599999,0.00844504,0
607404005919817727,0.0129947,0
607404006054035455,0.00917995,0
607404006188253183,0.0142195,0
607404007530430463,0.025243,0
607404007664648191,0.0281246,0
607404007798865919,0.0203994,0
607404007933083647,0.0247542,0
607404008067301375,0.0199821,0
607404008201519103,0.02788,0
607404008335736831,0.0199749,0
607404008604172287,0.0182719,0
607404008738390015,0.0302176,0
607404008872607743,0.0277568,0
607404009006825471,0.0233642,0
607404009141043199,0.0205526,0
607404009275260927,0.0185093,0
607404009409478655,0.025372,0
607404009677914111,0.0215258,0
607404009812131839,0.0220037,0
607404009946349567,0.0211172,0
607404010080567295,0.0216131,0
607404010214785023,0.0207589,0
607404010349002751,0.0221768,0
607404010483220479,0.0193483,0
607404010751655935,0.0283185,0
607404010885873663,0.026809,0
607404011020091391,0.0241278,0
607404011154309119,0.0293761,0
607404011288526847,0.0260557,0
607404011422744575,0.026477,0
607404011556962303,0.0238791,0
607404011825397759,0.0192048,0
607404011959615487,0.0207124,0
607404012093833215,0.0189891,0
607404012228050943,0.0197547,0
607404012362268671,0.0180347,0
607404012496486399,0.0212993,0
607404012630704127,0.0153523,0
607404012899139583,0.0268487,0
607404013033357311,0.0202446,0
607404013167575039,0.0232088,0
607404013301792767,0.0277463,0
607404013436010495,0.0240011,0
607404013570228223,0.0205486,0
607404013704445951,0.0200422,0
607404013972881407,0.0188919,0
607404014107099135,0.0192448,0
607404014241316863,0.0166233,0
607404014375534591,0.0167565,0
607404014509752319,0.0169484,0
607404014643970047,0.0199688,0
607404014778187775,0.0147972,0
607404016120365055,0.0145946,0
607404016254582783,0.0126346,0
607404016388800511,0.0110995,0
607404016523018239,0.0110334,0
607404016657235967,0.013224,0
607404016791453695,0.0133444,0
607404016925671423,0.0129334,0
607404017194106879,0.0137173,0
607404017328324607,0.0128167,0
607404017462542335,0.0123708,0
607404017596760063,0.0116194,0
607404017730977791,0.0127442,0
607404017865195519,0.0128432,0
607404017999413247,0.0127554,0
607404018267848703,0.0119717,0
607404018402066431,0.0131044,0
607404018536284159,0.0150097,0
607404018670501887,0.0141829,0
607404018804719615,0.0106613,0
607404018938937343,0.0103346,0
607404019073155071,0.010325,0
607404019341590527,0.0111932,0
607404019475808255,0.0128344,0
607404019610025983,0.0127415,0
607404019744243711,0.0148905,0
607404019878461439,0.0109234,0
607404020012679167,0.0108322,0
607404020146896895,0.01137,0
607404020415332351,0.0109894,0
607404020549550079,0.010478,0
607404020683767807,0.00809833,0
607404020817985535,0.0133754,0
607404020952203263,0.0111461,0
607404021086420991,0.0103214,0
607404021220638719,0.0111482,0
607404021489074175,0.0106509,0
607404021623291903,0.0112788,0
607404021757509631,0.00887365,0
607404021891727359,0.0124177,0
607404022025945087,0.00918879,0
607404022160162815,0.00925333,0
607404022294380543,0.00998222,0
607404022562815999,0.0115755,0
607404022697033727,0.014132,0
607404022831251455,0.0106204,0
607404022965469183,0.00993811,0
607404023099686911,0.0087582,0
607404023233904639,0.0102089,0
607404023368122367,0.0104325,0
607404033300234239,0.0310433,0
607404033434451967,0.0185541,0
607404033568669695,0.0190593,0
607404033702887423,0.0263284,0
607404033837105151,0.0241063,0
607404033971322879,0.0268279,0
607404034105540607,0.0238425,0
607404034373976063,0.0142867,0
607404034508193791,0.0212577,0
607404034642411519,0.0132035,0
607404034776629247,0.0135183,0
607404034910846975,0.0228276,0
607404035045064703,0.0106189,0
607404035179282431,0.0172335,0
607404035447717887,0.0374055,0
607404035581935615,0.026109,0
607404035716153343,0.026295,0
607404035850371071,0.028929,0
607404035984588799,0.0396111,0
607404036118806527,0.0327872,0
607404036253024255,0.0361838,0
607404036521459711,0.0141,0
607404036655677439,0.0140131,0
607404036789895167,0.0227731,0
607404036924112895,0.0224527,0
607404037058330623,0.0139893,0
607404037192548351,0.013606,0
607404037326766079,0.0146322,0
607404037595201535,0.0137571,0
607404037729419263,0.0219126,0
607404037863636991,0.0186472,0
607404037997854719,0.0333507,0
607404038132072447,0.0135675,0
607404038266290175,0.014752,0
607404038400507903,0.0151041,0
607404038668943359,0.0270833,0
607404038803161087,0.0344569,0
607404038937378815,0.02669,0
607404039071596543,0.0275707,0
607404039205814271,0.0155634,0
607404039340031999,0.0260314,0
607404039474249727,0.023846,0
607404039742685183,0.0254227,0
607404039876902911,0.0328668,0
607404040011120639,0.0226115,0
607404040145338367,0.0404053,0
607404040279556095,0.0171716,0
607404040413773823,0.0264183,0
607404040547991551,0.0163352,0
607404041890168831,0.0159249,0
607404042024386559,0.015754,0
607404042158604287,0.0134207,0
607404042292822015,0.0215462,0
607404042427039743,0.0164117,0
607404042561257471,0.0158012,0
607404042695475199,0.0162546,0
607404042963910655,0.0137447,0
607404043098128383,0.0128974,0
607404043232346111,0.0132498,0
607404043366563839,0.0129672,0
607404043500781567,0.0244816,0
607404043634999295,0.0149649,0
607404043769217023,0.0335464,0
607404044037652479,0.0130921,0
607404044171870207,0.0137412,0
607404044306087935,0.0182043,0
607404044440305663,0.0150291,0
607404044574523391,0.0219209,0
607404044708741119,0.0132076,0
607404044842958847,0.0221086,0
607404045111394303,0.0132962,0
607404045245612031,0.0131987,0
607404045379829759,0.0141369,0
607404045514047487,0.0138971,0
607404045648265215,0.0130698,0
607404045782482943,0.0137024,0
607404045916700671,0.0226544,0
607404046185136127,0.0230662,0
607404046319353855,0.0143781,0
607404046453571583,0.027307,0
607404046587789311,0.0189045,0
607404046722007039,0.0105786,0
607404046856224767,0.013895,0
607404046990442495,0.0195439,0
607404047258877951,0.0178183,0
607404047393095679,0.0169489,0
607404047527313407,0.0148069,0
607404047661531135,0.014914,0
607404047795748863,0.0266452,0
607404047929966591,0.0203279,0
607404048064184319,0.0203331,0
607404048332619775,0.014422,0
607404048466837503,0.0170535,0
607404048601055231,0.0119937,0
607404048735272959,0.013109,0
607404048869490687,0.0150887,0
607404049003708415,0.0192836,0
607404049137926143,0.0162511,0
607404050480103423,0.0262997,0
607404050614321151,0.0151863,0
607404050748538879,0.0239895,0
607404050882756607,0.0130319,0
607404051016974335,0.0230715,0
607404051151192063,0.0304298,0
607404051285409791,0.0230198,0
607404051553845247,0.0238869,0
607404051688062975,0.0175358,0
607404051822280703,0.0277868,0
607404051956498431,0.0190229,0
607404052090716159,0.0219196,0
607404052224933887,0.0320204,0
607404052359151615,0.0295041,0
607404052627587071,0.0252877,0
607404052761804799,0.0120288,0
607404052896022527,0.0401578,0
607404053030240255,0.0188902,0
607404053164457983,0.0387441,0
607404053298675711,0.019433,0
607404053432893439,0.0391989,0
607404053701328895,0.0156159,0
607404053835546623,0.0147734,0
607404053969764351,0.0222329,0
607404054103982079,0.0147848,0
607404054238199807,0.0169478,0
607404054372417535,0.0380723,0
607404054506635263,0.0116184,0
607404054775070719,0.0197447,0
607404054909288447,0.0146704,0
607404055043506175,0.0196503,0
607404055177723903,0.0187915,0
607404055311941631,0.0133789,0
607404055446159359,0.0169452,0
607404055580377087,0.0145873,0
607404055848812543,0.0239459,0
607404055983030271,0.0366168,0
607404056117247999,0.0161674,0
607404056251465727,0.0255326,0
607404056385683455,0.0221396,0
607404056519901183,0.0357524,0
607404056654118911,0.0178003,0
607404056922554367,0.0411836,0
607404057056772095,0.0341238,0
607404057190989823,0.0615114,0
607404057325207551,0.0432516,0
607404057459425279,0.0188719,0
607404057593643007,0.0430335,0
607404057727860735,0.0189168,0
607404059070038015,0.0131406,0
607404059204255743,0.0178092,0
607404059338473471,0.0122461,0
607404059472691199,0.0215608,0
607404059606908927,0.012587,0
607404059741126655,0.012587,0
607404059875344383,0.0114062,0
607404060143779839,0.0142334,0
607404060277997567,0.0123898,0
607404060412215295,0.0136739,0
607404060546433023,0.0129968,0
607404060680650751,0.0142418,0
607404060814868479,0.0198727,0
607404060949086207,0.0149678,0
607404061217521663,0.01757,0
607404061351739391,0.018063,0
607404061485957119,0.0131921,0
607404061620174847,0.0138468,0
607404061754392575,0.0118596,0
607404061888610303,0.0177487,0
607404062022828031,0.0156105,0
607404062291263487,0.0142709,0
607404062425481215,0.0131283,0
607404062559698943,0.0175975,0
607404062693916671,0.0150115,0
607404062828134399,0.0138317,0
607404062962352127,0.0139699,0
607404063096569855,0.0185291,0
607404063365005311,0.0152871,0
607404063499223039,0.0142791,0
607404063633440767,0.0146622,0
607404063767658495,0.0152419,0
607404063901876223,0.0233043,0
607404064036093951,0.0150736,0
607404064170311679,0.0159611,0
607404064438747135,0.0132774,0
607404064572964863,0.012697,0
607404064707182591,0.012477,0
607404064841400319,0.0128721,0
607404064975618047,0.0126887,0
607404065109835775,0.0135858,0
607404065244053503,0.011894,0
607404065512488959,0.0156344,0
607404065646706687,0.0119256,0
607404065780924415,0.0118348,0
607404065915142143,0.011658,0
607404066049359871,0.0119235,0
607404066183577599,0.0167498,0
607404066317795327,0.0153986,0
607404067659972607,0.0194395,0
607404067794190335,0.014472,0
607404067928408063,0.0147337,0
607404068062625791,0.0120531,0
607404068196843519,0.0228214,0
607404068331061247,0.015577,0
607404068465278975,0.0239279,0
607404068733714431,0.0149244,0
607404068867932159,0.0149992,0
607404069002149887,0.015146,0
607404069136367615,0.0136935,0
607404069270585343,0.0178994,0
607404069404803071,0.0235551,0
607404069539020799,0.0177837,0
607404069807456255,0.0150228,0
607404069941673983,0.013593,0
607404070075891711,0.0147548,0
607404070210109439,0.016154,0
607404070344327167,0.014415,0
607404070478544895,0.0143568,0
607404070612762623,0.0160005,0
607404070881198079,0.0122706,0
607404071015415807,0.0140304,0
607404071149633535,0.0126987,0
607404071283851263,0.0149758,0
607404071418068991,0.01435,0
607404071552286719,0.0148661,0
607404071686504447,0.0120981,0
607404071954939903,0.0355318,0
607404072089157631,0.0245108,0
607404072223375359,0.027735,0
607404072357593087,0.0322596,0
607404072491810815,0.047555,0
607404072626028543,0.0406305,0
607404072760246271,0.0460879,0
607404073028681727,0.0410256,0
607404073162899455,0.0270249,0
607404073297117183,0.0240229,0
607404073431334911,0.0178346,0
607404073565552639,0.0503403,0
607404073699770367,0.0388283,0
607404073833988095,0.0439241,0
607404074102423551,0.0158281,0
607404074236641279,0.0151271,0
607404074370859007,0.0165108,0
607404074505076735,0.0134566,0
607404074639294463,0.0208237,0
607404074773512191,0.0161184,0
607404074907729919,0.0189325,0
607404076249907199,0.0280276,0
607404076384124927,0.0140826,0
607404076518342655,0.0278254,0
607404076652560383,0.0127763,0
607404076786778111,0.0384906,0
607404076920995839,0.0307385,0
607404077055213567,0.0268895,0
607404077323649023,0.0173957,0
607404077457866751,0.0251202,0
607404077592084479,0.016963,0
607404077726302207,0.0192724,0
607404077860519935,0.0479486,0
607404077994737663,0.0249724,0
607404078128955391,0.0254073,0
607404078397390847,0.00998514,0
607404078531608575,0.00957823,0
607404078665826303,0.0114588,0
607404078800044031,0.0131339,0
607404078934261759,0.0275339,0
607404079068479487,0.0111974,0
607404079202697215,0.0273067,0
607404079471132671,0.0135846,0
607404079605350399,0.0191933,0
607404079739568127,0.0109265,0
607404079873785855,0.0132796,0
607404080008003583,0.0167956,0
607404080142221311,0.016735,0
607404080276439039,0.0163156,0
607404080544874495,0.0201366,0
607404080679092223,0.0220688,0
607404080813309951,0.0145446,0
607404080947527679,0.028025,0
607404081081745407,0.0187679,0
607404081215963135,0.0217936,0
607404081350180863,0.0215345,0
607404081618616319,0.0389862,0
607404081752834047,0.0481661,0
607404081887051775,0.0377823,0
607404082021269503,0.042495,0
607404082155487231,0.0305087,0
607404082289704959,0.0331331,0
607404082423922687,0.0261962,0
607404082692358143,0.0264627,0
607404082826575871,0.0356722,0
607404082960793599,0.0248012,0
607404083095011327,0.0348115,0
607404083229229055,0.0141836,0
607404083363446783,0.0169646,0
607404083497664511,0.0166014,0
607404084839841791,0.0130682,0
607404084974059519,0.0141449,0
607404085108277247,0.0169139,0
607404085242494975,0.0139325,0
607404085376712703,0.0155505,0
607404085510930431,0.0139484,0
607404085645148159,0.016184,0
607404085913583615,0.0134795,0
607404086047801343,0.0190715,0
607404086182019071,0.0144596,0
607404086316236799,0.0162699,0
607404086450454527,0.014556,0
607404086584672255,0.0130345,0
607404086718889983,0.0139448,0
607404086987325439,0.01805,0
607404087121543167,0.0134141,0
607404087255760895,0.01733,0
607404087389978623,0.0164484,0
607404087524196351,0.0180362,0
607404087658414079,0.0135558,0
607404087792631807,0.0209553,0
607404088061067263,0.0133924,0
607404088195284991,0.0163741,0
607404088329502719,0.0130282,0
607404088463720447,0.0171797,0
607404088597938175,0.0147014,0
607404088732155903,0.015754,0
607404088866373631,0.012886,0
607404089134809087,0.0143556,0
607404089269026815,0.0167983,0
607404089403244543,0.0194115,0
607404089537462271,0.0169962,0
607404089671679999,0.0205187,0
607404089805897727,0.0142455,0
607404089940115455,0.021359,0
607404090208550911,0.0157076,0
607404090342768639,0.015685,0
607404090476986367,0.0164177,0
607404090611204095,0.0137219,0
607404090745421823,0.0154842,0
607404090879639551,0.0133297,0
607404091013857279,0.016815,0
607404091282292735,0.0142704,0
607404091416510463,0.0171065,0
607404091550728191,0.0162343,0
607404091684945919,0.0177693,0
607404091819163647,0.0235572,0
607404091953381375,0.0156529,0
607404092087599103,0.0227422,0
607404102019710975,0.0191532,0
607404102153928703,0.021134,0
607404102288146431,0.0128894,0
607404102422364159,0.0198946,0
607404102556581887,0.0166767,0
607404102690799615,0.0191472,0
607404102825017343,0.016771,0
607404103093452799,0.0193889,0
607404103227670527,0.0208564,0
607404103361888255,0.0216434,0
607404103496105983,0.0207534,0
607404103630323711,0.021675,0
607404103764541439,0.0261343,0
607404103898759167,0.0198394,0
607404104167194623,0.0145443,0
607404104301412351,0.0139936,0
607404104435630079,0.0136686,0
607404104569847807,0.0138546,0
607404104704065535,0.0137786,0
607404104838283263,0.013128,0
607404104972500991,0.0111261,0
607404105240936447,0.0164064,0
607404105375154175,0.0236272,0
607404105509371903,0.015375,0
607404105643589631,0.0233096,0
607404105777807359,0.0187847,0
607404105912025087,0.0194111,0
607404106046242815,0.0146651,0
607404106314678271,0.0213205,0
607404106448895999,0.01778,0
607404106583113727,0.0191523,0
607404106717331455,0.0180658,0
607404106851549183,0.0173292,0
607404106985766911,0.030801,0
607404107119984639,0.0184452,0
607404107388420095,0.0188604,0
607404107522637823,0.0200768,0
607404107656855551,0.0182671,0
607404107791073279,0.0192834,0
607404107925291007,0.0171928,0
607404108059508735,0.0215957,0
607404108193726463,0.0182671,0
607404108462161919,0.0150708,0
607404108596379647,0.0121971,0
607404108730597375,0.0158308,0
607404108864815103,0.0127574,0
607404108999032831,0.0182308,0
607404109133250559,0.0177862,0
607404109267468287,0.0135383,0
607404110609645567,0.0213645,0
607404110743863295,0.0189895,0
607404110878081023,0.0162607,0
607404111012298751,0.0189238,0
607404111146516479,0.015938,0
607404111280734207,0.0207422,0
607404111414951935,0.0173179,0
607404111683387391,0.0220504,0
607404111817605119,0.0152161,0
607404111951822847,0.0222089,0
607404112086040575,0.0138873,0
607404112220258303,0.0185963,0
607404112354476031,0.0219966,0
607404112488693759,0.011271,0
607404112757129215,0.0162062,0
607404112891346943,0.0117985,0
607404113025564671,0.0210155,0
607404113159782399,0.0138098,0
607404113294000127,0.0227031,0
607404113428217855,0.0162066,0
607404113562435583,0.0143016,0
607404113830871039,0.013904,0
607404113965088767,0.0149104,0
607404114099306495,0.0157027,0
607404114233524223,0.0136225,0
607404114367741951,0.0142507,0
607404114501959679,0.0144013,0
607404114636177407,0.0121659,0
607404114904612863,0.015622,0
607404115038830591,0.0158125,0
607404115173048319,0.023126,0
607404115307266047,0.0120013,0
607404115441483775,0.0230847,0
607404115575701503,0.0152162,0
607404115709919231,0.0223953,0
607404115978354687,0.0205859,0
607404116112572415,0.0114131,0
607404116246790143,0.0203444,0
607404116381007871,0.0194603,0
607404116515225599,0.0222909,0
607404116649443327,0.0200228,0
607404116783661055,0.0159871,0
607404117052096511,0.0211619,0
607404117186314239,0.0149227,0
607404117320531967,0.02132,0
607404117454749695,0.0113319,0
607404117588967423,0.0236411,0
607404117723185151,0.0127191,0
607404117857402879,0.0244134,0
607404119199580159,0.0213102,0
607404119333797887,0.0134964,0
607404119468015615,0.0205424,0
607404119602233343,0.0127618,0
607404119736451071,0.0112456,0
607404119870668799,0.0130862,0
607404120004886527,0.0108711,0
607404120273321983,0.0121002,0
607404120407539711,0.0090993,0
607404120541757439,0.0134929,0
607404120675975167,0.0103543,0
607404120810192895,0.0145006,0
607404120944410623,0.0126657,0
607404121078628351,0.0138005,0
607404121347063807,0.0110051,0
607404121481281535,0.0101687,0
607404121615499263,0.0100587,0
607404121749716991,0.0214393,0
607404121883934719,0.0120541,0
607404122018152447,0.0113556,0
607404122152370175,0.0100587,0
607404122420805631,0.0099762,0
607404122555023359,0.00928235,0
607404122689241087,0.0100587,0
607404122823458815,0.013919,0
607404122957676543,0.013172,0
607404123091894271,0.010109,0
607404123226111999,0.0127618,0
607404123494547455,0.00954136,0
607404123628765183,0.0105419,0
607404123762982911,0.0114397,0
607404123897200639,0.00962961,0
607404124031418367,0.0179874,0
607404124165636095,0.0127025,0
607404124299853823,0.0145594,0
607404124568289279,0.0246653,0
607404124702507007,0.0209008,0
607404124836724735,0.0148111,0
607404124970942463,0.0150379,0
607404125105160191,0.0150075,0
607404125239377919,0.0146011,0
607404125373595647,0.0142225,0
607404125642031103,0.00963878,0
607404125776248831,0.0101687,0
607404125910466559,0.0100587,0
607404126044684287,0.0101687,0
607404126178902015,0.011984,0
607404126313119743,0.0190009,0
607404126447337471,0.0137324,0
607404127789514751,0.00619616,0
607404127923732479,0.0114832,0
607404128057950207,0.0115342,0
607404128192167935,0.00715991,0
607404128326385663,0.0208632,0
607404128460603391,0.00918142,0
607404128594821119,0.013691,0
607404128863256575,0.0180161,0
607404128997474303,0.0110025,0
607404129131692031,0.0192359,0
607404129265909759,0.0123391,0
607404129400127487,0.0151384,0
607404129534345215,0.0153628,0
607404129668562943,0.0209664,0
607404129936998399,0.0116958,0
607404130071216127,0.00893187,0
607404130205433855,0.0143383,0
607404130339651583,0.00483497,0
607404130473869311,0.0141609,0
607404130608087039,0.00968865,0
607404130742304767,0.018202,0
607404131010740223,0.0111522,0
607404131144957951,0.0118884,0
607404131279175679,0.00987468,0
607404131413393407,0.0105477,0
607404131547611135,0.0115633,0
607404131681828863,0.0114705,0
607404131816046591,0.00736133,0
607404132084482047,0.0186765,0
607404132218699775,0.0192326,0
607404132352917503,0.0166113,0
607404132487135231,0.020222,0
607404132621352959,0.014835,0
607404132755570687,0.0171769,0
607404132889788415,0.0127629,0
607404133158223871,0.0125191,0
607404133292441599,0.0116178,0
607404133426659327,0.014115,0
607404133560877055,0.0108275,0
607404133695094783,0.0200591,0
607404133829312511,0.0175872,0
607404133963530239,0.0217365,0
607404134231965695,0.0147928,0
607404134366183423,0.0244482,0
607404134500401151,0.0176796,0
607404134634618879,0.0231261,0
607404134768836607,0.0120574,0
607404134903054335,0.0170978,0
607404135037272063,0.00983367,0
607404136379449343,0.0276532,0
607404136513667071,0.0155543,0
607404136647884799,0.0181019,0
607404136782102527,0.0157728,0
607404136916320255,0.0171427,0
607404137050537983,0.0189153,0
607404137184755711,0.0181022,0
607404137453191167,0.0172034,0
607404137587408895,0.0183492,0
607404137721626623,0.016823,0
607404137855844351,0.0189046,0
607404137990062079,0.0166703,0
607404138124279807,0.0170934,0
607404138258497535,0.0164387,0
607404138526932991,0.0202333,0
607404138661150719,0.0175794,0
607404138795368447,0.0229975,0
607404138929586175,0.0189776,0
607404139063803903,0.017019,0
607404139198021631,0.0187763,0
607404139332239359,0.0186748,0
607404139600674815,0.0272548,0
607404139734892543,0.0171645,0
607404139869110271,0.0176408,0
607404140003327999,0.017515,0
607404140137545727,0.0164198,0
607404140271763455,0.024525,0
607404140405981183,0.0164108,0
607404140674416639,0.0231491,0
607404140808634367,0.0181376,0
607404140942852095,0.0225685,0
607404141077069823,0.0212852,0
607404141211287551,0.0204217,0
607404141345505279,0.0197477,0
607404141479723007,0.0181998,0
607404141748158463,0.0174983,0
607404141882376191,0.015717,0
607404142016593919,0.0168439,0
607404142150811647,0.0151745,0
607404142285029375,0.021059,0
607404142419247103,0.0203798,0
607404142553464831,0.0210488,0
607404142821900287,0.0273657,0
607404142956118015,0.016273,0
607404143090335743,0.0267799,0
607404143224553471,0.0181294,0
607404143358771199,0.0210107,0
607404143492988927,0.0215938,0
607404143627206655,0.0322725,0
607404144969383935,0.0194871,0
607404145103601663,0.0192768,0
607404145237819391,0.0192825,0
607404145372037119,0.0196199,0
607404145506254847,0.0185989,0
607404145640472575,0.0172215,0
607404145774690303,0.0198751,0
607404146043125759,0.0247607,0
607404146177343487,0.0239944,0
607404146311561215,0.0204509,0
607404146445778943,0.0135416,0
607404146579996671,0.0225046,0
607404146714214399,0.0212849,0
607404146848432127,0.0190313,0
607404147116867583,0.0207268,0
607404147251085311,0.0178853,0
607404147385303039,0.022992,0
607404147519520767,0.0193662,0
607404147653738495,0.0206457,0
607404147787956223,0.0196084,0
607404147922173951,0.0205672,0
607404148190609407,0.020022,0
607404148324827135,0.0164685,0
607404148459044863,0.0212334,0
607404148593262591,0.0174566,0
607404148727480319,0.0223653,0
607404148861698047,0.0181903,0
607404148995915775,0.0204745,0
607404149264351231,0.0182784,0
607404149398568959,0.017502,0
607404149532786687,0.0178682,0
607404149667004415,0.0194897,0
607404149801222143,0.0182391,0
607404149935439871,0.0276615,0
607404150069657599,0.0182391,0
607404150338093055,0.0170079,0
607404150472310783,0.0172184,0
607404150606528511,0.0171186,0
607404150740746239,0.0174484,0
607404150874963967,0.0183652,0
607404151009181695,0.0166428,0
607404151143399423,0.0174544,0
607404151411834879,0.0182434,0
607404151546052607,0.0193474,0
607404151680270335,0.0172588,0
607404151814488063,0.0193792,0
607404151948705791,0.0179782,0
607404152082923519,0.019144,0
607404152217141247,0.0175703,0
607404153559318527,0.0222798,0
607404153693536255,0.0197245,0
607404153827753983,0.0238462,0
607404153961971711,0.0169702,0
607404154096189439,0.0264601,0
607404154230407167,0.0227751,0
607404154364624895,0.0244859,0
607404154633060351,0.0207059,0
607404154767278079,0.0192549,0
607404154901495807,0.0181039,0
607404155035713535,0.0195655,0
607404155169931263,0.0220281,0
607404155304148991,0.0200961,0
607404155438366719,0.0221106,0
607404155706802175,0.0176367,0
607404155841019903,0.0139088,0
607404155975237631,0.0159726,0
607404156109455359,0.017889,0
607404156243673087,0.02221,0
607404156377890815,0.0191803,0
607404156512108543,0.0212457,0
607404156780543999,0.0141193,0
607404156914761727,0.0128521,0
607404157048979455,0.0161263,0
607404157183197183,0.0133466,0
607404157317414911,0.0197387,0
607404157451632639,0.0163499,0
607404157585850367,0.015212,0
607404157854285823,0.0292923,0
607404157988503551,0.0310995,0
607404158122721279,0.0317928,0
607404158256939007,0.0269247,0
607404158391156735,0.0332115,0
607404158525374463,0.0343049,0
607404158659592191,0.0329808,0
607404158928027647,0.0234745,0
607404159062245375,0.0218181,0
607404159196463103,0.0259399,0
607404159330680831,0.0225246,0
607404159464898559,0.0317052,0
607404159599116287,0.0188109,0
607404159733334015,0.0303839,0
607404160001769471,0.0237373,0
607404160135987199,0.0206369,0
607404160270204927,0.0235288,0
607404160404422655,0.0225767,0
607404160538640383,0.0309169,0
607404160672858111,0.0236755,0
607404160807075839,0.0239891,0
607404170739187711,0.0217232,0
607404170873405439,0.01697,0
607404171007623167,0.019835,0
607404171141840895,0.0296729,0
607404171276058623,0.0285465,0
607404171410276351,0.0203647,0
607404171544494079,0.0267487,0
607404171812929535,0.0200835,0
607404171947147263,0.0209662,0
607404172081364991,0.0177631,0
607404172215582719,0.020923,0
607404172349800447,0.0185267,0
607404172484018175,0.0201108,0
607404172618235903,0.0183467,0
607404172886671359,0.0188068,0
607404173020889087,0.0186403,0
607404173155106815,0.0224463,0
607404173289324543,0.0218017,0
607404173423542271,0.0200262,0
607404173557759999,0.0184743,0
607404173691977727,0.022979,0
607404173960413183,0.0208866,0
607404174094630911,0.0207792,0
607404174228848639,0.0208942,0
607404174363066367,0.0212798,0
607404174497284095,0.0189322,0
607404174631501823,0.0212315,0
607404174765719551,0.0177362,0
607404175034155007,0.0167524,0
607404175168372735,0.0192076,0
607404175302590463,0.0171411,0
607404175436808191,0.0207428,0
607404175571025919,0.0188527,0
607404175705243647,0.0211692,0
607404175839461375,0.0194497,0
607404176107896831,0.0217194,0
607404176242114559,0.0240492,0
607404176376332287,0.0213213,0
607404176510550015,0.0219371,0
607404176644767743,0.0219296,0
607404176778985471,0.0220104,0
607404176913203199,0.0211791,0
607404177181638655,0.0241619,0
607404177315856383,0.0198458,0
607404177450074111,0.0226183,0
607404177584291839,0.0196958,0
607404177718509567,0.0221555,0
607404177852727295,0.020264,0
607404177986945023,0.0222375,0
607404179329122303,0.0224516,0
607404179463340031,0.0336415,0
607404179597557759,0.0214728,0
607404179731775487,0.0323885,0
607404179865993215,0.0189314,0
607404180000210943,0.0206525,0
607404180134428671,0.0198378,0
607404180402864127,0.0358208,0
607404180537081855,0.0323696,0
607404180671299583,0.0340744,0
607404180805517311,0.0318201,0
607404180939735039,0.0231174,0
607404181073952767,0.0216166,0
607404181208170495,0.0344533,0
607404181476605951,0.0226979,0
607404181610823679,0.0228481,0
607404181745041407,0.0221985,0
607404181879259135,0.0219365,0
607404182013476863,0.0217199,0
607404182147694591,0.0326906,0
607404182281912319,0.0214706,0
607404182550347775,0.0298423,0
607404182684565503,0.0249775,0
607404182818783231,0.0234481,0
607404182953000959,0.0321523,0
607404183087218687,0.0213212,0
607404183221436415,0.0312985,0
607404183355654143,0.033808,0
607404183624089599,0.020408,0
607404183758307327,0.0199956,0
607404183892525055,0.0210118,0
607404184026742783,0.0202003,0
607404184160960511,0.0197882,0
607404184295178239,0.0208114,0
607404184429395967,0.0198741,0
607404184697831423,0.0229506,0
607404184832049151,0.0192224,0
607404184966266879,0.019492,0
607404185100484607,0.0205944,0
607404185234702335,0.0209198,0
607404185368920063,0.0211398,0
607404185503137791,0.020547,0
607404185771573247,0.0214751,0
607404185905790975,0.0207477,0
607404186040008703,0.0224597,0
607404186174226431,0.0214147,0
607404186308444159,0.0198075,0
607404186442661887,0.0202095,0
607404186576879615,0.0202902,0
607404189529669631,0.0260669,0
607404189663887359,0.0223594,0
607404192885112831,0.0261397,0
607404193287766015,0.0254765,0
607404193421983743,0.021605,0
607404193690419199,0.0273573,0
607404193824636927,0.029588,0
607404193958854655,0.0242421,0
607404194093072383,0.0301125,0
607404196643209215,0.0254014,0
607404197045862399,0.0255992,0
607404197180080127,0.0266559,0
607404197582733311,0.0263512,0
607404197716951039,0.0292747,0
607404197851168767,0.0240568,0
607404197985386495,0.0272816,0
607404198119604223,0.0237794,0
607404198253821951,0.02782,0
607404198388039679,0.0275438,0
607404200803958783,0.0258897,0
607404200938176511,0.0261451,0
607404201072394239,0.0274044,0
607404201206611967,0.029129,0
607404201340829695,0.0212021,0
607404201475047423,0.0242666,0
607404201609265151,0.0248851,0
607404201877700607,0.0233641,0
607404202011918335,0.0227363,0
607404202146136063,0.0227922,0
607404202280353791,0.0252756,0
607404202414571519,0.0219862,0
607404202548789247,0.0212607,0
607404202683006975,0.0221557,0
607404205098926079,0.0349986,0
607404205233143807,0.0286351,0
607404205367361535,0.0454557,0
607404205501579263,0.0283914,0
607404205635796991,0.0360625,0
607404205770014719,0.0308637,0
607404205904232447,0.0328592,0
607404206172667903,0.0198496,0
607404206306885631,0.017775,0
607404206441103359,0.0223206,0
607404206575321087,0.016912,0
607404206709538815,0.0445134,0
607404206843756543,0.0193892,0
607404206977974271,0.0290714,0
607404207246409727,0.0394657,0
607404207380627455,0.0268864,0
607404207514845183,0.0428636,0
607404207649062911,0.0179017,0
607404207783280639,0.0491229,0
607404207917498367,0.0374181,0
607404208051716095,0.0508645,0
607404208320151551,0.0183956,0
607404208454369279,0.0243582,0
607404208588587007,0.0179395,0
607404208722804735,0.0209903,0
607404208857022463,0.0221105,0
607404208991240191,0.0186156,0
607404209125457919,0.0374309,0
607404209393893375,0.0309218,0
607404209528111103,0.0333066,0
607404209662328831,0.0310197,0
607404209796546559,0.0327277,0
607404209930764287,0.0279262,0
607404210064982015,0.027836,0
607404210199199743,0.0307747,0
607404210467635199,0.0315595,0
607404210601852927,0.0430124,0
607404210736070655,0.0276789,0
607404210870288383,0.0313119,0
607404211004506111,0.0574555,0
607404211138723839,0.0450579,0
607404211272941567,0.0265562,0
607404211541377023,0.0274287,0
607404211675594751,0.040516,0
607404211809812479,0.0282159,0
607404211944030207,0.0377274,0
607404212078247935,0.0303463,0
607404212212465663,0.0294051,0
607404212346683391,0.0287663,0
607404213688860671,0.019416,0
607404213823078399,0.0210029,0
607404213957296127,0.018471,0
607404214091513855,0.0205975,0
607404214225731583,0.0176051,0
607404214359949311,0.0206888,0
607404214494167039,0.0180203,0
607404214762602495,0.0198705,0
607404214896820223,0.0204288,0
607404215031037951,0.0197227,0
607404215165255679,0.0291537,0
607404215299473407,0.0144537,0
607404215433691135,0.0146473,0
607404215567908863,0.0210029,0
607404215836344319,0.0187667,0
607404215970562047,0.0202161,0
607404216104779775,0.0196361,0
607404216238997503,0.0202821,0
607404216373215231,0.0178736,0
607404216507432959,0.0204572,0
607404216641650687,0.0214955,0
607404216910086143,0.0344311,0
607404217044303871,0.020524,0
607404217178521599,0.0196934,0
607404217312739327,0.0209203,0
607404217446957055,0.020933,0
607404217581174783,0.0211266,0
607404217715392511,0.0214172,0
607404217983827967,0.0225673,0
607404218118045695,0.0176051,0
607404218252263423,0.0230039,0
607404218386481151,0.0208355,0
607404218520698879,0.0209895,0
607404218654916607,0.0131827,0
607404218789134335,0.0215618,0
607404219057569791,0.0146226,0
607404219191787519,0.0137515,0
607404219326005247,0.0206888,0
607404219460222975,0.0195586,0
607404219594440703,0.0117371,0
607404219728658431,0.0175001,0
607404219862876159,0.0117371,0
607404220131311615,0.0207621,0
607404220265529343,0.0178736,0
607404220399747071,0.031346,0
607404220533964799,0.0187949,0
607404220668182527,0.0177518,0
607404220802400255,0.0210891,0
607404220936617983,0.0176784,0
607404222278795263,0.0405512,0
607404222413012991,0.0440478,0
607404222547230719,0.0361694,0
607404222681448447,0.0495191,0
607404222815666175,0.0342813,0
607404222949883903,0.0328231,0
607404223084101631,0.0371468,0
607404223352537087,0.0296926,0
607404223486754815,0.0178176,0
607404223620972543,0.0275366,0
607404223755190271,0.0224721,0
607404223889407999,0.0340594,0
607404224023625727,0.0194723,0
607404224157843455,0.0317085,0
607404224426278911,0.0443278,0
607404224560496639,0.0475885,0
607404224963149823,0.0374566,0
607404225097367551,0.0477835,0
607404225231585279,0.0401791,0
607404225500020735,0.024525,0
607404225634238463,0.0231903,0
607404225768456191,0.0261771,0
607404225902673919,0.0242419,0
607404226036891647,0.0376021,0
607404226171109375,0.0232579,0
607404226305327103,0.0385895,0
607404226573762559,0.0390858,0
607404226707980287,0.036183,0
607404226842198015,0.03166,0
607404226976415743,0.0352446,0
607404227110633471,0.0306686,0
607404227244851199,0.0380536,0
607404227379068927,0.0333234,0
607404227647504383,0.0265828,0
607404227781722111,0.0385358,0
607404227915939839,0.0279195,0
607404228050157567,0.0281225,0
607404228184375295,0.0269378,0
607404228318593023,0.0313567,0
607404228452810751,0.0333376,0
607404228721246207,0.0372746,0
607404228855463935,0.040604,0
607404228989681663,0.0313881,0
607404229123899391,0.0355322,0
607404229258117119,0.0309866,0
607404229392334847,0.0363796,0
607404229526552575,0.0374217,0
607409943309451263,1.22868,0
607409944248975359,1.39986,0
607409944383193087,1.98689,0
607409944517410815,1.2981,0
607409944651628543,1.09685,0
607409944785846271,1.29649,0
607409944920063999,1.82161,0
607409945054281727,1.25989,0
607409945456934911,0.73862,0
607409946396459007,1.33571,0
607409946530676735,1.57716,0
607409946664894463,1.19148,0
607409946799112191,1.25847,0
607409946933329919,1.23074,0
607409947067547647,1.40313,0
607409947201765375,1.09045,0
607409948678160383,1.18814,0
607409948946595839,1.2506,0
607409951765168127,1.25349,0
607409951899385855,1.13581,0
607409952033603583,1.31318,0
607409952167821311,1.35886,0
607409952302039039,1.13205,0
607409952436256767,1.0847,0
607409952570474495,2.37258,0
607409952838909951,1.17794,0
607409952973127679,1.20533,0
607409953107345407,1.1608,0
607409953241563135,1.24398,0
607409953375780863,1.11397,0
607409953509998591,1.23636,0
607409953644216319,1.08062,0
607409953912651775,1.35886,0
607409954046869503,1.41893,0
607409954181087231,1.80459,0
607409954315304959,1.30582,0
607409954449522687,2.37073,0
607409954583740415,1.28562,0
607409954717958143,2.26396,0
607409954986393599,1.23694,0
607409955120611327,1.31704,0
607409955254829055,1.16908,0
607409955389046783,1.31402,0
607409955523264511,1.10166,0
607409955657482239,1.23048,0
607409955791699967,1.15608,0
607409956060135423,2.15862,0
607409956194353151,2.10303,0
607409956328570879,2.2081,0
607409956462788607,2.20795,0
607409956731224063,1.22762,0
607409956865441791,2.31906,0
607409957133877247,1.19187,0
607409957268094975,1.07603,0
607409957402312703,1.18361,0
607409957536530431,1.1139,0
607409957939183615,1.11768,0
607409958207619071,2.39962,0
607409958341836799,2.22643,0
607409958476054527,2.17153,0
607409958744489983,1.93284,0
607409959012925439,1.18034,0
607409968945037311,1.40714,0
607409969079255039,1.13525,0
607409969213472767,1.19469,0
607409969347690495,1.0929,0
607409969481908223,1.26308,0
607409969616125951,1.31459,0
607409969750343679,1.18731,0
607409970018779135,2.47051,0
607409970152996863,1.21999,0
607409970287214591,1.21881,0
607409970421432319,1.15892,0
607409970555650047,2.0929,0
607409970689867775,1.31524,0
607409970824085503,2.32044,0
607409971092520959,1.13586,0
607409971226738687,1.37595,0
607409971360956415,0.736742,0
607409971495174143,1.13992,0
607409971629391871,1.05419,0
607409971763609599,1.31784,0
607409971897827327,0.697753,0
607409972166262783,1.12776,0
607409972300480511,1.04648,0
607409972434698239,1.0285,0
607409972568915967,1.16741,0
607409972703133695,1.08597,0
607409972837351423,1.03672,0
607409972971569151,1.02106,0
607409973240004607,0.834757,0
607409973374222335,1.31434,0
607409973508440063,0.749013,0
607409973642657791,1.15623,0
607409973776875519,0.754625,0
607409973911093247,1.26467,0
607409974045310975,0.744195,0
607409974313746431,1.38163,0
607409974447964159,2.39739,0
607409974582181887,1.52939,0
607409974716399615,2.37976,0
607409974850617343,1.46521,0
607409974984835071,2.41004,0
607409975119052799,1.45598,0
607409975387488255,0.721493,0
607409975521705983,0.783456,0
607409975655923711,0.625658,0
607409975790141439,0.744725,0
607409975924359167,0.744808,0
607409976058576895,0.82714,0
607409988540825599,1.75468,0
607409988675043327,2.16384,0
607410014310629375,1.31257,0
607410014444847103,1.30282,0
607410022900563967,0.88493,0
607410023034781695,0.81915,0
607410029074579455,1.16769,0
607410029208797183,1.21921,0
607410029343014911,1.20688,0
607410029477232639,1.20917,0
607410029611450367,1.18028,0
607410029745668095,1.17944,0
607410029879885823,1.18655,0
607410030148321279,1.3574,0
607410030282539007,1.3279,0
607410030416756735,1.34573,0
607410030550974463,1.34862,0
607410030685192191,1.32032,0
607410030819409919,1.31026,0
607410030953627647,1.2552,0
607410031222063103,1.22547,0
607410031356280831,1.25086,0
607410031490498559,1.25513,0
607410031624716287,1.23317,0
607410031758934015,1.24214,0
607410031893151743,1.21468,0
607410032027369471,1.23716,0
607410032295804927,1.37871,0
607410032430022655,1.38114,0
607410032564240383,1.34011,0
607410032698458111,1.40519,0
607410032832675839,1.2859,0
607410032966893567,1.35775,0
607410033101111295,1.28743,0
607410033369546751,1.14643,0
607410033503764479,1.16235,0
607410033637982207,1.14559,0
607410033772199935,1.17579,0
607410033906417663,1.14938,0
607410034040635391,1.15424,0
607410034174853119,1.16827,0
607410034443288575,1.16457,0
607410034577506303,1.24388,0
607410034711724031,1.16319,0
607410034845941759,1.19478,0
607410035248594943,1.17885,0
607410035517030399,1.17635,0
607410035651248127,1.18762,0
607410035785465855,1.25054,0
607410035919683583,1.20168,0
607410036053901311,1.17703,0
607410036188119039,1.17557,0
607410036322336767,1.19725,0
607410037664514047,1.05501,0
607410037798731775,0.943441,0
607410037932949503,1.14176,0
607410038067167231,1.00379,0
607410038201384959,1.08369,0
607410038335602687,0.984949,0
607410038469820415,1.13076,0
607410038738255871,0.894229,0
607410038872473599,0.84843,0
607410039006691327,0.887173,0
607410039140909055,0.857666,0
607410039275126783,0.900136,0
607410039409344511,0.847989,0
607410039543562239,0.9198,0
607410039811997695,1.10053,0
607410039946215423,0.955426,0
607410040080433151,1.10775,0
607410040214650879,0.984389,0
607410040348868607,1.15901,0
607410040483086335,1.05125,0
607410040617304063,1.15246,0
607410040885739519,0.890356,0
607410041019957247,0.858116,0
607410041154174975,0.892226,0
607410041288392703,0.837117,0
607410041422610431,0.932096,0
607410041556828159,0.863895,0
607410041691045887,0.965444,0
607410041959481343,1.1595,0
607410042093699071,1.10249,0
607410042227916799,1.25022,0
607410042362134527,1.14378,0
607410042496352255,1.25225,0
607410042630569983,1.14297,0
607410042764787711,1.31606,0
607410043033223167,0.976913,0
607410043167440895,0.943883,0
607410043301658623,1.03096,0
607410043435876351,0.936725,0
607410043838529535,1.08872,0
607410044106964991,1.29712,0
607410044241182719,1.20695,0
607410044375400447,1.35043,0
607410044509618175,1.21234,0
607410044643835903,1.32967,0
607410044778053631,1.18584,0
607410044912271359,1.35925,0
607410065850236927,1.20104,0
607410065984454655,1.15785,0
607410492931047423,0.679752,0
607410493065265151,0.670325,0
607410493199482879,0.690568,0
607410493333700607,0.685548,0
607410493467918335,0.65247,0
607410493602136063,0.67494,0
607410493736353791,0.665914,0
607410494004789247,0.670088,0
607410494139006975,0.687101,0
607410494273224703,0.674576,0
607410494407442431,0.688462,0
607410494541660159,0.690072,0
607410494675877887,0.716562,0
607410494810095615,0.670221,0
607410495078531071,0.681898,0
607410495212748799,0.686085,0
607410495346966527,0.686019,0
607410495481184255,0.686646,0
607410495615401983,0.681919,0
607410495749619711,0.695285,0
607410495883837439,0.663562,0
607410496152272895,0.687036,0
607410496286490623,0.6916,0
607410496420708351,0.680201,0
607410496554926079,0.68177,0
607410496689143807,0.679807,0
607410496823361535,0.718479,0
607410496957579263,0.67818,0
607410497226014719,0.631369,0
607410497360232447,0.622075,0
607410497494450175,0.631997,0
607410497628667903,0.629612,0
607410498031321087,0.604379,0
607410498568191999,0.643811,0
607410498702409727,0.649436,0
607410499373498367,0.63224,0
607410499507716095,0.685664,0
607410499641933823,0.633,0
607410499776151551,0.668109,0
607410499910369279,0.621675,0
607410500044587007,0.631701,0
607410500178804735,0.628427,0
607410501520982015,0.686123,0
607410501655199743,0.67219,0
607410501789417471,0.710809,0
607410501923635199,0.698073,0
607410502057852927,0.688694,0
607410502192070655,0.694176,0
607410502326288383,0.677344,0
607410502594723839,0.690855,0
607410502728941567,0.680699,0
607410502863159295,0.67765,0
607410502997377023,0.697159,0
607410503131594751,0.701451,0
607410503265812479,0.725045,0
607410503400030207,0.694826,0
607410503668465663,0.670923,0
607410503802683391,0.705571,0
607410503936901119,0.679747,0
607410504071118847,0.68115,0
607410504205336575,0.68281,0
607410504339554303,0.705397,0
607410504473772031,0.676708,0
607410504742207487,0.691595,0
607410504876425215,0.693033,0
607410505010642943,0.705528,0
607410505144860671,0.715206,0
607410505279078399,0.687552,0
607410505413296127,0.69312,0
607410505547513855,0.711846,0
607410505815949311,0.700365,0
607410505950167039,0.692807,0
607410506084384767,0.680621,0
607410506218602495,0.675078,0
607410506621255679,0.712212,0
607410507158126591,0.720476,0
607410507292344319,0.703434,0
607410507963432959,0.708661,0
607410508097650687,0.696798,0
607410508231868415,0.68636,0
607410508366086143,0.672066,0
607410508500303871,0.679582,0
607410508634521599,0.673116,0
607410508768739327,0.719529,0
607410510110916607,0.666002,0
607410510245134335,0.659366,0
607410510379352063,0.673145,0
607410510513569791,0.648959,0
607410510647787519,0.661439,0
607410510782005247,0.649661,0
607410510916222975,0.688995,0
607410511184658431,0.6544,0
607410511318876159,0.702597,0
607410511453093887,0.664571,0
607410511587311615,0.658918,0
607410511721529343,0.673778,0
607410511855747071,0.6967,0
607410511989964799,0.656288,0
607410512258400255,0.645969,0
607410512392617983,0.663291,0
607410512526835711,0.632701,0
607410512661053439,0.632612,0
607410512795271167,0.655007,0
607410512929488895,0.671045,0
607410513063706623,0.644346,0
607410513332142079,0.653278,0
607410513466359807,0.662222,0
607410513600577535,0.646003,0
607410513734795263,0.64655,0
607410513869012991,0.664088,0
607410514003230719,0.677059,0
607410514137448447,0.662895,0
607410514405883903,0.627798,0
607410514540101631,0.65144,0
607410514674319359,0.626598,0
607410514808537087,0.654674,0
607410514942754815,0.655622,0
607410515076972543,0.655782,0
607410515211190271,0.642059,0
607410515479625727,0.640334,0
607410515613843455,0.66746,0
607410515748061183,0.664371,0
607410515882278911,0.663687,0
607410516016496639,0.641795,0
607410516150714367,0.630169,0
607410516284932095,0.677097,0
607410516553367551,0.630651,0
607410516687585279,0.660292,0
607410516821803007,0.612719,0
607410516956020735,0.669139,0
607410517090238463,0.633316,0
607410517224456191,0.636253,0
607410517358673919,0.624258,0
607410518700851199,0.710032,0
607410518835068927,0.713928,0
607410518969286655,0.700242,0
607410519103504383,0.722438,0
607410519237722111,0.695583,0
607410519371939839,0.692614,0
607410519506157567,0.704008,0
607410519774593023,0.683114,0
607410519908810751,0.685889,0
607410520043028479,0.694471,0
607410520177246207,0.840649,0
607410520311463935,0.696135,0
607410520445681663,0.681869,0
607410520579899391,0.706198,0
607410520848334847,0.850128,0
607410520982552575,0.865255,0
607410521116770303,0.839096,0
607410521250988031,0.852205,0
607410521385205759,0.691715,0
607410521519423487,0.847861,0
607410521653641215,0.785271,0
607410521922076671,0.850076,0
607410522056294399,0.821448,0
607410522190512127,0.859493,0
607410522324729855,0.841775,0
607410522458947583,0.849276,0
607410522593165311,0.854351,0
607410522727383039,0.855293,0
607410522995818495,0.703463,0
607410523130036223,0.714607,0
607410523264253951,0.703097,0
607410523398471679,0.697472,0
607410523532689407,0.697604,0
607410523666907135,0.695886,0
607410523801124863,0.693958,0
607410524069560319,0.695543,0
607410524203778047,0.680949,0
607410524337995775,0.692074,0
607410524472213503,0.701273,0
607410524606431231,0.689828,0
607410524740648959,0.672881,0
607410524874866687,0.694714,0
607410525143302143,0.706776,0
607410525277519871,0.709596,0
607410525411737599,0.657372,0
607410525545955327,0.697767,0
607410525680173055,0.708902,0
607410525814390783,0.714847,0
607410525948608511,0.66648,0
607410544470654975,0.627161,0
607410544604872703,0.626831,0
607410544739090431,0.632381,0
607410544873308159,0.64189,0
607410545007525887,0.629928,0
607410545141743615,0.620093,0
607410545275961343,0.644013,0
607410545544396799,0.63142,0
607410545678614527,0.605955,0
607410545812832255,0.623627,0
607410545947049983,0.622247,0
607410546081267711,0.601178,0
607410546215485439,0.611237,0
607410546349703167,0.615366,0
607410546618138623,0.636144,0
607410546752356351,0.645811,0
607410546886574079,0.635864,0
607410547020791807,0.656475,0
607410547155009535,0.648812,0
607410547289227263,0.664443,0
607410547423444991,0.642667,0
607410547691880447,0.654264,0
607410547826098175,0.653207,0
607410547960315903,0.636093,0
607410548094533631,0.656842,0
607410548228751359,0.626106,0
607410548362969087,0.639523,0
607410548497186815,0.641105,0
607410548765622271,0.652289,0
607410548899839999,0.637153,0
607410549034057727,0.667758,0
607410549168275455,0.647548,0
607410549302493183,0.671442,0
607410549436710911,0.674412,0
607410549570928639,0.660172,0
607410549839364095,0.646747,0
607410550107799551,0.618883,0
607410550242017279,0.62215,0
607410550644670463,0.665768,0
607410550913105919,0.687595,0
607410551047323647,0.661859,0
607410551181541375,0.65874,0
607410551315759103,0.682705,0
607410551449976831,0.661408,0
607410551584194559,0.669563,0
607410551718412287,0.659881,0
607410578830393343,0.726475,0
607410578964611071,0.73238,0
607410579098828799,0.704221,0
607410579233046527,0.721574,0
607410579367264255,0.71628,0
607410579501481983,0.75376,0
607410579635699711,0.713516,0
607410579904135167,0.756232,0
607410580038352895,0.751446,0
607410580172570623,0.723186,0
607410580306788351,0.724208,0
607410580441006079,0.753873,0
607410580575223807,0.755023,0
607410580709441535,0.740805,0
607410580977876991,0.798172,0
607410581112094719,0.791373,0
607410581246312447,0.827354,0
607410581380530175,0.849101,0
607410581514747903,0.717885,0
607410581648965631,0.770363,0
607410581783183359,0.789625,0
607410582051618815,0.734882,0
607410582185836543,0.726144,0
607410582320054271,0.775129,0
607410582454271999,0.76073,0
607410582588489727,0.698611,0
607410582722707455,0.731099,0
607410582856925183,0.751632,0
607410583125360639,0.740283,0
607410583259578367,0.712657,0
607410583393796095,0.727438,0
607410583528013823,0.728592,0
607410583930667007,0.709929,0
607410584467537919,0.730852,0
607410584601755647,0.750771,0
607410585272844287,0.711529,0
607410585407062015,0.710415,0
607410585541279743,0.702021,0
607410585675497471,0.715657,0
607410585809715199,0.709028,0
607410585943932927,0.721995,0
607410586078150655,0.692861,0
607410587420327935,0.840287,0
607410587554545663,0.801605,0
607410587688763391,0.819682,0
607410587822981119,0.798636,0
607410587957198847,0.845979,0
607410588091416575,0.84407,0
607410588225634303,0.8449,0
607410588494069759,0.775408,0
607410588628287487,0.759693,0
607410588762505215,0.829863,0
607410588896722943,0.777428,0
607410589030940671,0.777419,0
607410589165158399,0.747231,0
607410589299376127,0.819419,0
607410589567811583,0.799363,0
607410589702029311,0.773881,0
607410589836247039,0.837285,0
607410589970464767,0.800431,0
607410590104682495,0.782185,0
607410590238900223,0.759089,0
607410590373117951,0.779914,0
607410590641553407,0.75605,0
607410590775771135,0.752258,0
607410590909988863,0.772365,0
607410591044206591,0.73288,0
607410591178424319,0.778602,0
607410591312642047,0.801762,0
607410591446859775,0.745226,0
607410591715295231,0.786012,0
607410591849512959,0.815214,0
607410591983730687,0.751071,0
607410592117948415,0.815602,0
607410592520601599,0.744871,0
607410593057472511,0.823745,0
607410593191690239,0.783133,0
607410593862778879,0.755735,0
607410593996996607,0.803361,0
607410594131214335,0.728584,0
607410594265432063,0.740209,0
607410594399649791,0.785163,0
607410594533867519,0.812237,0
607410594668085247,0.744642,0
607410787404742655,0.75282,0
607410787538960383,0.739573,0
607410795994677247,0.673071,0
607410796128894975,0.669053,0
607410975175344127,0.421501,0
607410975443779583,0.295292,0
607410975712215039,0.444845,0
607410977322827775,0.259497,0
607410977591263231,0.24667,0
607410977859698687,0.260276,0
607410982557319167,0.520078,0
607410982691536895,0.589368,0
607410982825754623,0.370155,0
607410982959972351,0.44211,0
607410983094190079,0.529982,0
607410983228407807,0.590954,0
607410983362625535,0.474977,0
607410983631060991,0.649947,0
607410983765278719,0.77431,0
607410983899496447,0.673482,0
607410984033714175,0.663104,0
607410984167931903,0.742777,0
607410984302149631,0.701027,0
607410984436367359,0.670605,0
607410984704802815,0.37329,0
607410984839020543,0.431475,0
607410984973238271,0.329271,0
607410985107455999,0.381072,0
607410985241673727,0.355471,0
607410985375891455,0.415957,0
607410985510109183,0.314351,0
607410985778544639,0.552124,0
607410985912762367,0.596103,0
607410986046980095,0.510339,0
607410986181197823,0.498112,0
607410986315415551,0.557246,0
607410986449633279,0.61081,0
607410986583851007,0.467254,0
607410986852286463,0.579743,0
607410986986504191,0.60243,0
607410987120721919,0.467525,0
607410987254939647,0.499542,0
607410987389157375,0.597562,0
607410987523375103,0.639829,0
607410987657592831,0.471976,0
607410987926028287,0.703143,0
607410988060246015,0.778296,0
607410988194463743,0.616537,0
607410988328681471,0.68725,0
607410988462899199,0.735263,0
607410988597116927,0.795186,0
607410988731334655,0.638999,0
607410988999770111,0.303181,0
607410989133987839,0.331101,0
607410989268205567,0.267107,0
607410989402423295,0.320711,0
607410989536641023,0.330533,0
607410989670858751,0.399976,0
607410989805076479,0.269659,0
607410999737188351,0.20654,0
607410999871406079,0.224806,0
607411000005623807,0.14747,0
607411000139841535,0.193007,0
607411000274059263,0.188832,0
607411000408276991,0.231273,0
607411000542494719,0.165167,0
607411000810930175,0.265798,0
607411000945147903,0.296178,0
607411001079365631,0.226361,0
607411001213583359,0.243893,0
607411001347801087,0.262037,0
607411001482018815,0.29068,0
607411001616236543,0.249461,0
607411001884671999,0.174445,0
607411002018889727,0.22052,0
607411002153107455,0.128006,0
607411002287325183,0.185377,0
607411002421542911,0.224125,0
607411002555760639,0.200199,0
607411002689978367,0.18581,0
607411002958413823,0.238181,0
607411003092631551,0.250915,0
607411003226849279,0.257708,0
607411003361067007,0.278937,0
607411003495284735,0.207165,0
607411003629502463,0.212946,0
607411003763720191,0.226828,0
607411004166373375,0.172002,0
607411005105897471,0.275749,0
607411005240115199,0.295645,0
607411005374332927,0.179721,0
607411005508550655,0.225088,0
607411005642768383,0.261497,0
607411005776986111,0.292509,0
607411005911203839,0.219277,0
607411006313857023,0.158493,0
607411016917057535,0.678664,0
607411017051275263,0.682086,0
607411017319710719,0.718874,0
607411017588146175,0.821787,0
607411017990799359,0.557024,0
607411018125017087,0.893082,0
607411018259234815,0.56812,0
607411018393452543,0.761516,0
607411018527670271,0.640786,0
607411018661887999,0.894134,0
607411018796105727,0.592273,0
607411019064541183,0.51851,0
607411019198758911,0.599651,0
607411019467194367,0.572372,0
607411019735629823,0.700386,0
607411020138283007,0.546107,0
607411020272500735,0.709021,0
607411020406718463,0.678466,0
607411020540936191,0.534003,0
607411020675153919,0.547335,0
607411020809371647,0.564106,0
607411020943589375,0.674191,0
607411022285766655,0.660954,0
607411022419984383,0.670244,0
607411022554202111,0.796815,0
607411022688419839,0.604508,0
607411022822637567,0.629785,0
607411022956855295,0.678985,0
607411119996272639,0.225902,0
607411120130490367,0.297167,0
607411120264708095,0.206516,0
607411120398925823,0.237369,0
607411120533143551,0.175942,0
607411120667361279,0.23835,0
607411120801579007,0.171276,0
607411121070014463,0.227784,0
607411121204232191,0.206468,0
607411121338449919,0.244872,0
607411121472667647,0.194896,0
607411121606885375,0.250948,0
607411121741103103,0.248762,0
607411121875320831,0.340211,0
607411122143756287,0.170556,0
607411122277974015,0.264397,0
607411122412191743,0.154824,0
607411122546409471,0.188296,0
607411122680627199,0.179141,0
607411122814844927,0.274187,0
607411122949062655,0.0972151,0
607411123217498111,0.221505,0
607411123351715839,0.195057,0
607411123485933567,0.178297,0
607411123620151295,0.19644,0
607411123754369023,0.279696,0
607411123888586751,0.174856,0
607411124022804479,0.198769,0
607411124291239935,0.136082,0
607411124425457663,0.158143,0
607411124559675391,0.105896,0
607411124693893119,0.125444,0
607411124828110847,0.0412191,0
607411124962328575,0.183984,0
607411125364981759,0.302465,0
607411125499199487,0.417632,0
607411125633417215,0.224258,0
607411125767634943,0.374697,0
607411125901852671,0.240178,0
607411126036070399,0.332359,0
607411126170288127,0.213457,0
607411126438723583,0.147364,0
607411126572941311,0.163756,0
607411126707159039,0.14321,0
607411126841376767,0.118278,0
607411126975594495,0.107364,0
607411127109812223,0.157546,0
607411137176141823,0.0601132,0
607411137310359551,0.106479,0
607411137578795007,0.113076,0
607411137847230463,0.112785,0
607411138249883647,0.187889,0
607411138384101375,0.172378,0
607411138518319103,0.152806,0
607411138652536831,0.169593,0
607411138786754559,0.141451,0
607411138920972287,0.16003,0
607411139055190015,0.142605,0
607411139323625471,0.0497395,0
607411139457843199,0.0847104,0
607411139726278655,0.0764429,0
607411139994714111,0.0802371,0
607411140397367295,0.174506,0
607411140531585023,0.135686,0
607411140665802751,0.114993,0
607411140800020479,0.134666,0
607411140934238207,0.155793,0
607411141068455935,0.241628,0
607411141202673663,0.115011,0
607411142544850943,0.115139,0
607411142679068671,0.0813464,0
607411142813286399,0.0701821,0
607411142947504127,0.108288,0
607411143215939583,0.0837438,0
607411155563970559,0.184376,0
607411155832406015,0.167681,0
607411155966623743,0.0652355,0
607411156100841471,0.161347,0
607411157577236479,0.0603316,0
607411157711454207,0.21328,0
607411157845671935,0.0577342,0
607411157979889663,0.179708,0
607411158248325119,0.251746,0
607411455003721727,0.50667,0
607411455137939455,0.522852,0
607411455272157183,0.485983,0
607411455406374911,0.500617,0
607411455540592639,0.487508,0
607411455674810367,0.49137,0
607411455809028095,0.497183,0
607411456077463551,0.575044,0
607411456211681279,0.590986,0
607411456345899007,0.609677,0
607411456480116735,0.61986,0
607411456614334463,0.547697,0
607411456748552191,0.507791,0
607411456882769919,0.549196,0
607411457151205375,0.488317,0
607411457285423103,0.593388,0
607411457419640831,0.499914,0
607411457553858559,0.536803,0
607411457688076287,0.478081,0
607411457822294015,0.486703,0
607411457956511743,0.476613,0
607411458224947199,0.593733,0
607411458359164927,0.626331,0
607411458493382655,0.596987,0
607411458627600383,0.613912,0
607411458761818111,0.614542,0
607411458896035839,0.566173,0
607411459030253567,0.598266,0
607411459298689023,0.454573,0
607411459432906751,0.467079,0
607411459567124479,0.455832,0
607411459701342207,0.479105,0
607411459835559935,0.517041,0
607411459969777663,0.51857,0
607411460103995391,0.414468,0
607411460372430847,0.49072,0
607411460506648575,0.494707,0
607411460640866303,0.501993,0
607411460775084031,0.497267,0
607411460909301759,0.523105,0
607411461043519487,0.47932,0
607411461177737215,0.489093,0
607411461446172671,0.45718,0
607411461580390399,0.460311,0
607411461714608127,0.452694,0
607411461848825855,0.444752,0
607411461983043583,0.431599,0
607411462117261311,0.455272,0
607411462251479039,0.433045,0
607411463593656319,0.668586,0
607411463727874047,0.623868,0
607411463862091775,0.676201,0
607411463996309503,0.670378,0
607411464130527231,0.619366,0
607411464264744959,0.628153,0
607411464398962687,0.618889,0
607411464667398143,0.692054,0
607411464801615871,0.724408,0
607411464935833599,0.712783,0
607411465070051327,0.708756,0
607411465204269055,0.70959,0
607411465338486783,0.748899,0
607411465472704511,0.628837,0
607411465741139967,0.648773,0
607411465875357695,0.626276,0
607411466009575423,0.659538,0
607411466143793151,0.66669,0
607411466278010879,0.625932,0
607411466412228607,0.656788,0
607411466546446335,0.63733,0
607411466814881791,0.72757,0
607411466949099519,0.756809,0
607411467083317247,0.704095,0
607411467217534975,0.74217,0
607411467351752703,0.662413,0
607411467485970431,0.751527,0
607411467620188159,0.627738,0
607411467888623615,0.576347,0
607411468022841343,0.619489,0
607411468157059071,0.591469,0
607411468291276799,0.582245,0
607411468425494527,0.563726,0
607411468559712255,0.579589,0
607411468693929983,0.562987,0
607411468962365439,0.682942,0
607411469096583167,0.707763,0
607411469230800895,0.688224,0
607411469365018623,0.683115,0
607411469499236351,0.66507,0
607411469633454079,0.698995,0
607411469767671807,0.631932,0
607411470036107263,0.627792,0
607411470170324991,0.603647,0
607411470304542719,0.619948,0
607411470438760447,0.615274,0
607411470572978175,0.64041,0
607411470707195903,0.604994,0
607411470841413631,0.647463,0
607411472183590911,0.402324,0
607411472317808639,0.485703,0
607411472452026367,0.369672,0
607411472586244095,0.442238,0
607411472720461823,0.412241,0
607411472854679551,0.486815,0
607411472988897279,0.377696,0
607411473257332735,0.52118,0
607411473391550463,0.537834,0
607411473525768191,0.487995,0
607411473659985919,0.553804,0
607411473794203647,0.517649,0
607411473928421375,0.551475,0
607411474062639103,0.500345,0
607411474331074559,0.499918,0
607411474465292287,0.494907,0
607411474599510015,0.473215,0
607411474733727743,0.575307,0
607411474867945471,0.468524,0
607411475002163199,0.473762,0
607411475136380927,0.484982,0
607411475404816383,0.483017,0
607411475539034111,0.525791,0
607411475673251839,0.508105,0
607411475807469567,0.519252,0
607411475941687295,0.469579,0
607411476075905023,0.506066,0
607411476210122751,0.468476,0
607411476478558207,0.429295,0
607411476612775935,0.419951,0
607411476746993663,0.46716,0
607411476881211391,0.396064,0
607411477015429119,0.438888,0
607411477149646847,0.398104,0
607411477283864575,0.432186,0
607411477552300031,0.444178,0
607411477686517759,0.534795,0
607411477820735487,0.44642,0
607411477954953215,0.470071,0
607411478089170943,0.432552,0
607411478223388671,0.451459,0
607411478357606399,0.402389,0
607411478626041855,0.374164,0
607411478760259583,0.380529,0
607411478894477311,0.419109,0
607411479028695039,0.437706,0
607411479162912767,0.421658,0
607411479297130495,0.399362,0
607411479431348223,0.401091,0
607411480773525503,0.666417,0
607411480907743231,0.674592,0
607411481041960959,0.660222,0
607411481176178687,0.666877,0
607411481310396415,0.623349,0
607411481444614143,0.648397,0
607411481578831871,0.610846,0
607411481847267327,0.695157,0
607411481981485055,0.718275,0
607411482115702783,0.703292,0
607411482249920511,0.71676,0
607411482384138239,0.659015,0
607411482518355967,0.663095,0
607411482652573695,0.676537,0
607411482921009151,0.634923,0
607411483055226879,0.705744,0
607411483189444607,0.606084,0
607411483323662335,0.660694,0
607411483457880063,0.617371,0
607411483592097791,0.647607,0
607411483726315519,0.574501,0
607411483994750975,0.713659,0
607411484128968703,0.72672,0
607411484263186431,0.739407,0
607411484397404159,0.742936,0
607411484531621887,0.706158,0
607411484665839615,0.704975,0
607411484800057343,0.693139,0
607411485068492799,0.59606,0
607411485202710527,0.640276,0
607411485336928255,0.585488,0
607411485471145983,0.636211,0
607411485605363711,0.593972,0
607411485739581439,0.613946,0
607411485873799167,0.558342,0
607411486142234623,0.63762,0
607411486276452351,0.640042,0
607411486410670079,0.647451,0
607411486544887807,0.636019,0
607411486679105535,0.633289,0
607411486813323263,0.627424,0
607411486947540991,0.64854,0
607411487215976447,0.575135,0
607411487350194175,0.588966,0
607411487484411903,0.560783,0
607411487618629631,0.588921,0
607411487752847359,0.589283,0
607411487887065087,0.591227,0
607411488021282815,0.550958,0
607411489363460095,0.577219,0
607411489497677823,0.5957,0
607411489631895551,0.588352,0
607411489766113279,0.586687,0
607411489900331007,0.595619,0
607411490034548735,0.586359,0
607411490168766463,0.571551,0
607411490437201919,0.606026,0
607411490571419647,0.600763,0
607411490705637375,0.606863,0
607411490839855103,0.584274,0
607411490974072831,0.624527,0
607411491108290559,0.616756,0
607411491242508287,0.62658,0
607411491510943743,0.508152,0
607411491645161471,0.559894,0
607411491779379199,0.514808,0
607411491913596927,0.511792,0
607411492047814655,0.572452,0
607411492182032383,0.552395,0
607411492316250111,0.524464,0
607411492584685567,0.621693,0
607411492718903295,0.573918,0
607411492853121023,0.575492,0
607411492987338751,0.534141,0
607411493121556479,0.605143,0
607411493255774207,0.603392,0
607411493389991935,0.595933,0
607411493658427391,0.561728,0
607411493792645119,0.581518,0
607411493926862847,0.56827,0
607411494061080575,0.568553,0
607411494195298303,0.601497,0
607411494329516031,0.586,0
607411494463733759,0.579192,0
607411494732169215,0.609035,0
607411494866386943,0.596914,0
607411495000604671,0.59869,0
607411495134822399,0.589256,0
607411495269040127,0.595177,0
607411495403257855,0.581233,0
607411495537475583,0.619863,0
607411495805911039,0.559042,0
607411495940128767,0.55597,0
607411496074346495,0.547551,0
607411496208564223,0.53044,0
607411496342781951,0.588825,0
607411496476999679,0.577692,0
607411496611217407,0.560991,0
607411497953394687,0.552494,0
607411498087612415,0.568626,0
607411498221830143,0.540415,0
607411498356047871,0.566114,0
607411498490265599,0.570396,0
607411498624483327,0.569575,0
607411498758701055,0.558943,0
607411499027136511,0.580287,0
607411499161354239,0.635622,0
607411499295571967,0.600056,0
607411499429789695,0.606273,0
607411499564007423,0.590583,0
607411499698225151,0.598744,0
607411499832442879,0.575681,0
607411500100878335,0.534443,0
607411500235096063,0.563792,0
607411500369313791,0.511673,0
607411500503531519,0.530256,0
607411500637749247,0.529997,0
607411500771966975,0.557427,0
607411500906184703,0.51643,0
607411501174620159,0.600853,0
607411501308837887,0.625516,0
607411501443055615,0.593073,0
607411501577273343,0.620046,0
607411501711491071,0.599259,0
607411501845708799,0.606476,0
607411501979926527,0.580563,0
607411502248361983,0.60417,0
607411502382579711,0.602307,0
607411502516797439,0.610738,0
607411502651015167,0.59815,0
607411502785232895,0.595946,0
607411502919450623,0.584725,0
607411503053668351,0.62221,0
607411503322103807,0.586918,0
607411503456321535,0.586083,0
607411503590539263,0.599481,0
607411503724756991,0.589426,0
607411503858974719,0.568629,0
607411503993192447,0.568077,0
607411504127410175,0.57602,0
607411504395845631,0.584565,0
607411504530063359,0.558404,0
607411504664281087,0.572364,0
607411504798498815,0.544058,0
607411504932716543,0.578956,0
607411505066934271,0.571597,0
607411505201151999,0.583396,0
607411506543329279,0.428295,0
607411506677547007,0.456187,0
607411506811764735,0.403717,0
607411506945982463,0.409068,0
607411507080200191,0.489582,0
607411507214417919,0.472878,0
607411507348635647,0.499202,0
607411507617071103,0.404045,0
607411507751288831,0.410429,0
607411507885506559,0.455803,0
607411508019724287,0.394979,0
607411508153942015,0.498241,0
607411508288159743,0.484032,0
607411508422377471,0.496657,0
607411508690812927,0.380021,0
607411508825030655,0.428632,0
607411508959248383,0.396683,0
607411509093466111,0.430132,0
607411509227683839,0.359418,0
607411509361901567,0.403701,0
607411509496119295,0.381095,0
607411509764554751,0.414048,0
607411509898772479,0.432772,0
607411510032990207,0.433903,0
607411510167207935,0.401199,0
607411510301425663,0.4015,0
607411510435643391,0.393939,0
607411510569861119,0.455719,0
607411510838296575,0.53458,0
607411510972514303,0.529973,0
607411511106732031,0.508741,0
607411511240949759,0.501439,0
607411511375167487,0.550071,0
607411511509385215,0.566971,0
607411511643602943,0.549313,0
607411511912038399,0.514579,0
607411512046256127,0.51666,0
607411512180473855,0.50767,0
607411512314691583,0.48648,0
607411512448909311,0.547308,0
607411512583127039,0.528995,0
607411512717344767,0.547358,0
607411512985780223,0.471654,0
607411513119997951,0.353024,0
607411513254215679,0.340024,0
607411513388433407,0.341755,0
607411513522651135,0.515916,0
607411513656868863,0.510576,0
607411513791086591,0.514752,0
607411523723198463,0.867079,0
607411523857416191,0.853404,0
607411523991633919,0.864283,0
607411524125851647,0.874336,0
607411524260069375,0.886492,0
607411524394287103,0.893937,0
607411524528504831,0.840541,0
607411524796940287,0.896147,0
607411524931158015,0.881944,0
607411525065375743,0.845662,0
607411525199593471,0.85232,0
607411525333811199,0.874134,0
607411525468028927,0.904937,0
607411525602246655,0.896066,0
607411525870682111,0.888893,0
607411526004899839,0.893381,0
607411526139117567,0.885877,0
607411526273335295,0.889018,0
607411526407553023,0.872239,0
607411526541770751,0.876893,0
607411526675988479,0.88606,0
607411526944423935,0.871834,0
607411527078641663,0.854411,0
607411527212859391,0.88838,0
607411527347077119,0.87956,0
607411527481294847,0.857273,0
607411527615512575,0.86295,0
607411527749730303,0.875748,0
607411528018165759,0.899714,0
607411528152383487,0.915354,0
607411528286601215,0.84298,0
607411528420818943,0.853404,0
607411528555036671,0.904378,0
607411528689254399,0.904853,0
607411528823472127,0.890722,0
607411529091907583,0.932956,0
607411529226125311,0.901419,0
607411529360343039,0.929349,0
607411529494560767,0.906842,0
607411529628778495,0.895164,0
607411529762996223,0.910509,0
607411529897213951,0.919537,0
607411530165649407,0.852675,0
607411530299867135,0.829291,0
607411530434084863,0.82685,0
607411530568302591,0.849172,0
607411530702520319,0.849715,0
607411530836738047,0.837045,0
607411530970955775,0.84878,0
607411532313133055,0.884711,0
607411532447350783,0.871899,0
607411532581568511,0.90443,0
607411532715786239,0.906854,0
607411532850003967,0.88996,0
607411532984221695,0.881723,0
607411533118439423,0.867871,0
607411533386874879,0.886382,0
607411533521092607,0.878734,0
607411533655310335,0.859645,0
607411533789528063,0.889661,0
607411533923745791,0.871028,0
607411534057963519,0.848101,0
607411534192181247,0.864583,0
607411534460616703,0.904475,0
607411534594834431,0.921548,0
607411534729052159,0.939836,0
607411534863269887,0.937311,0
607411534997487615,0.868793,0
607411535131705343,0.884897,0
607411535265923071,0.914928,0
607411535534358527,0.881572,0
607411535668576255,0.887129,0
607411535802793983,0.923222,0
607411535937011711,0.945855,0
607411536071229439,0.885071,0
607411536205447167,0.892827,0
607411536339664895,0.888907,0
607411536608100351,0.874603,0
607411536742318079,0.863236,0
607411536876535807,0.882457,0
607411537010753535,0.865007,0
607411537144971263,0.888496,0
607411537279188991,0.854898,0
607411537413406719,0.896211,0
607411537681842175,0.88412,0
607411537816059903,0.84367,0
607411537950277631,0.882772,0
607411538084495359,0.865195,0
607411538218713087,0.866704,0
607411538352930815,0.868942,0
607411538487148543,0.904151,0
607411538755583999,0.901519,0
607411538889801727,0.899087,0
607411539024019455,0.86703,0
607411539158237183,0.870153,0
607411539292454911,0.869479,0
607411539426672639,0.869619,0
607411539560890367,0.868735,0
607411540903067647,0.813757,0
607411541037285375,0.818893,0
607411541171503103,0.834934,0
607411541305720831,0.842725,0
607411541439938559,0.791803,0
607411541574156287,0.788256,0
607411541708374015,0.802843,0
607411541976809471,0.826922,0
607411542111027199,0.835702,0
607411542245244927,0.822132,0
607411542379462655,0.798588,0
607411542513680383,0.87275,0
607411542647898111,0.884017,0
607411542782115839,0.812983,0
607411543050551295,0.826453,0
607411543184769023,0.810188,0
607411543318986751,0.816111,0
607411543453204479,0.798828,0
607411543587422207,0.803567,0
607411543721639935,0.828075,0
607411543855857663,0.814826,0
607411544124293119,0.827737,0
607411544258510847,0.832426,0
607411544392728575,0.847609,0
607411544526946303,0.813845,0
607411544661164031,0.826994,0
607411544795381759,0.794248,0
607411544929599487,0.835204,0
607411545198034943,0.81427,0
607411545332252671,0.832088,0
607411545466470399,0.751017,0
607411545600688127,0.796269,0
607411545734905855,0.82058,0
607411545869123583,0.828726,0
607411546003341311,0.788652,0
607411546271776767,0.851086,0
607411546405994495,0.863532,0
607411546540212223,0.840882,0
607411546674429951,0.833685,0
607411546808647679,0.850253,0
607411546942865407,0.843425,0
607411547077083135,0.840151,0
607411547345518591,0.884811,0
607411547479736319,0.852494,0
607411547613954047,0.80124,0
607411547748171775,0.821995,0
607411547882389503,0.735917,0
607411548016607231,0.795525,0
607411548150824959,0.794806,0
607411549493002239,0.867627,0
607411549627219967,0.894384,0
607411549761437695,0.890193,0
607411549895655423,0.895597,0
607411550029873151,0.89353,0
607411550164090879,0.88043,0
607411550298308607,0.886117,0
607411550566744063,0.943785,0
607411550700961791,0.953295,0
607411550835179519,0.914905,0
607411550969397247,0.938996,0
607411551103614975,0.949702,0
607411551237832703,0.950462,0
607411551372050431,0.912665,0
607411551640485887,0.901877,0
607411551774703615,0.931924,0
607411551908921343,0.910836,0
607411552043139071,0.911353,0
607411552177356799,0.914353,0
607411552311574527,0.91996,0
607411552445792255,0.892465,0
607411552714227711,0.946628,0
607411552848445439,0.960255,0
607411552982663167,0.935679,0
607411553116880895,0.932873,0
607411553251098623,0.923534,0
607411553385316351,0.935267,0
607411553519534079,0.938563,0
607411553787969535,0.869748,0
607411553922187263,0.875555,0
607411554056404991,0.840059,0
607411554190622719,0.857214,0
607411554324840447,0.862798,0
607411554459058175,0.871865,0
607411554593275903,0.866665,0
607411554861711359,0.888953,0
607411554995929087,0.901363,0
607411555130146815,0.882627,0
607411555264364543,0.920985,0
607411555398582271,0.892634,0
607411555532799999,0.897345,0
607411555667017727,0.891977,0
607411555935453183,0.83711,0
607411556069670911,0.882167,0
607411556203888639,0.875847,0
607411556338106367,0.880703,0
607411556472324095,0.837457,0
607411556606541823,0.836229,0
607411556740759551,0.832844,0
607411558082936831,0.629015,0
607411558217154559,0.607912,0
607411558351372287,0.629765,0
607411558485590015,0.627889,0
607411558619807743,0.615018,0
607411558754025471,0.637289,0
607411558888243199,0.617726,0
607411559156678655,0.605509,0
607411559290896383,0.626634,0
607411559425114111,0.609422,0
607411559559331839,0.798788,0
607411559693549567,0.643371,0
607411559827767295,0.627291,0
607411559961985023,0.62001,0
607411560230420479,0.861531,0
607411560364638207,0.855556,0
607411560498855935,0.894338,0
607411560633073663,0.871608,0
607411560767291391,0.660748,0
607411560901509119,0.82435,0
607411561035726847,0.803291,0
607411561304162303,0.87987,0
607411561438380031,0.876782,0
607411561572597759,0.893511,0
607411561706815487,0.882345,0
607411561841033215,0.852716,0
607411561975250943,0.842423,0
607411562109468671,0.857027,0
607411562377904127,0.634491,0
607411562512121855,0.615961,0
607411562646339583,0.618659,0
607411562780557311,0.627456,0
607411562914775039,0.617241,0
607411563048992767,0.612948,0
607411563183210495,0.632133,0
607411563451645951,0.655989,0
607411563585863679,0.63631,0
607411563720081407,0.61341,0
607411563854299135,0.628664,0
607411563988516863,0.608988,0
607411564122734591,0.625954,0
607411564256952319,0.618837,0
607411564525387775,0.640261,0
607411564659605503,0.619042,0
607411564793823231,0.64868,0
607411564928040959,0.64983,0
607411565062258687,0.616658,0
607411565196476415,0.637958,0
607411565330694143,0.63163,0
607411566672871423,0.856769,0
607411566807089151,0.864985,0
607411566941306879,0.866787,0
607411567075524607,0.8815,0
607411567209742335,0.871146,0
607411567343960063,0.867357,0
607411567478177791,0.865768,0
607411567746613247,0.863714,0
607411567880830975,0.888334,0
607411568015048703,0.913164,0
607411568149266431,0.895755,0
607411568283484159,0.858043,0
607411568417701887,0.844035,0
607411568551919615,0.871485,0
607411568820355071,0.931468,0
607411568954572799,0.916962,0
607411569088790527,0.915579,0
607411569223008255,0.917246,0
607411569357225983,0.912695,0
607411569491443711,0.914449,0
607411569625661439,0.89724,0
607411569894096895,0.936724,0
607411570028314623,0.893344,0
607411570162532351,0.917503,0
607411570296750079,0.896503,0
607411570430967807,0.902968,0
607411570565185535,0.911778,0
607411570699403263,0.893423,0
607411570967838719,0.648691,0
607411571102056447,0.807279,0
607411571236274175,0.814265,0
607411571370491903,0.836934,0
607411571504709631,0.646886,0
607411571638927359,0.631402,0
607411571773145087,0.650017,0
607411572041580543,0.836822,0
607411572175798271,0.794863,0
607411572310015999,0.862348,0
607411572444233727,0.869879,0
607411572578451455,0.664771,0
607411572712669183,0.675522,0
607411572846886911,0.656041,0
607411573115322367,0.87033,0
607411573249540095,0.895203,0
607411573383757823,0.916139,0
607411573517975551,0.886511,0
607411573652193279,0.804122,0
607411573786411007,0.843561,0
607411573920628735,0.840367,0
607411575262806015,0.865544,0
607411575397023743,0.883313,0
607411575531241471,0.825488,0
607411575665459199,0.871266,0
607411575799676927,0.820653,0
607411575933894655,0.927592,0
607411576068112383,0.795415,0
607411576336547839,0.882032,0
607411576470765567,0.866519,0
607411576604983295,0.863486,0
607411576739201023,0.870048,0
607411576873418751,0.891931,0
607411577007636479,0.880024,0
607411577141854207,0.87663,0
607411577410289663,0.803705,0
607411577544507391,0.820213,0
607411577678725119,0.752224,0
607411577812942847,0.803704,0
607411577947160575,0.760738,0
607411578081378303,0.834328,0
607411578215596031,0.720154,0
607411578484031487,0.854813,0
607411578618249215,0.847706,0
607411578752466943,0.861234,0
607411578886684671,0.847075,0
607411579020902399,0.863063,0
607411579155120127,0.852267,0
607411579289337855,0.845992,0
607411579557773311,0.741244,0
607411579691991039,0.763914,0
607411579826208767,0.694611,0
607411579960426495,0.73838,0
607411580094644223,0.628875,0
607411580228861951,0.649301,0
607411580363079679,0.645469,0
607411580631515135,0.779603,0
607411580765732863,0.822224,0
607411580899950591,0.810346,0
607411581034168319,0.870561,0
607411581168386047,0.646174,0
607411581302603775,0.667936,0
607411581436821503,0.724002,0
607411581705256959,0.716993,0
607411581839474687,0.746225,0
607411581973692415,0.67511,0
607411582107910143,0.722886,0
607411582242127871,0.662758,0
607411582376345599,0.723547,0
607411582510563327,0.648853,0
607411592442675199,0.411764,0
607411592576892927,0.450659,0
607411592711110655,0.404886,0
607411592845328383,0.427182,0
607411592979546111,0.41124,0
607411593113763839,0.445828,0
607411593247981567,0.39169,0
607411593516417023,0.490876,0
607411593650634751,0.505598,0
607411593784852479,0.474291,0
607411593919070207,0.533806,0
607411594053287935,0.478903,0
607411594187505663,0.505945,0
607411594321723391,0.466608,0
607411594590158847,0.397651,0
607411594724376575,0.422061,0
607411594858594303,0.411275,0
607411594992812031,0.40887,0
607411595127029759,0.393623,0
607411595261247487,0.413039,0
607411595395465215,0.387928,0
607411595663900671,0.465844,0
607411595798118399,0.534175,0
607411595932336127,0.477527,0
607411596066553855,0.512409,0
607411596200771583,0.450858,0
607411596334989311,0.558698,0
607411596469207039,0.441031,0
607411596737642495,0.449335,0
607411596871860223,0.438447,0
607411597006077951,0.428975,0
607411597140295679,0.428939,0
607411597274513407,0.410577,0
607411597408731135,0.448372,0
607411597542948863,0.437088,0
607411597811384319,0.439204,0
607411597945602047,0.461947,0
607411598079819775,0.428276,0
607411598214037503,0.461597,0
607411598348255231,0.434009,0
607411598482472959,0.443506,0
607411598616690687,0.414918,0
607411598885126143,0.397993,0
607411599019343871,0.378583,0
607411599153561599,0.398346,0
607411599287779327,0.386132,0
607411599421997055,0.411815,0
607411599556214783,0.407816,0
607411599690432511,0.386359,0
607411601032609791,0.641755,0
607411601166827519,0.644635,0
607411601301045247,0.633173,0
607411601435262975,0.692418,0
607411601569480703,0.604795,0
607411601703698431,0.639035,0
607411601837916159,0.668617,0
607411602106351615,0.700185,0
607411602240569343,0.780769,0
607411602374787071,0.671508,0
607411602509004799,0.699526,0
607411602643222527,0.688798,0
607411602777440255,0.721588,0
607411602911657983,0.679726,0
607411603180093439,0.679303,0
607411603314311167,0.685464,0
607411603448528895,0.683929,0
607411603582746623,0.702501,0
607411603716964351,0.60898,0
607411603851182079,0.683859,0
607411603985399807,0.703055,0
607411604253835263,0.723108,0
607411604388052991,0.782028,0
607411604522270719,0.746102,0
607411604656488447,0.788913,0
607411604790706175,0.687415,0
607411604924923903,0.709763,0
607411605059141631,0.714093,0
607411605327577087,0.60125,0
607411605461794815,0.607518,0
607411605596012543,0.561251,0
607411605730230271,0.594012,0
607411605864447999,0.574027,0
607411605998665727,0.585605,0
607411606132883455,0.534592,0
607411606401318911,0.650995,0
607411606535536639,0.69208,0
607411606669754367,0.611164,0
607411606803972095,0.684692,0
607411606938189823,0.652833,0
607411607072407551,0.66862,0
607411607206625279,0.609024,0
607411607475060735,0.625685,0
607411607609278463,0.618901,0
607411607743496191,0.59057,0
607411607877713919,0.630502,0
607411608011931647,0.593487,0
607411608146149375,0.636661,0
607411608280367103,0.533909,0
607411609622544383,0.400374,0
607411609756762111,0.412165,0
607411609890979839,0.375232,0
607411610025197567,0.354362,0
607411610159415295,0.395825,0
607411610293633023,0.397498,0
607411610427850751,0.376892,0
607411610696286207,0.45339,0
607411610830503935,0.431829,0
607411610964721663,0.478157,0
607411611098939391,0.447339,0
607411611233157119,0.395724,0
607411611367374847,0.412133,0
607411611501592575,0.382991,0
607411611770028031,0.36271,0
607411611904245759,0.339738,0
607411612038463487,0.334115,0
607411612172681215,0.336366,0
607411612306898943,0.361234,0
607411612441116671,0.351985,0
607411612575334399,0.360364,0
607411612843769855,0.407852,0
607411612977987583,0.475633,0
607411613112205311,0.383541,0
607411613246423039,0.428867,0
607411613380640767,0.415678,0
607411613514858495,0.422355,0
607411613649076223,0.34967,0
607411613917511679,0.365745,0
607411614051729407,0.389456,0
607411614185947135,0.345831,0
607411614320164863,0.372419,0
607411614454382591,0.33779,0
607411614588600319,0.338066,0
607411614722818047,0.368381,0
607411614991253503,0.365755,0
607411615125471231,0.361605,0
607411615259688959,0.363497,0
607411615393906687,0.386538,0
607411615528124415,0.36327,0
607411615662342143,0.379227,0
607411615796559871,0.357061,0
607411616064995327,0.334753,0
607411616199213055,0.339966,0
607411616333430783,0.349821,0
607411616467648511,0.353771,0
607411616601866239,0.355048,0
607411616736083967,0.314125,0
607411616870301695,0.389722,0
607411618212478975,0.64311,0
607411618346696703,0.606212,0
607411618480914431,0.63258,0
607411618615132159,0.577273,0
607411618749349887,0.615447,0
607411618883567615,0.612412,0
607411619017785343,0.59262,0
607411619286220799,0.693239,0
607411619420438527,0.689329,0
607411619554656255,0.745662,0
607411619688873983,0.719953,0
607411619823091711,0.702971,0
607411619957309439,0.684565,0
607411620091527167,0.677869,0
607411620359962623,0.593961,0
607411620494180351,0.591094,0
607411620628398079,0.572194,0
607411620762615807,0.543118,0
607411620896833535,0.65514,0
607411621031051263,0.616098,0
607411621165268991,0.591002,0
607411621433704447,0.678681,0
607411621567922175,0.736203,0
607411621702139903,0.613913,0
607411621836357631,0.706596,0
607411621970575359,0.648091,0
607411622104793087,0.754367,0
607411622239010815,0.618664,0
607411622507446271,0.486318,0
607411622641663999,0.548277,0
607411622775881727,0.477154,0
607411622910099455,0.563481,0
607411623044317183,0.465983,0
607411623178534911,0.51633,0
607411623312752639,0.434508,0
607411623581188095,0.656318,0
607411623715405823,0.681425,0
607411623849623551,0.61078,0
607411623983841279,0.639732,0
607411624118059007,0.617636,0
607411624252276735,0.612379,0
607411624386494463,0.578761,0
607411624654929919,0.534716,0
607411624789147647,0.585532,0
607411624923365375,0.466707,0
607411625057583103,0.55004,0
607411625191800831,0.466521,0
607411625326018559,0.540895,0
607411625460236287,0.468015,0
607411626802413567,0.396073,0
607411626936631295,0.441921,0
607411627070849023,0.38431,0
607411627205066751,0.417531,0
607411627339284479,0.473115,0
607411627473502207,0.538752,0
607411627607719935,0.426974,0
607411627876155391,0.511352,0
607411628010373119,0.523982,0
607411628144590847,0.476499,0
607411628278808575,0.466645,0
607411628413026303,0.471269,0
607411628547244031,0.500636,0
607411628681461759,0.489676,0
607411628949897215,0.395113,0
607411629084114943,0.367958,0
607411629218332671,0.365246,0
607411629352550399,0.359138,0
607411629486768127,0.402691,0
607411629620985855,0.391829,0
607411629755203583,0.399606,0
607411630023639039,0.450466,0
607411630157856767,0.441344,0
607411630292074495,0.442399,0
607411630426292223,0.43789,0
607411630560509951,0.448498,0
607411630694727679,0.488572,0
607411630828945407,0.407422,0
607411631097380863,0.439767,0
607411631231598591,0.4495,0
607411631365816319,0.435037,0
607411631500034047,0.458918,0
607411631634251775,0.443854,0
607411631768469503,0.472273,0
607411631902687231,0.442987,0
607411632171122687,0.507629,0
607411632305340415,0.523909,0
607411632439558143,0.489923,0
607411632573775871,0.570588,0
607411632707993599,0.465717,0
607411632842211327,0.469844,0
607411632976429055,0.488362,0
607411633244864511,0.378345,0
607411633379082239,0.412932,0
607411633513299967,0.346241,0
607411633647517695,0.400754,0
607411633781735423,0.379961,0
607411633915953151,0.417739,0
607411634050170879,0.377499,0
607411635392348159,0.61145,0
607411635526565887,0.635794,0
607411635660783615,0.570947,0
607411635795001343,0.579362,0
607411635929219071,0.577702,0
607411636063436799,0.623106,0
607411636197654527,0.550481,0
607411636466089983,0.643051,0
607411636600307711,0.690173,0
607411636734525439,0.637425,0
607411636868743167,0.711306,0
607411637002960895,0.630496,0
607411637137178623,0.627633,0
607411637271396351,0.644436,0
607411637539831807,0.514971,0
607411637674049535,0.528356,0
607411637808267263,0.482644,0
607411637942484991,0.527801,0
607411638076702719,0.483208,0
607411638210920447,0.55075,0
607411638345138175,0.467178,0
607411638613573631,0.625201,0
607411638747791359,0.658,0
607411638882009087,0.556245,0
607411639016226815,0.6346,0
607411639150444543,0.574095,0
607411639284662271,0.659327,0
607411639418879999,0.576178,0
607411639687315455,0.522062,0
607411639821533183,0.53088,0
607411639955750911,0.540934,0
607411640089968639,0.521719,0
607411640224186367,0.528222,0
607411640358404095,0.511342,0
607411640492621823,0.570135,0
607411640761057279,0.570041,0
607411640895275007,0.597379,0
607411641029492735,0.585758,0
607411641163710463,0.619196,0
607411641297928191,0.555595,0
607411641432145919,0.587858,0
607411641566363647,0.54625,0
607411641834799103,0.469943,0
607411641969016831,0.488771,0
607411642103234559,0.464035,0
607411642237452287,0.462386,0
607411642371670015,0.475402,0
607411642505887743,0.493631,0
607411642640105471,0.453203,0
607411643982282751,0.369459,0
607411644116500479,0.39312,0
607411644250718207,0.367014,0
607411644384935935,0.41368,0
607411644519153663,0.355061,0
607411644653371391,0.404211,0
607411644787589119,0.358909,0
607411645056024575,0.446153,0
607411645190242303,0.37284,0
607411645324460031,0.435286,0
607411645458677759,0.360242,0
607411645592895487,0.440824,0
607411645727113215,0.455549,0
607411645861330943,0.415755,0
607411646129766399,0.390574,0
607411646263984127,0.396243,0
607411646398201855,0.378927,0
607411646532419583,0.368779,0
607411646666637311,0.344938,0
607411646800855039,0.389785,0
607411646935072767,0.326452,0
607411647203508223,0.414978,0
607411647337725951,0.364391,0
607411647471943679,0.386812,0
607411647606161407,0.368611,0
607411647740379135,0.410801,0
607411647874596863,0.375853,0
607411648008814591,0.417585,0
607411648277250047,0.335748,0
607411648411467775,0.38422,0
607411648545685503,0.333407,0
607411648679903231,0.366408,0
607411648814120959,0.368027,0
607411648948338687,0.354145,0
607411649082556415,0.342282,0
607411649350991871,0.372546,0
607411649485209599,0.424581,0
607411649619427327,0.34396,0
607411649753645055,0.446802,0
607411649887862783,0.353256,0
607411650022080511,0.363938,0
607411650156298239,0.394045,0
607411650424733695,0.336293,0
607411650558951423,0.336379,0
607411650693169151,0.320615,0
607411650827386879,0.327457,0
607411650961604607,0.304439,0
607411651095822335,0.349323,0
607411651230040063,0.321569,0
607411661162151935,0.953933,0
607411661296369663,0.965875,0
607411661430587391,0.871068,0
607411661564805119,0.89763,0
607411661699022847,0.896482,0
607411661833240575,0.909063,0
607411661967458303,0.895201,0
607411662235893759,0.942131,0
607411662370111487,0.959117,0
607411662504329215,0.93848,0
607411662638546943,1.00963,0
607411662772764671,1.09299,0
607411662906982399,1.08495,0
607411663041200127,0.957044,0
607411663309635583,0.893571,0
607411663443853311,1.06807,0
607411663578071039,0.876262,0
607411663712288767,0.908526,0
607411663846506495,0.917341,0
607411663980724223,0.935868,0
607411664114941951,0.887474,0
607411664383377407,0.982191,0
607411664517595135,1.06536,0
607411664651812863,0.960631,0
607411664786030591,1.03496,0
607411664920248319,0.947006,0
607411665054466047,0.975225,0
607411665188683775,1.08375,0
607411665457119231,0.925174,0
607411665591336959,0.913275,0
607411665725554687,0.917907,0
607411665859772415,0.925659,0
607411665993990143,0.930378,0
607411666128207871,0.948724,0
607411666262425599,0.929686,0
607411666530861055,0.943225,0
607411666665078783,1.0466,0
607411666799296511,0.886678,0
607411666933514239,1.10914,0
607411667067731967,0.945245,0
607411667201949695,0.932273,0
607411667336167423,0.9483,0
607411667604602879,0.878154,0
607411667738820607,0.952259,0
607411667873038335,0.850124,0
607411668007256063,0.896635,0
607411668141473791,0.89861,0
607411668275691519,0.936779,0
607411668409909247,0.920278,0
607411669752086527,1.12332,0
607411669886304255,1.1654,0
607411670020521983,1.1636,0
607411670154739711,1.36264,0
607411670288957439,1.0502,0
607411670423175167,1.11601,0
607411670557392895,1.07236,0
607411670825828351,1.30241,0
607411670960046079,1.30408,0
607411671094263807,1.24802,0
607411671228481535,1.67454,0
607411671362699263,1.11144,0
607411671496916991,1.11946,0
607411671631134719,1.10921,0
607411671899570175,1.66784,0
607411672033787903,1.68063,0
607411672168005631,1.78952,0
607411672302223359,1.65791,0
607411672436441087,1.22281,0
607411672570658815,1.54231,0
607411672704876543,1.11851,0
607411672973311999,2.08443,0
607411673107529727,3.05318,0
607411673241747455,2.05962,0
607411673375965183,3.32698,0
607411673510182911,2.07297,0
607411673644400639,1.7989,0
607411673778618367,2.06786,0
607411674047053823,0.990203,0
607411674181271551,1.01058,0
607411674315489279,0.999057,0
607411674449707007,1.04756,0
607411674583924735,1.03641,0
607411674718142463,0.984147,0
607411674852360191,0.961116,0
607411675120795647,1.07306,0
607411675255013375,1.0717,0
607411675389231103,1.11795,0
607411675523448831,1.08339,0
607411675657666559,1.02384,0
607411675791884287,1.04106,0
607411675926102015,1.0265,0
607411676194537471,1.12188,0
607411676328755199,1.15451,0
607411676462972927,1.1106,0
607411676597190655,1.14161,0
607411676731408383,1.02574,0
607411676865626111,1.09956,0
607411676999843839,1.08581,0
607411678342021119,0.853586,0
607411678476238847,0.87287,0
607411678610456575,0.852534,0
607411678744674303,0.863327,0
607411678878892031,0.888031,0
607411679013109759,0.871604,0
607411679147327487,0.903582,0
607411679415762943,0.963897,0
607411679549980671,0.986,0
607411679684198399,1.01606,0
607411679818416127,0.922087,0
607411679952633855,0.892832,0
607411680086851583,0.873459,0
607411680221069311,0.991655,0
607411680489504767,0.901256,0
607411680623722495,0.931309,0
607411680757940223,0.880067,0
607411680892157951,0.907277,0
607411681026375679,0.840227,0
607411681160593407,0.86815,0
607411681294811135,0.874594,0
607411681563246591,0.882985,0
607411681697464319,0.92667,0
607411681831682047,0.943497,0
607411681965899775,0.973978,0
607411682100117503,0.933428,0
607411682234335231,0.897235,0
607411682368552959,0.892815,0
607411682636988415,0.823351,0
607411682771206143,0.846454,0
607411682905423871,0.851481,0
607411683039641599,0.93811,0
607411683173859327,0.748444,0
607411683308077055,0.855272,0
607411683442294783,0.744325,0
607411683710730239,0.84451,0
607411683844947967,0.8917,0
607411683979165695,0.846925,0
607411684113383423,0.888617,0
607411684247601151,0.955657,0
607411684381818879,0.869198,0
607411684516036607,0.839601,0
607411684784472063,0.89898,0
607411684918689791,0.846579,0
607411685052907519,0.865092,0
607411685187125247,0.911302,0
607411685321342975,0.741893,0
607411685455560703,0.876503,0
607411685589778431,0.788477,0
607411686931955711,1.16066,0
607411687066173439,1.19839,0
607411687200391167,1.07509,0
607411687334608895,1.17463,0
607411687468826623,1.10512,0
607411687603044351,1.12072,0
607411687737262079,1.07743,0
607411688005697535,1.73799,0
607411688139915263,2.4653,0
607411688274132991,1.72599,0
607411688408350719,1.69876,0
607411688542568447,1.65865,0
607411688676786175,2.77997,0
607411688811003903,1.31684,0
607411689079439359,1.11682,0
607411689213657087,1.12192,0
607411689347874815,1.1274,0
607411689482092543,1.12502,0
607411689616310271,1.06735,0
607411689750527999,1.13661,0
607411689884745727,1.06642,0
607411690153181183,1.2388,0
607411690287398911,1.76624,0
607411690421616639,1.16506,0
607411690555834367,1.15327,0
607411690690052095,1.18954,0
607411690824269823,1.81714,0
607411690958487551,1.1526,0
607411691226923007,0.990754,0
607411691361140735,1.10747,0
607411691495358463,1.0173,0
607411691629576191,1.14989,0
607411691763793919,0.967851,0
607411691898011647,1.00356,0
607411692032229375,0.95083,0
607411692300664831,1.12281,0
607411692434882559,1.29004,0
607411692569100287,1.16318,0
607411692703318015,1.24937,0
607411692837535743,1.26364,0
607411692971753471,1.15618,0
607411693105971199,1.06922,0
607411693374406655,0.963543,0
607411693508624383,1.04977,0
607411693642842111,0.966899,0
607411693777059839,1.00015,0
607411693911277567,1.02181,0
607411694045495295,1.06257,0
607411694179713023,0.962255,0
607411695521890303,0.801724,0
607411695656108031,0.818017,0
607411695790325759,0.839163,0
607411695924543487,0.847337,0
607411696058761215,0.80058,0
607411696192978943,0.830792,0
607411696327196671,0.780859,0
607411696595632127,0.87769,0
607411696729849855,0.864112,0
607411696864067583,0.853711,0
607411696998285311,0.869151,0
607411697132503039,0.846382,0
607411697266720767,0.847017,0
607411697400938495,0.838529,0
607411697669373951,0.903936,0
607411697803591679,0.933888,0
607411697937809407,0.912713,0
607411698072027135,0.94055,0
607411698206244863,0.825129,0
607411698340462591,0.871882,0
607411698474680319,0.83425,0
607411698743115775,0.902768,0
607411698877333503,0.900944,0
607411699011551231,0.934038,0
607411699145768959,0.91203,0
607411699279986687,0.884631,0
607411699414204415,0.8955,0
607411699548422143,0.897872,0
607411699816857599,0.729147,0
607411699951075327,0.760218,0
607411700085293055,0.739367,0
607411700219510783,0.775107,0
607411700353728511,0.708481,0
607411700487946239,0.720125,0
607411700622163967,0.693981,0
607411700890599423,0.818328,0
607411701024817151,0.846666,0
607411701159034879,0.826439,0
607411701293252607,0.850377,0
607411701427470335,0.814761,0
607411701561688063,0.81266,0
607411701695905791,0.778764,0
607411701964341247,0.775211,0
607411702098558975,0.781211,0
607411702232776703,0.772866,0
607411702366994431,0.803853,0
607411702501212159,0.740984,0
607411702635429887,0.777213,0
607411702769647615,0.726715,0
607411704111824895,0.875736,0
607411704246042623,0.883871,0
607411704380260351,0.915273,0
607411704514478079,0.899372,0
607411704648695807,0.895922,0
607411704782913535,0.884696,0
607411704917131263,0.913888,0
607411705185566719,0.918809,0
607411705319784447,0.90583,0
607411705454002175,0.919468,0
607411705588219903,0.901202,0
607411705722437631,0.921961,0
607411705856655359,0.910147,0
607411705990873087,0.907191,0
607411706259308543,0.95038,0
607411706393526271,0.931753,0
607411706527743999,1.10462,0
607411706661961727,1.05795,0
607411706796179455,0.910111,0
607411706930397183,0.923909,0
607411707064614911,0.911985,0
607411707333050367,0.939319,0
607411707467268095,0.955505,0
607411707601485823,0.96076,0
607411707735703551,0.967611,0
607411707869921279,0.915209,0
607411708004139007,0.91415,0
607411708138356735,0.969733,0
607411708406792191,0.847956,0
607411708541009919,0.863823,0
607411708675227647,0.907583,0
607411708809445375,0.863528,0
607411708943663103,0.849401,0
607411709077880831,0.84414,0
607411709212098559,0.838261,0
607411709480534015,0.875641,0
607411709614751743,0.885656,0
607411709748969471,0.864863,0
607411709883187199,0.893475,0
607411710017404927,0.873428,0
607411710151622655,0.863181,0
607411710285840383,0.856329,0
607411710554275839,0.915378,0
607411710688493567,0.902293,0
607411710822711295,0.93498,0
607411710956929023,0.94739,0
607411711091146751,0.887995,0
607411711225364479,0.909423,0
607411711359582207,0.887184,0
607411712701759487,0.839203,0
607411712835977215,0.838957,0
607411712970194943,0.773759,0
607411713104412671,0.821426,0
607411713238630399,0.867683,0
607411713372848127,0.826734,0
607411713507065855,0.873709,0
607411713775501311,0.897176,0
607411713909719039,0.909903,0
607411714043936767,0.904645,0
607411714178154495,0.928513,0
607411714312372223,0.905447,0
607411714446589951,0.910223,0
607411714580807679,0.856586,0
607411714849243135,0.732542,0
607411714983460863,0.834699,0
607411715117678591,0.704097,0
607411715251896319,0.729391,0
607411715386114047,0.748325,0
607411715520331775,0.758287,0
607411715654549503,0.730152,0
607411715922984959,0.903075,0
607411716057202687,0.890594,0
607411716191420415,1.1014,0
607411716325638143,0.86709,0
607411716459855871,0.841259,0
607411716594073599,0.933207,0
607411716728291327,0.914791,0
607411716996726783,0.729914,0
607411717130944511,0.742156,0
607411717265162239,0.701564,0
607411717399379967,0.816434,0
607411717533597695,0.710378,0
607411717667815423,0.74868,0
607411717802033151,0.694643,0
607411718070468607,0.779565,0
607411718204686335,0.835009,0
607411718338904063,0.781085,0
607411718473121791,0.842712,0
607411718607339519,0.793264,0
607411718741557247,0.80593,0
607411718875774975,0.767088,0
607411719144210431,0.712558,0
607411719278428159,0.762458,0
607411719412645887,0.681898,0
607411719546863615,0.718263,0
607411719681081343,0.749114,0
607411719815299071,0.769647,0
607411719949516799,0.713937,0
607411729881628671,0.970636,0
607411730015846399,1.01583,0
607411730150064127,0.976704,0
607411730284281855,0.991291,0
607411730418499583,0.9931,0
607411730552717311,1.01948,0
607411730686935039,0.930349,0
607411730955370495,1.08042,0
607411731089588223,0.959765,0
607411731223805951,0.983613,0
607411731358023679,0.964456,0
607411731492241407,1.10814,0
607411731626459135,1.10578,0
607411731760676863,1.07157,0
607411732029112319,0.875895,0
607411732163330047,0.877961,0
607411732297547775,0.815418,0
607411732431765503,0.869134,0
607411732565983231,0.949093,0
607411732700200959,0.946773,0
607411732834418687,0.858027,0
607411733102854143,0.977187,0
607411733237071871,0.913633,0
607411733371289599,0.847058,0
607411733505507327,0.827188,0
607411733639725055,0.965975,0
607411733773942783,0.958809,0
607411733908160511,0.90714,0
607411734176595967,1.0346,0
607411734310813695,1.03388,0
607411734445031423,0.963982,0
607411734579249151,0.990772,0
607411734713466879,1.19943,0
607411734847684607,1.20879,0
607411734981902335,1.02222,0
607411735250337791,1.19741,0
607411735384555519,1.21707,0
607411735518773247,1.05014,0
607411735652990975,1.12236,0
607411735787208703,1.18022,0
607411735921426431,1.33316,0
607411736055644159,1.18908,0
607411736324079615,0.924798,0
607411736458297343,0.967853,0
607411736592515071,0.905539,0
607411736726732799,0.951535,0
607411736860950527,0.904095,0
607411736995168255,0.978148,0
607411737129385983,0.911482,0
607411738471563263,0.704327,0
607411738605780991,0.623304,0
607411738739998719,0.659003,0
607411738874216447,0.629383,0
607411739008434175,0.69297,0
607411739142651903,0.693278,0
607411739276869631,0.676315,0
607411739545305087,0.607859,0
607411739679522815,0.601555,0
607411739813740543,0.621833,0
607411739947958271,0.601038,0
607411740082175999,0.63377,0
607411740216393727,0.600453,0
607411740350611455,0.629681,0
607411740619046911,0.651644,0
607411740753264639,0.587079,0
607411740887482367,0.630727,0
607411741021700095,0.598354,0
607411741155917823,0.642456,0
607411741290135551,0.646372,0
607411741424353279,0.664189,0
607411741692788735,0.597169,0
607411741827006463,0.578527,0
607411741961224191,0.57534,0
607411742095441919,0.571496,0
607411742229659647,0.584228,0
607411742363877375,0.598685,0
607411742498095103,0.603504,0
607411742766530559,0.896854,0
607411742900748287,0.744174,0
607411743034966015,0.873312,0
607411743169183743,0.837895,0
607411743303401471,1.12246,0
607411743437619199,0.972596,0
607411743571836927,1.00333,0
607411743840272383,0.711412,0
607411743974490111,0.685258,0
607411744108707839,0.683049,0
607411744242925567,0.644527,0
607411744377143295,0.762637,0
607411744511361023,0.72049,0
607411744645578751,0.749851,0
607411744914014207,0.723848,0
607411745048231935,0.670327,0
607411745182449663,0.785232,0
607411745316667391,0.70155,0
607411745450885119,0.887746,0
607411745585102847,0.713439,0
607411745719320575,0.841482,0
607411747061497855,0.676017,0
607411747195715583,0.661437,0
607411747329933311,0.577761,0
607411747464151039,0.59008,0
607411747598368767,0.737209,0
607411747732586495,0.73511,0
607411747866804223,0.653139,0
607411748135239679,0.703687,0
607411748269457407,0.72153,0
607411748403675135,0.649915,0
607411748537892863,0.652061,0
607411748672110591,0.797483,0
607411748806328319,0.785967,0
607411748940546047,0.754439,0
607411749208981503,0.581835,0
607411749343199231,0.617739,0
607411749477416959,0.507702,0
607411749611634687,0.532381,0
607411749745852415,0.565357,0
607411749880070143,0.598715,0
607411750014287871,0.549788,0
607411750282723327,0.558366,0
607411750416941055,0.557497,0
607411750551158783,0.563141,0
607411750685376511,0.550938,0
607411750819594239,0.585544,0
607411750953811967,0.578593,0
607411751088029695,0.578419,0
607411751356465151,0.751554,0
607411751490682879,0.752955,0
607411751624900607,0.720769,0
607411751759118335,0.699777,0
607411751893336063,0.794839,0
607411752027553791,0.826824,0
607411752161771519,0.78071,0
607411752430206975,0.829666,0
607411752564424703,0.831701,0
607411752698642431,0.785982,0
607411752832860159,0.790147,0
607411752967077887,0.864777,0
607411753101295615,0.886569,0
607411753235513343,0.822163,0
607411753503948799,0.553642,0
607411753638166527,0.547868,0
607411753772384255,0.527178,0
607411753906601983,0.54331,0
607411754040819711,0.704164,0
607411754175037439,0.663883,0
607411754309255167,0.597564,0
607411755651432447,0.634066,0
607411755785650175,0.612101,0
607411755919867903,0.568822,0
607411756054085631,0.581285,0
607411756188303359,0.644507,0
607411756322521087,0.625255,0
607411756456738815,0.657687,0
607411756725174271,0.592825,0
607411756859391999,0.584365,0
607411756993609727,0.595229,0
607411757127827455,0.588051,0
607411757262045183,0.622505,0
607411757396262911,0.584252,0
607411757530480639,0.603814,0
607411757798916095,0.564873,0
607411757933133823,0.559564,0
607411758067351551,0.547197,0
607411758201569279,0.551044,0
607411758335787007,0.591242,0
607411758470004735,0.585009,0
607411758604222463,0.553466,0
607411758872657919,0.556871,0
607411759006875647,0.555101,0
607411759141093375,0.57332,0
607411759275311103,0.551033,0
607411759409528831,0.573995,0
607411759543746559,0.612619,0
607411759677964287,0.562806,0
607411759946399743,0.718667,0
607411760080617471,0.785203,0
607411760214835199,0.693998,0
607411760349052927,0.716872,0
607411760483270655,0.803437,0
607411760617488383,0.758665,0
607411760751706111,0.760624,0
607411761020141567,0.68367,0
607411761154359295,0.667643,0
607411761288577023,0.6903,0
607411761422794751,0.647702,0
607411761557012479,0.785441,0
607411761691230207,0.6824,0
607411761825447935,0.82105,0
607411762093883391,0.618127,0
607411762228101119,0.606206,0
607411762362318847,0.606427,0
607411762496536575,0.557819,0
607411762630754303,0.644362,0
607411762764972031,0.683847,0
607411762899189759,0.617332,0
607411764241367039,1.23571,0
607411764375584767,1.18574,0
607411764509802495,1.16461,0
607411764644020223,1.16892,0
607411764778237951,1.23963,0
607411764912455679,1.22914,0
607411765046673407,1.24275,0
607411765315108863,1.27101,0
607411765449326591,1.26162,0
607411765583544319,1.1754,0
607411765717762047,1.16253,0
607411765851979775,1.23142,0
607411765986197503,1.2437,0
607411766120415231,1.23912,0
607411766388850687,1.13363,0
607411766523068415,1.18739,0
607411766657286143,1.06149,0
607411766791503871,1.09822,0
607411766925721599,1.10095,0
607411767059939327,1.12805,0
607411767194157055,1.0893,0
607411767462592511,1.22785,0
607411767596810239,1.15744,0
607411767731027967,1.22952,0
607411767865245695,1.17691,0
607411767999463423,1.17508,0
607411768133681151,1.16572,0
607411768267898879,1.21334,0
607411768536334335,1.20808,0
607411768670552063,1.30314,0
607411768804769791,1.15734,0
607411768938987519,1.2092,0
607411769073205247,1.14793,0
607411769207422975,1.25548,0
607411769341640703,1.19732,0
607411769610076159,1.23183,0
607411769744293887,1.22571,0
607411769878511615,1.23748,0
607411770012729343,1.24182,0
607411770146947071,1.3021,0
607411770281164799,1.21602,0
607411770415382527,1.30775,0
607411770683817983,1.1389,0
607411770818035711,1.16225,0
607411770952253439,1.06758,0
607411771086471167,1.09709,0
607411771220688895,1.14745,0
607411771354906623,1.18458,0
607411771489124351,1.10045,0
607411772831301631,1.30255,0
607411772965519359,1.17665,0
607411773099737087,1.23318,0
607411773233954815,1.23546,0
607411773368172543,1.40458,0
607411773502390271,1.33753,0
607411773636607999,1.30834,0
607411773905043455,1.13699,0
607411774039261183,1.03307,0
607411774173478911,1.23266,0
607411774307696639,1.049,0
607411774441914367,1.13826,0
607411774576132095,1.07045,0
607411774710349823,1.20664,0
607411774978785279,1.19728,0
607411775113003007,1.09782,0
607411775247220735,1.20448,0
607411775381438463,1.05748,0
607411775515656191,1.31568,0
607411775649873919,1.22062,0
607411775784091647,1.26427,0
607411776052527103,1.0084,0
607411776186744831,0.887774,0
607411776320962559,1.06788,0
607411776455180287,0.897147,0
607411776589398015,1.17157,0
607411776723615743,0.952417,0
607411776857833471,1.11503,0
607411777126268927,1.35645,0
607411777260486655,1.40135,0
607411777394704383,1.33036,0
607411777528922111,1.44,0
607411777663139839,1.28731,0
607411777797357567,1.39915,0
607411777931575295,1.2547,0
607411778200010751,1.30497,0
607411778334228479,1.18018,0
607411778468446207,1.34765,0
607411778602663935,1.22559,0
607411778736881663,1.36204,0
607411778871099391,1.27788,0
607411779005317119,1.39023,0
607411779273752575,1.20644,0
607411779407970303,1.26041,0
607411779542188031,1.22325,0
607411779676405759,1.35357,0
607411779810623487,1.19025,0
607411779944841215,1.33691,0
607411780079058943,1.14295,0
607411781421236223,0.941306,0
607411781555453951,0.849498,0
607411781689671679,0.839488,0
607411781823889407,0.918803,0
607411781958107135,0.91833,0
607411782092324863,1.04221,0
607411782226542591,0.922991,0
607411782494978047,0.92822,0
607411782629195775,0.921764,0
607411782763413503,0.814618,0
607411782897631231,0.848985,0
607411783031848959,0.994191,0
607411783166066687,1.02308,0
607411783300284415,0.95906,0
607411783568719871,0.79803,0
607411783702937599,0.834859,0
607411783837155327,0.757219,0
607411783971373055,0.77039,0
607411784105590783,0.778077,0
607411784239808511,0.828551,0
607411784374026239,0.758748,0
607411784642461695,0.850567,0
607411784776679423,0.883578,0
607411784910897151,0.812051,0
607411785045114879,0.849282,0
607411785179332607,0.845918,0
607411785313550335,0.879596,0
607411785447768063,0.833315,0
607411785716203519,0.868572,0
607411785850421247,0.95158,0
607411785984638975,1.14124,0
607411786118856703,0.898099,0
607411786253074431,1.00874,0
607411786387292159,0.978269,0
607411786521509887,1.19987,0
607411786789945343,1.02663,0
607411786924163071,1.06301,0
607411787058380799,0.978004,0
607411787192598527,1.03369,0
607411787326816255,1.08943,0
607411787461033983,1.08352,0
607411787595251711,1.03397,0
607411787863687167,0.779252,0
607411787997904895,0.777199,0
607411788132122623,0.782981,0
607411788266340351,0.7689,0
607411788400558079,0.839451,0
607411788534775807,0.794806,0
607411788668993535,0.781576,0
607411798601105407,0.683747,0
607411798735323135,0.690833,0
607411798869540863,0.648274,0
607411799003758591,0.684366,0
607411799137976319,0.675983,0
607411799272194047,0.706926,0
607411799406411775,0.644493,0
607411799674847231,0.702455,0
607411799809064959,0.69888,0
607411799943282687,0.689786,0
607411800077500415,0.696865,0
607411800211718143,0.684539,0
607411800345935871,0.675261,0
607411800480153599,0.687719,0
607411800748589055,0.645443,0
607411800882806783,0.650093,0
607411801017024511,0.624155,0
607411801151242239,0.637815,0
607411801285459967,0.652009,0
607411801419677695,0.663501,0
607411801553895423,0.625341,0
607411801822330879,0.692145,0
607411801956548607,0.650062,0
607411802090766335,0.643092,0
607411802224984063,0.627583,0
607411802359201791,0.676082,0
607411802493419519,0.673314,0
607411802627637247,0.675685,0
607411802896072703,0.667243,0
607411803030290431,0.672486,0
607411803164508159,0.675548,0
607411803298725887,0.663358,0
607411803432943615,0.702423,0
607411803567161343,0.693938,0
607411803701379071,0.702146,0
607411803969814527,0.68218,0
607411804104032255,0.667669,0
607411804238249983,0.676826,0
607411804372467711,0.69199,0
607411804506685439,0.690067,0
607411804640903167,0.704434,0
607411804775120895,0.683082,0
607411805043556351,0.629717,0
607411805177774079,0.614129,0
607411805311991807,0.624747,0
607411805446209535,0.638658,0
607411805580427263,0.672661,0
607411805714644991,0.663454,0
607411805848862719,0.64105,0
607411807191039999,0.680442,0
607411807325257727,0.677891,0
607411807459475455,0.652334,0
607411807593693183,0.676062,0
607411807727910911,0.647197,0
607411807862128639,0.671404,0
607411807996346367,0.678781,0
607411808264781823,0.639586,0
607411808398999551,0.66626,0
607411808533217279,0.646985,0
607411808667435007,0.672354,0
607411808801652735,0.664541,0
607411808935870463,0.674115,0
607411809070088191,0.656064,0
607411809338523647,0.63576,0
607411809472741375,0.643047,0
607411809606959103,0.645883,0
607411809741176831,0.649908,0
607411809875394559,0.659149,0
607411810009612287,0.662186,0
607411810143830015,0.65108,0
607411810412265471,0.654816,0
607411810546483199,0.626789,0
607411810680700927,0.642067,0
607411810814918655,0.624714,0
607411810949136383,0.654641,0
607411811083354111,0.627372,0
607411811217571839,0.655477,0
607411811486007295,0.691068,0
607411811620225023,0.660883,0
607411811754442751,0.678261,0
607411811888660479,0.677414,0
607411812022878207,0.688316,0
607411812157095935,0.645598,0
607411812291313663,0.655046,0
607411812559749119,0.650329,0
607411812693966847,0.645575,0
607411812828184575,0.652977,0
607411812962402303,0.660322,0
607411813096620031,0.639256,0
607411813230837759,0.674433,0
607411813365055487,0.635333,0
607411813633490943,0.666626,0
607411813767708671,0.662619,0
607411813901926399,0.643645,0
607411814036144127,0.656562,0
607411814170361855,0.675721,0
607411814304579583,0.698744,0
607411814438797311,0.66208,0
607411815780974591,0.580912,0
607411815915192319,0.59467,0
607411816049410047,0.570547,0
607411816183627775,0.589596,0
607411816317845503,0.575906,0
607411816452063231,0.604203,0
607411816586280959,0.582135,0
607411816854716415,0.613266,0
607411816988934143,0.616886,0
607411817123151871,0.606406,0
607411817257369599,0.618876,0
607411817391587327,0.594543,0
607411817525805055,0.613603,0
607411817660022783,0.614151,0
607411817928458239,0.576817,0
607411818062675967,0.577566,0
607411818196893695,0.584669,0
607411818331111423,0.608944,0
607411818465329151,0.587168,0
607411818599546879,0.580396,0
607411818733764607,0.586256,0
607411819002200063,0.599215,0
607411819136417791,0.578646,0
607411819270635519,0.57009,0
607411819404853247,0.568878,0
607411819539070975,0.5896,0
607411819673288703,0.583874,0
607411819807506431,0.590914,0
607411820075941887,0.597866,0
607411820210159615,0.612865,0
607411820344377343,0.588721,0
607411820478595071,0.584137,0
607411820612812799,0.648056,0
607411820747030527,0.635436,0
607411820881248255,0.606885,0
607411821149683711,0.62648,0
607411821283901439,0.622927,0
607411821418119167,0.583047,0
607411821552336895,0.616719,0
607411821686554623,0.63239,0
607411821820772351,0.630276,0
607411821954990079,0.632333,0
607411822223425535,0.592301,0
607411822357643263,0.587678,0
607411822491860991,0.604799,0
607411822626078719,0.573586,0
607411822760296447,0.586507,0
607411822894514175,0.57349,0
607411823028731903,0.583812,0
607411824370909183,0.614478,0
607411824505126911,0.621598,0
607411824639344639,0.619045,0
607411824773562367,0.611935,0
607411824907780095,0.636616,0
607411825041997823,0.620074,0
607411825176215551,0.610816,0
607411825444651007,0.622151,0
607411825578868735,0.616079,0
607411825713086463,0.643626,0
607411825847304191,0.635171,0
607411825981521919,0.647791,0
607411826115739647,0.639573,0
607411826249957375,0.637021,0
607411826518392831,0.584548,0
607411826652610559,0.630376,0
607411826786828287,0.582745,0
607411826921046015,0.598083,0
607411827055263743,0.608337,0
607411827189481471,0.604641,0
607411827323699199,0.604165,0
607411827592134655,0.640694,0
607411827726352383,0.624778,0
607411827860570111,0.656673,0
607411827994787839,0.645364,0
607411828129005567,0.656299,0
607411828263223295,0.642941,0
607411828397441023,0.636583,0
607411828665876479,0.647693,0
607411828800094207,0.639509,0
607411828934311935,0.622175,0
607411829068529663,0.630627,0
607411829202747391,0.652385,0
607411829336965119,0.658713,0
607411829471182847,0.62237,0
607411829739618303,0.653733,0
607411829873836031,0.656445,0
607411830008053759,0.636568,0
607411830142271487,0.639874,0
607411830276489215,0.622281,0
607411830410706943,0.6556,0
607411830544924671,0.618342,0
607411830813360127,0.605881,0
607411830947577855,0.616075,0
607411831081795583,0.577849,0
607411831216013311,0.603891,0
607411831350231039,0.594655,0
607411831484448767,0.616632,0
607411831618666495,0.589683,0
607411832960843775,0.794725,0
607411833095061503,0.749846,0
607411833229279231,0.791362,0
607411833363496959,0.747663,0
607411833497714687,0.790631,0
607411833631932415,0.763621,0
607411833766150143,0.783063,0
607411834034585599,0.797987,0
607411834168803327,0.778409,0
607411834303021055,0.792533,0
607411834437238783,0.791718,0
607411834571456511,0.755464,0
607411834705674239,0.792267,0
607411834839891967,0.775078,0
607411835108327423,0.750454,0
607411835242545151,0.719091,0
607411835376762879,0.758066,0
607411835510980607,0.744603,0
607411835645198335,0.786472,0
607411835779416063,0.768159,0
607411835913633791,0.772847,0
607411836182069247,0.725586,0
607411836316286975,0.737701,0
607411836450504703,0.738477,0
607411836584722431,0.705642,0
607411836718940159,0.76071,0
607411836853157887,0.770988,0
607411836987375615,0.726017,0
607411837255811071,0.789676,0
607411837390028799,0.789308,0
607411837524246527,0.816208,0
607411837658464255,0.796327,0
607411837792681983,0.794941,0
607411837926899711,0.775029,0
607411838061117439,0.830974,0
607411838329552895,0.757284,0
607411838463770623,0.752317,0
607411838597988351,0.786278,0
607411838732206079,0.76197,0
607411839134859263,0.781361,0
607411839403294719,0.803722,0
607411839537512447,0.778281,0
607411839671730175,0.835964,0
607411839805947903,0.800729,0
607411839940165631,0.828354,0
607411840074383359,0.802544,0
607411840208601087,0.830577,0
607411841550778367,0.692262,0
607411841684996095,0.688669,0
607411841819213823,0.697698,0
607411841953431551,0.693497,0
607411842087649279,0.696745,0
607411842221867007,0.697518,0
607411842356084735,0.711337,0
607411842624520191,0.712113,0
607411842758737919,0.672989,0
607411842892955647,0.729333,0
607411843027173375,0.676832,0
607411843161391103,0.673795,0
607411843295608831,0.677786,0
607411843429826559,0.692085,0
607411843698262015,0.678836,0
607411843832479743,0.660105,0
607411843966697471,0.675651,0
607411844100915199,0.655328,0
607411844235132927,0.676246,0
607411844369350655,0.687375,0
607411844503568383,0.671204,0
607411844772003839,0.706059,0
607411844906221567,0.643423,0
607411845040439295,0.725012,0
607411845174657023,0.636416,0
607411845308874751,0.691663,0
607411845443092479,0.678374,0
607411845577310207,0.705828,0
607411845845745663,0.738011,0
607411845979963391,0.737349,0
607411846114181119,0.730659,0
607411846248398847,0.709743,0
607411846382616575,0.710279,0
607411846516834303,0.722174,0
607411846651052031,0.768648,0
607411846919487487,0.725333,0
607411847053705215,0.699682,0
607411847187922943,0.707378,0
607411847322140671,0.68372,0
607411847724793855,0.733664,0
607411847993229311,0.713714,0
607411848127447039,0.692757,0
607411848261664767,0.718325,0
607411848395882495,0.688129,0
607411848530100223,0.732643,0
607411848664317951,0.714919,0
607411848798535679,0.718752,0
607411850140712959,0.70092,0
607411850274930687,0.742467,0
607411850409148415,0.672371,0
607411850543366143,0.649193,0
607411850677583871,0.826979,0
607411850811801599,0.823733,0
607411850946019327,0.757418,0
607411851214454783,0.751803,0
607411851348672511,0.699855,0
607411851482890239,0.727418,0
607411851617107967,0.675164,0
607411851751325695,0.794083,0
607411851885543423,0.752243,0
607411852019761151,0.815277,0
607411852288196607,0.632121,0
607411852422414335,0.649107,0
607411852556632063,0.661764,0
607411852690849791,0.648477,0
607411852825067519,0.661076,0
607411852959285247,0.667452,0
607411853093502975,0.661551,0
607411853361938431,0.640597,0
607411853496156159,0.636638,0
607411853630373887,0.626575,0
607411853764591615,0.643069,0
607411853898809343,0.633239,0
607411854033027071,0.657403,0
607411854167244799,0.657143,0
607411854435680255,0.910148,0
607411854569897983,0.894474,0
607411854704115711,0.946593,0
607411854838333439,0.857532,0
607411854972551167,0.928646,0
607411855106768895,0.86341,0
607411855240986623,0.929944,0
607411855509422079,0.80381,0
607411855643639807,0.762794,0
607411855777857535,0.869042,0
607411855912075263,0.842065,0
607411856046292991,0.82354,0
607411856180510719,0.805804,0
607411856314728447,0.810861,0
607411856583163903,0.778129,0
607411856717381631,0.691105,0
607411856851599359,0.759044,0
607411856985817087,0.707336,0
607411857120034815,0.880478,0
607411857254252543,0.81118,0
607411857388470271,0.81274,0
607411867320582143,0.277025,0
607411867454799871,0.293599,0
607411867589017599,0.27901,0
607411867723235327,0.297608,0
607411867857453055,0.265921,0
607411867991670783,0.271992,0
607411868125888511,0.2701,0
607411868394323967,0.329205,0
607411868528541695,0.341857,0
607411868662759423,0.302973,0
607411868796977151,0.33591,0
607411868931194879,0.301991,0
607411869065412607,0.313761,0
607411869199630335,0.307289,0
607411869468065791,0.276068,0
607411869602283519,0.282443,0
607411869736501247,0.285073,0
607411869870718975,0.288728,0
607411870004936703,0.268113,0
607411870139154431,0.280057,0
607411870273372159,0.263464,0
607411870541807615,0.330161,0
607411870676025343,0.323585,0
607411870810243071,0.307873,0
607411870944460799,0.310213,0
607411871078678527,0.317114,0
607411871212896255,0.341098,0
607411871347113983,0.294458,0
607411871615549439,0.421784,0
607411871749767167,0.433949,0
607411871883984895,0.25765,0
607411872018202623,0.280422,0
607411872152420351,0.392043,0
607411872286638079,0.439131,0
607411872420855807,0.402694,0
607411872689291263,0.43527,0
607411872823508991,0.42373,0
607411872957726719,0.275084,0
607411873091944447,0.279564,0
607411873226162175,0.44663,0
607411873360379903,0.488021,0
607411873494597631,0.445033,0
607411873763033087,0.268879,0
607411873897250815,0.287639,0
607411874031468543,0.242287,0
607411874165686271,0.282245,0
607411874299903999,0.235315,0
607411874434121727,0.252247,0
607411874568339455,0.259435,0
607411875910516735,0.388716,0
607411876044734463,0.40231,0
607411876178952191,0.386237,0
607411876313169919,0.413493,0
607411876447387647,0.353435,0
607411876581605375,0.370464,0
607411876715823103,0.384724,0
607411876984258559,0.395668,0
607411877118476287,0.40964,0
607411877252694015,0.400475,0
607411877386911743,0.382827,0
607411877521129471,0.371009,0
607411877655347199,0.409373,0
607411877789564927,0.354037,0
607411878058000383,0.389923,0
607411878192218111,0.398935,0
607411878326435839,0.391137,0
607411878460653567,0.404591,0
607411878594871295,0.410493,0
607411878729089023,0.427366,0
607411878863306751,0.370053,0
607411879131742207,0.440204,0
607411879265959935,0.496983,0
607411879400177663,0.432925,0
607411879534395391,0.474188,0
607411879668613119,0.422725,0
607411879802830847,0.442521,0
607411879937048575,0.455193,0
607411880205484031,0.312874,0
607411880339701759,0.359995,0
607411880473919487,0.358337,0
607411880608137215,0.35582,0
607411880742354943,0.322833,0
607411880876572671,0.324127,0
607411881010790399,0.333894,0
607411881279225855,0.327545,0
607411881413443583,0.362772,0
607411881547661311,0.37655,0
607411881681879039,0.369287,0
607411881816096767,0.349802,0
607411881950314495,0.346316,0
607411882084532223,0.362632,0
607411882352967679,0.373751,0
607411882487185407,0.36578,0
607411882621403135,0.35435,0
607411882755620863,0.382378,0
607411882889838591,0.331974,0
607411883024056319,0.371207,0
607411883158274047,0.355322,0
607411884500451327,0.219168,0
607411884634669055,0.23824,0
607411884768886783,0.220464,0
607411884903104511,0.223491,0
607411885037322239,0.235472,0
607411885171539967,0.251222,0
607411885305757695,0.209691,0
607411885574193151,0.277495,0
607411885708410879,0.274334,0
607411885842628607,0.259413,0
607411885976846335,0.255412,0
607411886111064063,0.280372,0
607411886245281791,0.318813,0
607411886379499519,0.270639,0
607411886647934975,0.22127,0
607411886782152703,0.229893,0
607411886916370431,0.195375,0
607411887050588159,0.189508,0
607411887184805887,0.210241,0
607411887319023615,0.205795,0
607411887453241343,0.20961,0
607411887721676799,0.233078,0
607411887855894527,0.224657,0
607411887990112255,0.202774,0
607411888124329983,0.238161,0
607411888258547711,0.224589,0
607411888392765439,0.258004,0
607411888526983167,0.219816,0
607411888795418623,0.217296,0
607411888929636351,0.278038,0
607411889063854079,0.213088,0
607411889198071807,0.225713,0
607411889332289535,0.243285,0
607411889466507263,0.243413,0
607411889600724991,0.213317,0
607411889869160447,0.290249,0
607411890003378175,0.29491,0
607411890137595903,0.297659,0
607411890271813631,0.317857,0
607411890406031359,0.239056,0
607411890540249087,0.26748,0
607411890674466815,0.267254,0
607411890942902271,0.216524,0
607411891077119999,0.232055,0
607411891211337727,0.211535,0
607411891345555455,0.228966,0
607411891479773183,0.230293,0
607411891613990911,0.232372,0
607411891748208639,0.227495,0
607411893090385919,0.322893,0
607411893224603647,0.358885,0
607411893358821375,0.289913,0
607411893493039103,0.333402,0
607411893627256831,0.329465,0
607411893761474559,0.362119,0
607411893895692287,0.274606,0
607411894164127743,0.409629,0
607411894298345471,0.441934,0
607411894432563199,0.396885,0
607411894566780927,0.400207,0
607411894700998655,0.39232,0
607411894835216383,0.416558,0
607411894969434111,0.407095,0
607411895237869567,0.290057,0
607411895372087295,0.332648,0
607411895506305023,0.285898,0
607411895640522751,0.330231,0
607411895774740479,0.280639,0
607411895908958207,0.326175,0
607411896043175935,0.233991,0
607411896311611391,0.357699,0
607411896445829119,0.377471,0
607411896580046847,0.340123,0
607411896714264575,0.352829,0
607411896848482303,0.365698,0
607411896982700031,0.374588,0
607411897116917759,0.36728,0
607411897385353215,0.313738,0
607411897519570943,0.356159,0
607411897653788671,0.292362,0
607411897788006399,0.308014,0
607411897922224127,0.290783,0
607411898056441855,0.316511,0
607411898190659583,0.277051,0
607411898459095039,0.368467,0
607411898593312767,0.375191,0
607411898727530495,0.37699,0
607411898861748223,0.41833,0
607411898995965951,0.336775,0
607411899130183679,0.351209,0
607411899264401407,0.330488,0
607411899532836863,0.268286,0
607411899667054591,0.246695,0
607411899801272319,0.264009,0
607411899935490047,0.255012,0
607411900069707775,0.25996,0
607411900203925503,0.277563,0
607411900338143231,0.245051,0
607411901680320511,0.422211,0
607411901814538239,0.415624,0
607411901948755967,0.421931,0
607411902082973695,0.37156,0
607411902217191423,0.458231,0
607411902351409151,0.423163,0
607411902485626879,0.38658,0
607411902754062335,0.48441,0
607411902888280063,0.504822,0
607411903022497791,0.436667,0
607411903156715519,0.453908,0
607411903290933247,0.472868,0
607411903425150975,0.472443,0
607411903559368703,0.4551,0
607411903827804159,0.364594,0
607411903962021887,0.366539,0
607411904096239615,0.357407,0
607411904230457343,0.355941,0
607411904364675071,0.443625,0
607411904498892799,0.350956,0
607411904633110527,0.447342,0
607411904901545983,0.39683,0
607411905035763711,0.438496,0
607411905169981439,0.396501,0
607411905304199167,0.431656,0
607411905438416895,0.379702,0
607411905572634623,0.439885,0
607411905706852351,0.38896,0
607411905975287807,0.381071,0
607411906109505535,0.506574,0
607411906243723263,0.345014,0
607411906377940991,0.356531,0
607411906512158719,0.468781,0
607411906646376447,0.436947,0
607411906780594175,0.328651,0
607411907049029631,0.482707,0
607411907183247359,0.511544,0
607411907317465087,0.431424,0
607411907451682815,0.445781,0
607411907585900543,0.519846,0
607411907720118271,0.525093,0
607411907854335999,0.458205,0
607411908122771455,0.31012,0
607411908256989183,0.360249,0
607411908391206911,0.306511,0
607411908525424639,0.304375,0
607411908659642367,0.340111,0
607411908793860095,0.322693,0
607411908928077823,0.29035,0
607411910270255103,0.494182,0
607411910404472831,0.497723,0
607411910538690559,0.468708,0
607411910672908287,0.483296,0
607411910807126015,0.496991,0
607411910941343743,0.478915,0
607411911075561471,0.448565,0
607411911343996927,0.56834,0
607411911478214655,0.542511,0
607411911612432383,0.561888,0
607411911746650111,0.541556,0
607411911880867839,0.533273,0
607411912015085567,0.538443,0
607411912149303295,0.512578,0
607411912417738751,0.480487,0
607411912551956479,0.310543,0
607411912686174207,0.311985,0
607411912820391935,0.323296,0
607411912954609663,0.443062,0
607411913088827391,0.464928,0
607411913223045119,0.455053,0
607411913491480575,0.512082,0
607411913625698303,0.353256,0
607411913759916031,0.339107,0
607411913894133759,0.345675,0
607411914028351487,0.499779,0
607411914162569215,0.52117,0
607411914296786943,0.503876,0
607411914565222399,0.516538,0
607411914699440127,0.485107,0
607411914833657855,0.524349,0
607411914967875583,0.482981,0
607411915102093311,0.507853,0
607411915236311039,0.51365,0
607411915370528767,0.516277,0
607411915638964223,0.522709,0
607411915773181951,0.52769,0
607411915907399679,0.497915,0
607411916041617407,0.509118,0
607411916175835135,0.548547,0
607411916310052863,0.567393,0
607411916444270591,0.51101,0
607411916712706047,0.467322,0
607411916846923775,0.464364,0
607411916981141503,0.451484,0
607411917115359231,0.451117,0
607411917249576959,0.508519,0
607411917383794687,0.450907,0
607411917518012415,0.457949,0
607411918860189695,0.263627,0
607411918994407423,0.287381,0
607411919128625151,0.197555,0
607411919262842879,0.204271,0
607411919397060607,0.274113,0
607411919531278335,0.303695,0
607411919665496063,0.288121,0
607411919933931519,0.395082,0
607411920068149247,0.38956,0
607411920202366975,0.226585,0
607411920336584703,0.32082,0
607411920470802431,0.329073,0
607411920605020159,0.400797,0
607411920739237887,0.323529,0
607411921007673343,0.229831,0
607411921141891071,0.253581,0
607411921276108799,0.261771,0
607411921410326527,0.323912,0
607411921544544255,0.193924,0
607411921678761983,0.187203,0
607411921812979711,0.392328,0
607411922081415167,0.293627,0
607411922215632895,0.295636,0
607411922349850623,0.217393,0
607411922484068351,0.235924,0
607411922618286079,0.239855,0
607411922752503807,0.297399,0
607411922886721535,0.230557,0
607411923155156991,0.283967,0
607411923289374719,0.29921,0
607411923423592447,0.227475,0
607411923557810175,0.354289,0
607411923692027903,0.232961,0
607411923826245631,0.276542,0
607411923960463359,0.229238,0
607411924228898815,0.332762,0
607411924363116543,0.357981,0
607411924497334271,0.289856,0
607411924631551999,0.298653,0
607411924765769727,0.320052,0
607411924899987455,0.33443,0
607411925034205183,0.333713,0
607411925302640639,0.325394,0
607411925436858367,0.386336,0
607411925571076095,0.284678,0
607411925705293823,0.364435,0
607411925839511551,0.217565,0
607411925973729279,0.275645,0
607411926107947007,0.307681,0
