h3,species_use_log_pred,plausibility
606916319094243327,0.157912,0
606916321241726975,0.141487,0
606916399893315583,0.0709356,0
606916400027533311,0.0698626,0
606916400161751039,0.070949,0
606916400295968767,0.0700559,0
606916400430186495,0.0699371,0
606916400564404223,0.0711916,0
606916400698621951,0.07081,0
606916400967057407,0.0702212,0
606916401235492863,0.0687828,0
606916401503928319,0.0665873,0
606916401772363775,0.0682145,0
606916402040799231,0.0729597,0
606916402175016959,0.072197,0
606916402309234687,0.0777584,0
606916402443452415,0.0757835,0
606916402577670143,0.0705094,0
606916402711887871,0.0673977,0
606916402846105599,0.0744773,0
606916403114541055,0.068808,0
606916403248758783,0.0699958,0
606916403382976511,0.0709057,0
606916403517194239,0.0692453,0
606916403651411967,0.0684934,0
606916403785629695,0.0667456,0
606916403919847423,0.0658226,0
606916404188282879,0.0697818,0
606916404322500607,0.0669678,0
606916404456718335,0.0692404,0
606916404590936063,0.0703452,0
606916404725153791,0.0682193,0
606916404859371519,0.0666977,0
606916404993589247,0.0675107,0
606916405262024703,0.0603136,0
606916405396242431,0.0631693,0
606916405530460159,0.0651858,0
606916405664677887,0.0640966,0
606916405798895615,0.062248,0
606916405933113343,0.0605164,0
606916406067331071,0.0639588,0
606916406335766527,0.0710193,0
606916406469984255,0.0701478,0
606916406604201983,0.069836,0
606916406738419711,0.0690826,0
606916406872637439,0.0704084,0
606916407006855167,0.0718688,0
606916407141072895,0.0703274,0
606916417073184767,0.0706357,0
606916417207402495,0.0705725,0
606916417341620223,0.0747289,0
606916417475837951,0.0751839,0
606916417610055679,0.0718171,0
606916417744273407,0.0704757,0
606916417878491135,0.0702991,0
606916418146926591,0.0744588,0
606916418281144319,0.0727554,0
606916418415362047,0.0723352,0
606916418549579775,0.0725501,0
606916418683797503,0.0791245,0
606916418818015231,0.0779074,0
606916418952232959,0.073766,0
606916419220668415,0.0704154,0
606916419354886143,0.0699705,0
606916419489103871,0.0699738,0
606916419623321599,0.0713273,0
606916419757539327,0.0731339,0
606916419891757055,0.0701537,0
606916420025974783,0.0700367,0
606916420294410239,0.0662784,0
606916420428627967,0.0670192,0
606916420562845695,0.0720151,0
606916420697063423,0.067778,0
606916420831281151,0.0698963,0
606916420965498879,0.0692289,0
606916421099716607,0.0704488,0
606916421368152063,0.0775074,0
606916421502369791,0.0747985,0
606916421636587519,0.0767751,0
606916421770805247,0.0747745,0
606916421905022975,0.0767463,0
606916422039240703,0.0742129,0
606916422173458431,0.0774794,0
606916422441893887,0.0735214,0
606916422576111615,0.0785836,0
606916422710329343,0.0717306,0
606916422844547071,0.0762165,0
606916422978764799,0.0713638,0
606916423112982527,0.0738923,0
606916423247200255,0.073283,0
606916423515635711,0.0754641,0
606916423649853439,0.0751298,0
606916423784071167,0.0740565,0
606916423918288895,0.0701816,0
606916424052506623,0.0751251,0
606916424186724351,0.0751772,0
606916424320942079,0.0772216,0
606916425663119359,0.0703353,0
606916425931554815,0.071482,0
606916426199990271,0.0721997,0
606916426468425727,0.0715592,0
606916427810603007,0.0671576,0
606916428079038463,0.0690328,0
606916428347473919,0.0690791,0
606916428615909375,0.0669127,0
606916429958086655,0.0726957,0
606916430092304383,0.0744255,0
606916430226522111,0.0730346,0
606916430360739839,0.0700295,0
606916430494957567,0.070848,0
606916430629175295,0.0722901,0
606916430763393023,0.0739286,0
606916431837134847,0.0743966,0
606916432105570303,0.0693849,0
606916432239788031,0.069145,0
606916432374005759,0.0679282,0
606916432508223487,0.0674593,0
606916432642441215,0.0727274,0
606916432776658943,0.0683336,0
606916432910876671,0.0708254,0
606916434253053951,0.0621404,0
606916434387271679,0.0634131,0
606916434521489407,0.0657818,0
606916434655707135,0.0603613,0
606916434789924863,0.0589279,0
606916434924142591,0.0579095,0
606916435058360319,0.0592452,0
606916435326795775,0.0575388,0
606916435461013503,0.059692,0
606916435595231231,0.0606594,0
606916435729448959,0.0590638,0
606916435863666687,0.0558201,0
606916435997884415,0.0567613,0
606916436132102143,0.0568695,0
606916436400537599,0.0659793,0
606916436534755327,0.0625381,0
606916436668973055,0.0661519,0
606916436803190783,0.0659483,0
606916436937408511,0.0654079,0
606916437071626239,0.0835324,0
606916437205843967,0.0762592,0
606916437474279423,0.0731523,0
606916437608497151,0.0588207,0
606916437742714879,0.0618751,0
606916437876932607,0.0618845,0
606916438011150335,0.0610267,0
606916438145368063,0.0612285,0
606916438279585791,0.0604634,0
606916438548021247,0.0617807,0
606916438682238975,0.059533,0
606916438816456703,0.0650809,0
606916438950674431,0.061767,0
606916439084892159,0.0621708,0
606916439219109887,0.0605138,0
606916439353327615,0.0603831,0
606916439621763071,0.0610496,0
606916439755980799,0.0571005,0
606916439890198527,0.0612334,0
606916440024416255,0.0568205,0
606916440158633983,0.0617803,0
606916440292851711,0.0603331,0
606916440427069439,0.0609177,0
606916440695504895,0.0626401,0
606916440829722623,0.0648619,0
606916440963940351,0.0668652,0
606916441098158079,0.0654305,0
606916441232375807,0.0590585,0
606916441366593535,0.0614506,0
606916441500811263,0.0617868,0
606916445258907647,0.0670281,0
606916445795778559,0.061227,0
606916447137955839,0.0600002,0
606916447406391295,0.0633359,0
606916447540609023,0.0587991,0
606916447674826751,0.0527766,0
606916447943262207,0.0593213,0
606916449285439487,0.0563505,0
606916449419657215,0.0602776,0
606916449553874943,0.0588106,0
606916449688092671,0.0593967,0
606916449822310399,0.0568963,0
606916449956528127,0.0601907,0
606916450090745855,0.0579252,0
606916451432923135,0.0687615,0
606916451567140863,0.0722469,0
606916451701358591,0.0714238,0
606916451835576319,0.074471,0
606916451969794047,0.0659365,0
606916452104011775,0.0657561,0
606916452238229503,0.0670823,0
606916452506664959,0.0688804,0
606916452640882687,0.0689358,0
606916452775100415,0.0803082,0
606916452909318143,0.071697,0
606916453043535871,0.0694063,0
606916453177753599,0.0671209,0
606916453311971327,0.0689844,0
606916453580406783,0.0716345,0
606916453714624511,0.0754935,0
606916453848842239,0.0754566,0
606916453983059967,0.0775605,0
606916454117277695,0.0695378,0
606916454251495423,0.0701072,0
606916454385713151,0.0753221,0
606916454654148607,0.0737312,0
606916454788366335,0.0724599,0
606916454922584063,0.0748032,0
606916455056801791,0.0731217,0
606916455191019519,0.0750344,0
606916455325237247,0.0750449,0
606916455459454975,0.0723733,0
606916455727890431,0.065553,0
606916455862108159,0.0639504,0
606916455996325887,0.0687416,0
606916456130543615,0.0674129,0
606916456264761343,0.0647401,0
606916456398979071,0.0644712,0
606916456533196799,0.0636523,0
606916456801632255,0.0677025,0
606916456935849983,0.067342,0
606916457070067711,0.0659211,0
606916457204285439,0.0703363,0
606916457338503167,0.0643372,0
606916457472720895,0.0632475,0
606916457606938623,0.0646847,0
606916457875374079,0.0715067,0
606916458009591807,0.0702095,0
606916458143809535,0.0735467,0
606916458278027263,0.0702881,0
606916458412244991,0.0644852,0
606916458546462719,0.0753031,0
606916458680680447,0.0742767,0
606916537332269055,0.0994604,0
606916537466486783,0.105081,0
606916537600704511,0.104887,0
606916537734922239,0.10493,0
606916537869139967,0.0955777,0
606916538003357695,0.0984905,0
606916538137575423,0.105084,0
606916538406010879,0.0960386,0
606916538540228607,0.0942932,0
606916538674446335,0.105939,0
606916538808664063,0.102657,0
606916538942881791,0.0902211,0
606916539077099519,0.0867256,0
606916539211317247,0.097086,0
606916539479752703,0.108102,0
606916539613970431,0.109203,0
606916539748188159,0.113419,0
606916539882405887,0.110467,0
606916540016623615,0.107337,0
606916540150841343,0.106648,0
606916540285059071,0.110462,0
606916540553494527,0.106066,0
606916540687712255,0.109384,0
606916540821929983,0.10982,0
606916540956147711,0.112178,0
606916541090365439,0.104638,0
606916541224583167,0.100403,0
606916541358800895,0.11149,0
606916541627236351,0.09161,0
606916541761454079,0.0876997,0
606916541895671807,0.0962335,0
606916542029889535,0.0950734,0
606916542164107263,0.0877418,0
606916542298324991,0.0833829,0
606916542432542719,0.091288,0
606916542700978175,0.0855711,0
606916542835195903,0.0788724,0
606916542969413631,0.0910452,0
606916543103631359,0.0909776,0
606916543237849087,0.0853632,0
606916543372066815,0.0807804,0
606916543506284543,0.0837286,0
606916543774719999,0.104382,0
606916543908937727,0.108872,0
606916544043155455,0.105986,0
606916544177373183,0.110422,0
606916544311590911,0.0992385,0
606916544445808639,0.105131,0
606916544580026367,0.105186,0
606916550217170943,0.0860155,0
606916550485606399,0.0931993,0
606916550619824127,0.0906701,0
606916550754041855,0.0807642,0
606916550888259583,0.0825293,0
606916551022477311,0.0863168,0
606916552364654591,0.105522,0
606916552633090047,0.108918,0
606916552767307775,0.1131,0
606916552901525503,0.0984041,0
606916553035743231,0.0935802,0
606916553169960959,0.109289,0
606916554512138239,0.117425,0
606916554646355967,0.121208,0
606916554780573695,0.102849,0
606916554914791423,0.103044,0
606916555049009151,0.118712,0
606916555183226879,0.11627,0
606916555317444607,0.106911,0
606916555585880063,0.118286,0
606916555720097791,0.120439,0
606916555854315519,0.120992,0
606916555988533247,0.122844,0
606916556122750975,0.118649,0
606916556256968703,0.11551,0
606916556391186431,0.119094,0
606916556659621887,0.122139,0
606916556793839615,0.117426,0
606916556928057343,0.130593,0
606916557062275071,0.12286,0
606916557196492799,0.107726,0
606916557330710527,0.10699,0
606916557464928255,0.125429,0
606916557733363711,0.10205,0
606916557867581439,0.120261,0
606916558001799167,0.117221,0
606916558136016895,0.116198,0
606916558270234623,0.118557,0
606916558404452351,0.123507,0
606916558538670079,0.103917,0
606916558807105535,0.118144,0
606916558941323263,0.115764,0
606916559075540991,0.101548,0
606916559209758719,0.120461,0
606916559343976447,0.113915,0
606916559478194175,0.113682,0
606916559612411903,0.115126,0
606916559880847359,0.11208,0
606916560015065087,0.117779,0
606916560149282815,0.115426,0
606916560283500543,0.121572,0
606916560417718271,0.109471,0
606916560551935999,0.106969,0
606916560686153727,0.116275,0
606916560954589183,0.108739,0
606916561088806911,0.108173,0
606916561223024639,0.109882,0
606916561357242367,0.108599,0
606916561491460095,0.106289,0
606916561625677823,0.107739,0
606916561759895551,0.107085,0
606916563102072831,0.122562,0
606916563236290559,0.12133,0
606916563370508287,0.123708,0
606916563504726015,0.124493,0
606916563638943743,0.120712,0
606916563773161471,0.12043,0
606916563907379199,0.123349,0
606916565249556479,0.140833,0
606916565383774207,0.139394,0
606916565517991935,0.149109,0
606916565652209663,0.150381,0
606916565786427391,0.119116,0
606916565920645119,0.128295,0
606916566054862847,0.141607,0
606916567128604671,0.12542,0
606916567397040127,0.116818,0
606916567531257855,0.117472,0
606916567665475583,0.120156,0
606916567799693311,0.120657,0
606916567933911039,0.112206,0
606916568068128767,0.111473,0
606916568202346495,0.117957,0
606916568470781951,0.116421,0
606916568604999679,0.115092,0
606916568739217407,0.117389,0
606916568873435135,0.115179,0
606916569007652863,0.113252,0
606916569141870591,0.114251,0
606916569276088319,0.115633,0
606916569544523775,0.121828,0
606916569678741503,0.126666,0
606916569812959231,0.120526,0
606916569947176959,0.124206,0
606916570081394687,0.123485,0
606916570215612415,0.123029,0
606916570349830143,0.118501,0
606916571692007423,0.0774074,0
606916571826225151,0.0755978,0
606916571960442879,0.0818291,0
606916572094660607,0.0815632,0
606916572228878335,0.0778925,0
606916572363096063,0.0776926,0
606916572497313791,0.0793267,0
606916572765749247,0.0702017,0
606916572899966975,0.0688494,0
606916573034184703,0.072804,0
606916573168402431,0.0663182,0
606916573302620159,0.0714041,0
606916573436837887,0.069008,0
606916573571055615,0.0725004,0
606916573839491071,0.0897351,0
606916573973708799,0.0941291,0
606916574107926527,0.0894848,0
606916574242144255,0.0896587,0
606916574376361983,0.0846122,0
606916574510579711,0.0827315,0
606916574644797439,0.0885913,0
606916574913232895,0.0819646,0
606916575047450623,0.0811204,0
606916575181668351,0.087415,0
606916575315886079,0.0935239,0
606916575450103807,0.080095,0
606916575584321535,0.0741146,0
606916575718539263,0.0828158,0
606916575986974719,0.0778663,0
606916576121192447,0.0765591,0
606916576255410175,0.0776112,0
606916576389627903,0.0815099,0
606916576523845631,0.0776738,0
606916576658063359,0.0743872,0
606916576792281087,0.079372,0
606916577060716543,0.0727473,0
606916577194934271,0.0704777,0
606916577329151999,0.0769011,0
606916577463369727,0.0730526,0
606916577597587455,0.0739029,0
606916577731805183,0.072134,0
606916577866022911,0.0776582,0
606916578134458367,0.0815368,0
606916578268676095,0.0824431,0
606916578402893823,0.082721,0
606916578537111551,0.0832771,0
606916578671329279,0.0766678,0
606916578805547007,0.0790496,0
606916578939764735,0.0800388,0
606916580281942015,0.0713151,0
606916580416159743,0.0700534,0
606916580550377471,0.0718562,0
606916580684595199,0.0720974,0
606916580818812927,0.0695191,0
606916580953030655,0.0710583,0
606916581087248383,0.0710898,0
606916581355683839,0.0731184,0
606916581624119295,0.0741988,0
606916581892554751,0.0717244,0
606916582026772479,0.0717155,0
606916582160990207,0.0724125,0
606916582429425663,0.0795543,0
606916582563643391,0.0773341,0
606916582697861119,0.0811401,0
606916582832078847,0.0799608,0
606916582966296575,0.0749937,0
606916583100514303,0.0752265,0
606916583234732031,0.0796727,0
606916583503167487,0.0746348,0
606916583771602943,0.0761051,0
606916583905820671,0.0770276,0
606916584040038399,0.0746201,0
606916584174256127,0.0785647,0
606916584308473855,0.0740792,0
606916584576909311,0.0705168,0
606916584711127039,0.068214,0
606916584845344767,0.0695568,0
606916584979562495,0.0661963,0
606916585113780223,0.0710689,0
606916585247997951,0.0693064,0
606916585382215679,0.0710373,0
606916585650651135,0.0698333,0
606916585784868863,0.0670264,0
606916585919086591,0.0695079,0
606916586053304319,0.0679137,0
606916586187522047,0.0685554,0
606916586321739775,0.0655932,0
606916586455957503,0.0683831,0
606916586724392959,0.0724234,0
606916586858610687,0.069255,0
606916586992828415,0.0803699,0
606916587127046143,0.0725664,0
606916587261263871,0.0735682,0
606916587395481599,0.0706715,0
606916587529699327,0.075069,0
606916588871876607,0.101235,0
606916589006094335,0.0993528,0
606916589140312063,0.107366,0
606916589274529791,0.107539,0
606916589408747519,0.0954283,0
606916589542965247,0.0935318,0
606916589677182975,0.0978023,0
606916589945618431,0.0995471,0
606916590079836159,0.0989867,0
606916590214053887,0.101731,0
606916590348271615,0.105696,0
606916590482489343,0.095126,0
606916590616707071,0.0951096,0
606916590750924799,0.0921475,0
606916591019360255,0.11239,0
606916591153577983,0.11385,0
606916591287795711,0.111911,0
606916591422013439,0.113801,0
606916591556231167,0.108015,0
606916591690448895,0.109464,0
606916591824666623,0.109169,0
606916592093102079,0.110759,0
606916592227319807,0.110392,0
606916592361537535,0.114197,0
606916592495755263,0.114978,0
606916592629972991,0.101827,0
606916592764190719,0.109547,0
606916592898408447,0.108915,0
606916593166843903,0.0887687,0
606916593301061631,0.0893574,0
606916593435279359,0.091678,0
606916593569497087,0.0944913,0
606916593703714815,0.0867386,0
606916593837932543,0.0878955,0
606916593972150271,0.0891814,0
606916594240585727,0.0870381,0
606916594374803455,0.090125,0
606916594509021183,0.088624,0
606916594643238911,0.0916033,0
606916594777456639,0.0875227,0
606916594911674367,0.0883699,0
606916595045892095,0.0871758,0
606916595314327551,0.106295,0
606916595448545279,0.107124,0
606916595582763007,0.109157,0
606916595716980735,0.104913,0
606916595851198463,0.101011,0
606916595985416191,0.103344,0
606916596119633919,0.102662,0
606924152309284863,0.159492,0
606924152577720319,0.163044,0
606924152846155775,0.152171,0
606924152980373503,0.161014,0
606924153114591231,0.152041,0
606924154456768511,0.156778,0
606924154725203967,0.158247,0
606924154993639423,0.162589,0
606924155262074879,0.157991,0
606924290016673791,0.0791756,0
606924290285109247,0.0830464,0
606924290553544703,0.0715274,0
606924292164157439,0.0665655,0
606924292432592895,0.076441,0
606924292701028351,0.0804492,0
606925195986337791,0.0543291,0
606925196120555519,0.0600093,0
606925196254773247,0.0491195,0
606925196388990975,0.0500304,0
606925196523208703,0.0477626,0
606925196657426431,0.0493818,0
606925196791644159,0.0476991,0
606925197060079615,0.0417174,0
606925197194297343,0.0467349,0
606925197328515071,0.046744,0
606925197462732799,0.0439639,0
606925197596950527,0.0418051,0
606925197731168255,0.0464864,0
606925197865385983,0.0556319,0
606925198133821439,0.0513798,0
606925198268039167,0.0453719,0
606925198402256895,0.0498255,0
606925198536474623,0.0478933,0
606925198670692351,0.0480582,0
606925198804910079,0.0535559,0
606925198939127807,0.0465479,0
606925199207563263,0.044855,0
606925199341780991,0.04316,0
606925199475998719,0.0457978,0
606925199610216447,0.0423705,0
606925199744434175,0.0492229,0
606925199878651903,0.0441425,0
606925200012869631,0.0480759,0
606925200281305087,0.0493736,0
606925200415522815,0.0472559,0
606925200549740543,0.0541575,0
606925200683958271,0.0450197,0
606925200818175999,0.0499075,0
606925200952393727,0.0467587,0
606925201086611455,0.0522574,0
606925201355046911,0.0421429,0
606925201489264639,0.0449978,0
606925201623482367,0.0450818,0
606925201757700095,0.0418461,0
606925201891917823,0.0408619,0
606925202026135551,0.0452525,0
606925202160353279,0.0420793,0
606925202428788735,0.0475699,0
606925202563006463,0.043703,0
606925202697224191,0.047241,0
606925202831441919,0.0416164,0
606925202965659647,0.0479804,0
606925203099877375,0.0471404,0
606925203234095103,0.0473615,0
606925208871239679,0.0416335,0
606925209005457407,0.0411901,0
606925209139675135,0.0438415,0
606925209273892863,0.0396219,0
606925209408110591,0.0509336,0
606925209542328319,0.0449443,0
606925209676546047,0.0466673,0
606925211018723327,0.0427427,0
606925211287158783,0.0419586,0
606925211421376511,0.0440689,0
606925211555594239,0.0492997,0
606925211689811967,0.0427734,0
606925211824029695,0.0539163,0
606925213166206975,0.0386392,0
606925213300424703,0.0392742,0
606925213434642431,0.0435055,0
606925213568860159,0.0397851,0
606925213703077887,0.0459471,0
606925213837295615,0.0438948,0
606925213971513343,0.0452035,0
606925214239948799,0.0470574,0
606925214374166527,0.0452545,0
606925214508384255,0.0451871,0
606925214642601983,0.0413639,0
606925214776819711,0.0467484,0
606925214911037439,0.054337,0
606925215045255167,0.0447339,0
606925215313690623,0.0384794,0
606925215447908351,0.0388223,0
606925215582126079,0.0402114,0
606925215716343807,0.0401749,0
606925215850561535,0.0464279,0
606925215984779263,0.0389106,0
606925216118996991,0.0452555,0
606925216387432447,0.0417687,0
606925216521650175,0.0400309,0
606925216655867903,0.0392455,0
606925216790085631,0.0376751,0
606925216924303359,0.0417923,0
606925217058521087,0.0401708,0
606925217192738815,0.0394326,0
606925217461174271,0.0406227,0
606925217595391999,0.0422037,0
606925217729609727,0.043371,0
606925217863827455,0.0416016,0
606925217998045183,0.0494435,0
606925218132262911,0.042274,0
606925218266480639,0.0463006,0
606925218534916095,0.0452695,0
606925218669133823,0.0477208,0
606925218803351551,0.0455863,0
606925218937569279,0.0438353,0
606925219071787007,0.0458554,0
606925219206004735,0.042165,0
606925219340222463,0.0438958,0
606925219608657919,0.043962,0
606925219742875647,0.0437853,0
606925219877093375,0.0432861,0
606925220011311103,0.0440136,0
606925220145528831,0.0471092,0
606925220279746559,0.0419419,0
606925220413964287,0.051111,0
606925221756141567,0.0420104,0
606925222024577023,0.0412381,0
606925222293012479,0.0450511,0
606925222427230207,0.0445832,0
606925222561447935,0.0427733,0
606925223903625215,0.0385586,0
606925224172060671,0.0400854,0
606925224440496127,0.0416895,0
606925224574713855,0.0405966,0
606925224708931583,0.0377158,0
606925226051108863,0.045659,0
606925226185326591,0.0440019,0
606925226319544319,0.0477531,0
606925226453762047,0.0443542,0
606925226587979775,0.0447811,0
606925226722197503,0.0418252,0
606925226856415231,0.0486293,0
606925227124850687,0.0438624,0
606925227393286143,0.0445825,0
606925227661721599,0.0449045,0
606925227795939327,0.0424747,0
606925227930157055,0.0419428,0
606925228198592511,0.0444466,0
606925228332810239,0.0434654,0
606925228467027967,0.0428472,0
606925228601245695,0.0417864,0
606925228735463423,0.0440005,0
606925228869681151,0.0439702,0
606925229003898879,0.0416168,0
606925230346076159,0.0562386,0
606925230480293887,0.0592589,0
606925230614511615,0.0603905,0
606925230748729343,0.0612125,0
606925230882947071,0.0590715,0
606925231017164799,0.0588491,0
606925231151382527,0.053908,0
606925231419817983,0.0546737,0
606925231554035711,0.0489922,0
606925231688253439,0.0532521,0
606925231822471167,0.0497179,0
606925231956688895,0.0628103,0
606925232090906623,0.0502772,0
606925232225124351,0.0603895,0
606925232493559807,0.0568804,0
606925232627777535,0.0542906,0
606925232761995263,0.0571538,0
606925232896212991,0.0583065,0
606925233030430719,0.0636652,0
606925233164648447,0.0590876,0
606925233298866175,0.0630412,0
606925233567301631,0.0557053,0
606925233701519359,0.058108,0
606925233835737087,0.0527749,0
606925233969954815,0.0494856,0
606925234104172543,0.0576875,0
606925234238390271,0.0548004,0
606925234372607999,0.0554037,0
606925234641043455,0.0637225,0
606925234775261183,0.0634437,0
606925234909478911,0.0605625,0
606925235043696639,0.055604,0
606925235177914367,0.0626863,0
606925235312132095,0.0633428,0
606925235446349823,0.0514583,0
606925235714785279,0.0625379,0
606925235849003007,0.0631827,0
606925235983220735,0.0638981,0
606925236117438463,0.0638764,0
606925236251656191,0.0717649,0
606925236385873919,0.0614598,0
606925236520091647,0.0670347,0
606925236788527103,0.0646653,0
606925236922744831,0.0616679,0
606925237056962559,0.0679622,0
606925237191180287,0.0653541,0
606925237325398015,0.061785,0
606925237459615743,0.0634298,0
606925237593833471,0.0621996,0
606925238936010751,0.0539857,0
606925239070228479,0.062999,0
606925239204446207,0.0532,0
606925239338663935,0.0525115,0
606925239472881663,0.0560847,0
606925239607099391,0.0574549,0
606925239741317119,0.0750735,0
606925240009752575,0.064579,0
606925240143970303,0.0655199,0
606925240278188031,0.064733,0
606925240412405759,0.06178,0
606925240546623487,0.0575293,0
606925240680841215,0.0568123,0
606925240815058943,0.0754132,0
606925241083494399,0.0434508,0
606925241217712127,0.049583,0
606925241351929855,0.042455,0
606925241486147583,0.0458768,0
606925241620365311,0.0548341,0
606925241754583039,0.0458535,0
606925241888800767,0.052428,0
606925242157236223,0.0462868,0
606925242291453951,0.0531964,0
606925242425671679,0.0532785,0
606925242559889407,0.0466765,0
606925242694107135,0.0655169,0
606925242828324863,0.0568415,0
606925242962542591,0.0540788,0
606925243230978047,0.0477123,0
606925243365195775,0.0463684,0
606925243499413503,0.0469525,0
606925243633631231,0.0473036,0
606925243767848959,0.0488487,0
606925243902066687,0.0468909,0
606925244036284415,0.0466204,0
606925244304719871,0.0556087,0
606925244438937599,0.0588435,0
606925244573155327,0.0522963,0
606925244707373055,0.0527404,0
606925244841590783,0.0495859,0
606925244975808511,0.0503888,0
606925245110026239,0.0471707,0
606925245378461695,0.0454852,0
606925245512679423,0.0536515,0
606925245646897151,0.0447249,0
606925245781114879,0.0444521,0
606925245915332607,0.0468459,0
606925246049550335,0.0500558,0
606925246183768063,0.056572,0
606925247525945343,0.0536595,0
606925247660163071,0.0595814,0
606925247794380799,0.0548715,0
606925247928598527,0.0571115,0
606925248062816255,0.0607923,0
606925248197033983,0.0586116,0
606925248331251711,0.0603491,0
606925248599687167,0.0556248,0
606925248733904895,0.0504336,0
606925248868122623,0.054339,0
606925249002340351,0.0477991,0
606925249136558079,0.062765,0
606925249270775807,0.0557595,0
606925249404993535,0.0596127,0
606925249673428991,0.0548473,0
606925249807646719,0.0520004,0
606925249941864447,0.0489984,0
606925250076082175,0.0498753,0
606925250210299903,0.0553963,0
606925250344517631,0.0552275,0
606925250478735359,0.0553852,0
606925250747170815,0.045903,0
606925250881388543,0.0445674,0
606925251015606271,0.0442928,0
606925251149823999,0.041371,0
606925251284041727,0.0512982,0
606925251418259455,0.047108,0
606925251552477183,0.0476055,0
606925251820912639,0.0590335,0
606925251955130367,0.0616188,0
606925252089348095,0.0548593,0
606925252223565823,0.0602932,0
606925252357783551,0.0626511,0
606925252492001279,0.0537904,0
606925252626219007,0.0548278,0
606925252894654463,0.0629041,0
606925253028872191,0.0614087,0
606925253163089919,0.0634995,0
606925253297307647,0.059682,0
606925253431525375,0.0658768,0
606925253565743103,0.0685988,0
606925253699960831,0.062852,0
606925253968396287,0.0481322,0
606925254102614015,0.0599944,0
606925254236831743,0.0509581,0
606925254371049471,0.0584045,0
606925254505267199,0.0554073,0
606925254639484927,0.0570913,0
606925254773702655,0.0568488,0
606925321345695743,0.0673749,0
606925333425291263,0.0263978,0
606925333559508991,0.0344243,0
606925333693726719,0.0279186,0
606925333827944447,0.0324604,0
606925333962162175,0.0292102,0
606925334096379903,0.030275,0
606925334230597631,0.0326111,0
606925334499033087,0.0287518,0
606925334633250815,0.030147,0
606925334767468543,0.0308354,0
606925334901686271,0.0299759,0
606925335035903999,0.0325291,0
606925335170121727,0.0292451,0
606925335304339455,0.0352263,0
606925335572774911,0.0304274,0
606925335706992639,0.0353492,0
606925335841210367,0.0314371,0
606925335975428095,0.0330739,0
606925336109645823,0.0307597,0
606925336243863551,0.0322437,0
606925336378081279,0.0329329,0
606925336646516735,0.0301242,0
606925336780734463,0.0305044,0
606925336914952191,0.0301067,0
606925337049169919,0.0333917,0
606925337183387647,0.0310952,0
606925337317605375,0.0315481,0
606925337451823103,0.0335299,0
606925337720258559,0.0348415,0
606925337854476287,0.036858,0
606925337988694015,0.0334117,0
606925338122911743,0.0332031,0
606925338257129471,0.033843,0
606925338391347199,0.0356044,0
606925338525564927,0.0347287,0
606925338794000383,0.0288425,0
606925338928218111,0.0337285,0
606925339062435839,0.0298907,0
606925339196653567,0.0302926,0
606925339330871295,0.0341557,0
606925339465089023,0.0307007,0
606925339599306751,0.038099,0
606925339867742207,0.0370037,0
606925340001959935,0.0388037,0
606925340136177663,0.0368666,0
606925340270395391,0.0371795,0
606925340404613119,0.0330798,0
606925340538830847,0.0390046,0
606925340673048575,0.0345169,0
606925346847064063,0.033534,0
606925347115499519,0.0320164,0
606925348994547711,0.030063,0
606925349262983167,0.0328715,0
606925350605160447,0.0370005,0
606925350739378175,0.0323608,0
606925350873595903,0.0367038,0
606925351007813631,0.037655,0
606925351142031359,0.0328872,0
606925351276249087,0.0362197,0
606925351410466815,0.0321827,0
606925351678902271,0.0340619,0
606925351813119999,0.0341165,0
606925351947337727,0.0337993,0
606925352081555455,0.0384466,0
606925352215773183,0.0327923,0
606925352349990911,0.0325737,0
606925352484208639,0.0335385,0
606925352752644095,0.0371088,0
606925352886861823,0.0368312,0
606925353021079551,0.0375906,0
606925353155297279,0.0350117,0
606925353289515007,0.0346259,0
606925353423732735,0.0417118,0
606925353557950463,0.0357561,0
606925353826385919,0.0366801,0
606925353960603647,0.0386037,0
606925354094821375,0.0353827,0
606925354229039103,0.0413326,0
606925354363256831,0.0344314,0
606925354497474559,0.0377212,0
606925354631692287,0.0347304,0
606925354900127743,0.0347639,0
606925355034345471,0.0334594,0
606925355168563199,0.0344452,0
606925355302780927,0.0330528,0
606925355436998655,0.0310498,0
606925355571216383,0.0364678,0
606925355705434111,0.0296813,0
606925355973869567,0.0363707,0
606925356108087295,0.0357273,0
606925356242305023,0.035233,0
606925356376522751,0.0372688,0
606925356510740479,0.034432,0
606925356644958207,0.0377153,0
606925356779175935,0.0349396,0
606925357047611391,0.0327177,0
606925357181829119,0.0338272,0
606925357316046847,0.0338481,0
606925357450264575,0.0329513,0
606925357584482303,0.0341651,0
606925357718700031,0.0346669,0
606925357852917759,0.0330675,0
606925363490062335,0.0308813,0
606925363624280063,0.0309655,0
606925363758497791,0.0307261,0
606925363892715519,0.0331952,0
606925364026933247,0.0305136,0
606925364161150975,0.0329724,0
606925364295368703,0.0313904,0
606925365369110527,0.0285987,0
606925365637545983,0.0380262,0
606925365771763711,0.0359804,0
606925365905981439,0.0407039,0
606925366040199167,0.0417459,0
606925366174416895,0.0353212,0
606925366308634623,0.0346476,0
606925366442852351,0.0378775,0
606925367785029631,0.0355496,0
606925367919247359,0.0410886,0
606925368053465087,0.0318405,0
606925368187682815,0.0359006,0
606925368321900543,0.034816,0
606925368456118271,0.0359484,0
606925368590335999,0.0326025,0
606925368858771455,0.0371976,0
606925368992989183,0.0408715,0
606925369127206911,0.0340418,0
606925369261424639,0.0346621,0
606925369395642367,0.0414694,0
606925369529860095,0.0426772,0
606925369664077823,0.0424458,0
606925369932513279,0.0336267,0
606925370066731007,0.0370028,0
606925370200948735,0.033793,0
606925370335166463,0.0349205,0
606925370469384191,0.0335489,0
606925370603601919,0.0348556,0
606925370737819647,0.0337672,0
606925371006255103,0.0330481,0
606925371140472831,0.0361439,0
606925371274690559,0.031443,0
606925371408908287,0.0357738,0
606925371543126015,0.0343942,0
606925371677343743,0.0377225,0
606925371811561471,0.0367719,0
606925372079996927,0.0358696,0
606925372214214655,0.0375139,0
606925372348432383,0.0329163,0
606925372482650111,0.0344674,0
606925372616867839,0.0385623,0
606925372751085567,0.0376157,0
606925372885303295,0.0364061,0
606925373153738751,0.0367797,0
606925373287956479,0.0433603,0
606925373422174207,0.035225,0
606925373556391935,0.0391916,0
606925373690609663,0.0405358,0
606925373824827391,0.0448535,0
606925373959045119,0.0360992,0
606925374227480575,0.0326825,0
606925374361698303,0.0316047,0
606925374495916031,0.0317827,0
606925374630133759,0.0316227,0
606925374764351487,0.032289,0
606925374898569215,0.0345198,0
606925375032786943,0.0304615,0
606925376374964223,0.0338665,0
606925376509181951,0.0330709,0
606925376643399679,0.0325677,0
606925376777617407,0.0313139,0
606925376911835135,0.0347228,0
606925377046052863,0.0331939,0
606925377180270591,0.0353286,0
606925377448706047,0.0377612,0
606925377717141503,0.0340887,0
606925377985576959,0.0360399,0
606925378254012415,0.0337,0
606925378522447871,0.0292762,0
606925378656665599,0.0299673,0
606925378790883327,0.0294733,0
606925378925101055,0.0292606,0
606925379059318783,0.0333547,0
606925379193536511,0.0309898,0
606925379327754239,0.0355685,0
606925379864625151,0.0345706,0
606925380133060607,0.0344753,0
606925380401496063,0.0308782,0
606925380669931519,0.036124,0
606925380804149247,0.0352649,0
606925380938366975,0.0395557,0
606925381072584703,0.0368826,0
606925381206802431,0.0384773,0
606925381341020159,0.0375331,0
606925381475237887,0.0403467,0
606925381743673343,0.0389662,0
606925381877891071,0.037356,0
606925382012108799,0.0391781,0
606925382146326527,0.034199,0
606925382280544255,0.0370569,0
606925382414761983,0.0374917,0
606925382548979711,0.0370453,0
606925382817415167,0.0354814,0
606925382951632895,0.0353796,0
606925383085850623,0.0349269,0
606925383220068351,0.0334539,0
606925383354286079,0.0408533,0
606925383488503807,0.0343491,0
606925383622721535,0.0422244,0
606925384964898815,0.0354993,0
606925385099116543,0.0355483,0
606925385233334271,0.0336111,0
606925385367551999,0.0350984,0
606925385501769727,0.0335606,0
606925385635987455,0.036731,0
606925385770205183,0.0320089,0
606925386038640639,0.0359582,0
606925386172858367,0.0368328,0
606925386307076095,0.0342129,0
606925386441293823,0.0386463,0
606925386575511551,0.0339635,0
606925386709729279,0.0357228,0
606925386843947007,0.0355287,0
606925387112382463,0.0313745,0
606925387246600191,0.0348182,0
606925387380817919,0.031159,0
606925387515035647,0.0320456,0
606925387649253375,0.0325003,0
606925387783471103,0.035067,0
606925387917688831,0.0321743,0
606925388186124287,0.0376876,0
606925388320342015,0.0371043,0
606925388454559743,0.0376891,0
606925388588777471,0.0376249,0
606925388722995199,0.0345986,0
606925388857212927,0.0393284,0
606925388991430655,0.0370934,0
606925389259866111,0.0334471,0
606925389394083839,0.0316998,0
606925389528301567,0.032571,0
606925389662519295,0.0303063,0
606925389796737023,0.0372619,0
606925389930954751,0.0353054,0
606925390065172479,0.0347321,0
606925390333607935,0.0325867,0
606925390467825663,0.0346497,0
606925390602043391,0.0371575,0
606925390736261119,0.0344452,0
606925390870478847,0.036762,0
606925391004696575,0.0349682,0
606925391138914303,0.0343647,0
606925391407349759,0.0301192,0
606925391541567487,0.0360036,0
606925391675785215,0.031475,0
606925391810002943,0.0359429,0
606925391944220671,0.0327373,0
606925392078438399,0.0333089,0
606925392212656127,0.0322027,0
607134006827286527,0.112803,0
607134007364157439,0.0591552,0
607134017296269311,0.0463277,0
607134017430487039,0.0462794,0
607134017564704767,0.0482836,0
607134017698922495,0.044777,0
607134017833140223,0.0489125,0
607134017967357951,0.0492138,0
607134018101575679,0.0451378,0
607134018370011135,0.047745,0
607134018638446591,0.0450178,0
607134018906882047,0.0498417,0
607134019175317503,0.0468311,0
607134019980623871,0.0503791,0
607134020114841599,0.0447818,0
607134020249059327,0.0492663,0
607134021591236607,0.0524494,0
607134021725454335,0.0533077,0
607134021859672063,0.058728,0
607134021993889791,0.0561805,0
607134022128107519,0.0527799,0
607134022262325247,0.0518097,0
607134022396542975,0.0607192,0
607134022664978431,0.054065,0
607134022799196159,0.056661,0
607134022933413887,0.0493165,0
607134023067631615,0.0492967,0
607134023201849343,0.108601,0
607134023336067071,0.127595,0
607134023470284799,0.0676896,0
607134023738720255,0.053423,0
607134023872937983,0.048048,0
607134024007155711,0.0576364,0
607134024141373439,0.0505722,0
607134024275591167,0.0586082,0
607134024409808895,0.0546569,0
607134024544026623,0.0573167,0
607134240634568703,0.0656614,0
607134240768786431,0.0638691,0
607134240903004159,0.0641773,0
607134241037221887,0.0656546,0
607134241171439615,0.0622607,0
607134241305657343,0.0667459,0
607134241439875071,0.0647526,0
607134241976745983,0.0667991,0
607134242513616895,0.068698,0
607134242782052351,0.0633633,0
607134242916270079,0.0604154,0
607134243050487807,0.0619579,0
607134243184705535,0.0635741,0
607134243318923263,0.0644033,0
607134243453140991,0.0643694,0
607134243587358719,0.0618005,0
607134243855794175,0.0649546,0
607134243990011903,0.0674503,0
607134244124229631,0.0628146,0
607134244258447359,0.0655837,0
607134244392665087,0.0626597,0
607134244526882815,0.0695321,0
607134244661100543,0.0650561,0
607134244929535999,0.0649424,0
607134245063753727,0.0617209,0
607134245197971455,0.064442,0
607134245332189183,0.064423,0
607134245466406911,0.0654493,0
607134245600624639,0.0647759,0
607134245734842367,0.06505,0
607134246003277823,0.0696099,0
607134246271713279,0.0650763,0
607134246405931007,0.0690937,0
607134246540148735,0.0675446,0
607134246808584191,0.0665729,0
607134247077019647,0.0585658,0
607134247211237375,0.0635898,0
607134247345455103,0.0569782,0
607134247479672831,0.0595598,0
607134247613890559,0.0600672,0
607134247748108287,0.0653358,0
607134247882326015,0.0576636,0
607134257814437887,0.0602635,0
607134257948655615,0.0586557,0
607134258082873343,0.0620174,0
607134258217091071,0.0591065,0
607134258351308799,0.0602388,0
607134258485526527,0.0581074,0
607134258619744255,0.0617632,0
607134258888179711,0.0595799,0
607134259022397439,0.0612586,0
607134259156615167,0.0618257,0
607134259290832895,0.0594931,0
607134259425050623,0.0596591,0
607134259559268351,0.0638,0
607134259693486079,0.0600289,0
607134259961921535,0.0621503,0
607134260096139263,0.0586372,0
607134260230356991,0.0627909,0
607134260364574719,0.071352,0
607134260498792447,0.0635765,0
607134260633010175,0.0607581,0
607134260767227903,0.0674625,0
607134261035663359,0.0587506,0
607134261169881087,0.0586965,0
607134261304098815,0.0572583,0
607134261438316543,0.0589912,0
607134261572534271,0.0587363,0
607134261706751999,0.0599022,0
607134261840969727,0.058419,0
607134262109405183,0.06162,0
607134262243622911,0.061248,0
607134262377840639,0.0614997,0
607134262512058367,0.0612706,0
607134262646276095,0.0587874,0
607134262780493823,0.0611149,0
607134262914711551,0.0600234,0
607134263183147007,0.0565875,0
607134263317364735,0.0580803,0
607134263451582463,0.0605998,0
607134263585800191,0.0574335,0
607134263720017919,0.0615336,0
607134263854235647,0.0582208,0
607134263988453375,0.061866,0
607134264256888831,0.0681983,0
607134264391106559,0.0599778,0
607134264525324287,0.0664279,0
607134264659542015,0.0660141,0
607134264793759743,0.0675006,0
607134264927977471,0.0632097,0
607134265062195199,0.0660903,0
607134266404372479,0.0562335,0
607134266538590207,0.0598598,0
607134266672807935,0.0605235,0
607134266807025663,0.0545302,0
607134266941243391,0.0590355,0
607134267075461119,0.0560771,0
607134267209678847,0.0588702,0
607134267746549759,0.0625962,0
607134268283420671,0.0632148,0
607134268551856127,0.06138,0
607134268686073855,0.0524775,0
607134268820291583,0.0621456,0
607134268954509311,0.0585305,0
607134269088727039,0.0591107,0
607134269222944767,0.0579627,0
607134269357162495,0.062964,0
607134269625597951,0.0569388,0
607134269759815679,0.0564198,0
607134269894033407,0.0539188,0
607134270028251135,0.0544611,0
607134270162468863,0.0531864,0
607134270296686591,0.0552282,0
607134270430904319,0.0545897,0
607134270699339775,0.0609913,0
607134270833557503,0.0589371,0
607134270967775231,0.0603012,0
607134271101992959,0.0579544,0
607134271236210687,0.0609553,0
607134271370428415,0.0620053,0
607134271504646143,0.0614821,0
607134271773081599,0.0616175,0
607134272041517055,0.0603117,0
607134272175734783,0.0625211,0
607134272309952511,0.0677578,0
607134272578387967,0.0611096,0
607134272846823423,0.0627922,0
607134272981041151,0.0609886,0
607134273115258879,0.0634453,0
607134273249476607,0.060412,0
607134273383694335,0.0615482,0
607134273517912063,0.0578392,0
607134273652129791,0.0576268,0
607134274994307071,0.0655896,0
607134275128524799,0.0677255,0
607134275262742527,0.062939,0
607134275396960255,0.0633529,0
607134275531177983,0.0717628,0
607134275665395711,0.0669519,0
607134275799613439,0.0674079,0
607134277141790719,0.0608638,0
607134277276008447,0.0625012,0
607134277410226175,0.0614162,0
607134277544443903,0.061412,0
607134277678661631,0.0609922,0
607134277812879359,0.0655368,0
607134277947097087,0.0609348,0
607134278215532543,0.0663489,0
607134278349750271,0.0670223,0
607134278483967999,0.0642048,0
607134278618185727,0.0630755,0
607134278752403455,0.0673455,0
607134278886621183,0.0712103,0
607134279020838911,0.0639056,0
607134279289274367,0.0617276,0
607134279423492095,0.0680772,0
607134279557709823,0.0609596,0
607134279691927551,0.0640829,0
607134279826145279,0.0647077,0
607134279960363007,0.0667174,0
607134280094580735,0.0593457,0
607134280631451647,0.0671791,0
607134281168322559,0.0697095,0
607134281436758015,0.0614221,0
607134281570975743,0.0606733,0
607134281705193471,0.0624405,0
607134281839411199,0.0609017,0
607134281973628927,0.0625951,0
607134282107846655,0.0611734,0
607134282242064383,0.0654967,0
607134292174176255,0.0594177,0
607134292308393983,0.0614448,0
607134292442611711,0.0630838,0
607134292576829439,0.0616156,0
607134292711047167,0.0603422,0
607134292845264895,0.0610336,0
607134292979482623,0.0640507,0
607134293247918079,0.0621049,0
607134293382135807,0.0609862,0
607134293516353535,0.0628158,0
607134293650571263,0.0611494,0
607134293784788991,0.0629609,0
607134293919006719,0.0607228,0
607134294053224447,0.0608818,0
607134294321659903,0.0622299,0
607134294455877631,0.0623349,0
607134294590095359,0.0660596,0
607134294724313087,0.0586605,0
607134294858530815,0.0648051,0
607134294992748543,0.0623075,0
607134295126966271,0.0668003,0
607134295395401727,0.0622154,0
607134295529619455,0.0613082,0
607134295663837183,0.0602264,0
607134295798054911,0.0615878,0
607134295932272639,0.0615071,0
607134296066490367,0.0617766,0
607134296200708095,0.0616811,0
607134296469143551,0.0627498,0
607134296603361279,0.0625459,0
607134296737579007,0.0647392,0
607134296871796735,0.0620816,0
607134297006014463,0.065161,0
607134297140232191,0.0657929,0
607134297274449919,0.0670945,0
607134297542885375,0.064149,0
607134297677103103,0.0600823,0
607134297811320831,0.0615383,0
607134297945538559,0.060441,0
607134298079756287,0.0634313,0
607134298213974015,0.0654487,0
607134298348191743,0.0656025,0
607134298616627199,0.0651588,0
607134298750844927,0.0679616,0
607134298885062655,0.0691114,0
607134299019280383,0.067331,0
607134299153498111,0.0675369,0
607134299287715839,0.0672532,0
607134299421933567,0.0678276,0
607136181959786495,0.0718898,0
607136182094004223,0.0688531,0
607136182228221951,0.0695745,0
607136182362439679,0.0664364,0
607136182496657407,0.0670336,0
607136182630875135,0.0802068,0
607136182765092863,0.0634477,0
607136184107270143,0.0712995,0
607136184241487871,0.06986,0
607136184375705599,0.0733575,0
607136184509923327,0.0710425,0
607136184644141055,0.0679467,0
607136184778358783,0.0670232,0
607136184912576511,0.0645566,0
607136185181011967,0.0678041,0
607136185449447423,0.0692714,0
607136185583665151,0.0698865,0
607136185717882879,0.0670833,0
607136185986318335,0.0696738,0
607136186254753791,0.0660149,0
607136186388971519,0.0676821,0
607136186523189247,0.0709751,0
607136186657406975,0.0649557,0
607136186791624703,0.0635461,0
607136186925842431,0.0643035,0
607136187060060159,0.0678569,0
607136187596931071,0.0661029,0
607136188133801983,0.0656074,0
607136188402237439,0.0650366,0
607136188536455167,0.0653589,0
607136188670672895,0.0641969,0
607136188804890623,0.0668693,0
607136188939108351,0.070698,0
607136189073326079,0.0663494,0
607136189207543807,0.06486,0
607136216319524863,0.0612469,0
607136216453742591,0.0593473,0
607136216587960319,0.0633131,0
607136216722178047,0.0633701,0
607136216856395775,0.0636747,0
607136216990613503,0.0598021,0
607136217124831231,0.0628289,0
607136218467008511,0.0686436,0
607136218601226239,0.0638489,0
607136218735443967,0.0687918,0
607136218869661695,0.0654008,0
607136219003879423,0.0635841,0
607136219138097151,0.0644786,0
607136219272314879,0.0741577,0
607136219540750335,0.0622701,0
607136219809185791,0.0649413,0
607136219943403519,0.0638852,0
607136220077621247,0.0613819,0
607136220346056703,0.0670039,0
607136220614492159,0.0680757,0
607136220748709887,0.0711868,0
607136220882927615,0.07156,0
607136221017145343,0.0680563,0
607136221151363071,0.0761876,0
607136221285580799,0.0754963,0
607136221419798527,0.0772691,0
607136221956669439,0.0652963,0
607136222493540351,0.0742579,0
607136222761975807,0.0647222,0
607136222896193535,0.0662244,0
607136223030411263,0.0639067,0
607136223164628991,0.0684434,0
607136223298846719,0.0684404,0
607136223433064447,0.0659069,0
607136223567282175,0.0662265,0
607136439657824255,0.0991445,0
607136439792041983,0.0928146,0
607136439926259711,0.0933619,0
607136440060477439,0.0857292,0
607136440194695167,0.094865,0
607136440328912895,0.0979527,0
607136440463130623,0.0970467,0
607136441805307903,0.0927247,0
607136441939525631,0.0876458,0
607136442073743359,0.0889006,0
607136442207961087,0.0920078,0
607136442342178815,0.0962257,0
607136442476396543,0.0846248,0
607136442610614271,0.0989758,0
607136442879049727,0.0993709,0
607136443147485183,0.0973663,0
607136443281702911,0.0956074,0
607136443415920639,0.0954898,0
607136443684356095,0.0946857,0
607136443952791551,0.0912612,0
607136444087009279,0.0930076,0
607136444221227007,0.0894219,0
607136444355444735,0.0930623,0
607136444489662463,0.0970515,0
607136444623880191,0.103325,0
607136444758097919,0.0941447,0
607136445026533375,0.0904205,0
607136445294968831,0.0946636,0
607136445429186559,0.105346,0
607136445563404287,0.0960534,0
607136445831839743,0.0933936,0
607136446100275199,0.0928565,0
607136446234492927,0.0920086,0
607136446368710655,0.0963067,0
607136446502928383,0.0937258,0
607136446637146111,0.0805602,0
607136446771363839,0.0967719,0
607136446905581567,0.087149,0
607136456837693439,0.0911691,0
607136456971911167,0.0812391,0
607136457106128895,0.0904716,0
607136457240346623,0.0896522,0
607136457374564351,0.0893702,0
607136457508782079,0.0903114,0
607136457642999807,0.0932633,0
607136457911435263,0.0825297,0
607136458045652991,0.0876011,0
607136458179870719,0.0806831,0
607136458314088447,0.0832672,0
607136458448306175,0.0833578,0
607136458582523903,0.0896596,0
607136458716741631,0.0833087,0
607136458985177087,0.0790808,0
607136459119394815,0.0783458,0
607136459253612543,0.0831819,0
607136459387830271,0.0815219,0
607136459522047999,0.0911299,0
607136459656265727,0.0849555,0
607136459790483455,0.0968975,0
607136460058918911,0.0771124,0
607136460193136639,0.0782591,0
607136460327354367,0.0790836,0
607136460461572095,0.0785465,0
607136460595789823,0.0797325,0
607136460730007551,0.0745236,0
607136460864225279,0.0849509,0
607136461132660735,0.095296,0
607136461266878463,0.0985348,0
607136461401096191,0.104089,0
607136461535313919,0.0920279,0
607136461669531647,0.0994364,0
607136461803749375,0.0955625,0
607136461937967103,0.100164,0
607136462206402559,0.0973397,0
607136462340620287,0.0980197,0
607136462474838015,0.0909055,0
607136462609055743,0.0938484,0
607136462743273471,0.0977221,0
607136462877491199,0.0971886,0
607136463011708927,0.0940538,0
607136463280144383,0.103053,0
607136463414362111,0.103171,0
607136463548579839,0.104645,0
607136463682797567,0.0976381,0
607136463817015295,0.102588,0
607136463951233023,0.0967445,0
607136464085450751,0.102235,0
607136465427628031,0.0844659,0
607136465561845759,0.0878207,0
607136465696063487,0.0767355,0
607136465830281215,0.0865396,0
607136465964498943,0.0844821,0
607136466098716671,0.0871391,0
607136466232934399,0.0753269,0
607136467575111679,0.0787312,0
607136467709329407,0.081658,0
607136467843547135,0.0784893,0
607136467977764863,0.0812659,0
607136468111982591,0.0775224,0
607136468246200319,0.079792,0
607136468380418047,0.0753099,0
607136468648853503,0.0812211,0
607136468917288959,0.0801616,0
607136469051506687,0.0771429,0
607136469185724415,0.0867343,0
607136469454159871,0.0869858,0
607136469722595327,0.0830721,0
607136469856813055,0.0940707,0
607136469991030783,0.0837888,0
607136470125248511,0.0790467,0
607136470259466239,0.093687,0
607136470393683967,0.0962182,0
607136470527901695,0.0953353,0
607136471064772607,0.0945498,0
607136471601643519,0.095003,0
607136471870078975,0.0704462,0
607136472004296703,0.0737393,0
607136472138514431,0.0693943,0
607136472272732159,0.0696872,0
607136472406949887,0.0801637,0
607136472541167615,0.0740556,0
607136472675385343,0.0754554,0
607136474017562623,0.0888271,0
607136474151780351,0.0885358,0
607136474285998079,0.0968899,0
607136474420215807,0.0876672,0
607136474554433535,0.0874799,0
607136474688651263,0.102141,0
607136474822868991,0.0897307,0
607136475359739903,0.0924945,0
607136475896610815,0.0911115,0
607136476165046271,0.0958131,0
607136476299263999,0.0937872,0
607136476433481727,0.0909648,0
607136476567699455,0.102197,0
607136476701917183,0.0960801,0
607136476836134911,0.0921338,0
607136476970352639,0.0899834,0
607136477238788095,0.0981404,0
607136477373005823,0.0902429,0
607136477507223551,0.0882855,0
607136477641441279,0.102945,0
607136477775659007,0.0952627,0
607136477909876735,0.0965586,0
607136478044094463,0.0956879,0
607136478312529919,0.0861965,0
607136478446747647,0.0919295,0
607136478580965375,0.086285,0
607136478715183103,0.104294,0
607136478849400831,0.0738312,0
607136478983618559,0.084721,0
607136479117836287,0.0811762,0
607136479386271743,0.0856599,0
607136479654707199,0.0876823,0
607136479788924927,0.0963902,0
607136479923142655,0.0872616,0
607136480191578111,0.0917442,0
607136480460013567,0.102889,0
607136480594231295,0.102365,0
607136480728449023,0.112899,0
607136480862666751,0.10018,0
607136480996884479,0.0998751,0
607136481131102207,0.0985784,0
607136481265319935,0.103406,0
607136491197431807,0.102356,0
607136491331649535,0.285357,0
607136491465867263,0.0945315,0
607136491600084991,0.0981931,0
607136491734302719,0.0932544,0
607136491868520447,0.119225,0
607136492002738175,0.0974578,0
607136492271173631,0.100032,0
607136492405391359,0.0816452,0
607136492539609087,0.21265,0
607136492673826815,0.086271,0
607136492808044543,0.0900222,0
607136492942262271,0.0861627,0
607136493076479999,0.22161,0
607136493344915455,0.0989096,0
607136493479133183,0.0981947,0
607136493613350911,0.105283,0
607136493747568639,0.100264,0
607136493881786367,0.100113,0
607136494016004095,0.0951355,0
607136494150221823,0.089479,0
607136494418657279,0.101817,0
607136494552875007,0.0964505,0
607136494687092735,0.103248,0
607136494821310463,0.0949746,0
607136494955528191,0.115289,0
607136495089745919,0.0912852,0
607136495223963647,0.0973271,0
607136495492399103,0.0971613,0
607136495626616831,0.0943217,0
607136495760834559,0.075301,0
607136495895052287,0.0947304,0
607136496029270015,0.0814209,0
607136496163487743,0.100256,0
607136496297705471,0.0850462,0
607136496566140927,0.0991601,0
607136496700358655,0.0857968,0
607136496834576383,0.0950725,0
607136496968794111,0.0937506,0
607136497103011839,0.0986378,0
607136497237229567,0.0963721,0
607136497371447295,0.10104,0
607136497639882751,0.0863762,0
607136497774100479,0.0945204,0
607136497908318207,0.0893198,0
607136498042535935,0.0874527,0
607136498176753663,0.0847942,0
607136498310971391,0.0758243,0
607136498445189119,0.088321,0
607387825167400959,0.0405382,0
607387825301618687,0.00888367,0
607387825435836415,0.023974,0
607387825570054143,0.0122811,0
607387825704271871,0.00377513,0
607387825838489599,0.0110985,0
607387825972707327,0.0235355,0
607387826375360511,0.00146979,0
607387827314884607,0.0263672,0
607387827449102335,0.0120985,0
607387827583320063,0.010117,0
607387827717537791,0.0192292,0
607387827851755519,0.00865815,0
607387827985973247,0.0802789,0
607387828120190975,0.00249667,0
607387842481487871,0.00373294,0
607387844628971519,0.00301012,0
607387844897406975,0.00269186,0
607387884223201279,0.096004,0
607387884357419007,0.0789568,0
607387884491636735,0.0981612,0
607387884625854463,0.0727411,0
607387884760072191,0.0490768,0
607387884894289919,0.0511325,0
607387885028507647,0.0739062,0
607387885296943103,0.104832,0
607387885431160831,0.0796509,0
607387885565378559,0.0875452,0
607387885699596287,0.0801618,0
607387885833814015,0.0870175,0
607387885968031743,0.105935,0
607387886102249471,0.0554299,0
607387886370684927,0.0715195,0
607387886504902655,0.0605525,0
607387886639120383,0.0708241,0
607387886773338111,0.0343378,0
607387886907555839,0.0310639,0
607387887041773567,0.0803565,0
607387887175991295,0.0250632,0
607387887444426751,0.0899222,0
607387887578644479,0.0673727,0
607387887712862207,0.0582797,0
607387887847079935,0.0656224,0
607387887981297663,0.0804472,0
607387888115515391,0.0727257,0
607387888249733119,0.0572198,0
607387888518168575,0.0483268,0
607387888652386303,0.0511377,0
607387888786604031,0.0383227,0
607387888920821759,0.0437652,0
607387889055039487,0.0617855,0
607387889189257215,0.0526284,0
607387889323474943,0.0546713,0
607387889591910399,0.0889449,0
607387889726128127,0.106034,0
607387889860345855,0.0750079,0
607387889994563583,0.0707536,0
607387890128781311,0.12712,0
607387890262999039,0.119994,0
607387890397216767,0.0850673,0
607387890665652223,0.0299297,0
607387890799869951,0.0896996,0
607387890934087679,0.022006,0
607387891068305407,0.0218199,0
607387891202523135,0.0469202,0
607387891336740863,0.0359497,0
607387891470958591,0.0390434,0
607387892813135871,0.0648884,0
607387892947353599,0.0712635,0
607387893081571327,0.0590067,0
607387893215789055,0.0586423,0
607387893350006783,0.074503,0
607387893484224511,0.0732986,0
607387893618442239,0.0632991,0
607387893886877695,0.0780351,0
607387894021095423,0.0716096,0
607387894155313151,0.0712585,0
607387894289530879,0.0657726,0
607387894423748607,0.0740423,0
607387894557966335,0.0704753,0
607387894692184063,0.0773888,0
607387894960619519,0.0495631,0
607387895094837247,0.0625448,0
607387895229054975,0.0490035,0
607387895363272703,0.0499152,0
607387895497490431,0.0545005,0
607387895631708159,0.0590455,0
607387895765925887,0.0558767,0
607387896034361343,0.0631662,0
607387896168579071,0.0645109,0
607387896302796799,0.0647263,0
607387896437014527,0.0610014,0
607387896571232255,0.0736436,0
607387896705449983,0.0639677,0
607387896839667711,0.0640543,0
607387897108103167,0.0752751,0
607387897242320895,0.0785886,0
607387897376538623,0.0640501,0
607387897510756351,0.0671916,0
607387897644974079,0.0793694,0
607387897779191807,0.0744793,0
607387897913409535,0.0849161,0
607387898181844991,0.0782005,0
607387898316062719,0.0716381,0
607387898450280447,0.0760086,0
607387898584498175,0.0744482,0
607387898718715903,0.0732266,0
607387898852933631,0.0826945,0
607387898987151359,0.0762975,0
607387899255586815,0.0607365,0
607387899389804543,0.0555238,0
607387899524022271,0.0669268,0
607387899658239999,0.059377,0
607387899792457727,0.0703658,0
607387899926675455,0.0675078,0
607387900060893183,0.0728551,0
607387901403070463,0.0181379,0
607387901537288191,0.0641065,0
607387901671505919,0.0204968,0
607387901805723647,0.0187501,0
607387901939941375,0.0238979,0
607387902074159103,0.014901,0
607387902208376831,0.0273788,0
607387902476812287,0.0272794,0
607387902611030015,0.0584342,0
607387902745247743,0.0603072,0
607387902879465471,0.0271438,0
607387903013683199,0.0269497,0
607387903147900927,0.0576903,0
607387903282118655,0.0252458,0
607387903550554111,0.0185389,0
607387903684771839,0.0192535,0
607387903818989567,0.0206173,0
607387903953207295,0.0124025,0
607387904087425023,0.0174779,0
607387904221642751,0.0214808,0
607387904355860479,0.0154438,0
607387904624295935,0.0258774,0
607387904758513663,0.0251812,0
607387904892731391,0.023594,0
607387905026949119,0.0229812,0
607387905161166847,0.0429717,0
607387905295384575,0.0252148,0
607387905429602303,0.0265078,0
607387905698037759,0.0140912,0
607387905832255487,0.020315,0
607387905966473215,0.0182976,0
607387906100690943,0.0170922,0
607387906234908671,0.019005,0
607387906369126399,0.0175698,0
607387906503344127,0.0156201,0
607387906771779583,0.0166178,0
607387906905997311,0.0149187,0
607387907040215039,0.0144818,0
607387907174432767,0.0152541,0
607387907308650495,0.0136815,0
607387907442868223,0.0176097,0
607387907577085951,0.0271284,0
607387907845521407,0.0245933,0
607387907979739135,0.0312286,0
607387908113956863,0.0208729,0
607387908248174591,0.0198192,0
607387908382392319,0.0128468,0
607387908516610047,0.0204371,0
607387908650827775,0.0535557,0
607387909993005055,0.0461965,0
607387910127222783,0.0451778,0
607387910261440511,0.0420326,0
607387910395658239,0.0419132,0
607387910529875967,0.0493022,0
607387910664093695,0.0443438,0
607387910798311423,0.0576656,0
607387911066746879,0.0429295,0
607387911200964607,0.0447294,0
607387911335182335,0.0419317,0
607387911469400063,0.042934,0
607387911603617791,0.0466541,0
607387911737835519,0.0448877,0
607387911872053247,0.0515114,0
607387912140488703,0.0463488,0
607387912274706431,0.0430316,0
607387912408924159,0.0463992,0
607387912543141887,0.042259,0
607387912677359615,0.0490771,0
607387912811577343,0.0357636,0
607387912945795071,0.0305825,0
607387913214230527,0.0391683,0
607387913348448255,0.0395624,0
607387913482665983,0.0387583,0
607387913616883711,0.0388145,0
607387913751101439,0.0403898,0
607387913885319167,0.0404152,0
607387914019536895,0.0414979,0
607387914287972351,0.0596841,0
607387914422190079,0.0549616,0
607387914556407807,0.0575628,0
607387914690625535,0.0547963,0
607387914824843263,0.0515837,0
607387914959060991,0.0658887,0
607387915093278719,0.0406628,0
607387915361714175,0.0580962,0
607387915495931903,0.0541933,0
607387915630149631,0.0544129,0
607387915764367359,0.0455222,0
607387915898585087,0.0609361,0
607387916032802815,0.059471,0
607387916167020543,0.0643445,0
607387916435455999,0.030314,0
607387916569673727,0.0446803,0
607387916703891455,0.0293579,0
607387916838109183,0.0288274,0
607387916972326911,0.0339054,0
607387917106544639,0.0529332,0
607387917240762367,0.0271666,0
607387918582939647,0.0629436,0
607387918717157375,0.0673473,0
607387918851375103,0.0460527,0
607387918985592831,0.062546,0
607387919119810559,0.053363,0
607387919254028287,0.0594764,0
607387919388246015,0.051304,0
607387919656681471,0.104757,0
607387919790899199,0.115033,0
607387919925116927,0.0870097,0
607387920059334655,0.109304,0
607387920193552383,0.0927822,0
607387920327770111,0.117637,0
607387920461987839,0.0749858,0
607387920730423295,0.042586,0
607387920864641023,0.0804102,0
607387920998858751,0.0931063,0
607387921133076479,0.0924205,0
607387921267294207,0.0374145,0
607387921401511935,0.0712063,0
607387921535729663,0.111717,0
607387921804165119,0.164837,0
607387921938382847,0.120051,0
607387922072600575,0.060614,0
607387922206818303,0.142885,0
607387922341036031,0.182872,0
607387922475253759,0.11201,0
607387922609471487,0.158115,0
607387922877906943,0.0430555,0
607387923012124671,0.0527183,0
607387923146342399,0.0350962,0
607387923280560127,0.0564522,0
607387923548995583,0.044286,0
607387923951648767,0.0787531,0
607387924085866495,0.070411,0
607387924220084223,0.0707083,0
607387924354301951,0.0701144,0
607387924488519679,0.0877243,0
607387924622737407,0.0759911,0
607387924756955135,0.0712089,0
607387925025390591,0.0414394,0
607387925159608319,0.0310827,0
607387925293826047,0.0276161,0
607387925428043775,0.0405063,0
607387925562261503,0.0274576,0
607387925696479231,0.028089,0
607387927172874239,0.123513,0
607387927307091967,0.105776,0
607387927441309695,0.143239,0
607387927575527423,0.111558,0
607387927709745151,0.118689,0
607387927843962879,0.114424,0
607387927978180607,0.107106,0
607387928246616063,0.0955715,0
607387928380833791,0.0827012,0
607387928515051519,0.0871232,0
607387928649269247,0.0875719,0
607387928783486975,0.0958607,0
607387928917704703,0.0898944,0
607387929051922431,0.10156,0
607387929320357887,0.124407,0
607387929454575615,0.0901197,0
607387929588793343,0.111856,0
607387929723011071,0.103042,0
607387929857228799,0.125735,0
607387929991446527,0.123073,0
607387930125664255,0.106817,0
607387930394099711,0.0915201,0
607387930528317439,0.084027,0
607387930662535167,0.0842355,0
607387930796752895,0.073079,0
607387930930970623,0.095722,0
607387931065188351,0.0912447,0
607387931199406079,0.0906991,0
607387931467841535,0.11978,0
607387931602059263,0.120848,0
607387931736276991,0.108728,0
607387931870494719,0.132906,0
607387932004712447,0.120728,0
607387932138930175,0.140095,0
607387932273147903,0.118096,0
607387932541583359,0.114952,0
607387932675801087,0.0995854,0
607387932810018815,0.126172,0
607387932944236543,0.105608,0
607387933078454271,0.112789,0
607387933212671999,0.103663,0
607387933346889727,0.128298,0
607387933615325183,0.122314,0
607387933749542911,0.134406,0
607387933883760639,0.108055,0
607387934017978367,0.106555,0
607387934152196095,0.109364,0
607387934286413823,0.120808,0
607387934420631551,0.121911,0
607387935762808831,0.0192213,0
607387935897026559,0.022801,0
607387936031244287,0.00636572,0
607387936165462015,0.0138398,0
607387936299679743,0.013445,0
607387936433897471,0.0321772,0
607387936836550655,0.0403828,0
607387936970768383,0.0342756,0
607387937104986111,0.0220547,0
607387937239203839,0.0286419,0
607387937373421567,0.0263965,0
607387937507639295,0.0388279,0
607387937641857023,0.030481,0
607387937910292479,0.0128558,0
607387938044510207,0.00861112,0
607387938178727935,0.00898672,0
607387938312945663,0.0166254,0
607387938447163391,0.00636572,0
607387938581381119,0.00916631,0
607387938715598847,0.00146979,0
607387938984034303,0.0141147,0
607387939118252031,0.0204159,0
607387939252469759,0.01395,0
607387939386687487,0.0102262,0
607387939520905215,0.0155007,0
607387939655122943,0.0189463,0
607387939789340671,0.0125107,0
607387941131517951,0.0205508,0
607387941265735679,0.0240719,0
607387941399953407,0.0158311,0
607387941534171135,0.0285197,0
607387941668388863,0.0215776,0
607387941802606591,0.0293448,0
607387961532612607,0.00249667,0
607387961666830335,0.0123452,0
607387961801048063,0.00542111,0
607387961935265791,0.010117,0
607387962203701247,0.00249667,0
607387962606354431,0.010077,0
607387962740572159,0.0175311,0
607387962874789887,0.0148622,0
607387963009007615,0.0224453,0
607387963143225343,0.0161128,0
607387963277443071,0.015993,0
607387963411660799,0.0165795,0
607387963680096255,0.0045455,0
607387963814313983,0.0135793,0
607387963948531711,0.0045455,0
607387964082749439,0.0124226,0
607387964351184895,0.0196195,0
607387964753838079,0.0251998,0
607387964888055807,0.0246468,0
607387965022273535,0.010767,0
607387965156491263,0.024394,0
607387965290708991,0.0175463,0
607387965424926719,0.0155171,0
607387965559144447,0.0241827,0
607387966901321727,0.00529285,0
607387967035539455,0.0170314,0
607387967303974911,0.0196324,0
607387967572410367,0.00371875,0
607387979786223615,0.0286267,0
607387979920441343,0.03235,0
607387980054659071,0.0191097,0
607387980188876799,0.0404589,0
607387980323094527,0.0132109,0
607387980457312255,0.0237353,0
607387981933707263,0.0951571,0
607387982067924991,0.0355295,0
607387982470578175,0.0401543,0
607387982604795903,0.0549814,0
607387982739013631,0.0363179,0
607388021662154751,0.0193262,0
607388021796372479,0.0279785,0
607388021930590207,0.0226413,0
607388022064807935,0.0262587,0
607388022199025663,0.0215333,0
607388022333243391,0.0219894,0
607388022467461119,0.0244367,0
607388022735896575,0.0539294,0
607388022870114303,0.029045,0
607388023004332031,0.0594821,0
607388023138549759,0.043342,0
607388023272767487,0.0534953,0
607388023406985215,0.0432984,0
607388023541202943,0.0559371,0
607388023809638399,0.0219902,0
607388023943856127,0.0275104,0
607388024078073855,0.0238324,0
607388024212291583,0.0506225,0
607388024346509311,0.0248015,0
607388024480727039,0.0240068,0
607388024614944767,0.0252746,0
607388024883380223,0.0248008,0
607388025017597951,0.0215634,0
607388025151815679,0.0313395,0
607388025286033407,0.0201963,0
607388025420251135,0.0273555,0
607388025554468863,0.0395178,0
607388025688686591,0.0275969,0
607388025957122047,0.0182749,0
607388026091339775,0.0224251,0
607388026225557503,0.0836646,0
607388026359775231,0.0199109,0
607388026493992959,0.018367,0
607388026628210687,0.0162941,0
607388026762428415,0.0201113,0
607388027030863871,0.0277389,0
607388027165081599,0.0340185,0
607388027299299327,0.0249721,0
607388027433517055,0.0246537,0
607388027567734783,0.0226644,0
607388027701952511,0.0260591,0
607388027836170239,0.0252818,0
607388028104605695,0.0232835,0
607388028238823423,0.0285133,0
607388028373041151,0.0284568,0
607388028507258879,0.0241403,0
607388028641476607,0.0241708,0
607388028775694335,0.0184246,0
607388028909912063,0.0246972,0
607388030252089343,0.025292,0
607388030386307071,0.0246275,0
607388030520524799,0.0258401,0
607388030654742527,0.0262114,0
607388030788960255,0.029022,0
607388030923177983,0.029111,0
607388031057395711,0.0289559,0
607388031325831167,0.0361984,0
607388031460048895,0.0321441,0
607388031594266623,0.0260475,0
607388031728484351,0.0293136,0
607388031862702079,0.0316098,0
607388031996919807,0.053059,0
607388032131137535,0.0356425,0
607388032399572991,0.0228304,0
607388032533790719,0.0229156,0
607388032668008447,0.0232387,0
607388032802226175,0.023827,0
607388032936443903,0.0319105,0
607388033070661631,0.0241127,0
607388033204879359,0.0255779,0
607388033473314815,0.0201765,0
607388033607532543,0.0174635,0
607388033741750271,0.0192649,0
607388033875967999,0.0272889,0
607388034010185727,0.030547,0
607388034144403455,0.0169153,0
607388034278621183,0.0188181,0
607388034547056639,0.0298543,0
607388034681274367,0.0320106,0
607388034815492095,0.0295624,0
607388034949709823,0.0286315,0
607388035083927551,0.0331364,0
607388035218145279,0.028289,0
607388035352363007,0.0366649,0
607388035620798463,0.0295478,0
607388035755016191,0.0318947,0
607388035889233919,0.0288095,0
607388036023451647,0.0277843,0
607388036157669375,0.0291583,0
607388036291887103,0.0339908,0
607388036426104831,0.0267675,0
607388036694540287,0.0289415,0
607388036828758015,0.0321777,0
607388036962975743,0.0388784,0
607388037097193471,0.0277568,0
607388037231411199,0.0323913,0
607388037365628927,0.0403723,0
607388037499846655,0.0432956,0
607388038842023935,0.0215293,0
607388038976241663,0.0222498,0
607388039110459391,0.0141533,0
607388039244677119,0.0291248,0
607388039378894847,0.0215794,0
607388039513112575,0.0231629,0
607388039647330303,0.0195963,0
607388039915765759,0.0268449,0
607388040049983487,0.0277838,0
607388040184201215,0.0250072,0
607388040318418943,0.0284906,0
607388040452636671,0.0237192,0
607388040586854399,0.043136,0
607388040721072127,0.0228714,0
607388040989507583,0.0225206,0
607388041123725311,0.0230612,0
607388041257943039,0.0644389,0
607388041392160767,0.0249505,0
607388041526378495,0.0158395,0
607388041660596223,0.0235203,0
607388041794813951,0.018904,0
607388042063249407,0.0281902,0
607388042197467135,0.0292301,0
607388042331684863,0.0247462,0
607388042465902591,0.0304442,0
607388042600120319,0.027052,0
607388042734338047,0.0287602,0
607388042868555775,0.0242913,0
607388043136991231,0.0330168,0
607388043271208959,0.0259211,0
607388043405426687,0.0202087,0
607388043539644415,0.0261679,0
607388043673862143,0.0213345,0
607388043808079871,0.0352435,0
607388043942297599,0.0191372,0
607388044210733055,0.0168711,0
607388044344950783,0.0311136,0
607388044479168511,0.0171074,0
607388044613386239,0.0229936,0
607388044747603967,0.0290029,0
607388044881821695,0.0197507,0
607388045016039423,0.0199131,0
607388045284474879,0.0283293,0
607388045418692607,0.017681,0
607388045552910335,0.035199,0
607388045687128063,0.0198972,0
607388045821345791,0.0213591,0
607388045955563519,0.021809,0
607388046089781247,0.0217146,0
607388047431958527,0.0265012,0
607388047566176255,0.0197154,0
607388047700393983,0.0408788,0
607388047834611711,0.026489,0
607388047968829439,0.0249068,0
607388048103047167,0.0224465,0
607388048237264895,0.0432753,0
607388048505700351,0.022359,0
607388048639918079,0.0190206,0
607388048774135807,0.0201854,0
607388048908353535,0.0208159,0
607388049042571263,0.0236876,0
607388049176788991,0.0211073,0
607388049311006719,0.0203111,0
607388049579442175,0.0453704,0
607388049713659903,0.0260151,0
607388049847877631,0.0348503,0
607388049982095359,0.0317132,0
607388050116313087,0.0375481,0
607388050250530815,0.0311993,0
607388050384748543,0.0379836,0
607388050653183999,0.0198488,0
607388050787401727,0.0156313,0
607388050921619455,0.0223591,0
607388051055837183,0.0186204,0
607388051190054911,0.0199343,0
607388051324272639,0.0181489,0
607388051458490367,0.0229739,0
607388051726925823,0.0386631,0
607388051861143551,0.0350043,0
607388051995361279,0.0498987,0
607388052129579007,0.032153,0
607388052263796735,0.0455374,0
607388052398014463,0.0409058,0
607388052532232191,0.0423465,0
607388052800667647,0.0424926,0
607388052934885375,0.0232387,0
607388053069103103,0.0395586,0
607388053203320831,0.0206168,0
607388053337538559,0.0292883,0
607388053471756287,0.0337637,0
607388053605974015,0.0342593,0
607388053874409471,0.0269313,0
607388054008627199,0.0263076,0
607388054142844927,0.027684,0
607388054277062655,0.0265682,0
607388054411280383,0.0373165,0
607388054545498111,0.0316697,0
607388054679715839,0.0285176,0
607388056021893119,0.0217754,0
607388056156110847,0.0234493,0
607388056290328575,0.0157986,0
607388056424546303,0.0271767,0
607388056558764031,0.0236478,0
607388056692981759,0.0251253,0
607388056827199487,0.0171252,0
607388057095634943,0.017598,0
607388057229852671,0.0198432,0
607388057364070399,0.0180025,0
607388057498288127,0.0135878,0
607388057632505855,0.0279772,0
607388057766723583,0.0162598,0
607388057900941311,0.0142124,0
607388058169376767,0.0255063,0
607388058303594495,0.0152718,0
607388058437812223,0.0188623,0
607388058572029951,0.0304704,0
607388058706247679,0.0170568,0
607388058840465407,0.019099,0
607388058974683135,0.0186045,0
607388059243118591,0.0200145,0
607388059377336319,0.0199568,0
607388059511554047,0.0196606,0
607388059645771775,0.0169648,0
607388059779989503,0.0198284,0
607388059914207231,0.0162605,0
607388060048424959,0.0228314,0
607388060316860415,0.0107598,0
607388060451078143,0.0142021,0
607388060585295871,0.0108872,0
607388060719513599,0.0149791,0
607388060853731327,0.010117,0
607388060987949055,0.0120086,0
607388061122166783,0.00579197,0
607388061390602239,0.021782,0
607388061524819967,0.0296759,0
607388061659037695,0.0220354,0
607388061793255423,0.0265683,0
607388061927473151,0.0218661,0
607388062061690879,0.0207359,0
607388062195908607,0.0152965,0
607388062464344063,0.137188,0
607388062598561791,0.0179701,0
607388062732779519,0.014996,0
607388062866997247,0.00917129,0
607388063001214975,0.0234899,0
607388063135432703,0.0198968,0
607388063269650431,0.0262401,0
607388064611827711,0.04486,0
607388064746045439,0.0474486,0
607388064880263167,0.0439552,0
607388065014480895,0.036856,0
607388065148698623,0.0298515,0
607388065282916351,0.0314609,0
607388065417134079,0.0341098,0
607388065685569535,0.043633,0
607388065819787263,0.0344479,0
607388065954004991,0.0422107,0
607388066088222719,0.0339738,0
607388066222440447,0.0491384,0
607388066356658175,0.0399469,0
607388066490875903,0.0430033,0
607388066759311359,0.0427167,0
607388066893529087,0.027795,0
607388067027746815,0.0549833,0
607388067161964543,0.0300508,0
607388067296182271,0.0347588,0
607388067430399999,0.0385922,0
607388067564617727,0.0405021,0
607388067833053183,0.0345918,0
607388067967270911,0.0310479,0
607388068101488639,0.0310944,0
607388068235706367,0.0297863,0
607388068369924095,0.0344404,0
607388068504141823,0.0314029,0
607388068638359551,0.0382015,0
607388068906795007,0.0244369,0
607388069041012735,0.022092,0
607388069175230463,0.0237092,0
607388069309448191,0.0217556,0
607388069443665919,0.0233976,0
607388069577883647,0.0236732,0
607388069712101375,0.0175909,0
607388069980536831,0.0299396,0
607388070114754559,0.0345381,0
607388070248972287,0.0421297,0
607388070383190015,0.0269728,0
607388070517407743,0.026559,0
607388070651625471,0.0292784,0
607388070785843199,0.0226697,0
607388071054278655,0.0227801,0
607388071188496383,0.0301531,0
607388071322714111,0.0241676,0
607388071456931839,0.0208058,0
607388071591149567,0.0297157,0
607388071725367295,0.0230863,0
607388071859585023,0.0218514,0
607388073201762303,0.0128054,0
607388073335980031,0.0193738,0
607388073470197759,0.0136309,0
607388073604415487,0.0160285,0
607388073738633215,0.015918,0
607388073872850943,0.0118752,0
607388074007068671,0.0113391,0
607388074275504127,0.0284186,0
607388074409721855,0.0293111,0
607388074543939583,0.0210057,0
607388074678157311,0.0334158,0
607388074812375039,0.0177003,0
607388074946592767,0.0333319,0
607388075080810495,0.0185066,0
607388075349245951,0.0113306,0
607388075483463679,0.0188566,0
607388075617681407,0.0153627,0
607388075751899135,0.0180857,0
607388075886116863,0.0146054,0
607388076020334591,0.0138677,0
607388076154552319,0.0108752,0
607388076422987775,0.0311664,0
607388076557205503,0.0471063,0
607388076691423231,0.0423227,0
607388076825640959,0.0277142,0
607388076959858687,0.0190442,0
607388077094076415,0.0438891,0
607388077228294143,0.0190987,0
607388077630947327,0.00748132,0
607388077899382783,0.0065006,0
607388078570471423,0.0175655,0
607388078704689151,0.0167828,0
607388078838906879,0.0175655,0
607388078973124607,0.0143756,0
607388079107342335,0.0144826,0
607388079241560063,0.0140914,0
607388079375777791,0.0181813,0
607388079778430975,0.0113391,0
607388080046866431,0.00423219,0
607388080315301887,0.00269186,0
607388168764784639,0.0573376,0
607388168899002367,0.0913982,0
607388169033220095,0.0523198,0
607388169167437823,0.0710215,0
607388169435873279,0.0643729,0
607388170912268287,0.054756,0
607388171046486015,0.067136,0
607388171180703743,0.0505235,0
607388171314921471,0.0656679,0
607388171583356927,0.0561067,0
607388365259538431,0.096115,0
607388365393756159,0.118339,0
607388365527973887,0.0934886,0
607388365662191615,0.109981,0
607388365796409343,0.110205,0
607388365930627071,0.117799,0
607388366064844799,0.0845544,0
607388366333280255,0.118301,0
607388366467497983,0.117687,0
607388366601715711,0.113887,0
607388366735933439,0.119601,0
607388366870151167,0.114552,0
607388367004368895,0.117641,0
607388367138586623,0.11808,0
607388367407022079,0.0903157,0
607388367541239807,0.105536,0
607388367675457535,0.0952517,0
607388367809675263,0.101948,0
607388367943892991,0.0885242,0
607388368078110719,0.101239,0
607388368212328447,0.0800742,0
607388368480763903,0.108181,0
607388368614981631,0.120085,0
607388368749199359,0.111912,0
607388368883417087,0.121239,0
607388369017634815,0.115331,0
607388369151852543,0.113175,0
607388369286070271,0.11133,0
607388369554505727,0.0908897,0
607388369688723455,0.107454,0
607388369822941183,0.081297,0
607388369957158911,0.0943622,0
607388370091376639,0.0849559,0
607388370225594367,0.10603,0
607388370359812095,0.0845261,0
607388370628247551,0.10562,0
607388370762465279,0.115019,0
607388370896683007,0.119951,0
607388371030900735,0.112375,0
607388371165118463,0.117828,0
607388371299336191,0.121863,0
607388371433553919,0.112012,0
607388371701989375,0.0820545,0
607388371836207103,0.0901284,0
607388371970424831,0.0594695,0
607388372104642559,0.0852526,0
607388372238860287,0.0774096,0
607388372373078015,0.0882957,0
607388372507295743,0.0659202,0
607388373849473023,0.115184,0
607388373983690751,0.11271,0
607388374117908479,0.114689,0
607388374252126207,0.108273,0
607388374386343935,0.121973,0
607388374520561663,0.114776,0
607388374654779391,0.124795,0
607388374923214847,0.10908,0
607388375057432575,0.0932305,0
607388375191650303,0.105977,0
607388375325868031,0.0952104,0
607388375460085759,0.109413,0
607388375594303487,0.101066,0
607388375728521215,0.108766,0
607388375996956671,0.11583,0
607388376131174399,0.116251,0
607388376265392127,0.113321,0
607388376399609855,0.114065,0
607388376533827583,0.121378,0
607388376668045311,0.1084,0
607388376802263039,0.12544,0
607388377070698495,0.107238,0
607388377204916223,0.0903653,0
607388377339133951,0.109805,0
607388377473351679,0.0919066,0
607388377607569407,0.107653,0
607388377741787135,0.0987616,0
607388377876004863,0.107508,0
607388378144440319,0.131763,0
607388378278658047,0.134312,0
607388378412875775,0.121888,0
607388378547093503,0.127815,0
607388378681311231,0.124536,0
607388378815528959,0.13927,0
607388378949746687,0.122637,0
607388379218182143,0.132956,0
607388379352399871,0.11837,0
607388379486617599,0.115843,0
607388379620835327,0.116674,0
607388379755053055,0.13733,0
607388379889270783,0.123714,0
607388380023488511,0.143716,0
607388380291923967,0.119046,0
607388380426141695,0.120997,0
607388380560359423,0.124666,0
607388380694577151,0.124215,0
607388380828794879,0.123152,0
607388380963012607,0.125665,0
607388381097230335,0.12233,0
607388382439407615,0.064623,0
607388382573625343,0.0902454,0
607388382707843071,0.0647541,0
607388382842060799,0.0690953,0
607388382976278527,0.0653325,0
607388383110496255,0.0743061,0
607388383244713983,0.0578799,0
607388383513149439,0.0882514,0
607388383647367167,0.104637,0
607388383781584895,0.0894249,0
607388383915802623,0.0942831,0
607388384050020351,0.10073,0
607388384184238079,0.100292,0
607388384318455807,0.0860855,0
607388384586891263,0.0675642,0
607388384721108991,0.0743828,0
607388384855326719,0.0692988,0
607388384989544447,0.068406,0
607388385123762175,0.0641072,0
607388385257979903,0.0650234,0
607388385392197631,0.0630668,0
607388385660633087,0.078928,0
607388385794850815,0.0865776,0
607388385929068543,0.0836056,0
607388386063286271,0.0773742,0
607388386197503999,0.0840929,0
607388386331721727,0.0886448,0
607388386465939455,0.0754354,0
607388386734374911,0.0578823,0
607388386868592639,0.058918,0
607388387002810367,0.0560689,0
607388387137028095,0.0629175,0
607388387271245823,0.0435683,0
607388387405463551,0.0452808,0
607388387539681279,0.0513012,0
607388387808116735,0.0769099,0
607388387942334463,0.107579,0
607388388076552191,0.066168,0
607388388210769919,0.0792485,0
607388388344987647,0.0626339,0
607388388479205375,0.0766996,0
607388388613423103,0.0564002,0
607388388881858559,0.0593187,0
607388389016076287,0.0652712,0
607388389150294015,0.060199,0
607388389284511743,0.0665486,0
607388389418729471,0.0569432,0
607388389552947199,0.0565278,0
607388389687164927,0.054742,0
607388391029342207,0.124827,0
607388391163559935,0.117233,0
607388391297777663,0.114215,0
607388391431995391,0.108628,0
607388391566213119,0.119223,0
607388391700430847,0.119217,0
607388391834648575,0.123879,0
607388392103084031,0.11304,0
607388392237301759,0.113855,0
607388392371519487,0.0965808,0
607388392505737215,0.102493,0
607388392639954943,0.107333,0
607388392774172671,0.102503,0
607388392908390399,0.1102,0
607388393176825855,0.0972949,0
607388393311043583,0.0886732,0
607388393445261311,0.0933413,0
607388393579479039,0.0883639,0
607388393713696767,0.106328,0
607388393847914495,0.102138,0
607388393982132223,0.094452,0
607388394250567679,0.0845996,0
607388394384785407,0.102746,0
607388394519003135,0.0704347,0
607388394653220863,0.0775676,0
607388394787438591,0.0997065,0
607388394921656319,0.0932831,0
607388395055874047,0.0871608,0
607388395324309503,0.120502,0
607388395458527231,0.122699,0
607388395592744959,0.116111,0
607388395726962687,0.126524,0
607388395861180415,0.1126,0
607388395995398143,0.113251,0
607388396129615871,0.103238,0
607388396398051327,0.119376,0
607388396532269055,0.122613,0
607388396666486783,0.117207,0
607388396800704511,0.124726,0
607388396934922239,0.11733,0
607388397069139967,0.127574,0
607388397203357695,0.111723,0
607388397471793151,0.0995892,0
607388397606010879,0.11063,0
607388397740228607,0.0902762,0
607388397874446335,0.0962557,0
607388398008664063,0.0955964,0
607388398142881791,0.112568,0
607388398277099519,0.0930297,0
607388399619276799,0.10411,0
607388399753494527,0.121767,0
607388399887712255,0.0975894,0
607388400021929983,0.105542,0
607388400156147711,0.106132,0
607388400290365439,0.123415,0
607388400424583167,0.0965384,0
607388400693018623,0.150536,0
607388400827236351,0.14453,0
607388400961454079,0.145572,0
607388401095671807,0.145622,0
607388401229889535,0.131963,0
607388401364107263,0.153015,0
607388401498324991,0.133681,0
607388401766760447,0.0856845,0
607388401900978175,0.0977802,0
607388402035195903,0.0781257,0
607388402169413631,0.088423,0
607388402303631359,0.0912071,0
607388402437849087,0.0969477,0
607388402572066815,0.0764047,0
607388402840502271,0.120944,0
607388402974719999,0.129057,0
607388403108937727,0.103247,0
607388403243155455,0.108298,0
607388403377373183,0.117918,0
607388403511590911,0.149687,0
607388403645808639,0.108438,0
607388403914244095,0.0930392,0
607388404048461823,0.117662,0
607388404182679551,0.0800818,0
607388404316897279,0.0888005,0
607388404451115007,0.0950447,0
607388404585332735,0.1118,0
607388404719550463,0.079119,0
607388404987985919,0.110153,0
607388405122203647,0.128078,0
607388405256421375,0.110639,0
607388405390639103,0.126108,0
607388405524856831,0.136731,0
607388405659074559,0.146389,0
607388405793292287,0.123796,0
607388406061727743,0.068668,0
607388406195945471,0.0932097,0
607388406330163199,0.0612788,0
607388406464380927,0.076821,0
607388406598598655,0.0731468,0
607388406732816383,0.0864337,0
607388406867034111,0.0609234,0
607388408209211391,0.141415,0
607388408343429119,0.151751,0
607388408477646847,0.135276,0
607388408611864575,0.139121,0
607388408746082303,0.131497,0
607388408880300031,0.15139,0
607388409014517759,0.140277,0
607388409282953215,0.152643,0
607388409417170943,0.163915,0
607388409551388671,0.146904,0
607388409685606399,0.147408,0
607388409819824127,0.169886,0
607388409954041855,0.176364,0
607388410088259583,0.153206,0
607388410356695039,0.135505,0
607388410490912767,0.137126,0
607388410625130495,0.120483,0
607388410759348223,0.121259,0
607388410893565951,0.139171,0
607388411027783679,0.1416,0
607388411162001407,0.132841,0
607388411430436863,0.147656,0
607388411564654591,0.146952,0
607388411698872319,0.130461,0
607388411833090047,0.14657,0
607388411967307775,0.137908,0
607388412101525503,0.148085,0
607388412235743231,0.137828,0
607388412504178687,0.147508,0
607388412638396415,0.139955,0
607388412772614143,0.134759,0
607388412906831871,0.143304,0
607388413041049599,0.143966,0
607388413175267327,0.148823,0
607388413309485055,0.149687,0
607388413577920511,0.160996,0
607388413712138239,0.161212,0
607388413846355967,0.143495,0
607388413980573695,0.145588,0
607388414114791423,0.152264,0
607388414249009151,0.164828,0
607388414383226879,0.151957,0
607388414651662335,0.12924,0
607388414785880063,0.137509,0
607388414920097791,0.115926,0
607388415054315519,0.125492,0
607388415188533247,0.129563,0
607388415322750975,0.138339,0
607388415456968703,0.123894,0
607388416799145983,0.0560465,0
607388416933363711,0.0556433,0
607388417067581439,0.0418986,0
607388417201799167,0.0544914,0
607388417336016895,0.05497,0
607388417470234623,0.0515206,0
607388417604452351,0.0487081,0
607388417872887807,0.0638764,0
607388418007105535,0.0807611,0
607388418141323263,0.0582118,0
607388418275540991,0.0717895,0
607388418409758719,0.0651372,0
607388418543976447,0.0842007,0
607388418678194175,0.0570502,0
607388418946629631,0.0452175,0
607388419080847359,0.0524788,0
607388419215065087,0.0467389,0
607388419349282815,0.0495537,0
607388419483500543,0.0505866,0
607388419617718271,0.0448271,0
607388419751935999,0.0449129,0
607388420020371455,0.0518569,0
607388420154589183,0.0535176,0
607388420288806911,0.0465984,0
607388420423024639,0.0568289,0
607388420557242367,0.062348,0
607388420691460095,0.0477386,0
607388420825677823,0.0494304,0
607388421094113279,0.0459677,0
607388421228331007,0.0514946,0
607388421362548735,0.0367595,0
607388421496766463,0.0488585,0
607388421630984191,0.0526234,0
607388421765201919,0.0551774,0
607388421899419647,0.0469465,0
607388422167855103,0.0610929,0
607388422302072831,0.0625543,0
607388422436290559,0.0687486,0
607388422570508287,0.0641,0
607388422704726015,0.0683004,0
607388422838943743,0.0606208,0
607388422973161471,0.0636561,0
607388423241596927,0.0391957,0
607388423375814655,0.0427165,0
607388423510032383,0.0366607,0
607388423644250111,0.0415266,0
607388423778467839,0.0387165,0
607388423912685567,0.0427678,0
607388424046903295,0.0371572,0
607388433979015167,0.151354,0
607388434113232895,0.144962,0
607388434247450623,0.148733,0
607388434381668351,0.152523,0
607388434515886079,0.15052,0
607388434650103807,0.158654,0
607388434784321535,0.145438,0
607388435052756991,0.155098,0
607388435186974719,0.160427,0
607388435321192447,0.157053,0
607388435455410175,0.160485,0
607388435589627903,0.153623,0
607388435723845631,0.165608,0
607388435858063359,0.165637,0
607388436126498815,0.142024,0
607388436260716543,0.14137,0
607388436394934271,0.137469,0
607388436529151999,0.137501,0
607388436663369727,0.140288,0
607388436797587455,0.141813,0
607388436931805183,0.142464,0
607388437200240639,0.154918,0
607388437334458367,0.159266,0
607388437468676095,0.162549,0
607388437602893823,0.162589,0
607388437737111551,0.153397,0
607388437871329279,0.157012,0
607388438005547007,0.148835,0
607388438273982463,0.139632,0
607388438408200191,0.152717,0
607388438542417919,0.137889,0
607388438676635647,0.150808,0
607388438810853375,0.141603,0
607388438945071103,0.150467,0
607388439079288831,0.129817,0
607388439347724287,0.158772,0
607388439481942015,0.160923,0
607388439616159743,0.163791,0
607388439750377471,0.161122,0
607388439884595199,0.164291,0
607388440018812927,0.161424,0
607388440153030655,0.169465,0
607388440421466111,0.129177,0
607388440555683839,0.145477,0
607388440689901567,0.122485,0
607388440824119295,0.144707,0
607388440958337023,0.129764,0
607388441092554751,0.148187,0
607388441226772479,0.114241,0
607388442568949759,0.137033,0
607388442703167487,0.135397,0
607388442837385215,0.132071,0
607388442971602943,0.132324,0
607388443105820671,0.141162,0
607388443240038399,0.155071,0
607388443374256127,0.147282,0
607388443642691583,0.135187,0
607388443776909311,0.148261,0
607388443911127039,0.130573,0
607388444045344767,0.151027,0
607388444179562495,0.136316,0
607388444313780223,0.146488,0
607388444447997951,0.126614,0
607388444716433407,0.127203,0
607388444850651135,0.132034,0
607388444984868863,0.142098,0
607388445119086591,0.132791,0
607388445253304319,0.140793,0
607388445387522047,0.136699,0
607388445521739775,0.154381,0
607388445790175231,0.132279,0
607388445924392959,0.128773,0
607388446058610687,0.125322,0
607388446192828415,0.126853,0
607388446327046143,0.133145,0
607388446461263871,0.12647,0
607388446595481599,0.127451,0
607388446863917055,0.158668,0
607388446998134783,0.151859,0
607388447132352511,0.149343,0
607388447266570239,0.157001,0
607388447400787967,0.163471,0
607388447535005695,0.173017,0
607388447669223423,0.174714,0
607388447937658879,0.147363,0
607388448071876607,0.144504,0
607388448206094335,0.136189,0
607388448340312063,0.160406,0
607388448474529791,0.153906,0
607388448608747519,0.154209,0
607388448742965247,0.153392,0
607388449011400703,0.153883,0
607388449145618431,0.150077,0
607388449279836159,0.158514,0
607388449414053887,0.159126,0
607388449548271615,0.151143,0
607388449682489343,0.146394,0
607388449816707071,0.161129,0
607388451158884351,0.0954447,0
607388451293102079,0.11933,0
607388451427319807,0.0918706,0
607388451561537535,0.105301,0
607388451695755263,0.098644,0
607388451829972991,0.1142,0
607388451964190719,0.0930674,0
607388452232626175,0.147395,0
607388452366843903,0.147572,0
607388452501061631,0.123579,0
607388452635279359,0.11786,0
607388452769497087,0.14959,0
607388452903714815,0.141992,0
607388453037932543,0.137862,0
607388453306367999,0.100851,0
607388453440585727,0.107711,0
607388453574803455,0.0865872,0
607388453709021183,0.108902,0
607388453843238911,0.0838879,0
607388453977456639,0.101445,0
607388454111674367,0.0984511,0
607388454380109823,0.108275,0
607388454514327551,0.125395,0
607388454648545279,0.109253,0
607388454782763007,0.10492,0
607388454916980735,0.119162,0
607388455051198463,0.118271,0
607388455185416191,0.111688,0
607388455453851647,0.0999734,0
607388455588069375,0.111967,0
607388455722287103,0.0876059,0
607388455856504831,0.101256,0
607388455990722559,0.104934,0
607388456124940287,0.100619,0
607388456259158015,0.106487,0
607388456527593471,0.1253,0
607388456661811199,0.136535,0
607388456796028927,0.117282,0
607388456930246655,0.126022,0
607388457064464383,0.118632,0
607388457198682111,0.133252,0
607388457332899839,0.115758,0
607388457601335295,0.0960581,0
607388457735553023,0.0898284,0
607388457869770751,0.0926131,0
607388458003988479,0.0976703,0
607388458138206207,0.0906216,0
607388458272423935,0.0900373,0
607388458406641663,0.0943639,0
607388459748818943,0.156567,0
607388459883036671,0.161673,0
607388460017254399,0.150895,0
607388460151472127,0.159627,0
607388460285689855,0.151866,0
607388460419907583,0.148992,0
607388460554125311,0.164274,0
607388460822560767,0.141454,0
607388460956778495,0.13205,0
607388461090996223,0.151386,0
607388461225213951,0.147382,0
607388461359431679,0.132922,0
607388461493649407,0.133416,0
607388461627867135,0.158835,0
607388461896302591,0.149129,0
607388462030520319,0.15745,0
607388462164738047,0.161879,0
607388462298955775,0.167961,0
607388462433173503,0.15653,0
607388462567391231,0.168133,0
607388462701608959,0.148555,0
607388462970044415,0.126071,0
607388463104262143,0.13823,0
607388463238479871,0.139933,0
607388463372697599,0.140266,0
607388463506915327,0.133306,0
607388463641133055,0.14798,0
607388463775350783,0.131675,0
607388464043786239,0.147296,0
607388464178003967,0.158095,0
607388464312221695,0.152967,0
607388464446439423,0.154648,0
607388464580657151,0.147983,0
607388464714874879,0.147782,0
607388464849092607,0.14503,0
607388465117528063,0.152758,0
607388465251745791,0.150176,0
607388465385963519,0.151223,0
607388465520181247,0.15808,0
607388465654398975,0.16224,0
607388465788616703,0.153044,0
607388465922834431,0.168091,0
607388466191269887,0.142597,0
607388466325487615,0.155776,0
607388466459705343,0.133767,0
607388466593923071,0.141562,0
607388466728140799,0.137659,0
607388466862358527,0.152516,0
607388466996576255,0.134329,0
607388468338753535,0.126705,0
607388468472971263,0.134806,0
607388468607188991,0.130864,0
607388468741406719,0.123819,0
607388468875624447,0.131284,0
607388469009842175,0.139314,0
607388469144059903,0.126921,0
607388469412495359,0.159127,0
607388469546713087,0.170929,0
607388469680930815,0.143054,0
607388469815148543,0.162854,0
607388469949366271,0.146502,0
607388470083583999,0.172054,0
607388470217801727,0.146549,0
607388470486237183,0.134798,0
607388470620454911,0.134356,0
607388470754672639,0.13849,0
607388470888890367,0.127123,0
607388471023108095,0.138515,0
607388471157325823,0.134744,0
607388471291543551,0.132233,0
607388471559979007,0.130628,0
607388471694196735,0.152695,0
607388471828414463,0.14984,0
607388471962632191,0.16107,0
607388472096849919,0.13735,0
607388472231067647,0.148281,0
607388472365285375,0.129432,0
607388472633720831,0.134301,0
607388472767938559,0.141049,0
607388472902156287,0.139599,0
607388473036374015,0.124178,0
607388473170591743,0.150855,0
607388473304809471,0.158932,0
607388473439027199,0.131527,0
607388473707462655,0.14465,0
607388473841680383,0.154902,0
607388473975898111,0.147755,0
607388474110115839,0.145621,0
607388474244333567,0.171093,0
607388474378551295,0.157976,0
607388474512769023,0.155653,0
607388474781204479,0.150009,0
607388474915422207,0.134406,0
607388475049639935,0.152666,0
607388475183857663,0.143417,0
607388475318075391,0.146438,0
607388475452293119,0.138354,0
607388475586510847,0.149322,0
607388476928688127,0.196355,0
607388477062905855,0.181221,0
607388477197123583,0.160498,0
607388477331341311,0.182273,0
607388477465559039,0.172308,0
607388477599776767,0.193934,0
607388477733994495,0.173384,0
607388478002429951,0.190235,0
607388478136647679,0.2459,0
607388478270865407,0.181472,0
607388478405083135,0.224999,0
607388478539300863,0.189854,0
607388478673518591,0.240173,0
607388478807736319,0.188182,0
607388479076171775,0.150729,0
607388479210389503,0.161996,0
607388479344607231,0.1633,0
607388479478824959,0.167365,0
607388479613042687,0.1574,0
607388479747260415,0.166562,0
607388479881478143,0.161251,0
607388480149913599,0.176133,0
607388480284131327,0.214108,0
607388480418349055,0.154609,0
607388480552566783,0.179646,0
607388480686784511,0.177261,0
607388480821002239,0.189222,0
607388480955219967,0.167543,0
607388481223655423,0.197485,0
607388481357873151,0.176928,0
607388481492090879,0.177548,0
607388481626308607,0.170372,0
607388481760526335,0.184481,0
607388481894744063,0.18979,0
607388482028961791,0.181796,0
607388482297397247,0.195486,0
607388482431614975,0.199046,0
607388482565832703,0.164267,0
607388482700050431,0.195911,0
607388482834268159,0.164975,0
607388482968485887,0.18927,0
607388483102703615,0.179019,0
607388483371139071,0.178176,0
607388483505356799,0.166603,0
607388483639574527,0.159683,0
607388483773792255,0.166793,0
607388483908009983,0.173682,0
607388484042227711,0.189892,0
607388484176445439,0.159766,0
607388485518622719,0.13614,0
607388485652840447,0.116186,0
607388485787058175,0.125684,0
607388485921275903,0.119717,0
607388486055493631,0.144114,0
607388486189711359,0.130488,0
607388486323929087,0.140231,0
607388486592364543,0.121728,0
607388486726582271,0.120749,0
607388486860799999,0.118254,0
607388486995017727,0.11339,0
607388487129235455,0.124644,0
607388487263453183,0.12834,0
607388487397670911,0.126456,0
607388487666106367,0.123707,0
607388487800324095,0.101916,0
607388487934541823,0.119013,0
607388488068759551,0.105087,0
607388488202977279,0.123065,0
607388488337195007,0.12338,0
607388488471412735,0.124709,0
607388488739848191,0.102206,0
607388488874065919,0.108139,0
607388489008283647,0.101901,0
607388489142501375,0.104441,0
607388489276719103,0.110042,0
607388489410936831,0.108099,0
607388489545154559,0.107187,0
607388489813590015,0.160252,0
607388489947807743,0.146064,0
607388490082025471,0.161371,0
607388490216243199,0.143162,0
607388490350460927,0.176716,0
607388490484678655,0.151861,0
607388490618896383,0.171549,0
607388490887331839,0.139581,0
607388491021549567,0.131859,0
607388491155767295,0.138213,0
607388491289985023,0.132153,0
607388491424202751,0.145209,0
607388491558420479,0.143763,0
607388491692638207,0.141317,0
607388491961073663,0.138739,0
607388492095291391,0.126335,0
607388492229509119,0.125419,0
607388492363726847,0.131405,0
607388492497944575,0.14954,0
607388492632162303,0.140171,0
607388492766380031,0.14476,0
607388502698491903,0.0737527,0
607388502832709631,0.0875246,0
607388502966927359,0.0740607,0
607388503101145087,0.0892421,0
607388503235362815,0.067586,0
607388503369580543,0.0785727,0
607388503503798271,0.0631313,0
607388503772233727,0.105485,0
607388503906451455,0.093083,0
607388504040669183,0.106987,0
607388504174886911,0.107398,0
607388504309104639,0.0862667,0
607388504443322367,0.0899566,0
607388504577540095,0.0910914,0
607388504845975551,0.0809059,0
607388504980193279,0.0982637,0
607388505114411007,0.0730786,0
607388505248628735,0.09412,0
607388505382846463,0.0714212,0
607388505517064191,0.0809934,0
607388505651281919,0.0657668,0
607388505919717375,0.107483,0
607388506053935103,0.0983526,0
607388506188152831,0.105046,0
607388506322370559,0.107047,0
607388506456588287,0.0988165,0
607388506590806015,0.108354,0
607388506725023743,0.100484,0
607388506993459199,0.0560411,0
607388507127676927,0.0628947,0
607388507261894655,0.0512716,0
607388507396112383,0.0586177,0
607388507530330111,0.0535793,0
607388507664547839,0.0531864,0
607388507798765567,0.0523245,0
607388508067201023,0.0616414,0
607388508201418751,0.0797456,0
607388508335636479,0.064775,0
607388508469854207,0.0714737,0
607388508604071935,0.0606949,0
607388508738289663,0.0725311,0
607388508872507391,0.0647315,0
607388509140942847,0.0573298,0
607388509275160575,0.0639267,0
607388509409378303,0.0514233,0
607388509543596031,0.0610811,0
607388509677813759,0.0525652,0
607388509812031487,0.0546639,0
607388509946249215,0.0427912,0
607388511288426495,0.109943,0
607388511422644223,0.101668,0
607388511556861951,0.114698,0
607388511691079679,0.106277,0
607388511825297407,0.094036,0
607388511959515135,0.0945115,0
607388512093732863,0.0951088,0
607388512362168319,0.10407,0
607388512496386047,0.0990695,0
607388512630603775,0.113383,0
607388512764821503,0.0975454,0
607388512899039231,0.0972428,0
607388513033256959,0.0982489,0
607388513167474687,0.0980522,0
607388513435910143,0.105557,0
607388513570127871,0.123203,0
607388513704345599,0.114716,0
607388513838563327,0.109437,0
607388513972781055,0.106446,0
607388514106998783,0.112058,0
607388514241216511,0.108189,0
607388514509651967,0.114369,0
607388514643869695,0.11325,0
607388514778087423,0.117672,0
607388514912305151,0.106384,0
607388515046522879,0.104384,0
607388515180740607,0.109204,0
607388515314958335,0.114531,0
607388515583393791,0.0883162,0
607388515717611519,0.078057,0
607388515851829247,0.0964703,0
607388515986046975,0.0899931,0
607388516120264703,0.086852,0
607388516254482431,0.0808092,0
607388516388700159,0.0851664,0
607388516657135615,0.0891578,0
607388516791353343,0.0951028,0
607388516925571071,0.0922171,0
607388517059788799,0.0956631,0
607388517194006527,0.0850727,0
607388517328224255,0.0906639,0
607388517462441983,0.0770529,0
607388517730877439,0.109825,0
607388517865095167,0.100254,0
607388517999312895,0.114332,0
607388518133530623,0.104113,0
607388518267748351,0.102204,0
607388518401966079,0.0996822,0
607388518536183807,0.105961,0
607388519878361087,0.0511099,0
607388520012578815,0.0652715,0
607388520146796543,0.056058,0
607388520281014271,0.057606,0
607388520415231999,0.0533886,0
607388520549449727,0.0558571,0
607388520683667455,0.0537456,0
607388520952102911,0.0840724,0
607388521086320639,0.0957779,0
607388521220538367,0.0818689,0
607388521354756095,0.10273,0
607388521488973823,0.0750811,0
607388521623191551,0.096078,0
607388521757409279,0.0685236,0
607388522025844735,0.0586179,0
607388522160062463,0.0725597,0
607388522294280191,0.0633712,0
607388522428497919,0.0693674,0
607388522562715647,0.0595514,0
607388522696933375,0.0604502,0
607388522831151103,0.0617866,0
607388523099586559,0.0909838,0
607388523233804287,0.102122,0
607388523368022015,0.0849693,0
607388523502239743,0.11282,0
607388523636457471,0.0760462,0
607388523770675199,0.0964862,0
607388523904892927,0.0737715,0
607388524173328383,0.0469033,0
607388524307546111,0.049024,0
607388524441763839,0.0372078,0
607388524575981567,0.0484869,0
607388524710199295,0.0381732,0
607388524844417023,0.0506041,0
607388524978634751,0.0382328,0
607388525247070207,0.0514455,0
607388525381287935,0.063927,0
607388525515505663,0.0541149,0
607388525649723391,0.0649512,0
607388525783941119,0.0484616,0
607388525918158847,0.0533731,0
607388526052376575,0.0497361,0
607388526320812031,0.0443971,0
607388526455029759,0.0594175,0
607388526589247487,0.0409435,0
607388526723465215,0.0479197,0
607388526857682943,0.038626,0
607388526991900671,0.0478928,0
607388527126118399,0.0384402,0
607388528468295679,0.109486,0
607388528602513407,0.100244,0
607388528736731135,0.11439,0
607388528870948863,0.108001,0
607388529005166591,0.116603,0
607388529139384319,0.10168,0
607388529273602047,0.111655,0
607388529542037503,0.0999125,0
607388529676255231,0.113653,0
607388529810472959,0.112618,0
607388529944690687,0.107495,0
607388530078908415,0.110649,0
607388530213126143,0.100808,0
607388530347343871,0.0999804,0
607388530615779327,0.11022,0
607388530749997055,0.11356,0
607388530884214783,0.125111,0
607388531018432511,0.116856,0
607388531152650239,0.12183,0
607388531286867967,0.0989304,0
607388531421085695,0.124743,0
607388531689521151,0.104951,0
607388531823738879,0.112889,0
607388531957956607,0.110283,0
607388532092174335,0.106495,0
607388532226392063,0.113195,0
607388532360609791,0.10212,0
607388532494827519,0.114393,0
607388532763262975,0.0925835,0
607388532897480703,0.103295,0
607388533031698431,0.0917977,0
607388533165916159,0.0981628,0
607388533300133887,0.0891961,0
607388533434351615,0.0996967,0
607388533568569343,0.0943867,0
607388533837004799,0.114631,0
607388533971222527,0.10513,0
607388534105440255,0.117079,0
607388534239657983,0.0990862,0
607388534373875711,0.112687,0
607388534508093439,0.109056,0
607388534642311167,0.106446,0
607388534910746623,0.100138,0
607388535044964351,0.108849,0
607388535179182079,0.102798,0
607388535313399807,0.109825,0
607388535447617535,0.0921271,0
607388535581835263,0.095289,0
607388535716052991,0.09502,0
607388537058230271,0.0631088,0
607388537192447999,0.0624974,0
607388537326665727,0.0519681,0
607388537460883455,0.0545976,0
607388537595101183,0.0594875,0
607388537729318911,0.065911,0
607388537863536639,0.0506484,0
607388538131972095,0.0630577,0
607388538266189823,0.0611544,0
607388538400407551,0.0631609,0
607388538534625279,0.0585204,0
607388538668843007,0.0671126,0
607388538803060735,0.0631006,0
607388538937278463,0.0717572,0
607388539205713919,0.0527614,0
607388539339931647,0.0500911,0
607388539474149375,0.0420641,0
607388539608367103,0.0506081,0
607388539742584831,0.0430477,0
607388539876802559,0.0556009,0
607388540011020287,0.0444841,0
607388540279455743,0.0591343,0
607388540413673471,0.0633016,0
607388540547891199,0.0555747,0
607388540682108927,0.059892,0
607388540816326655,0.0606907,0
607388540950544383,0.0636893,0
607388541084762111,0.0567285,0
607388541353197567,0.0529687,0
607388541487415295,0.056137,0
607388541621633023,0.0538914,0
607388541755850751,0.0550987,0
607388541890068479,0.0551552,0
607388542024286207,0.0588918,0
607388542158503935,0.0537819,0
607388542426939391,0.0679741,0
607388542561157119,0.0673002,0
607388542695374847,0.0658043,0
607388542829592575,0.0737739,0
607388542963810303,0.0639727,0
607388543098028031,0.0696566,0
607388543232245759,0.0632576,0
607388543500681215,0.039647,0
607388543634898943,0.0478926,0
607388543769116671,0.0375504,0
607388543903334399,0.0395022,0
607388544037552127,0.0432591,0
607388544171769855,0.045087,0
607388544305987583,0.0390971,0
607388545648164863,0.0759885,0
607388545782382591,0.0783492,0
607388545916600319,0.0764331,0
607388546050818047,0.0811977,0
607388546185035775,0.0830836,0
607388546319253503,0.0785781,0
607388546453471231,0.0757583,0
607388546721906687,0.085733,0
607388546856124415,0.0842713,0
607388546990342143,0.0751083,0
607388547124559871,0.0882991,0
607388547258777599,0.0943215,0
607388547392995327,0.0881679,0
607388547527213055,0.0709793,0
607388547795648511,0.0817863,0
607388547929866239,0.0795056,0
607388548064083967,0.0872454,0
607388548198301695,0.0879711,0
607388548332519423,0.0905388,0
607388548466737151,0.0846311,0
607388548600954879,0.0917668,0
607388548869390335,0.0844337,0
607388549003608063,0.0793413,0
607388549137825791,0.0854825,0
607388549272043519,0.0824519,0
607388549406261247,0.0799426,0
607388549540478975,0.0790698,0
607388549674696703,0.0847919,0
607388549943132159,0.0712298,0
607388550077349887,0.0710597,0
607388550211567615,0.0639582,0
607388550345785343,0.0736873,0
607388550480003071,0.0744742,0
607388550614220799,0.072098,0
607388550748438527,0.0659976,0
607388551016873983,0.0803836,0
607388551151091711,0.08215,0
607388551285309439,0.0851897,0
607388551419527167,0.075604,0
607388551553744895,0.0844625,0
607388551687962623,0.0813855,0
607388551822180351,0.0840653,0
607388552090615807,0.0722507,0
607388552224833535,0.082358,0
607388552359051263,0.0595338,0
607388552493268991,0.0762096,0
607388552627486719,0.0613379,0
607388552761704447,0.0663705,0
607388552895922175,0.0629411,0
607388554238099455,0.030333,0
607388554372317183,0.0333154,0
607388554506534911,0.0289276,0
607388554640752639,0.0324894,0
607388554774970367,0.0272183,0
607388554909188095,0.0290431,0
607388555043405823,0.032137,0
607388555311841279,0.0435755,0
607388555446059007,0.0459081,0
607388555580276735,0.0419238,0
607388555714494463,0.0461014,0
607388555848712191,0.0404547,0
607388555982929919,0.0429522,0
607388556117147647,0.0356894,0
607388556385583103,0.0322354,0
607388556519800831,0.0377541,0
607388556654018559,0.0332931,0
607388556788236287,0.0368223,0
607388556922454015,0.030753,0
607388557056671743,0.0310144,0
607388557190889471,0.0316508,0
607388557459324927,0.0448392,0
607388557593542655,0.0460099,0
607388557727760383,0.0481508,0
607388557861978111,0.0503886,0
607388557996195839,0.0442838,0
607388558130413567,0.0431427,0
607388558264631295,0.0364658,0
607388558533066751,0.0342123,0
607388558667284479,0.0251851,0
607388558801502207,0.0375792,0
607388558935719935,0.0227804,0
607388559069937663,0.0363547,0
607388559204155391,0.0254563,0
607388559338373119,0.0360692,0
607388559606808575,0.031887,0
607388559741026303,0.0322987,0
607388559875244031,0.0299493,0
607388560009461759,0.0323681,0
607388560143679487,0.0284888,0
607388560277897215,0.0395794,0
607388560412114943,0.0299246,0
607388560680550399,0.029088,0
607388560814768127,0.0268622,0
607388560948985855,0.0409484,0
607388561083203583,0.0287628,0
607388561217421311,0.036852,0
607388561351639039,0.0244067,0
607388561485856767,0.0413957,0
607388571417968639,0.103441,0
607388571552186367,0.0921381,0
607388571686404095,0.100838,0
607388571820621823,0.0940865,0
607388571954839551,0.096727,0
607388572089057279,0.0958364,0
607388572223275007,0.100579,0
607388572491710463,0.105893,0
607388572625928191,0.124989,0
607388572760145919,0.0992726,0
607388572894363647,0.107638,0
607388573028581375,0.123912,0
607388573162799103,0.131933,0
607388573297016831,0.105877,0
607388573565452287,0.0987531,0
607388573699670015,0.0994907,0
607388573833887743,0.101077,0
607388573968105471,0.0918983,0
607388574102323199,0.0972416,0
607388574236540927,0.0910758,0
607388574370758655,0.102603,0
607388574639194111,0.100014,0
607388574773411839,0.101695,0
607388574907629567,0.102984,0
607388575041847295,0.113786,0
607388575176065023,0.101795,0
607388575310282751,0.10405,0
607388575444500479,0.0968262,0
607388575712935935,0.113544,0
607388575847153663,0.109169,0
607388575981371391,0.0984383,0
607388576115589119,0.0950283,0
607388576249806847,0.105297,0
607388576384024575,0.120361,0
607388576518242303,0.100381,0
607388576786677759,0.107604,0
607388576920895487,0.102216,0
607388577055113215,0.095545,0
607388577189330943,0.112529,0
607388577323548671,0.108781,0
607388577457766399,0.105763,0
607388577591984127,0.11344,0
607388577860419583,0.101812,0
607388577994637311,0.0954681,0
607388578128855039,0.102541,0
607388578263072767,0.0904595,0
607388578397290495,0.106996,0
607388578531508223,0.101952,0
607388578665725951,0.0980991,0
607388580007903231,0.111249,0
607388580142120959,0.110295,0
607388580276338687,0.106892,0
607388580410556415,0.103625,0
607388580544774143,0.116819,0
607388580678991871,0.117283,0
607388580813209599,0.112519,0
607388581081645055,0.112223,0
607388581215862783,0.120022,0
607388581350080511,0.111054,0
607388581484298239,0.119148,0
607388581618515967,0.121331,0
607388581752733695,0.123637,0
607388581886951423,0.112519,0
607388582155386879,0.101466,0
607388582289604607,0.0990054,0
607388582423822335,0.0984516,0
607388582558040063,0.0961461,0
607388582692257791,0.104244,0
607388582826475519,0.0982988,0
607388582960693247,0.104847,0
607388583229128703,0.0990982,0
607388583363346431,0.0988839,0
607388583497564159,0.0911446,0
607388583631781887,0.0904788,0
607388583765999615,0.10264,0
607388583900217343,0.0961173,0
607388584034435071,0.099125,0
607388584302870527,0.137033,0
607388584437088255,0.118885,0
607388584571305983,0.123132,0
607388584705523711,0.132149,0
607388584839741439,0.125197,0
607388584973959167,0.13786,0
607388585108176895,0.128834,0
607388585376612351,0.123446,0
607388585510830079,0.141112,0
607388585645047807,0.133105,0
607388585779265535,0.125589,0
607388585913483263,0.13119,0
607388586047700991,0.144095,0
607388586181918719,0.127913,0
607388586450354175,0.125064,0
607388586584571903,0.106673,0
607388586718789631,0.108581,0
607388586853007359,0.102884,0
607388586987225087,0.112527,0
607388587121442815,0.125272,0
607388587255660543,0.121677,0
607388588597837823,0.117368,0
607388588732055551,0.116739,0
607388588866273279,0.114668,0
607388589000491007,0.113348,0
607388589134708735,0.111305,0
607388589268926463,0.108757,0
607388589403144191,0.110915,0
607388589671579647,0.098549,0
607388589805797375,0.110315,0
607388589940015103,0.111424,0
607388590074232831,0.101634,0
607388590208450559,0.104842,0
607388590342668287,0.102713,0
607388590476886015,0.108076,0
607388590745321471,0.118528,0
607388590879539199,0.119728,0
607388591013756927,0.118856,0
607388591147974655,0.116377,0
607388591282192383,0.11271,0
607388591416410111,0.113601,0
607388591550627839,0.121708,0
607388591819063295,0.109917,0
607388591953281023,0.117348,0
607388592087498751,0.111472,0
607388592221716479,0.113684,0
607388592355934207,0.111127,0
607388592490151935,0.108832,0
607388592624369663,0.116326,0
607388592892805119,0.103207,0
607388593027022847,0.1104,0
607388593161240575,0.101549,0
607388593295458303,0.104698,0
607388593429676031,0.0931566,0
607388593563893759,0.106501,0
607388593698111487,0.101897,0
607388593966546943,0.11039,0
607388594100764671,0.101322,0
607388594234982399,0.112578,0
607388594369200127,0.101278,0
607388594503417855,0.104372,0
607388594637635583,0.104112,0
607388594771853311,0.106475,0
607388595040288767,0.10668,0
607388595174506495,0.108221,0
607388595308724223,0.106723,0
607388595442941951,0.10511,0
607388595577159679,0.100785,0
607388595711377407,0.103733,0
607388595845595135,0.103314,0
607388597187772415,0.122135,0
607388597321990143,0.115724,0
607388597456207871,0.128675,0
607388597590425599,0.144572,0
607388597724643327,0.118917,0
607388597858861055,0.126862,0
607388597993078783,0.114383,0
607388598261514239,0.10489,0
607388598395731967,0.104385,0
607388598529949695,0.11136,0
607388598664167423,0.109514,0
607388598798385151,0.101507,0
607388598932602879,0.101682,0
607388599066820607,0.11092,0
607388599335256063,0.130875,0
607388599469473791,0.11664,0
607388599603691519,0.128253,0
607388599737909247,0.1506,0
607388599872126975,0.129096,0
607388600006344703,0.126773,0
607388600140562431,0.12833,0
607388600408997887,0.118899,0
607388600543215615,0.118476,0
607388600677433343,0.111826,0
607388600811651071,0.116966,0
607388600945868799,0.107327,0
607388601080086527,0.106133,0
607388601214304255,0.129243,0
607388601482739711,0.117268,0
607388601616957439,0.117958,0
607388601751175167,0.113852,0
607388601885392895,0.117563,0
607388602019610623,0.104047,0
607388602153828351,0.123132,0
607388602288046079,0.107171,0
607388602556481535,0.114797,0
607388602690699263,0.114309,0
607388602824916991,0.113692,0
607388602959134719,0.116422,0
607388603093352447,0.10309,0
607388603227570175,0.118514,0
607388603361787903,0.113586,0
607388603630223359,0.131399,0
607388603764441087,0.124735,0
607388603898658815,0.120986,0
607388604032876543,0.122987,0
607388604167094271,0.115877,0
607388604301311999,0.124013,0
607388604435529727,0.117688,0
607388605777707007,0.114526,0
607388605911924735,0.115862,0
607388606046142463,0.107177,0
607388606180360191,0.126289,0
607388606314577919,0.110705,0
607388606448795647,0.0967315,0
607388606583013375,0.120942,0
607388606851448831,0.109382,0
607388606985666559,0.117539,0
607388607119884287,0.10617,0
607388607254102015,0.126324,0
607388607388319743,0.0976767,0
607388607522537471,0.106799,0
607388607656755199,0.107602,0
607388607925190655,0.106335,0
607388608059408383,0.113944,0
607388608193626111,0.100001,0
607388608327843839,0.0893459,0
607388608462061567,0.104329,0
607388608596279295,0.10982,0
607388608730497023,0.100294,0
607388608998932479,0.120084,0
607388609133150207,0.126413,0
607388609267367935,0.105253,0
607388609401585663,0.117761,0
607388609535803391,0.107863,0
607388609670021119,0.126054,0
607388609804238847,0.101818,0
607388610072674303,0.106471,0
607388610206892031,0.100999,0
607388610341109759,0.114937,0
607388610475327487,0.101854,0
607388610609545215,0.111767,0
607388610743762943,0.100904,0
607388610877980671,0.105383,0
607388611146416127,0.107363,0
607388611280633855,0.0980664,0
607388611414851583,0.108312,0
607388611549069311,0.107652,0
607388611683287039,0.0901639,0
607388611817504767,0.0964981,0
607388611951722495,0.0971647,0
607388612220157951,0.106561,0
607388612354375679,0.118451,0
607388612488593407,0.109115,0
607388612622811135,0.110945,0
607388612757028863,0.0983644,0
607388612891246591,0.115318,0
607388613025464319,0.10111,0
607388614367641599,0.134978,0
607388614501859327,0.153933,0
607388614636077055,0.131767,0
607388614770294783,0.150028,0
607388614904512511,0.132459,0
607388615038730239,0.128405,0
607388615172947967,0.130854,0
607388615441383423,0.159685,0
607388615575601151,0.165274,0
607388615709818879,0.159966,0
607388615844036607,0.179176,0
607388615978254335,0.155105,0
607388616112472063,0.15718,0
607388616246689791,0.158891,0
607388616515125247,0.124386,0
607388616649342975,0.146377,0
607388616783560703,0.108975,0
607388616917778431,0.121863,0
607388617051996159,0.131725,0
607388617186213887,0.137622,0
607388617320431615,0.114359,0
607388617588867071,0.170893,0
607388617723084799,0.165384,0
607388617857302527,0.145728,0
607388617991520255,0.150839,0
607388618125737983,0.157689,0
607388618259955711,0.179828,0
607388618394173439,0.159763,0
607388618662608895,0.103387,0
607388618796826623,0.111545,0
607388618931044351,0.114819,0
607388619065262079,0.121853,0
607388619199479807,0.107292,0
607388619333697535,0.102439,0
607388619467915263,0.115447,0
607388619736350719,0.130709,0
607388619870568447,0.149818,0
607388620004786175,0.125369,0
607388620139003903,0.142421,0
607388620273221631,0.134093,0
607388620407439359,0.136057,0
607388620541657087,0.117358,0
607388620810092543,0.11692,0
607388620944310271,0.120231,0
607388621078527999,0.115348,0
607388621212745727,0.120106,0
607388621346963455,0.119913,0
607388621481181183,0.121145,0
607388621615398911,0.116228,0
607388622957576191,0.0859489,0
607388623091793919,0.0927132,0
607388623226011647,0.0841182,0
607388623360229375,0.0913844,0
607388623494447103,0.0812735,0
607388623628664831,0.0882463,0
607388623762882559,0.0850799,0
607388624031318015,0.0959851,0
607388624165535743,0.102383,0
607388624299753471,0.0965308,0
607388624433971199,0.0958145,0
607388624568188927,0.0876384,0
607388624702406655,0.0891232,0
607388624836624383,0.0976966,0
607388625105059839,0.0881039,0
607388625239277567,0.0894119,0
607388625373495295,0.0993219,0
607388625507713023,0.0936074,0
607388625641930751,0.0797419,0
607388625776148479,0.0867398,0
607388625910366207,0.0927532,0
607388626178801663,0.0910339,0
607388626313019391,0.0993018,0
607388626447237119,0.0958468,0
607388626581454847,0.101783,0
607388626715672575,0.0956182,0
607388626849890303,0.0918564,0
607388626984108031,0.0884608,0
607388627252543487,0.0822599,0
607388627386761215,0.0853666,0
607388627520978943,0.0821161,0
607388627655196671,0.0898789,0
607388627789414399,0.0785616,0
607388627923632127,0.0724595,0
607388628057849855,0.0820419,0
607388628326285311,0.0988188,0
607388628460503039,0.10254,0
607388628594720767,0.0868274,0
607388628728938495,0.0913025,0
607388628863156223,0.0944459,0
607388628997373951,0.094237,0
607388629131591679,0.0812938,0
607388629400027135,0.08111,0
607388629534244863,0.0937285,0
607388629668462591,0.0826704,0
607388629802680319,0.0869433,0
607388629936898047,0.0827757,0
607388630071115775,0.0845478,0
607388630205333503,0.0828617,0
607388640137445375,0.065455,0
607388640271663103,0.0759343,0
607388640405880831,0.0778499,0
607388640540098559,0.065266,0
607388640674316287,0.0706946,0
607388640808534015,0.0747771,0
607388640942751743,0.063758,0
607388641211187199,0.0808235,0
607388641345404927,0.0868948,0
607388641479622655,0.0759556,0
607388641613840383,0.08532,0
607388641748058111,0.0725035,0
607388641882275839,0.0962985,0
607388642016493567,0.0750537,0
607388642284929023,0.0664424,0
607388642419146751,0.076561,0
607388642553364479,0.0729006,0
607388642687582207,0.0691094,0
607388642821799935,0.0580752,0
607388642956017663,0.0754889,0
607388643090235391,0.0626943,0
607388643358670847,0.0671508,0
607388643492888575,0.0839853,0
607388643627106303,0.0619166,0
607388643761324031,0.0688222,0
607388643895541759,0.0694837,0
607388644029759487,0.0817054,0
607388644163977215,0.0672958,0
607388644432412671,0.0828627,0
607388644566630399,0.0738539,0
607388644700848127,0.0903999,0
607388644835065855,0.0775665,0
607388644969283583,0.073188,0
607388645103501311,0.0852298,0
607388645237719039,0.0865455,0
607388645506154495,0.0720285,0
607388645640372223,0.0786735,0
607388645774589951,0.0592868,0
607388645908807679,0.0761556,0
607388646043025407,0.0573087,0
607388646177243135,0.0758423,0
607388646311460863,0.0633068,0
607388646579896319,0.0806309,0
607388646714114047,0.0770456,0
607388646848331775,0.0768646,0
607388646982549503,0.0651571,0
607388647116767231,0.0683897,0
607388647250984959,0.0878196,0
607388647385202687,0.0690435,0
607388648727379967,0.110145,0
607388648861597695,0.115321,0
607388648995815423,0.100307,0
607388649130033151,0.115479,0
607388649264250879,0.106487,0
607388649398468607,0.11714,0
607388649532686335,0.0934924,0
607388649801121791,0.139378,0
607388649935339519,0.145597,0
607388650069557247,0.127989,0
607388650203774975,0.13547,0
607388650337992703,0.138037,0
607388650472210431,0.146265,0
607388650606428159,0.117164,0
607388650874863615,0.0840606,0
607388651009081343,0.0986669,0
607388651143299071,0.0794572,0
607388651277516799,0.0777417,0
607388651411734527,0.0867013,0
607388651545952255,0.101739,0
607388651680169983,0.0767735,0
607388651948605439,0.120224,0
607388652082823167,0.13296,0
607388652217040895,0.119558,0
607388652351258623,0.11748,0
607388652485476351,0.116686,0
607388652619694079,0.126195,0
607388652753911807,0.115569,0
607388653022347263,0.088728,0
607388653156564991,0.112664,0
607388653290782719,0.0940119,0
607388653425000447,0.0891172,0
607388653559218175,0.0905,0
607388653693435903,0.107951,0
607388653827653631,0.0887844,0
607388654096089087,0.124878,0
607388654230306815,0.138255,0
607388654364524543,0.125639,0
607388654498742271,0.123652,0
607388654632959999,0.126448,0
607388654767177727,0.141483,0
607388654901395455,0.120302,0
607388655169830911,0.0784483,0
607388655304048639,0.0925139,0
607388655438266367,0.0805895,0
607388655572484095,0.0793133,0
607388655706701823,0.0826741,0
607388655840919551,0.0928694,0
607388655975137279,0.07725,0
607388657317314559,0.0808039,0
607388657451532287,0.0631527,0
607388657585750015,0.0840998,0
607388657719967743,0.0653453,0
607388657854185471,0.0895055,0
607388657988403199,0.0748232,0
607388658122620927,0.0814045,0
607388658391056383,0.0706426,0
607388658525274111,0.0567716,0
607388658659491839,0.0605353,0
607388658793709567,0.061814,0
607388658927927295,0.0678769,0
607388659062145023,0.0625407,0
607388659196362751,0.0620011,0
607388659464798207,0.0663484,0
607388659599015935,0.0599189,0
607388659733233663,0.0551415,0
607388659867451391,0.0649031,0
607388660001669119,0.0703956,0
607388660135886847,0.0721083,0
607388660270104575,0.0572156,0
607388660538540031,0.0588938,0
607388660672757759,0.0555971,0
607388660806975487,0.058504,0
607388660941193215,0.0546098,0
607388661075410943,0.0514511,0
607388661209628671,0.0573939,0
607388661343846399,0.0726026,0
607388661612281855,0.083313,0
607388661746499583,0.0841448,0
607388661880717311,0.0669004,0
607388662014935039,0.0758266,0
607388662149152767,0.089615,0
607388662283370495,0.088456,0
607388662417588223,0.0719143,0
607388662686023679,0.0838843,0
607388662820241407,0.0797769,0
607388662954459135,0.0876068,0
607388663088676863,0.0666313,0
607388663222894591,0.0792603,0
607388663357112319,0.0661459,0
607388663491330047,0.0832099,0
607388663759765503,0.0640955,0
607388663893983231,0.0626463,0
607388664028200959,0.0664786,0
607388664162418687,0.0603532,0
607388664296636415,0.0663293,0
607388664430854143,0.0672962,0
607388664565071871,0.0589396,0
607388665907249151,0.0663698,0
607388666041466879,0.0585796,0
607388666175684607,0.0508629,0
607388666309902335,0.0593988,0
607388666444120063,0.0665232,0
607388666578337791,0.0671108,0
607388666712555519,0.0542071,0
607388666980990975,0.0645612,0
607388667115208703,0.0725404,0
607388667249426431,0.0608656,0
607388667383644159,0.0660437,0
607388667517861887,0.0771706,0
607388667652079615,0.0731474,0
607388667786297343,0.0596822,0
607388668054732799,0.0626289,0
607388668188950527,0.0494892,0
607388668323168255,0.037649,0
607388668457385983,0.0496628,0
607388668591603711,0.0595921,0
607388668725821439,0.0487425,0
607388668860039167,0.054494,0
607388669128474623,0.0568466,0
607388669262692351,0.057525,0
607388669396910079,0.0590416,0
607388669531127807,0.063421,0
607388669665345535,0.0617709,0
607388669799563263,0.0565166,0
607388669933780991,0.0586092,0
607388670202216447,0.0624819,0
607388670336434175,0.0604721,0
607388670470651903,0.0556452,0
607388670604869631,0.0643152,0
607388670739087359,0.0609124,0
607388670873305087,0.0618023,0
607388671007522815,0.0618882,0
607388671275958271,0.063454,0
607388671410175999,0.0709042,0
607388671544393727,0.0604106,0
607388671678611455,0.0610105,0
607388671812829183,0.0694106,0
607388671947046911,0.0798775,0
607388672081264639,0.0621922,0
607388672349700095,0.0693815,0
607388672483917823,0.0645347,0
607388672618135551,0.0553689,0
607388672752353279,0.0581594,0
607388672886571007,0.0598865,0
607388673020788735,0.0582988,0
607388673155006463,0.0546401,0
607388674497183743,0.080918,0
607388674631401471,0.0698207,0
607388674765619199,0.0767582,0
607388674899836927,0.0718608,0
607388675034054655,0.0810891,0
607388675168272383,0.0914148,0
607388675302490111,0.0850209,0
607388675570925567,0.0705597,0
607388675705143295,0.0730098,0
607388675839361023,0.0622143,0
607388675973578751,0.0689862,0
607388676107796479,0.0776646,0
607388676242014207,0.0729539,0
607388676376231935,0.0738461,0
607388676644667391,0.0842447,0
607388676778885119,0.0726521,0
607388676913102847,0.0704863,0
607388677047320575,0.0795107,0
607388677181538303,0.078093,0
607388677315756031,0.0711545,0
607388677449973759,0.0729364,0
607388677718409215,0.0680143,0
607388677852626943,0.0613202,0
607388677986844671,0.071828,0
607388678121062399,0.0667581,0
607388678255280127,0.0696596,0
607388678389497855,0.0693871,0
607388678523715583,0.0729552,0
607388678792151039,0.100076,0
607388678926368767,0.0872134,0
607388679060586495,0.0929684,0
607388679194804223,0.0950353,0
607388679329021951,0.0949827,0
607388679463239679,0.103355,0
607388679597457407,0.108707,0
607388679865892863,0.080927,0
607388680000110591,0.0867811,0
607388680134328319,0.077359,0
607388680268546047,0.0748223,0
607388680402763775,0.0940908,0
607388680536981503,0.0850463,0
607388680671199231,0.0989055,0
607388680939634687,0.0745309,0
607388681073852415,0.0849451,0
607388681208070143,0.0875175,0
607388681342287871,0.0762367,0
607388681476505599,0.087134,0
607388681610723327,0.0949422,0
607388681744941055,0.0899598,0
607388683087118335,0.0945236,0
607388683221336063,0.122039,0
607388683355553791,0.0864484,0
607388683489771519,0.0957237,0
607388683623989247,0.0970862,0
607388683758206975,0.110445,0
607388683892424703,0.0819358,0
607388684160860159,0.137154,0
607388684295077887,0.162035,0
607388684429295615,0.137088,0
607388684563513343,0.142565,0
607388684697731071,0.134022,0
607388684831948799,0.151455,0
607388684966166527,0.124508,0
607388685234601983,0.0795882,0
607388685368819711,0.09456,0
607388685503037439,0.0790306,0
607388685637255167,0.0873762,0
607388685771472895,0.0785092,0
607388685905690623,0.0983982,0
607388686039908351,0.0710242,0
607388686308343807,0.120674,0
607388686442561535,0.124755,0
607388686576779263,0.106647,0
607388686710996991,0.122271,0
607388686845214719,0.121184,0
607388686979432447,0.131514,0
607388687113650175,0.10021,0
607388687382085631,0.0790844,0
607388687516303359,0.0848728,0
607388687650521087,0.0713816,0
607388687784738815,0.0771186,0
607388687918956543,0.0857114,0
607388688053174271,0.0863683,0
607388688187391999,0.0787911,0
607388688455827455,0.121763,0
607388688590045183,0.129821,0
607388688724262911,0.10509,0
607388688858480639,0.125381,0
607388688992698367,0.122161,0
607388689126916095,0.149615,0
607388689261133823,0.102503,0
607388689529569279,0.070868,0
607388689663787007,0.0779916,0
607388689798004735,0.056507,0
607388689932222463,0.0733072,0
607388690066440191,0.0657727,0
607388690200657919,0.0733022,0
607388690334875647,0.0647649,0
607388691677052927,0.0806772,0
607388691811270655,0.087381,0
607388691945488383,0.0825964,0
607388692079706111,0.0885598,0
607388692213923839,0.088166,0
607388692348141567,0.0910541,0
607388692482359295,0.0838384,0
607388692750794751,0.0731041,0
607388692885012479,0.0845034,0
607388693019230207,0.0704047,0
607388693153447935,0.0827794,0
607388693287665663,0.0660496,0
607388693421883391,0.0834723,0
607388693556101119,0.0660608,0
607388693824536575,0.0758802,0
607388693958754303,0.0856659,0
607388694092972031,0.0757257,0
607388694227189759,0.0707545,0
607388694361407487,0.0838474,0
607388694495625215,0.0756154,0
607388694629842943,0.0791211,0
607388694898278399,0.078919,0
607388695032496127,0.0680022,0
607388695166713855,0.0876192,0
607388695300931583,0.0804733,0
607388695435149311,0.0802283,0
607388695569367039,0.0737236,0
607388695703584767,0.0794905,0
607388695972020223,0.0858526,0
607388696106237951,0.0858571,0
607388696240455679,0.0848371,0
607388696374673407,0.0914907,0
607388696508891135,0.0873549,0
607388696643108863,0.08363,0
607388696777326591,0.0884003,0
607388697045762047,0.0820862,0
607388697179979775,0.0701178,0
607388697314197503,0.0876316,0
607388697448415231,0.0810135,0
607388697582632959,0.0840464,0
607388697716850687,0.0788805,0
607388697851068415,0.0872386,0
607388698119503871,0.0834495,0
607388698253721599,0.0869049,0
607388698387939327,0.0867163,0
607388698522157055,0.0803746,0
607388698656374783,0.0836524,0
607388698790592511,0.0849158,0
607388698924810239,0.0844452,0
607388708856922111,0.205601,0
607388708991139839,0.21737,0
607388709125357567,0.202489,0
607388709259575295,0.208421,0
607388709393793023,0.209329,0
607388709528010751,0.213402,0
607388709662228479,0.218767,0
607388709930663935,0.210655,0
607388710064881663,0.200328,0
607388710199099391,0.211303,0
607388710333317119,0.202686,0
607388710467534847,0.208696,0
607388710601752575,0.212303,0
607388710735970303,0.204939,0
607388711004405759,0.18745,0
607388711138623487,0.21693,0
607388711272841215,0.173617,0
607388711407058943,0.19295,0
607388711541276671,0.214229,0
607388711675494399,0.215502,0
607388711809712127,0.18865,0
607388712078147583,0.206482,0
607388712212365311,0.206952,0
607388712346583039,0.203752,0
607388712480800767,0.200835,0
607388712615018495,0.213234,0
607388712749236223,0.212476,0
607388712883453951,0.20963,0
607388713151889407,0.225107,0
607388713286107135,0.224571,0
607388713420324863,0.219095,0
607388713554542591,0.228482,0
607388713688760319,0.237673,0
607388713822978047,0.232693,0
607388713957195775,0.234398,0
607388714225631231,0.226843,0
607388714359848959,0.216696,0
607388714494066687,0.215513,0
607388714628284415,0.224593,0
607388714762502143,0.223653,0
607388714896719871,0.222847,0
607388715030937599,0.223059,0
607388715299373055,0.190564,0
607388715433590783,0.217238,0
607388715567808511,0.184901,0
607388715702026239,0.191364,0
607388715836243967,0.205027,0
607388715970461695,0.214848,0
607388716104679423,0.204762,0
607388717446856703,0.19569,0
607388717581074431,0.184439,0
607388717715292159,0.190897,0
607388717849509887,0.173505,0
607388717983727615,0.197599,0
607388718117945343,0.178069,0
607388718252163071,0.179584,0
607388718520598527,0.179165,0
607388718654816255,0.181887,0
607388718789033983,0.171818,0
607388718923251711,0.1853,0
607388719057469439,0.182102,0
607388719191687167,0.180153,0
607388719325904895,0.181709,0
607388719594340351,0.155311,0
607388719728558079,0.161473,0
607388719862775807,0.162544,0
607388719996993535,0.139213,0
607388720131211263,0.172531,0
607388720265428991,0.175723,0
607388720399646719,0.161532,0
607388720668082175,0.17821,0
607388720802299903,0.160634,0
607388720936517631,0.165698,0
607388721070735359,0.159808,0
607388721204953087,0.173271,0
607388721339170815,0.171074,0
607388721473388543,0.172842,0
607388721741823999,0.199761,0
607388721876041727,0.208054,0
607388722010259455,0.201745,0
607388722144477183,0.199351,0
607388722278694911,0.212311,0
607388722412912639,0.205728,0
607388722547130367,0.199079,0
607388722815565823,0.19262,0
607388722949783551,0.185101,0
607388723084001279,0.206012,0
607388723218219007,0.183557,0
607388723352436735,0.200229,0
607388723486654463,0.193711,0
607388723620872191,0.203714,0
607388723889307647,0.187377,0
607388724023525375,0.170683,0
607388724157743103,0.202858,0
607388724291960831,0.184341,0
607388724426178559,0.192379,0
607388724560396287,0.187069,0
607388724694614015,0.196824,0
607388726036791295,0.170398,0
607388726171009023,0.174983,0
607388726305226751,0.148564,0
607388726439444479,0.172872,0
607388726573662207,0.163967,0
607388726707879935,0.173647,0
607388726842097663,0.158105,0
607388727110533119,0.157289,0
607388727244750847,0.175943,0
607388727378968575,0.164606,0
607388727513186303,0.16574,0
607388727647404031,0.161662,0
607388727781621759,0.175051,0
607388727915839487,0.171266,0
607388728184274943,0.15551,0
607388728318492671,0.156754,0
607388728452710399,0.149435,0
607388728586928127,0.153849,0
607388728721145855,0.141803,0
607388728855363583,0.154092,0
607388728989581311,0.145924,0
607388729258016767,0.154641,0
607388729392234495,0.158152,0
607388729526452223,0.141566,0
607388729660669951,0.158383,0
607388729794887679,0.158545,0
607388729929105407,0.166115,0
607388730063323135,0.159248,0
607388730331758591,0.157129,0
607388730465976319,0.175336,0
607388730600194047,0.143166,0
607388730734411775,0.164189,0
607388730868629503,0.159134,0
607388731002847231,0.177751,0
607388731137064959,0.153577,0
607388731405500415,0.16996,0
607388731539718143,0.178896,0
607388731673935871,0.167923,0
607388731808153599,0.17658,0
607388731942371327,0.181014,0
607388732076589055,0.182637,0
607388732210806783,0.181161,0
607388732479242239,0.128848,0
607388732613459967,0.153065,0
607388732747677695,0.128945,0
607388732881895423,0.139895,0
607388733016113151,0.132283,0
607388733150330879,0.150322,0
607388733284548607,0.139755,0
607388734626725887,0.182187,0
607388734760943615,0.168708,0
607388734895161343,0.178205,0
607388735029379071,0.170623,0
607388735163596799,0.185255,0
607388735297814527,0.187846,0
607388735432032255,0.18863,0
607388735700467711,0.152438,0
607388735834685439,0.139641,0
607388735968903167,0.169814,0
607388736103120895,0.145847,0
607388736237338623,0.160715,0
607388736371556351,0.155647,0
607388736505774079,0.163859,0
607388736774209535,0.176846,0
607388736908427263,0.165887,0
607388737042644991,0.181075,0
607388737176862719,0.172071,0
607388737311080447,0.179159,0
607388737445298175,0.174335,0
607388737579515903,0.169397,0
607388737847951359,0.15524,0
607388737982169087,0.143268,0
607388738116386815,0.164677,0
607388738250604543,0.143794,0
607388738384822271,0.161625,0
607388738519039999,0.157584,0
607388738653257727,0.162169,0
607388738921693183,0.187569,0
607388739055910911,0.194452,0
607388739190128639,0.186517,0
607388739324346367,0.186868,0
607388739458564095,0.186344,0
607388739592781823,0.192398,0
607388739726999551,0.191874,0
607388739995435007,0.184763,0
607388740129652735,0.166818,0
607388740263870463,0.185551,0
607388740398088191,0.174548,0
607388740532305919,0.201524,0
607388740666523647,0.190283,0
607388740800741375,0.197304,0
607388741069176831,0.176396,0
607388741203394559,0.172376,0
607388741337612287,0.163374,0
607388741471830015,0.167154,0
607388741606047743,0.181287,0
607388741740265471,0.17697,0
607388741874483199,0.171746,0
607388743216660479,0.241027,0
607388743350878207,0.241696,0
607388743485095935,0.241468,0
607388743619313663,0.241392,0
607388743753531391,0.266057,0
607388743887749119,0.247599,0
607388744021966847,0.255932,0
607388744290402303,0.233437,0
607388744424620031,0.229541,0
607388744558837759,0.236706,0
607388744693055487,0.224231,0
607388744827273215,0.241469,0
607388744961490943,0.241082,0
607388745095708671,0.250772,0
607388745364144127,0.243293,0
607388745498361855,0.246865,0
607388745632579583,0.258549,0
607388745766797311,0.232205,0
607388745901015039,0.260878,0
607388746035232767,0.242697,0
607388746169450495,0.262895,0
607388746437885951,0.221085,0
607388746572103679,0.224881,0
607388746706321407,0.233257,0
607388746840539135,0.226573,0
607388746974756863,0.226191,0
607388747108974591,0.23087,0
607388747243192319,0.240009,0
607388747511627775,0.304794,0
607388747645845503,0.288503,0
607388747780063231,0.292737,0
607388747914280959,0.280115,0
607388748048498687,0.318595,0
607388748182716415,0.294612,0
607388748316934143,0.307308,0
607388748585369599,0.266985,0
607388748719587327,0.250258,0
607388748853805055,0.262982,0
607388748988022783,0.257841,0
607388749122240511,0.284549,0
607388749256458239,0.252319,0
607388749390675967,0.275548,0
607388749659111423,0.273342,0
607388749793329151,0.272349,0
607388749927546879,0.254753,0
607388750061764607,0.276251,0
607388750195982335,0.289101,0
607388750330200063,0.273764,0
607388750464417791,0.270397,0
607388751806595071,0.196979,0
607388751940812799,0.203669,0
607388752075030527,0.210728,0
607388752209248255,0.20669,0
607388752343465983,0.190628,0
607388752477683711,0.190336,0
607388752611901439,0.202645,0
607388752880336895,0.20402,0
607388753014554623,0.210792,0
607388753148772351,0.207849,0
607388753282990079,0.210022,0
607388753417207807,0.19657,0
607388753551425535,0.203333,0
607388753685643263,0.192757,0
607388753954078719,0.210457,0
607388754088296447,0.202011,0
607388754222514175,0.211955,0
607388754356731903,0.214932,0
607388754490949631,0.20709,0
607388754625167359,0.21139,0
607388754759385087,0.210561,0
607388755027820543,0.197633,0
607388755162038271,0.190675,0
607388755296255999,0.202623,0
607388755430473727,0.19109,0
607388755564691455,0.209541,0
607388755698909183,0.192287,0
607388755833126911,0.207569,0
607388756101562367,0.186041,0
607388756235780095,0.20116,0
607388756369997823,0.206087,0
607388756504215551,0.208669,0
607388756638433279,0.197119,0
607388756772651007,0.18104,0
607388756906868735,0.221982,0
607388757175304191,0.198169,0
607388757309521919,0.205587,0
607388757443739647,0.191848,0
607388757577957375,0.206512,0
607388757712175103,0.198162,0
607388757846392831,0.202738,0
607388757980610559,0.195226,0
607388758249046015,0.217393,0
607388758383263743,0.203267,0
607388758517481471,0.224732,0
607388758651699199,0.209535,0
607388758785916927,0.216106,0
607388758920134655,0.204519,0
607388759054352383,0.228207,0
607388760396529663,0.194855,0
607388760530747391,0.21691,0
607388760664965119,0.175266,0
607388760799182847,0.198105,0
607388760933400575,0.207099,0
607388761067618303,0.228222,0
607388761201836031,0.172888,0
607388761470271487,0.216253,0
607388761604489215,0.223259,0
607388761738706943,0.208779,0
607388761872924671,0.210945,0
607388762007142399,0.238681,0
607388762141360127,0.229416,0
607388762275577855,0.227539,0
607388762544013311,0.157393,0
607388762678231039,0.16832,0
607388762812448767,0.153281,0
607388762946666495,0.152963,0
607388763080884223,0.155018,0
607388763215101951,0.16905,0
607388763349319679,0.144419,0
607388763617755135,0.178133,0
607388763751972863,0.202938,0
607388763886190591,0.176582,0
607388764020408319,0.183149,0
607388764154626047,0.199839,0
607388764288843775,0.201838,0
607388764423061503,0.191649,0
607388764691496959,0.186759,0
607388764825714687,0.206152,0
607388764959932415,0.180651,0
607388765094150143,0.181037,0
607388765228367871,0.18474,0
607388765362585599,0.207959,0
607388765496803327,0.176636,0
607388765765238783,0.232119,0
607388765899456511,0.253609,0
607388766033674239,0.217653,0
607388766167891967,0.240574,0
607388766302109695,0.246512,0
607388766436327423,0.254268,0
607388766570545151,0.230099,0
607388766838980607,0.155359,0
607388766973198335,0.163008,0
607388767107416063,0.14191,0
607388767241633791,0.14922,0
607388767375851519,0.151127,0
607388767510069247,0.168084,0
607388767644286975,0.130639,0
607388777576398847,0.0395651,0
607388777710616575,0.048238,0
607388777844834303,0.0403898,0
607388777979052031,0.0389262,0
607388778113269759,0.043776,0
607388778247487487,0.0587839,0
607388778381705215,0.0364733,0
607388778650140671,0.0561723,0
607388778784358399,0.0538562,0
607388778918576127,0.0539301,0
607388779052793855,0.0548901,0
607388779187011583,0.065491,0
607388779321229311,0.0548027,0
607388779455447039,0.060474,0
607388779723882495,0.0322895,0
607388779858100223,0.0356463,0
607388779992317951,0.0298081,0
607388780126535679,0.0296586,0
607388780260753407,0.030103,0
607388780394971135,0.031038,0
607388780529188863,0.0270925,0
607388780797624319,0.047664,0
607388780931842047,0.0553037,0
607388781066059775,0.0400619,0
607388781200277503,0.0506469,0
607388781334495231,0.0435771,0
607388781468712959,0.0497252,0
607388781602930687,0.0410228,0
607388781871366143,0.0401157,0
607388782005583871,0.0437731,0
607388782139801599,0.0370969,0
607388782274019327,0.0424501,0
607388782408237055,0.0495446,0
607388782542454783,0.0524771,0
607388782676672511,0.0437527,0
607388782945107967,0.0517489,0
607388783079325695,0.0500237,0
607388783213543423,0.0453744,0
607388783347761151,0.0478906,0
607388783481978879,0.0541406,0
607388783616196607,0.0570437,0
607388783750414335,0.0444492,0
607388784018849791,0.0303669,0
607388784153067519,0.0269792,0
607388784287285247,0.0289032,0
607388784421502975,0.02314,0
607388784555720703,0.0303703,0
607388784689938431,0.0319767,0
607388784824156159,0.0293997,0
607388786166333439,0.0470368,0
607388786300551167,0.0455879,0
607388786434768895,0.0498712,0
607388786568986623,0.0508635,0
607388786703204351,0.0380864,0
607388786837422079,0.0439177,0
607388786971639807,0.0545802,0
607388787240075263,0.0526907,0
607388787374292991,0.0533614,0
607388787508510719,0.048856,0
607388787642728447,0.0524678,0
607388787776946175,0.0485402,0
607388787911163903,0.0468479,0
607388788045381631,0.0498255,0
607388788313817087,0.0518252,0
607388788448034815,0.0502938,0
607388788582252543,0.0561737,0
607388788716470271,0.0481459,0
607388788850687999,0.0516536,0
607388788984905727,0.0485788,0
607388789119123455,0.0582225,0
607388789387558911,0.0563068,0
607388789521776639,0.0584096,0
607388789655994367,0.0537259,0
607388789790212095,0.0556312,0
607388789924429823,0.0518179,0
607388790058647551,0.0533254,0
607388790192865279,0.0493077,0
607388790461300735,0.0453743,0
607388790595518463,0.0466919,0
607388790729736191,0.0476785,0
607388790863953919,0.0496774,0
607388790998171647,0.0403166,0
607388791132389375,0.0446018,0
607388791266607103,0.0426936,0
607388791535042559,0.0370512,0
607388791669260287,0.0426652,0
607388791803478015,0.0415874,0
607388791937695743,0.0414589,0
607388792071913471,0.0375749,0
607388792206131199,0.040494,0
607388792340348927,0.0369456,0
607388792608784383,0.0539965,0
607388792743002111,0.0540463,0
607388792877219839,0.0586463,0
607388793011437567,0.0499186,0
607388793145655295,0.0552403,0
607388793279873023,0.0570308,0
607388793414090751,0.0553339,0
607388794756268031,0.0226748,0
607388794890485759,0.0244434,0
607388795024703487,0.0253189,0
607388795158921215,0.0233157,0
607388795293138943,0.0247894,0
607388795427356671,0.0213779,0
607388795561574399,0.026614,0
607388795830009855,0.0219058,0
607388795964227583,0.038894,0
607388796098445311,0.0223912,0
607388796232663039,0.0304284,0
607388796366880767,0.0240631,0
607388796501098495,0.028907,0
607388796635316223,0.0198349,0
607388796903751679,0.0261661,0
607388797037969407,0.0228044,0
607388797172187135,0.0248772,0
607388797306404863,0.0263969,0
607388797440622591,0.0224848,0
607388797574840319,0.0258711,0
607388797709058047,0.0309996,0
607388797977493503,0.0246771,0
607388798111711231,0.0372679,0
607388798245928959,0.023137,0
607388798380146687,0.0358776,0
607388798514364415,0.0236434,0
607388798648582143,0.024799,0
607388798782799871,0.0227685,0
607388799051235327,0.0303255,0
607388799185453055,0.0222497,0
607388799319670783,0.0275603,0
607388799453888511,0.0220422,0
607388799588106239,0.029081,0
607388799722323967,0.0204734,0
607388799856541695,0.0422206,0
607388800124977151,0.0253502,0
607388800259194879,0.024114,0
607388800393412607,0.0216228,0
607388800527630335,0.0201373,0
607388800661848063,0.0269872,0
607388800796065791,0.0260172,0
607388800930283519,0.0252455,0
607388801198718975,0.0262317,0
607388801332936703,0.025312,0
607388801467154431,0.0261377,0
607388801601372159,0.0286378,0
607388801735589887,0.0244884,0
607388801869807615,0.021085,0
607388802004025343,0.026786,0
607388803346202623,0.0474255,0
607388803480420351,0.0514084,0
607388803614638079,0.0419831,0
607388803748855807,0.0419293,0
607388803883073535,0.0472829,0
607388804017291263,0.0491465,0
607388804151508991,0.0394073,0
607388804419944447,0.0455356,0
607388804554162175,0.0448472,0
607388804688379903,0.0482898,0
607388804822597631,0.0351897,0
607388804956815359,0.0573164,0
607388805091033087,0.0473255,0
607388805225250815,0.0563662,0
607388805493686271,0.0369045,0
607388805627903999,0.0360406,0
607388805762121727,0.0386005,0
607388805896339455,0.0363428,0
607388806030557183,0.0325758,0
607388806164774911,0.040295,0
607388806298992639,0.0335115,0
607388806567428095,0.0379408,0
607388806701645823,0.0344581,0
607388806835863551,0.043309,0
607388806970081279,0.0245375,0
607388807104299007,0.045799,0
607388807238516735,0.0363562,0
607388807372734463,0.0422096,0
607388807641169919,0.0421511,0
607388807775387647,0.0458255,0
607388807909605375,0.0439604,0
607388808043823103,0.0371636,0
607388808178040831,0.0375134,0
607388808312258559,0.0445499,0
607388808446476287,0.0388573,0
607388808714911743,0.0566427,0
607388808849129471,0.0629919,0
607388808983347199,0.0534711,0
607388809117564927,0.0582905,0
607388809251782655,0.0592116,0
607388809386000383,0.05801,0
607388809520218111,0.0527846,0
607388809788653567,0.0327435,0
607388809922871295,0.0387634,0
607388810057089023,0.031974,0
607388810191306751,0.0344249,0
607388810325524479,0.0423926,0
607388810459742207,0.0391699,0
607388810593959935,0.0381602,0
607388811936137215,0.0581048,0
607388812070354943,0.0543075,0
607388812204572671,0.0531726,0
607388812338790399,0.0591293,0
607388812473008127,0.0527157,0
607388812607225855,0.0509224,0
607388812741443583,0.0449252,0
607388813009879039,0.0507123,0
607388813144096767,0.0475957,0
607388813278314495,0.0570853,0
607388813412532223,0.0481454,0
607388813546749951,0.0666421,0
607388813680967679,0.0522972,0
607388813815185407,0.0519406,0
607388814083620863,0.046024,0
607388814217838591,0.0434751,0
607388814352056319,0.0434759,0
607388814486274047,0.0416557,0
607388814620491775,0.0474149,0
607388814754709503,0.0525141,0
607388814888927231,0.0381025,0
607388815157362687,0.052585,0
607388815291580415,0.0506025,0
607388815425798143,0.0587575,0
607388815560015871,0.0531022,0
607388815694233599,0.0638594,0
607388815828451327,0.0534233,0
607388815962669055,0.0629073,0
607388816231104511,0.0590069,0
607388816365322239,0.0566682,0
607388816499539967,0.0505457,0
607388816633757695,0.0449188,0
607388816767975423,0.0625051,0
607388816902193151,0.0653366,0
607388817036410879,0.0502279,0
607388817304846335,0.0671906,0
607388817439064063,0.054464,0
607388817573281791,0.0651124,0
607388817707499519,0.0633025,0
607388817841717247,0.0659238,0
607388817975934975,0.0641039,0
607388818110152703,0.0572036,0
607388818378588159,0.0445694,0
607388818512805887,0.0445783,0
607388818647023615,0.0365647,0
607388818781241343,0.0382924,0
607388818915459071,0.0463787,0
607388819049676799,0.0509019,0
607388819183894527,0.0398274,0
607388820526071807,0.0370985,0
607388820660289535,0.0412893,0
607388820794507263,0.0393924,0
607388820928724991,0.0365938,0
607388821062942719,0.044021,0
607388821197160447,0.0405625,0
607388821331378175,0.042645,0
607388821599813631,0.0294856,0
607388821734031359,0.038043,0
607388821868249087,0.030673,0
607388822002466815,0.0333053,0
607388822136684543,0.0417986,0
607388822270902271,0.0349097,0
607388822405119999,0.0373764,0
607388822673555455,0.0427921,0
607388822807773183,0.0371321,0
607388822941990911,0.0558327,0
607388823076208639,0.0404419,0
607388823210426367,0.0454601,0
607388823344644095,0.0355773,0
607388823478861823,0.0469649,0
607388823747297279,0.0340723,0
607388823881515007,0.0453041,0
607388824015732735,0.035919,0
607388824149950463,0.0449002,0
607388824284168191,0.0303044,0
607388824418385919,0.0345229,0
607388824552603647,0.0364166,0
607388824821039103,0.0478558,0
607388824955256831,0.0482678,0
607388825089474559,0.048235,0
607388825223692287,0.0499279,0
607388825357910015,0.0575477,0
607388825492127743,0.0544639,0
607388825626345471,0.0515109,0
607388825894780927,0.0449278,0
607388826028998655,0.0474563,0
607388826163216383,0.044221,0
607388826297434111,0.0468958,0
607388826431651839,0.0495344,0
607388826565869567,0.0498126,0
607388826700087295,0.0401887,0
607388826968522751,0.0434824,0
607388827102740479,0.041708,0
607388827236958207,0.0529638,0
607388827371175935,0.0504267,0
607388827505393663,0.0452415,0
607388827639611391,0.0465579,0
607388827773829119,0.0441609,0
607388829116006399,0.0243853,0
607388829250224127,0.0242193,0
607388829384441855,0.0390014,0
607388829518659583,0.0313011,0
607388829652877311,0.0319482,0
607388829787095039,0.0257784,0
607388829921312767,0.0336708,0
607388830189748223,0.0249168,0
607388830323965951,0.0267443,0
607388830458183679,0.0229579,0
607388830592401407,0.0229732,0
607388830726619135,0.0325451,0
607388830860836863,0.0410003,0
607388830995054591,0.0244285,0
607388831263490047,0.0504779,0
607388831397707775,0.0258825,0
607388831531925503,0.0318659,0
607388831666143231,0.0534881,0
607388831800360959,0.0289071,0
607388831934578687,0.0331886,0
607388832068796415,0.0322417,0
607388832337231871,0.0232147,0
607388832471449599,0.0271052,0
607388832605667327,0.0208886,0
607388832739885055,0.0208222,0
607388832874102783,0.0212098,0
607388833008320511,0.0251622,0
607388833142538239,0.0242002,0
607388833410973695,0.0324756,0
607388833545191423,0.0341656,0
607388833679409151,0.031943,0
607388833813626879,0.032831,0
607388833947844607,0.0411052,0
607388834082062335,0.0399435,0
607388834216280063,0.0369079,0
607388834484715519,0.0312248,0
607388834618933247,0.0258692,0
607388834753150975,0.0341925,0
607388834887368703,0.0300864,0
607388835021586431,0.0370406,0
607388835155804159,0.0277493,0
607388835290021887,0.0373039,0
607388835558457343,0.0292183,0
607388835692675071,0.0361244,0
607388835826892799,0.0296394,0
607388835961110527,0.0339631,0
607388836095328255,0.0305519,0
607388836229545983,0.0320308,0
607388836363763711,0.0290187,0
607389513626419199,0.0366864,0
607389513760636927,0.0363295,0
607389533490642943,0.139421,0
607389533624860671,0.148233,0
607389534027513855,0.130913,0
607389534161731583,0.149616,0
607389534295949311,0.126788,0
607389534564384767,0.145494,0
607389534698602495,0.146548,0
607389534832820223,0.149769,0
607389534967037951,0.147235,0
607389535101255679,0.14791,0
607389535235473407,0.143425,0
607389535369691135,0.15309,0
607389537248739327,0.147385,0
607389537382957055,0.150973,0
607389537785610239,0.0851465,0
607389537919827967,0.105679,0
607389538054045695,0.0920135,0
607389538188263423,0.106104,0
607389538322481151,0.08151,0
607389538456698879,0.0867659,0
607389538590916607,0.0792074,0
607389538859352063,0.140238,0
607389538993569791,0.150834,0
607389539127787519,0.138179,0
607389539262005247,0.154573,0
607389539396222975,0.119208,0
607389539530440703,0.147037,0
607389539664658431,0.11415,0
607389542080577535,0.130404,0
607389542214795263,0.134266,0
607389542349012991,0.128519,0
607389542483230719,0.127315,0
607389542617448447,0.122866,0
607389542751666175,0.129902,0
607389542885883903,0.127116,0
607389543154319359,0.140779,0
607389543288537087,0.152559,0
607389543422754815,0.14306,0
607389543556972543,0.140713,0
607389543691190271,0.137391,0
607389543825407999,0.147019,0
607389543959625727,0.131484,0
607389544764932095,0.127601,0
607389544899149823,0.125397,0
607389545301803007,0.148949,0
607389545436020735,0.152218,0
607389545570238463,0.14598,0
607389545704456191,0.151629,0
607389545838673919,0.13899,0
607389545972891647,0.150021,0
607389546107109375,0.127917,0
607389546375544831,0.140842,0
607389546509762559,0.129532,0
607389546643980287,0.144307,0
607389546778198015,0.140713,0
607389546912415743,0.137079,0
607389547046633471,0.131424,0
607389547180851199,0.142298,0
607389547449286655,0.126711,0
607389547583504383,0.129054,0
607389547717722111,0.126531,0
607389547851939839,0.125268,0
607389547986157567,0.124372,0
607389548120375295,0.126107,0
607389548254593023,0.123309,0
607389548523028479,0.135099,0
607389548657246207,0.120155,0
607389548925681663,0.131083,0
607389549059899391,0.136863,0
607389549194117119,0.133756,0
607389549328334847,0.138546,0
607389567850381311,0.057536,0
607389567984599039,0.0726444,0
607389568118816767,0.0515299,0
607389568253034495,0.0751115,0
607389568387252223,0.0504614,0
607389568521469951,0.052654,0
607389568655687679,0.0496495,0
607389568924123135,0.0740729,0
607389569058340863,0.0854386,0
607389569192558591,0.0765737,0
607389569326776319,0.0841841,0
607389569460994047,0.0693584,0
607389569595211775,0.0692668,0
607389569729429503,0.0761014,0
607389569997864959,0.0574587,0
607389570132082687,0.082497,0
607389570266300415,0.0587035,0
607389570400518143,0.0797642,0
607389570534735871,0.0512709,0
607389570668953599,0.0661204,0
607389570803171327,0.049693,0
607389571071606783,0.0809071,0
607389571205824511,0.0984749,0
607389571340042239,0.0881049,0
607389571474259967,0.0923284,0
607389571608477695,0.0757651,0
607389571742695423,0.0842377,0
607389571876913151,0.0804892,0
607389572145348607,0.0369741,0
607389572279566335,0.0426818,0
607389572413784063,0.0385952,0
607389572548001791,0.0421795,0
607389572682219519,0.0312493,0
607389572816437247,0.0377585,0
607389572950654975,0.0364381,0
607389573219090431,0.0486723,0
607389573353308159,0.0629163,0
607389573487525887,0.0481461,0
607389573621743615,0.0654826,0
607389573755961343,0.0449198,0
607389573890179071,0.0465628,0
607389574024396799,0.0463808,0
607389574292832255,0.0403996,0
607389574427049983,0.0580922,0
607389574561267711,0.0418497,0
607389574695485439,0.0505622,0
607389574829703167,0.0330322,0
607389574963920895,0.040552,0
607389575098138623,0.0353034,0
607389576440315903,0.127918,0
607389576574533631,0.13503,0
607389576708751359,0.141005,0
607389576842969087,0.138553,0
607389576977186815,0.14233,0
607389577111404543,0.124591,0
607389577245622271,0.147147,0
607389577514057727,0.119087,0
607389577648275455,0.12564,0
607389577782493183,0.128805,0
607389577916710911,0.128879,0
607389578050928639,0.132225,0
607389578185146367,0.121657,0
607389578319364095,0.134442,0
607389578587799551,0.147076,0
607389578722017279,0.141168,0
607389578856235007,0.147979,0
607389578990452735,0.144674,0
607389579124670463,0.145653,0
607389579258888191,0.138779,0
607389579393105919,0.152402,0
607389579661541375,0.127203,0
607389579795759103,0.123314,0
607389579929976831,0.138692,0
607389580064194559,0.126782,0
607389580198412287,0.143913,0
607389580332630015,0.126317,0
607389580466847743,0.140518,0
607389580735283199,0.116089,0
607389580869500927,0.127292,0
607389581003718655,0.110554,0
607389581137936383,0.134372,0
607389581272154111,0.0908555,0
607389581406371839,0.11575,0
607389581540589567,0.0900389,0
607389581809025023,0.119608,0
607389581943242751,0.123668,0
607389582077460479,0.134693,0
607389582211678207,0.127169,0
607389582345895935,0.121233,0
607389582480113663,0.114653,0
607389582614331391,0.133184,0
607389582882766847,0.133738,0
607389583016984575,0.148616,0
607389583151202303,0.131792,0
607389583285420031,0.145973,0
607389583419637759,0.107313,0
607389583553855487,0.141345,0
607389583688073215,0.108166,0
607389586103992319,0.0698641,0
607389586238210047,0.08009,0
607389586640863231,0.0545439,0
607389586775080959,0.0767632,0
607389589459435519,0.0341635,0
607389589862088703,0.0447217,0
607389589996306431,0.0431268,0
607389590398959615,0.045867,0
607389590533177343,0.0523521,0
607389590667395071,0.0451493,0
607389590801612799,0.0536746,0
607389590935830527,0.0409114,0
607389591070048255,0.0471631,0
607389591204265983,0.0346591,0
607389741259685887,0.0291128,0
607389741393903615,0.0278416,0
607389744480911359,0.0408415,0
607389744615129087,0.0459022,0
607389745017782271,0.0375424,0
607389745151999999,0.0329707,0
607389745420435455,0.0383752,0
607389745554653183,0.031999,0
607389745688870911,0.0403479,0
607389745823088639,0.0305753,0
607389748239007743,0.0183481,0
607389748373225471,0.0189632,0
607389748775878655,0.0257422,0
607389748910096383,0.0205886,0
607389749312749567,0.0196384,0
607389749446967295,0.03037,0
607389749581185023,0.0318155,0
607389749715402751,0.0189865,0
607389749849620479,0.0426303,0
607389749983838207,0.0333439,0
607389750118055935,0.0198628,0
607389752533975039,0.0437548,0
607389752668192767,0.0421689,0
607389752802410495,0.0413126,0
607389752936628223,0.0431938,0
607389753070845951,0.0463229,0
607389753205063679,0.0476843,0
607389753339281407,0.0302611,0
607389753607716863,0.0283024,0
607389753741934591,0.0381201,0
607389753876152319,0.0469909,0
607389754010370047,0.0447159,0
607389754144587775,0.0459208,0
607389754278805503,0.0324432,0
607389754413023231,0.0332554,0
607389774008811519,0.033315,0
607389774143029247,0.0289809,0
607389774277246975,0.028166,0
607389774411464703,0.0416788,0
607389774545682431,0.0363862,0
607389774679900159,0.0326952,0
607389774814117887,0.0414029,0
607389775082553343,0.0287517,0
607389775216771071,0.0270229,0
607389775350988799,0.0307091,0
607389775485206527,0.0282238,0
607389775619424255,0.0201284,0
607389775753641983,0.0333781,0
607389775887859711,0.0239573,0
607389776156295167,0.0407373,0
607389776290512895,0.0325357,0
607389776693166079,0.0531999,0
607389776827383807,0.0416279,0
607389776961601535,0.0529718,0
607389777230036991,0.043666,0
607389777364254719,0.0316366,0
607389777498472447,0.0374698,0
607389777632690175,0.0331288,0
607389777766907903,0.031748,0
607389777901125631,0.0321987,0
607389778035343359,0.0308031,0
607389778303778815,0.0367152,0
607389778437996543,0.0223521,0
607389778572214271,0.0227888,0
607389778706431999,0.0294695,0
607389778840649727,0.0205694,0
607389778974867455,0.0221957,0
607389779109085183,0.0204465,0
607389779377520639,0.0386718,0
607389779511738367,0.0746293,0
607389779645956095,0.0417811,0
607389779780173823,0.0230902,0
607389779914391551,0.0340423,0
607389780048609279,0.0225408,0
607389780182827007,0.0251417,0
607389780451262463,0.042637,0
607389780585480191,0.0350243,0
607389780719697919,0.0347755,0
607389780853915647,0.0297812,0
607389780988133375,0.0306741,0
607389781122351103,0.0293284,0
607389781256568831,0.0319162,0
607389782598746111,0.0308005,0
607389782732963839,0.0327144,0
607389782867181567,0.0270867,0
607389783001399295,0.0293597,0
607389783135617023,0.0333753,0
607389783269834751,0.0340082,0
607389783404052479,0.0323086,0
607389783672487935,0.031026,0
607389783806705663,0.0418043,0
607389783940923391,0.0481547,0
607389784075141119,0.0406547,0
607389784209358847,0.0472691,0
607389784343576575,0.0332003,0
607389784477794303,0.027517,0
607389784746229759,0.0280948,0
607389784880447487,0.0309185,0
607389785014665215,0.0451318,0
607389785148882943,0.0310057,0
607389785283100671,0.031942,0
607389785417318399,0.0301336,0
607389785551536127,0.0322836,0
607389785819971583,0.0298503,0
607389785954189311,0.0421618,0
607389786088407039,0.0305219,0
607389786222624767,0.0501191,0
607389786356842495,0.0514552,0
607389786491060223,0.0416205,0
607389786625277951,0.0297392,0
607389786893713407,0.0301508,0
607389787027931135,0.0367256,0
607389787162148863,0.0301298,0
607389787296366591,0.0347563,0
607389787430584319,0.0267553,0
607389787564802047,0.0335648,0
607389787699019775,0.0245597,0
607389787967455231,0.0261035,0
607389788101672959,0.0377263,0
607389788235890687,0.0356964,0
607389788370108415,0.0314449,0
607389788504326143,0.02875,0
607389788638543871,0.029206,0
607389788772761599,0.0330993,0
607389789041197055,0.0347078,0
607389789175414783,0.032277,0
607389789309632511,0.0344685,0
607389789443850239,0.0377983,0
607389789578067967,0.0280522,0
607389789712285695,0.0324686,0
607389789846503423,0.0291115,0
607389797228478463,0.0442172,0
607389808368549887,0.0293397,0
607389808502767615,0.0343756,0
607389808636985343,0.0285236,0
607389808771203071,0.0361904,0
607389808905420799,0.0254032,0
607389809039638527,0.0277772,0
607389809173856255,0.0253552,0
607389809442291711,0.0341071,0
607389809576509439,0.0335139,0
607389809710727167,0.0365089,0
607389809844944895,0.0381037,0
607389809979162623,0.0342871,0
607389810113380351,0.0332902,0
607389810247598079,0.0339025,0
607389810516033535,0.0274229,0
607389810650251263,0.0321892,0
607389810784468991,0.0299998,0
607389810918686719,0.0322394,0
607389811052904447,0.0248045,0
607389811187122175,0.0335443,0
607389811321339903,0.0230797,0
607389811589775359,0.0377946,0
607389811723993087,0.0385746,0
607389811858210815,0.040175,0
607389811992428543,0.0415329,0
607389812126646271,0.0357975,0
607389812260863999,0.037913,0
607389812395081727,0.040595,0
607389812663517183,0.0193813,0
607389812797734911,0.0203789,0
607389812931952639,0.0267092,0
607389813066170367,0.0268751,0
607389813200388095,0.0219801,0
607389813334605823,0.0166311,0
607389813468823551,0.0265391,0
607389813737259007,0.0294955,0
607389813871476735,0.0387641,0
607389814005694463,0.0223443,0
607389814139912191,0.0381467,0
607389814274129919,0.0206013,0
607389814408347647,0.0303774,0
607389814542565375,0.0220463,0
607389814811000831,0.0188366,0
607389814945218559,0.0237985,0
607389815079436287,0.0348485,0
607389815213654015,0.0271533,0
607389815347871743,0.0208321,0
607389815482089471,0.0226779,0
607389815616307199,0.0332021,0
607389816958484479,0.0268613,0
607389817092702207,0.030404,0
607389817226919935,0.0305967,0
607389817361137663,0.0334795,0
607389817495355391,0.027348,0
607389817629573119,0.0372326,0
607389817763790847,0.0293467,0
607389818032226303,0.0358993,0
607389818166444031,0.0380585,0
607389818300661759,0.0328881,0
607389818434879487,0.040769,0
607389818569097215,0.0346927,0
607389818703314943,0.0414207,0
607389818837532671,0.0304976,0
607389819105968127,0.0372456,0
607389819240185855,0.0328612,0
607389819374403583,0.0294689,0
607389819508621311,0.0376619,0
607389819642839039,0.0318591,0
607389819777056767,0.0331258,0
607389819911274495,0.0309055,0
607389820179709951,0.036155,0
607389820313927679,0.0393849,0
607389820448145407,0.0328718,0
607389820582363135,0.0431791,0
607389820716580863,0.0297246,0
607389820850798591,0.040062,0
607389820985016319,0.0325587,0
607389821253451775,0.0354587,0
607389821387669503,0.0277777,0
607389821521887231,0.0306852,0
607389821656104959,0.0274395,0
607389821790322687,0.0369766,0
607389821924540415,0.0383825,0
607389822058758143,0.0384798,0
607389822327193599,0.0344503,0
607389822461411327,0.0304537,0
607389822595629055,0.0414231,0
607389822729846783,0.0286276,0
607389822864064511,0.0411677,0
607389822998282239,0.0280472,0
607389823132499967,0.0360775,0
607389823400935423,0.0430777,0
607389823535153151,0.0369894,0
607389823669370879,0.0406059,0
607389823803588607,0.0366998,0
607389823937806335,0.0394045,0
607389824072024063,0.0375661,0
607389824206241791,0.0383661,0
607389825548419071,0.0147355,0
607389825682636799,0.0201406,0
607389825816854527,0.0375595,0
607389825951072255,0.0192625,0
607389826085289983,0.0159206,0
607389826219507711,0.014021,0
607389826353725439,0.0295896,0
607389826622160895,0.0359242,0
607389826756378623,0.0325053,0
607389826890596351,0.0365453,0
607389827024814079,0.0459507,0
607389827159031807,0.0313046,0
607389827293249535,0.0336006,0
607389827427467263,0.0446942,0
607389828366991359,0.0397134,0
607389828769644543,0.0432407,0
607389828903862271,0.0372602,0
607389829306515455,0.0473263,0
607389829440733183,0.042031,0
607389829574950911,0.0415023,0
607389829843386367,0.0303681,0
607389829977604095,0.0301793,0
607389830111821823,0.0298149,0
607389830246039551,0.0315463,0
607389830380257279,0.0327184,0
607389830514475007,0.0308286,0
607389830648692735,0.0319676,0
607389830917128191,0.0327783,0
607389831051345919,0.0250619,0
607389831185563647,0.0142656,0
607389831319781375,0.0365783,0
607389831453999103,0.0157355,0
607389831588216831,0.0299865,0
607389831722434559,0.0292693,0
607389831990870015,0.0321317,0
607389832125087743,0.0344567,0
607389832527740927,0.0302237,0
607389832661958655,0.0301475,0
607389832796176383,0.0340628,0
607389834138353663,0.044224,0
607389834272571391,0.0456322,0
607389834406789119,0.0438198,0
607389834541006847,0.0430744,0
607389834675224575,0.0426738,0
607389834809442303,0.0434069,0
607389834943660031,0.0402763,0
607389835212095487,0.035373,0
607389835346313215,0.0371103,0
607389835480530943,0.0453673,0
607389835614748671,0.0374182,0
607389835748966399,0.0437207,0
607389835883184127,0.0350971,0
607389836017401855,0.045496,0
607389836285837311,0.0460198,0
607389836420055039,0.0465038,0
607389836554272767,0.0381945,0
607389836688490495,0.0456047,0
607389836822708223,0.0419167,0
607389836956925951,0.0428122,0
607389837091143679,0.0377297,0
607389837359579135,0.0507323,0
607389837493796863,0.0372836,0
607389837628014591,0.0400271,0
607389837762232319,0.0405014,0
607389837896450047,0.0475582,0
607389838030667775,0.0433438,0
607389838164885503,0.0473068,0
607389838433320959,0.035413,0
607389838567538687,0.0412704,0
607389838701756415,0.0374343,0
607389838835974143,0.0353231,0
607389838970191871,0.0364967,0
607389839104409599,0.0345272,0
607389839238627327,0.0340571,0
607389839507062783,0.0427361,0
607389839641280511,0.0428677,0
607389839775498239,0.0433153,0
607389839909715967,0.0446904,0
607389840043933695,0.0381898,0
607389840178151423,0.0411835,0
607389840312369151,0.0423595,0
607389840580804607,0.0376391,0
607389840715022335,0.0427589,0
607389840849240063,0.0370415,0
607389840983457791,0.0338288,0
607389841117675519,0.0374583,0
607389841251893247,0.0387524,0
607389841386110975,0.037281,0
607389842728288255,0.0228833,0
607389842862505983,0.0230783,0
607389842996723711,0.042386,0
607389843130941439,0.0253267,0
607389843265159167,0.0282054,0
607389843399376895,0.0183145,0
607389843533594623,0.0445042,0
607389843802030079,0.0234927,0
607389843936247807,0.0188754,0
607389844070465535,0.025943,0
607389844204683263,0.020344,0
607389844338900991,0.0271053,0
607389844473118719,0.0220905,0
607389844607336447,0.0214125,0
607389844875771903,0.0288655,0
607389845009989631,0.0232688,0
607389845144207359,0.0171349,0
607389845278425087,0.024243,0
607389845412642815,0.0270097,0
607389845546860543,0.0259362,0
607389845681078271,0.0156126,0
607389845949513727,0.0236063,0
607389846083731455,0.0198685,0
607389846217949183,0.0215883,0
607389846352166911,0.0187683,0
607389846486384639,0.0234808,0
607389846620602367,0.0168792,0
607389846754820095,0.0188845,0
607389847023255551,0.0302042,0
607389847157473279,0.0266489,0
607389847291691007,0.0207844,0
607389847425908735,0.0434344,0
607389847560126463,0.0202717,0
607389847694344191,0.0246405,0
607389847828561919,0.01723,0
607389848096997375,0.0202084,0
607389848231215103,0.0273227,0
607389848365432831,0.0192423,0
607389848499650559,0.0220996,0
607389848633868287,0.0189012,0
607389848768086015,0.02508,0
607389848902303743,0.0210907,0
607389849170739199,0.0178671,0
607389849304956927,0.0400179,0
607389849439174655,0.0163011,0
607389849573392383,0.0187469,0
607389849707610111,0.0187166,0
607389849841827839,0.0263451,0
607389849976045567,0.0163113,0
607389851318222847,0.0352087,0
607389851452440575,0.0389563,0
607389851586658303,0.0369439,0
607389851720876031,0.0388967,0
607389851855093759,0.0349086,0
607389851989311487,0.0325504,0
607389852123529215,0.0361212,0
607389852391964671,0.0384074,0
607389852526182399,0.0385202,0
607389852660400127,0.035576,0
607389852794617855,0.0384295,0
607389852928835583,0.0345608,0
607389853063053311,0.0383926,0
607389853197271039,0.0394312,0
607389853465706495,0.0371004,0
607389853599924223,0.0364757,0
607389853734141951,0.0340638,0
607389853868359679,0.0354364,0
607389854002577407,0.0309454,0
607389854136795135,0.0361283,0
607389854271012863,0.0361084,0
607389854539448319,0.0417929,0
607389854673666047,0.0420192,0
607389854807883775,0.0339068,0
607389854942101503,0.039042,0
607389855076319231,0.0352071,0
607389855210536959,0.0401581,0
607389855344754687,0.0352193,0
607389855613190143,0.0247025,0
607389855747407871,0.0298645,0
607389855881625599,0.0247376,0
607389856015843327,0.0363582,0
607389856150061055,0.0262572,0
607389856284278783,0.0286083,0
607389856418496511,0.0273042,0
607389856686931967,0.0336424,0
607389856821149695,0.038124,0
607389856955367423,0.0367114,0
607389857089585151,0.0361034,0
607389857223802879,0.0382757,0
607389857358020607,0.0372712,0
607389857492238335,0.0363191,0
607389857760673791,0.0247138,0
607389857894891519,0.0372079,0
607389858029109247,0.0255496,0
607389858163326975,0.0302805,0
607389858297544703,0.0226375,0
607389858431762431,0.0244025,0
607389858565980159,0.0205487,0
607389859908157439,0.026764,0
607389860042375167,0.0322933,0
607389860176592895,0.033859,0
607389860310810623,0.0330867,0
607389860445028351,0.0298081,0
607389860579246079,0.0323331,0
607389860713463807,0.0342693,0
607389860981899263,0.0228091,0
607389861116116991,0.021968,0
607389861250334719,0.0307909,0
607389861384552447,0.0216351,0
607389861518770175,0.0226778,0
607389861652987903,0.0200914,0
607389861787205631,0.0270126,0
607389862055641087,0.0378558,0
607389862189858815,0.0122714,0
607389862324076543,0.026109,0
607389862458294271,0.0343939,0
607389862592511999,0.0370434,0
607389862726729727,0.0147817,0
607389862860947455,0.028381,0
607389863129382911,0.0157329,0
607389863263600639,0.0120697,0
607389863397818367,0.0161615,0
607389863532036095,0.0143984,0
607389863666253823,0.0312215,0
607389863800471551,0.0307948,0
607389863934689279,0.0158028,0
607389864203124735,0.0247795,0
607389864337342463,0.0181574,0
607389864471560191,0.0440745,0
607389864605777919,0.0262944,0
607389864739995647,0.0276789,0
607389864874213375,0.0256352,0
607389865008431103,0.0254379,0
607389865276866559,0.0202443,0
607389865411084287,0.0148986,0
607389865545302015,0.0241536,0
607389865679519743,0.0266672,0
607389865813737471,0.0168165,0
607389865947955199,0.0149933,0
607389866082172927,0.0210967,0
607389866350608383,0.040639,0
607389866484826111,0.0336879,0
607389866619043839,0.0355427,0
607389866753261567,0.0282909,0
607389866887479295,0.027116,0
607389867021697023,0.0261091,0
607389867155914751,0.0417937,0
607390564282793983,0.0706588,0
607390564417011711,0.062853,0
607390564551229439,0.0722981,0
607390564685447167,0.0660946,0
607390564819664895,0.0764569,0
607390564953882623,0.0715071,0
607390565088100351,0.0698602,0
607390565356535807,0.0685508,0
607390565490753535,0.0689898,0
607390565624971263,0.0647675,0
607390565759188991,0.0644797,0
607390565893406719,0.0699767,0
607390566027624447,0.0663956,0
607390566161842175,0.0677028,0
607390566430277631,0.0743243,0
607390566564495359,0.0686946,0
607390566698713087,0.0778912,0
607390566832930815,0.0861421,0
607390566967148543,0.0676095,0
607390567101366271,0.0685907,0
607390567235583999,0.0751405,0
607390567504019455,0.0645659,0
607390567638237183,0.0602153,0
607390567772454911,0.0616463,0
607390567906672639,0.0619261,0
607390568040890367,0.0604429,0
607390568175108095,0.061172,0
607390568309325823,0.0628777,0
607390568577761279,0.0832272,0
607390568711979007,0.0757478,0
607390568846196735,0.0786614,0
607390568980414463,0.0747486,0
607390569114632191,0.0844502,0
607390569248849919,0.0823107,0
607390569383067647,0.0822714,0
607390569651503103,0.0690754,0
607390569785720831,0.0671598,0
607390569919938559,0.0749501,0
607390570054156287,0.0698086,0
607390570188374015,0.0727894,0
607390570322591743,0.0585186,0
607390570456809471,0.0747778,0
607390570725244927,0.0702478,0
607390570859462655,0.0671734,0
607390570993680383,0.067935,0
607390571127898111,0.0653388,0
607390571262115839,0.072342,0
607390571396333567,0.0726019,0
607390571530551295,0.0649364,0
607390572872728575,0.0689002,0
607390573006946303,0.0764304,0
607390573141164031,0.0682088,0
607390573275381759,0.0728534,0
607390573409599487,0.0780883,0
607390573543817215,0.070517,0
607390573678034943,0.0818852,0
607390573946470399,0.089936,0
607390574080688127,0.0894611,0
607390574214905855,0.0814793,0
607390574349123583,0.080844,0
607390574483341311,0.0788342,0
607390574617559039,0.0792684,0
607390574751776767,0.0820264,0
607390575020212223,0.0616497,0
607390575154429951,0.0623894,0
607390575288647679,0.0634545,0
607390575422865407,0.0574023,0
607390575557083135,0.064315,0
607390575691300863,0.0654759,0
607390575825518591,0.0579931,0
607390576093954047,0.0703581,0
607390576228171775,0.0691635,0
607390576362389503,0.0608939,0
607390576496607231,0.0669731,0
607390576630824959,0.0738594,0
607390576765042687,0.0836772,0
607390576899260415,0.0632522,0
607390577167695871,0.0715185,0
607390577301913599,0.117543,0
607390577436131327,0.0693654,0
607390577570349055,0.140069,0
607390577704566783,0.060827,0
607390577838784511,0.0715126,0
607390577973002239,0.06869,0
607390578241437695,0.0678264,0
607390578375655423,0.0636237,0
607390578509873151,0.0742348,0
607390578644090879,0.064823,0
607390578778308607,0.108122,0
607390578912526335,0.0647242,0
607390579046744063,0.109992,0
607390579315179519,0.0897783,0
607390579449397247,0.0778668,0
607390579583614975,0.107634,0
607390579717832703,0.0729678,0
607390579852050431,0.0702552,0
607390579986268159,0.122179,0
607390580120485887,0.0665581,0
607390581462663167,0.0724322,0
607390581596880895,0.0753636,0
607390581731098623,0.0717806,0
607390581865316351,0.0699312,0
607390581999534079,0.0756317,0
607390582133751807,0.0724647,0
607390582267969535,0.0699737,0
607390582536404991,0.085172,0
607390582670622719,0.0706194,0
607390582804840447,0.082256,0
607390582939058175,0.0832587,0
607390583073275903,0.0787027,0
607390583207493631,0.0705141,0
607390583341711359,0.0784728,0
607390583610146815,0.0659786,0
607390583744364543,0.0675021,0
607390583878582271,0.073891,0
607390584012799999,0.0719646,0
607390584147017727,0.066477,0
607390584281235455,0.0705571,0
607390584415453183,0.0631971,0
607390584683888639,0.0906148,0
607390584818106367,0.0909143,0
607390584952324095,0.0766548,0
607390585086541823,0.0906386,0
607390585220759551,0.0793262,0
607390585354977279,0.0878828,0
607390585489195007,0.0723118,0
607390585757630463,0.083065,0
607390585891848191,0.0809356,0
607390586026065919,0.0877228,0
607390586160283647,0.0888554,0
607390586294501375,0.0826441,0
607390586428719103,0.0763799,0
607390586562936831,0.0846807,0
607390586831372287,0.07138,0
607390586965590015,0.0725171,0
607390587099807743,0.06989,0
607390587234025471,0.0704902,0
607390587368243199,0.071688,0
607390587502460927,0.0731589,0
607390587636678655,0.0647908,0
607390587905114111,0.134211,0
607390588039331839,0.0794295,0
607390588173549567,0.11118,0
607390588307767295,0.0776859,0
607390588441985023,0.091502,0
607390588576202751,0.0868099,0
607390588710420479,0.0854435,0
607390590052597759,0.0727579,0
607390590186815487,0.0620203,0
607390590321033215,0.0740078,0
607390590455250943,0.0667265,0
607390590589468671,0.0708873,0
607390590723686399,0.0683661,0
607390590857904127,0.0770935,0
607390591126339583,0.0519274,0
607390591260557311,0.0585127,0
607390591394775039,0.0437226,0
607390591528992767,0.0627416,0
607390591663210495,0.0632742,0
607390591797428223,0.0539201,0
607390591931645951,0.053471,0
607390592200081407,0.0775368,0
607390592334299135,0.0655366,0
607390592468516863,0.071132,0
607390592602734591,0.0753212,0
607390592736952319,0.0799463,0
607390592871170047,0.0782853,0
607390593005387775,0.0799355,0
607390593273823231,0.0665364,0
607390593408040959,0.069627,0
607390593542258687,0.0642245,0
607390593676476415,0.0628555,0
607390593810694143,0.0517957,0
607390593944911871,0.06555,0
607390594079129599,0.0585888,0
607390594347565055,0.0671102,0
607390594481782783,0.0651343,0
607390594616000511,0.0663976,0
607390594750218239,0.0668262,0
607390594884435967,0.0638113,0
607390595018653695,0.0686483,0
607390595152871423,0.0639602,0
607390595421306879,0.0696978,0
607390595555524607,0.0567662,0
607390595689742335,0.0724888,0
607390595823960063,0.0610915,0
607390595958177791,0.0866846,0
607390596092395519,0.0717791,0
607390596226613247,0.0723586,0
607390596495048703,0.0982717,0
607390596629266431,0.0751078,0
607390596763484159,0.0999711,0
607390596897701887,0.0865601,0
607390597031919615,0.0726194,0
607390597166137343,0.077063,0
607390597300355071,0.0800704,0
607390598642532351,0.082281,0
607390598776750079,0.0811837,0
607390598910967807,0.07622,0
607390599045185535,0.0742601,0
607390599179403263,0.0835975,0
607390599313620991,0.0807685,0
607390599447838719,0.0754486,0
607390599716274175,0.107043,0
607390599850491903,0.0695762,0
607390599984709631,0.0867924,0
607390600118927359,0.0646703,0
607390600253145087,0.111535,0
607390600387362815,0.0704277,0
607390600521580543,0.0752645,0
607390600790015999,0.0842038,0
607390600924233727,0.079257,0
607390601058451455,0.0927556,0
607390601192669183,0.0903756,0
607390601326886911,0.0746822,0
607390601461104639,0.075935,0
607390601595322367,0.0821461,0
607390601863757823,0.0711913,0
607390601997975551,0.0655819,0
607390602132193279,0.0720235,0
607390602266411007,0.0678286,0
607390602400628735,0.0707611,0
607390602534846463,0.081591,0
607390602669064191,0.0717866,0
607390602937499647,0.0617248,0
607390603071717375,0.0764109,0
607390603205935103,0.0581247,0
607390603340152831,0.0760328,0
607390603608588287,0.0644385,0
607390604011241471,0.0633955,0
607390604145459199,0.0800395,0
607390604279676927,0.076285,0
607390604413894655,0.0777969,0
607390604548112383,0.0545954,0
607390604682330111,0.0675099,0
607390604816547839,0.0577522,0
607390605084983295,0.0562991,0
607390605219201023,0.0815006,0
607390605353418751,0.0530961,0
607390605487636479,0.0848671,0
607390605756071935,0.0741646,0
607390607232466943,0.0644628,0
607390607366684671,0.0689779,0
607390607500902399,0.0611227,0
607390607635120127,0.0581258,0
607390607769337855,0.0639338,0
607390607903555583,0.067407,0
607390608037773311,0.0570931,0
607390608306208767,0.0701951,0
607390608440426495,0.0839862,0
607390608574644223,0.0656475,0
607390608708861951,0.0712801,0
607390608843079679,0.0674368,0
607390608977297407,0.0890336,0
607390609111515135,0.0674959,0
607390609379950591,0.0603755,0
607390609514168319,0.0587426,0
607390609648386047,0.0688792,0
607390609782603775,0.0584327,0
607390609916821503,0.0586526,0
607390610051039231,0.054879,0
607390610185256959,0.0587166,0
607390610453692415,0.0621625,0
607390610587910143,0.11824,0
607390610722127871,0.0594549,0
607390610856345599,0.078362,0
607390610990563327,0.0615363,0
607390611124781055,0.0741838,0
607390611258998783,0.0586343,0
607390611527434239,0.0701022,0
607390611661651967,0.0683689,0
607390611795869695,0.0694348,0
607390611930087423,0.0648503,0
607390612064305151,0.0723009,0
607390612198522879,0.0735907,0
607390612332740607,0.073821,0
607390612601176063,0.0723981,0
607390612735393791,0.0772574,0
607390612869611519,0.0656624,0
607390613003829247,0.0760074,0
607390613138046975,0.0673553,0
607390613272264703,0.0781775,0
607390613406482431,0.0634287,0
607390613674917887,0.0639967,0
607390613809135615,0.0578157,0
607390613943353343,0.0643194,0
607390614077571071,0.0560846,0
607390614211788799,0.067878,0
607390614346006527,0.0650965,0
607390614480224255,0.064928,0
607390615822401535,0.0714865,0
607390615956619263,0.0970585,0
607390616090836991,0.0750553,0
607390616225054719,0.0745171,0
607390616493490175,0.0767708,0
607390616896143359,0.0880154,0
607390617030361087,0.0869481,0
607390617164578815,0.0834573,0
607390617298796543,0.0812613,0
607390617433014271,0.0890079,0
607390617567231999,0.0860297,0
607390617701449727,0.0874718,0
607390617969885183,0.111036,0
607390618104102911,0.0832163,0
607390618238320639,0.0753634,0
607390618372538367,0.0789869,0
607390618640973823,0.0906946,0
607390619043627007,0.0795604,0
607390619177844735,0.0747017,0
607390619312062463,0.0762989,0
607390619446280191,0.0758233,0
607390619580497919,0.0858674,0
607390619714715647,0.0800514,0
607390619848933375,0.0817959,0
607390621191110655,0.0829113,0
607390621325328383,0.0853768,0
607390621459546111,0.111982,0
607390621593763839,0.0834507,0
607390621862199295,0.0985924,0
607390633002270719,0.187623,0
607390633136488447,0.202352,0
607390633270706175,0.199299,0
607390633404923903,0.212477,0
607390633539141631,0.216756,0
607390633673359359,0.2078,0
607390633807577087,0.184958,0
607390634076012543,0.28513,0
607390634210230271,0.27072,0
607390634344447999,0.261413,0
607390634478665727,0.271453,0
607390634612883455,0.246353,0
607390634747101183,0.279706,0
607390634881318911,0.227072,0
607390635149754367,0.189283,0
607390635283972095,0.208397,0
607390635418189823,0.189861,0
607390635552407551,0.198816,0
607390635686625279,0.186168,0
607390635820843007,0.194935,0
607390635955060735,0.172491,0
607390636223496191,0.266086,0
607390636357713919,0.298631,0
607390636491931647,0.281208,0
607390636626149375,0.292338,0
607390636760367103,0.248809,0
607390636894584831,0.297114,0
607390637028802559,0.243304,0
607390637297238015,0.180822,0
607390637431455743,0.192753,0
607390637565673471,0.132895,0
607390637699891199,0.181349,0
607390637834108927,0.160502,0
607390637968326655,0.214607,0
607390638102544383,0.140729,0
607390638370979839,0.208834,0
607390638505197567,0.217845,0
607390638639415295,0.212816,0
607390638773633023,0.211704,0
607390638907850751,0.216353,0
607390639042068479,0.227757,0
607390639176286207,0.209239,0
607390639444721663,0.131944,0
607390639578939391,0.162834,0
607390639713157119,0.12648,0
607390639847374847,0.159715,0
607390639981592575,0.104639,0
607390640115810303,0.15732,0
607390640250028031,0.121619,0
607390641592205311,0.329043,0
607390641726423039,0.337321,0
607390641860640767,0.319992,0
607390641994858495,0.340438,0
607390642129076223,0.330636,0
607390642263293951,0.334495,0
607390642397511679,0.298195,0
607390642665947135,0.392071,0
607390642800164863,0.352307,0
607390642934382591,0.371089,0
607390643068600319,0.378867,0
607390643202818047,0.39187,0
607390643337035775,0.378919,0
607390643471253503,0.379548,0
607390643739688959,0.319026,0
607390643873906687,0.352011,0
607390644008124415,0.307149,0
607390644142342143,0.332841,0
607390644276559871,0.302578,0
607390644410777599,0.326612,0
607390644544995327,0.290061,0
607390644813430783,0.355412,0
607390644947648511,0.370257,0
607390645081866239,0.350313,0
607390645216083967,0.369732,0
607390645350301695,0.348048,0
607390645484519423,0.342589,0
607390645618737151,0.330812,0
607390645887172607,0.302629,0
607390646021390335,0.32168,0
607390646155608063,0.290001,0
607390646289825791,0.302563,0
607390646424043519,0.284229,0
607390646558261247,0.307175,0
607390646692478975,0.274896,0
607390646960914431,0.366534,0
607390647095132159,0.389816,0
607390647229349887,0.347541,0
607390647363567615,0.361424,0
607390647497785343,0.380336,0
607390647632003071,0.374793,0
607390647766220799,0.350245,0
607390648034656255,0.267982,0
607390648168873983,0.274702,0
607390648303091711,0.277081,0
607390648437309439,0.270428,0
607390648571527167,0.252811,0
607390648705744895,0.268251,0
607390648839962623,0.258045,0
607390650182139903,0.157425,0
607390650316357631,0.182381,0
607390650450575359,0.147157,0
607390650584793087,0.174523,0
607390650719010815,0.145068,0
607390650853228543,0.169199,0
607390650987446271,0.142427,0
607390651255881727,0.169876,0
607390651390099455,0.196908,0
607390651524317183,0.179424,0
607390651658534911,0.191144,0
607390651792752639,0.18414,0
607390651926970367,0.183346,0
607390652061188095,0.181684,0
607390652329623551,0.143051,0
607390652463841279,0.15909,0
607390652598059007,0.131048,0
607390652732276735,0.149255,0
607390652866494463,0.144068,0
607390653000712191,0.178547,0
607390653134929919,0.114392,0
607390653403365375,0.166249,0
607390653537583103,0.195482,0
607390653671800831,0.164111,0
607390653806018559,0.175105,0
607390653940236287,0.178275,0
607390654074454015,0.184393,0
607390654208671743,0.174456,0
607390654477107199,0.0966664,0
607390654611324927,0.101704,0
607390654745542655,0.101804,0
607390654879760383,0.102508,0
607390655013978111,0.0856817,0
607390655148195839,0.0975958,0
607390655282413567,0.084495,0
607390655550849023,0.124588,0
607390655685066751,0.169523,0
607390655819284479,0.141866,0
607390655953502207,0.157181,0
607390656087719935,0.120124,0
607390656221937663,0.143662,0
607390656356155391,0.115499,0
607390656624590847,0.0918752,0
607390656758808575,0.124417,0
607390656893026303,0.0682063,0
607390657027244031,0.0928683,0
607390657161461759,0.0902375,0
607390657295679487,0.100229,0
607390657429897215,0.079053,0
607390658772074495,0.301686,0
607390658906292223,0.271987,0
607390659040509951,0.315492,0
607390659174727679,0.288145,0
607390659308945407,0.296752,0
607390659443163135,0.289174,0
607390659577380863,0.31731,0
607390659845816319,0.300347,0
607390659980034047,0.309804,0
607390660114251775,0.264853,0
607390660248469503,0.297292,0
607390660382687231,0.29018,0
607390660516904959,0.301865,0
607390660651122687,0.28238,0
607390660919558143,0.290658,0
607390661053775871,0.26614,0
607390661187993599,0.262574,0
607390661322211327,0.259027,0
607390661456429055,0.294818,0
607390661590646783,0.288763,0
607390661724864511,0.288207,0
607390661993299967,0.284757,0
607390662127517695,0.326,0
607390662261735423,0.282856,0
607390662395953151,0.308329,0
607390662530170879,0.262183,0
607390662664388607,0.300365,0
607390662798606335,0.285842,0
607390663067041791,0.273449,0
607390663201259519,0.288096,0
607390663335477247,0.267865,0
607390663469694975,0.281766,0
607390663603912703,0.255656,0
607390663738130431,0.277684,0
607390663872348159,0.223098,0
607390664140783615,0.284664,0
607390664275001343,0.282127,0
607390664409219071,0.280197,0
607390664543436799,0.277707,0
607390664677654527,0.266389,0
607390664811872255,0.267061,0
607390664946089983,0.292217,0
607390665214525439,0.284091,0
607390665348743167,0.304046,0
607390665482960895,0.247086,0
607390665617178623,0.289,0
607390665751396351,0.249127,0
607390665885614079,0.279795,0
607390666019831807,0.20811,0
607390667362009087,0.211092,0
607390667496226815,0.203786,0
607390667630444543,0.167483,0
607390667764662271,0.185973,0
607390667898879999,0.203868,0
607390668033097727,0.201231,0
607390668167315455,0.179026,0
607390668435750911,0.258464,0
607390668569968639,0.232235,0
607390668704186367,0.237208,0
607390668838404095,0.225735,0
607390668972621823,0.225961,0
607390669106839551,0.239556,0
607390669241057279,0.202063,0
607390669509492735,0.173729,0
607390669643710463,0.175967,0
607390669777928191,0.13497,0
607390669912145919,0.160791,0
607390670046363647,0.169019,0
607390670180581375,0.19611,0
607390670314799103,0.133855,0
607390670583234559,0.218361,0
607390670717452287,0.222321,0
607390670851670015,0.185588,0
607390670985887743,0.203618,0
607390671120105471,0.216254,0
607390671254323199,0.22163,0
607390671388540927,0.186827,0
607390671656976383,0.140192,0
607390671791194111,0.158814,0
607390671925411839,0.143216,0
607390672059629567,0.169585,0
607390672193847295,0.129773,0
607390672328065023,0.194441,0
607390672462282751,0.121834,0
607390672730718207,0.217579,0
607390672864935935,0.229664,0
607390672999153663,0.185599,0
607390673133371391,0.183906,0
607390673267589119,0.211367,0
607390673401806847,0.209304,0
607390673536024575,0.209791,0
607390673804460031,0.153526,0
607390673938677759,0.154987,0
607390674072895487,0.143716,0
607390674207113215,0.170641,0
607390674341330943,0.138261,0
607390674475548671,0.150462,0
607390674609766399,0.126794,0
607390675951943679,0.309615,0
607390676086161407,0.307315,0
607390676220379135,0.29633,0
607390676354596863,0.281025,0
607390676488814591,0.289756,0
607390676623032319,0.295748,0
607390676757250047,0.291846,0
607390677025685503,0.351132,0
607390677159903231,0.386471,0
607390677294120959,0.327976,0
607390677428338687,0.377339,0
607390677562556415,0.337793,0
607390677696774143,0.373506,0
607390677830991871,0.292421,0
607390678099427327,0.294782,0
607390678233645055,0.274691,0
607390678367862783,0.283215,0
607390678502080511,0.26137,0
607390678636298239,0.286674,0
607390678770515967,0.287542,0
607390678904733695,0.242553,0
607390679173169151,0.336591,0
607390679307386879,0.366549,0
607390679441604607,0.299699,0
607390679575822335,0.349157,0
607390679710040063,0.2994,0
607390679844257791,0.345415,0
607390679978475519,0.291153,0
607390680246910975,0.246543,0
607390680381128703,0.274028,0
607390680515346431,0.216022,0
607390680649564159,0.240098,0
607390680783781887,0.234066,0
607390680917999615,0.276949,0
607390681052217343,0.232676,0
607390681320652799,0.292994,0
607390681454870527,0.319179,0
607390681589088255,0.302821,0
607390681723305983,0.294532,0
607390681857523711,0.300928,0
607390681991741439,0.281907,0
607390682125959167,0.311086,0
607390682394394623,0.222337,0
607390682528612351,0.241422,0
607390682662830079,0.23222,0
607390682797047807,0.230297,0
607390682931265535,0.218018,0
607390683065483263,0.236519,0
607390683199700991,0.230821,0
607390684541878271,0.088256,0
607390684676095999,0.0841262,0
607390684810313727,0.083196,0
607390684944531455,0.0788692,0
607390685078749183,0.0997408,0
607390685212966911,0.110558,0
607390685347184639,0.087087,0
607390685615620095,0.124928,0
607390685749837823,0.111754,0
607390685884055551,0.102457,0
607390686018273279,0.107662,0
607390686152491007,0.115119,0
607390686286708735,0.138983,0
607390686420926463,0.111561,0
607390686689361919,0.0786916,0
607390686823579647,0.0828857,0
607390686957797375,0.0779324,0
607390687092015103,0.0782219,0
607390687226232831,0.0736183,0
607390687360450559,0.0825751,0
607390687494668287,0.0614553,0
607390687763103743,0.0987023,0
607390687897321471,0.102769,0
607390688031539199,0.0906396,0
607390688165756927,0.0930125,0
607390688299974655,0.0954637,0
607390688434192383,0.11283,0
607390688568410111,0.0968275,0
607390688836845567,0.0938933,0
607390688971063295,0.106948,0
607390689105281023,0.0890984,0
607390689239498751,0.0907493,0
607390689373716479,0.100423,0
607390689507934207,0.0993976,0
607390689642151935,0.100555,0
607390689910587391,0.179727,0
607390690044805119,0.128728,0
607390690179022847,0.160444,0
607390690313240575,0.116282,0
607390690447458303,0.128746,0
607390690581676031,0.187137,0
607390690715893759,0.119873,0
607390690984329215,0.123157,0
607390691118546943,0.080331,0
607390691252764671,0.10902,0
607390691386982399,0.0670945,0
607390691521200127,0.0780749,0
607390691655417855,0.0827104,0
607390691789635583,0.089533,0
607390701721747455,0.120826,0
607390701855965183,0.115601,0
607390701990182911,0.101366,0
607390702124400639,0.111942,0
607390702258618367,0.0938841,0
607390702392836095,0.119868,0
607390702527053823,0.0967733,0
607390702795489279,0.0989062,0
607390702929707007,0.079904,0
607390703063924735,0.0948596,0
607390703198142463,0.0784771,0
607390703332360191,0.0883133,0
607390703466577919,0.0900862,0
607390703600795647,0.104669,0
607390703869231103,0.106948,0
607390704003448831,0.108132,0
607390704137666559,0.100948,0
607390704271884287,0.111112,0
607390704406102015,0.0938765,0
607390704540319743,0.115468,0
607390704674537471,0.0966869,0
607390704942972927,0.0956273,0
607390705077190655,0.0888768,0
607390705211408383,0.102895,0
607390705345626111,0.0984986,0
607390705479843839,0.0965127,0
607390705614061567,0.0880908,0
607390705748279295,0.107546,0
607390706016714751,0.0709881,0
607390706150932479,0.081015,0
607390706285150207,0.0782789,0
607390706419367935,0.0719492,0
607390706553585663,0.0739377,0
607390706687803391,0.0784928,0
607390706822021119,0.0691442,0
607390707090456575,0.102571,0
607390707224674303,0.0900465,0
607390707358892031,0.0973178,0
607390707493109759,0.108559,0
607390707627327487,0.0933457,0
607390707761545215,0.101277,0
607390707895762943,0.090237,0
607390708164198399,0.0832833,0
607390708298416127,0.0901707,0
607390708432633855,0.0800625,0
607390708566851583,0.0824652,0
607390708701069311,0.0810082,0
607390708835287039,0.081839,0
607390708969504767,0.0780232,0
607390710311682047,0.079754,0
607390710445899775,0.0893163,0
607390710580117503,0.0806374,0
607390710714335231,0.0880402,0
607390710848552959,0.0755156,0
607390710982770687,0.0757353,0
607390711116988415,0.0822114,0
607390711385423871,0.089836,0
607390711519641599,0.0859452,0
607390711653859327,0.0935323,0
607390711788077055,0.0906448,0
607390711922294783,0.08495,0
607390712056512511,0.0949855,0
607390712190730239,0.0834559,0
607390712459165695,0.0821369,0
607390712593383423,0.0883671,0
607390712727601151,0.0802758,0
607390712861818879,0.0872584,0
607390712996036607,0.0831597,0
607390713130254335,0.0903892,0
607390713264472063,0.0912964,0
607390713532907519,0.0925016,0
607390713667125247,0.0914515,0
607390713801342975,0.0972057,0
607390713935560703,0.108332,0
607390714069778431,0.0909574,0
607390714203996159,0.0930645,0
607390714338213887,0.0926069,0
607390714606649343,0.0822378,0
607390714740867071,0.0841592,0
607390714875084799,0.0854554,0
607390715009302527,0.0917044,0
607390715143520255,0.0809875,0
607390715277737983,0.0799161,0
607390715411955711,0.0871198,0
607390715680391167,0.0829728,0
607390715814608895,0.0865422,0
607390715948826623,0.0749124,0
607390716083044351,0.0825477,0
607390716217262079,0.0866021,0
607390716351479807,0.0742141,0
607390716485697535,0.0862201,0
607390716754132991,0.0882001,0
607390716888350719,0.0904338,0
607390717022568447,0.090108,0
607390717156786175,0.096319,0
607390717291003903,0.0859265,0
607390717425221631,0.0875633,0
607390717559439359,0.0885741,0
607390718901616639,0.109381,0
607390719035834367,0.0934075,0
607390719170052095,0.100652,0
607390719304269823,0.083853,0
607390719438487551,0.125721,0
607390719572705279,0.0842866,0
607390719706923007,0.125605,0
607390719975358463,0.101964,0
607390720109576191,0.104214,0
607390720243793919,0.093957,0
607390720378011647,0.113908,0
607390720512229375,0.0964126,0
607390720646447103,0.101436,0
607390720780664831,0.0966244,0
607390721049100287,0.109163,0
607390721183318015,0.110182,0
607390721317535743,0.115051,0
607390721451753471,0.120006,0
607390721585971199,0.122172,0
607390721720188927,0.0903161,0
607390721854406655,0.097888,0
607390722122842111,0.128368,0
607390722257059839,0.127036,0
607390722391277567,0.12103,0
607390722525495295,0.136659,0
607390722659713023,0.101869,0
607390722793930751,0.110529,0
607390722928148479,0.106647,0
607390723196583935,0.168816,0
607390723330801663,0.121238,0
607390723465019391,0.0831542,0
607390723599237119,0.151162,0
607390723733454847,0.135042,0
607390723867672575,0.0947795,0
607390724001890303,0.104208,0
607390724270325759,0.0879424,0
607390724404543487,0.0924024,0
607390724538761215,0.0832361,0
607390724672978943,0.084027,0
607390724807196671,0.0859946,0
607390724941414399,0.0828052,0
607390725075632127,0.0818444,0
607390725344067583,0.0890217,0
607390725478285311,0.112838,0
607390725612503039,0.0788339,0
607390725746720767,0.0901276,0
607390725880938495,0.0861031,0
607390726015156223,0.0993998,0
607390726149373951,0.0775051,0
607390727491551231,0.0976304,0
607390727625768959,0.0817802,0
607390727759986687,0.0931865,0
607390727894204415,0.0844013,0
607390728028422143,0.0949625,0
607390728162639871,0.0894452,0
607390728296857599,0.0951196,0
607390728565293055,0.0825042,0
607390728699510783,0.0896945,0
607390728833728511,0.0916342,0
607390728967946239,0.0873371,0
607390729102163967,0.093067,0
607390729236381695,0.0854738,0
607390729370599423,0.082016,0
607390729639034879,0.0916903,0
607390729773252607,0.0862234,0
607390729907470335,0.0903518,0
607390730041688063,0.0907937,0
607390730175905791,0.0908706,0
607390730310123519,0.0852766,0
607390730444341247,0.103229,0
607390730712776703,0.0841357,0
607390730846994431,0.0811496,0
607390730981212159,0.0862587,0
607390731115429887,0.0886965,0
607390731249647615,0.0866125,0
607390731383865343,0.0817233,0
607390731518083071,0.0880724,0
607390731786518527,0.0959638,0
607390731920736255,0.0990438,0
607390732054953983,0.0938881,0
607390732189171711,0.101139,0
607390732323389439,0.0979945,0
607390732457607167,0.10312,0
607390732591824895,0.0988067,0
607390732860260351,0.0912426,0
607390732994478079,0.0893854,0
607390733128695807,0.090261,0
607390733262913535,0.0944357,0
607390733397131263,0.102402,0
607390733531348991,0.0945706,0
607390733665566719,0.106132,0
607390733934002175,0.103874,0
607390734068219903,0.0972769,0
607390734202437631,0.105925,0
607390734336655359,0.105473,0
607390734470873087,0.0927054,0
607390734605090815,0.092349,0
607390734739308543,0.107269,0
607390736081485823,0.0820716,0
607390736215703551,0.084721,0
607390736349921279,0.0774951,0
607390736484139007,0.0805845,0
607390736618356735,0.0776745,0
607390736752574463,0.105688,0
607390736886792191,0.0765539,0
607390737155227647,0.0862725,0
607390737289445375,0.0846965,0
607390737423663103,0.128221,0
607390737557880831,0.0825989,0
607390737692098559,0.0783729,0
607390737826316287,0.0791909,0
607390737960534015,0.0866321,0
607390738228969471,0.07739,0
607390738363187199,0.0853028,0
607390738497404927,0.087515,0
607390738631622655,0.0761183,0
607390738765840383,0.0853613,0
607390738900058111,0.0784822,0
607390739034275839,0.0847548,0
607390739302711295,0.0861654,0
607390739436929023,0.0897112,0
607390739571146751,0.0739635,0
607390739705364479,0.0766541,0
607390739839582207,0.0937549,0
607390739973799935,0.0987126,0
607390740108017663,0.0695958,0
607390740376453119,0.0568849,0
607390740510670847,0.0838406,0
607390740779106303,0.0741646,0
607390741047541759,0.0811878,0
607390741450194943,0.111116,0
607390741584412671,0.083488,0
607390741718630399,0.113746,0
607390741852848127,0.0811427,0
607390741987065855,0.104511,0
607390742121283583,0.130015,0
607390742255501311,0.0987465,0
607390742523936767,0.0624256,0
607390742658154495,0.0901981,0
607390742792372223,0.0589697,0
607390742926589951,0.0681231,0
607390743195025407,0.0738656,0
607390744671420415,0.0851958,0
607390744805638143,0.0811445,0
607390744939855871,0.0683196,0
607390745074073599,0.0850224,0
607390745208291327,0.0850261,0
607390745342509055,0.0759618,0
607390745476726783,0.0911113,0
607390745745162239,0.0800217,0
607390745879379967,0.0841541,0
607390746013597695,0.0809309,0
607390746147815423,0.0796537,0
607390746282033151,0.0798957,0
607390746416250879,0.0735307,0
607390746550468607,0.0808447,0
607390746818904063,0.087859,0
607390746953121791,0.0842532,0
607390747087339519,0.0710607,0
607390747221557247,0.0920357,0
607390747355774975,0.0811623,0
607390747489992703,0.091974,0
607390747624210431,0.090429,0
607390747892645887,0.083059,0
607390748026863615,0.080998,0
607390748161081343,0.076226,0
607390748295299071,0.0857418,0
607390748429516799,0.0835614,0
607390748563734527,0.079936,0
607390748697952255,0.0896334,0
607390748966387711,0.132078,0
607390749100605439,0.136764,0
607390749234823167,0.0984632,0
607390749369040895,0.118791,0
607390749503258623,0.0761583,0
607390749637476351,0.089765,0
607390749771694079,0.0843082,0
607390750040129535,0.0783002,0
607390750174347263,0.0675897,0
607390750308564991,0.0787124,0
607390750442782719,0.0696135,0
607390750577000447,0.120862,0
607390750711218175,0.084803,0
607390750845435903,0.124645,0
607390751113871359,0.100371,0
607390751248089087,0.104365,0
607390751382306815,0.107709,0
607390751516524543,0.108686,0
607390751650742271,0.0954761,0
607390751784959999,0.147887,0
607390751919177727,0.131167,0
607390753261355007,0.0830353,0
607390753395572735,0.113846,0
607390753529790463,0.0685749,0
607390753664008191,0.0577293,0
607390753932443647,0.0791328,0
607390754335096831,0.0898881,0
607390754469314559,0.075384,0
607390754603532287,0.0920397,0
607390754737750015,0.0828484,0
607390754871967743,0.0803452,0
607390755006185471,0.0884415,0
607390755140403199,0.0833919,0
607390755408838655,0.0680654,0
607390755543056383,0.0874626,0
607390755677274111,0.0503324,0
607390755811491839,0.0710988,0
607390756079927295,0.079408,0
607390756482580479,0.0937211,0
607390756616798207,0.0856505,0
607390756751015935,0.0819764,0
607390756885233663,0.0825018,0
607390757019451391,0.0995721,0
607390757153669119,0.0853209,0
607390757287886847,0.0782215,0
607390758630064127,0.0720361,0
607390758764281855,0.0909491,0
607390758898499583,0.0576571,0
607390759032717311,0.0810979,0
607390759301152767,0.0683728,0
607390770441224191,0.123857,0
607390770575441919,0.146895,0
607390770709659647,0.118963,0
607390770843877375,0.129765,0
607390770978095103,0.120708,0
607390771112312831,0.13569,0
607390771246530559,0.116762,0
607390771514966015,0.220086,0
607390771649183743,0.25371,0
607390771783401471,0.183647,0
607390771917619199,0.232717,0
607390772051836927,0.183524,0
607390772186054655,0.231763,0
607390772320272383,0.155759,0
607390772588707839,0.108143,0
607390772722925567,0.133557,0
607390772857143295,0.105768,0
607390772991361023,0.12419,0
607390773125578751,0.104561,0
607390773259796479,0.117859,0
607390773394014207,0.100807,0
607390773662449663,0.197227,0
607390773796667391,0.240414,0
607390773930885119,0.171043,0
607390774065102847,0.220077,0
607390774199320575,0.179093,0
607390774333538303,0.226947,0
607390774467756031,0.146638,0
607390774736191487,0.120243,0
607390774870409215,0.128757,0
607390775004626943,0.110713,0
607390775138844671,0.113775,0
607390775273062399,0.119346,0
607390775407280127,0.110404,0
607390775541497855,0.108494,0
607390775809933311,0.12165,0
607390775944151039,0.16388,0
607390776078368767,0.128475,0
607390776212586495,0.143172,0
607390776346804223,0.12836,0
607390776481021951,0.157917,0
607390776615239679,0.125339,0
607390776883675135,0.116114,0
607390777017892863,0.112522,0
607390777152110591,0.117339,0
607390777286328319,0.0989577,0
607390777420546047,0.124423,0
607390777554763775,0.107735,0
607390777688981503,0.10424,0
607390779031158783,0.293045,0
607390779165376511,0.284553,0
607390779299594239,0.283135,0
607390779433811967,0.299312,0
607390779568029695,0.281058,0
607390779702247423,0.28967,0
607390779836465151,0.283377,0
607390780104900607,0.301682,0
607390780239118335,0.286934,0
607390780373336063,0.303535,0
607390780507553791,0.301135,0
607390780641771519,0.318043,0
607390780775989247,0.300418,0
607390780910206975,0.292517,0
607390781178642431,0.295964,0
607390781312860159,0.291079,0
607390781447077887,0.287619,0
607390781581295615,0.288895,0
607390781715513343,0.290092,0
607390781849731071,0.304731,0
607390781983948799,0.286604,0
607390782252384255,0.29555,0
607390782386601983,0.302014,0
607390782520819711,0.291788,0
607390782655037439,0.284563,0
607390782789255167,0.324677,0
607390782923472895,0.312097,0
607390783057690623,0.296425,0
607390783326126079,0.265856,0
607390783460343807,0.261247,0
607390783594561535,0.261851,0
607390783728779263,0.272576,0
607390783862996991,0.290419,0
607390783997214719,0.26787,0
607390784131432447,0.268454,0
607390784399867903,0.295933,0
607390784534085631,0.282267,0
607390784668303359,0.283004,0
607390784802521087,0.292448,0
607390784936738815,0.274184,0
607390785070956543,0.28574,0
607390785205174271,0.279174,0
607390785473609727,0.269379,0
607390785607827455,0.284494,0
607390785742045183,0.260877,0
607390785876262911,0.272889,0
607390786010480639,0.276842,0
607390786144698367,0.270179,0
607390786278916095,0.270921,0
607390787621093375,0.110123,0
607390787755311103,0.0989558,0
607390787889528831,0.104773,0
607390788023746559,0.0960459,0
607390788157964287,0.124558,0
607390788292182015,0.102431,0
607390788426399743,0.121218,0
607390788694835199,0.0985205,0
607390788829052927,0.116412,0
607390788963270655,0.100017,0
607390789097488383,0.102696,0
607390789231706111,0.113365,0
607390789365923839,0.115259,0
607390789500141567,0.103345,0
607390789768577023,0.0950309,0
607390789902794751,0.0835437,0
607390790037012479,0.0892209,0
607390790171230207,0.0771787,0
607390790305447935,0.0968949,0
607390790439665663,0.0924793,0
607390790573883391,0.102283,0
607390790842318847,0.101317,0
607390790976536575,0.110846,0
607390791110754303,0.0935446,0
607390791244972031,0.100847,0
607390791379189759,0.105449,0
607390791513407487,0.113737,0
607390791647625215,0.103196,0
607390791916060671,0.0924532,0
607390792050278399,0.111109,0
607390792184496127,0.0896474,0
607390792318713855,0.107897,0
607390792452931583,0.0913579,0
607390792587149311,0.096953,0
607390792721367039,0.0877237,0
607390792989802495,0.122356,0
607390793124020223,0.105254,0
607390793258237951,0.127638,0
607390793392455679,0.0978654,0
607390793526673407,0.118434,0
607390793660891135,0.100774,0
607390793795108863,0.112455,0
607390794063544319,0.0946782,0
607390794197762047,0.0945885,0
607390794331979775,0.0899614,0
607390794466197503,0.0978055,0
607390794600415231,0.0890629,0
607390794734632959,0.0963585,0
607390794868850687,0.0909204,0
607390796211027967,0.252892,0
607390796345245695,0.247461,0
607390796479463423,0.211821,0
607390796613681151,0.241504,0
607390796747898879,0.246978,0
607390796882116607,0.257378,0
607390797016334335,0.202295,0
607390797284769791,0.273473,0
607390797418987519,0.296641,0
607390797553205247,0.253234,0
607390797687422975,0.267319,0
607390797821640703,0.280118,0
607390797955858431,0.290073,0
607390798090076159,0.258222,0
607390798358511615,0.189128,0
607390798492729343,0.189111,0
607390798626947071,0.160793,0
607390798761164799,0.178499,0
607390798895382527,0.18949,0
607390799029600255,0.207049,0
607390799163817983,0.167982,0
607390799432253439,0.237794,0
607390799566471167,0.243314,0
607390799700688895,0.203285,0
607390799834906623,0.232798,0
607390799969124351,0.239759,0
607390800103342079,0.244904,0
607390800237559807,0.218645,0
607390800505995263,0.181962,0
607390800640212991,0.215413,0
607390800774430719,0.172597,0
607390800908648447,0.197886,0
607390801042866175,0.151914,0
607390801177083903,0.211929,0
607390801311301631,0.144749,0
607390801579737087,0.276924,0
607390801713954815,0.284499,0
607390801848172543,0.25705,0
607390801982390271,0.262712,0
607390802116607999,0.268825,0
607390802250825727,0.255753,0
607390802385043455,0.255403,0
607390802653478911,0.160486,0
607390802787696639,0.177662,0
607390802921914367,0.138855,0
607390803056132095,0.16104,0
607390803190349823,0.140448,0
607390803324567551,0.175163,0
607390803458785279,0.128451,0
607390804800962559,0.095746,0
607390804935180287,0.123567,0
607390805069398015,0.084688,0
607390805203615743,0.110085,0
607390805337833471,0.0668531,0
607390805472051199,0.0981076,0
607390805606268927,0.074866,0
607390805874704383,0.122334,0
607390806008922111,0.146214,0
607390806143139839,0.135999,0
607390806277357567,0.151694,0
607390806411575295,0.125357,0
607390806545793023,0.151606,0
607390806680010751,0.108205,0
607390806948446207,0.0785938,0
607390807082663935,0.0933833,0
607390807216881663,0.0805533,0
607390807351099391,0.0930859,0
607390807485317119,0.0860348,0
607390807619534847,0.0994663,0
607390807753752575,0.0805378,0
607390808022188031,0.128926,0
607390808156405759,0.13928,0
607390808290623487,0.115153,0
607390808424841215,0.128441,0
607390808559058943,0.135184,0
607390808693276671,0.142595,0
607390808827494399,0.128806,0
607390809095929855,0.061487,0
607390809230147583,0.0668465,0
607390809364365311,0.0628467,0
607390809498583039,0.0585159,0
607390809632800767,0.0559813,0
607390809767018495,0.0598077,0
607390809901236223,0.0556403,0
607390810169671679,0.0754315,0
607390810303889407,0.0992552,0
607390810438107135,0.0761874,0
607390810572324863,0.0971746,0
607390810706542591,0.0672096,0
607390810840760319,0.0747167,0
607390810974978047,0.0656836,0
607390811243413503,0.0806386,0
607390811377631231,0.0807791,0
607390811511848959,0.0707135,0
607390811646066687,0.0796027,0
607390811780284415,0.0655166,0
607390811914502143,0.0751117,0
607390812048719871,0.0722956,0
607390813390897151,0.267033,0
607390813525114879,0.317464,0
607390813659332607,0.25454,0
607390813793550335,0.260748,0
607390813927768063,0.232951,0
607390814061985791,0.289149,0
607390814196203519,0.216133,0
607390814464638975,0.284463,0
607390814598856703,0.292973,0
607390814733074431,0.300615,0
607390814867292159,0.288708,0
607390815001509887,0.286373,0
607390815135727615,0.266599,0
607390815269945343,0.305886,0
607390815538380799,0.220472,0
607390815672598527,0.271242,0
607390815806816255,0.202758,0
607390815941033983,0.251946,0
607390816075251711,0.197903,0
607390816209469439,0.253695,0
607390816343687167,0.178902,0
607390816612122623,0.281565,0
607390816746340351,0.277103,0
607390816880558079,0.281181,0
607390817014775807,0.277703,0
607390817148993535,0.290121,0
607390817283211263,0.274934,0
607390817417428991,0.284528,0
607390817685864447,0.166278,0
607390817820082175,0.194511,0
607390817954299903,0.166454,0
607390818088517631,0.202921,0
607390818222735359,0.159431,0
607390818356953087,0.164436,0
607390818491170815,0.161707,0
607390818759606271,0.250503,0
607390818893823999,0.282343,0
607390819028041727,0.227881,0
607390819162259455,0.282182,0
607390819296477183,0.213039,0
607390819430694911,0.272523,0
607390819564912639,0.187984,0
607390819833348095,0.179557,0
607390819967565823,0.214177,0
607390820101783551,0.140412,0
607390820236001279,0.162094,0
607390820370219007,0.159206,0
607390820504436735,0.189256,0
607390820638654463,0.16997,0
607390821980831743,0.0800057,0
607390822115049471,0.0805108,0
607390822249267199,0.0720669,0
607390822383484927,0.0823304,0
607390822517702655,0.0646167,0
607390822651920383,0.0770018,0
607390822786138111,0.0728881,0
607390823054573567,0.0920237,0
607390823188791295,0.101476,0
607390823323009023,0.0899704,0
607390823457226751,0.104367,0
607390823591444479,0.0770507,0
607390823725662207,0.0801736,0
607390823859879935,0.0772204,0
607390824128315391,0.0868031,0
607390824262533119,0.0859972,0
607390824396750847,0.0893709,0
607390824530968575,0.0948209,0
607390824665186303,0.0738201,0
607390824799404031,0.0753635,0
607390824933621759,0.0892437,0
607390825202057215,0.0900432,0
607390825336274943,0.103999,0
607390825470492671,0.0919193,0
607390825604710399,0.109933,0
607390825738928127,0.0811385,0
607390825873145855,0.0966522,0
607390826007363583,0.0835991,0
607390826275799039,0.0748211,0
607390826410016767,0.069286,0
607390826544234495,0.0858969,0
607390826678452223,0.0678966,0
607390826812669951,0.0715669,0
607390826946887679,0.0743508,0
607390827081105407,0.068171,0
607390827349540863,0.0698125,0
607390827483758591,0.0740066,0
607390827617976319,0.0723931,0
607390827752194047,0.0658195,0
607390827886411775,0.0760214,0
607390828020629503,0.0815922,0
607390828154847231,0.0659555,0
607390828423282687,0.0826134,0
607390828557500415,0.0693009,0
607390828691718143,0.0774035,0
607390828825935871,0.0861497,0
607390828960153599,0.0831094,0
607390829094371327,0.0728412,0
607390829228589055,0.0804159,0
607390848824377343,0.0537342,0
607390848958595071,0.0733235,0
607390849092812799,0.0409306,0
607390849227030527,0.0561438,0
607390849361248255,0.0442178,0
607390849495465983,0.0500669,0
607390850971860991,0.0416616,0
607390851106078719,0.0489123,0
607390851240296447,0.0467711,0
607390851374514175,0.0495011,0
607390851642949631,0.0479621,0
607390907880177663,0.0691388,0
607390908014395391,0.0552401,0
607390908148613119,0.0586616,0
607390908282830847,0.0601639,0
607390908417048575,0.0692723,0
607390908551266303,0.0740503,0
607390908685484031,0.0547206,0
607390908953919487,0.0683161,0
607390909088137215,0.0746407,0
607390909222354943,0.0573386,0
607390909356572671,0.0845817,0
607390909490790399,0.0522786,0
607390909625008127,0.0617934,0
607390909759225855,0.0502479,0
607390910027661311,0.0595945,0
607390910161879039,0.0578014,0
607390910296096767,0.0627457,0
607390910430314495,0.0616274,0
607390910564532223,0.0544283,0
607390910698749951,0.0627635,0
607390910832967679,0.0634926,0
607390911101403135,0.0628541,0
607390911235620863,0.0963307,0
607390911369838591,0.0600692,0
607390911504056319,0.093686,0
607390911638274047,0.058159,0
607390911772491775,0.0776535,0
607390911906709503,0.0567929,0
607390912175144959,0.0546147,0
607390912309362687,0.0732033,0
607390912443580415,0.0555186,0
607390912577798143,0.0541371,0
607390912712015871,0.0626554,0
607390912846233599,0.0513255,0
607390912980451327,0.0560723,0
607390913248886783,0.0560697,0
607390913383104511,0.0473683,0
607390913517322239,0.0665048,0
607390913651539967,0.0491766,0
607390913785757695,0.0545023,0
607390913919975423,0.0467699,0
607390914054193151,0.0620368,0
607390914322628607,0.0562947,0
607390914456846335,0.0575064,0
607390914591064063,0.0597292,0
607390914725281791,0.0572564,0
607390914859499519,0.0541929,0
607390914993717247,0.050262,0
607390915127934975,0.0623851,0
607390916470112255,0.129229,0
607390916604329983,0.116726,0
607390916738547711,0.0976712,0
607390916872765439,0.135016,0
607390917006983167,0.147807,0
607390917141200895,0.113086,0
607390917275418623,0.127931,0
607390917543854079,0.172612,0
607390917678071807,0.20506,0
607390917812289535,0.166272,0
607390917946507263,0.189559,0
607390918080724991,0.169924,0
607390918214942719,0.196041,0
607390918349160447,0.147887,0
607390918617595903,0.116532,0
607390918751813631,0.12414,0
607390918886031359,0.117661,0
607390919020249087,0.122632,0
607390919154466815,0.103994,0
607390919288684543,0.119974,0
607390919422902271,0.105961,0
607390919691337727,0.174428,0
607390919825555455,0.200287,0
607390919959773183,0.16453,0
607390920093990911,0.187577,0
607390920228208639,0.176579,0
607390920362426367,0.166322,0
607390920496644095,0.168155,0
607390920765079551,0.0832928,0
607390920899297279,0.100755,0
607390921033515007,0.0716108,0
607390921167732735,0.0918766,0
607390921301950463,0.061741,0
607390921436168191,0.0916731,0
607390921570385919,0.0653317,0
607390921838821375,0.122565,0
607390921973039103,0.130453,0
607390922107256831,0.118234,0
607390922241474559,0.121321,0
607390922375692287,0.10383,0
607390922509910015,0.127146,0
607390922644127743,0.0973615,0
607390922912563199,0.0816727,0
607390923046780927,0.0975522,0
607390923180998655,0.0847636,0
607390923315216383,0.10411,0
607390923449434111,0.0731559,0
607390923583651839,0.0854405,0
607390923717869567,0.0856829,0
607390925060046847,0.0746113,0
607390925194264575,0.0732415,0
607390925328482303,0.0684647,0
607390925462700031,0.069336,0
607390925596917759,0.0705952,0
607390925731135487,0.0711373,0
607390925865353215,0.0727146,0
607390926133788671,0.0692558,0
607390926268006399,0.0698146,0
607390926402224127,0.0767032,0
607390926536441855,0.0738053,0
607390926670659583,0.0672909,0
607390926804877311,0.0635516,0
607390926939095039,0.0713021,0
607390927207530495,0.0674776,0
607390927341748223,0.0679122,0
607390927475965951,0.0681394,0
607390927610183679,0.0708248,0
607390927744401407,0.0674498,0
607390927878619135,0.0694841,0
607390928012836863,0.0666901,0
607390928281272319,0.0715214,0
607390928415490047,0.0759153,0
607390928549707775,0.0698457,0
607390928683925503,0.075826,0
607390928818143231,0.070554,0
607390928952360959,0.0811647,0
607390929086578687,0.0731804,0
607390929355014143,0.0819966,0
607390929489231871,0.0709963,0
607390929623449599,0.127432,0
607390929757667327,0.0828126,0
607390929891885055,0.0888112,0
607390930026102783,0.0770192,0
607390930160320511,0.0968687,0
607390930428755967,0.0599126,0
607390930562973695,0.0607914,0
607390930697191423,0.0659272,0
607390930831409151,0.0663007,0
607390930965626879,0.0632168,0
607390931099844607,0.0600742,0
607390931234062335,0.0675707,0
607390931502497791,0.0772372,0
607390931636715519,0.0725352,0
607390931770933247,0.0714061,0
607390931905150975,0.0770826,0
607390932039368703,0.12216,0
607390932173586431,0.0800649,0
607390932307804159,0.0705378,0
607390933649981439,0.107989,0
607390933784199167,0.109825,0
607390933918416895,0.0910836,0
607390934052634623,0.116188,0
607390934186852351,0.0838318,0
607390934321070079,0.101304,0
607390934455287807,0.0910012,0
607390934723723263,0.111615,0
607390934857940991,0.126554,0
607390934992158719,0.102699,0
607390935126376447,0.123982,0
607390935260594175,0.104236,0
607390935394811903,0.123894,0
607390935529029631,0.104651,0
607390935797465087,0.0938449,0
607390935931682815,0.104432,0
607390936065900543,0.0726922,0
607390936200118271,0.0920589,0
607390936334335999,0.0827533,0
607390936468553727,0.111794,0
607390936602771455,0.0781143,0
607390936871206911,0.107897,0
607390937005424639,0.127391,0
607390937139642367,0.101915,0
607390937273860095,0.111084,0
607390937408077823,0.10685,0
607390937542295551,0.123935,0
607390937676513279,0.101133,0
607390937944948735,0.0673756,0
607390938079166463,0.0877598,0
607390938213384191,0.0656534,0
607390938347601919,0.0824201,0
607390938481819647,0.063776,0
607390938616037375,0.072281,0
607390938750255103,0.060929,0
607390939018690559,0.0963546,0
607390939152908287,0.107077,0
607390939287126015,0.0948245,0
607390939421343743,0.0986638,0
607390939555561471,0.0785594,0
607390939689779199,0.098968,0
607390939823996927,0.0830513,0
607390940092432383,0.0787173,0
607390940226650111,0.0905583,0
607390940360867839,0.0729022,0
607390940495085567,0.0792549,0
607390940629303295,0.0694601,0
607390940763521023,0.0818043,0
607390940897738751,0.0681908,0
607390942239916031,0.0578725,0
607390942374133759,0.0584489,0
607390942508351487,0.0625678,0
607390942642569215,0.0547303,0
607390942776786943,0.084974,0
607390942911004671,0.0589646,0
607390943045222399,0.124003,0
607390943313657855,0.0573956,0
607390943447875583,0.0492746,0
607390943582093311,0.0577544,0
607390943716311039,0.0466035,0
607390943850528767,0.0591097,0
607390943984746495,0.0517619,0
607390944118964223,0.0621675,0
607390944387399679,0.0707497,0
607390944521617407,0.0667954,0
607390944655835135,0.0664689,0
607390944790052863,0.058301,0
607390944924270591,0.069433,0
607390945058488319,0.0632757,0
607390945192706047,0.0804696,0
607390945461141503,0.0591153,0
607390945595359231,0.0493417,0
607390945729576959,0.0643004,0
607390945863794687,0.0484182,0
607390945998012415,0.0600812,0
607390946132230143,0.0567631,0
607390946266447871,0.0618089,0
607390946534883327,0.0715651,0
607390946669101055,0.0976278,0
607390946803318783,0.0487427,0
607390946937536511,0.103275,0
607390947205971967,0.0813577,0
607390947340189695,0.0352599,0
607390947608625151,0.0726202,0
607390947742842879,0.058059,0
607390947877060607,0.0657046,0
607390948011278335,0.0543827,0
607390948145496063,0.0736801,0
607390948279713791,0.0547152,0
607390948413931519,0.0701293,0
607390948682366975,0.0913453,0
607390948816584703,0.0944479,0
607390948950802431,0.0766106,0
607390949085020159,0.118662,0
607390949219237887,0.0429547,0
607390949353455615,0.100314,0
607390949487673343,0.0460309,0
607390950829850623,0.0439129,0
607390950964068351,0.0539974,0
607390951098286079,0.0442233,0
607390951232503807,0.0549626,0
607390951366721535,0.0436833,0
607390951500939263,0.0484326,0
607390951635156991,0.042968,0
607390951903592447,0.0838909,0
607390952037810175,0.0956441,0
607390952172027903,0.0670349,0
607390952306245631,0.0865243,0
607390952440463359,0.0714389,0
607390952574681087,0.0862381,0
607390952708898815,0.0595462,0
607390952977334271,0.0501013,0
607390953111551999,0.0543775,0
607390953245769727,0.0534924,0
607390953379987455,0.0614976,0
607390953514205183,0.0402974,0
607390953648422911,0.0453266,0
607390953782640639,0.0455455,0
607390954051076095,0.0816042,0
607390954185293823,0.128185,0
607390954319511551,0.0671534,0
607390954453729279,0.0875866,0
607390954587947007,0.0571231,0
607390954722164735,0.0898062,0
607390954856382463,0.0546664,0
607390955124817919,0.0405062,0
607390955259035647,0.0471154,0
607390955393253375,0.0453376,0
607390955527471103,0.0412827,0
607390955661688831,0.0477349,0
607390955795906559,0.0469823,0
607390955930124287,0.0429352,0
607390956198559743,0.0425456,0
607390956332777471,0.0633027,0
607390956466995199,0.0428139,0
607390956601212927,0.0610533,0
607390956735430655,0.0432153,0
607390956869648383,0.0502274,0
607390957003866111,0.0486519,0
607390957272301567,0.0393258,0
607390957406519295,0.0432616,0
607390957540737023,0.0442878,0
607390957674954751,0.0402179,0
607390957809172479,0.0419512,0
607390957943390207,0.0405955,0
607390958077607935,0.0461535,0
607390959419785215,0.0460013,0
607390959554002943,0.0629032,0
607390959688220671,0.0514487,0
607390959822438399,0.0740153,0
607390959956656127,0.0405394,0
607390960090873855,0.0586849,0
607390960493527039,0.0642769,0
607390960627744767,0.0566433,0
607390960761962495,0.112095,0
607390960896180223,0.0550056,0
607390961030397951,0.0666371,0
607390961164615679,0.0660865,0
607390961298833407,0.0981851,0
607390961567268863,0.0479994,0
607390961701486591,0.0896507,0
607390961835704319,0.059052,0
607390961969922047,0.0737412,0
607390962104139775,0.0703303,0
607390962238357503,0.0720366,0
607390962641010687,0.0793921,0
607390962775228415,0.0753909,0
607390962909446143,0.0772783,0
607390963043663871,0.0701664,0
607390963177881599,0.0835885,0
607390963312099327,0.101995,0
607390963446317055,0.0847111,0
607390964788494335,0.0775834,0
607390964922712063,0.0728571,0
607390965056929791,0.0404383,0
607390965191147519,0.0845166,0
607390965325365247,0.040929,0
607390965459582975,0.110273,0
607390965593800703,0.0315325,0
607390986263330815,0.0743776,0
607390986397548543,0.0932644,0
607390986665983999,0.0877567,0
607390986934419455,0.0946587,0
607390988410814463,0.091735,0
607390988545032191,0.0918744,0
607390988813467647,0.0872695,0
607390989081903103,0.0804034,0
607392213550235647,0.189912,0
607392213684453375,0.185489,0
607392213818671103,0.187676,0
607392213952888831,0.176094,0
607392214087106559,0.189713,0
607392214221324287,0.182288,0
607392214355542015,0.193342,0
607392214623977471,0.200286,0
607392214758195199,0.199517,0
607392214892412927,0.184874,0
607392215026630655,0.199212,0
607392215160848383,0.189545,0
607392215295066111,0.213116,0
607392215429283839,0.192385,0
607392215697719295,0.181469,0
607392215831937023,0.177803,0
607392215966154751,0.178761,0
607392216100372479,0.176511,0
607392216234590207,0.191946,0
607392216368807935,0.185667,0
607392216503025663,0.185542,0
607392216771461119,0.183476,0
607392216905678847,0.18756,0
607392217039896575,0.183856,0
607392217174114303,0.18255,0
607392217308332031,0.180882,0
607392217442549759,0.185298,0
607392217576767487,0.182483,0
607392217845202943,0.199161,0
607392217979420671,0.199746,0
607392218113638399,0.206571,0
607392218247856127,0.200858,0
607392218382073855,0.205673,0
607392218516291583,0.202911,0
607392218650509311,0.208843,0
607392218918944767,0.192475,0
607392219053162495,0.19136,0
607392219187380223,0.197771,0
607392219321597951,0.188635,0
607392219455815679,0.204219,0
607392219590033407,0.190738,0
607392219724251135,0.206879,0
607392219992686591,0.193196,0
607392220126904319,0.192464,0
607392220261122047,0.207131,0
607392220395339775,0.194725,0
607392220529557503,0.199142,0
607392220663775231,0.196481,0
607392220797992959,0.207,0
607392222140170239,0.217556,0
607392222274387967,0.239697,0
607392222408605695,0.214619,0
607392222542823423,0.21818,0
607392222677041151,0.210752,0
607392222811258879,0.214902,0
607392222945476607,0.215694,0
607392223213912063,0.23475,0
607392223348129791,0.260564,0
607392223482347519,0.223833,0
607392223616565247,0.246933,0
607392223750782975,0.204091,0
607392223885000703,0.220869,0
607392224019218431,0.216167,0
607392224287653887,0.215549,0
607392224421871615,0.212634,0
607392224556089343,0.223853,0
607392224690307071,0.216997,0
607392224824524799,0.206436,0
607392224958742527,0.221099,0
607392225092960255,0.209878,0
607392225361395711,0.219413,0
607392225495613439,0.221815,0
607392225629831167,0.229032,0
607392225764048895,0.217614,0
607392225898266623,0.22921,0
607392226032484351,0.229556,0
607392226166702079,0.223997,0
607392226435137535,0.202201,0
607392226569355263,0.216781,0
607392226703572991,0.202039,0
607392226837790719,0.219858,0
607392226972008447,0.193368,0
607392227106226175,0.213715,0
607392227240443903,0.20742,0
607392227508879359,0.198566,0
607392227643097087,0.216749,0
607392227777314815,0.203009,0
607392227911532543,0.21452,0
607392228045750271,0.210711,0
607392228179967999,0.210785,0
607392228314185727,0.205846,0
607392228582621183,0.210005,0
607392228716838911,0.195842,0
607392228851056639,0.202745,0
607392228985274367,0.21032,0
607392229119492095,0.204658,0
607392229253709823,0.211898,0
607392229387927551,0.189851,0
607392230730104831,0.213257,0
607392230864322559,0.188281,0
607392230998540287,0.199309,0
607392231132758015,0.195545,0
607392231266975743,0.205977,0
607392231401193471,0.200281,0
607392231535411199,0.203189,0
607392231803846655,0.190136,0
607392231938064383,0.191563,0
607392232072282111,0.191855,0
607392232206499839,0.193785,0
607392232340717567,0.188242,0
607392232474935295,0.191324,0
607392232609153023,0.192769,0
607392232877588479,0.201993,0
607392233011806207,0.189191,0
607392233146023935,0.202736,0
607392233280241663,0.199658,0
607392233414459391,0.20455,0
607392233548677119,0.193266,0
607392233682894847,0.20696,0
607392233951330303,0.194677,0
607392234085548031,0.179405,0
607392234219765759,0.185049,0
607392234353983487,0.188297,0
607392234488201215,0.185957,0
607392234622418943,0.191188,0
607392234756636671,0.184955,0
607392235025072127,0.223551,0
607392235159289855,0.205308,0
607392235293507583,0.230293,0
607392235427725311,0.221161,0
607392235561943039,0.227143,0
607392235696160767,0.223904,0
607392235830378495,0.229197,0
607392236098813951,0.199475,0
607392236233031679,0.181446,0
607392236367249407,0.207675,0
607392236501467135,0.19504,0
607392236635684863,0.197808,0
607392236769902591,0.195426,0
607392236904120319,0.206078,0
607392237172555775,0.222043,0
607392237306773503,0.211915,0
607392237440991231,0.223064,0
607392237575208959,0.216449,0
607392237709426687,0.233982,0
607392237843644415,0.219844,0
607392237977862143,0.2218,0
607392239320039423,0.206016,0
607392239454257151,0.205084,0
607392239588474879,0.193604,0
607392239722692607,0.198217,0
607392239856910335,0.201997,0
607392239991128063,0.197668,0
607392240125345791,0.182365,0
607392240393781247,0.220079,0
607392240527998975,0.21839,0
607392240662216703,0.222992,0
607392240796434431,0.225958,0
607392240930652159,0.219481,0
607392241064869887,0.223372,0
607392241199087615,0.197848,0
607392241467523071,0.207563,0
607392241601740799,0.197616,0
607392241735958527,0.196416,0
607392241870176255,0.196092,0
607392242004393983,0.201051,0
607392242138611711,0.200161,0
607392242272829439,0.209627,0
607392242541264895,0.210174,0
607392242675482623,0.218522,0
607392242809700351,0.194533,0
607392242943918079,0.206174,0
607392243078135807,0.210497,0
607392243212353535,0.21597,0
607392243346571263,0.200222,0
607392243615006719,0.186068,0
607392243749224447,0.181958,0
607392243883442175,0.187613,0
607392244017659903,0.179125,0
607392244151877631,0.17459,0
607392244286095359,0.178694,0
607392244420313087,0.189987,0
607392244688748543,0.202343,0
607392244822966271,0.21022,0
607392244957183999,0.19856,0
607392245091401727,0.19997,0
607392245225619455,0.189239,0
607392245359837183,0.209449,0
607392245494054911,0.179285,0
607392245762490367,0.181263,0
607392245896708095,0.184983,0
607392246030925823,0.176935,0
607392246165143551,0.184457,0
607392246299361279,0.189038,0
607392246433579007,0.193981,0
607392246567796735,0.183966,0
607392247909974015,0.230561,0
607392248044191743,0.201125,0
607392248178409471,0.213578,0
607392248312627199,0.213518,0
607392248446844927,0.20593,0
607392248581062655,0.210121,0
607392248715280383,0.208962,0
607392248983715839,0.191007,0
607392249117933567,0.190258,0
607392249252151295,0.203289,0
607392249386369023,0.193292,0
607392249520586751,0.206224,0
607392249654804479,0.197438,0
607392249789022207,0.202543,0
607392250057457663,0.212309,0
607392250191675391,0.211837,0
607392250325893119,0.217851,0
607392250460110847,0.222558,0
607392250594328575,0.216938,0
607392250728546303,0.224643,0
607392250862764031,0.215321,0
607392251131199487,0.206235,0
607392251265417215,0.201429,0
607392251399634943,0.20715,0
607392251533852671,0.202992,0
607392251668070399,0.202226,0
607392251802288127,0.201908,0
607392251936505855,0.206087,0
607392252204941311,0.213068,0
607392252339159039,0.203566,0
607392252473376767,0.220676,0
607392252607594495,0.208699,0
607392252741812223,0.215885,0
607392252876029951,0.198148,0
607392253010247679,0.207595,0
607392253278683135,0.210584,0
607392253412900863,0.200564,0
607392253547118591,0.208962,0
607392253681336319,0.207477,0
607392253815554047,0.197459,0
607392253949771775,0.19586,0
607392254083989503,0.199803,0
607392254352424959,0.253051,0
607392254486642687,0.224658,0
607392254620860415,0.228833,0
607392254755078143,0.226863,0
607392254889295871,0.225787,0
607392255023513599,0.211631,0
607392255157731327,0.218614,0
607392256499908607,0.193343,0
607392256634126335,0.195907,0
607392256768344063,0.192872,0
607392256902561791,0.191451,0
607392257036779519,0.185743,0
607392257170997247,0.193547,0
607392257305214975,0.190585,0
607392257573650431,0.19854,0
607392257707868159,0.197914,0
607392257842085887,0.200025,0
607392257976303615,0.220788,0
607392258110521343,0.191869,0
607392258244739071,0.191746,0
607392258378956799,0.187363,0
607392258647392255,0.206202,0
607392258781609983,0.199876,0
607392258915827711,0.190525,0
607392259050045439,0.210133,0
607392259184263167,0.192465,0
607392259318480895,0.195087,0
607392259452698623,0.199654,0
607392259721134079,0.193257,0
607392259855351807,0.190964,0
607392259989569535,0.197664,0
607392260123787263,0.213412,0
607392260258004991,0.1883,0
607392260392222719,0.204658,0
607392260526440447,0.190037,0
607392260794875903,0.185181,0
607392260929093631,0.182389,0
607392261063311359,0.179936,0
607392261197529087,0.184733,0
607392261331746815,0.191037,0
607392261465964543,0.179726,0
607392261600182271,0.195705,0
607392261868617727,0.183609,0
607392262002835455,0.187698,0
607392262137053183,0.188662,0
607392262271270911,0.190449,0
607392262405488639,0.17566,0
607392262539706367,0.179463,0
607392262673924095,0.180139,0
607392262942359551,0.19136,0
607392263076577279,0.190089,0
607392263210795007,0.199595,0
607392263345012735,0.186584,0
607392263479230463,0.191479,0
607392263613448191,0.181743,0
607392263747665919,0.196478,0
607392265089843199,0.211449,0
607392265224060927,0.212191,0
607392265358278655,0.214626,0
607392265492496383,0.208899,0
607392265626714111,0.21276,0
607392265760931839,0.209141,0
607392265895149567,0.212552,0
607392266163585023,0.211468,0
607392266297802751,0.207126,0
607392266432020479,0.219387,0
607392266566238207,0.20836,0
607392266700455935,0.211176,0
607392266834673663,0.21487,0
607392266968891391,0.207232,0
607392267237326847,0.220319,0
607392267371544575,0.222455,0
607392267505762303,0.216658,0
607392267639980031,0.21761,0
607392267774197759,0.209873,0
607392267908415487,0.215132,0
607392268042633215,0.220685,0
607392268311068671,0.222201,0
607392268445286399,0.20293,0
607392268579504127,0.219048,0
607392268713721855,0.203928,0
607392268847939583,0.21476,0
607392268982157311,0.217043,0
607392269116375039,0.206466,0
607392269384810495,0.227967,0
607392269519028223,0.227339,0
607392269653245951,0.238032,0
607392269787463679,0.219744,0
607392269921681407,0.242578,0
607392270055899135,0.220506,0
607392270190116863,0.251085,0
607392270458552319,0.228095,0
607392270592770047,0.213478,0
607392270726987775,0.216258,0
607392270861205503,0.212712,0
607392270995423231,0.213944,0
607392271129640959,0.211698,0
607392271263858687,0.214702,0
607392271532294143,0.231896,0
607392271666511871,0.221875,0
607392271800729599,0.230208,0
607392271934947327,0.211626,0
607392272069165055,0.234931,0
607392272203382783,0.228245,0
607392272337600511,0.22952,0
607392282269712383,0.205445,0
607392282403930111,0.214377,0
607392282538147839,0.199476,0
607392282672365567,0.208432,0
607392282806583295,0.210141,0
607392282940801023,0.199403,0
607392283075018751,0.210533,0
607392283343454207,0.217801,0
607392283477671935,0.213581,0
607392283611889663,0.216414,0
607392283746107391,0.217085,0
607392283880325119,0.22008,0
607392284014542847,0.21672,0
607392284148760575,0.215829,0
607392284417196031,0.202994,0
607392284551413759,0.218005,0
607392284685631487,0.212924,0
607392284819849215,0.215682,0
607392284954066943,0.198381,0
607392285088284671,0.204856,0
607392285222502399,0.22283,0
607392285490937855,0.21363,0
607392285625155583,0.21259,0
607392285759373311,0.205812,0
607392285893591039,0.208693,0
607392286027808767,0.202408,0
607392286162026495,0.213003,0
607392286296244223,0.212115,0
607392286564679679,0.221987,0
607392286698897407,0.221242,0
607392286833115135,0.215124,0
607392286967332863,0.222754,0
607392287101550591,0.221326,0
607392287235768319,0.231572,0
607392287369986047,0.222782,0
607392287638421503,0.198237,0
607392287772639231,0.202433,0
607392287906856959,0.208062,0
607392288041074687,0.208551,0
607392288175292415,0.199386,0
607392288309510143,0.19415,0
607392288443727871,0.224646,0
607392288712163327,0.206159,0
607392288846381055,0.206337,0
607392288980598783,0.199805,0
607392289114816511,0.207446,0
607392289249034239,0.20218,0
607392289383251967,0.217261,0
607392289517469695,0.203823,0
607392290859646975,0.20165,0
607392290993864703,0.212523,0
607392291128082431,0.186861,0
607392291262300159,0.209606,0
607392291396517887,0.209822,0
607392291530735615,0.197568,0
607392291664953343,0.210981,0
607392291933388799,0.203598,0
607392292067606527,0.194917,0
607392292201824255,0.195729,0
607392292336041983,0.164578,0
607392292470259711,0.209224,0
607392292604477439,0.187633,0
607392292738695167,0.198508,0
607392293007130623,0.172182,0
607392293141348351,0.165549,0
607392293275566079,0.174334,0
607392293409783807,0.176727,0
607392293544001535,0.18909,0
607392293678219263,0.184012,0
607392293812436991,0.182551,0
607392294080872447,0.175237,0
607392294215090175,0.168413,0
607392294349307903,0.166566,0
607392294483525631,0.157717,0
607392294617743359,0.189757,0
607392294751961087,0.162806,0
607392294886178815,0.167481,0
607392295154614271,0.206457,0
607392295288831999,0.216039,0
607392295423049727,0.214474,0
607392295557267455,0.21978,0
607392295691485183,0.194766,0
607392295825702911,0.196328,0
607392295959920639,0.208819,0
607392296228356095,0.181309,0
607392296362573823,0.188241,0
607392296496791551,0.209518,0
607392296631009279,0.216764,0
607392296765227007,0.1748,0
607392296899444735,0.171559,0
607392297033662463,0.183946,0
607392297302097919,0.228467,0
607392297436315647,0.214023,0
607392297570533375,0.223728,0
607392297704751103,0.226621,0
607392297838968831,0.23659,0
607392297973186559,0.218329,0
607392298107404287,0.219689,0
607392299449581567,0.218873,0
607392299583799295,0.219452,0
607392299718017023,0.207672,0
607392299852234751,0.219329,0
607392299986452479,0.239672,0
607392300120670207,0.217181,0
607392300254887935,0.218488,0
607392300523323391,0.198006,0
607392300657541119,0.217452,0
607392300791758847,0.211855,0
607392300925976575,0.214909,0
607392301060194303,0.217627,0
607392301194412031,0.209847,0
607392301328629759,0.234377,0
607392301597065215,0.21598,0
607392301731282943,0.211299,0
607392301865500671,0.211434,0
607392301999718399,0.211519,0
607392302133936127,0.203042,0
607392302268153855,0.212748,0
607392302402371583,0.208244,0
607392302670807039,0.220244,0
607392302805024767,0.204994,0
607392302939242495,0.203625,0
607392303073460223,0.19551,0
607392303207677951,0.221738,0
607392303341895679,0.209926,0
607392303476113407,0.218123,0
607392303744548863,0.219909,0
607392303878766591,0.233642,0
607392304012984319,0.227231,0
607392304147202047,0.225213,0
607392304281419775,0.230073,0
607392304415637503,0.226322,0
607392304549855231,0.235296,0
607392304818290687,0.210905,0
607392304952508415,0.239153,0
607392305086726143,0.216211,0
607392305220943871,0.224715,0
607392305355161599,0.195482,0
607392305489379327,0.213311,0
607392305623597055,0.222961,0
607392305892032511,0.226249,0
607392306026250239,0.222639,0
607392306160467967,0.220355,0
607392306294685695,0.212649,0
607392306428903423,0.237234,0
607392306563121151,0.226333,0
607392306697338879,0.232326,0
607392308039516159,0.206264,0
607392308173733887,0.200779,0
607392308307951615,0.2105,0
607392308442169343,0.221258,0
607392308576387071,0.206601,0
607392308710604799,0.203528,0
607392308844822527,0.214067,0
607392309113257983,0.170428,0
607392309247475711,0.176781,0
607392309381693439,0.17983,0
607392309515911167,0.180083,0
607392309650128895,0.182005,0
607392309784346623,0.17268,0
607392309918564351,0.181528,0
607392310186999807,0.207481,0
607392310321217535,0.204187,0
607392310455435263,0.205405,0
607392310589652991,0.209542,0
607392310723870719,0.209235,0
607392310858088447,0.209641,0
607392310992306175,0.201042,0
607392311260741631,0.177189,0
607392311394959359,0.167553,0
607392311529177087,0.175174,0
607392311663394815,0.182628,0
607392311797612543,0.192698,0
607392311931830271,0.186462,0
607392312066047999,0.189436,0
607392312334483455,0.217511,0
607392312468701183,0.223137,0
607392312602918911,0.221002,0
607392312737136639,0.218984,0
607392312871354367,0.20855,0
607392313005572095,0.221195,0
607392313139789823,0.218081,0
607392313408225279,0.196678,0
607392313542443007,0.186819,0
607392313676660735,0.20362,0
607392313810878463,0.210102,0
607392313945096191,0.214101,0
607392314079313919,0.202965,0
607392314213531647,0.217063,0
607392314481967103,0.210232,0
607392314616184831,0.213461,0
607392314750402559,0.205441,0
607392314884620287,0.203178,0
607392315018838015,0.216888,0
607392315153055743,0.230355,0
607392315287273471,0.21107,0
607392316629450751,0.203087,0
607392316763668479,0.219448,0
607392316897886207,0.198203,0
607392317032103935,0.214888,0
607392317166321663,0.203889,0
607392317300539391,0.199875,0
607392317434757119,0.199304,0
607392317703192575,0.220207,0
607392317837410303,0.224283,0
607392317971628031,0.205189,0
607392318105845759,0.218426,0
607392318240063487,0.195656,0
607392318374281215,0.205298,0
607392318508498943,0.215259,0
607392318776934399,0.207086,0
607392318911152127,0.219172,0
607392319045369855,0.231969,0
607392319179587583,0.228554,0
607392319313805311,0.196032,0
607392319448023039,0.212915,0
607392319582240767,0.220066,0
607392319850676223,0.218625,0
607392319984893951,0.213795,0
607392320119111679,0.226373,0
607392320253329407,0.230468,0
607392320387547135,0.208709,0
607392320521764863,0.205438,0
607392320655982591,0.210367,0
607392320924418047,0.192011,0
607392321058635775,0.205721,0
607392321192853503,0.189135,0
607392321327071231,0.204329,0
607392321461288959,0.192075,0
607392321595506687,0.189467,0
607392321729724415,0.185043,0
607392321998159871,0.196755,0
607392322132377599,0.193928,0
607392322266595327,0.19268,0
607392322400813055,0.199511,0
607392322535030783,0.188999,0
607392322669248511,0.194157,0
607392322803466239,0.194763,0
607392323071901695,0.196841,0
607392323206119423,0.197979,0
607392323340337151,0.19581,0
607392323474554879,0.197859,0
607392323608772607,0.181514,0
607392323742990335,0.197716,0
607392323877208063,0.181591,0
607392325219385343,0.21561,0
607392325353603071,0.211237,0
607392325487820799,0.190608,0
607392325622038527,0.199767,0
607392325756256255,0.198912,0
607392325890473983,0.197883,0
607392326024691711,0.206647,0
607392326293127167,0.191578,0
607392326427344895,0.180917,0
607392326561562623,0.206205,0
607392326695780351,0.198106,0
607392326829998079,0.196021,0
607392326964215807,0.184923,0
607392327098433535,0.194536,0
607392327366868991,0.187854,0
607392327501086719,0.196044,0
607392327635304447,0.19299,0
607392327769522175,0.195083,0
607392327903739903,0.208336,0
607392328037957631,0.199134,0
607392328172175359,0.199432,0
607392328440610815,0.191336,0
607392328574828543,0.177386,0
607392328709046271,0.193938,0
607392328843263999,0.189712,0
607392328977481727,0.194587,0
607392329111699455,0.191353,0
607392329245917183,0.199984,0
607392329514352639,0.21862,0
607392329648570367,0.218485,0
607392329782788095,0.218273,0
607392329917005823,0.214905,0
607392330051223551,0.201449,0
607392330185441279,0.21356,0
607392330319659007,0.224392,0
607392330588094463,0.200224,0
607392330722312191,0.211526,0
607392330856529919,0.194743,0
607392330990747647,0.199301,0
607392331124965375,0.198474,0
607392331259183103,0.201712,0
607392331393400831,0.203171,0
607392331661836287,0.187201,0
607392331796054015,0.210187,0
607392331930271743,0.192405,0
607392332064489471,0.193408,0
607392332198707199,0.20559,0
607392332332924927,0.208223,0
607392332467142655,0.197139,0
607392333809319935,0.236789,0
607392333943537663,0.22553,0
607392334077755391,0.20995,0
607392334211973119,0.208543,0
607392334346190847,0.198412,0
607392334480408575,0.22809,0
607392334614626303,0.222577,0
607392334883061759,0.228167,0
607392335017279487,0.232528,0
607392335151497215,0.21492,0
607392335285714943,0.215031,0
607392335419932671,0.234206,0
607392335554150399,0.23439,0
607392335688368127,0.242177,0
607392335956803583,0.20733,0
607392336091021311,0.232247,0
607392336225239039,0.214549,0
607392336359456767,0.238208,0
607392336493674495,0.206413,0
607392336627892223,0.209481,0
607392336762109951,0.200404,0
607392337030545407,0.210196,0
607392337164763135,0.200489,0
607392337298980863,0.22174,0
607392337433198591,0.218247,0
607392337567416319,0.20537,0
607392337701634047,0.211388,0
607392337835851775,0.225785,0
607392338104287231,0.201805,0
607392338238504959,0.210086,0
607392338372722687,0.202083,0
607392338506940415,0.199914,0
607392338641158143,0.207932,0
607392338775375871,0.207149,0
607392338909593599,0.20258,0
607392339178029055,0.212087,0
607392339312246783,0.234195,0
607392339446464511,0.197635,0
607392339580682239,0.226891,0
607392339714899967,0.194302,0
607392339849117695,0.211403,0
607392339983335423,0.20168,0
607392340251770879,0.19844,0
607392340385988607,0.217163,0
607392340520206335,0.195642,0
607392340654424063,0.209803,0
607392340788641791,0.199715,0
607392340922859519,0.214726,0
607392341057077247,0.202863,0
607392350989189119,0.221216,0
607392351123406847,0.22075,0
607392351257624575,0.206112,0
607392351391842303,0.204987,0
607392351526060031,0.229405,0
607392351660277759,0.224218,0
607392351794495487,0.216081,0
607392352062930943,0.212802,0
607392352197148671,0.207974,0
607392352331366399,0.212413,0
607392352465584127,0.216015,0
607392352599801855,0.21922,0
607392352734019583,0.212082,0
607392352868237311,0.213009,0
607392353136672767,0.19374,0
607392353270890495,0.185974,0
607392353405108223,0.217103,0
607392353539325951,0.20614,0
607392353673543679,0.203746,0
607392353807761407,0.197484,0
607392353941979135,0.19886,0
607392354210414591,0.20417,0
607392354344632319,0.199475,0
607392354478850047,0.191933,0
607392354613067775,0.20567,0
607392354747285503,0.210877,0
607392354881503231,0.212004,0
607392355015720959,0.202624,0
607392355284156415,0.213815,0
607392355418374143,0.212112,0
607392355552591871,0.221081,0
607392355686809599,0.210261,0
607392355821027327,0.217892,0
607392355955245055,0.212398,0
607392356089462783,0.205692,0
607392356357898239,0.211747,0
607392356492115967,0.20749,0
607392356626333695,0.225525,0
607392356760551423,0.225775,0
607392356894769151,0.220681,0
607392357028986879,0.21419,0
607392357163204607,0.210143,0
607392357431640063,0.200708,0
607392357565857791,0.199024,0
607392357700075519,0.199655,0
607392357834293247,0.193261,0
607392357968510975,0.213085,0
607392358102728703,0.206177,0
607392358236946431,0.201039,0
607392359579123711,0.220908,0
607392359713341439,0.214712,0
607392359847559167,0.212144,0
607392359981776895,0.215318,0
607392360115994623,0.227716,0
607392360250212351,0.213174,0
607392360384430079,0.222673,0
607392360652865535,0.193485,0
607392360787083263,0.20625,0
607392360921300991,0.20858,0
607392361055518719,0.204216,0
607392361189736447,0.206663,0
607392361323954175,0.209421,0
607392361458171903,0.205424,0
607392361726607359,0.188993,0
607392361860825087,0.194843,0
607392361995042815,0.2076,0
607392362129260543,0.210564,0
607392362263478271,0.201689,0
607392362397695999,0.19116,0
607392362531913727,0.198475,0
607392362800349183,0.202003,0
607392362934566911,0.184769,0
607392363068784639,0.203462,0
607392363203002367,0.193636,0
607392363337220095,0.210356,0
607392363471437823,0.18857,0
607392363605655551,0.212026,0
607392363874091007,0.191069,0
607392364008308735,0.200413,0
607392364142526463,0.208795,0
607392364276744191,0.210363,0
607392364410961919,0.227619,0
607392364545179647,0.189666,0
607392364679397375,0.201752,0
607392364947832831,0.22046,0
607392365082050559,0.20907,0
607392365216268287,0.213049,0
607392365350486015,0.203087,0
607392365484703743,0.197631,0
607392365618921471,0.20207,0
607392365753139199,0.194153,0
607392366021574655,0.205629,0
607392366155792383,0.221368,0
607392366290010111,0.217871,0
607392366424227839,0.22387,0
607392366558445567,0.219521,0
607392366692663295,0.216601,0
607392366826881023,0.201902,0
607392368169058303,0.188422,0
607392368303276031,0.18249,0
607392368437493759,0.20112,0
607392368571711487,0.200645,0
607392368705929215,0.192252,0
607392368840146943,0.190152,0
607392368974364671,0.18301,0
607392369242800127,0.17881,0
607392369377017855,0.189145,0
607392369511235583,0.179745,0
607392369645453311,0.190469,0
607392369779671039,0.209653,0
607392369913888767,0.209803,0
607392370048106495,0.176932,0
607392370316541951,0.17009,0
607392370450759679,0.166223,0
607392370584977407,0.177062,0
607392370719195135,0.17504,0
607392370853412863,0.205236,0
607392370987630591,0.191514,0
607392371121848319,0.180872,0
607392371390283775,0.166861,0
607392371524501503,0.15773,0
607392371658719231,0.163787,0
607392371792936959,0.167653,0
607392371927154687,0.196433,0
607392372061372415,0.187038,0
607392372195590143,0.181416,0
607392372464025599,0.183924,0
607392372598243327,0.18948,0
607392372732461055,0.190677,0
607392372866678783,0.183702,0
607392373000896511,0.205829,0
607392373135114239,0.200746,0
607392373269331967,0.196679,0
607392373537767423,0.213148,0
607392373671985151,0.215539,0
607392373806202879,0.203913,0
607392373940420607,0.207745,0
607392374074638335,0.204638,0
607392374208856063,0.192742,0
607392374343073791,0.214004,0
607392374611509247,0.183392,0
607392374745726975,0.212488,0
607392374879944703,0.194203,0
607392375014162431,0.188668,0
607392375148380159,0.192968,0
607392375282597887,0.185981,0
607392375416815615,0.189059,0
607392376758992895,0.193531,0
607392376893210623,0.168674,0
607392377027428351,0.168102,0
607392377161646079,0.164802,0
607392377295863807,0.205081,0
607392377430081535,0.195738,0
607392377564299263,0.186405,0
607392377832734719,0.18155,0
607392377966952447,0.194794,0
607392378101170175,0.173578,0
607392378235387903,0.162253,0
607392378369605631,0.214085,0
607392378503823359,0.205186,0
607392378638041087,0.191195,0
607392378906476543,0.158252,0
607392379040694271,0.167512,0
607392379174911999,0.163657,0
607392379309129727,0.172934,0
607392379443347455,0.164084,0
607392379577565183,0.164966,0
607392379711782911,0.15574,0
607392379980218367,0.167562,0
607392380114436095,0.173659,0
607392380248653823,0.169602,0
607392380382871551,0.170627,0
607392380517089279,0.174702,0
607392380651307007,0.18467,0
607392380785524735,0.164723,0
607392381053960191,0.196886,0
607392381188177919,0.194228,0
607392381322395647,0.194371,0
607392381456613375,0.197089,0
607392381590831103,0.193216,0
607392381725048831,0.196727,0
607392381859266559,0.199288,0
607392382127702015,0.196475,0
607392382261919743,0.198407,0
607392382396137471,0.203122,0
607392382530355199,0.21375,0
607392382664572927,0.197195,0
607392382798790655,0.201114,0
607392382933008383,0.18583,0
607392383201443839,0.181203,0
607392383335661567,0.164681,0
607392383469879295,0.160672,0
607392383604097023,0.163996,0
607392383738314751,0.188446,0
607392383872532479,0.18552,0
607392384006750207,0.17234,0
607392385348927487,0.233384,0
607392385483145215,0.248795,0
607392385617362943,0.21519,0
607392385751580671,0.224948,0
607392385885798399,0.219772,0
607392386020016127,0.24126,0
607392386154233855,0.218826,0
607392386422669311,0.208203,0
607392386556887039,0.19875,0
607392386691104767,0.219928,0
607392386825322495,0.206407,0
607392386959540223,0.215179,0
607392387093757951,0.207563,0
607392387227975679,0.219444,0
607392387496411135,0.223618,0
607392387630628863,0.219936,0
607392387764846591,0.227698,0
607392387899064319,0.22429,0
607392388033282047,0.220636,0
607392388167499775,0.213624,0
607392388301717503,0.21955,0
607392388570152959,0.221429,0
607392388704370687,0.212917,0
607392388838588415,0.21636,0
607392388972806143,0.205157,0
607392389107023871,0.226811,0
607392389241241599,0.210188,0
607392389375459327,0.215711,0
607392389643894783,0.218623,0
607392389778112511,0.228324,0
607392389912330239,0.210918,0
607392390046547967,0.210354,0
607392390180765695,0.204975,0
607392390314983423,0.224311,0
607392390449201151,0.215218,0
607392390717636607,0.215127,0
607392390851854335,0.213332,0
607392390986072063,0.225392,0
607392391120289791,0.214561,0
607392391254507519,0.222708,0
607392391388725247,0.212721,0
607392391522942975,0.227779,0
607392391791378431,0.21766,0
607392391925596159,0.220748,0
607392392059813887,0.211573,0
607392392194031615,0.215465,0
607392392328249343,0.21469,0
607392392462467071,0.219732,0
607392392596684799,0.213185,0
607392393938862079,0.20162,0
607392394073079807,0.197101,0
607392394207297535,0.201338,0
607392394341515263,0.201143,0
607392394475732991,0.209588,0
607392394609950719,0.19977,0
607392394744168447,0.194792,0
607392395012603903,0.182733,0
607392395146821631,0.185112,0
607392395281039359,0.18466,0
607392395415257087,0.183404,0
607392395549474815,0.189402,0
607392395683692543,0.184391,0
607392395817910271,0.193004,0
607392396086345727,0.230627,0
607392396220563455,0.23315,0
607392396354781183,0.211656,0
607392396488998911,0.233119,0
607392396623216639,0.208327,0
607392396757434367,0.206868,0
607392396891652095,0.213511,0
607392397160087551,0.186293,0
607392397294305279,0.183411,0
607392397428523007,0.189848,0
607392397562740735,0.192655,0
607392397696958463,0.191408,0
607392397831176191,0.177437,0
607392397965393919,0.196843,0
607392398233829375,0.197545,0
607392398368047103,0.192712,0
607392398502264831,0.199736,0
607392398636482559,0.216322,0
607392398770700287,0.178514,0
607392398904918015,0.18416,0
607392399039135743,0.197964,0
607392399307571199,0.206887,0
607392399441788927,0.204604,0
607392399576006655,0.209139,0
607392399710224383,0.209343,0
607392399844442111,0.186027,0
607392399978659839,0.187597,0
607392400112877567,0.198548,0
607392400381313023,0.21464,0
607392400515530751,0.203194,0
607392400649748479,0.215123,0
607392400783966207,0.214555,0
607392400918183935,0.20473,0
607392401052401663,0.217991,0
607392401186619391,0.206743,0
607392402528796671,0.216786,0
607392402663014399,0.218883,0
607392402797232127,0.230899,0
607392402931449855,0.210724,0
607392403065667583,0.228071,0
607392403199885311,0.22243,0
607392403334103039,0.224497,0
607392403602538495,0.225745,0
607392403736756223,0.215678,0
607392403870973951,0.215989,0
607392404005191679,0.210037,0
607392404139409407,0.235378,0
607392404273627135,0.220732,0
607392404407844863,0.219311,0
607392404676280319,0.218707,0
607392404810498047,0.218544,0
607392404944715775,0.20743,0
607392405078933503,0.211645,0
607392405213151231,0.232215,0
607392405347368959,0.214392,0
607392405481586687,0.214287,0
607392405750022143,0.195759,0
607392405884239871,0.197337,0
607392406018457599,0.21435,0
607392406152675327,0.203721,0
607392406286893055,0.203709,0
607392406421110783,0.197771,0
607392406555328511,0.206864,0
607392406823763967,0.230589,0
607392406957981695,0.223484,0
607392407092199423,0.236434,0
607392407226417151,0.226099,0
607392407360634879,0.219573,0
607392407494852607,0.220074,0
607392407629070335,0.231037,0
607392407897505791,0.216801,0
607392408031723519,0.220389,0
607392408165941247,0.227745,0
607392408300158975,0.227357,0
607392408434376703,0.212047,0
607392408568594431,0.21541,0
607392408702812159,0.221656,0
607392408971247615,0.21757,0
607392409105465343,0.241128,0
607392409239683071,0.218876,0
607392409373900799,0.230625,0
607392409508118527,0.231701,0
607392409642336255,0.235197,0
607392409776553983,0.220753,0
607392419708665855,0.180319,0
607392419842883583,0.178043,0
607392419977101311,0.171024,0
607392420111319039,0.177555,0
607392420245536767,0.182687,0
607392420379754495,0.185058,0
607392420513972223,0.169396,0
607392420782407679,0.175568,0
607392420916625407,0.19836,0
607392421050843135,0.174449,0
607392421185060863,0.183807,0
607392421319278591,0.18336,0
607392421453496319,0.189313,0
607392421587714047,0.177952,0
607392421856149503,0.166697,0
607392421990367231,0.17247,0
607392422124584959,0.155683,0
607392422258802687,0.168099,0
607392422393020415,0.160884,0
607392422527238143,0.16731,0
607392422661455871,0.14894,0
607392422929891327,0.170635,0
607392423064109055,0.196829,0
607392423198326783,0.16383,0
607392423332544511,0.185135,0
607392423466762239,0.179021,0
607392423600979967,0.202547,0
607392423735197695,0.165941,0
607392424003633151,0.173336,0
607392424137850879,0.161476,0
607392424272068607,0.170725,0
607392424406286335,0.163265,0
607392424540504063,0.186685,0
607392424674721791,0.159635,0
607392424808939519,0.189276,0
607392425077374975,0.181636,0
607392425211592703,0.188234,0
607392425345810431,0.180845,0
607392425480028159,0.190638,0
607392425614245887,0.18871,0
607392425748463615,0.185562,0
607392425882681343,0.172293,0
607392426151116799,0.162953,0
607392426285334527,0.169345,0
607392426419552255,0.15628,0
607392426553769983,0.160987,0
607392426687987711,0.180744,0
607392426822205439,0.155225,0
607392426956423167,0.167741,0
607392428298600447,0.181849,0
607392428432818175,0.163392,0
607392428567035903,0.187351,0
607392428701253631,0.167634,0
607392428835471359,0.202063,0
607392428969689087,0.165797,0
607392429103906815,0.212926,0
607392429372342271,0.157604,0
607392429506559999,0.155214,0
607392429640777727,0.146762,0
607392429774995455,0.140936,0
607392429909213183,0.161956,0
607392430043430911,0.149712,0
607392430177648639,0.158446,0
607392430446084095,0.174168,0
607392430580301823,0.152512,0
607392430714519551,0.164896,0
607392430848737279,0.152036,0
607392430982955007,0.197726,0
607392431117172735,0.174323,0
607392431251390463,0.19107,0
607392431519825919,0.147934,0
607392431654043647,0.136471,0
607392431788261375,0.140211,0
607392431922479103,0.140925,0
607392432056696831,0.14885,0
607392432190914559,0.136347,0
607392432325132287,0.145298,0
607392432593567743,0.208471,0
607392432727785471,0.206527,0
607392432862003199,0.218815,0
607392432996220927,0.213773,0
607392433130438655,0.19136,0
607392433264656383,0.217163,0
607392433398874111,0.192173,0
607392433667309567,0.179648,0
607392433801527295,0.174244,0
607392433935745023,0.175376,0
607392434069962751,0.162522,0
607392434204180479,0.196445,0
607392434338398207,0.170856,0
607392434472615935,0.205782,0
607392434741051391,0.204561,0
607392434875269119,0.212981,0
607392435009486847,0.1894,0
607392435143704575,0.194103,0
607392435277922303,0.180684,0
607392435412140031,0.204567,0
607392435546357759,0.196676,0
607392436888535039,0.150467,0
607392437022752767,0.145471,0
607392437156970495,0.155505,0
607392437291188223,0.151352,0
607392437425405951,0.162625,0
607392437559623679,0.149185,0
607392437693841407,0.164762,0
607392437962276863,0.145671,0
607392438096494591,0.156494,0
607392438230712319,0.142706,0
607392438364930047,0.150158,0
607392438499147775,0.161282,0
607392438633365503,0.159234,0
607392438767583231,0.138711,0
607392439036018687,0.140662,0
607392439170236415,0.141783,0
607392439304454143,0.132134,0
607392439438671871,0.141684,0
607392439572889599,0.145627,0
607392439707107327,0.142568,0
607392439841325055,0.152275,0
607392440109760511,0.156343,0
607392440243978239,0.154189,0
607392440378195967,0.138302,0
607392440512413695,0.145217,0
607392440646631423,0.151345,0
607392440780849151,0.152785,0
607392440915066879,0.140204,0
607392441183502335,0.186959,0
607392441317720063,0.174273,0
607392441451937791,0.192543,0
607392441586155519,0.160708,0
607392441720373247,0.208087,0
607392441854590975,0.191176,0
607392441988808703,0.208953,0
607392442257244159,0.156002,0
607392442391461887,0.159206,0
607392442525679615,0.163022,0
607392442659897343,0.159286,0
607392442794115071,0.175205,0
607392442928332799,0.1588,0
607392443062550527,0.170596,0
607392443330985983,0.171665,0
607392443465203711,0.156611,0
607392443599421439,0.173967,0
607392443733639167,0.157818,0
607392443867856895,0.190441,0
607392444002074623,0.169158,0
607392444136292351,0.186468,0
607392445478469631,0.167428,0
607392445612687359,0.175241,0
607392445746905087,0.171379,0
607392445881122815,0.182279,0
607392446015340543,0.180795,0
607392446149558271,0.174844,0
607392446283775999,0.163515,0
607392446552211455,0.156442,0
607392446686429183,0.152221,0
607392446820646911,0.139133,0
607392446954864639,0.147185,0
607392447089082367,0.177295,0
607392447223300095,0.159004,0
607392447357517823,0.172585,0
607392447625953279,0.167013,0
607392447760171007,0.16885,0
607392447894388735,0.16037,0
607392448028606463,0.166437,0
607392448162824191,0.158019,0
607392448297041919,0.160835,0
607392448431259647,0.169043,0
607392448699695103,0.139337,0
607392448833912831,0.136646,0
607392448968130559,0.137378,0
607392449102348287,0.132211,0
607392449236566015,0.159833,0
607392449370783743,0.141492,0
607392449505001471,0.160882,0
607392449773436927,0.15114,0
607392449907654655,0.180335,0
607392450041872383,0.163474,0
607392450176090111,0.161973,0
607392450310307839,0.162499,0
607392450444525567,0.170605,0
607392450578743295,0.163758,0
607392450847178751,0.178469,0
607392450981396479,0.187367,0
607392451115614207,0.181845,0
607392451249831935,0.189335,0
607392451384049663,0.177737,0
607392451518267391,0.185782,0
607392451652485119,0.182961,0
607392451920920575,0.140605,0
607392452055138303,0.161233,0
607392452189356031,0.152296,0
607392452323573759,0.160145,0
607392452457791487,0.152281,0
607392452592009215,0.146466,0
607392452726226943,0.148507,0
607392454068404223,0.209725,0
607392454202621951,0.207489,0
607392454336839679,0.211222,0
607392454471057407,0.211205,0
607392454605275135,0.210669,0
607392454739492863,0.216682,0
607392454873710591,0.224083,0
607392455142146047,0.189889,0
607392455276363775,0.199977,0
607392455410581503,0.189179,0
607392455544799231,0.186638,0
607392455679016959,0.211989,0
607392455813234687,0.196406,0
607392455947452415,0.201711,0
607392456215887871,0.195208,0
607392456350105599,0.188549,0
607392456484323327,0.202928,0
607392456618541055,0.173146,0
607392456752758783,0.217846,0
607392456886976511,0.203918,0
607392457021194239,0.21365,0
607392457289629695,0.188756,0
607392457423847423,0.175187,0
607392457558065151,0.187186,0
607392457692282879,0.173986,0
607392457826500607,0.206384,0
607392457960718335,0.190258,0
607392458094936063,0.203073,0
607392458363371519,0.211555,0
607392458497589247,0.217685,0
607392458631806975,0.208344,0
607392458766024703,0.210207,0
607392458900242431,0.224616,0
607392459034460159,0.222277,0
607392459168677887,0.223152,0
607392459437113343,0.211725,0
607392459571331071,0.209163,0
607392459705548799,0.216811,0
607392459839766527,0.216898,0
607392459973984255,0.212623,0
607392460108201983,0.19834,0
607392460242419711,0.219937,0
607392460510855167,0.214297,0
607392460645072895,0.221449,0
607392460779290623,0.215908,0
607392460913508351,0.220141,0
607392461047726079,0.220143,0
607392461181943807,0.216505,0
607392461316161535,0.218217,0
607392462658338815,0.184831,0
607392462792556543,0.198219,0
607392462926774271,0.187786,0
607392463060991999,0.198954,0
607392463195209727,0.199845,0
607392463329427455,0.20191,0
607392463463645183,0.180019,0
607392463732080639,0.191009,0
607392463866298367,0.203104,0
607392464000516095,0.190663,0
607392464134733823,0.206536,0
607392464268951551,0.195847,0
607392464403169279,0.200774,0
607392464537387007,0.194693,0
607392464805822463,0.182501,0
607392464940040191,0.198598,0
607392465074257919,0.182364,0
607392465208475647,0.199327,0
607392465342693375,0.181108,0
607392465476911103,0.194215,0
607392465611128831,0.176671,0
607392465879564287,0.199553,0
607392466013782015,0.221368,0
607392466147999743,0.195392,0
607392466282217471,0.22302,0
607392466416435199,0.210984,0
607392466550652927,0.222588,0
607392466684870655,0.199371,0
607392466953306111,0.200841,0
607392467087523839,0.202908,0
607392467221741567,0.195943,0
607392467355959295,0.182758,0
607392467490177023,0.19748,0
607392467624394751,0.197117,0
607392467758612479,0.201166,0
607392468027047935,0.186339,0
607392468161265663,0.201858,0
607392468295483391,0.193519,0
607392468429701119,0.19614,0
607392468563918847,0.194921,0
607392468698136575,0.197257,0
607392468832354303,0.202228,0
607392469100789759,0.19332,0
607392469235007487,0.182677,0
607392469369225215,0.188626,0
607392469503442943,0.181915,0
607392469637660671,0.211093,0
607392469771878399,0.194986,0
607392469906096127,0.190603,0
607392471248273407,0.206806,0
607392471382491135,0.21423,0
607392471516708863,0.205333,0
607392471650926591,0.205465,0
607392471785144319,0.206816,0
607392471919362047,0.208725,0
607392472053579775,0.20749,0
607392472322015231,0.183068,0
607392472456232959,0.173906,0
607392472590450687,0.194545,0
607392472724668415,0.171156,0
607392472858886143,0.222349,0
607392472993103871,0.183108,0
607392473127321599,0.214934,0
607392473395757055,0.205867,0
607392473529974783,0.200748,0
607392473664192511,0.184711,0
607392473798410239,0.207646,0
607392473932627967,0.188504,0
607392474066845695,0.200444,0
607392474201063423,0.196695,0
607392474469498879,0.192736,0
607392474603716607,0.160645,0
607392474737934335,0.204561,0
607392474872152063,0.173313,0
607392475006369791,0.209814,0
607392475140587519,0.175848,0
607392475274805247,0.208912,0
607392475543240703,0.195332,0
607392475677458431,0.214324,0
607392475811676159,0.194951,0
607392475945893887,0.202713,0
607392476080111615,0.192877,0
607392476214329343,0.207718,0
607392476348547071,0.175558,0
607392476616982527,0.20496,0
607392476751200255,0.226967,0
607392476885417983,0.197256,0
607392477019635711,0.216796,0
607392477153853439,0.213221,0
607392477288071167,0.210839,0
607392477422288895,0.198215,0
607392477690724351,0.194891,0
607392477824942079,0.197902,0
607392477959159807,0.199861,0
607392478093377535,0.192288,0
607392478227595263,0.184753,0
607392478361812991,0.195556,0
607392478496030719,0.175805,0
607392488428142591,0.29643,0
607392488562360319,0.284757,0
607392488696578047,0.300076,0
607392488830795775,0.284334,0
607392488965013503,0.283837,0
607392489099231231,0.285466,0
607392489233448959,0.299643,0
607392489501884415,0.275244,0
607392489636102143,0.281438,0
607392489770319871,0.273578,0
607392489904537599,0.272668,0
607392490038755327,0.283597,0
607392490172973055,0.266081,0
607392490307190783,0.278708,0
607392490575626239,0.298295,0
607392490709843967,0.282584,0
607392490844061695,0.288772,0
607392490978279423,0.27221,0
607392491112497151,0.297649,0
607392491246714879,0.287878,0
607392491380932607,0.301403,0
607392491649368063,0.267126,0
607392491783585791,0.283902,0
607392491917803519,0.276711,0
607392492052021247,0.268152,0
607392492186238975,0.287565,0
607392492320456703,0.268387,0
607392492454674431,0.286965,0
607392492723109887,0.302871,0
607392492857327615,0.284186,0
607392492991545343,0.325023,0
607392493125763071,0.299573,0
607392493259980799,0.311603,0
607392493394198527,0.289599,0
607392493528416255,0.336093,0
607392493796851711,0.285676,0
607392493931069439,0.293946,0
607392494065287167,0.285175,0
607392494199504895,0.281055,0
607392494333722623,0.289509,0
607392494467940351,0.283263,0
607392494602158079,0.277269,0
607392494870593535,0.309175,0
607392495004811263,0.306277,0
607392495139028991,0.330953,0
607392495273246719,0.305596,0
607392495407464447,0.330769,0
607392495541682175,0.300004,0
607392495675899903,0.335891,0
607392497018077183,0.218209,0
607392497152294911,0.224982,0
607392497286512639,0.224007,0
607392497420730367,0.217052,0
607392497554948095,0.222866,0
607392497689165823,0.220517,0
607392497823383551,0.23904,0
607392498091819007,0.212505,0
607392498226036735,0.20481,0
607392498360254463,0.211169,0
607392498494472191,0.224129,0
607392498628689919,0.206766,0
607392498762907647,0.199525,0
607392498897125375,0.210288,0
607392499165560831,0.222332,0
607392499299778559,0.217335,0
607392499433996287,0.235676,0
607392499568214015,0.223954,0
607392499702431743,0.263666,0
607392499836649471,0.238178,0
607392499970867199,0.229784,0
607392500239302655,0.234866,0
607392500373520383,0.214755,0
607392500507738111,0.222679,0
607392500641955839,0.199094,0
607392500776173567,0.211097,0
607392500910391295,0.222338,0
607392501044609023,0.249816,0
607392501313044479,0.23348,0
607392501447262207,0.215076,0
607392501581479935,0.260377,0
607392501715697663,0.234839,0
607392501849915391,0.294329,0
607392501984133119,0.221435,0
607392502118350847,0.288618,0
607392502386786303,0.218536,0
607392502521004031,0.213296,0
607392502655221759,0.214754,0
607392502789439487,0.216224,0
607392502923657215,0.218318,0
607392503057874943,0.222654,0
607392503192092671,0.223564,0
607392503460528127,0.249367,0
607392503594745855,0.226876,0
607392503728963583,0.255651,0
607392503863181311,0.232741,0
607392503997399039,0.255539,0
607392504131616767,0.240619,0
607392504265834495,0.258349,0
607392505608011775,0.28806,0
607392505742229503,0.288574,0
607392505876447231,0.353326,0
607392506010664959,0.308424,0
607392506144882687,0.305035,0
607392506279100415,0.279817,0
607392506413318143,0.308907,0
607392506681753599,0.282743,0
607392506815971327,0.271364,0
607392506950189055,0.296664,0
607392507084406783,0.2713,0
607392507218624511,0.279527,0
607392507352842239,0.267373,0
607392507487059967,0.283427,0
607392507755495423,0.515536,0
607392507889713151,0.457865,0
607392508023930879,0.350411,0
607392508158148607,0.281355,0
607392508292366335,0.536998,0
607392508426584063,0.480559,0
607392508560801791,0.532882,0
607392508829237247,0.285849,0
607392508963454975,0.27463,0
607392509097672703,0.286479,0
607392509231890431,0.279673,0
607392509366108159,0.293559,0
607392509500325887,0.29508,0
607392509634543615,0.318246,0
607392509902979071,0.329513,0
607392510037196799,0.312675,0
607392510171414527,0.377715,0
607392510305632255,0.332871,0
607392510439849983,0.381438,0
607392510574067711,0.330416,0
607392510708285439,0.354837,0
607392510976720895,0.292579,0
607392511110938623,0.291559,0
607392511245156351,0.295681,0
607392511379374079,0.289834,0
607392511513591807,0.318604,0
607392511647809535,0.302462,0
607392511782027263,0.311565,0
607392512050462719,0.350639,0
607392512184680447,0.35972,0
607392512318898175,0.349973,0
607392512453115903,0.399937,0
607392512587333631,0.381384,0
607392512721551359,0.364028,0
607392512855769087,0.355554,0
607392514197946367,0.248859,0
607392514332164095,0.246992,0
607392514466381823,0.270819,0
607392514600599551,0.363872,0
607392514734817279,0.251332,0
607392514869035007,0.248319,0
607392515003252735,0.252587,0
607392515271688191,0.230047,0
607392515405905919,0.215715,0
607392515540123647,0.24281,0
607392515674341375,0.213951,0
607392515808559103,0.239841,0
607392515942776831,0.215593,0
607392516076994559,0.245631,0
607392516345430015,0.314071,0
607392516479647743,0.263525,0
607392516613865471,0.286312,0
607392516748083199,0.253725,0
607392516882300927,0.254988,0
607392517016518655,0.270664,0
607392517150736383,0.281155,0
607392517419171839,0.220817,0
607392517553389567,0.209413,0
607392517687607295,0.239726,0
607392517821825023,0.227421,0
607392517956042751,0.259608,0
607392518090260479,0.217292,0
607392518224478207,0.260441,0
607392518492913663,0.258105,0
607392518627131391,0.253893,0
607392518761349119,0.264825,0
607392518895566847,0.2561,0
607392519029784575,0.271223,0
607392519164002303,0.258533,0
607392519298220031,0.271832,0
607392519566655487,0.239035,0
607392519700873215,0.228852,0
607392519835090943,0.275127,0
607392519969308671,0.250431,0
607392520103526399,0.2561,0
607392520237744127,0.239336,0
607392520371961855,0.249211,0
607392520640397311,0.258954,0
607392520774615039,0.244727,0
607392520908832767,0.284521,0
607392521043050495,0.250545,0
607392521177268223,0.266287,0
607392521311485951,0.260503,0
607392521445703679,0.272546,0
607392522787880959,0.332834,0
607392522922098687,0.305629,0
607392523056316415,0.340985,0
607392523190534143,0.323715,0
607392523324751871,0.356583,0
607392523458969599,0.336085,0
607392523593187327,0.368506,0
607392523861622783,0.288982,0
607392523995840511,0.298681,0
607392524130058239,0.282483,0
607392524264275967,0.302895,0
607392524398493695,0.310095,0
607392524532711423,0.302014,0
607392524666929151,0.307794,0
607392524935364607,0.343857,0
607392525069582335,0.317834,0
607392525203800063,0.339952,0
607392525338017791,0.333528,0
607392525472235519,0.349039,0
607392525606453247,0.337634,0
607392525740670975,0.371933,0
607392526009106431,0.285033,0
607392526143324159,0.299279,0
607392526277541887,0.292769,0
607392526411759615,0.283626,0
607392526545977343,0.303829,0
607392526680195071,0.298306,0
607392526814412799,0.305159,0
607392527082848255,0.375871,0
607392527217065983,0.368064,0
607392527351283711,0.363164,0
607392527485501439,0.374201,0
607392527619719167,0.380866,0
607392527753936895,0.369327,0
607392527888154623,0.375486,0
607392528156590079,0.375804,0
607392528290807807,0.328405,0
607392528425025535,0.362785,0
607392528559243263,0.33292,0
607392528693460991,0.375828,0
607392528827678719,0.364552,0
607392528961896447,0.393504,0
607392529230331903,0.369346,0
607392529364549631,0.358406,0
607392529498767359,0.357303,0
607392529632985087,0.41219,0
607392529767202815,0.372027,0
607392529901420543,0.352817,0
607392530035638271,0.417737,0
607392531377815551,0.283812,0
607392531512033279,0.263387,0
607392531646251007,0.277327,0
607392531780468735,0.272166,0
607392531914686463,0.282332,0
607392532048904191,0.277429,0
607392532183121919,0.295703,0
607392532451557375,0.262673,0
607392532585775103,0.249836,0
607392532719992831,0.222934,0
607392532854210559,0.2142,0
607392532988428287,0.286967,0
607392533122646015,0.266359,0
607392533256863743,0.291667,0
607392533525299199,0.264186,0
607392533659516927,0.260413,0
607392533793734655,0.267929,0
607392533927952383,0.265686,0
607392534062170111,0.294162,0
607392534196387839,0.277906,0
607392534330605567,0.282512,0
607392534599041023,0.246105,0
607392534733258751,0.221454,0
607392534867476479,0.253245,0
607392535001694207,0.214769,0
607392535135911935,0.255948,0
607392535270129663,0.208206,0
607392535404347391,0.267221,0
607392535672782847,0.296998,0
607392535807000575,0.304318,0
607392535941218303,0.306602,0
607392536075436031,0.293183,0
607392536209653759,0.312256,0
607392536343871487,0.302896,0
607392536478089215,0.308321,0
607392536746524671,0.303694,0
607392536880742399,0.331078,0
607392537014960127,0.306728,0
607392537149177855,0.30676,0
607392537283395583,0.287771,0
607392537417613311,0.302099,0
607392537551831039,0.298481,0
607392537820266495,0.294139,0
607392537954484223,0.286648,0
607392538088701951,0.299391,0
607392538222919679,0.286171,0
607392538357137407,0.307823,0
607392538491355135,0.293724,0
607392538625572863,0.3023,0
607392539967750143,0.420968,0
607392540101967871,0.358315,0
607392540236185599,0.437467,0
607392540370403327,0.386878,0
607392540504621055,0.436344,0
607392540638838783,0.3741,0
607392540773056511,0.471811,0
607392541041491967,0.333054,0
607392541175709695,0.324731,0
607392541309927423,0.342728,0
607392541444145151,0.332621,0
607392541578362879,0.371093,0
607392541712580607,0.346155,0
607392541846798335,0.358861,0
607392542115233791,0.370724,0
607392542249451519,0.386521,0
607392542383669247,0.366215,0
607392542517886975,0.352292,0
607392542652104703,0.436233,0
607392542786322431,0.359905,0
607392542920540159,0.432974,0
607392543188975615,0.340305,0
607392543323193343,0.340874,0
607392543457411071,0.347129,0
607392543591628799,0.336665,0
607392543725846527,0.362101,0
607392543860064255,0.341697,0
607392543994281983,0.372482,0
607392544262717439,0.50012,0
607392544396935167,0.459599,0
607392544531152895,0.534956,0
607392544665370623,0.482635,0
607392544799588351,0.507708,0
607392544933806079,0.46395,0
607392545068023807,0.784345,0
607392545336459263,0.357138,0
607392545470676991,0.392685,0
607392545604894719,0.392879,0
607392545739112447,0.341553,0
607392545873330175,0.365377,0
607392546007547903,0.389464,0
607392546141765631,0.40351,0
607392546410201087,0.503573,0
607392546544418815,0.474985,0
607392546678636543,0.510813,0
607392546812854271,0.489506,0
607392546947071999,0.529495,0
607392547081289727,0.478352,0
607392547215507455,0.741077,0
607392557147619327,0.189662,0
607392557281837055,0.193077,0
607392557416054783,0.200265,0
607392557550272511,0.189511,0
607392557684490239,0.188519,0
607392557818707967,0.188867,0
607392557952925695,0.194925,0
607392558221361151,0.192021,0
607392558355578879,0.181706,0
607392558489796607,0.194996,0
607392558624014335,0.175217,0
607392558758232063,0.178122,0
607392558892449791,0.180941,0
607392559026667519,0.187379,0
607392559295102975,0.178504,0
607392559429320703,0.169414,0
607392559563538431,0.167272,0
607392559697756159,0.1632,0
607392559831973887,0.192072,0
607392559966191615,0.202691,0
607392560100409343,0.179145,0
607392560368844799,0.179943,0
607392560503062527,0.166337,0
607392560637280255,0.1714,0
607392560771497983,0.170275,0
607392560905715711,0.183768,0
607392561039933439,0.176889,0
607392561174151167,0.182022,0
607392561442586623,0.196462,0
607392561576804351,0.187488,0
607392561711022079,0.194811,0
607392561845239807,0.189807,0
607392561979457535,0.199649,0
607392562113675263,0.189978,0
607392562247892991,0.197636,0
607392562516328447,0.184767,0
607392562650546175,0.183639,0
607392562784763903,0.177036,0
607392562918981631,0.193697,0
607392563053199359,0.190784,0
607392563187417087,0.181076,0
607392563321634815,0.189999,0
607392563590070271,0.20224,0
607392563724287999,0.198653,0
607392563858505727,0.193259,0
607392563992723455,0.195106,0
607392564126941183,0.201826,0
607392564261158911,0.203266,0
607392564395376639,0.2027,0
607392565737553919,0.181363,0
607392565871771647,0.181439,0
607392566005989375,0.190179,0
607392566140207103,0.182135,0
607392566274424831,0.179614,0
607392566408642559,0.180841,0
607392566542860287,0.178035,0
607392566811295743,0.180676,0
607392566945513471,0.1898,0
607392567079731199,0.188969,0
607392567213948927,0.188106,0
607392567348166655,0.180247,0
607392567482384383,0.183375,0
607392567616602111,0.175596,0
607392567885037567,0.181315,0
607392568019255295,0.183243,0
607392568153473023,0.187892,0
607392568287690751,0.192817,0
607392568421908479,0.200864,0
607392568556126207,0.181424,0
607392568690343935,0.196019,0
607392568958779391,0.192702,0
607392569092997119,0.199564,0
607392569227214847,0.189589,0
607392569361432575,0.189846,0
607392569495650303,0.18181,0
607392569629868031,0.197825,0
607392569764085759,0.185631,0
607392570032521215,0.190512,0
607392570166738943,0.187644,0
607392570300956671,0.189471,0
607392570435174399,0.184637,0
607392570569392127,0.182551,0
607392570703609855,0.191196,0
607392570837827583,0.1713,0
607392571106263039,0.184822,0
607392571240480767,0.178272,0
607392571374698495,0.177735,0
607392571508916223,0.175644,0
607392571643133951,0.194452,0
607392571777351679,0.202037,0
607392571911569407,0.180402,0
607392572180004863,0.182578,0
607392572314222591,0.184432,0
607392572448440319,0.1795,0
607392572582658047,0.230298,0
607392572716875775,0.189107,0
607392572851093503,0.182955,0
607392572985311231,0.177266,0
607392574327488511,0.169853,0
607392574461706239,0.166554,0
607392574595923967,0.182241,0
607392574730141695,0.221701,0
607392574864359423,0.188768,0
607392574998577151,0.167636,0
607392575132794879,0.176403,0
607392575401230335,0.16675,0
607392575535448063,0.162887,0
607392575669665791,0.161417,0
607392575803883519,0.16368,0
607392575938101247,0.167655,0
607392576072318975,0.165465,0
607392576206536703,0.162937,0
607392576474972159,0.199781,0
607392576609189887,0.222057,0
607392576743407615,0.210653,0
607392576877625343,0.189888,0
607392577011843071,0.178019,0
607392577146060799,0.221749,0
607392577280278527,0.187912,0
607392577548713983,0.199161,0
607392577682931711,0.18326,0
607392577817149439,0.203836,0
607392577951367167,0.176902,0
607392578085584895,0.200118,0
607392578219802623,0.194598,0
607392578354020351,0.228545,0
607392578622455807,0.207353,0
607392578756673535,0.200393,0
607392578890891263,0.231188,0
607392579025108991,0.204324,0
607392579159326719,0.206325,0
607392579293544447,0.197002,0
607392579427762175,0.20562,0
607392579696197631,0.179851,0
607392579830415359,0.174622,0
607392579964633087,0.178381,0
607392580098850815,0.171723,0
607392580233068543,0.204282,0
607392580367286271,0.181908,0
607392580501503999,0.18492,0
607392580769939455,0.201808,0
607392580904157183,0.189793,0
607392581038374911,0.201412,0
607392581172592639,0.182521,0
607392581306810367,0.227749,0
607392581441028095,0.194483,0
607392581575245823,0.203301,0
607392582917423103,0.200349,0
607392583051640831,0.191773,0
607392583185858559,0.184487,0
607392583320076287,0.193345,0
607392583454294015,0.182678,0
607392583588511743,0.202007,0
607392583722729471,0.184976,0
607392583991164927,0.195879,0
607392584125382655,0.204366,0
607392584259600383,0.180203,0
607392584393818111,0.179523,0
607392584528035839,0.192559,0
607392584662253567,0.184316,0
607392584796471295,0.186993,0
607392585064906751,0.187834,0
607392585199124479,0.193882,0
607392585333342207,0.188948,0
607392585467559935,0.190046,0
607392585601777663,0.178532,0
607392585735995391,0.180899,0
607392585870213119,0.183707,0
607392586138648575,0.19247,0
607392586272866303,0.189337,0
607392586407084031,0.192542,0
607392586541301759,0.186852,0
607392586675519487,0.191557,0
607392586809737215,0.185147,0
607392586943954943,0.194369,0
607392587212390399,0.18182,0
607392587346608127,0.173339,0
607392587480825855,0.171716,0
607392587615043583,0.187015,0
607392587749261311,0.169206,0
607392587883479039,0.176091,0
607392588017696767,0.165042,0
607392588286132223,0.193634,0
607392588420349951,0.198523,0
607392588554567679,0.178935,0
607392588688785407,0.209724,0
607392588823003135,0.179929,0
607392588957220863,0.185062,0
607392589091438591,0.171761,0
607392589359874047,0.181416,0
607392589494091775,0.180102,0
607392589628309503,0.190099,0
607392589762527231,0.17859,0
607392589896744959,0.171121,0
607392590030962687,0.197871,0
607392590165180415,0.17378,0
607392591507357695,0.22445,0
607392591641575423,0.226299,0
607392591775793151,0.222534,0
607392591910010879,0.215808,0
607392592044228607,0.2415,0
607392592178446335,0.229303,0
607392592312664063,0.23552,0
607392592581099519,0.228747,0
607392592715317247,0.213262,0
607392592849534975,0.23205,0
607392592983752703,0.213942,0
607392593117970431,0.220758,0
607392593252188159,0.217077,0
607392593386405887,0.224542,0
607392593654841343,0.198949,0
607392593789059071,0.193734,0
607392593923276799,0.196498,0
607392594057494527,0.194716,0
607392594191712255,0.206551,0
607392594325929983,0.215338,0
607392594460147711,0.204072,0
607392594728583167,0.213815,0
607392594862800895,0.214407,0
607392594997018623,0.193722,0
607392595131236351,0.194763,0
607392595265454079,0.215529,0
607392595399671807,0.218164,0
607392595533889535,0.212188,0
607392595802324991,0.235033,0
607392595936542719,0.235483,0
607392596070760447,0.235247,0
607392596204978175,0.230468,0
607392596339195903,0.233876,0
607392596473413631,0.222228,0
607392596607631359,0.251694,0
607392596876066815,0.220503,0
607392597010284543,0.213777,0
607392597144502271,0.233848,0
607392597278719999,0.22331,0
607392597412937727,0.218258,0
607392597547155455,0.204754,0
607392597681373183,0.231807,0
607392597949808639,0.214946,0
607392598084026367,0.218563,0
607392598218244095,0.199974,0
607392598352461823,0.205773,0
607392598486679551,0.231325,0
607392598620897279,0.220795,0
607392598755115007,0.233884,0
607392600097292287,0.18697,0
607392600231510015,0.184332,0
607392600365727743,0.189581,0
607392600499945471,0.192172,0
607392600634163199,0.201911,0
607392600768380927,0.197177,0
607392600902598655,0.200695,0
607392601171034111,0.186653,0
607392601305251839,0.185925,0
607392601439469567,0.183322,0
607392601573687295,0.186167,0
607392601707905023,0.180519,0
607392601842122751,0.183011,0
607392601976340479,0.187834,0
607392602244775935,0.18938,0
607392602378993663,0.166802,0
607392602513211391,0.175161,0
607392602647429119,0.178373,0
607392602781646847,0.204684,0
607392602915864575,0.197171,0
607392603050082303,0.180819,0
607392603318517759,0.185167,0
607392603452735487,0.189256,0
607392603586953215,0.176497,0
607392603721170943,0.179147,0
607392603855388671,0.181813,0
607392603989606399,0.184189,0
607392604123824127,0.1878,0
607392604392259583,0.199902,0
607392604526477311,0.189169,0
607392604660695039,0.210327,0
607392604794912767,0.201504,0
607392604929130495,0.198653,0
607392605063348223,0.193272,0
607392605197565951,0.203252,0
607392605466001407,0.182051,0
607392605600219135,0.170708,0
607392605734436863,0.190021,0
607392605868654591,0.190119,0
607392606002872319,0.18505,0
607392606137090047,0.173839,0
607392606271307775,0.184144,0
607392606539743231,0.204644,0
607392606673960959,0.199307,0
607392606808178687,0.210828,0
607392606942396415,0.206508,0
607392607076614143,0.208536,0
607392607210831871,0.198806,0
607392607345049599,0.208861,0
607392608687226879,0.208578,0
607392608821444607,0.247928,0
607392608955662335,0.202435,0
607392609089880063,0.22169,0
607392609224097791,0.223882,0
607392609358315519,0.222862,0
607392609492533247,0.206852,0
607392609760968703,0.204441,0
607392609895186431,0.200359,0
607392610029404159,0.208931,0
607392610163621887,0.204019,0
607392610297839615,0.209784,0
607392610432057343,0.203085,0
607392610566275071,0.21833,0
607392610834710527,0.21267,0
607392610968928255,0.219517,0
607392611103145983,0.212519,0
607392611237363711,0.210931,0
607392611371581439,0.21883,0
607392611505799167,0.218583,0
607392611640016895,0.216304,0
607392611908452351,0.20914,0
607392612042670079,0.196181,0
607392612176887807,0.204785,0
607392612311105535,0.19671,0
607392612445323263,0.208979,0
607392612579540991,0.219487,0
607392612713758719,0.215602,0
607392612982194175,0.23822,0
607392613116411903,0.214057,0
607392613250629631,0.229711,0
607392613384847359,0.221822,0
607392613519065087,0.241739,0
607392613653282815,0.222323,0
607392613787500543,0.247901,0
607392614055935999,0.198271,0
607392614190153727,0.201349,0
607392614324371455,0.209651,0
607392614458589183,0.204448,0
607392614592806911,0.199214,0
607392614727024639,0.202775,0
607392614861242367,0.203098,0
607392615129677823,0.217824,0
607392615263895551,0.211366,0
607392615398113279,0.21784,0
607392615532331007,0.218984,0
607392615666548735,0.216007,0
607392615800766463,0.21545,0
607392615934984191,0.221093,0
607392625867096063,0.253615,0
607392626001313791,0.387742,0
607392626135531519,0.251543,0
607392626269749247,0.248286,0
607392626403966975,0.270053,0
607392626538184703,0.269188,0
607392626672402431,0.251117,0
607392626940837887,0.354566,0
607392627075055615,0.258162,0
607392627209273343,0.394554,0
607392627343491071,0.244875,0
607392627477708799,0.477365,0
607392627611926527,0.270606,0
607392627746144255,0.459028,0
607392628014579711,0.250624,0
607392628148797439,0.403036,0
607392628283015167,0.237845,0
607392628417232895,0.242836,0
607392628551450623,0.253083,0
607392628685668351,0.254804,0
607392628819886079,0.24794,0
607392629088321535,0.350958,0
607392629222539263,0.241349,0
607392629356756991,0.389683,0
607392629490974719,0.23992,0
607392629625192447,0.416158,0
607392629759410175,0.242446,0
607392629893627903,0.39786,0
607392630162063359,0.29736,0
607392630296281087,0.302755,0
607392630430498815,0.328724,0
607392630564716543,0.298438,0
607392630698934271,0.299776,0
607392630833151999,0.296123,0
607392630967369727,0.300859,0
607392631235805183,0.284282,0
607392631370022911,0.391736,0
607392631504240639,0.265089,0
607392631638458367,0.385021,0
607392631772676095,0.27761,0
607392631906893823,0.385758,0
607392632041111551,0.294019,0
607392632309547007,0.293537,0
607392632443764735,0.256698,0
607392632577982463,0.292845,0
607392632712200191,0.259671,0
607392632846417919,0.331341,0
607392632980635647,0.282858,0
607392633114853375,0.313903,0
607392634457030655,0.228921,0
607392634591248383,0.230349,0
607392634725466111,0.227954,0
607392634859683839,0.219329,0
607392634993901567,0.246947,0
607392635128119295,0.22797,0
607392635262337023,0.244557,0
607392635530772479,0.236177,0
607392635664990207,0.241192,0
607392635799207935,0.219249,0
607392635933425663,0.232041,0
607392636067643391,0.223993,0
607392636201861119,0.234201,0
607392636336078847,0.226343,0
607392636604514303,0.219104,0
607392636738732031,0.217614,0
607392636872949759,0.217957,0
607392637007167487,0.217757,0
607392637141385215,0.219968,0
607392637275602943,0.209612,0
607392637409820671,0.223716,0
607392637678256127,0.214754,0
607392637812473855,0.225233,0
607392637946691583,0.206597,0
607392638080909311,0.223495,0
607392638215127039,0.216917,0
607392638349344767,0.216892,0
607392638483562495,0.210039,0
607392638751997951,0.25279,0
607392638886215679,0.24633,0
607392639020433407,0.24712,0
607392639154651135,0.238611,0
607392639288868863,0.243898,0
607392639423086591,0.249223,0
607392639557304319,0.258665,0
607392639825739775,0.227389,0
607392639959957503,0.226656,0
607392640094175231,0.241837,0
607392640228392959,0.227908,0
607392640362610687,0.234836,0
607392640496828415,0.218795,0
607392640631046143,0.239516,0
607392640899481599,0.235,0
607392641033699327,0.237918,0
607392641167917055,0.236067,0
607392641302134783,0.233422,0
607392641436352511,0.241258,0
607392641570570239,0.238471,0
607392641704787967,0.242588,0
607392643046965247,0.25041,0
607392643181182975,0.229158,0
607392643315400703,0.255144,0
607392643449618431,0.229733,0
607392643583836159,0.253413,0
607392643718053887,0.238263,0
607392643852271615,0.259139,0
607392644120707071,0.232139,0
607392644254924799,0.225921,0
607392644389142527,0.220227,0
607392644523360255,0.222686,0
607392644657577983,0.230162,0
607392644791795711,0.239917,0
607392644926013439,0.226469,0
607392645194448895,0.242373,0
607392645328666623,0.23044,0
607392645462884351,0.240982,0
607392645597102079,0.231367,0
607392645731319807,0.260363,0
607392645865537535,0.238629,0
607392645999755263,0.254546,0
607392646268190719,0.232833,0
607392646402408447,0.220627,0
607392646536626175,0.231738,0
607392646670843903,0.232168,0
607392646805061631,0.223776,0
607392646939279359,0.226663,0
607392647073497087,0.235217,0
607392647341932543,0.280551,0
607392647476150271,0.278261,0
607392647610367999,0.270544,0
607392647744585727,0.274126,0
607392647878803455,0.309325,0
607392648013021183,0.289937,0
607392648147238911,0.273677,0
607392648415674367,0.273222,0
607392648549892095,0.239931,0
607392648684109823,0.266484,0
607392648818327551,0.228244,0
607392648952545279,0.279846,0
607392649086763007,0.267465,0
607392649220980735,0.284537,0
607392649489416191,0.271546,0
607392649623633919,0.264135,0
607392649757851647,0.271409,0
607392649892069375,0.258957,0
607392650026287103,0.259043,0
607392650160504831,0.267109,0
607392650294722559,0.251608,0
607392651636899839,0.216188,0
607392651771117567,0.218123,0
607392651905335295,0.220071,0
607392652039553023,0.212475,0
607392652173770751,0.217345,0
607392652307988479,0.221372,0
607392652442206207,0.219892,0
607392652710641663,0.215377,0
607392652844859391,0.22189,0
607392652979077119,0.213727,0
607392653113294847,0.210224,0
607392653247512575,0.213615,0
607392653381730303,0.210919,0
607392653515948031,0.217351,0
607392653784383487,0.21368,0
607392653918601215,0.223209,0
607392654052818943,0.222693,0
607392654187036671,0.218035,0
607392654321254399,0.222519,0
607392654455472127,0.206081,0
607392654589689855,0.226145,0
607392654858125311,0.208201,0
607392654992343039,0.20188,0
607392655126560767,0.217459,0
607392655260778495,0.211282,0
607392655394996223,0.214733,0
607392655529213951,0.212897,0
607392655663431679,0.212379,0
607392655931867135,0.322162,0
607392656066084863,0.238433,0
607392656200302591,0.238414,0
607392656334520319,0.250796,0
607392656468738047,0.370257,0
607392656602955775,0.362541,0
607392656737173503,0.288306,0
607392657005608959,0.233092,0
607392657139826687,0.222786,0
607392657274044415,0.225118,0
607392657408262143,0.228087,0
607392657542479871,0.240761,0
607392657676697599,0.23251,0
607392657810915327,0.233832,0
607392658079350783,0.217076,0
607392658213568511,0.218347,0
607392658347786239,0.227077,0
607392658482003967,0.220762,0
607392658616221695,0.219912,0
607392658750439423,0.227522,0
607392658884657151,0.219657,0
607392660226834431,0.314941,0
607392660361052159,0.295472,0
607392660495269887,0.316216,0
607392660629487615,0.296985,0
607392660763705343,0.336511,0
607392660897923071,0.326442,0
607392661032140799,0.327753,0
607392661300576255,0.274769,0
607392661434793983,0.270005,0
607392661569011711,0.280704,0
607392661703229439,0.268608,0
607392661837447167,0.300694,0
607392661971664895,0.270285,0
607392662105882623,0.294284,0
607392662374318079,0.309875,0
607392662508535807,0.288254,0
607392662642753535,0.319659,0
607392662776971263,0.300485,0
607392662911188991,0.320768,0
607392663045406719,0.298926,0
607392663179624447,0.322628,0
607392663448059903,0.279948,0
607392663582277631,0.273537,0
607392663716495359,0.286586,0
607392663850713087,0.280262,0
607392663984930815,0.285145,0
607392664119148543,0.267424,0
607392664253366271,0.286309,0
607392664521801727,0.334243,0
607392664656019455,0.321663,0
607392664790237183,0.353574,0
607392664924454911,0.340236,0
607392665058672639,0.340335,0
607392665192890367,0.32565,0
607392665327108095,0.349795,0
607392665595543551,0.335633,0
607392665729761279,0.324591,0
607392665863979007,0.332032,0
607392665998196735,0.322073,0
607392666132414463,0.344631,0
607392666266632191,0.331634,0
607392666400849919,0.334541,0
607392666669285375,0.332118,0
607392666803503103,0.316255,0
607392666937720831,0.338438,0
607392667071938559,0.333063,0
607392667206156287,0.341303,0
607392667340374015,0.342453,0
607392667474591743,0.335326,0
607392668816769023,0.267633,0
607392668950986751,0.247915,0
607392669085204479,0.285619,0
607392669219422207,0.248296,0
607392669353639935,0.274594,0
607392669487857663,0.318964,0
607392669622075391,0.280668,0
607392669890510847,0.242697,0
607392670024728575,0.248103,0
607392670158946303,0.256376,0
607392670293164031,0.301945,0
607392670427381759,0.241622,0
607392670561599487,0.254262,0
607392670695817215,0.250934,0
607392670964252671,0.341917,0
607392671098470399,0.246972,0
607392671232688127,0.412878,0
607392671366905855,0.25706,0
607392671501123583,0.444821,0
607392671635341311,0.313002,0
607392671769559039,0.456167,0
607392672037994495,0.235946,0
607392672172212223,0.226572,0
607392672306429951,0.237171,0
607392672440647679,0.240623,0
607392672574865407,0.225772,0
607392672709083135,0.243705,0
607392672843300863,0.239928,0
607392673111736319,0.273948,0
607392673245954047,0.266899,0
607392673380171775,0.270137,0
607392673514389503,0.260711,0
607392673648607231,0.275888,0
607392673782824959,0.279247,0
607392673917042687,0.270005,0
607392674185478143,0.258733,0
607392674319695871,0.282911,0
607392674453913599,0.261433,0
607392674588131327,0.251538,0
607392674722349055,0.270454,0
607392674856566783,0.278927,0
607392674990784511,0.274162,0
607392675259219967,0.269546,0
607392675393437695,0.257845,0
607392675527655423,0.269323,0
607392675661873151,0.395909,0
607392675796090879,0.271754,0
607392675930308607,0.274342,0
607392676064526335,0.275851,0
607392677406703615,0.301874,0
607392677540921343,0.299264,0
607392677675139071,0.300819,0
607392677809356799,0.294201,0
607392677943574527,0.314421,0
607392678077792255,0.296729,0
607392678212009983,0.316342,0
607392678480445439,0.294793,0
607392678614663167,0.298517,0
607392678748880895,0.306615,0
607392678883098623,0.319983,0
607392679017316351,0.316603,0
607392679151534079,0.299411,0
607392679285751807,0.298021,0
607392679554187263,0.296621,0
607392679688404991,0.327427,0
607392679822622719,0.289372,0
607392679956840447,0.339227,0
607392680091058175,0.304893,0
607392680225275903,0.297566,0
607392680359493631,0.29574,0
607392680627929087,0.327172,0
607392680762146815,0.299428,0
607392680896364543,0.359608,0
607392681030582271,0.302957,0
607392681164799999,0.307193,0
607392681299017727,0.314668,0
607392681433235455,0.307005,0
607392681701670911,0.314791,0
607392681835888639,0.307242,0
607392681970106367,0.327525,0
607392682104324095,0.307497,0
607392682238541823,0.346417,0
607392682372759551,0.329107,0
607392682506977279,0.329096,0
607392682775412735,0.3281,0
607392682909630463,0.314929,0
607392683043848191,0.313885,0
607392683178065919,0.310828,0
607392683312283647,0.330343,0
607392683446501375,0.339988,0
607392683580719103,0.326386,0
607392683849154559,0.314703,0
607392683983372287,0.315217,0
607392684117590015,0.302039,0
607392684251807743,0.299222,0
607392684386025471,0.326273,0
607392684520243199,0.314927,0
607392684654460927,0.330646,0
607392763306049535,0.128444,0
607392763440267263,0.130364,0
607392763574484991,0.137173,0
607392763708702719,0.133914,0
607392763842920447,0.13417,0
607392763977138175,0.137623,0
607392764111355903,0.137255,0
607392764379791359,0.135648,0
607392764514009087,0.1378,0
607392764648226815,0.131236,0
607392764782444543,0.126998,0
607392764916662271,0.129023,0
607392765050879999,0.146191,0
607392765185097727,0.138845,0
607392765453533183,0.131456,0
607392765587750911,0.132713,0
607392765721968639,0.134073,0
607392765856186367,0.133181,0
607392765990404095,0.1376,0
607392766124621823,0.13458,0
607392766258839551,0.11614,0
607392766527275007,0.119,0
607392766661492735,0.118919,0
607392766795710463,0.139195,0
607392766929928191,0.130623,0
607392767064145919,0.139918,0
607392767198363647,0.132208,0
607392767332581375,0.121402,0
607392767601016831,0.125297,0
607392767735234559,0.123027,0
607392767869452287,0.129171,0
607392768003670015,0.134768,0
607392768137887743,0.132056,0
607392768272105471,0.13172,0
607392768406323199,0.128697,0
607392768674758655,0.130311,0
607392768808976383,0.140147,0
607392768943194111,0.126091,0
607392769077411839,0.128192,0
607392769211629567,0.130981,0
607392769345847295,0.137415,0
607392769480065023,0.130561,0
607392769748500479,0.127135,0
607392769882718207,0.133068,0
607392770016935935,0.124161,0
607392770151153663,0.133729,0
607392770285371391,0.129162,0
607392770419589119,0.134766,0
607392770553806847,0.120881,0
607392771895984127,0.142524,0
607392772164419583,0.140056,0
607392772432855039,0.125386,0
607392772701290495,0.139711,0
607392774043467775,0.141038,0
607392774311903231,0.11788,0
607392774580338687,0.131338,0
607392774848774143,0.136386,0
607392776190951423,0.143533,0
607392776325169151,0.130308,0
607392776459386879,0.138792,0
607392776593604607,0.128193,0
607392776727822335,0.133435,0
607392776862040063,0.137125,0
607392776996257791,0.145493,0
607392777264693247,0.13141,0
607392777533128703,0.128814,0
607392777801564159,0.143051,0
607392778069999615,0.133762,0
607392778338435071,0.143644,0
607392778472652799,0.14333,0
607392778606870527,0.122478,0
607392778741088255,0.132518,0
607392778875305983,0.138861,0
607392779009523711,0.142861,0
607392779143741439,0.135522,0
607392780485918719,0.0998893,0
607392780620136447,0.0967238,0
607392780754354175,0.106153,0
607392780888571903,0.101744,0
607392781022789631,0.107317,0
607392781157007359,0.112777,0
607392781291225087,0.102841,0
607392781559660543,0.111642,0
607392781693878271,0.112561,0
607392781828095999,0.103557,0
607392781962313727,0.104301,0
607392782096531455,0.113483,0
607392782230749183,0.115308,0
607392782364966911,0.111314,0
607392782633402367,0.131347,0
607392782767620095,0.117741,0
607392782901837823,0.135956,0
607392783036055551,0.135441,0
607392783170273279,0.109985,0
607392783304491007,0.107448,0
607392783438708735,0.132009,0
607392783707144191,0.109228,0
607392783841361919,0.110118,0
607392783975579647,0.111165,0
607392784109797375,0.111247,0
607392784244015103,0.0981993,0
607392784378232831,0.103132,0
607392784512450559,0.103144,0
607392784780886015,0.123269,0
607392784915103743,0.120118,0
607392785049321471,0.10675,0
607392785183539199,0.10187,0
607392785317756927,0.118253,0
607392785451974655,0.120626,0
607392785586192383,0.123226,0
607392785854627839,0.115062,0
607392785988845567,0.120126,0
607392786123063295,0.117288,0
607392786257281023,0.120883,0
607392786391498751,0.115148,0
607392786525716479,0.112402,0
607392786659934207,0.119611,0
607392786928369663,0.111835,0
607392787062587391,0.111853,0
607392787196805119,0.11251,0
607392787331022847,0.114169,0
607392787465240575,0.104688,0
607392787599458303,0.106213,0
607392787733676031,0.108055,0
607392789075853311,0.0999959,0
607392789210071039,0.103841,0
607392789344288767,0.0980913,0
607392789478506495,0.0994745,0
607392789612724223,0.103673,0
607392789746941951,0.107805,0
607392789881159679,0.0929288,0
607392790149595135,0.112473,0
607392790418030591,0.104533,0
607392790686466047,0.123223,0
607392790954901503,0.116897,0
607392791223336959,0.0988563,0
607392791357554687,0.101552,0
607392791491772415,0.110233,0
607392791625990143,0.115886,0
607392791760207871,0.106998,0
607392791894425599,0.102047,0
607392792028643327,0.103983,0
607392792297078783,0.10439,0
607392792565514239,0.104138,0
607392792833949695,0.0985439,0
607392793102385151,0.101081,0
607392793370820607,0.119102,0
607392793505038335,0.130628,0
607392793639256063,0.107135,0
607392793773473791,0.109426,0
607392793907691519,0.1361,0
607392794041909247,0.133063,0
607392794176126975,0.118311,0
607392794444562431,0.120427,0
607392794578780159,0.115729,0
607392794712997887,0.115308,0
607392794847215615,0.121874,0
607392794981433343,0.133225,0
607392795115651071,0.131997,0
607392795249868799,0.120018,0
607392795518304255,0.0988052,0
607392795652521983,0.102427,0
607392795786739711,0.112317,0
607392795920957439,0.108353,0
607392796055175167,0.0992052,0
607392796189392895,0.0995475,0
607392796323610623,0.101417,0
607392797665787903,0.147329,0
607392797800005631,0.139738,0
607392797934223359,0.152338,0
607392798068441087,0.138482,0
607392798202658815,0.14682,0
607392798336876543,0.140206,0
607392798471094271,0.139405,0
607392798739529727,0.159816,0
607392798873747455,0.154259,0
607392799007965183,0.143223,0
607392799142182911,0.157442,0
607392799276400639,0.166056,0
607392799410618367,0.158587,0
607392799544836095,0.145388,0
607392799813271551,0.125158,0
607392799947489279,0.131906,0
607392800081707007,0.129541,0
607392800215924735,0.140062,0
607392800350142463,0.133062,0
607392800484360191,0.134215,0
607392800618577919,0.125292,0
607392800887013375,0.137115,0
607392801021231103,0.1335,0
607392801155448831,0.131063,0
607392801289666559,0.139301,0
607392801423884287,0.150958,0
607392801558102015,0.146313,0
607392801692319743,0.134852,0
607392801960755199,0.138332,0
607392802094972927,0.155823,0
607392802229190655,0.141266,0
607392802363408383,0.14699,0
607392802497626111,0.148288,0
607392802631843839,0.14873,0
607392802766061567,0.136221,0
607392803034497023,0.140853,0
607392803168714751,0.143346,0
607392803302932479,0.148713,0
607392803437150207,0.142048,0
607392803571367935,0.149398,0
607392803705585663,0.142796,0
607392803839803391,0.156452,0
607392804108238847,0.139138,0
607392804242456575,0.146735,0
607392804376674303,0.143172,0
607392804510892031,0.132688,0
607392804645109759,0.146052,0
607392804779327487,0.139454,0
607392804913545215,0.146416,0
607392806255722495,0.150361,0
607392806389940223,0.146875,0
607392806524157951,0.153768,0
607392806658375679,0.153283,0
607392806792593407,0.142636,0
607392806926811135,0.153918,0
607392807061028863,0.139271,0
607392807329464319,0.146196,0
607392807463682047,0.138991,0
607392807597899775,0.152401,0
607392807732117503,0.147678,0
607392807866335231,0.138696,0
607392808000552959,0.139548,0
607392808134770687,0.155193,0
607392808403206143,0.136232,0
607392808537423871,0.133463,0
607392808671641599,0.131873,0
607392808805859327,0.129141,0
607392808940077055,0.149139,0
607392809074294783,0.147896,0
607392809208512511,0.148396,0
607392809476947967,0.142144,0
607392809611165695,0.146992,0
607392809745383423,0.138108,0
607392809879601151,0.14282,0
607392810013818879,0.151204,0
607392810148036607,0.154461,0
607392810282254335,0.149944,0
607392810550689791,0.149754,0
607392810684907519,0.151599,0
607392810819125247,0.141994,0
607392810953342975,0.144124,0
607392811087560703,0.1612,0
607392811221778431,0.147904,0
607392811355996159,0.165137,0
607392811624431615,0.150243,0
607392811758649343,0.145608,0
607392811892867071,0.165139,0
607392812027084799,0.154809,0
607392812161302527,0.143256,0
607392812295520255,0.147299,0
607392812429737983,0.145371,0
607392812698173439,0.1496,0
607392812832391167,0.155256,0
607392812966608895,0.144757,0
607392813100826623,0.145284,0
607392813235044351,0.151934,0
607392813369262079,0.149595,0
607392813503479807,0.152453,0
607392814845657087,0.12474,0
607392814979874815,0.127282,0
607392815114092543,0.121884,0
607392815248310271,0.121559,0
607392815382527999,0.115061,0
607392815516745727,0.121193,0
607392815650963455,0.129083,0
607392815919398911,0.126776,0
607392816053616639,0.12798,0
607392816187834367,0.129554,0
607392816322052095,0.130899,0
607392816456269823,0.124921,0
607392816590487551,0.127462,0
607392816724705279,0.122983,0
607392816993140735,0.122424,0
607392817127358463,0.128652,0
607392817261576191,0.123729,0
607392817395793919,0.125739,0
607392817530011647,0.119922,0
607392817664229375,0.124347,0
607392817798447103,0.123561,0
607392818066882559,0.124257,0
607392818201100287,0.117997,0
607392818335318015,0.122558,0
607392818469535743,0.11755,0
607392818603753471,0.117093,0
607392818737971199,0.118352,0
607392818872188927,0.121931,0
607392819140624383,0.126049,0
607392819274842111,0.130165,0
607392819409059839,0.120912,0
607392819543277567,0.12251,0
607392819677495295,0.121902,0
607392819811713023,0.128494,0
607392819945930751,0.124526,0
607392820214366207,0.125238,0
607392820348583935,0.133711,0
607392820482801663,0.12112,0
607392820617019391,0.125467,0
607392820751237119,0.130263,0
607392820885454847,0.128958,0
607392821019672575,0.124102,0
607392821288108031,0.13017,0
607392821422325759,0.133263,0
607392821556543487,0.121945,0
607392821690761215,0.118401,0
607392821824978943,0.127047,0
607392821959196671,0.129334,0
607392822093414399,0.125802,0
607392888128536575,0.143989,0
607392888396972031,0.138748,0
607392888665407487,0.144016,0
607392890007584767,0.150801,0
607392890276020223,0.155568,0
607392890544455679,0.136034,0
607392890812891135,0.155021,0
607392900745003007,0.119276,0
607392900879220735,0.115494,0
607392901013438463,0.122403,0
607392901147656191,0.123527,0
607392901281873919,0.113633,0
607392901416091647,0.115827,0
607392901550309375,0.118233,0
607392901818744831,0.11422,0
607392901952962559,0.122494,0
607392902087180287,0.11958,0
607392902221398015,0.122649,0
607392902355615743,0.123414,0
607392902489833471,0.123036,0
607392902624051199,0.113025,0
607392902892486655,0.135121,0
607392903026704383,0.135225,0
607392903160922111,0.147108,0
607392903295139839,0.145855,0
607392903429357567,0.137635,0
607392903563575295,0.133249,0
607392903697793023,0.138118,0
607392903966228479,0.13153,0
607392904100446207,0.134776,0
607392904234663935,0.140812,0
607392904368881663,0.138196,0
607392904503099391,0.128555,0
607392904637317119,0.126179,0
607392904771534847,0.133286,0
607392905039970303,0.112844,0
607392905174188031,0.108935,0
607392905308405759,0.118561,0
607392905442623487,0.115109,0
607392905576841215,0.115394,0
607392905711058943,0.115276,0
607392905845276671,0.120086,0
607392906113712127,0.120326,0
607392906247929855,0.121498,0
607392906382147583,0.112299,0
607392906516365311,0.118219,0
607392906650583039,0.116021,0
607392906784800767,0.118597,0
607392906919018495,0.116566,0
607392907187453951,0.126403,0
607392907321671679,0.123686,0
607392907455889407,0.13758,0
607392907590107135,0.136389,0
607392907724324863,0.126285,0
607392907858542591,0.122087,0
607392907992760319,0.128773,0
607392909334937599,0.134873,0
607392909603373055,0.139841,0
607392909871808511,0.123183,0
607392910006026239,0.123712,0
607392910140243967,0.128504,0
607392911482421247,0.146295,0
607392911750856703,0.134316,0
607392912019292159,0.142083,0
607392912153509887,0.146522,0
607392912287727615,0.142886,0
607392913629904895,0.117344,0
607392913764122623,0.130539,0
607392913898340351,0.123566,0
607392914032558079,0.122103,0
607392914166775807,0.121488,0
607392914300993535,0.128902,0
607392914435211263,0.120377,0
607392914703646719,0.133053,0
607392914972082175,0.12421,0
607392915240517631,0.136136,0
607392915374735359,0.136545,0
607392915508953087,0.137123,0
607392915777388543,0.128814,0
607392915911606271,0.127999,0
607392916045823999,0.134069,0
607392916180041727,0.137778,0
607392916314259455,0.121794,0
607392916448477183,0.129987,0
607392916582694911,0.121919,0
607392917924872191,0.148881,0
607392918059089919,0.149959,0
607392918193307647,0.148812,0
607392918327525375,0.150659,0
607392918461743103,0.149762,0
607392918595960831,0.150119,0
607392918730178559,0.153178,0
607392918998614015,0.163221,0
607392919132831743,0.164253,0
607392919267049471,0.154509,0
607392919401267199,0.154101,0
607392919535484927,0.152406,0
607392919669702655,0.156763,0
607392919803920383,0.158716,0
607392920072355839,0.152188,0
607392920206573567,0.15589,0
607392920340791295,0.150967,0
607392920475009023,0.156098,0
607392920609226751,0.158216,0
607392920743444479,0.152501,0
607392920877662207,0.148617,0
607392921146097663,0.157144,0
607392921280315391,0.159813,0
607392921414533119,0.158168,0
607392921548750847,0.156482,0
607392921682968575,0.153681,0
607392921817186303,0.153089,0
607392921951404031,0.159562,0
607392922219839487,0.145612,0
607392922354057215,0.142503,0
607392922488274943,0.147762,0
607392922622492671,0.149829,0
607392922756710399,0.14024,0
607392922890928127,0.146769,0
607392923025145855,0.154427,0
607392923293581311,0.14294,0
607392923427799039,0.14433,0
607392923562016767,0.139924,0
607392923696234495,0.143743,0
607392923830452223,0.136925,0
607392923964669951,0.13599,0
607392924098887679,0.141357,0
607392924367323135,0.145547,0
607392924501540863,0.14999,0
607392924635758591,0.149103,0
607392924769976319,0.150446,0
607392924904194047,0.150083,0
607392925038411775,0.145634,0
607392925172629503,0.145521,0
607392926514806783,0.160987,0
607392926649024511,0.164908,0
607392926783242239,0.160547,0
607392926917459967,0.160164,0
607392927051677695,0.162576,0
607392927185895423,0.163657,0
607392927320113151,0.161842,0
607392927588548607,0.161142,0
607392927856984063,0.160842,0
607392928125419519,0.143857,0
607392928259637247,0.147142,0
607392928393854975,0.160828,0
607392928662290431,0.156007,0
607392928796508159,0.157236,0
607392928930725887,0.146993,0
607392929064943615,0.151487,0
607392929199161343,0.160589,0
607392929333379071,0.162673,0
607392929467596799,0.162963,0
607392929736032255,0.149852,0
607392930004467711,0.155497,0
607392930272903167,0.153797,0
607392930407120895,0.151784,0
607392930541338623,0.162487,0
607392930809774079,0.152075,0
607392930943991807,0.15128,0
607392931078209535,0.158234,0
607392931212427263,0.160977,0
607392931346644991,0.150921,0
607392931480862719,0.150609,0
607392931615080447,0.150295,0
607392931883515903,0.1514,0
607392932017733631,0.147599,0
607392932151951359,0.150544,0
607392932286169087,0.149669,0
607392932420386815,0.142835,0
607392932554604543,0.14626,0
607392932688822271,0.15234,0
607392932957257727,0.155876,0
607392933091475455,0.162246,0
607392933225693183,0.160165,0
607392933359910911,0.156261,0
607392933494128639,0.159838,0
607392933628346367,0.167301,0
607392933762564095,0.16057,0
607392935104741375,0.1158,0
607392935238959103,0.121512,0
607392935373176831,0.11993,0
607392935507394559,0.116314,0
607392935641612287,0.119791,0
607392935775830015,0.123916,0
607392935910047743,0.12002,0
607392936178483199,0.12589,0
607392936312700927,0.125717,0
607392936446918655,0.126991,0
607392936581136383,0.128302,0
607392936715354111,0.128443,0
607392936849571839,0.129321,0
607392936983789567,0.122811,0
607392937252225023,0.111999,0
607392937386442751,0.112369,0
607392937520660479,0.109846,0
607392937654878207,0.113551,0
607392937789095935,0.118284,0
607392937923313663,0.118996,0
607392938057531391,0.111004,0
607392938325966847,0.113881,0
607392938460184575,0.116214,0
607392938594402303,0.119149,0
607392938728620031,0.116418,0
607392938862837759,0.125058,0
607392938997055487,0.126213,0
607392939131273215,0.119645,0
607392939399708671,0.126645,0
607392939533926399,0.128517,0
607392939668144127,0.125681,0
607392939802361855,0.118541,0
607392939936579583,0.117763,0
607392940070797311,0.130653,0
607392940205015039,0.127031,0
607392940473450495,0.124072,0
607392940607668223,0.129196,0
607392940741885951,0.12735,0
607392940876103679,0.128073,0
607392941010321407,0.132615,0
607392941144539135,0.135202,0
607392941278756863,0.126856,0
607392941547192319,0.121017,0
607392941681410047,0.121478,0
607392941815627775,0.12652,0
607392941949845503,0.120404,0
607392942084063231,0.12212,0
607392942218280959,0.121432,0
607392942352498687,0.117386,0
607392943694675967,0.12964,0
607392943828893695,0.117977,0
607392943963111423,0.128868,0
607392944097329151,0.131207,0
607392944231546879,0.126663,0
607392944365764607,0.11289,0
607392944499982335,0.133096,0
607392944768417791,0.115819,0
607392944902635519,0.118429,0
607392945036853247,0.120789,0
607392945171070975,0.118373,0
607392945305288703,0.108803,0
607392945439506431,0.112115,0
607392945573724159,0.10363,0
607392945842159615,0.132335,0
607392945976377343,0.132793,0
607392946110595071,0.124063,0
607392946244812799,0.128161,0
607392946379030527,0.128439,0
607392946513248255,0.137085,0
607392946647465983,0.123113,0
607392946915901439,0.133796,0
607392947050119167,0.1367,0
607392947184336895,0.13786,0
607392947318554623,0.137117,0
607392947452772351,0.126044,0
607392947586990079,0.12391,0
607392947721207807,0.129171,0
607392947989643263,0.13132,0
607392948123860991,0.118229,0
607392948258078719,0.1345,0
607392948392296447,0.134207,0
607392948526514175,0.127552,0
607392948660731903,0.114967,0
607392948794949631,0.130694,0
607392949063385087,0.1046,0
607392949197602815,0.107605,0
607392949331820543,0.101518,0
607392949466038271,0.105762,0
607392949600255999,0.105246,0
607392949734473727,0.10311,0
607392949868691455,0.103111,0
607392950137126911,0.132213,0
607392950271344639,0.131635,0
607392950405562367,0.121336,0
607392950539780095,0.124101,0
607392950673997823,0.128121,0
607392950808215551,0.131873,0
607392950942433279,0.125667,0
607392952284610559,0.130069,0
607392952418828287,0.124597,0
607392952553046015,0.138866,0
607392952687263743,0.137471,0
607392952821481471,0.128117,0
607392952955699199,0.125449,0
607392953089916927,0.132095,0
607392953358352383,0.118897,0
607392953492570111,0.127954,0
607392953626787839,0.126376,0
607392953761005567,0.131442,0
607392953895223295,0.116135,0
607392954029441023,0.12006,0
607392954163658751,0.121906,0
607392954432094207,0.136085,0
607392954566311935,0.140866,0
607392954700529663,0.142695,0
607392954834747391,0.147497,0
607392954968965119,0.142447,0
607392955103182847,0.140157,0
607392955237400575,0.140531,0
607392955505836031,0.13378,0
607392955640053759,0.140404,0
607392955774271487,0.136498,0
607392955908489215,0.141801,0
607392956042706943,0.133002,0
607392956176924671,0.133691,0
607392956311142399,0.133434,0
607392956579577855,0.129969,0
607392956713795583,0.127708,0
607392956848013311,0.135138,0
607392956982231039,0.131706,0
607392957116448767,0.133705,0
607392957250666495,0.124979,0
607392957384884223,0.137422,0
607392957653319679,0.113547,0
607392957787537407,0.112932,0
607392957921755135,0.128798,0
607392958055972863,0.123527,0
607392958190190591,0.124851,0
607392958324408319,0.123072,0
607392958458626047,0.119512,0
607392958727061503,0.138817,0
607392958861279231,0.137294,0
607392958995496959,0.136593,0
607392959129714687,0.140345,0
607392959263932415,0.139419,0
607392959398150143,0.138731,0
607392959532367871,0.141032,0
607393025299054591,0.1121,0
607393025567490047,0.111915,0
607393025835925503,0.110818,0
607393025970143231,0.109703,0
607393026104360959,0.104894,0
607393027446538239,0.133794,0
607393027714973695,0.134692,0
607393027983409151,0.124109,0
607393028117626879,0.118865,0
607393028251844607,0.125701,0
607393038183956479,0.174489,0
607393038318174207,0.163196,0
607393038452391935,0.153416,0
607393038586609663,0.162264,0
607393038720827391,0.171572,0
607393038855045119,0.164041,0
607393038989262847,0.208881,0
607393039257698303,0.158222,0
607393039391916031,0.156868,0
607393039526133759,0.156701,0
607393039660351487,0.170909,0
607393039794569215,0.155307,0
607393039928786943,0.156876,0
607393040063004671,0.156286,0
607393040331440127,0.206542,0
607393040465657855,0.189287,0
607393040599875583,0.167163,0
607393040734093311,0.175572,0
607393040868311039,0.18318,0
607393041002528767,0.186992,0
607393041136746495,0.172204,0
607393041405181951,0.160346,0
607393041539399679,0.169572,0
607393041673617407,0.157384,0
607393041807835135,0.162917,0
607393041942052863,0.16661,0
607393042076270591,0.166174,0
607393042210488319,0.157706,0
607393042478923775,0.181136,0
607393042613141503,0.153357,0
607393042747359231,0.176948,0
607393042881576959,0.211543,0
607393043015794687,0.167441,0
607393043150012415,0.162469,0
607393043284230143,0.167351,0
607393043552665599,0.160448,0
607393043686883327,0.161915,0
607393043821101055,0.160901,0
607393043955318783,0.163159,0
607393044089536511,0.161131,0
607393044223754239,0.162891,0
607393044357971967,0.166718,0
607393044626407423,0.186544,0
607393044760625151,0.161894,0
607393044894842879,0.171178,0
607393045029060607,0.167308,0
607393045163278335,0.177071,0
607393045297496063,0.186647,0
607393045431713791,0.192263,0
607393046773891071,0.144617,0
607393046908108799,0.146326,0
607393047042326527,0.14715,0
607393047176544255,0.148566,0
607393047310761983,0.147787,0
607393047444979711,0.140515,0
607393047579197439,0.149679,0
607393047847632895,0.144478,0
607393047981850623,0.141031,0
607393048116068351,0.147727,0
607393048250286079,0.146814,0
607393048384503807,0.137124,0
607393048518721535,0.136442,0
607393048652939263,0.147984,0
607393048921374719,0.153788,0
607393049055592447,0.147572,0
607393049189810175,0.160506,0
607393049324027903,0.152805,0
607393049458245631,0.16113,0
607393049592463359,0.154829,0
607393049726681087,0.147066,0
607393049995116543,0.143567,0
607393050129334271,0.146999,0
607393050263551999,0.149381,0
607393050397769727,0.158493,0
607393050531987455,0.151154,0
607393050666205183,0.154233,0
607393050800422911,0.148105,0
607393051068858367,0.152231,0
607393051203076095,0.13748,0
607393051337293823,0.164886,0
607393051471511551,0.14714,0
607393051605729279,0.157097,0
607393051739947007,0.156793,0
607393051874164735,0.159581,0
607393052142600191,0.142109,0
607393052276817919,0.148371,0
607393052411035647,0.134364,0
607393052545253375,0.132841,0
607393052679471103,0.148564,0
607393052813688831,0.146812,0
607393052947906559,0.144355,0
607393053216342015,0.158204,0
607393053350559743,0.147292,0
607393053484777471,0.169935,0
607393053618995199,0.165784,0
607393053753212927,0.161123,0
607393053887430655,0.146815,0
607393054021648383,0.165093,0
607393055363825663,0.180798,0
607393055498043391,0.174745,0
607393055632261119,0.172888,0
607393055766478847,0.176386,0
607393055900696575,0.167261,0
607393056034914303,0.172578,0
607393056169132031,0.172672,0
607393056437567487,0.165774,0
607393056571785215,0.175632,0
607393056706002943,0.163326,0
607393056840220671,0.169503,0
607393056974438399,0.166365,0
607393057108656127,0.170175,0
607393057242873855,0.182471,0
607393057511309311,0.157719,0
607393057645527039,0.165472,0
607393057779744767,0.158035,0
607393057913962495,0.154569,0
607393058048180223,0.16674,0
607393058182397951,0.17107,0
607393058316615679,0.169438,0
607393058585051135,0.155544,0
607393058719268863,0.150735,0
607393058853486591,0.15159,0
607393058987704319,0.148878,0
607393059121922047,0.16544,0
607393059256139775,0.165473,0
607393059390357503,0.163743,0
607393059658792959,0.181016,0
607393059793010687,0.171058,0
607393059927228415,0.185757,0
607393060061446143,0.173859,0
607393060195663871,0.165958,0
607393060329881599,0.183386,0
607393060464099327,0.161448,0
607393060732534783,0.182974,0
607393060866752511,0.17705,0
607393061000970239,0.183462,0
607393061135187967,0.185695,0
607393061269405695,0.180592,0
607393061403623423,0.189738,0
607393061537841151,0.166066,0
607393061806276607,0.165185,0
607393061940494335,0.174982,0
607393062074712063,0.162035,0
607393062208929791,0.167701,0
607393062343147519,0.167322,0
607393062477365247,0.167315,0
607393062611582975,0.164362,0
607393063953760255,0.154984,0
607393064087977983,0.1478,0
607393064222195711,0.161238,0
607393064356413439,0.151409,0
607393064490631167,0.145025,0
607393064624848895,0.139662,0
607393064759066623,0.165789,0
607393065027502079,0.140774,0
607393065161719807,0.14423,0
607393065295937535,0.14415,0
607393065430155263,0.147041,0
607393065564372991,0.135339,0
607393065698590719,0.140345,0
607393065832808447,0.137627,0
607393066101243903,0.12984,0
607393066235461631,0.129954,0
607393066369679359,0.123629,0
607393066503897087,0.123598,0
607393066638114815,0.139399,0
607393066772332543,0.133335,0
607393066906550271,0.131706,0
607393067174985727,0.138573,0
607393067309203455,0.136097,0
607393067443421183,0.131737,0
607393067577638911,0.138249,0
607393067711856639,0.153684,0
607393067846074367,0.1473,0
607393067980292095,0.141736,0
607393068248727551,0.166796,0
607393068382945279,0.150921,0
607393068517163007,0.171072,0
607393068651380735,0.161648,0
607393068785598463,0.176369,0
607393068919816191,0.14484,0
607393069054033919,0.167547,0
607393069322469375,0.145788,0
607393069456687103,0.153847,0
607393069590904831,0.141729,0
607393069725122559,0.140219,0
607393069859340287,0.156315,0
607393069993558015,0.15514,0
607393070127775743,0.14894,0
607393070396211199,0.16168,0
607393070530428927,0.153747,0
607393070664646655,0.151732,0
607393070798864383,0.134757,0
607393070933082111,0.178088,0
607393071067299839,0.169801,0
607393071201517567,0.169551,0
607393072543694847,0.164779,0
607393072677912575,0.17042,0
607393072812130303,0.185265,0
607393072946348031,0.170178,0
607393073080565759,0.169434,0
607393073214783487,0.162425,0
607393073349001215,0.169354,0
607393073617436671,0.157517,0
607393073751654399,0.151575,0
607393073885872127,0.163312,0
607393074020089855,0.163047,0
607393074154307583,0.167247,0
607393074288525311,0.163556,0
607393074422743039,0.164317,0
607393074691178495,0.175734,0
607393074825396223,0.174728,0
607393074959613951,0.174344,0
607393075093831679,0.171855,0
607393075228049407,0.176463,0
607393075362267135,0.177239,0
607393075496484863,0.180189,0
607393075764920319,0.170544,0
607393075899138047,0.16456,0
607393076033355775,0.173509,0
607393076167573503,0.172687,0
607393076301791231,0.167721,0
607393076436008959,0.158053,0
607393076570226687,0.170281,0
607393076838662143,0.175645,0
607393076972879871,0.170251,0
607393077107097599,0.185258,0
607393077241315327,0.17817,0
607393077375533055,0.189126,0
607393077509750783,0.181272,0
607393077643968511,0.180759,0
607393077912403967,0.17384,0
607393078046621695,0.17248,0
607393078180839423,0.164761,0
607393078315057151,0.169737,0
607393078449274879,0.18632,0
607393078583492607,0.181801,0
607393078717710335,0.173584,0
607393078986145791,0.180559,0
607393079120363519,0.177153,0
607393079254581247,0.183697,0
607393079388798975,0.179405,0
607393079523016703,0.181671,0
607393079657234431,0.174076,0
607393079791452159,0.188434,0
607393081133629439,0.15149,0
607393081267847167,0.153355,0
607393081402064895,0.147083,0
607393081536282623,0.148289,0
607393081670500351,0.147338,0
607393081804718079,0.155533,0
607393081938935807,0.148622,0
607393082207371263,0.153344,0
607393082341588991,0.14747,0
607393082475806719,0.15687,0
607393082610024447,0.154677,0
607393082744242175,0.159471,0
607393082878459903,0.167459,0
607393083012677631,0.157015,0
607393083281113087,0.159076,0
607393083415330815,0.155354,0
607393083549548543,0.162509,0
607393083683766271,0.154126,0
607393083817983999,0.147694,0
607393083952201727,0.153155,0
607393084086419455,0.160668,0
607393084354854911,0.151392,0
607393084489072639,0.143188,0
607393084623290367,0.158778,0
607393084757508095,0.151892,0
607393084891725823,0.150404,0
607393085025943551,0.158057,0
607393085160161279,0.149262,0
607393085428596735,0.1529,0
607393085562814463,0.149142,0
607393085697032191,0.146306,0
607393085831249919,0.144756,0
607393085965467647,0.156972,0
607393086099685375,0.153625,0
607393086233903103,0.155497,0
607393086502338559,0.165517,0
607393086636556287,0.160861,0
607393086770774015,0.157299,0
607393086904991743,0.158611,0
607393087039209471,0.157882,0
607393087173427199,0.163255,0
607393087307644927,0.157468,0
607393087576080383,0.148837,0
607393087710298111,0.150849,0
607393087844515839,0.150577,0
607393087978733567,0.148166,0
607393088112951295,0.151583,0
607393088247169023,0.147781,0
607393088381386751,0.151521,0
607393089723564031,0.175129,0
607393089857781759,0.172908,0
607393089991999487,0.168079,0
607393090126217215,0.172807,0
607393090260434943,0.190114,0
607393090394652671,0.181422,0
607393090528870399,0.177472,0
607393090797305855,0.166207,0
607393090931523583,0.162187,0
607393091065741311,0.172743,0
607393091199959039,0.164619,0
607393091334176767,0.174118,0
607393091468394495,0.171905,0
607393091602612223,0.175318,0
607393091871047679,0.161955,0
607393092005265407,0.166879,0
607393092139483135,0.202136,0
607393092273700863,0.190361,0
607393092407918591,0.162679,0
607393092542136319,0.159069,0
607393092676354047,0.168206,0
607393092944789503,0.18324,0
607393093079007231,0.191383,0
607393093213224959,0.185167,0
607393093347442687,0.192148,0
607393093481660415,0.187603,0
607393093615878143,0.18795,0
607393093750095871,0.181188,0
607393094018531327,0.176171,0
607393094152749055,0.176222,0
607393094286966783,0.185131,0
607393094421184511,0.186557,0
607393094555402239,0.198979,0
607393094689619967,0.188647,0
607393094823837695,0.169861,0
607393095092273151,0.178815,0
607393095226490879,0.176992,0
607393095360708607,0.177502,0
607393095494926335,0.174984,0
607393095629144063,0.18285,0
607393095763361791,0.182528,0
607393095897579519,0.185312,0
607393096166014975,0.172514,0
607393096300232703,0.16687,0
607393096434450431,0.17613,0
607393096568668159,0.165331,0
607393096702885887,0.18279,0
607393096837103615,0.173673,0
607393096971321343,0.173049,0
607393106903433215,0.171022,0
607393107037650943,0.184791,0
607393107171868671,0.147502,0
607393107306086399,0.148829,0
607393107440304127,0.185096,0
607393107574521855,0.169427,0
607393107708739583,0.15118,0
607393107977175039,0.153978,0
607393108111392767,0.157655,0
607393108245610495,0.182598,0
607393108379828223,0.1711,0
607393108514045951,0.151144,0
607393108648263679,0.153143,0
607393108782481407,0.152689,0
607393109050916863,0.167274,0
607393109185134591,0.172682,0
607393109319352319,0.149431,0
607393109453570047,0.155131,0
607393109587787775,0.172877,0
607393109722005503,0.170572,0
607393109856223231,0.147641,0
607393110124658687,0.154576,0
607393110258876415,0.17642,0
607393110393094143,0.168565,0
607393110527311871,0.157281,0
607393110661529599,0.153766,0
607393110795747327,0.174552,0
607393110929965055,0.154353,0
607393111198400511,0.200601,0
607393111332618239,0.184144,0
607393111466835967,0.182505,0
607393111601053695,0.185965,0
607393111735271423,0.188968,0
607393111869489151,0.162628,0
607393112003706879,0.203942,0
607393112272142335,0.152067,0
607393112406360063,0.15071,0
607393112540577791,0.153485,0
607393112674795519,0.153135,0
607393112809013247,0.145652,0
607393112943230975,0.145853,0
607393113077448703,0.153103,0
607393113345884159,0.177218,0
607393113480101887,0.163208,0
607393113614319615,0.161326,0
607393113748537343,0.169506,0
607393113882755071,0.156553,0
607393114016972799,0.145512,0
607393114151190527,0.176001,0
607393116030238719,0.15655,0
607393116298674175,0.161773,0
607393117909286911,0.188398,0
607393118177722367,0.169867,0
607393118446157823,0.170508,0
607393119788335103,0.1538,0
607393119922552831,0.152978,0
607393120056770559,0.156995,0
607393120190988287,0.155236,0
607393120325206015,0.14905,0
607393120459423743,0.155514,0
607393120593641471,0.151994,0
607393121398947839,0.149841,0
607393121667383295,0.156322,0
607393121935818751,0.164159,0
607393122070036479,0.168098,0
607393122204254207,0.181371,0
607393122338471935,0.165356,0
607393122472689663,0.166948,0
607393122606907391,0.169282,0
607393122741125119,0.171981,0
607393124083302399,0.152792,0
607393124217520127,0.143709,0
607393124351737855,0.153322,0
607393124485955583,0.152534,0
607393124620173311,0.136394,0
607393124754391039,0.133099,0
607393124888608767,0.152645,0
607393125157044223,0.150388,0
607393125291261951,0.142146,0
607393125425479679,0.145913,0
607393125559697407,0.144723,0
607393125693915135,0.140082,0
607393125828132863,0.145177,0
607393125962350591,0.135075,0
607393126230786047,0.153962,0
607393126365003775,0.144448,0
607393126499221503,0.144892,0
607393126633439231,0.158274,0
607393126767656959,0.147877,0
607393126901874687,0.145057,0
607393127036092415,0.144761,0
607393127304527871,0.14198,0
607393127438745599,0.150275,0
607393127572963327,0.140566,0
607393127707181055,0.134057,0
607393127841398783,0.14195,0
607393127975616511,0.14296,0
607393128109834239,0.138793,0
607393128378269695,0.144061,0
607393128512487423,0.142597,0
607393128646705151,0.136288,0
607393128780922879,0.142687,0
607393128915140607,0.142607,0
607393129049358335,0.146301,0
607393129183576063,0.143392,0
607393129452011519,0.155838,0
607393129586229247,0.147466,0
607393129720446975,0.142163,0
607393129854664703,0.139642,0
607393129988882431,0.150577,0
607393130123100159,0.151131,0
607393130257317887,0.150963,0
607393130525753343,0.161143,0
607393130659971071,0.151327,0
607393130794188799,0.144374,0
607393130928406527,0.14585,0
607393131062624255,0.147261,0
607393131196841983,0.148473,0
607393131331059711,0.156006,0
607393132673236991,0.162388,0
607393132807454719,0.155315,0
607393132941672447,0.142948,0
607393133075890175,0.166972,0
607393133210107903,0.16819,0
607393133344325631,0.146513,0
607393133478543359,0.146414,0
607393134015414271,0.146988,0
607393134283849727,0.182916,0
607393134552285183,0.166834,0
607393134820720639,0.143923,0
607393134954938367,0.144641,0
607393135089156095,0.143606,0
607393135223373823,0.142962,0
607393135357591551,0.144183,0
607393135491809279,0.141404,0
607393135626027007,0.148072,0
607393136162897919,0.146107,0
607393136431333375,0.166227,0
607393136699768831,0.147377,0
607393136968204287,0.170111,0
607393137102422015,0.171414,0
607393137236639743,0.143992,0
607393137370857471,0.152377,0
607393137505075199,0.174046,0
607393137639292927,0.169563,0
607393137773510655,0.147834,0
607393138041946111,0.174673,0
607393138176163839,0.187588,0
607393138310381567,0.16832,0
607393138444599295,0.177656,0
607393138578817023,0.160259,0
607393138713034751,0.18331,0
607393138847252479,0.17082,0
607393139115687935,0.13969,0
607393139249905663,0.145838,0
607393139384123391,0.15072,0
607393139518341119,0.147326,0
607393139652558847,0.143829,0
607393139786776575,0.149754,0
607393139920994303,0.140295,0
607393141263171583,0.130496,0
607393141397389311,0.132489,0
607393141531607039,0.13888,0
607393141665824767,0.135253,0
607393141800042495,0.125463,0
607393141934260223,0.126318,0
607393142068477951,0.13296,0
607393142336913407,0.126018,0
607393142471131135,0.12669,0
607393142605348863,0.131503,0
607393142739566591,0.130879,0
607393142873784319,0.129972,0
607393143008002047,0.127894,0
607393143142219775,0.127079,0
607393143410655231,0.222211,0
607393143544872959,0.216408,0
607393143679090687,0.182013,0
607393143813308415,0.205408,0
607393143947526143,0.155384,0
607393144081743871,0.148743,0
607393144215961599,0.242437,0
607393144484397055,0.148998,0
607393144618614783,0.137974,0
607393144752832511,0.162578,0
607393144887050239,0.155378,0
607393145021267967,0.134712,0
607393145155485695,0.135773,0
607393145289703423,0.150183,0
607393145558138879,0.119514,0
607393145692356607,0.122542,0
607393145826574335,0.124197,0
607393145960792063,0.122763,0
607393146095009791,0.126324,0
607393146229227519,0.126993,0
607393146363445247,0.121437,0
607393146631880703,0.130068,0
607393146766098431,0.132691,0
607393146900316159,0.123546,0
607393147034533887,0.128645,0
607393147168751615,0.123371,0
607393147302969343,0.128373,0
607393147437187071,0.127392,0
607393147705622527,0.143777,0
607393147839840255,0.142077,0
607393147974057983,0.18659,0
607393148108275711,0.161058,0
607393148242493439,0.135905,0
607393148376711167,0.138034,0
607393148510928895,0.144173,0
607393149853106175,0.131236,0
607393149987323903,0.131333,0
607393150121541631,0.12957,0
607393150255759359,0.136651,0
607393150389977087,0.127999,0
607393150524194815,0.128704,0
607393150658412543,0.130223,0
607393150926847999,0.126253,0
607393151061065727,0.133731,0
607393151195283455,0.130474,0
607393151329501183,0.135936,0
607393151463718911,0.123385,0
607393151597936639,0.126506,0
607393151732154367,0.129303,0
607393152000589823,0.143367,0
607393152134807551,0.148024,0
607393152269025279,0.151927,0
607393152403243007,0.155454,0
607393152537460735,0.136326,0
607393152671678463,0.134781,0
607393152805896191,0.149094,0
607393153074331647,0.141655,0
607393153208549375,0.143174,0
607393153342767103,0.150305,0
607393153476984831,0.15507,0
607393153611202559,0.139158,0
607393153745420287,0.138123,0
607393153879638015,0.135334,0
607393154148073471,0.128265,0
607393154282291199,0.128217,0
607393154416508927,0.127234,0
607393154550726655,0.127954,0
607393154684944383,0.121515,0
607393154819162111,0.123792,0
607393154953379839,0.124409,0
607393155221815295,0.120529,0
607393155356033023,0.124725,0
607393155490250751,0.12735,0
607393155624468479,0.127936,0
607393155758686207,0.113374,0
607393155892903935,0.132416,0
607393156027121663,0.122439,0
607393156295557119,0.126981,0
607393156429774847,0.129964,0
607393156563992575,0.13491,0
607393156698210303,0.134161,0
607393156832428031,0.128889,0
607393156966645759,0.129203,0
607393157100863487,0.133125,0
607393158443040767,0.139201,0
607393158577258495,0.157717,0
607393158711476223,0.142408,0
607393158845693951,0.144447,0
607393158979911679,0.168569,0
607393159114129407,0.165577,0
607393159248347135,0.1391,0
607393159516782591,0.172391,0
607393159651000319,0.167246,0
607393159785218047,0.167725,0
607393159919435775,0.163509,0
607393160053653503,0.179243,0
607393160187871231,0.186146,0
607393160322088959,0.153867,0
607393160590524415,0.143435,0
607393160724742143,0.142504,0
607393160858959871,0.144661,0
607393160993177599,0.148562,0
607393161127395327,0.14425,0
607393161261613055,0.14875,0
607393161395830783,0.145914,0
607393161664266239,0.145252,0
607393161798483967,0.160996,0
607393161932701695,0.145837,0
607393162066919423,0.16107,0
607393162201137151,0.14547,0
607393162335354879,0.164715,0
607393162469572607,0.147426,0
607393162738008063,0.163522,0
607393162872225791,0.167781,0
607393163006443519,0.149045,0
607393163140661247,0.16269,0
607393163274878975,0.168527,0
607393163409096703,0.159766,0
607393163543314431,0.157544,0
607393163811749887,0.16422,0
607393163945967615,0.178339,0
607393164080185343,0.16976,0
607393164214403071,0.16741,0
607393164348620799,0.199862,0
607393164482838527,0.219398,0
607393164617056255,0.163481,0
607393164885491711,0.149531,0
607393165019709439,0.147317,0
607393165153927167,0.142194,0
607393165288144895,0.141746,0
607393165422362623,0.141691,0
607393165556580351,0.140807,0
607393165690798079,0.142783,0
607393175622909951,0.132816,0
607393175757127679,0.122705,0
607393175891345407,0.110644,0
607393176025563135,0.112837,0
607393176159780863,0.128823,0
607393176293998591,0.121811,0
607393176428216319,0.129359,0
607393176696651775,0.120947,0
607393176830869503,0.108226,0
607393176965087231,0.117952,0
607393177099304959,0.10622,0
607393177233522687,0.127039,0
607393177367740415,0.126301,0
607393177501958143,0.119585,0
607393177770393599,0.116573,0
607393177904611327,0.114457,0
607393178038829055,0.11327,0
607393178173046783,0.123892,0
607393178307264511,0.117974,0
607393178441482239,0.126324,0
607393178575699967,0.120316,0
607393178844135423,0.112401,0
607393178978353151,0.112952,0
607393179112570879,0.117932,0
607393179246788607,0.114117,0
607393179381006335,0.12681,0
607393179515224063,0.108644,0
607393179649441791,0.112856,0
607393179917877247,0.150342,0
607393180052094975,0.14291,0
607393180186312703,0.137851,0
607393180320530431,0.132314,0
607393180454748159,0.147739,0
607393180588965887,0.141705,0
607393180723183615,0.143046,0
607393180991619071,0.146954,0
607393181125836799,0.125445,0
607393181260054527,0.134417,0
607393181394272255,0.127213,0
607393181528489983,0.136443,0
607393181662707711,0.131555,0
607393181796925439,0.150086,0
607393182065360895,0.126922,0
607393182199578623,0.121098,0
607393182333796351,0.134069,0
607393182468014079,0.131009,0
607393182602231807,0.142507,0
607393182736449535,0.129012,0
607393182870667263,0.131718,0
607393184212844543,0.114054,0
607393184347062271,0.112129,0
607393184481279999,0.110334,0
607393184615497727,0.112752,0
607393184749715455,0.113843,0
607393184883933183,0.112622,0
607393185018150911,0.114115,0
607393185286586367,0.113515,0
607393185420804095,0.108389,0
607393185555021823,0.109214,0
607393185689239551,0.111466,0
607393185823457279,0.117987,0
607393185957675007,0.117943,0
607393186091892735,0.108141,0
607393186360328191,0.123518,0
607393186494545919,0.11456,0
607393186628763647,0.124173,0
607393186762981375,0.123362,0
607393186897199103,0.119685,0
607393187031416831,0.120058,0
607393187165634559,0.118813,0
607393187434070015,0.111058,0
607393187568287743,0.115448,0
607393187702505471,0.112696,0
607393187836723199,0.122421,0
607393187970940927,0.111085,0
607393188105158655,0.118261,0
607393188239376383,0.114905,0
607393188507811839,0.127611,0
607393188642029567,0.126361,0
607393188776247295,0.117805,0
607393188910465023,0.123219,0
607393189044682751,0.128373,0
607393189178900479,0.135887,0
607393189313118207,0.123807,0
607393189581553663,0.122941,0
607393189715771391,0.124713,0
607393189849989119,0.131383,0
607393189984206847,0.128711,0
607393190118424575,0.125131,0
607393190252642303,0.117511,0
607393190386860031,0.123232,0
607393190655295487,0.110951,0
607393190789513215,0.109184,0
607393190923730943,0.112515,0
607393191057948671,0.11319,0
607393191192166399,0.109711,0
607393191326384127,0.111583,0
607393191460601855,0.109519,0
607393192802779135,0.133069,0
607393192936996863,0.137506,0
607393193071214591,0.133958,0
607393193205432319,0.133527,0
607393193339650047,0.132502,0
607393193473867775,0.13909,0
607393193608085503,0.135326,0
607393193876520959,0.118038,0
607393194010738687,0.114747,0
607393194144956415,0.12733,0
607393194279174143,0.123524,0
607393194413391871,0.118876,0
607393194547609599,0.11979,0
607393194681827327,0.140597,0
607393194950262783,0.128118,0
607393195084480511,0.142639,0
607393195218698239,0.141315,0
607393195352915967,0.138068,0
607393195487133695,0.132936,0
607393195621351423,0.135899,0
607393195755569151,0.12381,0
607393196024004607,0.136108,0
607393196158222335,0.14731,0
607393196292440063,0.142919,0
607393196426657791,0.151543,0
607393196560875519,0.125551,0
607393196695093247,0.133112,0
607393196829310975,0.128843,0
607393197097746431,0.132248,0
607393197231964159,0.13032,0
607393197366181887,0.134512,0
607393197500399615,0.134798,0
607393197634617343,0.152385,0
607393197768835071,0.136544,0
607393197903052799,0.154123,0
607393198171488255,0.123218,0
607393198305705983,0.122202,0
607393198439923711,0.125925,0
607393198574141439,0.132947,0
607393198708359167,0.144563,0
607393198842576895,0.120577,0
607393198976794623,0.133759,0
607393199245230079,0.134733,0
607393199379447807,0.141538,0
607393199513665535,0.124153,0
607393199647883263,0.13246,0
607393199782100991,0.148213,0
607393199916318719,0.136105,0
607393200050536447,0.139784,0
607393201392713727,0.129745,0
607393201526931455,0.133309,0
607393201661149183,0.143242,0
607393201795366911,0.141784,0
607393201929584639,0.126381,0
607393202063802367,0.124917,0
607393202198020095,0.130186,0
607393202466455551,0.126103,0
607393202600673279,0.126995,0
607393202734891007,0.126926,0
607393202869108735,0.117232,0
607393203003326463,0.12641,0
607393203137544191,0.130188,0
607393203271761919,0.12746,0
607393203540197375,0.136031,0
607393203674415103,0.131345,0
607393203808632831,0.13399,0
607393203942850559,0.135829,0
607393204077068287,0.146119,0
607393204211286015,0.141437,0
607393204345503743,0.142236,0
607393204613939199,0.127454,0
607393204748156927,0.120469,0
607393204882374655,0.127158,0
607393205016592383,0.12318,0
607393205150810111,0.138135,0
607393205285027839,0.125724,0
607393205419245567,0.143518,0
607393205687681023,0.134758,0
607393205821898751,0.131543,0
607393205956116479,0.126831,0
607393206090334207,0.117029,0
607393206224551935,0.122659,0
607393206358769663,0.122449,0
607393206492987391,0.125469,0
607393206761422847,0.122202,0
607393206895640575,0.116063,0
607393207029858303,0.120731,0
607393207164076031,0.118918,0
607393207298293759,0.112961,0
607393207432511487,0.120007,0
607393207566729215,0.129176,0
607393207835164671,0.137979,0
607393207969382399,0.13761,0
607393208103600127,0.15515,0
607393208237817855,0.156559,0
607393208372035583,0.123329,0
607393208506253311,0.128524,0
607393208640471039,0.140112,0
607393209982648319,0.140432,0
607393210116866047,0.144265,0
607393210251083775,0.149549,0
607393210385301503,0.136234,0
607393210519519231,0.145351,0
607393210653736959,0.145969,0
607393210787954687,0.142554,0
607393211056390143,0.140793,0
607393211190607871,0.13949,0
607393211324825599,0.14154,0
607393211459043327,0.13692,0
607393211593261055,0.144379,0
607393211727478783,0.142487,0
607393211861696511,0.141558,0
607393212130131967,0.151279,0
607393212264349695,0.147846,0
607393212398567423,0.143622,0
607393212532785151,0.138489,0
607393212667002879,0.144844,0
607393212801220607,0.148255,0
607393212935438335,0.157627,0
607393213203873791,0.152459,0
607393213338091519,0.153869,0
607393213472309247,0.147792,0
607393213606526975,0.14191,0
607393213740744703,0.137723,0
607393213874962431,0.138962,0
607393214009180159,0.156289,0
607393214277615615,0.161554,0
607393214411833343,0.155739,0
607393214546051071,0.157455,0
607393214680268799,0.148729,0
607393214814486527,0.170279,0
607393214948704255,0.162364,0
607393215082921983,0.170016,0
607393215351357439,0.159012,0
607393215485575167,0.161953,0
607393215619792895,0.146638,0
607393215754010623,0.147657,0
607393215888228351,0.159157,0
607393216022446079,0.157858,0
607393216156663807,0.156284,0
607393216425099263,0.15726,0
607393216559316991,0.146028,0
607393216693534719,0.154335,0
607393216827752447,0.146199,0
607393216961970175,0.161855,0
607393217096187903,0.146928,0
607393217230405631,0.173535,0
607393218572582911,0.131961,0
607393218706800639,0.122912,0
607393218841018367,0.142119,0
607393218975236095,0.13326,0
607393219109453823,0.137284,0
607393219243671551,0.124627,0
607393219377889279,0.128054,0
607393219646324735,0.124281,0
607393219780542463,0.123847,0
607393219914760191,0.122287,0
607393220048977919,0.124029,0
607393220183195647,0.125308,0
607393220317413375,0.126184,0
607393220451631103,0.119825,0
607393220720066559,0.12775,0
607393220854284287,0.123222,0
607393220988502015,0.126808,0
607393221122719743,0.130584,0
607393221256937471,0.136811,0
607393221391155199,0.13295,0
607393221525372927,0.125664,0
607393221793808383,0.122072,0
607393221928026111,0.116371,0
607393222062243839,0.123933,0
607393222196461567,0.123823,0
607393222330679295,0.129186,0
607393222464897023,0.125993,0
607393222599114751,0.12084,0
607393222867550207,0.130882,0
607393223001767935,0.130425,0
607393223135985663,0.130875,0
607393223270203391,0.133664,0
607393223404421119,0.148677,0
607393223538638847,0.142401,0
607393223672856575,0.138028,0
607393223941292031,0.127829,0
607393224075509759,0.122787,0
607393224209727487,0.123334,0
607393224343945215,0.1192,0
607393224478162943,0.150841,0
607393224612380671,0.133058,0
607393224746598399,0.139231,0
607393225015033855,0.142836,0
607393225149251583,0.138427,0
607393225283469311,0.140291,0
607393225417687039,0.132074,0
607393225551904767,0.131847,0
607393225686122495,0.13606,0
607393225820340223,0.143753,0
607393227162517503,0.156546,0
607393227296735231,0.160493,0
607393227430952959,0.174387,0
607393227565170687,0.14967,0
607393227699388415,0.161878,0
607393227833606143,0.145851,0
607393227967823871,0.160959,0
607393228236259327,0.149567,0
607393228370477055,0.14388,0
607393228504694783,0.154144,0
607393228638912511,0.123134,0
607393228773130239,0.15517,0
607393228907347967,0.141055,0
607393229041565695,0.155633,0
607393229310001151,0.150591,0
607393229444218879,0.166317,0
607393229578436607,0.16491,0
607393229712654335,0.144508,0
607393229846872063,0.167974,0
607393229981089791,0.142889,0
607393230115307519,0.177401,0
607393230383742975,0.136508,0
607393230517960703,0.137151,0
607393230652178431,0.148252,0
607393230786396159,0.146353,0
607393230920613887,0.159963,0
607393231054831615,0.131381,0
607393231189049343,0.147995,0
607393231457484799,0.196116,0
607393231591702527,0.189073,0
607393231725920255,0.183587,0
607393231860137983,0.177806,0
607393231994355711,0.175352,0
607393232128573439,0.16796,0
607393232262791167,0.190699,0
607393232531226623,0.166491,0
607393232665444351,0.154014,0
607393232799662079,0.169182,0
607393232933879807,0.161333,0
607393233068097535,0.162601,0
607393233202315263,0.147513,0
607393233336532991,0.16998,0
607393233604968447,0.176608,0
607393233739186175,0.16987,0
607393233873403903,0.166388,0
607393234007621631,0.171257,0
607393234141839359,0.191521,0
607393234276057087,0.169958,0
607393234410274815,0.204991,0
607393313061863423,0.167372,0
607393313196081151,0.168843,0
607393313330298879,0.184886,0
607393313464516607,0.173206,0
607393313598734335,0.164424,0
607393313732952063,0.158442,0
607393313867169791,0.175322,0
607393314135605247,0.164264,0
607393314269822975,0.154955,0
607393314404040703,0.17369,0
607393314538258431,0.175565,0
607393314672476159,0.158063,0
607393314806693887,0.159653,0
607393314940911615,0.163922,0
607393315209347071,0.186367,0
607393315343564799,0.196099,0
607393315477782527,0.198158,0
607393315612000255,0.20061,0
607393315746217983,0.177037,0
607393315880435711,0.176999,0
607393316014653439,0.185024,0
607393316283088895,0.175701,0
607393316417306623,0.179822,0
607393316551524351,0.208059,0
607393316685742079,0.200223,0
607393316819959807,0.180644,0
607393316954177535,0.177089,0
607393317088395263,0.201708,0
607393317356830719,0.183741,0
607393317491048447,0.166883,0
607393317625266175,0.184288,0
607393317759483903,0.176228,0
607393317893701631,0.180692,0
607393318027919359,0.180487,0
607393318162137087,0.186263,0
607393318430572543,0.160333,0
607393318564790271,0.156478,0
607393318699007999,0.162284,0
607393318833225727,0.15705,0
607393318967443455,0.17438,0
607393319101661183,0.16716,0
607393319235878911,0.173281,0
607393319504314367,0.183685,0
607393319638532095,0.188937,0
607393319772749823,0.185732,0
607393319906967551,0.193363,0
607393320041185279,0.180024,0
607393320175403007,0.18078,0
607393320309620735,0.179298,0
607393321651798015,0.145045,0
607393321786015743,0.150558,0
607393321920233471,0.165122,0
607393322054451199,0.171982,0
607393322188668927,0.147835,0
607393322322886655,0.146468,0
607393322457104383,0.15111,0
607393322725539839,0.140773,0
607393322859757567,0.145934,0
607393322993975295,0.148039,0
607393323128193023,0.154462,0
607393323262410751,0.148329,0
607393323396628479,0.143166,0
607393323530846207,0.148776,0
607393323799281663,0.190093,0
607393323933499391,0.194548,0
607393324067717119,0.19808,0
607393324201934847,0.198608,0
607393324336152575,0.178823,0
607393324470370303,0.180825,0
607393324604588031,0.199285,0
607393324873023487,0.178448,0
607393325007241215,0.180831,0
607393325141458943,0.18903,0
607393325275676671,0.189649,0
607393325409894399,0.170767,0
607393325544112127,0.171067,0
607393325678329855,0.185853,0
607393325946765311,0.153746,0
607393326080983039,0.148022,0
607393326215200767,0.143911,0
607393326349418495,0.148371,0
607393326483636223,0.152668,0
607393326617853951,0.157583,0
607393326752071679,0.154921,0
607393327020507135,0.15531,0
607393327154724863,0.148239,0
607393327288942591,0.143543,0
607393327423160319,0.140678,0
607393327557378047,0.152795,0
607393327691595775,0.148404,0
607393327825813503,0.159579,0
607393328094248959,0.171259,0
607393328228466687,0.171709,0
607393328362684415,0.173045,0
607393328496902143,0.178951,0
607393328631119871,0.154684,0
607393328765337599,0.155861,0
607393328899555327,0.171484,0
607393330241732607,0.216601,0
607393330375950335,0.214258,0
607393330510168063,0.208476,0
607393330644385791,0.206342,0
607393330778603519,0.198135,0
607393330912821247,0.21752,0
607393331047038975,0.185578,0
607393331315474431,0.20598,0
607393331449692159,0.209661,0
607393331583909887,0.219779,0
607393331718127615,0.231516,0
607393331852345343,0.198954,0
607393331986563071,0.186687,0
607393332120780799,0.212383,0
607393332389216255,0.225377,0
607393332523433983,0.219226,0
607393332657651711,0.230447,0
607393332791869439,0.241721,0
607393332926087167,0.208165,0
607393333060304895,0.230703,0
607393333194522623,0.205738,0
607393333462958079,0.217732,0
607393333597175807,0.227131,0
607393333731393535,0.222106,0
607393333865611263,0.229607,0
607393333999828991,0.210587,0
607393334134046719,0.223723,0
607393334268264447,0.21142,0
607393334536699903,0.198708,0
607393334670917631,0.20435,0
607393334805135359,0.168783,0
607393334939353087,0.199717,0
607393335073570815,0.180999,0
607393335207788543,0.198335,0
607393335342006271,0.177854,0
607393335610441727,0.198977,0
607393335744659455,0.201545,0
607393335878877183,0.210687,0
607393336013094911,0.200899,0
607393336147312639,0.191556,0
607393336281530367,0.180735,0
607393336415748095,0.194661,0
607393336684183551,0.177103,0
607393336818401279,0.19588,0
607393336952619007,0.175639,0
607393337086836735,0.203112,0
607393337221054463,0.165684,0
607393337355272191,0.187429,0
607393337489489919,0.176804,0
607393338831667199,0.202993,0
607393338965884927,0.21134,0
607393339100102655,0.220467,0
607393339234320383,0.215147,0
607393339368538111,0.201071,0
607393339502755839,0.209474,0
607393339636973567,0.21272,0
607393339905409023,0.197465,0
607393340039626751,0.193996,0
607393340173844479,0.19912,0
607393340308062207,0.197622,0
607393340442279935,0.210747,0
607393340576497663,0.195234,0
607393340710715391,0.211273,0
607393340979150847,0.217561,0
607393341113368575,0.215566,0
607393341247586303,0.217916,0
607393341381804031,0.203039,0
607393341516021759,0.229204,0
607393341650239487,0.224598,0
607393341784457215,0.226123,0
607393342052892671,0.212013,0
607393342187110399,0.198536,0
607393342321328127,0.219428,0
607393342455545855,0.205499,0
607393342589763583,0.201894,0
607393342723981311,0.203255,0
607393342858199039,0.223551,0
607393343126634495,0.197939,0
607393343260852223,0.206126,0
607393343395069951,0.206875,0
607393343529287679,0.207997,0
607393343663505407,0.200037,0
607393343797723135,0.215063,0
607393343931940863,0.195374,0
607393344200376319,0.198928,0
607393344334594047,0.214046,0
607393344468811775,0.201396,0
607393344603029503,0.216817,0
607393344737247231,0.194304,0
607393344871464959,0.192933,0
607393345005682687,0.20511,0
607393345274118143,0.223645,0
607393345408335871,0.219806,0
607393345542553599,0.225583,0
607393345676771327,0.23813,0
607393345810989055,0.220323,0
607393345945206783,0.225115,0
607393346079424511,0.229254,0
607393347421601791,0.189042,0
607393347555819519,0.200649,0
607393347690037247,0.191336,0
607393347824254975,0.188884,0
607393347958472703,0.215417,0
607393348092690431,0.208542,0
607393348226908159,0.206443,0
607393348495343615,0.188389,0
607393348629561343,0.181457,0
607393348763779071,0.196406,0
607393348897996799,0.195603,0
607393349032214527,0.208961,0
607393349166432255,0.194911,0
607393349300649983,0.209256,0
607393349569085439,0.17403,0
607393349703303167,0.186438,0
607393349837520895,0.188846,0
607393349971738623,0.185529,0
607393350105956351,0.187598,0
607393350240174079,0.186699,0
607393350374391807,0.183462,0
607393350642827263,0.177885,0
607393350777044991,0.175698,0
607393350911262719,0.182085,0
607393351045480447,0.172235,0
607393351179698175,0.18284,0
607393351313915903,0.176652,0
607393351448133631,0.187069,0
607393351716569087,0.213203,0
607393351850786815,0.216698,0
607393351985004543,0.216149,0
607393352119222271,0.21835,0
607393352253439999,0.23304,0
607393352387657727,0.222301,0
607393352521875455,0.221383,0
607393352790310911,0.22482,0
607393352924528639,0.225893,0
607393353058746367,0.22818,0
607393353192964095,0.220504,0
607393353327181823,0.214854,0
607393353461399551,0.216777,0
607393353595617279,0.218271,0
607393353864052735,0.189915,0
607393353998270463,0.189017,0
607393354132488191,0.183038,0
607393354266705919,0.189007,0
607393354400923647,0.206077,0
607393354535141375,0.209238,0
607393354669359103,0.196733,0
607393356011536383,0.157904,0
607393356145754111,0.167048,0
607393356279971839,0.15898,0
607393356414189567,0.168342,0
607393356548407295,0.178012,0
607393356682625023,0.165025,0
607393356816842751,0.157588,0
607393357085278207,0.175178,0
607393357219495935,0.178538,0
607393357353713663,0.167137,0
607393357487931391,0.175185,0
607393357622149119,0.180542,0
607393357756366847,0.171613,0
607393357890584575,0.178648,0
607393358159020031,0.153449,0
607393358293237759,0.158344,0
607393358427455487,0.157083,0
607393358561673215,0.159523,0
607393358695890943,0.162444,0
607393358830108671,0.155781,0
607393358964326399,0.164367,0
607393359232761855,0.155057,0
607393359366979583,0.153795,0
607393359501197311,0.154103,0
607393359635415039,0.152379,0
607393359769632767,0.158231,0
607393359903850495,0.157948,0
607393360038068223,0.152897,0
607393360306503679,0.182366,0
607393360440721407,0.16108,0
607393360574939135,0.165571,0
607393360709156863,0.160884,0
607393360843374591,0.19386,0
607393360977592319,0.170076,0
607393361111810047,0.194027,0
607393361380245503,0.241591,0
607393361514463231,0.182525,0
607393361648680959,0.185822,0
607393361782898687,0.216759,0
607393361917116415,0.187939,0
607393362051334143,0.1819,0
607393362185551871,0.189602,0
607393362453987327,0.174623,0
607393362588205055,0.165974,0
607393362722422783,0.16399,0
607393362856640511,0.162102,0
607393362990858239,0.179946,0
607393363125075967,0.168094,0
607393363259293695,0.1715,0
607393364601470975,0.185626,0
607393364735688703,0.182868,0
607393364869906431,0.186892,0
607393365004124159,0.184308,0
607393365138341887,0.189634,0
607393365272559615,0.192108,0
607393365406777343,0.187931,0
607393365675212799,0.192239,0
607393365809430527,0.195723,0
607393365943648255,0.176678,0
607393366077865983,0.185076,0
607393366212083711,0.193802,0
607393366346301439,0.190303,0
607393366480519167,0.19295,0
607393366748954623,0.185895,0
607393366883172351,0.187484,0
607393367017390079,0.179395,0
607393367151607807,0.184648,0
607393367285825535,0.191453,0
607393367420043263,0.186334,0
607393367554260991,0.183834,0
607393367822696447,0.194907,0
607393367956914175,0.19925,0
607393368091131903,0.191414,0
607393368225349631,0.205665,0
607393368359567359,0.186272,0
607393368493785087,0.188696,0
607393368628002815,0.191565,0
607393368896438271,0.187986,0
607393369030655999,0.18893,0
607393369164873727,0.174865,0
607393369299091455,0.180952,0
607393369433309183,0.173373,0
607393369567526911,0.180138,0
607393369701744639,0.204847,0
607393369970180095,0.190715,0
607393370104397823,0.189067,0
607393370238615551,0.19741,0
607393370372833279,0.203491,0
607393370507051007,0.181434,0
607393370641268735,0.184103,0
607393370775486463,0.184861,0
607393371043921919,0.180394,0
607393371178139647,0.182099,0
607393371312357375,0.173419,0
607393371446575103,0.182545,0
607393371580792831,0.182898,0
607393371715010559,0.18987,0
607393371849228287,0.180341,0
607393381781340159,0.171596,0
607393381915557887,0.161682,0
607393382049775615,0.165619,0
607393382183993343,0.162922,0
607393382318211071,0.165751,0
607393382452428799,0.173497,0
607393382586646527,0.164944,0
607393382855081983,0.162928,0
607393382989299711,0.163491,0
607393383123517439,0.167839,0
607393383257735167,0.168742,0
607393383391952895,0.161673,0
607393383526170623,0.171805,0
607393383660388351,0.158317,0
607393383928823807,0.17769,0
607393384063041535,0.163725,0
607393384197259263,0.187241,0
607393384331476991,0.170176,0
607393384465694719,0.16694,0
607393384599912447,0.170963,0
607393384734130175,0.170471,0
607393385002565631,0.171078,0
607393385136783359,0.172914,0
607393385271001087,0.171219,0
607393385405218815,0.171802,0
607393385539436543,0.16597,0
607393385673654271,0.174403,0
607393385807871999,0.161068,0
607393386076307455,0.166769,0
607393386210525183,0.160482,0
607393386344742911,0.168423,0
607393386478960639,0.159075,0
607393386613178367,0.172169,0
607393386747396095,0.163256,0
607393386881613823,0.165556,0
607393387150049279,0.161206,0
607393387284267007,0.155566,0
607393387418484735,0.167325,0
607393387552702463,0.159993,0
607393387686920191,0.168808,0
607393387821137919,0.165799,0
607393387955355647,0.160474,0
607393388223791103,0.164,0
607393388358008831,0.159053,0
607393388492226559,0.16141,0
607393388626444287,0.152405,0
607393388760662015,0.168212,0
607393388894879743,0.161221,0
607393389029097471,0.164135,0
607393390371274751,0.190417,0
607393390505492479,0.199018,0
607393390639710207,0.200371,0
607393390773927935,0.204806,0
607393390908145663,0.187457,0
607393391042363391,0.191523,0
607393391176581119,0.194086,0
607393391445016575,0.191669,0
607393391579234303,0.189461,0
607393391713452031,0.201406,0
607393391847669759,0.185384,0
607393391981887487,0.184552,0
607393392116105215,0.17842,0
607393392250322943,0.193361,0
607393392518758399,0.196753,0
607393392652976127,0.191182,0
607393392787193855,0.182521,0
607393392921411583,0.188091,0
607393393055629311,0.210705,0
607393393189847039,0.205165,0
607393393324064767,0.200368,0
607393393592500223,0.18941,0
607393393726717951,0.191256,0
607393393860935679,0.188032,0
607393393995153407,0.175455,0
607393394129371135,0.203361,0
607393394263588863,0.183137,0
607393394397806591,0.198641,0
607393394666242047,0.178779,0
607393394800459775,0.173001,0
607393394934677503,0.186198,0
607393395068895231,0.183315,0
607393395203112959,0.171082,0
607393395337330687,0.175045,0
607393395471548415,0.172893,0
607393395739983871,0.178336,0
607393395874201599,0.183035,0
607393396008419327,0.18498,0
607393396142637055,0.179674,0
607393396276854783,0.176076,0
607393396411072511,0.175602,0
607393396545290239,0.180741,0
607393396813725695,0.191282,0
607393396947943423,0.187216,0
607393397082161151,0.191169,0
607393397216378879,0.175437,0
607393397350596607,0.175894,0
607393397484814335,0.186716,0
607393397619032063,0.174786,0
607393398961209343,0.190591,0
607393399095427071,0.175976,0
607393399229644799,0.192677,0
607393399363862527,0.180002,0
607393399498080255,0.179401,0
607393399632297983,0.175721,0
607393399766515711,0.183744,0
607393400034951167,0.191754,0
607393400169168895,0.180714,0
607393400303386623,0.181387,0
607393400437604351,0.175061,0
607393400571822079,0.184607,0
607393400706039807,0.183358,0
607393400840257535,0.177265,0
607393401108692991,0.193642,0
607393401242910719,0.189203,0
607393401377128447,0.194137,0
607393401511346175,0.189952,0
607393401645563903,0.200333,0
607393401779781631,0.184127,0
607393401913999359,0.195567,0
607393402182434815,0.1802,0
607393402316652543,0.178646,0
607393402450870271,0.187658,0
607393402585087999,0.189934,0
607393402719305727,0.183883,0
607393402853523455,0.180636,0
607393402987741183,0.181246,0
607393403256176639,0.155,0
607393403390394367,0.160229,0
607393403524612095,0.157991,0
607393403658829823,0.162289,0
607393403793047551,0.151068,0
607393403927265279,0.151954,0
607393404061483007,0.154442,0
607393404329918463,0.167463,0
607393404464136191,0.167626,0
607393404598353919,0.169526,0
607393404732571647,0.16147,0
607393404866789375,0.169201,0
607393405001007103,0.159867,0
607393405135224831,0.174441,0
607393405403660287,0.180107,0
607393405537878015,0.187911,0
607393405672095743,0.191227,0
607393405806313471,0.183599,0
607393405940531199,0.165933,0
607393406074748927,0.161595,0
607393406208966655,0.178578,0
607393407551143935,0.17662,0
607393407685361663,0.185053,0
607393407819579391,0.165788,0
607393407953797119,0.173122,0
607393408088014847,0.178652,0
607393408222232575,0.18518,0
607393408356450303,0.174385,0
607393408624885759,0.181474,0
607393408759103487,0.175935,0
607393408893321215,0.188497,0
607393409027538943,0.193052,0
607393409161756671,0.182224,0
607393409295974399,0.186068,0
607393409430192127,0.185075,0
607393409698627583,0.173207,0
607393409832845311,0.186312,0
607393409967063039,0.178682,0
607393410101280767,0.17034,0
607393410235498495,0.166452,0
607393410369716223,0.181477,0
607393410503933951,0.169345,0
607393410772369407,0.190607,0
607393410906587135,0.194842,0
607393411040804863,0.195362,0
607393411175022591,0.203125,0
607393411309240319,0.179641,0
607393411443458047,0.182143,0
607393411577675775,0.173044,0
607393411846111231,0.172557,0
607393411980328959,0.175864,0
607393412114546687,0.182273,0
607393412248764415,0.187498,0
607393412382982143,0.168016,0
607393412517199871,0.178559,0
607393412651417599,0.175688,0
607393412919853055,0.187754,0
607393413054070783,0.174122,0
607393413188288511,0.173271,0
607393413322506239,0.174633,0
607393413456723967,0.181383,0
607393413590941695,0.175402,0
607393413725159423,0.175286,0
607393413993594879,0.178569,0
607393414127812607,0.17722,0
607393414262030335,0.177731,0
607393414396248063,0.174186,0
607393414530465791,0.185447,0
607393414664683519,0.187656,0
607393414798901247,0.181536,0
607393416141078527,0.17814,0
607393416275296255,0.164464,0
607393416409513983,0.179961,0
607393416543731711,0.168531,0
607393416677949439,0.175373,0
607393416812167167,0.174622,0
607393416946384895,0.177174,0
607393417214820351,0.174498,0
607393417349038079,0.165463,0
607393417483255807,0.177675,0
607393417617473535,0.170903,0
607393417751691263,0.17494,0
607393417885908991,0.181234,0
607393418020126719,0.183101,0
607393418288562175,0.168956,0
607393418422779903,0.160366,0
607393418556997631,0.172095,0
607393418691215359,0.173636,0
607393418825433087,0.185411,0
607393418959650815,0.163603,0
607393419093868543,0.178445,0
607393419362303999,0.166014,0
607393419496521727,0.164384,0
607393419630739455,0.180211,0
607393419764957183,0.158464,0
607393419899174911,0.171099,0
607393420033392639,0.16942,0
607393420167610367,0.168934,0
607393420436045823,0.18755,0
607393420570263551,0.18541,0
607393420704481279,0.181128,0
607393420838699007,0.177391,0
607393420972916735,0.183849,0
607393421107134463,0.179296,0
607393421241352191,0.185589,0
607393421509787647,0.180478,0
607393421644005375,0.178511,0
607393421778223103,0.176484,0
607393421912440831,0.175658,0
607393422046658559,0.184166,0
607393422180876287,0.179933,0
607393422315094015,0.177733,0
607393422583529471,0.187451,0
607393422717747199,0.191373,0
607393422851964927,0.185045,0
607393422986182655,0.188794,0
607393423120400383,0.18467,0
607393423254618111,0.182143,0
607393423388835839,0.193367,0
607393424731013119,0.169192,0
607393424865230847,0.165535,0
607393424999448575,0.157667,0
607393425133666303,0.16843,0
607393425267884031,0.161013,0
607393425402101759,0.171797,0
607393425536319487,0.172347,0
607393425804754943,0.182876,0
607393425938972671,0.16246,0
607393426073190399,0.174424,0
607393426207408127,0.175354,0
607393426341625855,0.168088,0
607393426475843583,0.176172,0
607393426610061311,0.176724,0
607393426878496767,0.153435,0
607393427012714495,0.159199,0
607393427146932223,0.161083,0
607393427281149951,0.173005,0
607393427415367679,0.149102,0
607393427549585407,0.167632,0
607393427683803135,0.156522,0
607393427952238591,0.169559,0
607393428086456319,0.158858,0
607393428220674047,0.178715,0
607393428354891775,0.174026,0
607393428489109503,0.162373,0
607393428623327231,0.170604,0
607393428757544959,0.158771,0
607393429025980415,0.172281,0
607393429160198143,0.158927,0
607393429294415871,0.164391,0
607393429428633599,0.163947,0
607393429562851327,0.163014,0
607393429697069055,0.165432,0
607393429831286783,0.166572,0
607393430099722239,0.156879,0
607393430233939967,0.163523,0
607393430368157695,0.158286,0
607393430502375423,0.169682,0
607393430636593151,0.150809,0
607393430770810879,0.156444,0
607393430905028607,0.161486,0
607393431173464063,0.184919,0
607393431307681791,0.167509,0
607393431441899519,0.175945,0
607393431576117247,0.166122,0
607393431710334975,0.169663,0
607393431844552703,0.173689,0
607393431978770431,0.171791,0
607393433320947711,0.163417,0
607393433455165439,0.155182,0
607393433589383167,0.143008,0
607393433723600895,0.144302,0
607393433857818623,0.15976,0
607393433992036351,0.148693,0
607393434126254079,0.166924,0
607393434394689535,0.14521,0
607393434528907263,0.153944,0
607393434663124991,0.147112,0
607393434797342719,0.153334,0
607393434931560447,0.154365,0
607393435065778175,0.155006,0
607393435199995903,0.146666,0
607393435468431359,0.142249,0
607393435602649087,0.144217,0
607393435736866815,0.150989,0
607393435871084543,0.137158,0
607393436005302271,0.14931,0
607393436139519999,0.137081,0
607393436273737727,0.145647,0
607393436542173183,0.149139,0
607393436676390911,0.158913,0
607393436810608639,0.154361,0
607393436944826367,0.149841,0
607393437079044095,0.157048,0
607393437213261823,0.151905,0
607393437347479551,0.141549,0
607393437615915007,0.179264,0
607393437750132735,0.171241,0
607393437884350463,0.178511,0
607393438018568191,0.169691,0
607393438152785919,0.181134,0
607393438287003647,0.182112,0
607393438421221375,0.174299,0
607393438689656831,0.160181,0
607393438823874559,0.154336,0
607393438958092287,0.159426,0
607393439092310015,0.152193,0
607393439226527743,0.174387,0
607393439360745471,0.179638,0
607393439494963199,0.165355,0
607393439763398655,0.150218,0
607393439897616383,0.15471,0
607393440031834111,0.152104,0
607393440166051839,0.150368,0
607393440300269567,0.16824,0
607393440434487295,0.160925,0
607393440568705023,0.154708,0
607393450500816895,0.142279,0
607393450635034623,0.149434,0
607393450769252351,0.142806,0
607393450903470079,0.139964,0
607393451037687807,0.148932,0
607393451171905535,0.142076,0
607393451306123263,0.138054,0
607393451574558719,0.154064,0
607393451708776447,0.155706,0
607393451842994175,0.14992,0
607393451977211903,0.145913,0
607393452111429631,0.169614,0
607393452245647359,0.16,0
607393452379865087,0.149879,0
607393452648300543,0.150424,0
607393452782518271,0.146604,0
607393452916735999,0.14246,0
607393453050953727,0.142695,0
607393453185171455,0.140487,0
607393453319389183,0.140988,0
607393453453606911,0.147848,0
607393453722042367,0.143988,0
607393453856260095,0.146868,0
607393453990477823,0.154906,0
607393454124695551,0.149399,0
607393454258913279,0.144688,0
607393454393131007,0.13807,0
607393454527348735,0.141452,0
607393454795784191,0.165047,0
607393454930001919,0.174825,0
607393455064219647,0.147972,0
607393455198437375,0.156302,0
607393455332655103,0.168029,0
607393455466872831,0.177505,0
607393455601090559,0.139385,0
607393455869526015,0.172029,0
607393456003743743,0.1906,0
607393456137961471,0.162901,0
607393456272179199,0.175675,0
607393456406396927,0.192191,0
607393456540614655,0.202582,0
607393456674832383,0.175365,0
607393456943267839,0.140881,0
607393457077485567,0.146685,0
607393457211703295,0.148329,0
607393457345921023,0.153381,0
607393457480138751,0.130662,0
607393457614356479,0.138436,0
607393457748574207,0.12845,0
607393459090751487,0.128111,0
607393459224969215,0.126098,0
607393459359186943,0.125977,0
607393459493404671,0.127915,0
607393459627622399,0.136086,0
607393459761840127,0.131944,0
607393459896057855,0.132818,0
607393460164493311,0.125864,0
607393460298711039,0.131508,0
607393460432928767,0.128359,0
607393460567146495,0.12894,0
607393460701364223,0.136132,0
607393460835581951,0.128545,0
607393460969799679,0.129275,0
607393461238235135,0.132811,0
607393461372452863,0.126169,0
607393461506670591,0.137299,0
607393461640888319,0.128237,0
607393461775106047,0.137257,0
607393461909323775,0.128773,0
607393462043541503,0.139278,0
607393462311976959,0.123935,0
607393462446194687,0.129987,0
607393462580412415,0.130882,0
607393462714630143,0.12985,0
607393462848847871,0.125811,0
607393462983065599,0.126812,0
607393463117283327,0.121536,0
607393463385718783,0.152536,0
607393463519936511,0.153411,0
607393463654154239,0.160383,0
607393463788371967,0.139639,0
607393463922589695,0.190288,0
607393464056807423,0.171502,0
607393464191025151,0.164446,0
607393464459460607,0.148956,0
607393464593678335,0.143029,0
607393464727896063,0.146525,0
607393464862113791,0.135242,0
607393464996331519,0.171413,0
607393465130549247,0.159605,0
607393465264766975,0.159471,0
607393465533202431,0.136135,0
607393465667420159,0.13413,0
607393465801637887,0.141751,0
607393465935855615,0.141396,0
607393466070073343,0.151161,0
607393466204291071,0.136313,0
607393466338508799,0.147244,0
607393467680686079,0.127623,0
607393467814903807,0.120544,0
607393467949121535,0.127525,0
607393468083339263,0.125143,0
607393468217556991,0.135447,0
607393468351774719,0.135538,0
607393468485992447,0.129615,0
607393468754427903,0.117327,0
607393468888645631,0.111437,0
607393469022863359,0.116728,0
607393469157081087,0.111463,0
607393469291298815,0.127189,0
607393469425516543,0.130111,0
607393469559734271,0.126865,0
607393469828169727,0.112062,0
607393469962387455,0.108653,0
607393470096605183,0.105841,0
607393470230822911,0.105019,0
607393470365040639,0.116958,0
607393470499258367,0.118008,0
607393470633476095,0.11502,0
607393470901911551,0.107459,0
607393471036129279,0.0985082,0
607393471170347007,0.107023,0
607393471304564735,0.0996334,0
607393471438782463,0.121671,0
607393471573000191,0.108678,0
607393471707217919,0.107189,0
607393471975653375,0.125261,0
607393472109871103,0.129889,0
607393472244088831,0.120894,0
607393472378306559,0.126131,0
607393472512524287,0.12506,0
607393472646742015,0.12295,0
607393472780959743,0.117884,0
607393473049395199,0.140574,0
607393473183612927,0.141197,0
607393473317830655,0.133278,0
607393473452048383,0.132745,0
607393473586266111,0.141438,0
607393473720483839,0.147012,0
607393473854701567,0.130111,0
607393474123137023,0.102621,0
607393474257354751,0.121387,0
607393474391572479,0.103463,0
607393474525790207,0.108308,0
607393474660007935,0.117457,0
607393474794225663,0.118688,0
607393474928443391,0.104165,0
607393476270620671,0.100148,0
607393476404838399,0.0962574,0
607393476539056127,0.106962,0
607393476673273855,0.102734,0
607393476807491583,0.105881,0
607393476941709311,0.104018,0
607393477075927039,0.104261,0
607393477344362495,0.0980492,0
607393477478580223,0.0831228,0
607393477612797951,0.0991649,0
607393477747015679,0.0908737,0
607393477881233407,0.117089,0
607393478015451135,0.102022,0
607393478149668863,0.108329,0
607393478418104319,0.0997032,0
607393478552322047,0.0972039,0
607393478686539775,0.111821,0
607393478820757503,0.0974517,0
607393478954975231,0.10011,0
607393479089192959,0.107226,0
607393479223410687,0.10094,0
607393479491846143,0.0880483,0
607393479626063871,0.0923148,0
607393479760281599,0.0976893,0
607393479894499327,0.0994737,0
607393480028717055,0.0868894,0
607393480162934783,0.0828151,0
607393480297152511,0.0986328,0
607393480565587967,0.146946,0
607393480699805695,0.133006,0
607393480834023423,0.112423,0
607393480968241151,0.108263,0
607393481102458879,0.155357,0
607393481236676607,0.145983,0
607393481370894335,0.11682,0
607393481639329791,0.14676,0
607393481773547519,0.144361,0
607393481907765247,0.126701,0
607393482041982975,0.131031,0
607393482176200703,0.146304,0
607393482310418431,0.144733,0
607393482444636159,0.151578,0
607393482713071615,0.106494,0
607393482847289343,0.104571,0
607393482981507071,0.114408,0
607393483115724799,0.111384,0
607393483249942527,0.111458,0
607393483384160255,0.108844,0
607393483518377983,0.105269,0
607393484860555263,0.201791,0
607393484994772991,0.216754,0
607393485128990719,0.15062,0
607393485263208447,0.19559,0
607393485397426175,0.17664,0
607393485531643903,0.217988,0
607393485665861631,0.147962,0
607393485934297087,0.213716,0
607393486068514815,0.222875,0
607393486202732543,0.21738,0
607393486336950271,0.224769,0
607393486471167999,0.234087,0
607393486605385727,0.240104,0
607393486739603455,0.219882,0
607393487008038911,0.143987,0
607393487142256639,0.146829,0
607393487276474367,0.143394,0
607393487410692095,0.157569,0
607393487544909823,0.134152,0
607393487679127551,0.167933,0
607393487813345279,0.124717,0
607393488081780735,0.195514,0
607393488215998463,0.200943,0
607393488350216191,0.166213,0
607393488484433919,0.187671,0
607393488618651647,0.201771,0
607393488752869375,0.220252,0
607393488887087103,0.176394,0
607393489155522559,0.1653,0
607393489289740287,0.17147,0
607393489423958015,0.136761,0
607393489558175743,0.159829,0
607393489692393471,0.18331,0
607393489826611199,0.186351,0
607393489960828927,0.162598,0
607393490229264383,0.217924,0
607393490363482111,0.217675,0
607393490497699839,0.190367,0
607393490631917567,0.232044,0
607393490766135295,0.172534,0
607393490900353023,0.200871,0
607393491034570751,0.188247,0
607393491303006207,0.129954,0
607393491437223935,0.136596,0
607393491571441663,0.109219,0
607393491705659391,0.120286,0
607393491839877119,0.134918,0
607393491974094847,0.138094,0
607393492108312575,0.127543,0
607393493450489855,0.206449,0
607393493584707583,0.20786,0
607393493718925311,0.21313,0
607393493853143039,0.202175,0
607393493987360767,0.233189,0
607393494121578495,0.207745,0
607393494255796223,0.211615,0
607393494524231679,0.199655,0
607393494658449407,0.187552,0
607393494792667135,0.200229,0
607393494926884863,0.179012,0
607393495061102591,0.22183,0
607393495195320319,0.191586,0
607393495329538047,0.203741,0
607393495597973503,0.19672,0
607393495732191231,0.197478,0
607393495866408959,0.184876,0
607393496000626687,0.180295,0
607393496134844415,0.218099,0
607393496269062143,0.209007,0
607393496403279871,0.213133,0
607393496671715327,0.185708,0
607393496805933055,0.174456,0
607393496940150783,0.19201,0
607393497074368511,0.167108,0
607393497208586239,0.213165,0
607393497342803967,0.184738,0
607393497477021695,0.207822,0
607393497745457151,0.233821,0
607393497879674879,0.240866,0
607393498013892607,0.224122,0
607393498148110335,0.227812,0
607393498282328063,0.231884,0
607393498416545791,0.238792,0
607393498550763519,0.241031,0
607393498819198975,0.231126,0
607393498953416703,0.221615,0
607393499087634431,0.235128,0
607393499221852159,0.22078,0
607393499356069887,0.23035,0
607393499490287615,0.234364,0
607393499624505343,0.247289,0
607393499892940799,0.2081,0
607393500027158527,0.219636,0
607393500161376255,0.208916,0
607393500295593983,0.220297,0
607393500429811711,0.216618,0
607393500564029439,0.216231,0
607393500698247167,0.212352,0
607393502040424447,0.092611,0
607393502174642175,0.10121,0
607393502308859903,0.0987525,0
607393502443077631,0.104887,0
607393502577295359,0.0907082,0
607393502711513087,0.0997475,0
607393502845730815,0.0900071,0
607393503114166271,0.113226,0
607393503248383999,0.126367,0
607393503382601727,0.110728,0
607393503516819455,0.106906,0
607393503651037183,0.117499,0
607393503785254911,0.126824,0
607393503919472639,0.103483,0
607393504187908095,0.106073,0
607393504322125823,0.102822,0
607393504456343551,0.0999026,0
607393504590561279,0.116902,0
607393504724779007,0.0997654,0
607393504858996735,0.105968,0
607393504993214463,0.0955078,0
607393505261649919,0.116265,0
607393505395867647,0.119318,0
607393505530085375,0.114525,0
607393505664303103,0.120691,0
607393505798520831,0.114069,0
607393505932738559,0.112416,0
607393506066956287,0.113716,0
607393506335391743,0.0777664,0
607393506469609471,0.0957983,0
607393506603827199,0.0829993,0
607393506738044927,0.0925412,0
607393506872262655,0.085028,0
607393507006480383,0.0912201,0
607393507140698111,0.0848141,0
607393507409133567,0.104606,0
607393507543351295,0.116718,0
607393507677569023,0.101139,0
607393507811786751,0.10637,0
607393507946004479,0.113749,0
607393508080222207,0.122025,0
607393508214439935,0.100585,0
607393508482875391,0.0899013,0
607393508617093119,0.0987008,0
607393508751310847,0.0895627,0
607393508885528575,0.0975501,0
607393509019746303,0.0871579,0
607393509153964031,0.0926812,0
607393509288181759,0.0891904,0
607393519220293631,0.160842,0
607393519354511359,0.181756,0
607393519488729087,0.164573,0
607393519622946815,0.162849,0
607393519757164543,0.170232,0
607393519891382271,0.169149,0
607393520025599999,0.152186,0
607393520294035455,0.187854,0
607393520428253183,0.187682,0
607393520562470911,0.183078,0
607393520696688639,0.190234,0
607393520830906367,0.191538,0
607393520965124095,0.193193,0
607393521099341823,0.185041,0
607393521367777279,0.154719,0
607393521501995007,0.170808,0
607393521636212735,0.144389,0
607393521770430463,0.160831,0
607393521904648191,0.154401,0
607393522038865919,0.152442,0
607393522173083647,0.146904,0
607393522441519103,0.177608,0
607393522575736831,0.180495,0
607393522709954559,0.169427,0
607393522844172287,0.155064,0
607393522978390015,0.165841,0
607393523112607743,0.178071,0
607393523246825471,0.168272,0
607393523515260927,0.164103,0
607393523649478655,0.17309,0
607393523783696383,0.155081,0
607393523917914111,0.160467,0
607393524052131839,0.168588,0
607393524186349567,0.176056,0
607393524320567295,0.164483,0
607393524589002751,0.1826,0
607393524723220479,0.187444,0
607393524857438207,0.176393,0
607393524991655935,0.179796,0
607393525125873663,0.178366,0
607393525260091391,0.191773,0
607393525394309119,0.175734,0
607393525662744575,0.14391,0
607393525796962303,0.150087,0
607393525931180031,0.145423,0
607393526065397759,0.146242,0
607393526199615487,0.145728,0
607393526333833215,0.152218,0
607393526468050943,0.143191,0
607393527810228223,0.180109,0
607393527944445951,0.174275,0
607393528078663679,0.1709,0
607393528212881407,0.15894,0
607393528347099135,0.196009,0
607393528481316863,0.180485,0
607393528615534591,0.189051,0
607393528883970047,0.165533,0
607393529018187775,0.161984,0
607393529152405503,0.150068,0
607393529286623231,0.149407,0
607393529420840959,0.185615,0
607393529555058687,0.17492,0
607393529689276415,0.164648,0
607393529957711871,0.135153,0
607393530091929599,0.147621,0
607393530226147327,0.13346,0
607393530360365055,0.144058,0
607393530494582783,0.167708,0
607393530628800511,0.149239,0
607393530763018239,0.151155,0
607393531031453695,0.135338,0
607393531165671423,0.111999,0
607393531299889151,0.115605,0
607393531434106879,0.110249,0
607393531568324607,0.143385,0
607393531702542335,0.138727,0
607393531836760063,0.159024,0
607393532105195519,0.196807,0
607393532239413247,0.19977,0
607393532373630975,0.201548,0
607393532507848703,0.205434,0
607393532642066431,0.199112,0
607393532776284159,0.197721,0
607393532910501887,0.191637,0
607393533178937343,0.211194,0
607393533313155071,0.19829,0
607393533447372799,0.194458,0
607393533581590527,0.188596,0
607393533715808255,0.207765,0
607393533850025983,0.216025,0
607393533984243711,0.206574,0
607393534252679167,0.184447,0
607393534386896895,0.182892,0
607393534521114623,0.171968,0
607393534655332351,0.168644,0
607393534789550079,0.196358,0
607393534923767807,0.193724,0
607393535057985535,0.193934,0
607393536400162815,0.134627,0
607393536534380543,0.139057,0
607393536668598271,0.125475,0
607393536802815999,0.131588,0
607393536937033727,0.137203,0
607393537071251455,0.144041,0
607393537205469183,0.131055,0
607393537473904639,0.154015,0
607393537608122367,0.137278,0
607393537742340095,0.134531,0
607393537876557823,0.133133,0
607393538010775551,0.148309,0
607393538144993279,0.142671,0
607393538279211007,0.155795,0
607393538547646463,0.123378,0
607393538681864191,0.123814,0
607393538816081919,0.120668,0
607393538950299647,0.11483,0
607393539084517375,0.11536,0
607393539218735103,0.134886,0
607393539352952831,0.117551,0
607393539621388287,0.112536,0
607393539755606015,0.107683,0
607393539889823743,0.112267,0
607393540024041471,0.108547,0
607393540158259199,0.131774,0
607393540292476927,0.114251,0
607393540426694655,0.122842,0
607393540695130111,0.133274,0
607393540829347839,0.131532,0
607393540963565567,0.135733,0
607393541097783295,0.136446,0
607393541232001023,0.137084,0
607393541366218751,0.12832,0
607393541500436479,0.132812,0
607393541768871935,0.132646,0
607393541903089663,0.141157,0
607393542037307391,0.129221,0
607393542171525119,0.138901,0
607393542305742847,0.138305,0
607393542439960575,0.146524,0
607393542574178303,0.134158,0
607393542842613759,0.127874,0
607393542976831487,0.135708,0
607393543111049215,0.132897,0
607393543245266943,0.130924,0
607393543379484671,0.131529,0
607393543513702399,0.134209,0
607393543647920127,0.12642,0
607393544990097407,0.108532,0
607393545124315135,0.125572,0
607393545258532863,0.118428,0
607393545392750591,0.103719,0
607393545526968319,0.11436,0
607393545661186047,0.119371,0
607393545795403775,0.10016,0
607393546063839231,0.129459,0
607393546198056959,0.10584,0
607393546332274687,0.104277,0
607393546466492415,0.0947936,0
607393546600710143,0.12828,0
607393546734927871,0.140198,0
607393546869145599,0.128158,0
607393547137581055,0.0836889,0
607393547271798783,0.0932716,0
607393547406016511,0.0782516,0
607393547540234239,0.0838831,0
607393547674451967,0.109115,0
607393547808669695,0.0901482,0
607393547942887423,0.0994604,0
607393548211322879,0.095636,0
607393548345540607,0.096617,0
607393548479758335,0.0941392,0
607393548613976063,0.100237,0
607393548748193791,0.0937734,0
607393548882411519,0.0956872,0
607393549016629247,0.0906793,0
607393549285064703,0.138107,0
607393549419282431,0.133782,0
607393549553500159,0.131583,0
607393549687717887,0.12998,0
607393549821935615,0.136169,0
607393549956153343,0.142112,0
607393550090371071,0.131221,0
607393550358806527,0.143994,0
607393550493024255,0.143297,0
607393550627241983,0.12279,0
607393550761459711,0.115667,0
607393550895677439,0.159733,0
607393551029895167,0.159763,0
607393551164112895,0.150464,0
607393551432548351,0.103272,0
607393551566766079,0.101248,0
607393551700983807,0.101518,0
607393551835201535,0.104264,0
607393551969419263,0.113885,0
607393552103636991,0.112171,0
607393552237854719,0.10739,0
607393553580031999,0.202647,0
607393553714249727,0.200272,0
607393553848467455,0.189936,0
607393553982685183,0.188851,0
607393554116902911,0.18601,0
607393554251120639,0.197738,0
607393554385338367,0.18883,0
607393554653773823,0.191749,0
607393554787991551,0.182742,0
607393554922209279,0.183686,0
607393555056427007,0.189468,0
607393555190644735,0.198873,0
607393555324862463,0.1903,0
607393555459080191,0.197805,0
607393555727515647,0.201744,0
607393555861733375,0.182983,0
607393555995951103,0.172511,0
607393556130168831,0.173436,0
607393556264386559,0.178593,0
607393556398604287,0.200949,0
607393556532822015,0.190166,0
607393556801257471,0.183017,0
607393556935475199,0.189119,0
607393557069692927,0.17041,0
607393557203910655,0.175377,0
607393557338128383,0.182466,0
607393557472346111,0.193287,0
607393557606563839,0.194342,0
607393557874999295,0.184084,0
607393558009217023,0.175913,0
607393558143434751,0.193346,0
607393558277652479,0.185727,0
607393558411870207,0.194746,0
607393558546087935,0.185362,0
607393558680305663,0.187565,0
607393558948741119,0.186056,0
607393559082958847,0.192035,0
607393559217176575,0.186805,0
607393559351394303,0.18203,0
607393559485612031,0.192988,0
607393559619829759,0.191316,0
607393559754047487,0.182877,0
607393560022482943,0.198875,0
607393560156700671,0.188168,0
607393560290918399,0.193092,0
607393560425136127,0.186177,0
607393560559353855,0.20221,0
607393560693571583,0.193215,0
607393560827789311,0.195017,0
607393562169966591,0.171188,0
607393562304184319,0.178258,0
607393562438402047,0.180913,0
607393562572619775,0.18108,0
607393562706837503,0.185799,0
607393562841055231,0.169208,0
607393562975272959,0.174918,0
607393563243708415,0.179885,0
607393563377926143,0.196811,0
607393563512143871,0.185952,0
607393563646361599,0.184149,0
607393563780579327,0.181474,0
607393563914797055,0.186088,0
607393564049014783,0.181701,0
607393564317450239,0.199268,0
607393564451667967,0.191028,0
607393564585885695,0.184123,0
607393564720103423,0.187964,0
607393564854321151,0.186409,0
607393564988538879,0.190188,0
607393565122756607,0.194532,0
607393565391192063,0.20075,0
607393565525409791,0.213416,0
607393565659627519,0.202599,0
607393565793845247,0.20272,0
607393565928062975,0.194855,0
607393566062280703,0.19744,0
607393566196498431,0.193564,0
607393566464933887,0.179913,0
607393566599151615,0.188996,0
607393566733369343,0.178875,0
607393566867587071,0.189052,0
607393567001804799,0.187327,0
607393567136022527,0.184348,0
607393567270240255,0.185449,0
607393567538675711,0.184974,0
607393567672893439,0.188278,0
607393567807111167,0.182646,0
607393567941328895,0.181048,0
607393568075546623,0.184381,0
607393568209764351,0.179696,0
607393568343982079,0.173596,0
607393568612417535,0.175252,0
607393568746635263,0.178378,0
607393568880852991,0.181607,0
607393569015070719,0.184533,0
607393569149288447,0.181398,0
607393569283506175,0.181084,0
607393569417723903,0.181616,0
607393570759901183,0.158527,0
607393570894118911,0.148944,0
607393571028336639,0.15522,0
607393571162554367,0.145042,0
607393571296772095,0.172722,0
607393571430989823,0.166376,0
607393571565207551,0.167833,0
607393571833643007,0.157019,0
607393571967860735,0.149696,0
607393572102078463,0.147686,0
607393572236296191,0.141372,0
607393572370513919,0.164236,0
607393572504731647,0.167978,0
607393572638949375,0.161991,0
607393572907384831,0.13393,0
607393573041602559,0.129821,0
607393573175820287,0.133797,0
607393573310038015,0.131521,0
607393573444255743,0.150129,0
607393573578473471,0.144498,0
607393573712691199,0.146453,0
607393573981126655,0.13924,0
607393574115344383,0.138091,0
607393574249562111,0.132719,0
607393574383779839,0.131936,0
607393574517997567,0.142253,0
607393574652215295,0.147212,0
607393574786433023,0.13619,0
607393575054868479,0.195886,0
607393575189086207,0.193488,0
607393575323303935,0.193554,0
607393575457521663,0.177494,0
607393575591739391,0.208954,0
607393575725957119,0.204349,0
607393575860174847,0.194879,0
607393576128610303,0.188432,0
607393576262828031,0.189139,0
607393576397045759,0.17163,0
607393576531263487,0.167738,0
607393576665481215,0.200023,0
607393576799698943,0.195325,0
607393576933916671,0.197812,0
607393577202352127,0.167976,0
607393577336569855,0.152935,0
607393577470787583,0.174049,0
607393577605005311,0.152835,0
607393577739223039,0.185973,0
607393577873440767,0.18241,0
607393578007658495,0.178511,0
607393587939770367,0.234956,0
607393588073988095,0.239227,0
607393588208205823,0.285298,0
607393588342423551,0.233545,0
607393588476641279,0.214816,0
607393588610859007,0.201726,0
607393588745076735,0.299475,0
607393589013512191,0.227502,0
607393589147729919,0.251431,0
607393589281947647,0.240786,0
607393589416165375,0.253632,0
607393589550383103,0.213561,0
607393589684600831,0.22247,0
607393589818818559,0.219437,0
607393590087254015,0.196861,0
607393590221471743,0.254757,0
607393590355689471,0.217202,0
607393590489907199,0.201134,0
607393590624124927,0.221191,0
607393590758342655,0.277758,0
607393590892560383,0.209624,0
607393591160995839,0.252094,0
607393591295213567,0.238041,0
607393591429431295,0.211059,0
607393591563649023,0.251004,0
607393591697866751,0.212339,0
607393591832084479,0.216365,0
607393591966302207,0.275272,0
607393592234737663,0.248583,0
607393592368955391,0.253807,0
607393592503173119,0.252658,0
607393592637390847,0.306304,0
607393592771608575,0.28338,0
607393592905826303,0.275409,0
607393593040044031,0.222205,0
607393593308479487,0.265422,0
607393593442697215,0.231865,0
607393593576914943,0.204006,0
607393593711132671,0.209401,0
607393593845350399,0.294323,0
607393593979568127,0.217664,0
607393594113785855,0.323631,0
607393594382221311,0.233008,0
607393594516439039,0.2421,0
607393594650656767,0.227545,0
607393594784874495,0.20105,0
607393594919092223,0.2091,0
607393595053309951,0.253993,0
607393595187527679,0.203428,0
607393596529704959,0.234363,0
607393596663922687,0.275495,0
607393596798140415,0.215479,0
607393596932358143,0.22898,0
607393597066575871,0.24036,0
607393597200793599,0.245608,0
607393597335011327,0.233578,0
607393597603446783,0.234339,0
607393597737664511,0.226335,0
607393597871882239,0.27933,0
607393598006099967,0.280914,0
607393598140317695,0.233806,0
607393598274535423,0.234263,0
607393598408753151,0.246174,0
607393598677188607,0.217615,0
607393598811406335,0.22123,0
607393598945624063,0.204901,0
607393599079841791,0.218518,0
607393599214059519,0.244611,0
607393599348277247,0.22442,0
607393599482494975,0.242579,0
607393599750930431,0.221518,0
607393599885148159,0.222114,0
607393600019365887,0.224249,0
607393600153583615,0.218532,0
607393600287801343,0.224777,0
607393600422019071,0.230129,0
607393600556236799,0.230175,0
607393600824672255,0.248273,0
607393600958889983,0.254346,0
607393601093107711,0.249217,0
607393601227325439,0.245317,0
607393601361543167,0.273803,0
607393601495760895,0.247856,0
607393601629978623,0.263635,0
607393601898414079,0.2424,0
607393602032631807,0.23491,0
607393602166849535,0.246703,0
607393602301067263,0.253237,0
607393602435284991,0.264239,0
607393602569502719,0.266608,0
607393602703720447,0.241737,0
607393602972155903,0.264213,0
607393603106373631,0.276026,0
607393603240591359,0.208376,0
607393603374809087,0.281535,0
607393603509026815,0.232508,0
607393603643244543,0.265279,0
607393603777462271,0.244569,0
607393605119639551,0.142144,0
607393605253857279,0.141637,0
607393605388075007,0.138095,0
607393605522292735,0.141474,0
607393605656510463,0.155885,0
607393605790728191,0.169831,0
607393605924945919,0.131384,0
607393606193381375,0.168479,0
607393606327599103,0.154944,0
607393606461816831,0.143884,0
607393606596034559,0.171613,0
607393606730252287,0.187631,0
607393606864470015,0.20806,0
607393606998687743,0.169219,0
607393607267123199,0.142683,0
607393607401340927,0.140436,0
607393607535558655,0.173181,0
607393607669776383,0.137179,0
607393607803994111,0.130854,0
607393607938211839,0.145888,0
607393608072429567,0.138559,0
607393608340865023,0.138811,0
607393608475082751,0.139797,0
607393608609300479,0.140776,0
607393608743518207,0.143192,0
607393608877735935,0.141916,0
607393609011953663,0.143004,0
607393609146171391,0.141593,0
607393609414606847,0.15202,0
607393609548824575,0.160201,0
607393609683042303,0.185321,0
607393609817260031,0.153497,0
607393609951477759,0.173323,0
607393610085695487,0.165472,0
607393610219913215,0.153773,0
607393610488348671,0.213964,0
607393610622566399,0.222611,0
607393610756784127,0.194042,0
607393610891001855,0.185441,0
607393611025219583,0.202745,0
607393611159437311,0.284013,0
607393611293655039,0.188814,0
607393611562090495,0.148874,0
607393611696308223,0.12661,0
607393611830525951,0.148141,0
607393611964743679,0.12296,0
607393612098961407,0.173106,0
607393612233179135,0.138823,0
607393612367396863,0.140714,0
607393613709574143,0.198986,0
607393613843791871,0.222366,0
607393613978009599,0.226564,0
607393614112227327,0.200913,0
607393614246445055,0.192877,0
607393614380662783,0.196117,0
607393614514880511,0.201797,0
607393614783315967,0.19948,0
607393614917533695,0.202898,0
607393615051751423,0.191183,0
607393615185969151,0.19662,0
607393615320186879,0.192579,0
607393615454404607,0.210468,0
607393615588622335,0.218001,0
607393615857057791,0.194365,0
607393615991275519,0.203537,0
607393616125493247,0.163184,0
607393616259710975,0.200566,0
607393616393928703,0.18432,0
607393616528146431,0.19506,0
607393616662364159,0.166411,0
607393616930799615,0.179873,0
607393617065017343,0.179619,0
607393617199235071,0.17527,0
607393617333452799,0.178838,0
607393617467670527,0.210285,0
607393617601888255,0.192688,0
607393617736105983,0.201514,0
607393618004541439,0.183939,0
607393618138759167,0.228116,0
607393618272976895,0.166353,0
607393618407194623,0.212555,0
607393618541412351,0.173351,0
607393618675630079,0.214643,0
607393618809847807,0.163661,0
607393619078283263,0.204287,0
607393619212500991,0.210775,0
607393619346718719,0.207485,0
607393619480936447,0.231197,0
607393619615154175,0.245932,0
607393619749371903,0.213099,0
607393619883589631,0.228228,0
607393620152025087,0.166476,0
607393620286242815,0.187414,0
607393620420460543,0.152811,0
607393620554678271,0.166095,0
607393620688895999,0.165125,0
607393620823113727,0.213184,0
607393620957331455,0.156015,0
607393622299508735,0.252765,0
607393622433726463,0.236337,0
607393622567944191,0.220469,0
607393622702161919,0.23364,0
607393622836379647,0.249672,0
607393622970597375,0.254144,0
607393623104815103,0.23639,0
607393623373250559,0.394279,0
607393623507468287,0.272167,0
607393623641686015,0.244599,0
607393623775903743,0.259663,0
607393623910121471,0.283275,0
607393624044339199,0.321232,0
607393624178556927,0.258358,0
607393624446992383,0.228693,0
607393624581210111,0.257129,0
607393624715427839,0.188888,0
607393624849645567,0.202546,0
607393624983863295,0.256453,0
607393625118081023,0.258379,0
607393625252298751,0.218445,0
607393625520734207,0.218895,0
607393625654951935,0.228327,0
607393625789169663,0.295022,0
607393625923387391,0.337814,0
607393626057605119,0.233922,0
607393626191822847,0.22163,0
607393626326040575,0.214633,0
607393626594476031,0.255739,0
607393626728693759,0.259317,0
607393626862911487,0.251939,0
607393626997129215,0.240033,0
607393627131346943,0.268448,0
607393627265564671,0.300573,0
607393627399782399,0.251325,0
607393627668217855,0.265825,0
607393627802435583,0.265129,0
607393627936653311,0.268555,0
607393628070871039,0.292221,0
607393628205088767,0.323933,0
607393628339306495,0.265611,0
607393628473524223,0.285022,0
607393628741959679,0.221714,0
607393628876177407,0.223932,0
607393629010395135,0.22019,0
607393629144612863,0.213495,0
607393629278830591,0.21917,0
607393629413048319,0.251207,0
607393629547266047,0.227601,0
607393630889443327,0.2801,0
607393631023661055,0.29321,0
607393631157878783,0.2321,0
607393631292096511,0.229383,0
607393631426314239,0.293554,0
607393631560531967,0.245776,0
607393631694749695,0.257177,0
607393631963185151,0.244074,0
607393632097402879,0.236723,0
607393632231620607,0.256792,0
607393632365838335,0.236138,0
607393632500056063,0.257766,0
607393632634273791,0.249232,0
607393632768491519,0.253486,0
607393633036926975,0.249378,0
607393633171144703,0.304807,0
607393633305362431,0.22424,0
607393633439580159,0.291129,0
607393633573797887,0.228102,0
607393633708015615,0.2328,0
607393633842233343,0.243166,0
607393634110668799,0.238623,0
607393634244886527,0.256905,0
607393634379104255,0.246975,0
607393634513321983,0.248735,0
607393634647539711,0.291985,0
607393634781757439,0.246363,0
607393634915975167,0.238915,0
607393635184410623,0.25545,0
607393635318628351,0.265824,0
607393635452846079,0.261809,0
607393635587063807,0.266764,0
607393635721281535,0.285574,0
607393635855499263,0.337939,0
607393635989716991,0.305708,0
607393636258152447,0.258226,0
607393636392370175,0.263549,0
607393636526587903,0.248676,0
607393636660805631,0.248348,0
607393636795023359,0.272508,0
607393636929241087,0.275991,0
607393637063458815,0.331044,0
607393637331894271,0.231439,0
607393637466111999,0.232253,0
607393637600329727,0.216834,0
607393637734547455,0.216409,0
607393637868765183,0.269417,0
607393638002982911,0.251282,0
607393638137200639,0.236882,0
607393639479377919,0.230084,0
607393639613595647,0.179507,0
607393639747813375,0.22757,0
607393639882031103,0.220559,0
607393640016248831,0.177771,0
607393640150466559,0.202092,0
607393640284684287,0.231167,0
607393640553119743,0.20667,0
607393640687337471,0.225113,0
607393640821555199,0.189698,0
607393640955772927,0.193303,0
607393641089990655,0.196205,0
607393641224208383,0.203351,0
607393641358426111,0.205635,0
607393641626861567,0.169305,0
607393641761079295,0.163104,0
607393641895297023,0.147624,0
607393642029514751,0.157428,0
607393642163732479,0.157619,0
607393642297950207,0.203941,0
607393642432167935,0.156135,0
607393642700603391,0.234405,0
607393642834821119,0.277092,0
607393642969038847,0.179715,0
607393643103256575,0.179605,0
607393643237474303,0.24347,0
607393643371692031,0.199235,0
607393643505909759,0.214855,0
607393643774345215,0.188891,0
607393643908562943,0.183832,0
607393644042780671,0.246036,0
607393644176998399,0.231107,0
607393644311216127,0.202128,0
607393644445433855,0.188143,0
607393644579651583,0.254806,0
607393644848087039,0.180914,0
607393644982304767,0.198712,0
607393645116522495,0.188485,0
607393645250740223,0.191224,0
607393645384957951,0.190944,0
607393645519175679,0.190064,0
607393645653393407,0.221843,0
607393645921828863,0.207565,0
607393646056046591,0.216644,0
607393646190264319,0.158949,0
607393646324482047,0.165458,0
607393646458699775,0.224649,0
607393646592917503,0.227998,0
607393646727135231,0.229159,0
607393656659247103,0.213673,0
607393656793464831,0.214931,0
607393656927682559,0.223499,0
607393657061900287,0.208351,0
607393657196118015,0.225186,0
607393657330335743,0.218385,0
607393657464553471,0.223955,0
607393657732988927,0.212183,0
607393657867206655,0.219432,0
607393658001424383,0.206835,0
607393658135642111,0.213212,0
607393658269859839,0.225357,0
607393658404077567,0.224029,0
607393658538295295,0.21882,0
607393658806730751,0.217596,0
607393658940948479,0.21749,0
607393659075166207,0.223387,0
607393659209383935,0.21101,0
607393659343601663,0.228892,0
607393659477819391,0.216998,0
607393659612037119,0.226987,0
607393659880472575,0.206033,0
607393660014690303,0.212323,0
607393660148908031,0.21011,0
607393660283125759,0.201389,0
607393660417343487,0.207726,0
607393660551561215,0.206375,0
607393660685778943,0.216387,0
607393660954214399,0.237475,0
607393661088432127,0.236358,0
607393661222649855,0.229037,0
607393661356867583,0.219299,0
607393661491085311,0.241497,0
607393661625303039,0.233798,0
607393661759520767,0.236223,0
607393662027956223,0.230856,0
607393662162173951,0.230826,0
607393662296391679,0.232497,0
607393662430609407,0.224639,0
607393662564827135,0.228853,0
607393662699044863,0.224361,0
607393662833262591,0.237098,0
607393663101698047,0.230013,0
607393663235915775,0.228379,0
607393663370133503,0.234882,0
607393663504351231,0.22506,0
607393663638568959,0.2252,0
607393663772786687,0.214541,0
607393663907004415,0.230848,0
607393665249181695,0.208003,0
607393665383399423,0.203967,0
607393665517617151,0.20839,0
607393665651834879,0.199797,0
607393665786052607,0.20375,0
607393665920270335,0.19592,0
607393666054488063,0.19853,0
607393666322923519,0.192536,0
607393666457141247,0.191973,0
607393666591358975,0.192039,0
607393666725576703,0.184596,0
607393666859794431,0.202884,0
607393666994012159,0.196397,0
607393667128229887,0.197919,0
607393667396665343,0.195106,0
607393667530883071,0.197282,0
607393667665100799,0.189567,0
607393667799318527,0.179138,0
607393667933536255,0.20411,0
607393668067753983,0.198895,0
607393668201971711,0.199821,0
607393668470407167,0.18115,0
607393668604624895,0.186415,0
607393668738842623,0.181899,0
607393668873060351,0.186925,0
607393669007278079,0.19771,0
607393669141495807,0.181909,0
607393669275713535,0.19098,0
607393669544148991,0.203798,0
607393669678366719,0.204187,0
607393669812584447,0.205292,0
607393669946802175,0.208952,0
607393670081019903,0.222496,0
607393670215237631,0.209435,0
607393670349455359,0.225523,0
607393670617890815,0.209084,0
607393670752108543,0.208653,0
607393670886326271,0.200372,0
607393671020543999,0.199108,0
607393671154761727,0.224144,0
607393671288979455,0.221034,0
607393671423197183,0.220618,0
607393671691632639,0.210774,0
607393671825850367,0.197072,0
607393671960068095,0.201279,0
607393672094285823,0.191965,0
607393672228503551,0.203119,0
607393672362721279,0.18723,0
607393672496939007,0.206754,0
607393673839116287,0.211378,0
607393673973334015,0.2119,0
607393674107551743,0.216745,0
607393674241769471,0.211976,0
607393674375987199,0.228798,0
607393674510204927,0.215668,0
607393674644422655,0.230875,0
607393674912858111,0.195084,0
607393675047075839,0.198783,0
607393675181293567,0.212091,0
607393675315511295,0.206156,0
607393675449729023,0.222051,0
607393675583946751,0.19625,0
607393675718164479,0.207082,0
607393675986599935,0.216048,0
607393676120817663,0.201174,0
607393676255035391,0.217302,0
607393676389253119,0.19725,0
607393676523470847,0.212277,0
607393676657688575,0.199763,0
607393676791906303,0.227161,0
607393677060341759,0.185378,0
607393677194559487,0.195769,0
607393677328777215,0.190742,0
607393677462994943,0.17842,0
607393677597212671,0.212963,0
607393677731430399,0.188533,0
607393677865648127,0.201197,0
607393678134083583,0.240081,0
607393678268301311,0.238996,0
607393678402519039,0.219878,0
607393678536736767,0.223668,0
607393678670954495,0.245744,0
607393678805172223,0.22798,0
607393678939389951,0.235263,0
607393679207825407,0.229346,0
607393679342043135,0.218326,0
607393679476260863,0.223512,0
607393679610478591,0.219783,0
607393679744696319,0.23282,0
607393679878914047,0.226542,0
607393680013131775,0.233862,0
607393680281567231,0.235443,0
607393680415784959,0.217589,0
607393680550002687,0.235598,0
607393680684220415,0.235174,0
607393680818438143,0.226498,0
607393680952655871,0.21734,0
607393681086873599,0.254547,0
607393682429050879,0.19665,0
607393682563268607,0.18532,0
607393682697486335,0.175909,0
607393682831704063,0.186964,0
607393682965921791,0.207796,0
607393683100139519,0.194109,0
607393683234357247,0.195745,0
607393683502792703,0.191515,0
607393683637010431,0.192526,0
607393683771228159,0.188089,0
607393683905445887,0.193027,0
607393684039663615,0.192586,0
607393684173881343,0.183034,0
607393684308099071,0.195891,0
607393684576534527,0.178583,0
607393684710752255,0.184745,0
607393684844969983,0.175106,0
607393684979187711,0.174456,0
607393685113405439,0.188084,0
607393685247623167,0.180264,0
607393685381840895,0.185939,0
607393685650276351,0.187256,0
607393685784494079,0.172809,0
607393685918711807,0.180098,0
607393686052929535,0.172965,0
607393686187147263,0.199837,0
607393686321364991,0.194557,0
607393686455582719,0.195424,0
607393686724018175,0.20734,0
607393686858235903,0.205046,0
607393686992453631,0.203031,0
607393687126671359,0.206317,0
607393687260889087,0.217074,0
607393687395106815,0.21153,0
607393687529324543,0.204548,0
607393687797759999,0.193282,0
607393687931977727,0.197977,0
607393688066195455,0.193403,0
607393688200413183,0.193991,0
607393688334630911,0.201034,0
607393688468848639,0.196269,0
607393688603066367,0.214599,0
607393688871501823,0.191444,0
607393689005719551,0.183295,0
607393689139937279,0.186495,0
607393689274155007,0.185624,0
607393689408372735,0.198087,0
607393689542590463,0.189079,0
607393689676808191,0.196966,0
607393691018985471,0.241883,0
607393691153203199,0.228968,0
607393691287420927,0.24212,0
607393691421638655,0.240576,0
607393691555856383,0.247534,0
607393691690074111,0.238905,0
607393691824291839,0.232864,0
607393692092727295,0.242201,0
607393692226945023,0.234768,0
607393692361162751,0.237609,0
607393692495380479,0.231248,0
607393692629598207,0.244818,0
607393692763815935,0.238186,0
607393692898033663,0.241117,0
607393693166469119,0.246258,0
607393693300686847,0.242894,0
607393693434904575,0.239154,0
607393693569122303,0.242699,0
607393693703340031,0.24083,0
607393693837557759,0.238132,0
607393693971775487,0.238447,0
607393694240210943,0.247563,0
607393694374428671,0.235138,0
607393694508646399,0.247451,0
607393694642864127,0.238943,0
607393694777081855,0.246805,0
607393694911299583,0.235866,0
607393695045517311,0.244442,0
607393695313952767,0.257843,0
607393695448170495,0.250559,0
607393695582388223,0.24531,0
607393695716605951,0.236499,0
607393695850823679,0.251302,0
607393695985041407,0.250263,0
607393696119259135,0.255789,0
607393696387694591,0.25936,0
607393696521912319,0.245664,0
607393696656130047,0.255936,0
607393696790347775,0.243258,0
607393696924565503,0.263057,0
607393697058783231,0.259736,0
607393697193000959,0.249216,0
607393697461436415,0.233997,0
607393697595654143,0.232985,0
607393697729871871,0.23746,0
607393697864089599,0.227891,0
607393697998307327,0.244193,0
607393698132525055,0.232516,0
607393698266742783,0.245907,0
607393699608920063,0.235769,0
607393699743137791,0.230164,0
607393699877355519,0.236714,0
607393700011573247,0.23845,0
607393700145790975,0.237194,0
607393700280008703,0.236025,0
607393700414226431,0.234529,0
607393700682661887,0.275239,0
607393700816879615,0.227259,0
607393700951097343,0.231571,0
607393701085315071,0.228207,0
607393701219532799,0.230018,0
607393701353750527,0.219235,0
607393701487968255,0.232056,0
607393701756403711,0.238792,0
607393701890621439,0.236285,0
607393702024839167,0.233319,0
607393702159056895,0.237118,0
607393702293274623,0.24408,0
607393702427492351,0.237551,0
607393702561710079,0.241587,0
607393702830145535,0.22857,0
607393702964363263,0.221157,0
607393703098580991,0.225294,0
607393703232798719,0.219063,0
607393703367016447,0.224968,0
607393703501234175,0.214787,0
607393703635451903,0.238045,0
607393703903887359,0.236969,0
607393704038105087,0.23337,0
607393704172322815,0.243058,0
607393704306540543,0.238978,0
607393704440758271,0.23952,0
607393704574975999,0.233297,0
607393704709193727,0.241629,0
607393704977629183,0.226822,0
607393705111846911,0.255257,0
607393705246064639,0.226545,0
607393705380282367,0.231789,0
607393705514500095,0.230608,0
607393705648717823,0.229713,0
607393705782935551,0.233367,0
607393706051371007,0.229125,0
607393706185588735,0.229344,0
607393706319806463,0.233721,0
607393706454024191,0.228499,0
607393706588241919,0.243432,0
607393706722459647,0.232675,0
607393706856677375,0.242266,0
607393708198854655,0.231528,0
607393708333072383,0.223343,0
607393708467290111,0.22806,0
607393708601507839,0.222565,0
607393708735725567,0.223377,0
607393708869943295,0.224354,0
607393709004161023,0.227301,0
607393709272596479,0.2289,0
607393709406814207,0.225377,0
607393709541031935,0.227996,0
607393709675249663,0.219758,0
607393709809467391,0.229802,0
607393709943685119,0.227139,0
607393710077902847,0.218739,0
607393710346338303,0.2398,0
607393710480556031,0.239956,0
607393710614773759,0.23965,0
607393710748991487,0.248686,0
607393710883209215,0.226394,0
607393711017426943,0.230126,0
607393711151644671,0.230868,0
607393711420080127,0.240303,0
607393711554297855,0.250522,0
607393711688515583,0.227352,0
607393711822733311,0.226235,0
607393711956951039,0.23924,0
607393712091168767,0.229078,0
607393712225386495,0.227739,0
607393712493821951,0.232122,0
607393712628039679,0.233818,0
607393712762257407,0.220632,0
607393712896475135,0.230833,0
607393713030692863,0.240275,0
607393713164910591,0.234058,0
607393713299128319,0.233677,0
607393713567563775,0.22607,0
607393713701781503,0.226084,0
607393713835999231,0.232811,0
607393713970216959,0.226241,0
607393714104434687,0.23092,0
607393714238652415,0.227242,0
607393714372870143,0.221503,0
607393714641305599,0.250666,0
607393714775523327,0.224815,0
607393714909741055,0.262605,0
607393715043958783,0.240339,0
607393715178176511,0.276442,0
607393715312394239,0.221559,0
607393715446611967,0.243023,0
607393725378723839,0.191863,0
607393725512941567,0.186075,0
607393725647159295,0.19236,0
607393725781377023,0.192063,0
607393725915594751,0.157958,0
607393726049812479,0.14894,0
607393726184030207,0.188397,0
607393726452465663,0.154902,0
607393726586683391,0.151823,0
607393726720901119,0.16966,0
607393726855118847,0.211971,0
607393726989336575,0.149357,0
607393727123554303,0.175413,0
607393727257772031,0.147908,0
607393727526207487,0.159207,0
607393727660425215,0.160648,0
607393727794642943,0.123898,0
607393727928860671,0.169814,0
607393728063078399,0.177384,0
607393728197296127,0.173597,0
607393728331513855,0.170606,0
607393728599949311,0.161083,0
607393728734167039,0.164829,0
607393728868384767,0.16045,0
607393729002602495,0.171164,0
607393729136820223,0.215142,0
607393729271037951,0.217183,0
607393729405255679,0.15999,0
607393729673691135,0.15658,0
607393729807908863,0.14414,0
607393729942126591,0.194559,0
607393730076344319,0.178125,0
607393730210562047,0.143881,0
607393730344779775,0.143105,0
607393730478997503,0.1571,0
607393730747432959,0.154597,0
607393730881650687,0.146994,0
607393731015868415,0.140941,0
607393731150086143,0.150776,0
607393731284303871,0.146327,0
607393731418521599,0.163811,0
607393731552739327,0.142967,0
607393731821174783,0.199755,0
607393731955392511,0.196439,0
607393732089610239,0.213823,0
607393732223827967,0.181904,0
607393732358045695,0.21891,0
607393732492263423,0.189489,0
607393732626481151,0.208185,0
607393733968658431,0.15356,0
607393734102876159,0.157907,0
607393734237093887,0.155394,0
607393734371311615,0.160857,0
607393734505529343,0.155967,0
607393734639747071,0.15892,0
607393734773964799,0.148968,0
607393735042400255,0.157787,0
607393735176617983,0.166244,0
607393735310835711,0.164609,0
607393735445053439,0.159544,0
607393735579271167,0.164627,0
607393735713488895,0.162031,0
607393735847706623,0.167872,0
607393736116142079,0.173771,0
607393736250359807,0.175399,0
607393736384577535,0.152742,0
607393736518795263,0.167852,0
607393736653012991,0.166586,0
607393736787230719,0.153267,0
607393736921448447,0.174517,0
607393737189883903,0.180603,0
607393737324101631,0.178587,0
607393737458319359,0.182233,0
607393737592537087,0.182297,0
607393737726754815,0.165108,0
607393737860972543,0.175907,0
607393737995190271,0.166617,0
607393738263625727,0.16041,0
607393738397843455,0.156481,0
607393738532061183,0.156571,0
607393738666278911,0.18179,0
607393738800496639,0.156678,0
607393738934714367,0.165494,0
607393739068932095,0.149753,0
607393739337367551,0.168491,0
607393739471585279,0.178436,0
607393739605803007,0.155951,0
607393739740020735,0.170436,0
607393739874238463,0.167329,0
607393740008456191,0.185138,0
607393740142673919,0.162974,0
607393740411109375,0.166983,0
607393740545327103,0.160507,0
607393740679544831,0.167621,0
607393740813762559,0.16603,0
607393740947980287,0.175052,0
607393741082198015,0.172977,0
607393741216415743,0.171205,0
607393742558593023,0.0953381,0
607393742692810751,0.0859308,0
607393742827028479,0.0858973,0
607393742961246207,0.0891559,0
607393743095463935,0.128508,0
607393743229681663,0.139865,0
607393743363899391,0.106018,0
607393743632334847,0.110049,0
607393743766552575,0.132198,0
607393743900770303,0.0906477,0
607393744034988031,0.0967063,0
607393744169205759,0.0984088,0
607393744303423487,0.112132,0
607393744437641215,0.126013,0
607393744706076671,0.0904751,0
607393744840294399,0.0861855,0
607393744974512127,0.0914795,0
607393745108729855,0.0880385,0
607393745242947583,0.0843117,0
607393745377165311,0.0908362,0
607393745511383039,0.0992453,0
607393745779818495,0.0967566,0
607393745914036223,0.097596,0
607393746048253951,0.0913007,0
607393746182471679,0.0970522,0
607393746316689407,0.0877202,0
607393746450907135,0.0947844,0
607393746585124863,0.088837,0
607393746853560319,0.13319,0
607393746987778047,0.137569,0
607393747121995775,0.125505,0
607393747256213503,0.12272,0
607393747390431231,0.138642,0
607393747524648959,0.130711,0
607393747658866687,0.132855,0
607393747927302143,0.143559,0
607393748061519871,0.137128,0
607393748195737599,0.147969,0
607393748329955327,0.12207,0
607393748464173055,0.18612,0
607393748598390783,0.19162,0
607393748732608511,0.12687,0
607393749001043967,0.0860381,0
607393749135261695,0.0834556,0
607393749269479423,0.0841856,0
607393749403697151,0.0881895,0
607393749537914879,0.10985,0
607393749672132607,0.111449,0
607393749806350335,0.0915265,0
607393751148527615,0.11546,0
607393751282745343,0.114917,0
607393751416963071,0.100886,0
607393751551180799,0.110071,0
607393751685398527,0.111947,0
607393751819616255,0.115691,0
607393751953833983,0.115303,0
607393752222269439,0.120963,0
607393752356487167,0.126968,0
607393752490704895,0.119178,0
607393752624922623,0.120128,0
607393752759140351,0.131356,0
607393752893358079,0.140937,0
607393753027575807,0.11651,0
607393753296011263,0.0953816,0
607393753430228991,0.0938008,0
607393753564446719,0.0862174,0
607393753698664447,0.0886982,0
607393753832882175,0.105204,0
607393753967099903,0.106471,0
607393754101317631,0.0947341,0
607393754369753087,0.0956699,0
607393754503970815,0.107068,0
607393754638188543,0.0945348,0
607393754772406271,0.104776,0
607393754906623999,0.114741,0
607393755040841727,0.116083,0
607393755175059455,0.10127,0
607393755443494911,0.127318,0
607393755577712639,0.120919,0
607393755711930367,0.108918,0
607393755846148095,0.120554,0
607393755980365823,0.13568,0
607393756114583551,0.147946,0
607393756248801279,0.118097,0
607393756517236735,0.126283,0
607393756651454463,0.155454,0
607393756785672191,0.112687,0
607393756919889919,0.135104,0
607393757054107647,0.165199,0
607393757188325375,0.167382,0
607393757322543103,0.13738,0
607393757590978559,0.0968277,0
607393757725196287,0.0977895,0
607393757859414015,0.101018,0
607393757993631743,0.107708,0
607393758127849471,0.105653,0
607393758262067199,0.12179,0
607393758396284927,0.0912473,0
607393759738462207,0.161893,0
607393759872679935,0.166626,0
607393760006897663,0.132476,0
607393760141115391,0.139777,0
607393760275333119,0.157646,0
607393760409550847,0.147937,0
607393760543768575,0.132598,0
607393760812204031,0.148541,0
607393760946421759,0.147899,0
607393761080639487,0.177081,0
607393761214857215,0.159228,0
607393761349074943,0.190086,0
607393761483292671,0.149864,0
607393761617510399,0.183,0
607393761885945855,0.138183,0
607393762020163583,0.130657,0
607393762154381311,0.141696,0
607393762288599039,0.140398,0
607393762422816767,0.133771,0
607393762557034495,0.130325,0
607393762691252223,0.139373,0
607393762959687679,0.199537,0
607393763093905407,0.149451,0
607393763228123135,0.137853,0
607393763362340863,0.144392,0
607393763496558591,0.172806,0
607393763630776319,0.150482,0
607393763764994047,0.145392,0
607393764033429503,0.138467,0
607393764167647231,0.141434,0
607393764301864959,0.133965,0
607393764436082687,0.131715,0
607393764570300415,0.134412,0
607393764704518143,0.126618,0
607393764838735871,0.131153,0
607393765107171327,0.15587,0
607393765241389055,0.211766,0
607393765375606783,0.155112,0
607393765509824511,0.145449,0
607393765644042239,0.149003,0
607393765778259967,0.148985,0
607393765912477695,0.148876,0
607393766180913151,0.147786,0
607393766315130879,0.126817,0
607393766449348607,0.136032,0
607393766583566335,0.138942,0
607393766717784063,0.146908,0
607393766852001791,0.136766,0
607393766986219519,0.150919,0
607393768328396799,0.147772,0
607393768462614527,0.172989,0
607393768596832255,0.157133,0
607393768731049983,0.163146,0
607393768865267711,0.152625,0
607393768999485439,0.176012,0
607393769133703167,0.151614,0
607393769402138623,0.184472,0
607393769536356351,0.193042,0
607393769670574079,0.170146,0
607393769804791807,0.195592,0
607393769939009535,0.167136,0
607393770073227263,0.177178,0
607393770207444991,0.206754,0
607393770475880447,0.155175,0
607393770610098175,0.16169,0
607393770744315903,0.144047,0
607393770878533631,0.156588,0
607393771012751359,0.151904,0
607393771146969087,0.16359,0
607393771281186815,0.152153,0
607393771549622271,0.171925,0
607393771683839999,0.174511,0
607393771818057727,0.166242,0
607393771952275455,0.183064,0
607393772086493183,0.174079,0
607393772220710911,0.180152,0
607393772354928639,0.162003,0
607393772623364095,0.141675,0
607393772757581823,0.144267,0
607393772891799551,0.137725,0
607393773026017279,0.147948,0
607393773160235007,0.140911,0
607393773294452735,0.145074,0
607393773428670463,0.139023,0
607393773697105919,0.156039,0
607393773831323647,0.163075,0
607393773965541375,0.156975,0
607393774099759103,0.177627,0
607393774233976831,0.147597,0
607393774368194559,0.160653,0
607393774502412287,0.147222,0
607393774770847743,0.15018,0
607393774905065471,0.150124,0
607393775039283199,0.155273,0
607393775173500927,0.154269,0
607393775307718655,0.160539,0
607393775441936383,0.149073,0
607393775576154111,0.156206,0
607393776918331391,0.15279,0
607393777052549119,0.165189,0
607393777186766847,0.176591,0
607393777320984575,0.162136,0
607393777455202303,0.141154,0
607393777589420031,0.154941,0
607393777723637759,0.149174,0
607393777992073215,0.184133,0
607393778126290943,0.180769,0
607393778260508671,0.164155,0
607393778394726399,0.174928,0
607393778528944127,0.177048,0
607393778663161855,0.153065,0
607393778797379583,0.180027,0
607393779065815039,0.185162,0
607393779200032767,0.195573,0
607393779334250495,0.150589,0
607393779468468223,0.128691,0
607393779602685951,0.180045,0
607393779736903679,0.198407,0
607393779871121407,0.162664,0
607393780139556863,0.159979,0
607393780273774591,0.173117,0
607393780407992319,0.172853,0
607393780542210047,0.167357,0
607393780676427775,0.158606,0
607393780810645503,0.170312,0
607393780944863231,0.186522,0
607393781213298687,0.164053,0
607393781347516415,0.165606,0
607393781481734143,0.145314,0
607393781615951871,0.165263,0
607393781750169599,0.155509,0
607393781884387327,0.146656,0
607393782018605055,0.132317,0
607393782287040511,0.16361,0
607393782421258239,0.139021,0
607393782555475967,0.174432,0
607393782689693695,0.215697,0
607393782823911423,0.141794,0
607393782958129151,0.134688,0
607393783092346879,0.148575,0
607393783360782335,0.175418,0
607393783495000063,0.170686,0
607393783629217791,0.157059,0
607393783763435519,0.168873,0
607393783897653247,0.157358,0
607393784031870975,0.15563,0
607393784166088703,0.171805,0
607393862817677311,0.0877121,0
607393862951895039,0.0841681,0
607393863086112767,0.0815722,0
607393863220330495,0.08217,0
607393863354548223,0.0858473,0
607393863488765951,0.0896467,0
607393863622983679,0.0806119,0
607393863891419135,0.082127,0
607393864025636863,0.0857603,0
607393864159854591,0.0835857,0
607393864294072319,0.0919714,0
607393864428290047,0.0838556,0
607393864562507775,0.0836967,0
607393864696725503,0.081793,0
607393864965160959,0.0835707,0
607393865099378687,0.0854799,0
607393865233596415,0.083224,0
607393865367814143,0.0912763,0
607393865502031871,0.078824,0
607393865636249599,0.0816124,0
607393865770467327,0.0810311,0
607393866038902783,0.0827016,0
607393866173120511,0.0876373,0
607393866307338239,0.0869739,0
607393866441555967,0.0988787,0
607393866575773695,0.0825067,0
607393866709991423,0.0863298,0
607393866844209151,0.0816806,0
607393867112644607,0.0878913,0
607393867246862335,0.089499,0
607393867381080063,0.089397,0
607393867515297791,0.091376,0
607393867649515519,0.0924609,0
607393867783733247,0.097849,0
607393867917950975,0.0876984,0
607393868186386431,0.0880414,0
607393868320604159,0.0911508,0
607393868454821887,0.0905671,0
607393868589039615,0.0869646,0
607393868723257343,0.0995201,0
607393868857475071,0.0927251,0
607393868991692799,0.0958612,0
607393869260128255,0.0855658,0
607393869394345983,0.0772169,0
607393869528563711,0.0863389,0
607393869662781439,0.0790058,0
607393869796999167,0.0844318,0
607393869931216895,0.0844832,0
607393870065434623,0.0835164,0
607393871407611903,0.0934051,0
607393871541829631,0.0944761,0
607393871676047359,0.0992327,0
607393871810265087,0.100627,0
607393871944482815,0.0907659,0
607393872078700543,0.0925598,0
607393872212918271,0.0868394,0
607393872481353727,0.0976316,0
607393872615571455,0.102365,0
607393872749789183,0.0977907,0
607393872884006911,0.104719,0
607393873018224639,0.101434,0
607393873152442367,0.101704,0
607393873286660095,0.0998426,0
607393873555095551,0.0994412,0
607393873689313279,0.0929282,0
607393873823531007,0.0984838,0
607393873957748735,0.0953615,0
607393874091966463,0.101395,0
607393874226184191,0.098016,0
607393874360401919,0.103634,0
607393874628837375,0.0910742,0
607393874763055103,0.097489,0
607393874897272831,0.0898948,0
607393875031490559,0.0939023,0
607393875165708287,0.104711,0
607393875299926015,0.0988717,0
607393875434143743,0.0978904,0
607393875702579199,0.0883592,0
607393875836796927,0.0942974,0
607393875971014655,0.0890755,0
607393876105232383,0.0856706,0
607393876239450111,0.0945625,0
607393876373667839,0.097287,0
607393876507885567,0.0840092,0
607393876776321023,0.104954,0
607393876910538751,0.0973342,0
607393877044756479,0.0935211,0
607393877178974207,0.101302,0
607393877313191935,0.0924567,0
607393877447409663,0.0950712,0
607393877581627391,0.0928987,0
607393877850062847,0.0868647,0
607393877984280575,0.0933417,0
607393878118498303,0.0919886,0
607393878252716031,0.096896,0
607393878386933759,0.0838968,0
607393878521151487,0.0881149,0
607393878655369215,0.0770795,0
607393879997546495,0.097847,0
607393880131764223,0.0981999,0
607393880265981951,0.0930767,0
607393880400199679,0.0982652,0
607393880534417407,0.0877664,0
607393880668635135,0.0949282,0
607393880802852863,0.105965,0
607393881071288319,0.0953954,0
607393881205506047,0.0935409,0
607393881339723775,0.0940733,0
607393881473941503,0.0960367,0
607393881608159231,0.0815863,0
607393881742376959,0.0881471,0
607393881876594687,0.0955632,0
607393882145030143,0.101731,0
607393882279247871,0.0964165,0
607393882413465599,0.0978405,0
607393882547683327,0.0955952,0
607393882681901055,0.104786,0
607393882816118783,0.104642,0
607393882950336511,0.105774,0
607393883218771967,0.0858692,0
607393883352989695,0.0827639,0
607393883487207423,0.0929127,0
607393883621425151,0.0880618,0
607393883755642879,0.0886106,0
607393883889860607,0.0935125,0
607393884024078335,0.0893164,0
607393884292513791,0.0951822,0
607393884426731519,0.0816477,0
607393884560949247,0.0903939,0
607393884695166975,0.0855291,0
607393884829384703,0.0903477,0
607393884963602431,0.0871743,0
607393885097820159,0.0894657,0
607393885366255615,0.0801364,0
607393885500473343,0.0807667,0
607393885634691071,0.0831471,0
607393885768908799,0.0862795,0
607393885903126527,0.0821862,0
607393886037344255,0.0798068,0
607393886171561983,0.0850326,0
607393886439997439,0.116872,0
607393886574215167,0.111252,0
607393886708432895,0.112378,0
607393886842650623,0.108555,0
607393886976868351,0.106155,0
607393887111086079,0.10777,0
607393887245303807,0.113682,0
607393888587481087,0.09677,0
607393888721698815,0.0907062,0
607393888855916543,0.0883677,0
607393888990134271,0.0906724,0
607393889124351999,0.0946288,0
607393889258569727,0.0935067,0
607393889392787455,0.0953539,0
607393889661222911,0.0920606,0
607393889795440639,0.0901351,0
607393889929658367,0.0931154,0
607393890063876095,0.0909482,0
607393890198093823,0.0970515,0
607393890332311551,0.0880161,0
607393890466529279,0.0974989,0
607393890734964735,0.0741142,0
607393890869182463,0.0792896,0
607393891003400191,0.0717209,0
607393891137617919,0.0741587,0
607393891271835647,0.0822305,0
607393891406053375,0.083487,0
607393891540271103,0.0784641,0
607393891808706559,0.0811385,0
607393891942924287,0.0816823,0
607393892077142015,0.0790451,0
607393892211359743,0.0798019,0
607393892345577471,0.0868836,0
607393892479795199,0.0877886,0
607393892614012927,0.0840203,0
607393892882448383,0.0956379,0
607393893016666111,0.100264,0
607393893150883839,0.0933158,0
607393893285101567,0.0978668,0
607393893419319295,0.0921172,0
607393893553537023,0.0940197,0
607393893687754751,0.0918783,0
607393893956190207,0.100811,0
607393894090407935,0.102265,0
607393894224625663,0.0970899,0
607393894358843391,0.100933,0
607393894493061119,0.0923164,0
607393894627278847,0.101711,0
607393894761496575,0.10153,0
607393895029932031,0.0869874,0
607393895164149759,0.0913118,0
607393895298367487,0.0847821,0
607393895432585215,0.0837587,0
607393895566802943,0.0886279,0
607393895701020671,0.0960148,0
607393895835238399,0.088476,0
607393897177415679,0.0812399,0
607393897311633407,0.0899865,0
607393897445851135,0.0904796,0
607393897580068863,0.0916037,0
607393897714286591,0.0871652,0
607393897848504319,0.0907585,0
607393897982722047,0.0912441,0
607393898251157503,0.0907721,0
607393898385375231,0.084915,0
607393898519592959,0.0915008,0
607393898653810687,0.0965381,0
607393898788028415,0.0905835,0
607393898922246143,0.0853786,0
607393899056463871,0.0913695,0
607393899324899327,0.0998573,0
607393899459117055,0.0958889,0
607393899593334783,0.0883897,0
607393899727552511,0.0914082,0
607393899861770239,0.0957383,0
607393899995987967,0.0928509,0
607393900130205695,0.0956108,0
607393900398641151,0.0941298,0
607393900532858879,0.0938933,0
607393900667076607,0.0972269,0
607393900801294335,0.102535,0
607393900935512063,0.0960398,0
607393901069729791,0.0955036,0
607393901203947519,0.0923951,0
607393901472382975,0.131755,0
607393901606600703,0.105246,0
607393901740818431,0.113104,0
607393901875036159,0.10583,0
607393902009253887,0.150276,0
607393902143471615,0.13951,0
607393902277689343,0.146783,0
607393902546124799,0.104458,0
607393902680342527,0.0916333,0
607393902814560255,0.100173,0
607393902948777983,0.0894768,0
607393903082995711,0.108759,0
607393903217213439,0.0860889,0
607393903351431167,0.116041,0
607393903619866623,0.0878179,0
607393903754084351,0.0968891,0
607393903888302079,0.0958135,0
607393904022519807,0.0991951,0
607393904156737535,0.116384,0
607393904290955263,0.0948659,0
607393904425172991,0.113355,0
607393905767350271,0.0962059,0
607393905901567999,0.0949829,0
607393906035785727,0.0956966,0
607393906170003455,0.0945775,0
607393906304221183,0.0947792,0
607393906438438911,0.0974468,0
607393906572656639,0.0956508,0
607393906841092095,0.103774,0
607393906975309823,0.111091,0
607393907109527551,0.0981049,0
607393907243745279,0.0994363,0
607393907377963007,0.101025,0
607393907512180735,0.102974,0
607393907646398463,0.10816,0
607393907914833919,0.0923253,0
607393908049051647,0.0914023,0
607393908183269375,0.0878165,0
607393908317487103,0.0982983,0
607393908451704831,0.0955235,0
607393908585922559,0.0957055,0
607393908720140287,0.0943064,0
607393908988575743,0.0923532,0
607393909122793471,0.0963929,0
607393909257011199,0.0925648,0
607393909391228927,0.0894884,0
607393909525446655,0.0959527,0
607393909659664383,0.0959008,0
607393909793882111,0.095422,0
607393910062317567,0.0905634,0
607393910196535295,0.09574,0
607393910330753023,0.0924051,0
607393910464970751,0.0905685,0
607393910599188479,0.0832539,0
607393910733406207,0.082944,0
607393910867623935,0.0922933,0
607393911136059391,0.0977735,0
607393911270277119,0.0971812,0
607393911404494847,0.0967214,0
607393911538712575,0.0973138,0
607393911672930303,0.0895084,0
607393911807148031,0.0950435,0
607393911941365759,0.0936947,0
607393912209801215,0.0932063,0
607393912344018943,0.0983263,0
607393912478236671,0.0976964,0
607393912612454399,0.100982,0
607393912746672127,0.0932514,0
607393912880889855,0.0939708,0
607393913015107583,0.0954717,0
607393914357284863,0.0912346,0
607393914491502591,0.0849816,0
607393914625720319,0.0951046,0
607393914759938047,0.0894005,0
607393914894155775,0.0940243,0
607393915028373503,0.0900997,0
607393915162591231,0.0901264,0
607393915431026687,0.0921661,0
607393915565244415,0.087381,0
607393915699462143,0.0843069,0
607393915833679871,0.0816792,0
607393915967897599,0.0889469,0
607393916102115327,0.0909756,0
607393916236333055,0.0876924,0
607393916504768511,0.10185,0
607393916638986239,0.0941644,0
607393916773203967,0.104786,0
607393916907421695,0.0944479,0
607393917041639423,0.09139,0
607393917175857151,0.0929688,0
607393917310074879,0.0972563,0
607393917578510335,0.0869123,0
607393917712728063,0.0796632,0
607393917846945791,0.0893779,0
607393917981163519,0.0859003,0
607393918115381247,0.0801086,0
607393918249598975,0.0862688,0
607393918383816703,0.0850085,0
607393918652252159,0.115219,0
607393918786469887,0.096298,0
607393918920687615,0.105568,0
607393919054905343,0.0876445,0
607393919189123071,0.120871,0
607393919323340799,0.10702,0
607393919457558527,0.129764,0
607393919725993983,0.0942741,0
607393919860211711,0.0937134,0
607393919994429439,0.094171,0
607393920128647167,0.0922003,0
607393920262864895,0.104613,0
607393920397082623,0.0985234,0
607393920531300351,0.101449,0
607393920799735807,0.0986007,0
607393920933953535,0.0945372,0
607393921068171263,0.113174,0
607393921202388991,0.10028,0
607393921336606719,0.104875,0
607393921470824447,0.0919907,0
607393921605042175,0.101797,0
607393931537154047,0.147918,0
607393931671371775,0.149204,0
607393931805589503,0.142422,0
607393931939807231,0.150615,0
607393932074024959,0.142397,0
607393932208242687,0.145016,0
607393932342460415,0.138558,0
607393932610895871,0.164009,0
607393932745113599,0.157499,0
607393932879331327,0.156499,0
607393933013549055,0.162167,0
607393933147766783,0.150804,0
607393933281984511,0.15026,0
607393933416202239,0.163496,0
607393933684637695,0.142442,0
607393933818855423,0.152925,0
607393933953073151,0.12907,0
607393934087290879,0.130768,0
607393934221508607,0.135383,0
607393934355726335,0.145314,0
607393934489944063,0.132979,0
607393934758379519,0.159713,0
607393934892597247,0.157264,0
607393935026814975,0.151374,0
607393935161032703,0.148164,0
607393935295250431,0.153403,0
607393935429468159,0.15953,0
607393935563685887,0.155647,0
607393935832121343,0.131925,0
607393935966339071,0.141799,0
607393936100556799,0.126203,0
607393936234774527,0.136996,0
607393936368992255,0.139982,0
607393936503209983,0.144597,0
607393936637427711,0.128207,0
607393936905863167,0.148586,0
607393937040080895,0.157407,0
607393937174298623,0.149784,0
607393937308516351,0.146917,0
607393937442734079,0.136241,0
607393937576951807,0.138717,0
607393937711169535,0.140172,0
607393937979604991,0.133657,0
607393938113822719,0.131501,0
607393938248040447,0.131135,0
607393938382258175,0.124816,0
607393938516475903,0.12594,0
607393938650693631,0.127321,0
607393938784911359,0.121547,0
607393940127088639,0.171818,0
607393940395524095,0.163848,0
607393940663959551,0.170136,0
607393940932395007,0.169533,0
607393942274572287,0.15237,0
607393942543007743,0.141308,0
607393942811443199,0.152444,0
607393943079878655,0.147692,0
607393944422055935,0.151932,0
607393944556273663,0.157006,0
607393944690491391,0.161559,0
607393944824709119,0.169136,0
607393944958926847,0.153121,0
607393945093144575,0.149984,0
607393945227362303,0.155117,0
607393945495797759,0.16408,0
607393945764233215,0.167806,0
607393946032668671,0.160369,0
607393946301104127,0.160058,0
607393946569539583,0.163614,0
607393946703757311,0.163863,0
607393946837975039,0.154428,0
607393946972192767,0.154679,0
607393947106410495,0.167854,0
607393947240628223,0.166834,0
607393947374845951,0.160526,0
607393948717023231,0.115274,0
607393948851240959,0.108895,0
607393948985458687,0.111351,0
607393949119676415,0.105606,0
607393949253894143,0.123995,0
607393949388111871,0.128452,0
607393949522329599,0.112236,0
607393949790765055,0.113748,0
607393949924982783,0.120284,0
607393950059200511,0.106231,0
607393950193418239,0.102735,0
607393950327635967,0.1171,0
607393950461853695,0.122005,0
607393950596071423,0.123496,0
607393950864506879,0.0933655,0
607393950998724607,0.0922496,0
607393951132942335,0.088116,0
607393951267160063,0.0804459,0
607393951401377791,0.104356,0
607393951535595519,0.105396,0
607393951669813247,0.0948595,0
607393951938248703,0.099195,0
607393952072466431,0.0885088,0
607393952206684159,0.0899113,0
607393952340901887,0.0925857,0
607393952475119615,0.104091,0
607393952609337343,0.100542,0
607393952743555071,0.0985252,0
607393953011990527,0.102116,0
607393953146208255,0.111984,0
607393953280425983,0.108364,0
607393953414643711,0.106938,0
607393953548861439,0.107704,0
607393953683079167,0.107942,0
607393953817296895,0.10025,0
607393954085732351,0.112319,0
607393954219950079,0.121287,0
607393954354167807,0.11898,0
607393954488385535,0.118982,0
607393954622603263,0.119991,0
607393954756820991,0.125112,0
607393954891038719,0.113738,0
607393955159474175,0.106307,0
607393955293691903,0.105753,0
607393955427909631,0.104871,0
607393955562127359,0.100768,0
607393955696345087,0.110416,0
607393955830562815,0.108897,0
607393955964780543,0.102154,0
607393957306957823,0.125509,0
607393957441175551,0.117853,0
607393957575393279,0.094108,0
607393957709611007,0.0996874,0
607393957843828735,0.120028,0
607393957978046463,0.117175,0
607393958112264191,0.12788,0
607393958380699647,0.121541,0
607393958649135103,0.111408,0
607393958917570559,0.126484,0
607393959186006015,0.121619,0
607393959454441471,0.0838839,0
607393959588659199,0.0781987,0
607393959722876927,0.0810855,0
607393959857094655,0.0791876,0
607393959991312383,0.0935201,0
607393960125530111,0.0957161,0
607393960259747839,0.0862914,0
607393960528183295,0.0870697,0
607393960796618751,0.0836315,0
607393961065054207,0.113947,0
607393961333489663,0.0899618,0
607393961601925119,0.130818,0
607393961736142847,0.13303,0
607393961870360575,0.120335,0
607393962004578303,0.122515,0
607393962138796031,0.140531,0
607393962273013759,0.133371,0
607393962407231487,0.126504,0
607393962675666943,0.137618,0
607393962809884671,0.13773,0
607393962944102399,0.132479,0
607393963078320127,0.121752,0
607393963212537855,0.147137,0
607393963346755583,0.146776,0
607393963480973311,0.135146,0
607393963749408767,0.101568,0
607393963883626495,0.0938162,0
607393964017844223,0.0909724,0
607393964152061951,0.0911594,0
607393964286279679,0.116449,0
607393964420497407,0.125187,0
607393964554715135,0.102335,0
607393965896892415,0.134489,0
607393966031110143,0.133275,0
607393966165327871,0.128971,0
607393966299545599,0.138163,0
607393966433763327,0.133374,0
607393966567981055,0.128364,0
607393966702198783,0.134365,0
607393966970634239,0.148943,0
607393967104851967,0.151322,0
607393967239069695,0.143356,0
607393967373287423,0.147165,0
607393967507505151,0.14195,0
607393967641722879,0.150549,0
607393967775940607,0.140954,0
607393968044376063,0.121409,0
607393968178593791,0.133086,0
607393968312811519,0.124318,0
607393968447029247,0.129896,0
607393968581246975,0.129054,0
607393968715464703,0.131129,0
607393968849682431,0.128472,0
607393969118117887,0.140062,0
607393969252335615,0.142768,0
607393969386553343,0.136106,0
607393969520771071,0.132284,0
607393969654988799,0.138979,0
607393969789206527,0.142492,0
607393969923424255,0.144808,0
607393970191859711,0.123076,0
607393970326077439,0.136754,0
607393970460295167,0.125261,0
607393970594512895,0.128802,0
607393970728730623,0.127853,0
607393970862948351,0.132263,0
607393970997166079,0.12578,0
607393971265601535,0.138402,0
607393971399819263,0.144007,0
607393971534036991,0.140052,0
607393971668254719,0.1327,0
607393971802472447,0.147714,0
607393971936690175,0.141713,0
607393972070907903,0.142156,0
607393972339343359,0.126411,0
607393972473561087,0.136965,0
607393972607778815,0.108733,0
607393972741996543,0.127272,0
607393972876214271,0.120753,0
607393973010431999,0.12422,0
607393973144649727,0.119689,0
607393974486827007,0.148545,0
607393974621044735,0.150199,0
607393974755262463,0.144017,0
607393974889480191,0.148938,0
607393975023697919,0.150345,0
607393975157915647,0.148534,0
607393975292133375,0.147942,0
607393975560568831,0.155485,0
607393975694786559,0.166141,0
607393975829004287,0.148083,0
607393975963222015,0.162004,0
607393976097439743,0.153219,0
607393976231657471,0.153515,0
607393976365875199,0.145827,0
607393976634310655,0.159612,0
607393976768528383,0.153085,0
607393976902746111,0.153563,0
607393977036963839,0.152567,0
607393977171181567,0.145644,0
607393977305399295,0.1535,0
607393977439617023,0.151187,0
607393977708052479,0.148621,0
607393977842270207,0.154198,0
607393977976487935,0.154344,0
607393978110705663,0.158185,0
607393978244923391,0.144286,0
607393978379141119,0.163336,0
607393978513358847,0.145928,0
607393978781794303,0.153267,0
607393978916012031,0.156957,0
607393979050229759,0.147255,0
607393979184447487,0.151998,0
607393979318665215,0.154441,0
607393979452882943,0.149849,0
607393979587100671,0.154083,0
607393979855536127,0.150097,0
607393979989753855,0.151658,0
607393980123971583,0.156634,0
607393980258189311,0.150956,0
607393980392407039,0.159471,0
607393980526624767,0.159338,0
607393980660842495,0.152652,0
607393980929277951,0.147197,0
607393981063495679,0.144846,0
607393981197713407,0.144713,0
607393981331931135,0.141669,0
607393981466148863,0.148139,0
607393981600366591,0.151254,0
607393981734584319,0.147413,0
607393983076761599,0.11553,0
607393983210979327,0.122388,0
607393983345197055,0.105676,0
607393983479414783,0.115607,0
607393983613632511,0.10697,0
607393983747850239,0.111009,0
607393983882067967,0.111812,0
607393984150503423,0.121848,0
607393984284721151,0.122691,0
607393984418938879,0.113896,0
607393984553156607,0.115944,0
607393984687374335,0.127692,0
607393984821592063,0.126097,0
607393984955809791,0.123992,0
607393985224245247,0.102129,0
607393985358462975,0.103539,0
607393985492680703,0.105782,0
607393985626898431,0.100118,0
607393985761116159,0.101808,0
607393985895333887,0.106514,0
607393986029551615,0.103149,0
607393986297987071,0.114033,0
607393986432204799,0.120089,0
607393986566422527,0.10537,0
607393986700640255,0.112349,0
607393986834857983,0.11079,0
607393986969075711,0.111535,0
607393987103293439,0.114099,0
607393987371728895,0.106097,0
607393987505946623,0.11426,0
607393987640164351,0.110643,0
607393987774382079,0.105755,0
607393987908599807,0.0988915,0
607393988042817535,0.0994909,0
607393988177035263,0.102655,0
607393988445470719,0.107938,0
607393988579688447,0.1237,0
607393988713906175,0.114242,0
607393988848123903,0.121188,0
607393988982341631,0.106275,0
607393989116559359,0.120521,0
607393989250777087,0.105378,0
607393989519212543,0.0974121,0
607393989653430271,0.104081,0
607393989787647999,0.101129,0
607393989921865727,0.104565,0
607393990056083455,0.094803,0
607393990190301183,0.0993394,0
607393990324518911,0.100163,0
607394000256630783,0.078239,0
607394000390848511,0.078938,0
607394000525066239,0.0775453,0
607394000659283967,0.0691407,0
607394000793501695,0.0875897,0
607394000927719423,0.083371,0
607394001061937151,0.0838831,0
607394001330372607,0.0769826,0
607394001464590335,0.074077,0
607394001598808063,0.0744784,0
607394001733025791,0.0736488,0
607394001867243519,0.081816,0
607394002001461247,0.077646,0
607394002135678975,0.0833208,0
607394002404114431,0.0757491,0
607394002538332159,0.0643984,0
607394002672549887,0.0742709,0
607394002806767615,0.0753124,0
607394002940985343,0.0693046,0
607394003075203071,0.0736328,0
607394003209420799,0.0743601,0
607394003477856255,0.0714306,0
607394003612073983,0.0655909,0
607394003746291711,0.0682513,0
607394003880509439,0.0635929,0
607394004014727167,0.0781589,0
607394004148944895,0.0719766,0
607394004283162623,0.0720542,0
607394004551598079,0.0884437,0
607394004685815807,0.0893474,0
607394004820033535,0.0886404,0
607394004954251263,0.0859538,0
607394005088468991,0.0830328,0
607394005222686719,0.0904364,0
607394005356904447,0.0893074,0
607394005625339903,0.0923389,0
607394005759557631,0.0904152,0
607394005893775359,0.0842903,0
607394006027993087,0.0865307,0
607394006162210815,0.0941359,0
607394006296428543,0.0886678,0
607394006430646271,0.0870392,0
607394006699081727,0.0826035,0
607394006833299455,0.0785147,0
607394006967517183,0.0819429,0
607394007101734911,0.0729524,0
607394007235952639,0.0850536,0
607394007370170367,0.0846102,0
607394007504388095,0.0836073,0
607394008846565375,0.0722587,0
607394008980783103,0.0705502,0
607394009115000831,0.0720251,0
607394009249218559,0.0716337,0
607394009383436287,0.0724162,0
607394009517654015,0.063671,0
607394009651871743,0.0760384,0
607394009920307199,0.050925,0
607394010054524927,0.0481048,0
607394010188742655,0.058202,0
607394010322960383,0.052194,0
607394010457178111,0.051087,0
607394010591395839,0.045752,0
607394010725613567,0.059307,0
607394010994049023,0.0721516,0
607394011128266751,0.0729863,0
607394011262484479,0.0653994,0
607394011396702207,0.0662678,0
607394011530919935,0.0722894,0
607394011665137663,0.0772863,0
607394011799355391,0.069715,0
607394012067790847,0.0654769,0
607394012202008575,0.0676955,0
607394012336226303,0.0693734,0
607394012470444031,0.0683625,0
607394012604661759,0.0700314,0
607394012738879487,0.0657566,0
607394012873097215,0.0730684,0
607394013141532671,0.0716572,0
607394013275750399,0.070591,0
607394013409968127,0.0699242,0
607394013544185855,0.0756179,0
607394013678403583,0.0732726,0
607394013812621311,0.0649106,0
607394013946839039,0.0763963,0
607394014215274495,0.0516034,0
607394014349492223,0.0523639,0
607394014483709951,0.0581103,0
607394014617927679,0.0546058,0
607394014752145407,0.056035,0
607394014886363135,0.0531565,0
607394015020580863,0.0653703,0
607394015289016319,0.0749139,0
607394015423234047,0.0703665,0
607394015557451775,0.0691592,0
607394015691669503,0.0697771,0
607394015825887231,0.0735308,0
607394015960104959,0.0710134,0
607394016094322687,0.0725003,0
607394017436499967,0.0713193,0
607394017570717695,0.0719551,0
607394017704935423,0.0633732,0
607394017839153151,0.0661524,0
607394017973370879,0.06929,0
607394018107588607,0.0747247,0
607394018241806335,0.0676656,0
607394018510241791,0.0720502,0
607394018644459519,0.0707462,0
607394018778677247,0.0716628,0
607394018912894975,0.0688651,0
607394019047112703,0.0751796,0
607394019181330431,0.0717421,0
607394019315548159,0.0742005,0
607394019583983615,0.0605508,0
607394019718201343,0.0625581,0
607394019852419071,0.0685582,0
607394019986636799,0.064087,0
607394020120854527,0.0647406,0
607394020255072255,0.0599509,0
607394020389289983,0.0663754,0
607394020657725439,0.0628963,0
607394020791943167,0.0585826,0
607394020926160895,0.0653223,0
607394021060378623,0.0640112,0
607394021194596351,0.0664265,0
607394021328814079,0.063128,0
607394021463031807,0.0662375,0
607394021731467263,0.0674689,0
607394021865684991,0.075353,0
607394021999902719,0.0718348,0
607394022134120447,0.0703717,0
607394022268338175,0.0766485,0
607394022402555903,0.0757755,0
607394022536773631,0.0726515,0
607394022805209087,0.078653,0
607394022939426815,0.0746758,0
607394023073644543,0.0737659,0
607394023207862271,0.0763082,0
607394023342079999,0.073967,0
607394023476297727,0.0691538,0
607394023610515455,0.07009,0
607394023878950911,0.0706799,0
607394024013168639,0.0655879,0
607394024147386367,0.0730189,0
607394024281604095,0.0669152,0
607394024415821823,0.0718474,0
607394024550039551,0.0716796,0
607394024684257279,0.0709106,0
607394026026434559,0.0701139,0
607394026160652287,0.0653485,0
607394026294870015,0.0563155,0
607394026429087743,0.0676636,0
607394026563305471,0.068399,0
607394026697523199,0.0660195,0
607394026831740927,0.0611858,0
607394027100176383,0.059044,0
607394027234394111,0.0596599,0
607394027368611839,0.0656047,0
607394027502829567,0.0643486,0
607394027637047295,0.0625129,0
607394027771265023,0.0614515,0
607394027905482751,0.0619048,0
607394028173918207,0.055309,0
607394028308135935,0.0616151,0
607394028442353663,0.0648027,0
607394028576571391,0.0529673,0
607394028710789119,0.0584351,0
607394028845006847,0.0588682,0
607394028979224575,0.0607587,0
607394029247660031,0.066627,0
607394029381877759,0.0677527,0
607394029516095487,0.0580762,0
607394029650313215,0.0604128,0
607394029784530943,0.0619552,0
607394029918748671,0.0676193,0
607394030052966399,0.0629715,0
607394030321401855,0.0706741,0
607394030455619583,0.065593,0
607394030589837311,0.0684204,0
607394030724055039,0.0612956,0
607394030858272767,0.0700822,0
607394030992490495,0.0657739,0
607394031126708223,0.0721589,0
607394031395143679,0.0632547,0
607394031529361407,0.063877,0
607394031663579135,0.0643167,0
607394031797796863,0.062063,0
607394031932014591,0.0592714,0
607394032066232319,0.0694418,0
607394032200450047,0.0631566,0
607394032468885503,0.0609256,0
607394032603103231,0.0530553,0
607394032737320959,0.0600044,0
607394032871538687,0.0590721,0
607394033005756415,0.0648208,0
607394033139974143,0.0624437,0
607394033274191871,0.0652986,0
607394034616369151,0.0974555,0
607394034750586879,0.0955377,0
607394034884804607,0.095118,0
607394035019022335,0.103843,0
607394035153240063,0.105173,0
607394035287457791,0.0951879,0
607394035421675519,0.102743,0
607394035690110975,0.0987943,0
607394035824328703,0.0889135,0
607394035958546431,0.0997156,0
607394036092764159,0.0947063,0
607394036226981887,0.0943005,0
607394036361199615,0.0919311,0
607394036495417343,0.0917602,0
607394036763852799,0.0920344,0
607394036898070527,0.0958595,0
607394037032288255,0.0912571,0
607394037166505983,0.0891875,0
607394037300723711,0.0995019,0
607394037434941439,0.0961035,0
607394037569159167,0.0972117,0
607394037837594623,0.0961743,0
607394037971812351,0.0990389,0
607394038106030079,0.0940988,0
607394038240247807,0.0915646,0
607394038374465535,0.0973501,0
607394038508683263,0.0976249,0
607394038642900991,0.0986209,0
607394038911336447,0.103396,0
607394039045554175,0.104185,0
607394039179771903,0.114114,0
607394039313989631,0.109347,0
607394039448207359,0.123438,0
607394039582425087,0.117818,0
607394039716642815,0.120871,0
607394039985078271,0.102905,0
607394040119295999,0.099055,0
607394040253513727,0.106721,0
607394040387731455,0.098556,0
607394040521949183,0.108183,0
607394040656166911,0.105467,0
607394040790384639,0.104558,0
607394041058820095,0.0993737,0
607394041193037823,0.0932388,0
607394041327255551,0.095344,0
607394041461473279,0.10153,0
607394041595691007,0.109068,0
607394041729908735,0.109113,0
607394041864126463,0.1072,0
607394043206303743,0.0762217,0
607394043340521471,0.0768813,0
607394043474739199,0.082734,0
607394043608956927,0.0840747,0
607394043743174655,0.0805251,0
607394043877392383,0.0759691,0
607394044011610111,0.0857171,0
607394044280045567,0.0680027,0
607394044414263295,0.0668222,0
607394044548481023,0.0693864,0
607394044682698751,0.0637601,0
607394044816916479,0.0726993,0
607394044951134207,0.0719232,0
607394045085351935,0.0723061,0
607394045353787391,0.0813346,0
607394045488005119,0.0870008,0
607394045622222847,0.0862628,0
607394045756440575,0.0751332,0
607394045890658303,0.0882488,0
607394046024876031,0.0767263,0
607394046159093759,0.0832416,0
607394046427529215,0.0661708,0
607394046561746943,0.061732,0
607394046695964671,0.0673268,0
607394046830182399,0.0631443,0
607394046964400127,0.0700847,0
607394047098617855,0.0677688,0
607394047232835583,0.0702061,0
607394047501271039,0.0943132,0
607394047635488767,0.09137,0
607394047769706495,0.0932308,0
607394047903924223,0.0989311,0
607394048038141951,0.0932068,0
607394048172359679,0.0955347,0
607394048306577407,0.0915855,0
607394048575012863,0.078623,0
607394048709230591,0.0776393,0
607394048843448319,0.0794101,0
607394048977666047,0.0779961,0
607394049111883775,0.0840689,0
607394049246101503,0.083078,0
607394049380319231,0.0869461,0
607394049648754687,0.0892234,0
607394049782972415,0.0943052,0
607394049917190143,0.091662,0
607394050051407871,0.0905661,0
607394050185625599,0.0932203,0
607394050319843327,0.0900053,0
607394050454061055,0.0939041,0
607394051796238335,0.0947082,0
607394051930456063,0.0844558,0
607394052064673791,0.0958428,0
607394052198891519,0.0846249,0
607394052333109247,0.0922552,0
607394052467326975,0.0890742,0
607394052601544703,0.101238,0
607394052869980159,0.0845517,0
607394053004197887,0.0875412,0
607394053138415615,0.083178,0
607394053272633343,0.0811497,0
607394053406851071,0.0903335,0
607394053541068799,0.0849406,0
607394053675286527,0.0889564,0
607394053943721983,0.0810416,0
607394054077939711,0.0784947,0
607394054212157439,0.0810137,0
607394054346375167,0.079127,0
607394054480592895,0.0905553,0
607394054614810623,0.0832832,0
607394054749028351,0.0890555,0
607394055017463807,0.0818663,0
607394055151681535,0.0789587,0
607394055285899263,0.0784587,0
607394055420116991,0.0786032,0
607394055554334719,0.0790215,0
607394055688552447,0.0814808,0
607394055822770175,0.078912,0
607394056091205631,0.103442,0
607394056225423359,0.099934,0
607394056359641087,0.0979582,0
607394056493858815,0.0993345,0
607394056628076543,0.103508,0
607394056762294271,0.0996827,0
607394056896511999,0.101965,0
607394057164947455,0.0911539,0
607394057299165183,0.0966231,0
607394057433382911,0.0923223,0
607394057567600639,0.0941104,0
607394057701818367,0.0987591,0
607394057836036095,0.098168,0
607394057970253823,0.0992828,0
607394058238689279,0.0979523,0
607394058372907007,0.0962338,0
607394058507124735,0.093805,0
607394058641342463,0.0900267,0
607394058775560191,0.103265,0
607394058909777919,0.0975424,0
607394059043995647,0.10226,0
607394068976107519,0.0639117,0
607394069110325247,0.0584841,0
607394069244542975,0.0552237,0
607394069378760703,0.04937,0
607394069512978431,0.0703569,0
607394069647196159,0.0641671,0
607394069781413887,0.0609894,0
607394070049849343,0.0675789,0
607394070184067071,0.0633688,0
607394070318284799,0.0615455,0
607394070452502527,0.0536718,0
607394070586720255,0.0730825,0
607394070720937983,0.071144,0
607394070855155711,0.0684795,0
607394071123591167,0.0425445,0
607394071257808895,0.0405139,0
607394071392026623,0.0401041,0
607394071526244351,0.039159,0
607394071660462079,0.0534903,0
607394071794679807,0.0478874,0
607394071928897535,0.048594,0
607394072197332991,0.0504994,0
607394072331550719,0.0465722,0
607394072465768447,0.0431985,0
607394072599986175,0.0390368,0
607394072734203903,0.047013,0
607394072868421631,0.0540429,0
607394073002639359,0.0441222,0
607394073271074815,0.0664886,0
607394073405292543,0.0644929,0
607394073539510271,0.0648926,0
607394073673727999,0.0630786,0
607394073807945727,0.0709105,0
607394073942163455,0.0651449,0
607394074076381183,0.0671062,0
607394074344816639,0.0678963,0
607394074479034367,0.0699054,0
607394074613252095,0.0696695,0
607394074747469823,0.07435,0
607394074881687551,0.0650511,0
607394075015905279,0.0648657,0
607394075150123007,0.0669813,0
607394075418558463,0.0576894,0
607394075552776191,0.0557426,0
607394075686993919,0.0531878,0
607394075821211647,0.0504692,0
607394075955429375,0.0622002,0
607394076089647103,0.0600825,0
607394076223864831,0.0647474,0
607394078102913023,0.0508515,0
607394078371348479,0.0504169,0
607394080250396671,0.0416562,0
607394080518832127,0.0430819,0
607394081861009407,0.0660971,0
607394081995227135,0.0611541,0
607394082129444863,0.0607851,0
607394082263662591,0.0550368,0
607394082397880319,0.0575271,0
607394082532098047,0.0683141,0
607394082666315775,0.0607746,0
607394083203186687,0.0596574,0
607394083471622143,0.0670121,0
607394083740057599,0.0638378,0
607394084008493055,0.0501868,0
607394084142710783,0.0486186,0
607394084276928511,0.0429875,0
607394084411146239,0.0411475,0
607394084545363967,0.0531325,0
607394084679581695,0.0544386,0
607394084813799423,0.0506173,0
607394086155976703,0.0397739,0
607394086290194431,0.0410044,0
607394086424412159,0.0465119,0
607394086558629887,0.0452949,0
607394086692847615,0.0381233,0
607394086827065343,0.0358352,0
607394086961283071,0.0451273,0
607394087229718527,0.0389231,0
607394087363936255,0.0430728,0
607394087498153983,0.0395629,0
607394087632371711,0.0396555,0
607394087766589439,0.038566,0
607394087900807167,0.0380114,0
607394088035024895,0.0385507,0
607394088303460351,0.0537396,0
607394088437678079,0.0481283,0
607394088571895807,0.0587655,0
607394088706113535,0.0519922,0
607394088840331263,0.0521077,0
607394088974548991,0.0495728,0
607394089108766719,0.0585757,0
607394089377202175,0.0483822,0
607394089511419903,0.046274,0
607394089645637631,0.0512876,0
607394089779855359,0.0497181,0
607394089914073087,0.0409503,0
607394090048290815,0.0422422,0
607394090182508543,0.0491654,0
607394090450943999,0.0426093,0
607394090585161727,0.0397293,0
607394090719379455,0.0442553,0
607394090853597183,0.037868,0
607394090987814911,0.0456393,0
607394091122032639,0.0450973,0
607394091256250367,0.0442917,0
607394091524685823,0.0414926,0
607394091658903551,0.0391981,0
607394091793121279,0.0402603,0
607394091927339007,0.0383314,0
607394092061556735,0.0499275,0
607394092195774463,0.0443928,0
607394092329992191,0.0447082,0
607394092598427647,0.0529481,0
607394092732645375,0.0490024,0
607394092866863103,0.0582404,0
607394093001080831,0.0517919,0
607394093135298559,0.0492217,0
607394093269516287,0.0427241,0
607394093403734015,0.0626657,0
607394094745911295,0.0427247,0
607394094880129023,0.0407455,0
607394095014346751,0.0408011,0
607394095148564479,0.0407511,0
607394095282782207,0.0396759,0
607394095416999935,0.0365348,0
607394095551217663,0.0418098,0
607394096356524031,0.0402621,0
607394096624959487,0.0370796,0
607394096893394943,0.0434145,0
607394097027612671,0.0477519,0
607394097161830399,0.0529376,0
607394097296048127,0.0577126,0
607394097430265855,0.0467843,0
607394097564483583,0.0448714,0
607394097698701311,0.0443063,0
607394098772443135,0.045131,0
607394099040878591,0.0387565,0
607394099175096319,0.0395435,0
607394099309314047,0.043164,0
607394099443531775,0.0401755,0
607394099577749503,0.0420209,0
607394099711967231,0.035989,0
607394099846184959,0.0363626,0
607394100114620415,0.035661,0
607394100248838143,0.0388659,0
607394100383055871,0.0418348,0
607394100517273599,0.0396252,0
607394100651491327,0.0379054,0
607394100785709055,0.0422352,0
607394100919926783,0.0384778,0
607394101188362239,0.0392196,0
607394101322579967,0.039309,0
607394101456797695,0.0469691,0
607394101591015423,0.0442373,0
607394101725233151,0.041543,0
607394101859450879,0.041111,0
607394101993668607,0.0413724,0
607394103335845887,0.0773362,0
607394103470063615,0.079248,0
607394103604281343,0.0726302,0
607394103738499071,0.0860233,0
607394103872716799,0.0868642,0
607394104006934527,0.0812925,0
607394104141152255,0.0789138,0
607394104409587711,0.0830524,0
607394104543805439,0.0762722,0
607394104678023167,0.07506,0
607394104812240895,0.0728272,0
607394104946458623,0.0820574,0
607394105080676351,0.0828108,0
607394105214894079,0.0818535,0
607394105483329535,0.0630932,0
607394105617547263,0.0709131,0
607394105751764991,0.073944,0
607394105885982719,0.0659368,0
607394106020200447,0.0747219,0
607394106154418175,0.0687972,0
607394106288635903,0.0751699,0
607394106557071359,0.0666035,0
607394106691289087,0.0686546,0
607394106825506815,0.066819,0
607394106959724543,0.0636234,0
607394107093942271,0.0804421,0
607394107228159999,0.0714655,0
607394107362377727,0.0795077,0
607394107630813183,0.0917078,0
607394107765030911,0.0907903,0
607394107899248639,0.0872132,0
607394108033466367,0.0863174,0
607394108167684095,0.0928231,0
607394108301901823,0.0908804,0
607394108436119551,0.0934058,0
607394108704555007,0.0881257,0
607394108838772735,0.0880806,0
607394108972990463,0.0824852,0
607394109107208191,0.0813441,0
607394109241425919,0.0976411,0
607394109375643647,0.0929436,0
607394109509861375,0.0917573,0
607394109778296831,0.0753059,0
607394109912514559,0.075848,0
607394110046732287,0.0772817,0
607394110180950015,0.0733763,0
607394110315167743,0.0899305,0
607394110449385471,0.0785421,0
607394110583603199,0.0831989,0
607394111925780479,0.0783139,0
607394112059998207,0.0717485,0
607394112194215935,0.0692941,0
607394112328433663,0.0676896,0
607394112462651391,0.0810618,0
607394112596869119,0.0753102,0
607394112731086847,0.0767468,0
607394112999522303,0.0804449,0
607394113133740031,0.0778894,0
607394113267957759,0.0744752,0
607394113402175487,0.0782285,0
607394113536393215,0.0814661,0
607394113670610943,0.0788006,0
607394113804828671,0.0731777,0
607394114073264127,0.0756321,0
607394114207481855,0.06502,0
607394114341699583,0.0751892,0
607394114475917311,0.0661479,0
607394114610135039,0.0685168,0
607394114744352767,0.0697835,0
607394114878570495,0.0676718,0
607394115147005951,0.0723689,0
607394115281223679,0.0677809,0
607394115415441407,0.0624661,0
607394115549659135,0.0688433,0
607394115683876863,0.0728972,0
607394115818094591,0.0854798,0
607394115952312319,0.0661532,0
607394116220747775,0.0799247,0
607394116354965503,0.094554,0
607394116489183231,0.0808662,0
607394116623400959,0.0751531,0
607394116757618687,0.0767743,0
607394116891836415,0.079419,0
607394117026054143,0.0795681,0
607394117294489599,0.085851,0
607394117428707327,0.075732,0
607394117562925055,0.0788068,0
607394117697142783,0.0794899,0
607394117831360511,0.0890106,0
607394117965578239,0.08608,0
607394118099795967,0.0842013,0
607394118368231423,0.0686266,0
607394118502449151,0.0676413,0
607394118636666879,0.0665923,0
607394118770884607,0.0668328,0
607394118905102335,0.0784723,0
607394119039320063,0.0757036,0
607394119173537791,0.0688536,0
607394120515715071,0.065607,0
607394120649932799,0.0637077,0
607394120784150527,0.0586375,0
607394120918368255,0.0587996,0
607394121052585983,0.0651317,0
607394121186803711,0.0690929,0
607394121321021439,0.0622296,0
607394121589456895,0.0666207,0
607394121723674623,0.0655651,0
607394121857892351,0.0627281,0
607394121992110079,0.0651718,0
607394122126327807,0.0719593,0
607394122260545535,0.0688406,0
607394122394763263,0.0700625,0
607394122663198719,0.0486591,0
607394122797416447,0.0486171,0
607394122931634175,0.0505751,0
607394123065851903,0.0456674,0
607394123200069631,0.0564298,0
607394123334287359,0.0535535,0
607394123468505087,0.0520778,0
607394123736940543,0.0502376,0
607394123871158271,0.0555112,0
607394124005375999,0.0486001,0
607394124139593727,0.0488075,0
607394124273811455,0.0558218,0
607394124408029183,0.0592025,0
607394124542246911,0.0515913,0
607394124810682367,0.0710153,0
607394124944900095,0.070634,0
607394125079117823,0.0647733,0
607394125213335551,0.0652501,0
607394125347553279,0.074404,0
607394125481771007,0.0696701,0
607394125615988735,0.0705766,0
607394125884424191,0.074139,0
607394126018641919,0.0785038,0
607394126152859647,0.0714978,0
607394126287077375,0.0738549,0
607394126421295103,0.076538,0
607394126555512831,0.075204,0
607394126689730559,0.0729632,0
607394126958166015,0.0568188,0
607394127092383743,0.0600986,0
607394127226601471,0.0575077,0
607394127360819199,0.0579122,0
607394127495036927,0.0667895,0
607394127629254655,0.0652581,0
607394127763472383,0.0581845,0
607394137695584255,0.144154,0
607394137829801983,0.155361,0
607394137964019711,0.138863,0
607394138098237439,0.147726,0
607394138232455167,0.144047,0
607394138366672895,0.146872,0
607394138500890623,0.142171,0
607394138769326079,0.152198,0
607394138903543807,0.173124,0
607394139037761535,0.159407,0
607394139171979263,0.164748,0
607394139306196991,0.159718,0
607394139440414719,0.160645,0
607394139574632447,0.150939,0
607394139843067903,0.158842,0
607394139977285631,0.17187,0
607394140111503359,0.159592,0
607394140245721087,0.179279,0
607394140379938815,0.145776,0
607394140514156543,0.155821,0
607394140648374271,0.14325,0
607394140916809727,0.160035,0
607394141051027455,0.156419,0
607394141185245183,0.170207,0
607394141319462911,0.165302,0
607394141453680639,0.157857,0
607394141587898367,0.166414,0
607394141722116095,0.161126,0
607394141990551551,0.157415,0
607394142124769279,0.145926,0
607394142258987007,0.152879,0
607394142393204735,0.152241,0
607394142527422463,0.153006,0
607394142661640191,0.1456,0
607394142795857919,0.159785,0
607394143064293375,0.158746,0
607394143198511103,0.153587,0
607394143332728831,0.143584,0
607394143466946559,0.144864,0
607394143601164287,0.16211,0
607394143735382015,0.156766,0
607394143869599743,0.15391,0
607394144138035199,0.153995,0
607394144272252927,0.140707,0
607394144406470655,0.154102,0
607394144540688383,0.154265,0
607394144674906111,0.153694,0
607394144809123839,0.149207,0
607394144943341567,0.160638,0
607394146285518847,0.155753,0
607394146419736575,0.141216,0
607394146553954303,0.146089,0
607394146688172031,0.140971,0
607394146822389759,0.166909,0
607394146956607487,0.157523,0
607394147090825215,0.179155,0
607394147359260671,0.126559,0
607394147493478399,0.135377,0
607394147627696127,0.122599,0
607394147761913855,0.126917,0
607394147896131583,0.154141,0
607394148030349311,0.125811,0
607394148164567039,0.145348,0
607394148433002495,0.132961,0
607394148567220223,0.125317,0
607394148701437951,0.127637,0
607394148835655679,0.13622,0
607394148969873407,0.14813,0
607394149104091135,0.132536,0
607394149238308863,0.151043,0
607394149506744319,0.143004,0
607394149640962047,0.114556,0
607394149775179775,0.138669,0
607394149909397503,0.129859,0
607394150043615231,0.133151,0
607394150177832959,0.144927,0
607394150312050687,0.12846,0
607394150580486143,0.161804,0
607394150714703871,0.167917,0
607394150848921599,0.16561,0
607394150983139327,0.168482,0
607394151117357055,0.171441,0
607394151251574783,0.164776,0
607394151385792511,0.173373,0
607394151654227967,0.147246,0
607394151788445695,0.156142,0
607394151922663423,0.166849,0
607394152056881151,0.167485,0
607394152191098879,0.146833,0
607394152325316607,0.140112,0
607394152459534335,0.164834,0
607394152727969791,0.151652,0
607394152862187519,0.161655,0
607394152996405247,0.1637,0
607394153130622975,0.172608,0
607394153264840703,0.157637,0
607394153399058431,0.170615,0
607394153533276159,0.157868,0
607394154875453439,0.170919,0
607394155009671167,0.165391,0
607394155143888895,0.177426,0
607394155278106623,0.181863,0
607394155412324351,0.152427,0
607394155546542079,0.166858,0
607394155680759807,0.165826,0
607394155949195263,0.178132,0
607394156083412991,0.171142,0
607394156217630719,0.179262,0
607394156351848447,0.167703,0
607394156486066175,0.160127,0
607394156620283903,0.17454,0
607394156754501631,0.168656,0
607394157022937087,0.176187,0
607394157157154815,0.168167,0
607394157291372543,0.179692,0
607394157425590271,0.167992,0
607394157559807999,0.168164,0
607394157694025727,0.177559,0
607394157828243455,0.173638,0
607394158096678911,0.17677,0
607394158230896639,0.160892,0
607394158365114367,0.169962,0
607394158499332095,0.169627,0
607394158633549823,0.175807,0
607394158767767551,0.166889,0
607394158901985279,0.17032,0
607394159170420735,0.179442,0
607394159304638463,0.169286,0
607394159438856191,0.187481,0
607394159573073919,0.171324,0
607394159707291647,0.178841,0
607394159841509375,0.171385,0
607394159975727103,0.183963,0
607394160244162559,0.164289,0
607394160378380287,0.150436,0
607394160512598015,0.166466,0
607394160646815743,0.165849,0
607394160781033471,0.149428,0
607394160915251199,0.15882,0
607394161049468927,0.164032,0
607394161317904383,0.181402,0
607394161452122111,0.163762,0
607394161586339839,0.180522,0
607394161720557567,0.168883,0
607394161854775295,0.186343,0
607394161988993023,0.175733,0
607394162123210751,0.185381,0
607394163465388031,0.145561,0
607394163599605759,0.169248,0
607394163733823487,0.157012,0
607394163868041215,0.162618,0
607394164002258943,0.157075,0
607394164136476671,0.163611,0
607394164270694399,0.146381,0
607394164539129855,0.139685,0
607394164673347583,0.113794,0
607394164807565311,0.145761,0
607394164941783039,0.112395,0
607394165076000767,0.130996,0
607394165210218495,0.146984,0
607394165344436223,0.162333,0
607394165612871679,0.177881,0
607394165747089407,0.159647,0
607394165881307135,0.192379,0
607394166015524863,0.144429,0
607394166149742591,0.159251,0
607394166283960319,0.166509,0
607394166418178047,0.156796,0
607394166686613503,0.1186,0
607394166820831231,0.103083,0
607394166955048959,0.118314,0
607394167089266687,0.102805,0
607394167223484415,0.138299,0
607394167357702143,0.111606,0
607394167491919871,0.140757,0
607394167760355327,0.164893,0
607394167894573055,0.166519,0
607394168028790783,0.1557,0
607394168163008511,0.171379,0
607394168297226239,0.164422,0
607394168431443967,0.162536,0
607394168565661695,0.164057,0
607394168834097151,0.158339,0
607394168968314879,0.146724,0
607394169102532607,0.160302,0
607394169236750335,0.161764,0
607394169370968063,0.157817,0
607394169505185791,0.169322,0
607394169639403519,0.162625,0
607394169907838975,0.172522,0
607394170042056703,0.163709,0
607394170176274431,0.157577,0
607394170310492159,0.157853,0
607394170444709887,0.155978,0
607394170578927615,0.168564,0
607394170713145343,0.165787,0
607394172055322623,0.142467,0
607394172189540351,0.145082,0
607394172323758079,0.155283,0
607394172457975807,0.145561,0
607394172592193535,0.171036,0
607394172726411263,0.148963,0
607394172860628991,0.167159,0
607394173129064447,0.150078,0
607394173263282175,0.139147,0
607394173397499903,0.14304,0
607394173531717631,0.142465,0
607394173665935359,0.147459,0
607394173800153087,0.140837,0
607394173934370815,0.157022,0
607394174202806271,0.151555,0
607394174337023999,0.159374,0
607394174471241727,0.160723,0
607394174605459455,0.156451,0
607394174739677183,0.158126,0
607394174873894911,0.144212,0
607394175008112639,0.162293,0
607394175276548095,0.153781,0
607394175410765823,0.145391,0
607394175544983551,0.146282,0
607394175679201279,0.152055,0
607394175813419007,0.153563,0
607394175947636735,0.143109,0
607394176081854463,0.155862,0
607394176350289919,0.193772,0
607394176484507647,0.17478,0
607394176618725375,0.193601,0
607394176752943103,0.177784,0
607394176887160831,0.199606,0
607394177021378559,0.188101,0
607394177155596287,0.203043,0
607394177424031743,0.153434,0
607394177558249471,0.148591,0
607394177692467199,0.160799,0
607394177826684927,0.154555,0
607394177960902655,0.172172,0
607394178095120383,0.147586,0
607394178229338111,0.172738,0
607394178497773567,0.184719,0
607394178631991295,0.169985,0
607394178766209023,0.173602,0
607394178900426751,0.169092,0
607394179034644479,0.183211,0
607394179168862207,0.175273,0
607394179303079935,0.178919,0
607394180645257215,0.132071,0
607394180779474943,0.160418,0
607394180913692671,0.150427,0
607394181047910399,0.158171,0
607394181182128127,0.14182,0
607394181316345855,0.147792,0
607394181450563583,0.13914,0
607394181718999039,0.162425,0
607394181853216767,0.158803,0
607394181987434495,0.164001,0
607394182121652223,0.159193,0
607394182255869951,0.150174,0
607394182390087679,0.153397,0
607394182524305407,0.175728,0
607394182792740863,0.15039,0
607394182926958591,0.175324,0
607394183061176319,0.160727,0
607394183195394047,0.17006,0
607394183329611775,0.156214,0
607394183463829503,0.159979,0
607394183598047231,0.141473,0
607394183866482687,0.154949,0
607394184000700415,0.148783,0
607394184134918143,0.163292,0
607394184269135871,0.166168,0
607394184403353599,0.146154,0
607394184537571327,0.158075,0
607394184671789055,0.166763,0
607394184940224511,0.150069,0
607394185074442239,0.145737,0
607394185208659967,0.13801,0
607394185342877695,0.148869,0
607394185477095423,0.144813,0
607394185611313151,0.145914,0
607394185745530879,0.142417,0
607394186013966335,0.137787,0
607394186148184063,0.169401,0
607394186282401791,0.146052,0
607394186416619519,0.164322,0
607394186550837247,0.14848,0
607394186685054975,0.160902,0
607394186819272703,0.14336,0
607394187087708159,0.146108,0
607394187221925887,0.147177,0
607394187356143615,0.147728,0
607394187490361343,0.151369,0
607394187624579071,0.147016,0
607394187758796799,0.146475,0
607394187893014527,0.138853,0
607394189235191807,0.169748,0
607394189369409535,0.170623,0
607394189503627263,0.16843,0
607394189637844991,0.172279,0
607394189772062719,0.161481,0
607394189906280447,0.166144,0
607394190040498175,0.167728,0
607394190308933631,0.163884,0
607394190443151359,0.166103,0
607394190577369087,0.163398,0
607394190711586815,0.159651,0
607394190845804543,0.169588,0
607394190980022271,0.160505,0
607394191114239999,0.170937,0
607394191382675455,0.17009,0
607394191516893183,0.178071,0
607394191651110911,0.18264,0
607394191785328639,0.177936,0
607394191919546367,0.164502,0
607394192053764095,0.168565,0
607394192187981823,0.176393,0
607394192456417279,0.168516,0
607394192590635007,0.164234,0
607394192724852735,0.180987,0
607394192859070463,0.158864,0
607394192993288191,0.173881,0
607394193127505919,0.162032,0
607394193261723647,0.181215,0
607394193530159103,0.174216,0
607394193664376831,0.180541,0
607394193798594559,0.162379,0
607394193932812287,0.168265,0
607394194067030015,0.174108,0
607394194201247743,0.174668,0
607394194335465471,0.166862,0
607394194603900927,0.170387,0
607394194738118655,0.162251,0
607394194872336383,0.174287,0
607394195006554111,0.16885,0
607394195140771839,0.170941,0
607394195274989567,0.162731,0
607394195409207295,0.17405,0
607394195677642751,0.16695,0
607394195811860479,0.174911,0
607394195946078207,0.168065,0
607394196080295935,0.172641,0
607394196214513663,0.168663,0
607394196348731391,0.161357,0
607394196482949119,0.161744,0
607394206415060991,0.0910551,0
607394206549278719,0.102331,0
607394206683496447,0.0853447,0
607394206817714175,0.103297,0
607394206951931903,0.100058,0
607394207086149631,0.109119,0
607394207220367359,0.104335,0
607394207488802815,0.11801,0
607394207623020543,0.124758,0
607394207757238271,0.110948,0
607394207891455999,0.121109,0
607394208025673727,0.118502,0
607394208159891455,0.128164,0
607394208294109183,0.116525,0
607394208562544639,0.0934305,0
607394208696762367,0.0978696,0
607394208830980095,0.0837687,0
607394208965197823,0.0903475,0
607394209099415551,0.0841765,0
607394209233633279,0.0894305,0
607394209367851007,0.0850747,0
607394209636286463,0.110477,0
607394209770504191,0.11358,0
607394209904721919,0.104051,0
607394210038939647,0.114364,0
607394210173157375,0.0997946,0
607394210307375103,0.120053,0
607394210441592831,0.0971168,0
607394210710028287,0.139062,0
607394210844246015,0.134574,0
607394210978463743,0.129371,0
607394211112681471,0.118411,0
607394211246899199,0.139842,0
607394211381116927,0.132429,0
607394211515334655,0.122248,0
607394211783770111,0.123191,0
607394211917987839,0.122876,0
607394212052205567,0.119216,0
607394212186423295,0.116708,0
607394212320641023,0.12471,0
607394212454858751,0.123841,0
607394212589076479,0.136066,0
607394212857511935,0.128209,0
607394212991729663,0.105734,0
607394213125947391,0.128609,0
607394213260165119,0.101931,0
607394213394382847,0.124042,0
607394213528600575,0.120702,0
607394213662818303,0.123609,0
607394215004995583,0.132735,0
607394215139213311,0.139657,0
607394215273431039,0.129278,0
607394215407648767,0.136626,0
607394215541866495,0.140024,0
607394215676084223,0.141066,0
607394215810301951,0.125778,0
607394216078737407,0.14451,0
607394216212955135,0.149487,0
607394216347172863,0.136014,0
607394216481390591,0.14479,0
607394216615608319,0.145353,0
607394216749826047,0.148611,0
607394216884043775,0.144947,0
607394217152479231,0.119462,0
607394217286696959,0.130107,0
607394217420914687,0.115007,0
607394217555132415,0.124313,0
607394217689350143,0.125237,0
607394217823567871,0.121721,0
607394217957785599,0.11561,0
607394218226221055,0.144736,0
607394218360438783,0.144673,0
607394218494656511,0.144653,0
607394218628874239,0.144242,0
607394218763091967,0.135027,0
607394218897309695,0.142977,0
607394219031527423,0.142192,0
607394219299962879,0.133354,0
607394219434180607,0.142888,0
607394219568398335,0.127646,0
607394219702616063,0.137664,0
607394219836833791,0.132231,0
607394219971051519,0.147145,0
607394220105269247,0.128476,0
607394220373704703,0.145134,0
607394220507922431,0.144792,0
607394220642140159,0.152028,0
607394220776357887,0.145919,0
607394220910575615,0.139138,0
607394221044793343,0.140402,0
607394221179011071,0.145102,0
607394221447446527,0.117557,0
607394221581664255,0.127036,0
607394221715881983,0.112997,0
607394221850099711,0.117966,0
607394221984317439,0.11806,0
607394222118535167,0.126192,0
607394222252752895,0.117498,0
607394223594930175,0.0807527,0
607394223729147903,0.0790728,0
607394223863365631,0.0822624,0
607394223997583359,0.0864412,0
607394224131801087,0.098813,0
607394224266018815,0.0787601,0
607394224400236543,0.0915409,0
607394224668671999,0.0870631,0
607394224802889727,0.0955984,0
607394224937107455,0.0900761,0
607394225071325183,0.0901397,0
607394225205542911,0.0871548,0
607394225339760639,0.0924657,0
607394225473978367,0.0865408,0
607394225742413823,0.0785386,0
607394225876631551,0.075866,0
607394226010849279,0.0898169,0
607394226145067007,0.0852324,0
607394226279284735,0.0809163,0
607394226413502463,0.0794332,0
607394226547720191,0.0853758,0
607394226816155647,0.084126,0
607394226950373375,0.0872417,0
607394227084591103,0.0838129,0
607394227218808831,0.0847053,0
607394227353026559,0.0825502,0
607394227487244287,0.0921815,0
607394227621462015,0.0867574,0
607394227889897471,0.137326,0
607394228024115199,0.109285,0
607394228158332927,0.146356,0
607394228292550655,0.105348,0
607394228426768383,0.145387,0
607394228560986111,0.141218,0
607394228695203839,0.148962,0
607394228963639295,0.083943,0
607394229097857023,0.07839,0
607394229232074751,0.0957012,0
607394229366292479,0.0837629,0
607394229500510207,0.118973,0
607394229634727935,0.0945142,0
607394229768945663,0.12847,0
607394230037381119,0.104965,0
607394230171598847,0.0959229,0
607394230305816575,0.0976806,0
607394230440034303,0.0849537,0
607394230574252031,0.135536,0
607394230708469759,0.099017,0
607394230842687487,0.132593,0
607394232184864767,0.105536,0
607394232319082495,0.110888,0
607394232453300223,0.106966,0
607394232587517951,0.111415,0
607394232721735679,0.106336,0
607394232855953407,0.111537,0
607394232990171135,0.102929,0
607394233258606591,0.110775,0
607394233392824319,0.120127,0
607394233527042047,0.110473,0
607394233661259775,0.119846,0
607394233795477503,0.114702,0
607394233929695231,0.111465,0
607394234063912959,0.112529,0
607394234332348415,0.103124,0
607394234466566143,0.102503,0
607394234600783871,0.0974438,0
607394234735001599,0.101795,0
607394234869219327,0.107437,0
607394235003437055,0.110515,0
607394235137654783,0.0989257,0
607394235406090239,0.110102,0
607394235540307967,0.112105,0
607394235674525695,0.101869,0
607394235808743423,0.104765,0
607394235942961151,0.110066,0
607394236077178879,0.112158,0
607394236211396607,0.105656,0
607394236479832063,0.103777,0
607394236614049791,0.109726,0
607394236748267519,0.0996224,0
607394236882485247,0.103872,0
607394237016702975,0.099321,0
607394237150920703,0.107809,0
607394237285138431,0.0899758,0
607394237553573887,0.108609,0
607394237687791615,0.120624,0
607394237822009343,0.103117,0
607394237956227071,0.109969,0
607394238090444799,0.11623,0
607394238224662527,0.115798,0
607394238358880255,0.108185,0
607394238627315711,0.0930123,0
607394238761533439,0.104386,0
607394238895751167,0.0898738,0
607394239029968895,0.102683,0
607394239164186623,0.0917226,0
607394239298404351,0.103519,0
607394239432622079,0.0901429,0
607394240774799359,0.141817,0
607394240909017087,0.139028,0
607394241043234815,0.12893,0
607394241177452543,0.128068,0
607394241311670271,0.129884,0
607394241445887999,0.133574,0
607394241580105727,0.141115,0
607394241848541183,0.145821,0
607394241982758911,0.138606,0
607394242116976639,0.146152,0
607394242251194367,0.123634,0
607394242385412095,0.145762,0
607394242519629823,0.14203,0
607394242653847551,0.145831,0
607394242922283007,0.129186,0
607394243056500735,0.142629,0
607394243190718463,0.134351,0
607394243324936191,0.123413,0
607394243459153919,0.140827,0
607394243593371647,0.121283,0
607394243727589375,0.144531,0
607394243996024831,0.143545,0
607394244130242559,0.1288,0
607394244264460287,0.145485,0
607394244398678015,0.129641,0
607394244532895743,0.139237,0
607394244667113471,0.137645,0
607394244801331199,0.139739,0
607394245069766655,0.153237,0
607394245203984383,0.126275,0
607394245338202111,0.14292,0
607394245472419839,0.138559,0
607394245606637567,0.141574,0
607394245740855295,0.133193,0
607394245875073023,0.144671,0
607394246143508479,0.12999,0
607394246277726207,0.132759,0
607394246411943935,0.131202,0
607394246546161663,0.134586,0
607394246680379391,0.125764,0
607394246814597119,0.131358,0
607394246948814847,0.122492,0
607394247217250303,0.157348,0
607394247351468031,0.135384,0
607394247485685759,0.153063,0
607394247619903487,0.150192,0
607394247754121215,0.148295,0
607394247888338943,0.143099,0
607394248022556671,0.134104,0
607394249364733951,0.13046,0
607394249498951679,0.138282,0
607394249633169407,0.125376,0
607394249767387135,0.130932,0
607394249901604863,0.128524,0
607394250035822591,0.136017,0
607394250170040319,0.118528,0
607394250438475775,0.141583,0
607394250572693503,0.137659,0
607394250706911231,0.142195,0
607394250841128959,0.149486,0
607394250975346687,0.131401,0
607394251109564415,0.142365,0
607394251243782143,0.140644,0
607394251512217599,0.122185,0
607394251646435327,0.126708,0
607394251780653055,0.1239,0
607394251914870783,0.129772,0
607394252049088511,0.118959,0
607394252183306239,0.123911,0
607394252317523967,0.117752,0
607394252585959423,0.135604,0
607394252720177151,0.141806,0
607394252854394879,0.1351,0
607394252988612607,0.156823,0
607394253122830335,0.137442,0
607394253257048063,0.141712,0
607394253391265791,0.134783,0
607394253659701247,0.139983,0
607394253793918975,0.133323,0
607394253928136703,0.129749,0
607394254062354431,0.12285,0
607394254196572159,0.141678,0
607394254330789887,0.151435,0
607394254465007615,0.140876,0
607394254733443071,0.13551,0
607394254867660799,0.139271,0
607394255001878527,0.129121,0
607394255136096255,0.137994,0
607394255270313983,0.136897,0
607394255404531711,0.144496,0
607394255538749439,0.142023,0
607394255807184895,0.114131,0
607394255941402623,0.119381,0
607394256075620351,0.123014,0
607394256209838079,0.118443,0
607394256344055807,0.123888,0
607394256478273535,0.116469,0
607394256612491263,0.119021,0
607394257954668543,0.133369,0
607394258088886271,0.147289,0
607394258223103999,0.121038,0
607394258357321727,0.140405,0
607394258491539455,0.127105,0
607394258625757183,0.126495,0
607394258759974911,0.127578,0
607394259028410367,0.139458,0
607394259162628095,0.122234,0
607394259296845823,0.135039,0
607394259431063551,0.11614,0
607394259565281279,0.133138,0
607394259699499007,0.131799,0
607394259833716735,0.14418,0
607394260102152191,0.148434,0
607394260236369919,0.132882,0
607394260370587647,0.14307,0
607394260504805375,0.135331,0
607394260639023103,0.125412,0
607394260773240831,0.143425,0
607394260907458559,0.134087,0
607394261175894015,0.128115,0
607394261310111743,0.127413,0
607394261444329471,0.116857,0
607394261578547199,0.131467,0
607394261712764927,0.129884,0
607394261846982655,0.12812,0
607394261981200383,0.13514,0
607394262249635839,0.132509,0
607394262383853567,0.127519,0
607394262518071295,0.125828,0
607394262652289023,0.122535,0
607394262786506751,0.142153,0
607394262920724479,0.137764,0
607394263054942207,0.155232,0
607394263323377663,0.157255,0
607394263457595391,0.148153,0
607394263591813119,0.125981,0
607394263726030847,0.153289,0
607394263860248575,0.135371,0
607394263994466303,0.152944,0
607394264128684031,0.129556,0
607394264397119487,0.13602,0
607394264531337215,0.128556,0
607394264665554943,0.137256,0
607394264799772671,0.12929,0
607394264933990399,0.140023,0
607394265068208127,0.133567,0
607394265202425855,0.150977,0
607394275134537727,0.184328,0
607394275268755455,0.189582,0
607394275402973183,0.164048,0
607394275537190911,0.180253,0
607394275671408639,0.175683,0
607394275805626367,0.182125,0
607394275939844095,0.181337,0
607394276208279551,0.16714,0
607394276342497279,0.165518,0
607394276476715007,0.183131,0
607394276610932735,0.182333,0
607394276745150463,0.171441,0
607394276879368191,0.159996,0
607394277013585919,0.179519,0
607394277282021375,0.166303,0
607394277416239103,0.184077,0
607394277550456831,0.165432,0
607394277684674559,0.175906,0
607394277818892287,0.164739,0
607394277953110015,0.175342,0
607394278087327743,0.160089,0
607394278355763199,0.173521,0
607394278489980927,0.163902,0
607394278624198655,0.1736,0
607394278758416383,0.167751,0
607394278892634111,0.179503,0
607394279026851839,0.187414,0
607394279161069567,0.185499,0
607394279429505023,0.189258,0
607394279563722751,0.190286,0
607394279697940479,0.186261,0
607394279832158207,0.194417,0
607394279966375935,0.193557,0
607394280100593663,0.174602,0
607394280234811391,0.194806,0
607394280503246847,0.208862,0
607394280637464575,0.176698,0
607394280771682303,0.205936,0
607394280905900031,0.177531,0
607394281040117759,0.178166,0
607394281174335487,0.200833,0
607394281308553215,0.181256,0
607394281576988671,0.190259,0
607394281711206399,0.179394,0
607394281845424127,0.18122,0
607394281979641855,0.173455,0
607394282113859583,0.182238,0
607394282248077311,0.19407,0
607394282382295039,0.173454,0
607394283724472319,0.129313,0
607394283858690047,0.130778,0
607394283992907775,0.138681,0
607394284127125503,0.132188,0
607394284261343231,0.130766,0
607394284395560959,0.117322,0
607394284529778687,0.13755,0
607394284798214143,0.114137,0
607394284932431871,0.100492,0
607394285066649599,0.125671,0
607394285200867327,0.11953,0
607394285335085055,0.102192,0
607394285469302783,0.103096,0
607394285603520511,0.1152,0
607394285871955967,0.122631,0
607394286006173695,0.121284,0
607394286140391423,0.116462,0
607394286274609151,0.117849,0
607394286408826879,0.137316,0
607394286543044607,0.132899,0
607394286677262335,0.13703,0
607394286945697791,0.122303,0
607394287079915519,0.114756,0
607394287214133247,0.118488,0
607394287348350975,0.117346,0
607394287482568703,0.126678,0
607394287616786431,0.125001,0
607394287751004159,0.129634,0
607394288019439615,0.1419,0
607394288153657343,0.128634,0
607394288287875071,0.151435,0
607394288422092799,0.13354,0
607394288556310527,0.150374,0
607394288690528255,0.133153,0
607394288824745983,0.149606,0
607394289093181439,0.117538,0
607394289227399167,0.10411,0
607394289361616895,0.123703,0
607394289495834623,0.112582,0
607394289630052351,0.111008,0
607394289764270079,0.109532,0
607394289898487807,0.117367,0
607394290166923263,0.167384,0
607394290301140991,0.148656,0
607394290435358719,0.162325,0
607394290569576447,0.157306,0
607394290703794175,0.174574,0
607394290838011903,0.152899,0
607394290972229631,0.180642,0
607394292314406911,0.152678,0
607394292448624639,0.143364,0
607394292582842367,0.137698,0
607394292717060095,0.137932,0
607394292851277823,0.13674,0
607394292985495551,0.165338,0
607394293119713279,0.129141,0
607394293388148735,0.150576,0
607394293522366463,0.166584,0
607394293656584191,0.150672,0
607394293790801919,0.158446,0
607394293925019647,0.146802,0
607394294059237375,0.16936,0
607394294193455103,0.143863,0
607394294461890559,0.129009,0
607394294596108287,0.136737,0
607394294730326015,0.12133,0
607394294864543743,0.143071,0
607394294998761471,0.118144,0
607394295132979199,0.133643,0
607394295267196927,0.110781,0
607394295535632383,0.149352,0
607394295669850111,0.158361,0
607394295804067839,0.145428,0
607394295938285567,0.14492,0
607394296072503295,0.141682,0
607394296206721023,0.149398,0
607394296340938751,0.13661,0
607394296609374207,0.166984,0
607394296743591935,0.153329,0
607394296877809663,0.143516,0
607394297012027391,0.136769,0
607394297146245119,0.173876,0
607394297280462847,0.171185,0
607394297414680575,0.169339,0
607394297683116031,0.158832,0
607394297817333759,0.165308,0
607394297951551487,0.150925,0
607394298085769215,0.170485,0
607394298219986943,0.185586,0
607394298354204671,0.147844,0
607394298488422399,0.182326,0
607394298756857855,0.127055,0
607394298891075583,0.126294,0
607394299025293311,0.119613,0
607394299159511039,0.123657,0
607394299293728767,0.139364,0
607394299427946495,0.130288,0
607394299562164223,0.119772,0
607394300904341503,0.145134,0
607394301038559231,0.121826,0
607394301172776959,0.141007,0
607394301306994687,0.118713,0
607394301441212415,0.157058,0
607394301575430143,0.137563,0
607394301709647871,0.161639,0
607394301978083327,0.121493,0
607394302112301055,0.118731,0
607394302246518783,0.123133,0
607394302380736511,0.105802,0
607394302514954239,0.128558,0
607394302649171967,0.120413,0
607394302783389695,0.132825,0
607394303051825151,0.113895,0
607394303186042879,0.107605,0
607394303320260607,0.11575,0
607394303454478335,0.0966579,0
607394303588696063,0.131418,0
607394303722913791,0.121891,0
607394303857131519,0.142844,0
607394304125566975,0.098621,0
607394304259784703,0.103434,0
607394304394002431,0.105554,0
607394304528220159,0.103103,0
607394304662437887,0.119325,0
607394304796655615,0.101422,0
607394304930873343,0.113039,0
607394305199308799,0.153806,0
607394305333526527,0.153959,0
607394305467744255,0.158339,0
607394305601961983,0.146825,0
607394305736179711,0.162805,0
607394305870397439,0.160431,0
607394306004615167,0.16638,0
607394306273050623,0.146853,0
607394306407268351,0.135712,0
607394306541486079,0.15315,0
607394306675703807,0.136984,0
607394306809921535,0.168377,0
607394306944139263,0.160227,0
607394307078356991,0.166796,0
607394307346792447,0.144963,0
607394307481010175,0.149629,0
607394307615227903,0.139175,0
607394307749445631,0.135614,0
607394307883663359,0.146655,0
607394308017881087,0.15047,0
607394308152098815,0.148117,0
607394309494276095,0.191221,0
607394309628493823,0.179677,0
607394309762711551,0.199034,0
607394309896929279,0.194913,0
607394310031147007,0.188148,0
607394310165364735,0.188884,0
607394310299582463,0.191044,0
607394310568017919,0.176858,0
607394310702235647,0.176131,0
607394310836453375,0.177474,0
607394310970671103,0.175038,0
607394311104888831,0.173092,0
607394311239106559,0.17327,0
607394311373324287,0.184603,0
607394311641759743,0.200281,0
607394311775977471,0.188315,0
607394311910195199,0.205936,0
607394312044412927,0.203484,0
607394312178630655,0.204541,0
607394312312848383,0.193802,0
607394312447066111,0.212527,0
607394312715501567,0.190695,0
607394312849719295,0.176083,0
607394312983937023,0.18813,0
607394313118154751,0.177398,0
607394313252372479,0.188315,0
607394313386590207,0.179994,0
607394313520807935,0.19574,0
607394313789243391,0.177392,0
607394313923461119,0.178758,0
607394314057678847,0.170233,0
607394314191896575,0.193055,0
607394314326114303,0.188668,0
607394314460332031,0.169878,0
607394314594549759,0.179316,0
607394314862985215,0.184199,0
607394314997202943,0.185711,0
607394315131420671,0.189473,0
607394315265638399,0.182633,0
607394315399856127,0.17413,0
607394315534073855,0.180029,0
607394315668291583,0.162206,0
607394315936727039,0.206432,0
607394316070944767,0.200848,0
607394316205162495,0.206957,0
607394316339380223,0.209074,0
607394316473597951,0.179134,0
607394316607815679,0.188628,0
607394316742033407,0.195579,0
607394318084210687,0.184552,0
607394318218428415,0.147022,0
607394318352646143,0.177249,0
607394318486863871,0.150575,0
607394318621081599,0.164123,0
607394318755299327,0.18293,0
607394318889517055,0.172681,0
607394319157952511,0.14195,0
607394319292170239,0.134185,0
607394319426387967,0.150747,0
607394319560605695,0.125279,0
607394319694823423,0.169599,0
607394319829041151,0.143188,0
607394319963258879,0.150389,0
607394320231694335,0.169085,0
607394320365912063,0.154556,0
607394320500129791,0.161376,0
607394320634347519,0.150242,0
607394320768565247,0.175817,0
607394320902782975,0.164531,0
607394321037000703,0.169967,0
607394321305436159,0.145923,0
607394321439653887,0.117998,0
607394321573871615,0.150399,0
607394321708089343,0.12657,0
607394321842307071,0.153248,0
607394321976524799,0.134775,0
607394322110742527,0.159495,0
607394322379177983,0.173933,0
607394322513395711,0.160789,0
607394322647613439,0.175253,0
607394322781831167,0.156582,0
607394322916048895,0.171894,0
607394323050266623,0.17105,0
607394323184484351,0.171525,0
607394323452919807,0.165026,0
607394323587137535,0.166685,0
607394323721355263,0.163681,0
607394323855572991,0.182267,0
607394323989790719,0.15545,0
607394324124008447,0.150438,0
607394324258226175,0.166352,0
607394324526661631,0.163718,0
607394324660879359,0.181156,0
607394324795097087,0.168345,0
607394324929314815,0.19481,0
607394325063532543,0.177901,0
607394325197750271,0.159946,0
607394325331967999,0.170781,0
607394326674145279,0.205872,0
607394326808363007,0.205533,0
607394326942580735,0.207726,0
607394327076798463,0.20398,0
607394327211016191,0.227057,0
607394327345233919,0.20368,0
607394327479451647,0.223213,0
607394327747887103,0.200721,0
607394327882104831,0.188763,0
607394328016322559,0.191508,0
607394328150540287,0.185651,0
607394328284758015,0.21153,0
607394328418975743,0.200622,0
607394328553193471,0.208073,0
607394328821628927,0.197278,0
607394328955846655,0.195899,0
607394329090064383,0.185359,0
607394329224282111,0.18044,0
607394329358499839,0.212096,0
607394329492717567,0.210339,0
607394329626935295,0.216678,0
607394329895370751,0.182668,0
607394330029588479,0.173071,0
607394330163806207,0.177813,0
607394330298023935,0.176252,0
607394330432241663,0.187631,0
607394330566459391,0.186287,0
607394330700677119,0.182568,0
607394330969112575,0.21316,0
607394331103330303,0.21282,0
607394331237548031,0.21576,0
607394331371765759,0.217093,0
607394331505983487,0.191546,0
607394331640201215,0.19795,0
607394331774418943,0.190421,0
607394332042854399,0.225126,0
607394332177072127,0.22361,0
607394332311289855,0.226187,0
607394332445507583,0.212904,0
607394332579725311,0.21274,0
607394332713943039,0.208589,0
607394332848160767,0.214211,0
607394333116596223,0.227558,0
607394333250813951,0.20945,0
607394333385031679,0.208043,0
607394333519249407,0.21725,0
607394333653467135,0.202288,0
607394333787684863,0.216047,0
607394333921902591,0.209547,0
607394412573491199,0.150403,0
607394412707708927,0.137937,0
607394412841926655,0.1457,0
607394412976144383,0.206363,0
607394413110362111,0.137828,0
607394413244579839,0.15147,0
607394413378797567,0.135716,0
607394413647233023,0.123076,0
607394413781450751,0.123117,0
607394413915668479,0.129934,0
607394414049886207,0.132601,0
607394414184103935,0.12057,0
607394414318321663,0.117531,0
607394414452539391,0.124229,0
607394414720974847,0.221042,0
607394414855192575,0.200804,0
607394414989410303,0.270787,0
607394415123628031,0.24968,0
607394415257845759,0.169165,0
607394415392063487,0.170684,0
607394415526281215,0.21415,0
607394415794716671,0.149738,0
607394415928934399,0.137449,0
607394416063152127,0.197226,0
607394416197369855,0.182106,0
607394416331587583,0.135334,0
607394416465805311,0.125231,0
607394416600023039,0.171186,0
607394416868458495,0.135674,0
607394417002676223,0.136286,0
607394417136893951,0.143415,0
607394417271111679,0.134708,0
607394417405329407,0.124441,0
607394417539547135,0.132589,0
607394417673764863,0.128299,0
607394417942200319,0.130492,0
607394418076418047,0.118869,0
607394418210635775,0.136224,0
607394418344853503,0.125854,0
607394418479071231,0.120689,0
607394418613288959,0.115668,0
607394418747506687,0.125136,0
607394419015942143,0.167222,0
607394419150159871,0.155536,0
607394419284377599,0.220151,0
607394419418595327,0.183861,0
607394419552813055,0.151284,0
607394419687030783,0.136644,0
607394419821248511,0.215838,0
607394421163425791,0.124388,0
607394421297643519,0.119005,0
607394421431861247,0.146222,0
607394421566078975,0.14117,0
607394421700296703,0.12119,0
607394421834514431,0.117088,0
607394421968732159,0.123619,0
607394422237167615,0.140685,0
607394422371385343,0.134021,0
607394422505603071,0.131053,0
607394422639820799,0.164855,0
607394422774038527,0.131962,0
607394422908256255,0.162497,0
607394423042473983,0.11936,0
607394423310909439,0.158551,0
607394423445127167,0.16288,0
607394423579344895,0.178576,0
607394423713562623,0.185186,0
607394423847780351,0.152027,0
607394423981998079,0.146704,0
607394424116215807,0.155984,0
607394424384651263,0.158439,0
607394424518868991,0.170616,0
607394424653086719,0.173131,0
607394424787304447,0.18234,0
607394424921522175,0.145732,0
607394425055739903,0.166302,0
607394425189957631,0.141913,0
607394425458393087,0.110737,0
607394425592610815,0.11593,0
607394425726828543,0.126497,0
607394425861046271,0.125102,0
607394425995263999,0.123205,0
607394426129481727,0.119922,0
607394426263699455,0.109342,0
607394426532134911,0.118333,0
607394426666352639,0.123122,0
607394426800570367,0.116211,0
607394426934788095,0.117251,0
607394427069005823,0.114366,0
607394427203223551,0.113673,0
607394427337441279,0.122569,0
607394427605876735,0.14195,0
607394427740094463,0.145435,0
607394427874312191,0.142816,0
607394428008529919,0.147856,0
607394428142747647,0.128632,0
607394428276965375,0.124961,0
607394428411183103,0.133225,0
607394429753360383,0.581727,0
607394429887578111,0.628797,0
607394430021795839,0.694541,0
607394430156013567,0.606579,0
607394430290231295,0.492379,0
607394430424449023,0.475788,0
607394430558666751,0.591972,0
607394430827102207,0.428442,0
607394430961319935,0.417339,0
607394431095537663,0.513576,0
607394431229755391,0.49868,0
607394431363973119,0.37894,0
607394431498190847,0.347562,0
607394431632408575,0.477127,0
607394431900844031,1.05798,0
607394432035061759,0.941658,0
607394432169279487,1.04478,0
607394432303497215,1.85371,0
607394432437714943,0.694696,0
607394432571932671,0.749912,0
607394432706150399,0.807316,0
607394432974585855,0.667215,0
607394433108803583,0.59094,0
607394433243021311,0.775003,0
607394433377239039,0.684646,0
607394433511456767,0.592673,0
607394433645674495,0.56208,0
607394433779892223,0.729428,0
607394434048327679,0.431739,0
607394434182545407,0.400951,0
607394434316763135,0.541,0
607394434450980863,0.519744,0
607394434585198591,0.372639,0
607394434719416319,0.352752,0
607394434853634047,0.433293,0
607394435122069503,0.315829,0
607394435256287231,0.289922,0
607394435390504959,0.379538,0
607394435524722687,0.386903,0
607394435658940415,0.245792,0
607394435793158143,0.22398,0
607394435927375871,0.338385,0
607394436195811327,0.701275,0
607394436330029055,0.664364,0
607394436464246783,0.754235,0
607394436598464511,0.723644,0
607394436732682239,0.623608,0
607394436866899967,0.624652,0
607394437001117695,0.629515,0
607394438343294975,0.34825,0
607394438477512703,0.306566,0
607394438611730431,0.418976,0
607394438745948159,0.359781,0
607394438880165887,0.320134,0
607394439014383615,0.288677,0
607394439148601343,0.389585,0
607394439417036799,0.245376,0
607394439551254527,0.249752,0
607394439685472255,0.284202,0
607394439819689983,0.279287,0
607394439953907711,0.212304,0
607394440088125439,0.209758,0
607394440222343167,0.267401,0
607394440490778623,0.46157,0
607394440624996351,0.422259,0
607394440759214079,0.655739,0
607394440893431807,0.464178,0
607394441027649535,0.489338,0
607394441161867263,0.419399,0
607394441296084991,0.627597,0
607394441564520447,0.340681,0
607394441698738175,0.308696,0
607394441832955903,0.381034,0
607394441967173631,0.333914,0
607394442101391359,0.321218,0
607394442235609087,0.305565,0
607394442369826815,0.382991,0
607394442638262271,0.315119,0
607394442772479999,0.285209,0
607394442906697727,0.378261,0
607394443040915455,0.354815,0
607394443175133183,0.309323,0
607394443309350911,0.225565,0
607394443443568639,0.328342,0
607394443712004095,0.194503,0
607394443846221823,0.181071,0
607394443980439551,0.267257,0
607394444114657279,0.242848,0
607394444248875007,0.158748,0
607394444383092735,0.148046,0
607394444517310463,0.209182,0
607394444785745919,0.503631,0
607394444919963647,0.521381,0
607394445054181375,0.715604,0
607394445188399103,0.493338,0
607394445322616831,0.544678,0
607394445456834559,0.467806,0
607394445591052287,0.577527,0
607394446933229567,0.123457,0
607394447067447295,0.103479,0
607394447201665023,0.131146,0
607394447335882751,0.108387,0
607394447470100479,0.114114,0
607394447604318207,0.121286,0
607394447738535935,0.115386,0
607394448006971391,0.104724,0
607394448141189119,0.087766,0
607394448275406847,0.0987919,0
607394448409624575,0.0954791,0
607394448543842303,0.130894,0
607394448678060031,0.0819345,0
607394448812277759,0.110196,0
607394449080713215,0.121476,0
607394449214930943,0.119936,0
607394449349148671,0.143687,0
607394449483366399,0.126247,0
607394449617584127,0.124961,0
607394449751801855,0.118297,0
607394449886019583,0.13493,0
607394450154455039,0.115455,0
607394450288672767,0.1133,0
607394450422890495,0.131204,0
607394450557108223,0.129453,0
607394450691325951,0.108425,0
607394450825543679,0.0961221,0
607394450959761407,0.11544,0
607394451228196863,0.102713,0
607394451362414591,0.15778,0
607394451496632319,0.118846,0
607394451630850047,0.114941,0
607394451765067775,0.104232,0
607394451899285503,0.105624,0
607394452033503231,0.1033,0
607394452301938687,0.120915,0
607394452436156415,0.150143,0
607394452570374143,0.168823,0
607394452704591871,0.160451,0
607394452838809599,0.112852,0
607394452973027327,0.142304,0
607394453107245055,0.122716,0
607394453375680511,0.118986,0
607394453509898239,0.1244,0
607394453644115967,0.138607,0
607394453778333695,0.129257,0
607394453912551423,0.129526,0
607394454046769151,0.11623,0
607394454180986879,0.125277,0
607394455523164159,0.0808012,0
607394455657381887,0.0767336,0
607394455791599615,0.0907953,0
607394455925817343,0.0893459,0
607394456060035071,0.0767852,0
607394456194252799,0.0818581,0
607394456328470527,0.0835072,0
607394456596905983,0.0939893,0
607394456731123711,0.0920849,0
607394456865341439,0.0840932,0
607394456999559167,0.0890295,0
607394457133776895,0.091154,0
607394457267994623,0.0857721,0
607394457402212351,0.0879966,0
607394457670647807,0.101238,0
607394457804865535,0.102591,0
607394457939083263,0.112256,0
607394458073300991,0.114829,0
607394458207518719,0.0979188,0
607394458341736447,0.0994002,0
607394458475954175,0.102043,0
607394458744389631,0.106246,0
607394458878607359,0.109112,0
607394459012825087,0.117299,0
607394459147042815,0.114982,0
607394459281260543,0.101613,0
607394459415478271,0.101498,0
607394459549695999,0.102697,0
607394459818131455,0.0778376,0
607394459952349183,0.0808151,0
607394460086566911,0.0832745,0
607394460220784639,0.0799178,0
607394460355002367,0.0773493,0
607394460489220095,0.0762565,0
607394460623437823,0.0820502,0
607394460891873279,0.0737647,0
607394461026091007,0.080202,0
607394461160308735,0.075747,0
607394461294526463,0.0805554,0
607394461428744191,0.0741365,0
607394461562961919,0.0724393,0
607394461697179647,0.0765462,0
607394461965615103,0.0926319,0
607394462099832831,0.0866513,0
607394462234050559,0.100271,0
607394462368268287,0.091864,0
607394462502486015,0.0881801,0
607394462636703743,0.085595,0
607394462770921471,0.0948714,0
607394464113098751,0.172107,0
607394464247316479,0.170012,0
607394464381534207,0.186353,0
607394464515751935,0.17418,0
607394464649969663,0.161671,0
607394464784187391,0.148567,0
607394464918405119,0.167263,0
607394465186840575,0.148381,0
607394465321058303,0.13518,0
607394465455276031,0.161934,0
607394465589493759,0.164934,0
607394465723711487,0.135238,0
607394465857929215,0.138643,0
607394465992146943,0.14438,0
607394466260582399,0.253827,0
607394466394800127,0.230706,0
607394466529017855,0.306555,0
607394466663235583,0.283295,0
607394466797453311,0.215523,0
607394466931671039,0.194738,0
607394467065888767,0.260203,0
607394467334324223,0.175347,0
607394467468541951,0.200079,0
607394467602759679,0.279512,0
607394467736977407,0.27314,0
607394467871195135,0.166562,0
607394468005412863,0.169284,0
607394468139630591,0.18566,0
607394468408066047,0.149388,0
607394468542283775,0.142306,0
607394468676501503,0.151701,0
607394468810719231,0.148062,0
607394468944936959,0.140326,0
607394469079154687,0.132224,0
607394469213372415,0.143481,0
607394469481807871,0.134074,0
607394469616025599,0.140982,0
607394469750243327,0.146657,0
607394469884461055,0.134301,0
607394470018678783,0.134921,0
607394470152896511,0.13574,0
607394470287114239,0.135035,0
607394470555549695,0.212463,0
607394470689767423,0.191201,0
607394470823985151,0.235457,0
607394470958202879,0.230456,0
607394471092420607,0.178254,0
607394471226638335,0.173187,0
607394471360856063,0.227703,0
607394481292967935,0.0900727,0
607394481427185663,0.0888123,0
607394481561403391,0.0915056,0
607394481695621119,0.0957058,0
607394481829838847,0.0947457,0
607394481964056575,0.0905877,0
607394482098274303,0.0972282,0
607394482366709759,0.0954316,0
607394482500927487,0.0962595,0
607394482635145215,0.0900202,0
607394482769362943,0.0984599,0
607394482903580671,0.0929392,0
607394483037798399,0.0954983,0
607394483172016127,0.0970554,0
607394483440451583,0.107974,0
607394483574669311,0.103456,0
607394483708887039,0.10569,0
607394483843104767,0.108764,0
607394483977322495,0.102974,0
607394484111540223,0.103434,0
607394484245757951,0.110015,0
607394484514193407,0.105446,0
607394484648411135,0.103238,0
607394484782628863,0.103261,0
607394484916846591,0.109192,0
607394485051064319,0.0966664,0
607394485185282047,0.0969617,0
607394485319499775,0.100544,0
607394485587935231,0.0883751,0
607394485722152959,0.0929207,0
607394485856370687,0.0931052,0
607394485990588415,0.0936619,0
607394486124806143,0.0860811,0
607394486259023871,0.0897409,0
607394486393241599,0.0871378,0
607394486661677055,0.0920163,0
607394486795894783,0.0921406,0
607394486930112511,0.0930961,0
607394487064330239,0.0968799,0
607394487198547967,0.0937965,0
607394487332765695,0.0962533,0
607394487466983423,0.0924256,0
607394487735418879,0.101971,0
607394487869636607,0.0993282,0
607394488003854335,0.109727,0
607394488138072063,0.103662,0
607394488272289791,0.0951021,0
607394488406507519,0.0969582,0
607394488540725247,0.102899,0
607394489882902527,0.0873338,0
607394490017120255,0.0847134,0
607394490151337983,0.0912365,0
607394490285555711,0.0879084,0
607394490419773439,0.0850552,0
607394490553991167,0.0790945,0
607394490688208895,0.0921698,0
607394490956644351,0.0818802,0
607394491090862079,0.0854537,0
607394491225079807,0.0868191,0
607394491359297535,0.0827221,0
607394491493515263,0.0923577,0
607394491627732991,0.0930583,0
607394491761950719,0.0816472,0
607394492030386175,0.0950879,0
607394492164603903,0.0924086,0
607394492298821631,0.0983153,0
607394492433039359,0.0951918,0
607394492567257087,0.0948918,0
607394492701474815,0.0932536,0
607394492835692543,0.112629,0
607394493104127999,0.0830568,0
607394493238345727,0.0808411,0
607394493372563455,0.0860086,0
607394493506781183,0.0853436,0
607394493640998911,0.0819862,0
607394493775216639,0.0832524,0
607394493909434367,0.0887131,0
607394494177869823,0.0925173,0
607394494312087551,0.0938808,0
607394494446305279,0.0918542,0
607394494580523007,0.0905783,0
607394494714740735,0.0897239,0
607394494848958463,0.0904215,0
607394494983176191,0.0962357,0
607394495251611647,0.13818,0
607394495385829375,0.0841587,0
607394495520047103,0.0879285,0
607394495654264831,0.0914175,0
607394495788482559,0.105001,0
607394495922700287,0.108756,0
607394496056918015,0.0852867,0
607394496325353471,0.0986589,0
607394496459571199,0.0967711,0
607394496593788927,0.10828,0
607394496728006655,0.103484,0
607394496862224383,0.0987744,0
607394496996442111,0.0933829,0
607394497130659839,0.101428,0
607394498472837119,0.124785,0
607394498607054847,0.130841,0
607394498741272575,0.14516,0
607394498875490303,0.147509,0
607394499009708031,0.125504,0
607394499143925759,0.132087,0
607394499278143487,0.129456,0
607394499546578943,0.12288,0
607394499680796671,0.134599,0
607394499815014399,0.132377,0
607394499949232127,0.134209,0
607394500083449855,0.113003,0
607394500217667583,0.108414,0
607394500351885311,0.129972,0
607394500620320767,0.169577,0
607394500754538495,0.170874,0
607394500888756223,0.198833,0
607394501022973951,0.197685,0
607394501157191679,0.15649,0
607394501291409407,0.154314,0
607394501425627135,0.179056,0
607394501694062591,0.155461,0
607394501828280319,0.167742,0
607394501962498047,0.175648,0
607394502096715775,0.176555,0
607394502230933503,0.14214,0
607394502365151231,0.148455,0
607394502499368959,0.155347,0
607394502767804415,0.119128,0
607394502902022143,0.125772,0
607394503036239871,0.126332,0
607394503170457599,0.12064,0
607394503304675327,0.123123,0
607394503438893055,0.124252,0
607394503573110783,0.125785,0
607394503841546239,0.115991,0
607394503975763967,0.114126,0
607394504109981695,0.117755,0
607394504244199423,0.11684,0
607394504378417151,0.106952,0
607394504512634879,0.109539,0
607394504646852607,0.115074,0
607394504915288063,0.158504,0
607394505049505791,0.148342,0
607394505183723519,0.175479,0
607394505317941247,0.153679,0
607394505452158975,0.135352,0
607394505586376703,0.133858,0
607394505720594431,0.175415,0
607394507062771711,0.12291,0
607394507196989439,0.122847,0
607394507331207167,0.12896,0
607394507465424895,0.129233,0
607394507599642623,0.111124,0
607394507733860351,0.112319,0
607394507868078079,0.123758,0
607394508136513535,0.114375,0
607394508270731263,0.114688,0
607394508404948991,0.121325,0
607394508539166719,0.118998,0
607394508673384447,0.109027,0
607394508807602175,0.105738,0
607394508941819903,0.111439,0
607394509210255359,0.148842,0
607394509344473087,0.149879,0
607394509478690815,0.182377,0
607394509612908543,0.177638,0
607394509747126271,0.14107,0
607394509881343999,0.135094,0
607394510015561727,0.160097,0
607394510283997183,0.14057,0
607394510418214911,0.142859,0
607394510552432639,0.146456,0
607394510686650367,0.153364,0
607394510820868095,0.132661,0
607394510955085823,0.123978,0
607394511089303551,0.136726,0
607394511357739007,0.109662,0
607394511491956735,0.106789,0
607394511626174463,0.1271,0
607394511760392191,0.112258,0
607394511894609919,0.0982763,0
607394512028827647,0.0989732,0
607394512163045375,0.111415,0
607394512431480831,0.101015,0
607394512565698559,0.104944,0
607394512699916287,0.111338,0
607394512834134015,0.111772,0
607394512968351743,0.112863,0
607394513102569471,0.105536,0
607394513236787199,0.106499,0
607394513505222655,0.140879,0
607394513639440383,0.133142,0
607394513773658111,0.154356,0
607394513907875839,0.1516,0
607394514042093567,0.132299,0
607394514176311295,0.132228,0
607394514310529023,0.151126,0
607394515652706303,0.0851844,0
607394515786924031,0.082825,0
607394515921141759,0.0964554,0
607394516055359487,0.0911455,0
607394516189577215,0.0808271,0
607394516323794943,0.0839857,0
607394516458012671,0.0915336,0
607394516726448127,0.0841969,0
607394516860665855,0.0892307,0
607394516994883583,0.0833153,0
607394517129101311,0.0901486,0
607394517263319039,0.0851405,0
607394517397536767,0.0899581,0
607394517531754495,0.089759,0
607394517800189951,0.0842343,0
607394517934407679,0.0875759,0
607394518068625407,0.0809657,0
607394518202843135,0.0837647,0
607394518337060863,0.0907143,0
607394518471278591,0.0796759,0
607394518605496319,0.0878097,0
607394518873931775,0.0855293,0
607394519008149503,0.0897936,0
607394519142367231,0.088737,0
607394519276584959,0.0936678,0
607394519410802687,0.0897882,0
607394519545020415,0.0921442,0
607394519679238143,0.087501,0
607394519947673599,0.0826174,0
607394520081891327,0.0831853,0
607394520216109055,0.089751,0
607394520350326783,0.0946446,0
607394520484544511,0.0796332,0
607394520618762239,0.0867669,0
607394520752979967,0.0908611,0
607394521021415423,0.0838319,0
607394521155633151,0.0814019,0
607394521289850879,0.0853739,0
607394521424068607,0.0848247,0
607394521558286335,0.0780082,0
607394521692504063,0.0871977,0
607394521826721791,0.0893703,0
607394522095157247,0.100094,0
607394522229374975,0.102054,0
607394522363592703,0.0947705,0
607394522497810431,0.097796,0
607394522632028159,0.0955575,0
607394522766245887,0.089401,0
607394522900463615,0.0990328,0
607394524242640895,0.0916542,0
607394524376858623,0.0900718,0
607394524511076351,0.0932508,0
607394524645294079,0.100448,0
607394524779511807,0.0942725,0
607394524913729535,0.0925163,0
607394525047947263,0.0860334,0
607394525316382719,0.092667,0
607394525450600447,0.0969482,0
607394525584818175,0.0896438,0
607394525719035903,0.092118,0
607394525853253631,0.103202,0
607394525987471359,0.105329,0
607394526121689087,0.0922319,0
607394526390124543,0.0933783,0
607394526524342271,0.0939326,0
607394526658559999,0.090731,0
607394526792777727,0.0896247,0
607394526926995455,0.0917145,0
607394527061213183,0.0946293,0
607394527195430911,0.0922102,0
607394527463866367,0.0961651,0
607394527598084095,0.0897565,0
607394527732301823,0.094578,0
607394527866519551,0.100336,0
607394528000737279,0.0950594,0
607394528134955007,0.0899236,0
607394528269172735,0.0974347,0
607394528537608191,0.0940975,0
607394528671825919,0.0935421,0
607394528806043647,0.0857427,0
607394528940261375,0.0900777,0
607394529074479103,0.089202,0
607394529208696831,0.0902187,0
607394529342914559,0.0909626,0
607394529611350015,0.103782,0
607394529745567743,0.103847,0
607394529879785471,0.0942148,0
607394530014003199,0.0931772,0
607394530148220927,0.0996574,0
607394530282438655,0.107179,0
607394530416656383,0.0918545,0
607394530685091839,0.09243,0
607394530819309567,0.0894589,0
607394530953527295,0.0917173,0
607394531087745023,0.093596,0
607394531221962751,0.0872214,0
607394531356180479,0.0847231,0
607394531490398207,0.0945366,0
607394532832575487,0.108455,0
607394532966793215,0.109398,0
607394533101010943,0.119673,0
607394533235228671,0.115802,0
607394533369446399,0.100259,0
607394533503664127,0.102847,0
607394533637881855,0.110703,0
607394533906317311,0.100281,0
607394534040535039,0.0941286,0
607394534174752767,0.107801,0
607394534308970495,0.102366,0
607394534443188223,0.0984022,0
607394534577405951,0.0920936,0
607394534711623679,0.0991995,0
607394534980059135,0.127467,0
607394535114276863,0.123881,0
607394535248494591,0.149844,0
607394535382712319,0.134709,0
607394535516930047,0.123649,0
607394535651147775,0.118021,0
607394535785365503,0.133467,0
607394536053800959,0.114663,0
607394536188018687,0.111139,0
607394536322236415,0.119104,0
607394536456454143,0.114693,0
607394536590671871,0.112933,0
607394536724889599,0.109278,0
607394536859107327,0.121625,0
607394537127542783,0.0903718,0
607394537261760511,0.0926614,0
607394537395978239,0.100703,0
607394537530195967,0.107112,0
607394537664413695,0.0843658,0
607394537798631423,0.0792303,0
607394537932849151,0.0904382,0
607394538201284607,0.0925688,0
607394538335502335,0.0941936,0
607394538469720063,0.0980475,0
607394538603937791,0.097633,0
607394538738155519,0.0954898,0
607394538872373247,0.0918461,0
607394539006590975,0.0923851,0
607394539275026431,0.100889,0
607394539409244159,0.114568,0
607394539543461887,0.106084,0
607394539677679615,0.134762,0
607394539811897343,0.0940708,0
607394539946115071,0.128901,0
607394540080332799,0.0978652,0
607394550012444671,0.811433,0
607394550146662399,0.673748,0
607394550280880127,0.749949,0
607394550415097855,0.69887,0
607394550549315583,0.703143,0
607394550683533311,0.716213,0
607394550817751039,0.734269,0
607394551086186495,0.622367,0
607394551220404223,0.59469,0
607394551354621951,0.56281,0
607394551488839679,0.582828,0
607394551623057407,0.688087,0
607394551757275135,0.639607,0
607394551891492863,0.665944,0
607394552159928319,0.628608,0
607394552294146047,0.608402,0
607394552428363775,0.650127,0
607394552562581503,0.588381,0
607394552696799231,0.737021,0
607394552831016959,0.68826,0
607394552965234687,0.729183,0
607394553233670143,0.563167,0
607394553367887871,0.518161,0
607394553502105599,0.592769,0
607394553636323327,0.541276,0
607394553770541055,0.607095,0
607394553904758783,0.545605,0
607394554038976511,0.596492,0
607394554307411967,0.946308,0
607394554441629695,0.800054,0
607394554575847423,0.982734,0
607394554710065151,0.755272,0
607394554844282879,3.6933,0
607394554978500607,1.08159,0
607394555112718335,1.79371,0
607394555381153791,0.831779,0
607394555515371519,0.703,0
607394555649589247,0.740688,0
607394555783806975,0.735518,0
607394555918024703,1.01751,0
607394556052242431,0.772839,0
607394556186460159,0.874148,0
607394556454895615,0.770878,0
607394556589113343,0.731054,0
607394556723331071,0.865656,0
607394556857548799,0.746139,0
607394556991766527,0.925601,0
607394557125984255,0.746545,0
607394557260201983,0.955857,0
607394558602379263,0.466369,0
607394558736596991,0.433931,0
607394558870814719,0.464017,0
607394559005032447,0.427692,0
607394559139250175,0.497163,0
607394559273467903,0.477233,0
607394559407685631,0.491311,0
607394559676121087,0.430534,0
607394559810338815,0.416883,0
607394559944556543,0.465097,0
607394560078774271,0.407505,0
607394560212991999,0.484748,0
607394560347209727,0.421109,0
607394560481427455,0.443277,0
607394560749862911,0.430454,0
607394560884080639,0.386425,0
607394561018298367,0.443536,0
607394561152516095,0.407215,0
607394561286733823,0.44074,0
607394561420951551,0.40365,0
607394561555169279,0.458307,0
607394561823604735,0.40903,0
607394561957822463,0.421716,0
607394562092040191,0.371903,0
607394562226257919,0.410003,0
607394562360475647,0.424324,0
607394562494693375,0.440502,0
607394562628911103,0.415348,0
607394562897346559,0.581855,0
607394563031564287,0.560634,0
607394563165782015,0.585897,0
607394563299999743,0.544345,0
607394563434217471,0.618657,0
607394563568435199,0.577342,0
607394563702652927,0.605222,0
607394563971088383,0.488226,0
607394564105306111,0.522521,0
607394564239523839,0.511214,0
607394564373741567,0.476365,0
607394564507959295,0.512969,0
607394564642177023,0.486027,0
607394564776394751,0.537986,0
607394565044830207,0.463329,0
607394565179047935,0.494135,0
607394565313265663,0.474143,0
607394565447483391,0.461464,0
607394565581701119,0.5926,0
607394565715918847,0.538506,0
607394565850136575,0.510504,0
607394567192313855,0.706918,0
607394567326531583,0.683315,0
607394567460749311,0.70397,0
607394567594967039,0.692243,0
607394567729184767,0.709183,0
607394567863402495,0.67861,0
607394567997620223,0.705276,0
607394568266055679,0.610493,0
607394568400273407,0.577121,0
607394568534491135,0.617438,0
607394568668708863,0.588716,0
607394568802926591,0.670737,0
607394568937144319,0.580047,0
607394569071362047,0.678674,0
607394569339797503,0.727235,0
607394569474015231,0.667757,0
607394569608232959,0.71113,0
607394569742450687,0.682545,0
607394569876668415,0.712747,0
607394570010886143,0.698,0
607394570145103871,0.715701,0
607394570413539327,0.61014,0
607394570547757055,0.59164,0
607394570681974783,0.632198,0
607394570816192511,0.57484,0
607394570950410239,0.651968,0
607394571084627967,0.598532,0
607394571218845695,0.67585,0
607394571487281151,1.00854,0
607394571621498879,1.11436,0
607394571755716607,0.912824,0
607394571889934335,0.734321,0
607394572024152063,0.958499,0
607394572158369791,1.0603,0
607394572292587519,0.948594,0
607394572561022975,0.787985,0
607394572695240703,0.722499,0
607394572829458431,0.750113,0
607394572963676159,0.68053,0
607394573097893887,0.942041,0
607394573232111615,0.748929,0
607394573366329343,0.839615,0
607394573634764799,1.27753,0
607394573768982527,0.684921,0
607394573903200255,1.59042,0
607394574037417983,0.707972,0
607394574171635711,0.998599,0
607394574305853439,0.778805,0
607394574440071167,1.20645,0
607394575782248447,0.483233,0
607394575916466175,0.451404,0
607394576050683903,0.516788,0
607394576184901631,0.463624,0
607394576319119359,0.510009,0
607394576453337087,0.446136,0
607394576587554815,0.568524,0
607394576855990271,0.425337,0
607394576990207999,0.379262,0
607394577124425727,0.441875,0
607394577258643455,0.398245,0
607394577392861183,0.462249,0
607394577527078911,0.412229,0
607394577661296639,0.458601,0
607394577929732095,0.495174,0
607394578063949823,0.458089,0
607394578198167551,0.552593,0
607394578332385279,0.481996,0
607394578466603007,0.564644,0
607394578600820735,0.469154,0
607394578735038463,0.556505,0
607394579003473919,0.426911,0
607394579137691647,0.397342,0
607394579271909375,0.430807,0
607394579406127103,0.403993,0
607394579540344831,0.455672,0
607394579674562559,0.424709,0
607394579808780287,0.466026,0
607394580077215743,0.527407,0
607394580211433471,0.543518,0
607394580345651199,0.574021,0
607394580479868927,0.542024,0
607394580614086655,0.598216,0
607394580748304383,0.556964,0
607394580882522111,0.567206,0
607394581150957567,0.468208,0
607394581285175295,0.457235,0
607394581419393023,0.483839,0
607394581553610751,0.45273,0
607394581687828479,0.510365,0
607394581822046207,0.451238,0
607394581956263935,0.524362,0
607394582224699391,0.594453,0
607394582358917119,0.560787,0
607394582493134847,0.581327,0
607394582627352575,0.579853,0
607394582761570303,0.594946,0
607394582895788031,0.59024,0
607394583030005759,0.614488,0
607394584372183039,1.09778,0
607394584506400767,1.19765,0
607394584640618495,1.12786,0
607394584774836223,1.23702,0
607394584909053951,0.857827,0
607394585043271679,1.09383,0
607394585177489407,0.876891,0
607394585445924863,2.36947,0
607394585580142591,1.85165,0
607394585714360319,2.19738,0
607394585848578047,1.87766,0
607394585982795775,0.887184,0
607394586117013503,1.50545,0
607394586251231231,1.10575,0
607394586519666687,1.66548,0
607394586653884415,2.74998,0
607394586788102143,2.14403,0
607394586922319871,2.32726,0
607394587056537599,1.03868,0
607394587190755327,1.19635,0
607394587324973055,2.19938,0
607394587593408511,1.90956,0
607394587727626239,1.13842,0
607394587861843967,2.39548,0
607394587996061695,1.20855,0
607394588130279423,3.29339,0
607394588264497151,2.12459,0
607394588398714879,1.97905,0
607394588667150335,0.763713,0
607394588801368063,0.811984,0
607394588935585791,0.809122,0
607394589069803519,0.829168,0
607394589204021247,0.733283,0
607394589338238975,0.758397,0
607394589472456703,0.760582,0
607394589740892159,0.837174,0
607394589875109887,0.824333,0
607394590009327615,0.862542,0
607394590143545343,0.93889,0
607394590277763071,0.779621,0
607394590411980799,0.786168,0
607394590546198527,0.774295,0
607394590814633983,0.800836,0
607394590948851711,0.867589,0
607394591083069439,0.808664,0
607394591217287167,0.863995,0
607394591351504895,0.802748,0
607394591485722623,0.847113,0
607394591619940351,0.764265,0
607394592962117631,0.743743,0
607394593096335359,0.637463,0
607394593230553087,0.725536,0
607394593364770815,0.66468,0
607394593498988543,0.686963,0
607394593633206271,0.654384,0
607394593767423999,0.851998,0
607394594035859455,0.52407,0
607394594170077183,0.462818,0
607394594304294911,0.589414,0
607394594438512639,0.498832,0
607394594572730367,0.562804,0
607394594706948095,0.603471,0
607394594841165823,0.582134,0
607394595109601279,0.71233,0
607394595243819007,0.699116,0
607394595378036735,0.685622,0
607394595512254463,0.679571,0
607394595646472191,0.687623,0
607394595780689919,0.664289,0
607394595914907647,0.710926,0
607394596183343103,0.574418,0
607394596317560831,0.534087,0
607394596451778559,0.606429,0
607394596585996287,0.55455,0
607394596720214015,0.613044,0
607394596854431743,0.5322,0
607394596988649471,0.62282,0
607394597257084927,0.73767,0
607394597391302655,0.727816,0
607394597525520383,0.747024,0
607394597659738111,0.72393,0
607394597793955839,0.95397,0
607394597928173567,0.743047,0
607394598062391295,0.937058,0
607394598330826751,0.605788,0
607394598465044479,0.668953,0
607394598599262207,0.759386,0
607394598733479935,0.625852,0
607394598867697663,0.589292,0
607394599001915391,0.596803,0
607394599136133119,0.694974,0
607394599404568575,0.998301,0
607394599538786303,0.765594,0
607394599673004031,0.991706,0
607394599807221759,0.718042,0
607394599941439487,1.00275,0
607394600075657215,0.775439,0
607394600209874943,1.06445,0
607394601552052223,1.28939,0
607394601686269951,1.55528,0
607394601820487679,1.01717,0
607394601954705407,1.18964,0
607394602088923135,1.49345,0
607394602223140863,1.27195,0
607394602357358591,1.13432,0
607394602625794047,1.31502,0
607394602760011775,1.52076,0
607394602894229503,1.54121,0
607394603028447231,1.06539,0
607394603162664959,1.53512,0
607394603296882687,1.33522,0
607394603431100415,1.42692,0
607394603699535871,1.18141,0
607394603833753599,1.22634,0
607394603967971327,1.20402,0
607394604102189055,1.40706,0
607394604236406783,1.08378,0
607394604370624511,0.94007,0
607394604504842239,0.993439,0
607394604773277695,1.04757,0
607394604907495423,1.05469,0
607394605041713151,1.23793,0
607394605175930879,1.46794,0
607394605310148607,1.12677,0
607394605444366335,1.20986,0
607394605578584063,1.03304,0
607394605847019519,1.17698,0
607394605981237247,2.08096,0
607394606115454975,1.59951,0
607394606249672703,1.44981,0
607394606383890431,0.818406,0
607394606518108159,0.841384,0
607394606652325887,1.98808,0
607394606920761343,1.11071,0
607394607054979071,1.43736,0
607394607189196799,1.76771,0
607394607323414527,1.4113,0
607394607457632255,0.835201,0
607394607591849983,0.953106,0
607394607726067711,0.918655,0
607394608128720895,0.970159,0
607394608262938623,1.14974,0
607394608397156351,0.970694,0
607394608531374079,1.25003,0
607394608665591807,1.25307,0
607394608799809535,1.26347,0
607394618731921407,0.289435,0
607394618866139135,0.274765,0
607394619000356863,0.304111,0
607394619134574591,0.283199,0
607394619268792319,0.297653,0
607394619403010047,0.2841,0
607394619537227775,0.315139,0
607394619805663231,0.277356,0
607394619939880959,0.280216,0
607394620074098687,0.282814,0
607394620208316415,0.275167,0
607394620342534143,0.267301,0
607394620476751871,0.269183,0
607394620610969599,0.265431,0
607394620879405055,0.323571,0
607394621013622783,0.314394,0
607394621147840511,0.331069,0
607394621282058239,0.331893,0
607394621416275967,0.315029,0
607394621550493695,0.30544,0
607394621684711423,0.320279,0
607394621953146879,0.277733,0
607394622087364607,0.265679,0
607394622221582335,0.301397,0
607394622355800063,0.286385,0
607394622490017791,0.287636,0
607394622624235519,0.274083,0
607394622758453247,0.28219,0
607394623026888703,0.297129,0
607394623161106431,0.305728,0
607394623295324159,0.286633,0
607394623429541887,0.308114,0
607394623563759615,0.276354,0
607394623697977343,0.302835,0
607394623832195071,0.285546,0
607394624100630527,0.262352,0
607394624234848255,0.269032,0
607394624369065983,0.274815,0
607394624503283711,0.27116,0
607394624637501439,0.268314,0
607394624771719167,0.26833,0
607394624905936895,0.271781,0
607394625174372351,0.300153,0
607394625308590079,0.296519,0
607394625442807807,0.310188,0
607394625577025535,0.310003,0
607394625711243263,0.284766,0
607394625845460991,0.288404,0
607394625979678719,0.290096,0
607394627321855999,0.237796,0
607394627456073727,0.230507,0
607394627590291455,0.235073,0
607394627724509183,0.23083,0
607394627858726911,0.246758,0
607394627992944639,0.238017,0
607394628127162367,0.22787,0
607394628395597823,0.228446,0
607394628529815551,0.234322,0
607394628664033279,0.220054,0
607394628798251007,0.2223,0
607394628932468735,0.220467,0
607394629066686463,0.221969,0
607394629200904191,0.22724,0
607394629469339647,0.237556,0
607394629603557375,0.222982,0
607394629737775103,0.253229,0
607394629871992831,0.243569,0
607394630006210559,0.227716,0
607394630140428287,0.224156,0
607394630274646015,0.24191,0
607394630543081471,0.21825,0
607394630677299199,0.231571,0
607394630811516927,0.207643,0
607394630945734655,0.228697,0
607394631079952383,0.219245,0
607394631214170111,0.221829,0
607394631348387839,0.211803,0
607394631616823295,0.249969,0
607394631751041023,0.232866,0
607394631885258751,0.254412,0
607394632019476479,0.249208,0
607394632153694207,0.229765,0
607394632287911935,0.230461,0
607394632422129663,0.253763,0
607394632690565119,0.238625,0
607394632824782847,0.228372,0
607394632959000575,0.239408,0
607394633093218303,0.224108,0
607394633227436031,0.235392,0
607394633361653759,0.226059,0
607394633495871487,0.234243,0
607394633764306943,0.24438,0
607394633898524671,0.240951,0
607394634032742399,0.243118,0
607394634166960127,0.230911,0
607394634301177855,0.251285,0
607394634435395583,0.240355,0
607394634569613311,0.270022,0
607394635911790591,0.355019,0
607394636046008319,0.343434,0
607394636180226047,0.34464,0
607394636314443775,0.334789,0
607394636448661503,0.342421,0
607394636582879231,0.353382,0
607394636717096959,0.355694,0
607394636985532415,0.339406,0
607394637119750143,0.320345,0
607394637253967871,0.342052,0
607394637388185599,0.326925,0
607394637522403327,0.345747,0
607394637656621055,0.340987,0
607394637790838783,0.353834,0
607394638059274239,0.335598,0
607394638193491967,0.319289,0
607394638327709695,0.309461,0
607394638461927423,0.32503,0
607394638596145151,0.342182,0
607394638730362879,0.334702,0
607394638864580607,0.342687,0
607394639133016063,0.308037,0
607394639267233791,0.291795,0
607394639401451519,0.303978,0
607394639535669247,0.287824,0
607394639669886975,0.334093,0
607394639804104703,0.311773,0
607394639938322431,0.326589,0
607394640206757887,0.37094,0
607394640340975615,0.345562,0
607394640475193343,0.385065,0
607394640609411071,0.35936,0
607394640743628799,0.372898,0
607394640877846527,0.344264,0
607394641012064255,0.401739,0
607394641280499711,0.338179,0
607394641414717439,0.333675,0
607394641548935167,0.343482,0
607394641683152895,0.341284,0
607394641817370623,0.311207,0
607394641951588351,0.32992,0
607394642085806079,0.328757,0
607394642354241535,0.360822,0
607394642488459263,0.341558,0
607394642622676991,0.362607,0
607394642756894719,0.348378,0
607394642891112447,0.400558,0
607394643025330175,0.357314,0
607394643159547903,0.406005,0
607394644501725183,0.287651,0
607394644635942911,0.270706,0
607394644770160639,0.286766,0
607394644904378367,0.290162,0
607394645038596095,0.306566,0
607394645172813823,0.283801,0
607394645307031551,0.338206,0
607394645575467007,0.262096,0
607394645709684735,0.25027,0
607394645843902463,0.267972,0
607394645978120191,0.252042,0
607394646112337919,0.269817,0
607394646246555647,0.259648,0
607394646380773375,0.269498,0
607394646649208831,0.261855,0
607394646783426559,0.255111,0
607394646917644287,0.263547,0
607394647051862015,0.255504,0
607394647186079743,0.273302,0
607394647320297471,0.251857,0
607394647454515199,0.29719,0
607394647722950655,0.226442,0
607394647857168383,0.202551,0
607394647991386111,0.238287,0
607394648125603839,0.213848,0
607394648259821567,0.270163,0
607394648394039295,0.252888,0
607394648528257023,0.261261,0
607394648796692479,0.329606,0
607394648930910207,0.326185,0
607394649065127935,0.388721,0
607394649199345663,0.32793,0
607394649333563391,0.320357,0
607394649467781119,0.333644,0
607394649601998847,0.36518,0
607394649870434303,0.270062,0
607394650004652031,0.254679,0
607394650138869759,0.289544,0
607394650273087487,0.273987,0
607394650407305215,0.271832,0
607394650541522943,0.245662,0
607394650675740671,0.301286,0
607394650944176127,0.328671,0
607394651078393855,0.319452,0
607394651212611583,0.291748,0
607394651346829311,0.317908,0
607394651481047039,0.322792,0
607394651615264767,0.381945,0
607394651749482495,0.287628,0
607394653091659775,0.256852,0
607394653225877503,0.28391,0
607394653360095231,0.288935,0
607394653494312959,0.276839,0
607394653628530687,0.243875,0
607394653762748415,0.242438,0
607394653896966143,0.2648,0
607394654165401599,0.244159,0
607394654299619327,0.266998,0
607394654433837055,0.248237,0
607394654568054783,0.238216,0
607394654702272511,0.232634,0
607394654836490239,0.235325,0
607394654970707967,0.246093,0
607394655239143423,0.279096,0
607394655373361151,0.278167,0
607394655507578879,0.28849,0
607394655641796607,0.281855,0
607394655776014335,0.284385,0
607394655910232063,0.284509,0
607394656044449791,0.289106,0
607394656312885247,0.27183,0
607394656447102975,0.262583,0
607394656581320703,0.276338,0
607394656715538431,0.27876,0
607394656849756159,0.261381,0
607394656983973887,0.25013,0
607394657118191615,0.273172,0
607394657386627071,0.224115,0
607394657520844799,0.230094,0
607394657655062527,0.237552,0
607394657789280255,0.246085,0
607394657923497983,0.194442,0
607394658057715711,0.197856,0
607394658191933439,0.201867,0
607394658460368895,0.223204,0
607394658594586623,0.206398,0
607394658728804351,0.228203,0
607394658863022079,0.248756,0
607394658997239807,0.200266,0
607394659131457535,0.186384,0
607394659265675263,0.207853,0
607394659534110719,0.277595,0
607394659668328447,0.272903,0
607394659802546175,0.289635,0
607394659936763903,0.284372,0
607394660070981631,0.262478,0
607394660205199359,0.265834,0
607394660339417087,0.276013,0
607394661681594367,0.250896,0
607394661815812095,0.231537,0
607394661950029823,0.257347,0
607394662084247551,0.242761,0
607394662218465279,0.250694,0
607394662352683007,0.246147,0
607394662486900735,0.257825,0
607394662755336191,0.212453,0
607394662889553919,0.21245,0
607394663023771647,0.253364,0
607394663157989375,0.223949,0
607394663292207103,0.212543,0
607394663426424831,0.204714,0
607394663560642559,0.212401,0
607394663829078015,0.265081,0
607394663963295743,0.247491,0
607394664097513471,0.268275,0
607394664231731199,0.255458,0
607394664365948927,0.26583,0
607394664500166655,0.243203,0
607394664634384383,0.274397,0
607394664902819839,0.225152,0
607394665037037567,0.231821,0
607394665171255295,0.237584,0
607394665305473023,0.22894,0
607394665439690751,0.232836,0
607394665573908479,0.226623,0
607394665708126207,0.225936,0
607394665976561663,0.234628,0
607394666110779391,0.239733,0
607394666244997119,0.259786,0
607394666379214847,0.258908,0
607394666513432575,0.206084,0
607394666647650303,0.206859,0
607394666781868031,0.238909,0
607394667050303487,0.199908,0
607394667184521215,0.189445,0
607394667318738943,0.217805,0
607394667452956671,0.221709,0
607394667587174399,0.185202,0
607394667721392127,0.170094,0
607394667855609855,0.205874,0
607394668124045311,0.265716,0
607394668258263039,0.259974,0
607394668392480767,0.250302,0
607394668526698495,0.261889,0
607394668660916223,0.259208,0
607394668795133951,0.256966,0
607394668929351679,0.258617,0
607394670271528959,0.357988,0
607394670405746687,0.323795,0
607394670539964415,0.357508,0
607394670674182143,0.342586,0
607394670808399871,0.348417,0
607394670942617599,0.336766,0
607394671076835327,0.362113,0
607394671345270783,0.297961,0
607394671479488511,0.284173,0
607394671613706239,0.310782,0
607394671747923967,0.2879,0
607394671882141695,0.304824,0
607394672016359423,0.28603,0
607394672150577151,0.316051,0
607394672419012607,0.390608,0
607394672553230335,0.370262,0
607394672687448063,0.421897,0
607394672821665791,0.395382,0
607394672955883519,0.386172,0
607394673090101247,0.383437,0
607394673224318975,0.432462,0
607394673492754431,0.333405,0
607394673626972159,0.311089,0
607394673761189887,0.348008,0
607394673895407615,0.321684,0
607394674029625343,0.326804,0
607394674163843071,0.309433,0
607394674298060799,0.356798,0
607394674566496255,0.427002,0
607394674700713983,0.372047,0
607394674834931711,0.45274,0
607394674969149439,0.373066,0
607394675103367167,0.427196,0
607394675237584895,0.363998,0
607394675371802623,0.449259,0
607394675640238079,0.325664,0
607394675774455807,0.304225,0
607394675908673535,0.334834,0
607394676042891263,0.329074,0
607394676177108991,0.326144,0
607394676311326719,0.307652,0
607394676445544447,0.334554,0
607394676713979903,0.448565,0
607394676848197631,0.385869,0
607394676982415359,0.524352,0
607394677116633087,0.435923,0
607394677250850815,0.45394,0
607394677385068543,0.41146,0
607394677519286271,0.487601,0
607394687451398143,0.0925516,0
607394687585615871,0.10042,0
607394687719833599,0.104344,0
607394687854051327,0.095306,0
607394687988269055,0.0907164,0
607394688122486783,0.09755,0
607394688256704511,0.105555,0
607394688525139967,0.0915281,0
607394688659357695,0.0935044,0
607394688793575423,0.0962719,0
607394688927793151,0.0781945,0
607394689062010879,0.0920933,0
607394689196228607,0.07866,0
607394689330446335,0.0826455,0
607394689598881791,0.121468,0
607394689733099519,0.108032,0
607394689867317247,0.147145,0
607394690001534975,0.138676,0
607394690135752703,0.113979,0
607394690269970431,0.0979118,0
607394690404188159,0.130927,0
607394690672623615,0.0891536,0
607394690806841343,0.077381,0
607394690941059071,0.106002,0
607394691075276799,0.0928896,0
607394691209494527,0.0824681,0
607394691343712255,0.0839163,0
607394691477929983,0.0913278,0
607394691746365439,0.0996203,0
607394691880583167,0.0929982,0
607394692014800895,0.0970889,0
607394692149018623,0.101931,0
607394692283236351,0.0975938,0
607394692417454079,0.0922268,0
607394692551671807,0.10036,0
607394692820107263,0.0861292,0
607394692954324991,0.0846246,0
607394693088542719,0.0911074,0
607394693222760447,0.0947894,0
607394693356978175,0.087121,0
607394693491195903,0.0832198,0
607394693625413631,0.0962278,0
607394693893849087,0.103674,0
607394694028066815,0.107512,0
607394694162284543,0.115408,0
607394694296502271,0.104987,0
607394694430719999,0.104893,0
607394694564937727,0.101478,0
607394694699155455,0.11417,0
607394696041332735,0.110857,0
607394696175550463,0.116955,0
607394696309768191,0.0820924,0
607394696443985919,0.0840941,0
607394696578203647,0.0986768,0
607394696712421375,0.111376,0
607394696846639103,0.0885016,0
607394697115074559,0.126281,0
607394697249292287,0.148531,0
607394697383510015,0.112126,0
607394697517727743,0.133865,0
607394697651945471,0.100793,0
607394697786163199,0.137112,0
607394697920380927,0.108285,0
607394698188816383,0.0871199,0
607394698323034111,0.0909712,0
607394698457251839,0.0916568,0
607394698591469567,0.0941649,0
607394698725687295,0.0915365,0
607394698859905023,0.0965768,0
607394698994122751,0.0810984,0
607394699262558207,0.105541,0
607394699396775935,0.130454,0
607394699530993663,0.0896147,0
607394699665211391,0.107264,0
607394699799429119,0.106965,0
607394699933646847,0.129047,0
607394700067864575,0.0949441,0
607394700336300031,0.0885333,0
607394700470517759,0.0875614,0
607394700604735487,0.103327,0
607394700738953215,0.0786331,0
607394700873170943,0.0918565,0
607394701007388671,0.0813741,0
607394701141606399,0.0837457,0
607394701410041855,0.0910785,0
607394701544259583,0.103408,0
607394701678477311,0.0926594,0
607394701812695039,0.102952,0
607394701946912767,0.0788997,0
607394702081130495,0.0818883,0
607394702215348223,0.0812387,0
607394702483783679,0.0916284,0
607394702618001407,0.0896094,0
607394702752219135,0.084466,0
607394702886436863,0.075893,0
607394703020654591,0.0921545,0
607394703154872319,0.0933314,0
607394703289090047,0.0827482,0
607394704631267327,0.186285,0
607394704765485055,0.189521,0
607394704899702783,0.200955,0
607394705033920511,0.205985,0
607394705168138239,0.179244,0
607394705302355967,0.178006,0
607394705436573695,0.181929,0
607394705705009151,0.170053,0
607394705839226879,0.158538,0
607394705973444607,0.188134,0
607394706107662335,0.170008,0
607394706241880063,0.157261,0
607394706376097791,0.153399,0
607394706510315519,0.178759,0
607394706778750975,0.201988,0
607394706912968703,0.238458,0
607394707047186431,0.209639,0
607394707181404159,0.236386,0
607394707315621887,0.207496,0
607394707449839615,0.198341,0
607394707584057343,0.20995,0
607394707852492799,0.194193,0
607394707986710527,0.197887,0
607394708120928255,0.211336,0
607394708255145983,0.19496,0
607394708389363711,0.202902,0
607394708523581439,0.190785,0
607394708657799167,0.208121,0
607394708926234623,0.148913,0
607394709060452351,0.147622,0
607394709194670079,0.179461,0
607394709328887807,0.161116,0
607394709463105535,0.143117,0
607394709597323263,0.128381,0
607394709731540991,0.157054,0
607394709999976447,0.157186,0
607394710134194175,0.15102,0
607394710268411903,0.158047,0
607394710402629631,0.158091,0
607394710536847359,0.131079,0
607394710671065087,0.122694,0
607394710805282815,0.132849,0
607394711073718271,0.183558,0
607394711207935999,0.191442,0
607394711342153727,0.18436,0
607394711476371455,0.200049,0
607394711610589183,0.185879,0
607394711744806911,0.183407,0
607394711879024639,0.19334,0
607394713221201919,0.139625,0
607394713355419647,0.111549,0
607394713489637375,0.148724,0
607394713623855103,0.127344,0
607394713758072831,0.137496,0
607394713892290559,0.123566,0
607394714026508287,0.137511,0
607394714294943743,0.0985458,0
607394714429161471,0.106895,0
607394714563379199,0.116096,0
607394714697596927,0.108866,0
607394714831814655,0.090619,0
607394714966032383,0.0967042,0
607394715100250111,0.0987416,0
607394715368685567,0.186557,0
607394715502903295,0.142791,0
607394715637121023,0.190356,0
607394715771338751,0.180873,0
607394715905556479,0.175777,0
607394716039774207,0.172344,0
607394716173991935,0.186179,0
607394716442427391,0.121975,0
607394716576645119,0.123161,0
607394716710862847,0.125793,0
607394716845080575,0.12885,0
607394716979298303,0.119076,0
607394717113516031,0.115554,0
607394717247733759,0.129593,0
607394717516169215,0.14266,0
607394717650386943,0.114526,0
607394717784604671,0.147274,0
607394717918822399,0.138187,0
607394718053040127,0.106667,0
607394718187257855,0.11057,0
607394718321475583,0.164864,0
607394718589911039,0.102719,0
607394718724128767,0.087754,0
607394718858346495,0.114938,0
607394718992564223,0.0907925,0
607394719126781951,0.0927869,0
607394719260999679,0.0833745,0
607394719395217407,0.10562,0
607394719663652863,0.175506,0
607394719797870591,0.166971,0
607394719932088319,0.192971,0
607394720066306047,0.182645,0
607394720200523775,0.179008,0
607394720334741503,0.15673,0
607394720468959231,0.189629,0
607394721811136511,0.0626517,0
607394721945354239,0.0719359,0
607394722079571967,0.075795,0
607394722213789695,0.0678438,0
607394722348007423,0.0665896,0
607394722482225151,0.0839717,0
607394722616442879,0.069305,0
607394722884878335,0.0739194,0
607394723019096063,0.0759387,0
607394723153313791,0.0738912,0
607394723287531519,0.0685544,0
607394723421749247,0.0818176,0
607394723555966975,0.0700381,0
607394723690184703,0.0756728,0
607394723958620159,0.08504,0
607394724092837887,0.08064,0
607394724227055615,0.0894559,0
607394724361273343,0.0923592,0
607394724495491071,0.0884119,0
607394724629708799,0.0743093,0
607394724763926527,0.112868,0
607394725032361983,0.074785,0
607394725166579711,0.0849997,0
607394725300797439,0.0784565,0
607394725435015167,0.0808034,0
607394725569232895,0.082398,0
607394725703450623,0.0791061,0
607394725837668351,0.086618,0
607394726106103807,0.0871864,0
607394726240321535,0.0772727,0
607394726374539263,0.0788866,0
607394726508756991,0.0809165,0
607394726642974719,0.100151,0
607394726777192447,0.0897681,0
607394726911410175,0.0972543,0
607394727179845631,0.077049,0
607394727314063359,0.0684266,0
607394727448281087,0.0796508,0
607394727582498815,0.0803245,0
607394727716716543,0.0954476,0
607394727850934271,0.113981,0
607394727985151999,0.0987112,0
607394728253587455,0.0886196,0
607394728387805183,0.0809183,0
607394728522022911,0.0947371,0
607394728656240639,0.100201,0
607394728790458367,0.0823393,0
607394728924676095,0.069051,0
607394729058893823,0.101546,0
607394730401071103,0.0766142,0
607394730535288831,0.0875155,0
607394730669506559,0.0913045,0
607394730803724287,0.0974689,0
607394730937942015,0.0762891,0
607394731072159743,0.0860192,0
607394731206377471,0.0689855,0
607394731474812927,0.0791242,0
607394731609030655,0.0819701,0
607394731743248383,0.0842945,0
607394731877466111,0.0792467,0
607394732011683839,0.0840596,0
607394732145901567,0.0817528,0
607394732280119295,0.082497,0
607394732548554751,0.0748047,0
607394732682772479,0.080035,0
607394732816990207,0.0914666,0
607394732951207935,0.0815942,0
607394733085425663,0.0905766,0
607394733219643391,0.0806971,0
607394733353861119,0.0866791,0
607394733622296575,0.0994365,0
607394733756514303,0.0967296,0
607394733890732031,0.085109,0
607394734024949759,0.0894622,0
607394734159167487,0.100341,0
607394734293385215,0.095595,0
607394734427602943,0.107385,0
607394734696038399,0.0858107,0
607394734830256127,0.075628,0
607394734964473855,0.0815204,0
607394735098691583,0.0737786,0
607394735232909311,0.0749793,0
607394735367127039,0.0714082,0
607394735501344767,0.0750392,0
607394735769780223,0.0759098,0
607394735903997951,0.0803784,0
607394736038215679,0.0813785,0
607394736172433407,0.0855637,0
607394736306651135,0.0825581,0
607394736440868863,0.0861544,0
607394736575086591,0.0701541,0
607394736843522047,0.0715544,0
607394736977739775,0.0830041,0
607394737111957503,0.0760587,0
607394737246175231,0.0757189,0
607394737380392959,0.0697402,0
607394737514610687,0.0612532,0
607394737648828415,0.0748871,0
607394738991005695,0.139091,0
607394739125223423,0.143702,0
607394739259441151,0.130974,0
607394739393658879,0.12521,0
607394739527876607,0.143314,0
607394739662094335,0.145331,0
607394739796312063,0.164796,0
607394740064747519,0.0997847,0
607394740198965247,0.099207,0
607394740333182975,0.130755,0
607394740467400703,0.0882321,0
607394740601618431,0.10684,0
607394740735836159,0.0924713,0
607394740870053887,0.113519,0
607394741138489343,0.125546,0
607394741272707071,0.125777,0
607394741406924799,0.135612,0
607394741541142527,0.137481,0
607394741675360255,0.128502,0
607394741809577983,0.118595,0
607394741943795711,0.126964,0
607394742212231167,0.125835,0
607394742346448895,0.124137,0
607394742480666623,0.133519,0
607394742614884351,0.129139,0
607394742749102079,0.136068,0
607394742883319807,0.10012,0
607394743017537535,0.122318,0
607394743285972991,0.142482,0
607394743420190719,0.166511,0
607394743554408447,0.135789,0
607394743688626175,0.143379,0
607394743822843903,0.120475,0
607394743957061631,0.129625,0
607394744091279359,0.158983,0
607394744359714815,0.121792,0
607394744493932543,0.100101,0
607394744628150271,0.146845,0
607394744762367999,0.115606,0
607394744896585727,0.132551,0
607394745030803455,0.1184,0
607394745165021183,0.135877,0
607394745433456639,0.168905,0
607394745567674367,0.127789,0
607394745701892095,0.117119,0
607394745836109823,0.13255,0
607394745970327551,0.133676,0
607394746104545279,0.143329,0
607394746238763007,0.113692,0
607394756170874879,0.0565854,0
607394756305092607,0.0494814,0
607394756439310335,0.0605579,0
607394756573528063,0.0531947,0
607394756707745791,0.0558073,0
607394756841963519,0.0489506,0
607394756976181247,0.0665013,0
607394757244616703,0.0568562,0
607394757378834431,0.0641372,0
607394757513052159,0.0484129,0
607394757647269887,0.0620453,0
607394757781487615,0.061048,0
607394757915705343,0.0627314,0
607394758049923071,0.0461883,0
607394758318358527,0.0741717,0
607394758452576255,0.0607153,0
607394758586793983,0.0644745,0
607394758721011711,0.0588668,0
607394758855229439,0.0751835,0
607394758989447167,0.0571579,0
607394759123664895,0.0820483,0
607394759392100351,0.0576618,0
607394759526318079,0.0594096,0
607394759660535807,0.0592358,0
607394759794753535,0.0703335,0
607394759928971263,0.0633507,0
607394760063188991,0.0548805,0
607394760197406719,0.0534696,0
607394760465842175,0.0724246,0
607394760600059903,0.0766048,0
607394760734277631,0.0802759,0
607394760868495359,0.0781054,0
607394761002713087,0.0699988,0
607394761136930815,0.0647939,0
607394761271148543,0.0814124,0
607394761539583999,0.06073,0
607394761673801727,0.059865,0
607394761808019455,0.0615245,0
607394761942237183,0.0548056,0
607394762076454911,0.0665518,0
607394762210672639,0.0586474,0
607394762344890367,0.0675623,0
607394762613325823,0.0753665,0
607394762747543551,0.0801862,0
607394762881761279,0.0735062,0
607394763015979007,0.0755193,0
607394763150196735,0.0826458,0
607394763284414463,0.0798691,0
607394763418632191,0.0754565,0
607394764760809471,0.0696773,0
607394764895027199,0.0749714,0
607394765029244927,0.0644846,0
607394765163462655,0.0683043,0
607394765297680383,0.059562,0
607394765431898111,0.0919116,0
607394765566115839,0.0648455,0
607394765834551295,0.103178,0
607394765968769023,0.103828,0
607394766102986751,0.0748371,0
607394766237204479,0.0977077,0
607394766371422207,0.098144,0
607394766505639935,0.103111,0
607394766639857663,0.091632,0
607394766908293119,0.0820386,0
607394767042510847,0.0744168,0
607394767176728575,0.0692957,0
607394767310946303,0.0893389,0
607394767445164031,0.063808,0
607394767579381759,0.075151,0
607394767713599487,0.0730038,0
607394767982034943,0.0716642,0
607394768116252671,0.0841698,0
607394768250470399,0.0792905,0
607394768384688127,0.0917201,0
607394768518905855,0.08306,0
607394768653123583,0.0778688,0
607394768787341311,0.0715881,0
607394769055776767,0.080418,0
607394769189994495,0.0786627,0
607394769324212223,0.0692075,0
607394769458429951,0.0636602,0
607394769592647679,0.0750822,0
607394769726865407,0.0826295,0
607394769861083135,0.0647233,0
607394770129518591,0.0914484,0
607394770263736319,0.0987172,0
607394770397954047,0.0726484,0
607394770532171775,0.0866886,0
607394770666389503,0.07848,0
607394770800607231,0.0920413,0
607394770934824959,0.0754408,0
607394771203260415,0.0665946,0
607394771337478143,0.0639824,0
607394771471695871,0.0671573,0
607394771605913599,0.0620527,0
607394771740131327,0.0632185,0
607394771874349055,0.0661039,0
607394772008566783,0.0659951,0
607394773350744063,0.0930207,0
607394773484961791,0.0863122,0
607394773619179519,0.0901004,0
607394773753397247,0.0831801,0
607394773887614975,0.0925503,0
607394774021832703,0.0812844,0
607394774156050431,0.0980775,0
607394774424485887,0.0827411,0
607394774558703615,0.112365,0
607394774692921343,0.129916,0
607394774827139071,0.0793615,0
607394774961356799,0.071443,0
607394775095574527,0.0637102,0
607394775229792255,0.0810673,0
607394775498227711,0.0908284,0
607394775632445439,0.0722118,0
607394775766663167,0.089808,0
607394775900880895,0.0791287,0
607394776035098623,0.152872,0
607394776169316351,0.135815,0
607394776303534079,0.169413,0
607394776571969535,0.0668692,0
607394776706187263,0.07933,0
607394776840404991,0.0781108,0
607394776974622719,0.0786441,0
607394777108840447,0.082158,0
607394777243058175,0.0675284,0
607394777377275903,0.083567,0
607394777645711359,0.0950853,0
607394777779929087,0.0872852,0
607394777914146815,0.121053,0
607394778048364543,0.0981355,0
607394778182582271,0.119973,0
607394778316799999,0.0996697,0
607394778451017727,0.124404,0
607394778719453183,0.0846769,0
607394778853670911,0.0706523,0
607394778987888639,0.0785513,0
607394779122106367,0.0758901,0
607394779256324095,0.0882146,0
607394779390541823,0.0777489,0
607394779524759551,0.08952,0
607394779793195007,0.118627,0
607394779927412735,0.102831,0
607394780061630463,0.172839,0
607394780195848191,0.117462,0
607394780330065919,0.174726,0
607394780464283647,0.105278,0
607394780598501375,0.132487,0
607394781940678655,0.0991615,0
607394782074896383,0.0826857,0
607394782209114111,0.123843,0
607394782343331839,0.0923705,0
607394782477549567,0.122207,0
607394782611767295,0.0755755,0
607394782745985023,0.103354,0
607394783014420479,0.0735757,0
607394783148638207,0.0890972,0
607394783282855935,0.0836312,0
607394783417073663,0.0906629,0
607394783551291391,0.0735744,0
607394783685509119,0.0748002,0
607394783819726847,0.0791407,0
607394784088162303,0.0775896,0
607394784222380031,0.0989902,0
607394784356597759,0.0786797,0
607394784490815487,0.110484,0
607394784625033215,0.0975601,0
607394784759250943,0.0976426,0
607394784893468671,0.0764152,0
607394785161904127,0.0826181,0
607394785296121855,0.0991194,0
607394785430339583,0.0800586,0
607394785564557311,0.0872757,0
607394785698775039,0.0884325,0
607394785832992767,0.0922424,0
607394785967210495,0.100166,0
607394786235645951,0.115109,0
607394786369863679,0.0969472,0
607394786504081407,0.113645,0
607394786638299135,0.0747361,0
607394786772516863,0.0638817,0
607394786906734591,0.116074,0
607394787040952319,0.063614,0
607394787309387775,0.0690555,0
607394787443605503,0.072385,0
607394787577823231,0.0764592,0
607394787712040959,0.0729308,0
607394787846258687,0.0713669,0
607394787980476415,0.0739965,0
607394788114694143,0.0706291,0
607394788383129599,0.0713614,0
607394788517347327,0.0936641,0
607394788651565055,0.0761468,0
607394788785782783,0.0798707,0
607394788920000511,0.0755718,0
607394789054218239,0.0751041,0
607394789188435967,0.0728915,0
607394790530613247,0.113081,0
607394790664830975,0.097178,0
607394790799048703,0.0960273,0
607394790933266431,0.088564,0
607394791067484159,0.117447,0
607394791201701887,0.105436,0
607394791335919615,0.0895937,0
607394791604355071,0.0919874,0
607394791738572799,0.0817327,0
607394791872790527,0.0975686,0
607394792007008255,0.0882108,0
607394792141225983,0.0958544,0
607394792275443711,0.0977858,0
607394792409661439,0.0940174,0
607394792678096895,0.0837798,0
607394792812314623,0.0704746,0
607394792946532351,0.0893405,0
607394793080750079,0.0746345,0
607394793214967807,0.092725,0
607394793349185535,0.0941847,0
607394793483403263,0.0904027,0
607394793751838719,0.0803533,0
607394793886056447,0.0882491,0
607394794020274175,0.0678695,0
607394794154491903,0.073722,0
607394794288709631,0.095083,0
607394794422927359,0.0931069,0
607394794557145087,0.0818693,0
607394794825580543,0.119252,0
607394794959798271,0.106463,0
607394795094015999,0.12557,0
607394795228233727,0.120946,0
607394795630886911,0.123887,0
607394796167757823,0.0992276,0
607394796301975551,0.0880643,0
607394796973064191,0.106814,0
607394797107281919,0.102313,0
607394797241499647,0.109747,0
607394797375717375,0.103255,0
607394797509935103,0.116037,0
607394797644152831,0.106783,0
607394797778370559,0.116103,0
607394799120547839,0.0810829,0
607394799254765567,0.079789,0
607394799388983295,0.0790034,0
607394799523201023,0.0883909,0
607394799657418751,0.0824804,0
607394799791636479,0.0856642,0
607394799925854207,0.0795421,0
607394800194289663,0.0869745,0
607394800328507391,0.0783099,0
607394800462725119,0.0737429,0
607394800596942847,0.0797854,0
607394800731160575,0.0898321,0
607394800865378303,0.0903591,0
607394800999596031,0.0826528,0
607394801268031487,0.0726054,0
607394801402249215,0.0770321,0
607394801536466943,0.059485,0
607394801670684671,0.074476,0
607394801804902399,0.0797672,0
607394801939120127,0.0817981,0
607394802073337855,0.0648016,0
607394802341773311,0.0774481,0
607394802475991039,0.080377,0
607394802610208767,0.0780929,0
607394802744426495,0.0859164,0
607394802878644223,0.0802087,0
607394803012861951,0.0792245,0
607394803147079679,0.0773302,0
607394803415515135,0.0811291,0
607394803549732863,0.0808767,0
607394803683950591,0.080168,0
607394803818168319,0.0816569,0
607394804220821503,0.0883229,0
607394804757692415,0.0853582,0
607394804891910143,0.0887224,0
607394805562998783,0.0717446,0
607394805697216511,0.0759006,0
607394805831434239,0.0722902,0
607394805965651967,0.0734105,0
607394806099869695,0.0779391,0
607394806234087423,0.0802686,0
607394806368305151,0.0718239,0
607394807710482431,0.109273,0
607394807844700159,0.113559,0
607394807978917887,0.119659,0
607394808113135615,0.121716,0
607394808247353343,0.0892525,0
607394808381571071,0.111905,0
607394808515788799,0.0980904,0
607394808784224255,0.0860882,0
607394808918441983,0.0862368,0
607394809052659711,0.0959032,0
607394809186877439,0.0831932,0
607394809321095167,0.0865894,0
607394809455312895,0.0882215,0
607394809589530623,0.105224,0
607394809857966079,0.112447,0
607394809992183807,0.120686,0
607394810126401535,0.130622,0
607394810260619263,0.12122,0
607394810394836991,0.150996,0
607394810529054719,0.107801,0
607394810663272447,0.0899616,0
607394810931707903,0.0906047,0
607394811065925631,0.086557,0
607394811200143359,0.0939384,0
607394811334361087,0.0940115,0
607394811468578815,0.112812,0
607394811602796543,0.092798,0
607394811737014271,0.110033,0
607394812005449727,0.0832966,0
607394812139667455,0.0808584,0
607394812273885183,0.0863691,0
607394812408102911,0.13951,0
607394812542320639,0.0934675,0
607394812676538367,0.116175,0
607394812810756095,0.084038,0
607394813079191551,0.118455,0
607394813213409279,0.108599,0
607394813347627007,0.104055,0
607394813481844735,0.112736,0
607394813616062463,0.116486,0
607394813750280191,0.117894,0
607394813884497919,0.0985962,0
607394814152933375,0.093353,0
607394814287151103,0.152409,0
607394814421368831,0.0860463,0
607394814555586559,0.0811723,0
607394814689804287,0.0815601,0
607394814824022015,0.0846346,0
607394814958239743,0.0860553,0
607394824890351615,0.780387,0
607394825024569343,0.833303,0
607394825158787071,0.790943,0
607394825293004799,0.782513,0
607394825427222527,0.792986,0
607394825561440255,0.755715,0
607394825695657983,0.767356,0
607394825964093439,0.687003,0
607394826098311167,0.723494,0
607394826232528895,0.726975,0
607394826366746623,0.751155,0
607394826500964351,0.637884,0
607394826635182079,0.588035,0
607394826769399807,0.71431,0
607394827037835263,0.958947,0
607394827172052991,0.97876,0
607394827306270719,1.36239,0
607394827440488447,1.30207,0
607394827574706175,0.879528,0
607394827708923903,0.900392,0
607394827843141631,0.966043,0
607394828111577087,0.80396,0
607394828245794815,0.822392,0
607394828380012543,0.870113,0
607394828514230271,0.778706,0
607394828648447999,0.800485,0
607394828782665727,0.790171,0
607394828916883455,0.890339,0
607394829185318911,0.60869,0
607394829319536639,0.611818,0
607394829453754367,0.703437,0
607394829587972095,0.725317,0
607394829722189823,0.519007,0
607394829856407551,0.522807,0
607394829990625279,0.627609,0
607394830259060735,0.576795,0
607394830393278463,0.54686,0
607394830527496191,0.645732,0
607394830661713919,0.661841,0
607394830795931647,0.508716,0
607394830930149375,0.444831,0
607394831064367103,0.527335,0
607394831332802559,0.780958,0
607394831467020287,0.777375,0
607394831601238015,0.831709,0
607394831735455743,0.917451,0
607394831869673471,0.767488,0
607394832003891199,0.79745,0
607394832138108927,0.86756,0
607394833480286207,0.603705,0
607394833614503935,0.627209,0
607394833748721663,0.643434,0
607394833882939391,0.591147,0
607394834017157119,0.559871,0
607394834151374847,0.501411,0
607394834285592575,0.633995,0
607394834554028031,0.432832,0
607394834688245759,0.515187,0
607394834822463487,0.654648,0
607394834956681215,0.672526,0
607394835090898943,0.38044,0
607394835225116671,0.350748,0
607394835359334399,0.461394,0
607394835627769855,0.718527,0
607394835761987583,0.630569,0
607394835896205311,0.732949,0
607394836030423039,0.68792,0
607394836164640767,0.734332,0
607394836298858495,0.65824,0
607394836433076223,0.78795,0
607394836701511679,0.702508,0
607394836835729407,0.715132,0
607394836969947135,0.710239,0
607394837104164863,0.75792,0
607394837238382591,0.605054,0
607394837372600319,0.800986,0
607394837506818047,0.633009,0
607394837775253503,0.551395,0
607394837909471231,0.518609,0
607394838043688959,0.649148,0
607394838177906687,0.60609,0
607394838312124415,0.47832,0
607394838446342143,0.426679,0
607394838580559871,0.593516,0
607394838848995327,0.366177,0
607394838983213055,0.365638,0
607394839117430783,0.459501,0
607394839251648511,0.420793,0
607394839385866239,0.323525,0
607394839520083967,0.288103,0
607394839654301695,0.392661,0
607394839922737151,0.799886,0
607394840056954879,0.750279,0
607394840191172607,0.768215,0
607394840325390335,0.789566,0
607394840459608063,0.70319,0
607394840593825791,0.696598,0
607394840728043519,0.803966,0
607394842070220799,0.649256,0
607394842204438527,0.784451,0
607394842338656255,0.584042,0
607394842472873983,0.675249,0
607394842607091711,1.28483,0
607394842741309439,1.03264,0
607394842875527167,0.856054,0
607394843143962623,1.13021,0
607394843278180351,1.29825,0
607394843412398079,1.12362,0
607394843546615807,0.966654,0
607394843680833535,1.27118,0
607394843815051263,1.12044,0
607394843949268991,1.09632,0
607394844217704447,0.981318,0
607394844351922175,0.955994,0
607394844486139903,0.892654,0
607394844620357631,0.867894,0
607394844754575359,0.589964,0
607394844888793087,0.771385,0
607394845023010815,0.869104,0
607394845291446271,1.17788,0
607394845425663999,0.978179,0
607394845559881727,1.34144,0
607394845694099455,1.04815,0
607394845828317183,0.736902,0
607394845962534911,1.15915,0
607394846096752639,0.985646,0
607394846365188095,0.864421,0
607394846499405823,1.57247,0
607394846633623551,1.56578,0
607394846767841279,1.58659,0
607394846902059007,0.878405,0
607394847036276735,0.888962,0
607394847170494463,0.89462,0
607394847438929919,1.40383,0
607394847573147647,1.32952,0
607394847707365375,1.34119,0
607394847841583103,1.16724,0
607394847975800831,0.942759,0
607394848110018559,1.05204,0
607394848244236287,1.21672,0
607394848512671743,1.04036,0
607394848646889471,0.680567,0
607394848781107199,1.10163,0
607394848915324927,1.09028,0
607394849049542655,1.38339,0
607394849183760383,1.27131,0
607394849317978111,1.20772,0
607394850660155391,0.823436,0
607394850794373119,0.795389,0
607394850928590847,0.787728,0
607394851062808575,0.769865,0
607394851197026303,0.880074,0
607394851331244031,0.854213,0
607394851465461759,0.847919,0
607394851733897215,0.788468,0
607394851868114943,0.799353,0
607394852002332671,0.752298,0
607394852136550399,0.749767,0
607394852270768127,0.780702,0
607394852404985855,0.69022,0
607394852539203583,0.835218,0
607394852807639039,1.26255,0
607394852941856767,0.798512,0
607394853076074495,1.13081,0
607394853210292223,1.14158,0
607394853344509951,0.836955,0
607394853478727679,0.791414,0
607394853612945407,1.5743,0
607394853881380863,0.716531,0
607394854015598591,0.780105,0
607394854149816319,0.805027,0
607394854284034047,0.777862,0
607394854418251775,0.746395,0
607394854552469503,0.710087,0
607394854686687231,0.772181,0
607394854955122687,1.21989,0
607394855089340415,0.957823,0
607394855223558143,1.43021,0
607394855357775871,0.872509,0
607394855491993599,1.21915,0
607394855626211327,0.881333,0
607394855760429055,1.31461,0
607394856028864511,0.893368,0
607394856163082239,0.823346,0
607394856297299967,0.851601,0
607394856431517695,0.859991,0
607394856565735423,0.835039,0
607394856699953151,0.777001,0
607394856834170879,0.865822,0
607394857102606335,0.782408,0
607394857236824063,0.809279,0
607394857371041791,0.83753,0
607394857505259519,0.855978,0
607394857639477247,0.920265,0
607394857773694975,0.872785,0
607394857907912703,0.941981,0
607394859250089983,0.27544,0
607394859384307711,0.270354,0
607394859518525439,0.308692,0
607394859652743167,0.318748,0
607394859786960895,0.265047,0
607394859921178623,0.254853,0
607394860055396351,0.277122,0
607394860323831807,0.266352,0
607394860458049535,0.266279,0
607394860592267263,0.292597,0
607394860726484991,0.312194,0
607394860860702719,0.232254,0
607394860994920447,0.244488,0
607394861129138175,0.253309,0
607394861397573631,0.44907,0
607394861531791359,0.500015,0
607394861666009087,0.534895,0
607394861800226815,0.532512,0
607394861934444543,0.360228,0
607394862068662271,0.413153,0
607394862202879999,0.412437,0
607394862471315455,0.437406,0
607394862605533183,0.479027,0
607394862739750911,0.519782,0
607394862873968639,0.46161,0
607394863008186367,0.379752,0
607394863142404095,0.326818,0
607394863276621823,0.382776,0
607394863545057279,0.212138,0
607394863679275007,0.230309,0
607394863813492735,0.231894,0
607394863947710463,0.259753,0
607394864081928191,0.201684,0
607394864216145919,0.216644,0
607394864350363647,0.21579,0
607394864618799103,0.196925,0
607394864753016831,0.200957,0
607394864887234559,0.226394,0
607394865021452287,0.227476,0
607394865155670015,0.2094,0
607394865289887743,0.196963,0
607394865424105471,0.224109,0
607394865692540927,0.283536,0
607394865826758655,0.293939,0
607394865960976383,0.322015,0
607394866095194111,0.333649,0
607394866229411839,0.249907,0
607394866363629567,0.252896,0
607394866497847295,0.283276,0
607394867840024575,0.268912,0
607394867974242303,0.273949,0
607394868108460031,0.300427,0
607394868242677759,0.287807,0
607394868376895487,0.272497,0
607394868511113215,0.259173,0
607394868645330943,0.348647,0
607394868913766399,0.209503,0
607394869047984127,0.173855,0
607394869182201855,0.23371,0
607394869316419583,0.218493,0
607394869450637311,0.185462,0
607394869584855039,0.18213,0
607394869719072767,0.218297,0
607394869987508223,0.446336,0
607394870121725951,0.401819,0
607394870255943679,0.52287,0
607394870390161407,0.496556,0
607394870524379135,0.343083,0
607394870658596863,0.336157,0
607394870792814591,0.439387,0
607394871061250047,0.305284,0
607394871195467775,0.283332,0
607394871329685503,0.389351,0
607394871463903231,0.36291,0
607394871598120959,0.288602,0
607394871732338687,0.253789,0
607394871866556415,0.326538,0
607394872134991871,0.237545,0
607394872269209599,0.225426,0
607394872403427327,0.286816,0
607394872537645055,0.272479,0
607394872671862783,0.211385,0
607394872806080511,0.197429,0
607394872940298239,0.241419,0
607394873208733695,0.196588,0
607394873342951423,0.217198,0
607394873477169151,0.261482,0
607394873611386879,0.206511,0
607394873745604607,0.207158,0
607394873879822335,0.204815,0
607394874014040063,0.200384,0
607394874282475519,0.410252,0
607394874416693247,0.306789,0
607394874550910975,0.411138,0
607394874685128703,0.346179,0
607394874819346431,0.351515,0
607394874953564159,0.365118,0
607394875087781887,0.420209,0
607394876429959167,0.604277,0
607394876564176895,0.728182,0
607394876698394623,0.623791,0
607394876832612351,0.739826,0
607394876966830079,0.521537,0
607394877101047807,0.580011,0
607394877235265535,0.565609,0
607394877503700991,0.674664,0
607394877637918719,0.679531,0
607394877772136447,0.751617,0
607394877906354175,0.739669,0
607394878040571903,0.610528,0
607394878174789631,0.66037,0
607394878309007359,0.659951,0
607394878577442815,0.836889,0
607394878711660543,0.849836,0
607394878845878271,0.943015,0
607394878980095999,0.856544,0
607394879114313727,0.703708,0
607394879248531455,0.777352,0
607394879382749183,0.745515,0
607394879651184639,0.872064,0
607394879785402367,0.804428,0
607394879919620095,0.836885,0
607394880053837823,0.83685,0
607394880188055551,0.818319,0
607394880322273279,0.783989,0
607394880456491007,0.856178,0
607394880724926463,0.422704,0
607394880859144191,0.457949,0
607394880993361919,0.419057,0
607394881127579647,0.485993,0
607394881261797375,0.36111,0
607394881396015103,0.370758,0
607394881530232831,0.368206,0
607394881798668287,0.441804,0
607394881932886015,0.512537,0
607394882067103743,0.508723,0
607394882201321471,0.563016,0
607394882335539199,0.371487,0
607394882469756927,0.414611,0
607394882603974655,0.403656,0
607394882872410111,0.553884,0
607394883006627839,0.577052,0
607394883140845567,0.532779,0
607394883275063295,0.601489,0
607394883409281023,0.478308,0
607394883543498751,0.514392,0
607394883677716479,0.479352,0
607394962329305087,0.0810897,0
607394962463522815,0.0944008,0
607394962597740543,0.0889411,0
607394962731958271,0.0972747,0
607394962866175999,0.0832058,0
607394963000393727,0.0887079,0
607394963134611455,0.0873786,0
607394963403046911,0.0988389,0
607394963537264639,0.088222,0
607394963671482367,0.0964661,0
607394963805700095,0.100452,0
607394963939917823,0.0890126,0
607394964074135551,0.0870883,0
607394964208353279,0.0968247,0
607394964476788735,0.0952685,0
607394964611006463,0.113226,0
607394964745224191,0.097629,0
607394964879441919,0.102165,0
607394965013659647,0.085294,0
607394965147877375,0.0851607,0
607394965282095103,0.0969955,0
607394965550530559,0.0994436,0
607394965684748287,0.103074,0
607394965818966015,0.101653,0
607394965953183743,0.102047,0
607394966087401471,0.100724,0
607394966221619199,0.097712,0
607394966355836927,0.0973375,0
607394966624272383,0.0818763,0
607394966758490111,0.0864018,0
607394966892707839,0.0843156,0
607394967026925567,0.0838277,0
607394967161143295,0.0812239,0
607394967295361023,0.0811636,0
607394967429578751,0.0833612,0
607394967698014207,0.0703152,0
607394967832231935,0.0883331,0
607394967966449663,0.0863836,0
607394968100667391,0.098676,0
607394968234885119,0.0754207,0
607394968369102847,0.0861378,0
607394968503320575,0.0721223,0
607394968771756031,0.0859008,0
607394968905973759,0.0859962,0
607394969040191487,0.0839826,0
607394969174409215,0.0849448,0
607394969308626943,0.0834846,0
607394969442844671,0.0853221,0
607394969577062399,0.0834597,0
607394970919239679,0.0833469,0
607394971053457407,0.0845905,0
607394971187675135,0.0936942,0
607394971321892863,0.0844221,0
607394971456110591,0.080745,0
607394971590328319,0.0819248,0
607394971724546047,0.0837956,0
607394971992981503,0.0835602,0
607394972127199231,0.0819534,0
607394972261416959,0.0845102,0
607394972395634687,0.0853919,0
607394972529852415,0.0795541,0
607394972664070143,0.0773547,0
607394972798287871,0.0846382,0
607394973066723327,0.0979526,0
607394973200941055,0.0967403,0
607394973335158783,0.106806,0
607394973469376511,0.104409,0
607394973603594239,0.100086,0
607394973737811967,0.0958531,0
607394973872029695,0.0978289,0
607394974140465151,0.0937878,0
607394974274682879,0.0963971,0
607394974408900607,0.0947343,0
607394974543118335,0.0920293,0
607394974677336063,0.0829929,0
607394974811553791,0.0869389,0
607394974945771519,0.093728,0
607394975214206975,0.0814956,0
607394975348424703,0.0808897,0
607394975482642431,0.0778786,0
607394975616860159,0.0801251,0
607394975751077887,0.0785396,0
607394975885295615,0.0820449,0
607394976019513343,0.0819486,0
607394976287948799,0.0825586,0
607394976422166527,0.0838312,0
607394976556384255,0.0796741,0
607394976690601983,0.0828285,0
607394976824819711,0.0792587,0
607394976959037439,0.0823348,0
607394977093255167,0.0809602,0
607394977361690623,0.0951052,0
607394977495908351,0.0981501,0
607394977630126079,0.098165,0
607394977764343807,0.0968456,0
607394977898561535,0.0949282,0
607394978032779263,0.089534,0
607394978166996991,0.0984673,0
607394979509174271,0.11213,0
607394979643391999,0.10794,0
607394979777609727,0.1182,0
607394979911827455,0.112243,0
607394980046045183,0.11215,0
607394980180262911,0.106072,0
607394980314480639,0.117584,0
607394980582916095,0.105817,0
607394980717133823,0.11449,0
607394980851351551,0.107656,0
607394980985569279,0.110793,0
607394981119787007,0.107966,0
607394981254004735,0.105513,0
607394981388222463,0.105876,0
607394981656657919,0.132276,0
607394981790875647,0.131217,0
607394981925093375,0.149407,0
607394982059311103,0.147094,0
607394982193528831,0.124338,0
607394982327746559,0.114222,0
607394982461964287,0.141751,0
607394982730399743,0.119768,0
607394982864617471,0.127278,0
607394982998835199,0.132312,0
607394983133052927,0.123589,0
607394983267270655,0.115895,0
607394983401488383,0.115072,0
607394983535706111,0.116544,0
607394983804141567,0.10015,0
607394983938359295,0.108577,0
607394984072577023,0.105589,0
607394984206794751,0.113021,0
607394984341012479,0.0937086,0
607394984475230207,0.0953667,0
607394984609447935,0.102723,0
607394984877883391,0.0957928,0
607394985012101119,0.0942434,0
607394985146318847,0.103596,0
607394985280536575,0.105708,0
607394985414754303,0.0913945,0
607394985548972031,0.0955472,0
607394985683189759,0.0990402,0
607394985951625215,0.119897,0
607394986085842943,0.121124,0
607394986220060671,0.141501,0
607394986354278399,0.130724,0
607394986488496127,0.114285,0
607394986622713855,0.12078,0
607394986756931583,0.127524,0
607394988099108863,0.11382,0
607394988233326591,0.115539,0
607394988367544319,0.117257,0
607394988501762047,0.11606,0
607394988635979775,0.12011,0
607394988770197503,0.111171,0
607394988904415231,0.120226,0
607394989172850687,0.110475,0
607394989307068415,0.107786,0
607394989441286143,0.120543,0
607394989575503871,0.115066,0
607394989709721599,0.111098,0
607394989843939327,0.113238,0
607394989978157055,0.109837,0
607394990246592511,0.128319,0
607394990380810239,0.127882,0
607394990515027967,0.135962,0
607394990649245695,0.135472,0
607394990783463423,0.128714,0
607394990917681151,0.118671,0
607394991051898879,0.135591,0
607394991320334335,0.116716,0
607394991454552063,0.133611,0
607394991588769791,0.126553,0
607394991722987519,0.121587,0
607394991857205247,0.118405,0
607394991991422975,0.115194,0
607394992125640703,0.118371,0
607394992394076159,0.117577,0
607394992528293887,0.118521,0
607394992662511615,0.116727,0
607394992796729343,0.1203,0
607394992930947071,0.107565,0
607394993065164799,0.107443,0
607394993199382527,0.11733,0
607394993467817983,0.106263,0
607394993602035711,0.108361,0
607394993736253439,0.113054,0
607394993870471167,0.111866,0
607394994004688895,0.0980164,0
607394994138906623,0.0973423,0
607394994273124351,0.113079,0
607394994541559807,0.122142,0
607394994675777535,0.122732,0
607394994809995263,0.131403,0
607394994944212991,0.133818,0
607394995078430719,0.120589,0
607394995212648447,0.120838,0
607394995346866175,0.128893,0
607394996689043455,0.0699451,0
607394996823261183,0.0701431,0
607394996957478911,0.0658122,0
607394997091696639,0.0693472,0
607394997225914367,0.0711869,0
607394997360132095,0.0711052,0
607394997494349823,0.0659062,0
607394997762785279,0.0677432,0
607394997897003007,0.0749075,0
607394998031220735,0.0756646,0
607394998165438463,0.0737564,0
607394998299656191,0.070306,0
607394998433873919,0.0694868,0
607394998568091647,0.0716408,0
607394998836527103,0.082324,0
607394998970744831,0.0840475,0
607394999104962559,0.0843761,0
607394999239180287,0.0853468,0
607394999373398015,0.0799724,0
607394999507615743,0.0639771,0
607394999641833471,0.0795288,0
607394999910268927,0.0706061,0
607395000044486655,0.0762231,0
607395000178704383,0.0685028,0
607395000312922111,0.0744894,0
607395000447139839,0.0697428,0
607395000581357567,0.0727501,0
607395000715575295,0.0673302,0
607395000984010751,0.0761678,0
607395001118228479,0.0718346,0
607395001252446207,0.0695917,0
607395001386663935,0.0679667,0
607395001520881663,0.0754054,0
607395001655099391,0.0788799,0
607395001789317119,0.0775535,0
607395002057752575,0.0765028,0
607395002191970303,0.0785043,0
607395002326188031,0.0701863,0
607395002460405759,0.0701678,0
607395002594623487,0.0774811,0
607395002728841215,0.0780546,0
607395002863058943,0.0785434,0
607395003131494399,0.0692414,0
607395003265712127,0.0658721,0
607395003399929855,0.0822934,0
607395003534147583,0.0794987,0
607395003668365311,0.0700526,0
607395003802583039,0.0684777,0
607395003936800767,0.083856,0
607395005278978047,0.0852666,0
607395005413195775,0.0811,0
607395005547413503,0.0832423,0
607395005681631231,0.0845271,0
607395005815848959,0.0838442,0
607395005950066687,0.086408,0
607395006084284415,0.0823217,0
607395006352719871,0.0801647,0
607395006486937599,0.0809729,0
607395006621155327,0.0779018,0
607395006755373055,0.0818683,0
607395006889590783,0.0800863,0
607395007023808511,0.0838085,0
607395007158026239,0.0808355,0
607395007426461695,0.084366,0
607395007560679423,0.0834786,0
607395007694897151,0.0878815,0
607395007829114879,0.0866438,0
607395007963332607,0.0833204,0
607395008097550335,0.0813464,0
607395008231768063,0.0862708,0
607395008500203519,0.075526,0
607395008634421247,0.0780122,0
607395008768638975,0.076182,0
607395008902856703,0.0785194,0
607395009037074431,0.0761568,0
607395009171292159,0.0787598,0
607395009305509887,0.0798275,0
607395009573945343,0.0847806,0
607395009708163071,0.0875842,0
607395009842380799,0.0750311,0
607395009976598527,0.091531,0
607395010110816255,0.0775333,0
607395010245033983,0.0933514,0
607395010379251711,0.0678666,0
607395010647687167,0.0929778,0
607395010781904895,0.0883891,0
607395010916122623,0.0883242,0
607395011050340351,0.088515,0
607395011184558079,0.0934377,0
607395011318775807,0.0978737,0
607395011452993535,0.0946962,0
607395011721428991,0.0745703,0
607395011855646719,0.0861656,0
607395011989864447,0.0732255,0
607395012124082175,0.0845876,0
607395012258299903,0.0740504,0
607395012392517631,0.0947984,0
607395012526735359,0.072818,0
607395013868912639,0.0901647,0
607395014003130367,0.0904927,0
607395014137348095,0.0967126,0
607395014271565823,0.0936731,0
607395014405783551,0.0885092,0
607395014540001279,0.0876142,0
607395014674219007,0.0916895,0
607395014942654463,0.0850312,0
607395015076872191,0.0853768,0
607395015211089919,0.0819015,0
607395015345307647,0.0796679,0
607395015479525375,0.0858534,0
607395015613743103,0.0845909,0
607395015747960831,0.0838648,0
607395016016396287,0.101048,0
607395016150614015,0.102929,0
607395016284831743,0.0974263,0
607395016419049471,0.099407,0
607395016553267199,0.0898065,0
607395016687484927,0.0975532,0
607395016821702655,0.0964087,0
607395017090138111,0.0847736,0
607395017224355839,0.0857651,0
607395017358573567,0.0931983,0
607395017492791295,0.0931932,0
607395017627009023,0.0815644,0
607395017761226751,0.0834016,0
607395017895444479,0.0878927,0
607395018163879935,0.0845218,0
607395018298097663,0.0860812,0
607395018432315391,0.0854669,0
607395018566533119,0.0849841,0
607395018700750847,0.0894586,0
607395018834968575,0.0911551,0
607395018969186303,0.0812417,0
607395019237621759,0.0915639,0
607395019371839487,0.0827896,0
607395019506057215,0.0871765,0
607395019640274943,0.087609,0
607395019774492671,0.087673,0
607395019908710399,0.0856815,0
607395020042928127,0.0873169,0
607395020311363583,0.0880453,0
607395020445581311,0.0905596,0
607395020579799039,0.0861765,0
607395020714016767,0.0894189,0
607395020848234495,0.0824166,0
607395020982452223,0.0876682,0
607395021116669951,0.083696,0
607395031048781823,0.0811071,0
607395031182999551,0.0777724,0
607395031317217279,0.0811131,0
607395031451435007,0.0814743,0
607395031585652735,0.0811286,0
607395031719870463,0.080225,0
607395031854088191,0.0806971,0
607395032122523647,0.0813922,0
607395032256741375,0.0795144,0
607395032390959103,0.0783191,0
607395032525176831,0.0819558,0
607395032659394559,0.08589,0
607395032793612287,0.0846816,0
607395032927830015,0.079924,0
607395033196265471,0.0765754,0
607395033330483199,0.0763105,0
607395033464700927,0.0741531,0
607395033598918655,0.0745532,0
607395033733136383,0.0782139,0
607395033867354111,0.078326,0
607395034001571839,0.076811,0
607395034270007295,0.0784359,0
607395034404225023,0.0770547,0
607395034538442751,0.0767964,0
607395034672660479,0.0788746,0
607395034806878207,0.0818471,0
607395034941095935,0.0814249,0
607395035075313663,0.0781286,0
607395035343749119,0.0832097,0
607395035477966847,0.0830176,0
607395035612184575,0.0806564,0
607395035746402303,0.080185,0
607395035880620031,0.0848229,0
607395036014837759,0.0833836,0
607395036149055487,0.0852297,0
607395036417490943,0.0833222,0
607395036551708671,0.0820022,0
607395036685926399,0.0831733,0
607395036820144127,0.0820323,0
607395036954361855,0.0769488,0
607395037088579583,0.0761633,0
607395037222797311,0.0823151,0
607395037491232767,0.0755584,0
607395037625450495,0.0802618,0
607395037759668223,0.075799,0
607395037893885951,0.074744,0
607395038028103679,0.0793781,0
607395038162321407,0.0778571,0
607395038296539135,0.0761964,0
607395039638716415,0.0808018,0
607395039772934143,0.0801568,0
607395039907151871,0.0793259,0
607395040041369599,0.0784086,0
607395040175587327,0.0799453,0
607395040309805055,0.0783085,0
607395040444022783,0.0807858,0
607395040712458239,0.0765393,0
607395040846675967,0.0768415,0
607395040980893695,0.0755505,0
607395041115111423,0.075583,0
607395041249329151,0.0802285,0
607395041383546879,0.0768457,0
607395041517764607,0.0764871,0
607395041786200063,0.076205,0
607395041920417791,0.0735065,0
607395042054635519,0.0773958,0
607395042188853247,0.0774239,0
607395042323070975,0.0774204,0
607395042457288703,0.0745297,0
607395042591506431,0.0785357,0
607395042859941887,0.0741961,0
607395042994159615,0.0746375,0
607395043128377343,0.0743394,0
607395043262595071,0.0734059,0
607395043396812799,0.0773119,0
607395043531030527,0.0774257,0
607395043665248255,0.0742064,0
607395043933683711,0.0832611,0
607395044067901439,0.083197,0
607395044202119167,0.0788285,0
607395044336336895,0.0800455,0
607395044470554623,0.0803516,0
607395044604772351,0.0807385,0
607395044738990079,0.0819373,0
607395045007425535,0.0756717,0
607395045141643263,0.0766958,0
607395045275860991,0.0819845,0
607395045410078719,0.082205,0
607395045544296447,0.0757795,0
607395045678514175,0.0747756,0
607395045812731903,0.0779222,0
607395046081167359,0.0780262,0
607395046215385087,0.0779741,0
607395046349602815,0.0763168,0
607395046483820543,0.075768,0
607395046618038271,0.0774176,0
607395046752255999,0.0798788,0
607395046886473727,0.0798257,0
607395048228651007,0.0806844,0
607395048362868735,0.0800274,0
607395048497086463,0.0826584,0
607395048631304191,0.0841671,0
607395048765521919,0.0795363,0
607395048899739647,0.0755158,0
607395049033957375,0.0841635,0
607395049302392831,0.0753664,0
607395049436610559,0.0767471,0
607395049570828287,0.0790791,0
607395049705046015,0.0745663,0
607395049839263743,0.0741112,0
607395049973481471,0.0737803,0
607395050107699199,0.0748646,0
607395050376134655,0.0842799,0
607395050510352383,0.0833058,0
607395050644570111,0.0894216,0
607395050778787839,0.0885476,0
607395050913005567,0.0888925,0
607395051047223295,0.0885889,0
607395051181441023,0.084543,0
607395051449876479,0.0892423,0
607395051584094207,0.08588,0
607395051718311935,0.0863789,0
607395051852529663,0.0830815,0
607395051986747391,0.0835306,0
607395052120965119,0.0803577,0
607395052255182847,0.0897628,0
607395052523618303,0.0765289,0
607395052657836031,0.0734472,0
607395052792053759,0.0860014,0
607395052926271487,0.0837995,0
607395053060489215,0.0809575,0
607395053194706943,0.0774708,0
607395053328924671,0.0787556,0
607395053597360127,0.0734927,0
607395053731577855,0.073605,0
607395053865795583,0.0773498,0
607395054000013311,0.0722196,0
607395054134231039,0.0745531,0
607395054268448767,0.0744576,0
607395054402666495,0.0731372,0
607395054671101951,0.0858766,0
607395054805319679,0.0873142,0
607395054939537407,0.0884732,0
607395055073755135,0.086316,0
607395055207972863,0.0866822,0
607395055342190591,0.086666,0
607395055476408319,0.0893253,0
607395056818585599,0.0751575,0
607395056952803327,0.0773516,0
607395057087021055,0.0794818,0
607395057221238783,0.0788409,0
607395057355456511,0.0778426,0
607395057489674239,0.0804527,0
607395057623891967,0.0762853,0
607395057892327423,0.0808858,0
607395058026545151,0.0831156,0
607395058160762879,0.0761954,0
607395058294980607,0.0759682,0
607395058429198335,0.0808082,0
607395058563416063,0.0788998,0
607395058697633791,0.0811257,0
607395058966069247,0.0868431,0
607395059100286975,0.0872616,0
607395059234504703,0.0865455,0
607395059368722431,0.0862645,0
607395059502940159,0.0808327,0
607395059637157887,0.0820884,0
607395059771375615,0.0865094,0
607395060039811071,0.0814634,0
607395060174028799,0.0815187,0
607395060308246527,0.0868468,0
607395060442464255,0.086408,0
607395060576681983,0.0792404,0
607395060710899711,0.079798,0
607395060845117439,0.0827247,0
607395061113552895,0.07553,0
607395061247770623,0.0794924,0
607395061381988351,0.0760414,0
607395061516206079,0.0772744,0
607395061650423807,0.0745696,0
607395061784641535,0.0758354,0
607395061918859263,0.0742411,0
607395062187294719,0.0785554,0
607395062321512447,0.0793679,0
607395062455730175,0.0794309,0
607395062589947903,0.0805394,0
607395062724165631,0.077464,0
607395062858383359,0.0772974,0
607395062992601087,0.077754,0
607395063261036543,0.0790021,0
607395063395254271,0.078247,0
607395063529471999,0.0832101,0
607395063663689727,0.0806309,0
607395063797907455,0.0751383,0
607395063932125183,0.0755857,0
607395064066342911,0.0784865,0
607395065408520191,0.0741963,0
607395065542737919,0.0753159,0
607395065676955647,0.073498,0
607395065811173375,0.0731601,0
607395065945391103,0.0699385,0
607395066079608831,0.0696966,0
607395066213826559,0.0734359,0
607395066482262015,0.0714795,0
607395066616479743,0.0720279,0
607395066750697471,0.0764186,0
607395066884915199,0.0756019,0
607395067019132927,0.0748355,0
607395067153350655,0.0744868,0
607395067287568383,0.0728717,0
607395067556003839,0.0802856,0
607395067690221567,0.0786874,0
607395067824439295,0.0810352,0
607395067958657023,0.0829907,0
607395068092874751,0.0766808,0
607395068227092479,0.0778319,0
607395068361310207,0.0837773,0
607395068629745663,0.0775187,0
607395068763963391,0.0749679,0
607395068898181119,0.0815636,0
607395069032398847,0.0765139,0
607395069166616575,0.076273,0
607395069300834303,0.0745818,0
607395069435052031,0.0753045,0
607395069703487487,0.0735561,0
607395069837705215,0.0761965,0
607395069971922943,0.072586,0
607395070106140671,0.072175,0
607395070240358399,0.076239,0
607395070374576127,0.0734981,0
607395070508793855,0.0737811,0
607395070777229311,0.073198,0
607395070911447039,0.0716296,0
607395071045664767,0.0766029,0
607395071179882495,0.0761627,0
607395071314100223,0.0704891,0
607395071448317951,0.0680796,0
607395071582535679,0.0745622,0
607395071850971135,0.0765427,0
607395071985188863,0.0754955,0
607395072119406591,0.0769031,0
607395072253624319,0.0771774,0
607395072387842047,0.0743746,0
607395072522059775,0.0711538,0
607395072656277503,0.0740241,0
607395073998454783,0.0711993,0
607395074132672511,0.0701262,0
607395074266890239,0.0749718,0
607395074401107967,0.075481,0
607395074535325695,0.0719902,0
607395074669543423,0.0714266,0
607395074803761151,0.0698,0
607395075072196607,0.0675117,0
607395075206414335,0.0663551,0
607395075340632063,0.0693547,0
607395075474849791,0.0668534,0
607395075609067519,0.0667375,0
607395075743285247,0.066712,0
607395075877502975,0.0695396,0
607395076145938431,0.075139,0
607395076280156159,0.0766862,0
607395076414373887,0.0846991,0
607395076548591615,0.0821048,0
607395076682809343,0.074283,0
607395076817027071,0.0774822,0
607395076951244799,0.0773348,0
607395077219680255,0.0770286,0
607395077353897983,0.0755759,0
607395077488115711,0.0770025,0
607395077622333439,0.0777348,0
607395077756551167,0.0741347,0
607395077890768895,0.074792,0
607395078024986623,0.0766454,0
607395078293422079,0.0703163,0
607395078427639807,0.0703643,0
607395078561857535,0.0719924,0
607395078696075263,0.0697991,0
607395078830292991,0.0689799,0
607395078964510719,0.0693502,0
607395079098728447,0.0703301,0
607395079367163903,0.0680767,0
607395079501381631,0.0661604,0
607395079635599359,0.0699864,0
607395079769817087,0.0689772,0
607395079904034815,0.0647187,0
607395080038252543,0.0655843,0
607395080172470271,0.0688935,0
607395080440905727,0.0746677,0
607395080575123455,0.0750415,0
607395080709341183,0.0756671,0
607395080843558911,0.0771749,0
607395080977776639,0.0717665,0
607395081111994367,0.0711991,0
607395081246212095,0.0741253,0
607395082588389375,0.0788824,0
607395082722607103,0.0835681,0
607395082856824831,0.0874453,0
607395082991042559,0.0867864,0
607395083125260287,0.0785655,0
607395083259478015,0.0793244,0
607395083393695743,0.0806735,0
607395083662131199,0.0776139,0
607395083796348927,0.0794774,0
607395083930566655,0.0821443,0
607395084064784383,0.0767408,0
607395084199002111,0.083287,0
607395084333219839,0.0813369,0
607395084467437567,0.081478,0
607395084735873023,0.0828414,0
607395084870090751,0.0835398,0
607395085004308479,0.0824942,0
607395085138526207,0.0821506,0
607395085272743935,0.0819738,0
607395085406961663,0.0870427,0
607395085541179391,0.0816101,0
607395085809614847,0.0788303,0
607395085943832575,0.0778143,0
607395086078050303,0.0774358,0
607395086212268031,0.07819,0
607395086346485759,0.0797654,0
607395086480703487,0.0764557,0
607395086614921215,0.0859902,0
607395086883356671,0.0893537,0
607395087017574399,0.0835588,0
607395087151792127,0.0842287,0
607395087286009855,0.0832226,0
607395087420227583,0.0899378,0
607395087554445311,0.087275,0
607395087688663039,0.0871956,0
607395087957098495,0.0887499,0
607395088091316223,0.0846842,0
607395088225533951,0.08272,0
607395088359751679,0.0863953,0
607395088493969407,0.08312,0
607395088628187135,0.0782979,0
607395088762404863,0.0870448,0
607395089030840319,0.0818802,0
607395089165058047,0.0840953,0
607395089299275775,0.0820768,0
607395089433493503,0.0855344,0
607395089567711231,0.0807948,0
607395089701928959,0.0797954,0
607395089836146687,0.0770921,0
607395099768258559,0.250408,0
607395099902476287,0.288063,0
607395100036694015,0.20753,0
607395100170911743,0.208044,0
607395100305129471,0.215861,0
607395100439347199,0.206277,0
607395100573564927,0.24436,0
607395100842000383,0.202191,0
607395100976218111,0.216375,0
607395101110435839,0.279741,0
607395101244653567,0.221437,0
607395101378871295,0.199373,0
607395101513089023,0.197503,0
607395101647306751,0.186944,0
607395101915742207,0.197842,0
607395102049959935,0.202687,0
607395102184177663,0.192984,0
607395102318395391,0.191375,0
607395102452613119,0.204076,0
607395102586830847,0.211994,0
607395102721048575,0.204526,0
607395102989484031,0.227699,0
607395103123701759,0.222039,0
607395103257919487,0.208956,0
607395103392137215,0.233163,0
607395103526354943,0.202148,0
607395103660572671,0.222607,0
607395103794790399,0.222512,0
607395104063225855,0.190954,0
607395104197443583,0.190555,0
607395104331661311,0.1964,0
607395104465879039,0.230284,0
607395104600096767,0.18737,0
607395104734314495,0.186771,0
607395104868532223,0.192366,0
607395105136967679,0.187633,0
607395105271185407,0.212907,0
607395105405403135,0.185244,0
607395105539620863,0.180597,0
607395105673838591,0.197778,0
607395105808056319,0.187437,0
607395105942274047,0.185789,0
607395106210709503,0.204004,0
607395106344927231,0.20428,0
607395106479144959,0.204028,0
607395106613362687,0.208254,0
607395106747580415,0.222058,0
607395106881798143,0.247183,0
607395107016015871,0.197813,0
607395108358193151,0.200257,0
607395108492410879,0.21885,0
607395108626628607,0.198931,0
607395108760846335,0.19907,0
607395108895064063,0.193148,0
607395109029281791,0.186051,0
607395109163499519,0.220279,0
607395109431934975,0.177448,0
607395109566152703,0.177993,0
607395109700370431,0.19943,0
607395109834588159,0.214328,0
607395109968805887,0.18077,0
607395110103023615,0.178607,0
607395110237241343,0.175458,0
607395110505676799,0.189986,0
607395110639894527,0.186048,0
607395110774112255,0.195139,0
607395110908329983,0.189701,0
607395111042547711,0.208131,0
607395111176765439,0.194244,0
607395111310983167,0.183845,0
607395111579418623,0.186362,0
607395111713636351,0.185975,0
607395111847854079,0.187993,0
607395111982071807,0.188296,0
607395112116289535,0.19837,0
607395112250507263,0.197949,0
607395112384724991,0.188974,0
607395112653160447,0.183903,0
607395112787378175,0.200657,0
607395112921595903,0.199069,0
607395113055813631,0.209259,0
607395113190031359,0.198409,0
607395113324249087,0.191925,0
607395113458466815,0.194674,0
607395113726902271,0.188646,0
607395113861119999,0.158765,0
607395113995337727,0.179467,0
607395114129555455,0.176377,0
607395114263773183,0.26063,0
607395114397990911,0.175254,0
607395114532208639,0.184741,0
607395114800644095,0.258361,0
607395114934861823,0.200734,0
607395115069079551,0.206544,0
607395115203297279,0.197951,0
607395115337515007,0.227118,0
607395115471732735,0.237829,0
607395115605950463,0.23826,0
607395116948127743,0.200989,0
607395117082345471,0.206401,0
607395117216563199,0.206204,0
607395117350780927,0.207252,0
607395117484998655,0.193884,0
607395117619216383,0.198372,0
607395117753434111,0.199892,0
607395118021869567,0.197128,0
607395118156087295,0.20428,0
607395118290305023,0.195532,0
607395118424522751,0.201382,0
607395118558740479,0.191779,0
607395118692958207,0.195149,0
607395118827175935,0.195192,0
607395119095611391,0.20171,0
607395119229829119,0.220089,0
607395119364046847,0.199181,0
607395119498264575,0.20926,0
607395119632482303,0.204783,0
607395119766700031,0.213294,0
607395119900917759,0.196735,0
607395120169353215,0.208682,0
607395120303570943,0.207901,0
607395120437788671,0.207153,0
607395120572006399,0.210542,0
607395120706224127,0.211144,0
607395120840441855,0.221706,0
607395120974659583,0.213186,0
607395121243095039,0.189692,0
607395121377312767,0.193443,0
607395121511530495,0.189715,0
607395121645748223,0.192704,0
607395121779965951,0.183828,0
607395121914183679,0.183208,0
607395122048401407,0.188114,0
607395122316836863,0.191682,0
607395122451054591,0.192118,0
607395122585272319,0.189286,0
607395122719490047,0.19375,0
607395122853707775,0.202482,0
607395122987925503,0.2056,0
607395123122143231,0.186131,0
607395123390578687,0.213557,0
607395123524796415,0.204006,0
607395123659014143,0.20639,0
607395123793231871,0.201578,0
607395123927449599,0.201247,0
607395124061667327,0.204322,0
607395124195885055,0.210401,0
607395125538062335,0.196882,0
607395125672280063,0.178178,0
607395125806497791,0.210402,0
607395125940715519,0.196096,0
607395126074933247,0.195932,0
607395126209150975,0.189031,0
607395126343368703,0.198479,0
607395126611804159,0.185508,0
607395126746021887,0.184306,0
607395126880239615,0.178764,0
607395127014457343,0.189112,0
607395127148675071,0.179817,0
607395127282892799,0.176601,0
607395127417110527,0.184181,0
607395127685545983,0.201848,0
607395127819763711,0.192986,0
607395127953981439,0.211073,0
607395128088199167,0.203653,0
607395128222416895,0.215458,0
607395128356634623,0.206498,0
607395128490852351,0.206052,0
607395128759287807,0.19038,0
607395128893505535,0.188516,0
607395129027723263,0.190004,0
607395129161940991,0.186127,0
607395129296158719,0.185229,0
607395129430376447,0.186771,0
607395129564594175,0.199233,0
607395129833029631,0.197536,0
607395129967247359,0.197426,0
607395130101465087,0.201158,0
607395130235682815,0.19671,0
607395130369900543,0.187801,0
607395130504118271,0.205111,0
607395130638335999,0.190038,0
607395130906771455,0.210343,0
607395131040989183,0.197228,0
607395131175206911,0.191212,0
607395131309424639,0.177439,0
607395131443642367,0.222438,0
607395131577860095,0.203679,0
607395131712077823,0.224813,0
607395131980513279,0.216881,0
607395132114731007,0.21149,0
607395132248948735,0.197419,0
607395132383166463,0.204082,0
607395132517384191,0.204557,0
607395132651601919,0.205266,0
607395132785819647,0.225365,0
607395134127996927,0.180719,0
607395134262214655,0.173697,0
607395134396432383,0.190614,0
607395134530650111,0.195085,0
607395134664867839,0.159698,0
607395134799085567,0.157625,0
607395134933303295,0.189386,0
607395135201738751,0.148696,0
607395135335956479,0.147093,0
607395135470174207,0.166072,0
607395135604391935,0.155792,0
607395135738609663,0.149181,0
607395135872827391,0.143749,0
607395136007045119,0.148681,0
607395136275480575,0.202072,0
607395136409698303,0.197696,0
607395136543916031,0.185496,0
607395136678133759,0.194066,0
607395136812351487,0.201539,0
607395136946569215,0.197952,0
607395137080786943,0.200502,0
607395137349222399,0.190442,0
607395137483440127,0.196907,0
607395137617657855,0.186202,0
607395137751875583,0.193066,0
607395137886093311,0.194115,0
607395138020311039,0.194312,0
607395138154528767,0.18905,0
607395138422964223,0.159993,0
607395138557181951,0.15378,0
607395138691399679,0.172766,0
607395138825617407,0.171854,0
607395138959835135,0.165603,0
607395139094052863,0.156671,0
607395139228270591,0.162446,0
607395139496706047,0.152648,0
607395139630923775,0.150064,0
607395139765141503,0.160459,0
607395139899359231,0.15832,0
607395140033576959,0.16043,0
607395140167794687,0.157815,0
607395140302012415,0.14911,0
607395140570447871,0.201718,0
607395140704665599,0.201473,0
607395140838883327,0.197037,0
607395140973101055,0.202175,0
607395141107318783,0.192047,0
607395141241536511,0.19684,0
607395141375754239,0.198153,0
607395142717931519,0.1575,0
607395142852149247,0.216718,0
607395142986366975,0.16934,0
607395143120584703,0.198278,0
607395143254802431,0.280928,0
607395143389020159,0.212375,0
607395143523237887,0.155982,0
607395143791673343,0.166287,0
607395143925891071,0.141926,0
607395144060108799,0.226299,0
607395144194326527,0.185434,0
607395144328544255,0.144637,0
607395144462761983,0.137596,0
607395144596979711,0.17099,0
607395144865415167,0.200063,0
607395144999632895,0.193579,0
607395145133850623,0.204946,0
607395145268068351,0.198264,0
607395145402286079,0.195496,0
607395145536503807,0.188666,0
607395145670721535,0.190043,0
607395145939156991,0.263342,0
607395146073374719,0.247529,0
607395146207592447,0.203034,0
607395146341810175,0.240679,0
607395146476027903,0.304055,0
607395146610245631,0.259289,0
607395146744463359,0.185589,0
607395147012898815,0.13968,0
607395147147116543,0.166588,0
607395147281334271,0.140297,0
607395147415551999,0.145054,0
607395147549769727,0.141106,0
607395147683987455,0.135602,0
607395147818205183,0.142379,0
607395148086640639,0.145847,0
607395148220858367,0.141231,0
607395148355076095,0.268041,0
607395148489293823,0.153892,0
607395148623511551,0.13732,0
607395148757729279,0.141683,0
607395148891947007,0.147336,0
607395149160382463,0.168276,0
607395149294600191,0.165331,0
607395149428817919,0.19335,0
607395149563035647,0.186642,0
607395149697253375,0.153374,0
607395149831471103,0.154895,0
607395149965688831,0.18366,0
607395151307866111,0.20544,0
607395151442083839,0.204678,0
607395151576301567,0.197741,0
607395151710519295,0.20397,0
607395151844737023,0.198078,0
607395151978954751,0.205734,0
607395152113172479,0.194353,0
607395152381607935,0.193481,0
607395152515825663,0.208045,0
607395152650043391,0.207162,0
607395152784261119,0.207403,0
607395152918478847,0.195038,0
607395153052696575,0.193776,0
607395153186914303,0.199154,0
607395153455349759,0.211083,0
607395153589567487,0.216862,0
607395153723785215,0.187021,0
607395153858002943,0.190476,0
607395153992220671,0.209259,0
607395154126438399,0.210702,0
607395154260656127,0.208909,0
607395154529091583,0.209334,0
607395154663309311,0.201113,0
607395154797527039,0.212076,0
607395154931744767,0.223825,0
607395155065962495,0.206399,0
607395155200180223,0.201644,0
607395155334397951,0.216634,0
607395155602833407,0.187449,0
607395155737051135,0.186063,0
607395155871268863,0.185819,0
607395156005486591,0.1928,0
607395156139704319,0.178419,0
607395156273922047,0.170539,0
607395156408139775,0.187397,0
607395156676575231,0.184878,0
607395156810792959,0.18303,0
607395156945010687,0.191071,0
607395157079228415,0.1978,0
607395157213446143,0.183031,0
607395157347663871,0.201244,0
607395157481881599,0.170479,0
607395157750317055,0.192398,0
607395157884534783,0.187231,0
607395158018752511,0.196665,0
607395158152970239,0.197163,0
607395158287187967,0.190754,0
607395158421405695,0.192471,0
607395158555623423,0.191762,0
607395168487735295,0.112461,0
607395168621953023,0.102644,0
607395168756170751,0.121464,0
607395168890388479,0.103947,0
607395169024606207,0.109415,0
607395169158823935,0.09852,0
607395169293041663,0.122263,0
607395169561477119,0.11005,0
607395169695694847,0.110723,0
607395169829912575,0.110981,0
607395169964130303,0.107526,0
607395170098348031,0.0969757,0
607395170232565759,0.103514,0
607395170366783487,0.10024,0
607395170635218943,0.125151,0
607395170769436671,0.117238,0
607395170903654399,0.131706,0
607395171037872127,0.119094,0
607395171172089855,0.123993,0
607395171306307583,0.113977,0
607395171440525311,0.128359,0
607395171708960767,0.124993,0
607395171843178495,0.119915,0
607395171977396223,0.124317,0
607395172111613951,0.121343,0
607395172245831679,0.112314,0
607395172380049407,0.108995,0
607395172514267135,0.117414,0
607395172782702591,0.12232,0
607395172916920319,0.108604,0
607395173051138047,0.130221,0
607395173185355775,0.116811,0
607395173319573503,0.112185,0
607395173453791231,0.100292,0
607395173588008959,0.119754,0
607395173856444415,0.0904331,0
607395173990662143,0.0926568,0
607395174124879871,0.106622,0
607395174259097599,0.0931594,0
607395174393315327,0.0919178,0
607395174527533055,0.0872207,0
607395174661750783,0.108144,0
607395174930186239,0.130807,0
607395175064403967,0.121043,0
607395175198621695,0.131758,0
607395175332839423,0.124609,0
607395175467057151,0.13018,0
607395175601274879,0.117742,0
607395175735492607,0.131398,0
607395177077669887,0.104778,0
607395177211887615,0.104573,0
607395177346105343,0.107342,0
607395177480323071,0.103964,0
607395177614540799,0.10317,0
607395177748758527,0.102673,0
607395177882976255,0.104015,0
607395178151411711,0.102748,0
607395178285629439,0.10113,0
607395178419847167,0.102412,0
607395178554064895,0.104407,0
607395178688282623,0.0973501,0
607395178822500351,0.102194,0
607395178956718079,0.100234,0
607395179225153535,0.118521,0
607395179359371263,0.116497,0
607395179493588991,0.124681,0
607395179627806719,0.124799,0
607395179762024447,0.115017,0
607395179896242175,0.116489,0
607395180030459903,0.113927,0
607395180298895359,0.108392,0
607395180433113087,0.113618,0
607395180567330815,0.116711,0
607395180701548543,0.120651,0
607395180835766271,0.106185,0
607395180969983999,0.107502,0
607395181104201727,0.116268,0
607395181372637183,0.101324,0
607395181506854911,0.0970779,0
607395181641072639,0.114853,0
607395181775290367,0.102749,0
607395181909508095,0.106321,0
607395182043725823,0.099706,0
607395182177943551,0.109412,0
607395182446379007,0.101048,0
607395182580596735,0.0954206,0
607395182714814463,0.0971924,0
607395182849032191,0.0984895,0
607395182983249919,0.0924961,0
607395183117467647,0.110016,0
607395183251685375,0.0957961,0
607395183520120831,0.116312,0
607395183654338559,0.104231,0
607395183788556287,0.129547,0
607395183922774015,0.123739,0
607395184056991743,0.112878,0
607395184191209471,0.108454,0
607395184325427199,0.110253,0
607395185667604479,0.186041,0
607395185801822207,0.159806,0
607395185936039935,0.198111,0
607395186070257663,0.201986,0
607395186204475391,0.149327,0
607395186338693119,0.148372,0
607395186472910847,0.176123,0
607395186741346303,0.140044,0
607395186875564031,0.129113,0
607395187009781759,0.159221,0
607395187143999487,0.165973,0
607395187278217215,0.135175,0
607395187412434943,0.132616,0
607395187546652671,0.148018,0
607395187815088127,0.163499,0
607395187949305855,0.165717,0
607395188083523583,0.168763,0
607395188217741311,0.165823,0
607395188351959039,0.172405,0
607395188486176767,0.193374,0
607395188620394495,0.178217,0
607395188888829951,0.227165,0
607395189023047679,0.227796,0
607395189157265407,0.163725,0
607395189291483135,0.17109,0
607395189425700863,0.180985,0
607395189559918591,0.190136,0
607395189694136319,0.198527,0
607395189962571775,0.15844,0
607395190096789503,0.15469,0
607395190231007231,0.164187,0
607395190365224959,0.162057,0
607395190499442687,0.154384,0
607395190633660415,0.152996,0
607395190767878143,0.170088,0
607395191036313599,0.145219,0
607395191170531327,0.134745,0
607395191304749055,0.149128,0
607395191438966783,0.145026,0
607395191573184511,0.135624,0
607395191707402239,0.132407,0
607395191841619967,0.143782,0
607395192110055423,0.19376,0
607395192244273151,0.202297,0
607395192378490879,0.183456,0
607395192512708607,0.182035,0
607395192646926335,0.20512,0
607395192781144063,0.173698,0
607395192915361791,0.196019,0
607395194257539071,0.131294,0
607395194391756799,0.130403,0
607395194525974527,0.179875,0
607395194660192255,0.17261,0
607395194794409983,0.130125,0
607395194928627711,0.134438,0
607395195062845439,0.134131,0
607395195331280895,0.123109,0
607395195465498623,0.124795,0
607395195599716351,0.13433,0
607395195733934079,0.133045,0
607395195868151807,0.114697,0
607395196002369535,0.118514,0
607395196136587263,0.123189,0
607395196405022719,0.167822,0
607395196539240447,0.166847,0
607395196673458175,0.157291,0
607395196807675903,0.167662,0
607395196941893631,0.1696,0
607395197076111359,0.208485,0
607395197210329087,0.159738,0
607395197478764543,0.195965,0
607395197612982271,0.186833,0
607395197747199999,0.166992,0
607395197881417727,0.178704,0
607395198015635455,0.156914,0
607395198149853183,0.149637,0
607395198284070911,0.190247,0
607395198552506367,0.1241,0
607395198686724095,0.120673,0
607395198820941823,0.127295,0
607395198955159551,0.128826,0
607395199089377279,0.120205,0
607395199223595007,0.121881,0
607395199357812735,0.122256,0
607395199626248191,0.139747,0
607395199760465919,0.124255,0
607395199894683647,0.124994,0
607395200028901375,0.122824,0
607395200163119103,0.1232,0
607395200297336831,0.129452,0
607395200431554559,0.124469,0
607395200699990015,0.178183,0
607395200834207743,0.193703,0
607395200968425471,0.194003,0
607395201102643199,0.160726,0
607395201236860927,0.160969,0
607395201371078655,0.148097,0
607395201505296383,0.175333,0
607395202847473663,0.0964276,0
607395202981691391,0.0995815,0
607395203115909119,0.101858,0
607395203250126847,0.102708,0
607395203384344575,0.100066,0
607395203518562303,0.0992087,0
607395203652780031,0.104002,0
607395203921215487,0.0888364,0
607395204055433215,0.0845478,0
607395204189650943,0.101031,0
607395204323868671,0.0893094,0
607395204458086399,0.0984017,0
607395204592304127,0.0882895,0
607395204726521855,0.101307,0
607395204994957311,0.108274,0
607395205129175039,0.104117,0
607395205263392767,0.122947,0
607395205397610495,0.108703,0
607395205531828223,0.111366,0
607395205666045951,0.100126,0
607395205800263679,0.113376,0
607395206068699135,0.0919391,0
607395206202916863,0.0897581,0
607395206337134591,0.107179,0
607395206471352319,0.089656,0
607395206605570047,0.101464,0
607395206739787775,0.0956194,0
607395206874005503,0.104959,0
607395207142440959,0.106694,0
607395207276658687,0.107801,0
607395207410876415,0.102045,0
607395207545094143,0.105567,0
607395207679311871,0.10659,0
607395207813529599,0.106262,0
607395207947747327,0.107611,0
607395208216182783,0.0983572,0
607395208350400511,0.0968676,0
607395208484618239,0.100866,0
607395208618835967,0.0982035,0
607395208753053695,0.0920077,0
607395208887271423,0.0862055,0
607395209021489151,0.101288,0
607395209289924607,0.106153,0
607395209424142335,0.107171,0
607395209558360063,0.111562,0
607395209692577791,0.111482,0
607395209826795519,0.108727,0
607395209961013247,0.104159,0
607395210095230975,0.114235,0
607395211437408255,0.0999228,0
607395211571625983,0.09443,0
607395211705843711,0.102115,0
607395211840061439,0.0963371,0
607395211974279167,0.0945739,0
607395212108496895,0.0924232,0
607395212242714623,0.092058,0
607395212511150079,0.0893923,0
607395212645367807,0.0939032,0
607395212779585535,0.0998773,0
607395212913803263,0.0976601,0
607395213048020991,0.0855759,0
607395213182238719,0.0878772,0
607395213316456447,0.0910306,0
607395213584891903,0.103231,0
607395213719109631,0.101014,0
607395213853327359,0.104365,0
607395213987545087,0.102313,0
607395214121762815,0.0981612,0
607395214255980543,0.0966477,0
607395214390198271,0.0895361,0
607395214658633727,0.0939056,0
607395214792851455,0.102863,0
607395214927069183,0.0992716,0
607395215061286911,0.0931009,0
607395215195504639,0.104081,0
607395215329722367,0.103556,0
607395215463940095,0.102831,0
607395215732375551,0.0926785,0
607395215866593279,0.0888591,0
607395216000811007,0.0845034,0
607395216135028735,0.0912408,0
607395216269246463,0.0838428,0
607395216403464191,0.0868898,0
607395216537681919,0.0887551,0
607395216806117375,0.0886527,0
607395216940335103,0.0860017,0
607395217074552831,0.0841484,0
607395217208770559,0.0885862,0
607395217342988287,0.0839736,0
607395217477206015,0.0860287,0
607395217611423743,0.0858789,0
607395217879859199,0.0893017,0
607395218014076927,0.0893145,0
607395218148294655,0.0868819,0
607395218282512383,0.0872421,0
607395218416730111,0.0847524,0
607395218550947839,0.0883098,0
607395218685165567,0.0892806,0
607395220027342847,0.133655,0
607395220161560575,0.133497,0
607395220295778303,0.175892,0
607395220429996031,0.144031,0
607395220564213759,0.135551,0
607395220698431487,0.13317,0
607395220832649215,0.136133,0
607395221101084671,0.133489,0
607395221235302399,0.128802,0
607395221369520127,0.128211,0
607395221503737855,0.124437,0
607395221637955583,0.138082,0
607395221772173311,0.127431,0
607395221906391039,0.134815,0
607395222174826495,0.188649,0
607395222309044223,0.155499,0
607395222443261951,0.170215,0
607395222577479679,0.156057,0
607395222711697407,0.18509,0
607395222845915135,0.161049,0
607395222980132863,0.186114,0
607395223248568319,0.147028,0
607395223382786047,0.140872,0
607395223517003775,0.151794,0
607395223651221503,0.146813,0
607395223785439231,0.134397,0
607395223919656959,0.13669,0
607395224053874687,0.149066,0
607395224322310143,0.137096,0
607395224456527871,0.13759,0
607395224590745599,0.140151,0
607395224724963327,0.137655,0
607395224859181055,0.130309,0
607395224993398783,0.127787,0
607395225127616511,0.13962,0
607395225396051967,0.124131,0
607395225530269695,0.123709,0
607395225664487423,0.136902,0
607395225798705151,0.129859,0
607395225932922879,0.122751,0
607395226067140607,0.122264,0
607395226201358335,0.126765,0
607395226469793791,0.162794,0
607395226604011519,0.17103,0
607395226738229247,0.226313,0
607395226872446975,0.153708,0
607395227006664703,0.150596,0
607395227140882431,0.142913,0
607395227275100159,0.207033,0
607395237207212031,0.0674502,0
607395237341429759,0.0716396,0
607395237475647487,0.069902,0
607395237609865215,0.0696341,0
607395237744082943,0.0709055,0
607395237878300671,0.0932417,0
607395238012518399,0.0680252,0
607395238280953855,0.0685956,0
607395238415171583,0.0683422,0
607395238549389311,0.0628858,0
607395238683607039,0.0710973,0
607395238817824767,0.0670048,0
607395238952042495,0.0663303,0
607395239086260223,0.0640286,0
607395239354695679,0.0800178,0
607395239488913407,0.0774123,0
607395239623131135,0.0797241,0
607395239757348863,0.085533,0
607395239891566591,0.0754061,0
607395240025784319,0.0736639,0
607395240160002047,0.0792045,0
607395240428437503,0.0671501,0
607395240562655231,0.0747455,0
607395240696872959,0.0683237,0
607395240831090687,0.0687343,0
607395240965308415,0.0641751,0
607395241099526143,0.0682078,0
607395241233743871,0.0706443,0
607395241502179327,0.0748001,0
607395241636397055,0.0724598,0
607395241770614783,0.0753914,0
607395241904832511,0.0680285,0
607395242039050239,0.0769915,0
607395242173267967,0.0727089,0
607395242307485695,0.0767347,0
607395242575921151,0.0671264,0
607395242710138879,0.0657921,0
607395242844356607,0.063153,0
607395242978574335,0.0664331,0
607395243112792063,0.0647429,0
607395243247009791,0.0624595,0
607395243381227519,0.0702035,0
607395243649662975,0.0751446,0
607395243783880703,0.0675304,0
607395243918098431,0.0778761,0
607395244052316159,0.0773975,0
607395244186533887,0.0727152,0
607395244320751615,0.0739153,0
607395244454969343,0.075898,0
607395245797146623,0.0738095,0
607395245931364351,0.0771258,0
607395246065582079,0.0720858,0
607395246199799807,0.0723017,0
607395246334017535,0.0768303,0
607395246468235263,0.0788483,0
607395246602452991,0.0712646,0
607395246870888447,0.0764533,0
607395247005106175,0.0670269,0
607395247139323903,0.0757128,0
607395247273541631,0.0729357,0
607395247407759359,0.0717959,0
607395247541977087,0.0724352,0
607395247676194815,0.0804435,0
607395247944630271,0.0734673,0
607395248078847999,0.0781348,0
607395248213065727,0.0765954,0
607395248347283455,0.0750557,0
607395248481501183,0.0751211,0
607395248615718911,0.0728561,0
607395248749936639,0.0765327,0
607395249018372095,0.094979,0
607395249152589823,0.0741789,0
607395249286807551,0.0797812,0
607395249421025279,0.0757251,0
607395249555243007,0.0762247,0
607395249689460735,0.0764371,0
607395249823678463,0.0733674,0
607395250092113919,0.0743725,0
607395250226331647,0.0734354,0
607395250360549375,0.0730492,0
607395250494767103,0.0706872,0
607395250628984831,0.0757658,0
607395250763202559,0.0737431,0
607395250897420287,0.0755321,0
607395251165855743,0.0732461,0
607395251300073471,0.0709538,0
607395251434291199,0.0773031,0
607395251568508927,0.0748123,0
607395251702726655,0.0653611,0
607395251836944383,0.0658122,0
607395251971162111,0.0753803,0
607395252239597567,0.0745467,0
607395252373815295,0.0707393,0
607395252508033023,0.0771609,0
607395252642250751,0.0735848,0
607395252776468479,0.0723218,0
607395252910686207,0.0692723,0
607395253044903935,0.0724237,0
607395254387081215,0.211766,0
607395254521298943,0.0997202,0
607395254655516671,0.079223,0
607395254789734399,0.0776895,0
607395254923952127,0.204681,0
607395255058169855,0.185449,0
607395255192387583,0.18794,0
607395255460823039,0.0794665,0
607395255595040767,0.079062,0
607395255729258495,0.0774991,0
607395255863476223,0.0778853,0
607395255997693951,0.0804786,0
607395256131911679,0.078722,0
607395256266129407,0.0773689,0
607395256534564863,0.079051,0
607395256668782591,0.0809267,0
607395256803000319,0.077788,0
607395256937218047,0.0771866,0
607395257071435775,0.0761079,0
607395257205653503,0.0809362,0
607395257339871231,0.07695,0
607395257608306687,0.0795128,0
607395257742524415,0.0792103,0
607395257876742143,0.0799945,0
607395258010959871,0.080586,0
607395258145177599,0.0764306,0
607395258279395327,0.0747966,0
607395258413613055,0.0799264,0
607395258682048511,0.0827424,0
607395258816266239,0.078488,0
607395258950483967,0.085719,0
607395259084701695,0.0872467,0
607395259218919423,0.205097,0
607395259353137151,0.0854605,0
607395259487354879,0.145628,0
607395259755790335,0.0792642,0
607395259890008063,0.0811223,0
607395260024225791,0.0993219,0
607395260158443519,0.0787571,0
607395260292661247,0.0853229,0
607395260426878975,0.0875331,0
607395260561096703,0.0839622,0
607395260829532159,0.0781816,0
607395260963749887,0.0793167,0
607395261097967615,0.0803265,0
607395261232185343,0.0770503,0
607395261366403071,0.0842015,0
607395261500620799,0.0814174,0
607395261634838527,0.0847588,0
607395262977015807,0.0831836,0
607395263111233535,0.0825823,0
607395263245451263,0.0851479,0
607395263379668991,0.0845131,0
607395263513886719,0.0836213,0
607395263648104447,0.0708761,0
607395263782322175,0.0802359,0
607395264050757631,0.0693442,0
607395264184975359,0.068948,0
607395264319193087,0.0851701,0
607395264453410815,0.0686251,0
607395264587628543,0.0678355,0
607395264721846271,0.0684308,0
607395264856063999,0.0702815,0
607395265124499455,0.085297,0
607395265258717183,0.0864842,0
607395265392934911,0.0883702,0
607395265527152639,0.0886093,0
607395265661370367,0.0832378,0
607395265795588095,0.0821307,0
607395265929805823,0.0867184,0
607395266198241279,0.0859523,0
607395266332459007,0.0844477,0
607395266466676735,0.0870028,0
607395266600894463,0.0841945,0
607395266735112191,0.0855529,0
607395266869329919,0.0857176,0
607395267003547647,0.0820254,0
607395267271983103,0.0768809,0
607395267406200831,0.0712746,0
607395267540418559,0.0771498,0
607395267674636287,0.0784142,0
607395267808854015,0.075795,0
607395267943071743,0.0662571,0
607395268077289471,0.0806075,0
607395268345724927,0.0734824,0
607395268479942655,0.0723262,0
607395268614160383,0.0691675,0
607395268748378111,0.0688764,0
607395268882595839,0.0750006,0
607395269016813567,0.0741086,0
607395269151031295,0.0730394,0
607395269419466751,0.0781751,0
607395269553684479,0.0792684,0
607395269687902207,0.0797623,0
607395269822119935,0.0768832,0
607395269956337663,0.076912,0
607395270090555391,0.0739578,0
607395270224773119,0.0777313,0
607395271566950399,0.0711028,0
607395271701168127,0.0679483,0
607395271835385855,0.0803738,0
607395271969603583,0.0719956,0
607395272103821311,0.0734024,0
607395272238039039,0.0697311,0
607395272372256767,0.0789558,0
607395272640692223,0.0660769,0
607395272774909951,0.0660606,0
607395272909127679,0.0695406,0
607395273043345407,0.0680891,0
607395273177563135,0.0679366,0
607395273311780863,0.0675976,0
607395273445998591,0.0686326,0
607395273714434047,0.0709786,0
607395273848651775,0.0722758,0
607395273982869503,0.0949671,0
607395274117087231,0.0787134,0
607395274251304959,0.081162,0
607395274385522687,0.0742129,0
607395274519740415,0.0786391,0
607395274788175871,0.0668516,0
607395274922393599,0.0653008,0
607395275056611327,0.0653072,0
607395275190829055,0.063392,0
607395275325046783,0.0679667,0
607395275459264511,0.0647173,0
607395275593482239,0.067259,0
607395275861917695,0.0758756,0
607395275996135423,0.0747818,0
607395276130353151,0.0808663,0
607395276264570879,0.0736348,0
607395276398788607,0.0692852,0
607395276533006335,0.0735214,0
607395276667224063,0.0757676,0
607395276935659519,0.0729763,0
607395277069877247,0.0673934,0
607395277204094975,0.0738302,0
607395277338312703,0.07058,0
607395277472530431,0.0758522,0
607395277606748159,0.0730106,0
607395277740965887,0.0783413,0
607395278009401343,0.0818909,0
607395278143619071,0.0786057,0
607395278277836799,0.0822825,0
607395278412054527,0.0812277,0
607395278546272255,0.0806042,0
607395278680489983,0.0802994,0
607395278814707711,0.0786638,0
607395280156884991,0.0633541,0
607395280291102719,0.065641,0
607395280425320447,0.0629225,0
607395280559538175,0.0638934,0
607395280693755903,0.0653457,0
607395280827973631,0.068324,0
607395280962191359,0.0613733,0
607395281230626815,0.0651964,0
607395281364844543,0.0653386,0
607395281499062271,0.0643646,0
607395281633279999,0.0658245,0
607395281767497727,0.065401,0
607395281901715455,0.0657281,0
607395282035933183,0.0679241,0
607395282304368639,0.0640356,0
607395282438586367,0.0704667,0
607395282572804095,0.0674594,0
607395282707021823,0.0693773,0
607395282841239551,0.0656948,0
607395282975457279,0.0688054,0
607395283109675007,0.0645608,0
607395283378110463,0.0608117,0
607395283512328191,0.0620866,0
607395283646545919,0.066416,0
607395283780763647,0.0627397,0
607395283914981375,0.0653779,0
607395284049199103,0.0647069,0
607395284183416831,0.0621023,0
607395284451852287,0.0655981,0
607395284586070015,0.0651723,0
607395284720287743,0.0675436,0
607395284854505471,0.0642137,0
607395284988723199,0.0659249,0
607395285122940927,0.0671597,0
607395285257158655,0.0683407,0
607395285525594111,0.0678237,0
607395285659811839,0.0653921,0
607395285794029567,0.0658297,0
607395285928247295,0.0706047,0
607395286062465023,0.06679,0
607395286196682751,0.0695066,0
607395286330900479,0.0665874,0
607395286599335935,0.0666282,0
607395286733553663,0.0640218,0
607395286867771391,0.0631751,0
607395287001989119,0.064771,0
607395287136206847,0.0683514,0
607395287270424575,0.067933,0
607395287404642303,0.0659429,0
607395288746819583,0.0869204,0
607395288881037311,0.0851688,0
607395289015255039,0.102674,0
607395289149472767,0.0846092,0
607395289283690495,0.0871399,0
607395289417908223,0.0872732,0
607395289552125951,0.0834307,0
607395289820561407,0.0827368,0
607395289954779135,0.0782673,0
607395290088996863,0.0852215,0
607395290223214591,0.0802663,0
607395290357432319,0.0847288,0
607395290491650047,0.0806012,0
607395290625867775,0.0843766,0
607395290894303231,0.256414,0
607395291028520959,0.237863,0
607395291162738687,0.110847,0
607395291296956415,0.296457,0
607395291431174143,0.265819,0
607395291565391871,0.227879,0
607395291699609599,0.155962,0
607395291968045055,0.0873956,0
607395292102262783,0.0864218,0
607395292236480511,0.0863786,0
607395292370698239,0.0830932,0
607395292504915967,0.0863709,0
607395292639133695,0.0827898,0
607395292773351423,0.0854934,0
607395293041786879,0.0920215,0
607395293176004607,0.0863951,0
607395293310222335,0.100262,0
607395293444440063,0.0903595,0
607395293578657791,0.0985614,0
607395293712875519,0.0865072,0
607395293847093247,0.101209,0
607395294115528703,0.0858439,0
607395294249746431,0.0837012,0
607395294383964159,0.093196,0
607395294518181887,0.0817248,0
607395294652399615,0.0835931,0
607395294786617343,0.0820485,0
607395294920835071,0.0843075,0
607395295189270527,0.0849828,0
607395295323488255,0.0816744,0
607395295457705983,0.0904263,0
607395295591923711,0.132926,0
607395295726141439,0.0947191,0
607395295860359167,0.0894255,0
607395295994576895,0.0872328,0
607395305926688767,0.079514,0
607395306060906495,0.0773365,0
607395306195124223,0.0818679,0
607395306329341951,0.081287,0
607395306463559679,0.0802687,0
607395306597777407,0.0792974,0
607395306731995135,0.0800915,0
607395307000430591,0.0761905,0
607395307134648319,0.0718838,0
607395307268866047,0.0772364,0
607395307403083775,0.0709087,0
607395307537301503,0.0806764,0
607395307671519231,0.0709367,0
607395307805736959,0.0780261,0
607395308074172415,0.0888204,0
607395308208390143,0.0880076,0
607395308342607871,0.0878761,0
607395308476825599,0.0899209,0
607395308611043327,0.0831301,0
607395308745261055,0.0827505,0
607395308879478783,0.0768894,0
607395309147914239,0.0758769,0
607395309282131967,0.0759879,0
607395309416349695,0.082013,0
607395309550567423,0.0754608,0
607395309684785151,0.0795266,0
607395309819002879,0.0697924,0
607395309953220607,0.0830022,0
607395310221656063,0.0715792,0
607395310355873791,0.0765791,0
607395310490091519,0.0749226,0
607395310624309247,0.0726245,0
607395310758526975,0.0747091,0
607395310892744703,0.0732169,0
607395311026962431,0.0739173,0
607395311295397887,0.0801328,0
607395311429615615,0.0810896,0
607395311563833343,0.0804304,0
607395311698051071,0.07836,0
607395311832268799,0.079539,0
607395311966486527,0.0796063,0
607395312100704255,0.0839327,0
607395312369139711,0.073639,0
607395312503357439,0.0708361,0
607395312637575167,0.0737616,0
607395312771792895,0.0709945,0
607395312906010623,0.0752843,0
607395313040228351,0.0758126,0
607395313174446079,0.0722889,0
607395314516623359,0.0683855,0
607395314650841087,0.0710449,0
607395314785058815,0.0686185,0
607395314919276543,0.0711051,0
607395315053494271,0.0728038,0
607395315187711999,0.0738437,0
607395315321929727,0.0682982,0
607395315590365183,0.070487,0
607395315724582911,0.0676996,0
607395315858800639,0.0703202,0
607395315993018367,0.0672569,0
607395316127236095,0.0708703,0
607395316261453823,0.066169,0
607395316395671551,0.0761399,0
607395316664107007,0.0729275,0
607395316798324735,0.0751621,0
607395316932542463,0.075065,0
607395317066760191,0.074583,0
607395317200977919,0.0765319,0
607395317335195647,0.0739031,0
607395317469413375,0.0759338,0
607395317737848831,0.0746146,0
607395317872066559,0.0709785,0
607395318006284287,0.0735041,0
607395318140502015,0.0699604,0
607395318274719743,0.071871,0
607395318408937471,0.069573,0
607395318543155199,0.0751246,0
607395318811590655,0.0714132,0
607395318945808383,0.0713143,0
607395319080026111,0.0739992,0
607395319214243839,0.0715629,0
607395319348461567,0.0721598,0
607395319482679295,0.0705312,0
607395319616897023,0.0721393,0
607395319885332479,0.0690368,0
607395320019550207,0.0679053,0
607395320153767935,0.0738943,0
607395320287985663,0.0672129,0
607395320422203391,0.0670744,0
607395320556421119,0.0623619,0
607395320690638847,0.0693217,0
607395320959074303,0.0718002,0
607395321093292031,0.0714939,0
607395321227509759,0.0782155,0
607395321361727487,0.0792719,0
607395321495945215,0.073949,0
607395321630162943,0.0742239,0
607395321764380671,0.0708934,0
607395323106557951,0.0765337,0
607395323240775679,0.0737782,0
607395323374993407,0.0785782,0
607395323509211135,0.075436,0
607395323643428863,0.0723102,0
607395323777646591,0.0741828,0
607395323911864319,0.0698522,0
607395324180299775,0.085957,0
607395324314517503,0.0884617,0
607395324448735231,0.0885843,0
607395324582952959,0.0887152,0
607395324717170687,0.0821656,0
607395324851388415,0.0844117,0
607395324985606143,0.0749368,0
607395325254041599,0.0780184,0
607395325388259327,0.0777049,0
607395325522477055,0.0785504,0
607395325656694783,0.0788401,0
607395325790912511,0.0775063,0
607395325925130239,0.0782553,0
607395326059347967,0.0779198,0
607395326327783423,0.0950706,0
607395326462001151,0.0900316,0
607395326596218879,0.0864021,0
607395326730436607,0.0928473,0
607395326864654335,0.0749057,0
607395326998872063,0.0882395,0
607395327133089791,0.079154,0
607395327401525247,0.0704818,0
607395327535742975,0.0736568,0
607395327669960703,0.0713751,0
607395327804178431,0.0703585,0
607395327938396159,0.0672199,0
607395328072613887,0.070215,0
607395328206831615,0.0724399,0
607395328475267071,0.0762479,0
607395328609484799,0.0788024,0
607395328743702527,0.0763069,0
607395328877920255,0.0770731,0
607395329012137983,0.0699588,0
607395329146355711,0.0757395,0
607395329280573439,0.0711201,0
607395329549008895,0.0750462,0
607395329683226623,0.0748593,0
607395329817444351,0.0754567,0
607395329951662079,0.0784668,0
607395330085879807,0.071847,0
607395330220097535,0.0700825,0
607395330354315263,0.0721818,0
607395331696492543,0.0796102,0
607395331830710271,0.0790579,0
607395331964927999,0.080594,0
607395332099145727,0.0802753,0
607395332233363455,0.0763192,0
607395332367581183,0.0771773,0
607395332501798911,0.0787867,0
607395332770234367,0.076317,0
607395332904452095,0.071158,0
607395333038669823,0.0801386,0
607395333172887551,0.0779425,0
607395333307105279,0.0785472,0
607395333441323007,0.0740986,0
607395333575540735,0.0757878,0
607395333843976191,0.0921702,0
607395333978193919,0.0848386,0
607395334112411647,0.093107,0
607395334246629375,0.0906901,0
607395334380847103,0.0824106,0
607395334515064831,0.083735,0
607395334649282559,0.0897191,0
607395334917718015,0.0795652,0
607395335051935743,0.0791083,0
607395335186153471,0.0853277,0
607395335320371199,0.0800848,0
607395335454588927,0.079917,0
607395335588806655,0.0763838,0
607395335723024383,0.0844103,0
607395335991459839,0.0830558,0
607395336125677567,0.0748503,0
607395336259895295,0.0824466,0
607395336394113023,0.0773586,0
607395336528330751,0.0903473,0
607395336662548479,0.0817786,0
607395336796766207,0.0832224,0
607395337065201663,0.0800239,0
607395337199419391,0.0764772,0
607395337333637119,0.0835258,0
607395337467854847,0.0761795,0
607395337602072575,0.0791836,0
607395337736290303,0.0785733,0
607395337870508031,0.0762436,0
607395338138943487,0.0878809,0
607395338273161215,0.0814036,0
607395338407378943,0.0905198,0
607395338541596671,0.0859742,0
607395338675814399,0.0876858,0
607395338810032127,0.0875944,0
607395338944249855,0.0852646,0
607395340286427135,0.0633351,0
607395340420644863,0.0644874,0
607395340554862591,0.0707233,0
607395340689080319,0.0696101,0
607395340823298047,0.0631153,0
607395340957515775,0.0614775,0
607395341091733503,0.0692286,0
607395341360168959,0.0660901,0
607395341494386687,0.0708139,0
607395341628604415,0.0631483,0
607395341762822143,0.070885,0
607395342165475327,0.0681342,0
607395342433910783,0.0709677,0
607395342568128511,0.0716501,0
607395342702346239,0.0710317,0
607395342836563967,0.0730041,0
607395342970781695,0.0702793,0
607395343104999423,0.0713936,0
607395343239217151,0.0719952,0
607395343507652607,0.0741022,0
607395343641870335,0.0773027,0
607395343776088063,0.0724993,0
607395343910305791,0.074655,0
607395344044523519,0.0654267,0
607395344178741247,0.0678188,0
607395344312958975,0.0743834,0
607395344849829887,0.0694975,0
607395344984047615,0.0707653,0
607395346728878079,0.0684156,0
607395346863095807,0.070698,0
607395346997313535,0.0706403,0
607395347131531263,0.069973,0
607395347265748991,0.0689658,0
607395347399966719,0.0706795,0
607395347534184447,0.0689121,0
607395348876361727,0.0657132,0
607395349010579455,0.0689516,0
607395349144797183,0.0652897,0
607395349279014911,0.066753,0
607395349413232639,0.0699133,0
607395349547450367,0.0713835,0
607395349681668095,0.0901506,0
607395349950103551,0.0729619,0
607395350084321279,0.067448,0
607395350218539007,0.0713186,0
607395350352756735,0.067126,0
607395350755409919,0.069507,0
607395351023845375,0.0731292,0
607395351158063103,0.0694519,0
607395351292280831,0.0769997,0
607395351426498559,0.0725568,0
607395351560716287,0.0735633,0
607395351694934015,0.0706041,0
607395351829151743,0.0775859,0
607395352097587199,0.0675572,0
607395352231804927,0.0627783,0
607395352366022655,0.0676019,0
607395352500240383,0.0656625,0
607395352634458111,0.065359,0
607395352768675839,0.067141,0
607395352902893567,0.0659155,0
607395353439764479,0.0714368,0
607395353573982207,0.0756569,0
607395355318812671,0.0738886,0
607395355453030399,0.0943071,0
607395355587248127,0.0746172,0
607395355721465855,0.0739203,0
607395355855683583,0.0749858,0
607395355989901311,0.0829148,0
607395356124119039,0.074189,0
607395357466296319,0.068844,0
607395357600514047,0.0701648,0
607395357734731775,0.0667774,0
607395357868949503,0.0696842,0
607395358003167231,0.0668323,0
607395358137384959,0.0680224,0
607395358271602687,0.0693835,0
607395358540038143,0.0743512,0
607395358674255871,0.075149,0
607395358808473599,0.0723004,0
607395358942691327,0.0736755,0
607395359076909055,0.0750195,0
607395359211126783,0.0732405,0
607395359345344511,0.0708776,0
607395359613779967,0.0658928,0
607395359747997695,0.0732679,0
607395359882215423,0.0879513,0
607395360016433151,0.0749311,0
607395360150650879,0.0934376,0
607395360284868607,0.0660651,0
607395360419086335,0.0681703,0
607395360687521791,0.0688007,0
607395360821739519,0.0730778,0
607395360955957247,0.0639935,0
607395361090174975,0.0693008,0
607395361224392703,0.0684317,0
607395361358610431,0.0677845,0
607395361492828159,0.0646381,0
607395361761263615,0.0626201,0
607395361895481343,0.067041,0
607395362029699071,0.0660845,0
607395362163916799,0.0676127,0
607395362298134527,0.0649703,0
607395362432352255,0.0648596,0
607395362566569983,0.0663466,0
607395362835005439,0.068589,0
607395362969223167,0.0679064,0
607395363103440895,0.0657512,0
607395363237658623,0.0705877,0
607395363371876351,0.0695157,0
607395363506094079,0.0675894,0
607395363640311807,0.0662839,0
607395363908747263,0.0638435,0
607395364042964991,0.0646752,0
607395364177182719,0.0667698,0
607395364311400447,0.0665151,0
607395364445618175,0.0631872,0
607395364579835903,0.0632164,0
607395364714053631,0.0663055,0
607395374646165503,0.147585,0
607395374780383231,0.144522,0
607395374914600959,0.151421,0
607395375048818687,0.14725,0
607395375183036415,0.140637,0
607395375317254143,0.133094,0
607395375451471871,0.15005,0
607395375719907327,0.118253,0
607395375854125055,0.118444,0
607395375988342783,0.126457,0
607395376122560511,0.130505,0
607395376256778239,0.101975,0
607395376390995967,0.108509,0
607395376525213695,0.12688,0
607395376793649151,0.174748,0
607395376927866879,0.157237,0
607395377062084607,0.170273,0
607395377196302335,0.175794,0
607395377330520063,0.157082,0
607395377464737791,0.155779,0
607395377598955519,0.183899,0
607395377867390975,0.143903,0
607395378001608703,0.149431,0
607395378135826431,0.156129,0
607395378270044159,0.149542,0
607395378404261887,0.136369,0
607395378538479615,0.127684,0
607395378672697343,0.149725,0
607395378941132799,0.135448,0
607395379075350527,0.122064,0
607395379209568255,0.149004,0
607395379343785983,0.133485,0
607395379478003711,0.115269,0
607395379612221439,0.113407,0
607395379746439167,0.143147,0
607395380014874623,0.112245,0
607395380149092351,0.0956753,0
607395380283310079,0.129007,0
607395380417527807,0.112816,0
607395380551745535,0.0970391,0
607395380685963263,0.0905158,0
607395380820180991,0.115647,0
607395381088616447,0.171682,0
607395381222834175,0.153841,0
607395381357051903,0.178896,0
607395381491269631,0.17603,0
607395381625487359,0.158823,0
607395381759705087,0.159929,0
607395381893922815,0.180153,0
607395383236100095,0.11622,0
607395383370317823,0.1204,0
607395383504535551,0.116742,0
607395383638753279,0.125176,0
607395383772971007,0.103703,0
607395383907188735,0.114952,0
607395384041406463,0.116391,0
607395384309841919,0.109049,0
607395384444059647,0.111841,0
607395384578277375,0.122767,0
607395384712495103,0.124775,0
607395384846712831,0.104047,0
607395384980930559,0.0986091,0
607395385115148287,0.117428,0
607395385383583743,0.144482,0
607395385517801471,0.152743,0
607395385652019199,0.157527,0
607395385786236927,0.162235,0
607395385920454655,0.131124,0
607395386054672383,0.140569,0
607395386188890111,0.146006,0
607395386457325567,0.140968,0
607395386591543295,0.142443,0
607395386725761023,0.140163,0
607395386859978751,0.141601,0
607395386994196479,0.128292,0
607395387128414207,0.125721,0
607395387262631935,0.143727,0
607395387531067391,0.104607,0
607395387665285119,0.113337,0
607395387799502847,0.113487,0
607395387933720575,0.109654,0
607395388067938303,0.102048,0
607395388202156031,0.10544,0
607395388336373759,0.098482,0
607395388604809215,0.105117,0
607395388739026943,0.104449,0
607395388873244671,0.106114,0
607395389007462399,0.106229,0
607395389141680127,0.103629,0
607395389275897855,0.0991634,0
607395389410115583,0.100035,0
607395389678551039,0.14072,0
607395389812768767,0.131555,0
607395389946986495,0.146599,0
607395390081204223,0.146425,0
607395390215421951,0.130018,0
607395390349639679,0.120861,0
607395390483857407,0.138465,0
607395391826034687,0.21556,0
607395391960252415,0.206224,0
607395392094470143,0.211005,0
607395392228687871,0.205278,0
607395392362905599,0.281668,0
607395392497123327,0.221949,0
607395392631341055,0.216441,0
607395392899776511,0.192763,0
607395393033994239,0.188159,0
607395393168211967,0.202518,0
607395393302429695,0.244106,0
607395393436647423,0.186334,0
607395393570865151,0.182884,0
607395393705082879,0.207164,0
607395393973518335,0.196337,0
607395394107736063,0.191369,0
607395394241953791,0.221029,0
607395394376171519,0.209018,0
607395394510389247,0.210833,0
607395394644606975,0.209455,0
607395394778824703,0.203812,0
607395395047260159,0.191979,0
607395395181477887,0.192262,0
607395395315695615,0.192745,0
607395395449913343,0.188909,0
607395395584131071,0.201844,0
607395395718348799,0.196599,0
607395395852566527,0.201656,0
607395396121001983,0.20657,0
607395396255219711,0.274694,0
607395396389437439,0.223785,0
607395396523655167,0.2214,0
607395396657872895,0.216989,0
607395396792090623,0.212279,0
607395396926308351,0.218346,0
607395397194743807,0.187759,0
607395397328961535,0.18833,0
607395397463179263,0.261699,0
607395397597396991,0.192124,0
607395397731614719,0.195893,0
607395397865832447,0.187943,0
607395398000050175,0.227349,0
607395398268485631,0.218033,0
607395398402703359,0.209078,0
607395398536921087,0.218073,0
607395398671138815,0.211654,0
607395398805356543,0.226247,0
607395398939574271,0.215332,0
607395399073791999,0.226188,0
607395400415969279,0.169583,0
607395400550187007,0.176138,0
607395400684404735,0.176358,0
607395400818622463,0.184929,0
607395400952840191,0.164065,0
607395401087057919,0.16995,0
607395401221275647,0.176577,0
607395401489711103,0.17733,0
607395401623928831,0.171303,0
607395401758146559,0.175398,0
607395401892364287,0.184313,0
607395402026582015,0.152778,0
607395402160799743,0.158604,0
607395402295017471,0.177989,0
607395402563452927,0.172397,0
607395402697670655,0.170036,0
607395402831888383,0.174688,0
607395402966106111,0.177007,0
607395403100323839,0.181047,0
607395403234541567,0.184892,0
607395403368759295,0.164677,0
607395403637194751,0.175793,0
607395403771412479,0.18315,0
607395403905630207,0.179461,0
607395404039847935,0.173373,0
607395404174065663,0.179686,0
607395404308283391,0.1757,0
607395404442501119,0.176199,0
607395404710936575,0.174947,0
607395404845154303,0.166773,0
607395404979372031,0.174414,0
607395405113589759,0.161836,0
607395405247807487,0.162368,0
607395405382025215,0.164072,0
607395405516242943,0.175559,0
607395405784678399,0.173403,0
607395405918896127,0.162857,0
607395406053113855,0.168212,0
607395406187331583,0.172064,0
607395406321549311,0.151789,0
607395406455767039,0.163272,0
607395406589984767,0.160462,0
607395406858420223,0.197102,0
607395406992637951,0.186542,0
607395407126855679,0.186219,0
607395407261073407,0.182218,0
607395407395291135,0.189521,0
607395407529508863,0.189784,0
607395407663726591,0.195482,0
607395409005903871,0.0985065,0
607395409140121599,0.0987517,0
607395409274339327,0.110203,0
607395409408557055,0.0963284,0
607395409542774783,0.094612,0
607395409676992511,0.0923899,0
607395409811210239,0.107344,0
607395410079645695,0.0840169,0
607395410213863423,0.0752761,0
607395410348081151,0.0941833,0
607395410482298879,0.0899905,0
607395410616516607,0.0831147,0
607395410750734335,0.0783491,0
607395410884952063,0.0903044,0
607395411153387519,0.119179,0
607395411287605247,0.120672,0
607395411421822975,0.144613,0
607395411556040703,0.124573,0
607395411690258431,0.123369,0
607395411824476159,0.109831,0
607395411958693887,0.136039,0
607395412227129343,0.0965634,0
607395412361347071,0.0926692,0
607395412495564799,0.110587,0
607395412629782527,0.0992784,0
607395412764000255,0.09041,0
607395412898217983,0.0861007,0
607395413032435711,0.101906,0
607395413300871167,0.105912,0
607395413435088895,0.105083,0
607395413569306623,0.10364,0
607395413703524351,0.101599,0
607395413837742079,0.095963,0
607395413971959807,0.0947463,0
607395414106177535,0.103618,0
607395414374612991,0.0878388,0
607395414508830719,0.0883533,0
607395414643048447,0.0960593,0
607395414777266175,0.0866079,0
607395414911483903,0.0845233,0
607395415045701631,0.0803995,0
607395415179919359,0.0916224,0
607395415448354815,0.113166,0
607395415582572543,0.107148,0
607395415716790271,0.120987,0
607395415851007999,0.115535,0
607395415985225727,0.108843,0
607395416119443455,0.102333,0
607395416253661183,0.11706,0
607395417595838463,0.0834035,0
607395417730056191,0.0778209,0
607395417864273919,0.0804882,0
607395417998491647,0.0824013,0
607395418132709375,0.0787991,0
607395418266927103,0.0763207,0
607395418401144831,0.079622,0
607395418669580287,0.0838665,0
607395418803798015,0.0821871,0
607395418938015743,0.0910994,0
607395419072233471,0.0847109,0
607395419206451199,0.088238,0
607395419340668927,0.0840533,0
607395419474886655,0.0732714,0
607395419743322111,0.0873213,0
607395419877539839,0.0904037,0
607395420011757567,0.0969716,0
607395420145975295,0.100735,0
607395420280193023,0.0865915,0
607395420414410751,0.0815667,0
607395420548628479,0.0855848,0
607395420817063935,0.0891351,0
607395420951281663,0.0914614,0
607395421085499391,0.0973403,0
607395421219717119,0.107112,0
607395421353934847,0.0869386,0
607395421488152575,0.090734,0
607395421622370303,0.0832361,0
607395421890805759,0.0765043,0
607395422025023487,0.077362,0
607395422159241215,0.0755407,0
607395422293458943,0.0744808,0
607395422427676671,0.0817483,0
607395422561894399,0.0834678,0
607395422696112127,0.075649,0
607395422964547583,0.188914,0
607395423098765311,0.0874996,0
607395423232983039,0.0947616,0
607395423367200767,0.0770535,0
607395423501418495,0.180236,0
607395423635636223,0.0835295,0
607395423769853951,0.190572,0
607395424038289407,0.0862677,0
607395424172507135,0.0779879,0
607395424306724863,0.0915117,0
607395424440942591,0.080682,0
607395424575160319,0.0918182,0
607395424709378047,0.0797547,0
607395424843595775,0.0888336,0
607395426185773055,0.207111,0
607395426319990783,0.199422,0
607395426454208511,0.234313,0
607395426588426239,0.218555,0
607395426722643967,0.201139,0
607395426856861695,0.196553,0
607395426991079423,0.222245,0
607395427259514879,0.177782,0
607395427393732607,0.166233,0
607395427527950335,0.187616,0
607395427662168063,0.186786,0
607395427796385791,0.172784,0
607395427930603519,0.154681,0
607395428064821247,0.190722,0
607395428333256703,0.226879,0
607395428467474431,0.220844,0
607395428601692159,0.228466,0
607395428735909887,0.220518,0
607395428870127615,0.242583,0
607395429004345343,0.235537,0
607395429138563071,0.223669,0
607395429406998527,0.228483,0
607395429541216255,0.198851,0
607395429675433983,0.213515,0
607395429809651711,0.204133,0
607395429943869439,0.212094,0
607395430078087167,0.200495,0
607395430212304895,0.219734,0
607395430480740351,0.196248,0
607395430614958079,0.186364,0
607395430749175807,0.207689,0
607395430883393535,0.216626,0
607395431017611263,0.185385,0
607395431151828991,0.173763,0
607395431286046719,0.209533,0
607395431554482175,0.159171,0
607395431688699903,0.155287,0
607395431822917631,0.179601,0
607395431957135359,0.170296,0
607395432091353087,0.135399,0
607395432225570815,0.133134,0
607395432359788543,0.163172,0
607395432628223999,0.221569,0
607395432762441727,0.234565,0
607395432896659455,0.238565,0
607395433030877183,0.239679,0
607395433165094911,0.216577,0
607395433299312639,0.218743,0
607395433433530367,0.221998,0
607395512085118975,0.664466,0
607395512353554431,0.472203,0
607395512487772159,0.617165,0
607395512621989887,0.598816,0
607395512890425343,0.489427,0
607395514232602623,0.636044,0
607395514366820351,0.525184,0
607395514501038079,0.522052,0
607395514635255807,0.637931,0
607395514769473535,0.612298,0
607395514903691263,0.54911,0
607395515037908991,0.426703,0
607395515574779903,0.533202,0
607395515843215359,0.555884,0
607395516111650815,0.585275,0
607395516380086271,0.575685,0
607395516514303999,0.610167,0
607395516648521727,0.687134,0
607395516782739455,0.544192,0
607395516916957183,0.449689,0
607395517051174911,0.559381,0
607395517185392639,0.467117,0
607395517990699007,0.68077,0
607395518259134463,0.637129,0
607395518527569919,0.417152,0
607395518661787647,0.657851,0
607395518796005375,0.356525,0
607395518930223103,0.430468,0
607395519064440831,0.454192,0
607395519198658559,0.608151,0
607395519332876287,0.406831,0
607395521748795391,1.05138,0
607395521883013119,1.22119,0
607395522017230847,0.896418,0
607395522151448575,1.07007,0
607395523090972671,0.590237,0
607395523896279039,0.871304,0
607395524030496767,0.803281,0
607395524164714495,0.685034,0
607395524298932223,0.767924,0
607395524433149951,0.788264,0
607395524567367679,0.948206,0
607395524701585407,0.703878,0
607395527385939967,0.612122,0
607395529264988159,0.253401,0
607395529399205887,0.292936,0
607395529533423615,0.292736,0
607395529667641343,0.279997,0
607395529801859071,0.28211,0
607395529936076799,0.283844,0
607395530070294527,0.27199,0
607395530338729983,0.400583,0
607395530472947711,0.542789,0
607395530607165439,0.343537,0
607395530741383167,0.496727,0
607395530875600895,0.365377,0
607395531009818623,0.53073,0
607395531144036351,0.321852,0
607395531412471807,0.238458,0
607395531546689535,0.301715,0
607395531680907263,0.221474,0
607395531815124991,0.231688,0
607395531949342719,0.273317,0
607395532083560447,0.276417,0
607395532217778175,0.227997,0
607395532486213631,0.46562,0
607395532620431359,0.330201,0
607395532754649087,0.365587,0
607395532888866815,0.364833,0
607395533023084543,0.313148,0
607395533157302271,0.346098,0
607395533291519999,0.394672,0
607395533559955455,0.276998,0
607395533694173183,0.268977,0
607395533828390911,0.314112,0
607395533962608639,0.265748,0
607395534096826367,0.296723,0
607395534231044095,0.315406,0
607395534365261823,0.307297,0
607395534633697279,0.30105,0
607395534767915007,0.349206,0
607395534902132735,0.281264,0
607395535036350463,0.305677,0
607395535170568191,0.30338,0
607395535304785919,0.330734,0
607395535439003647,0.290923,0
607395535707439103,0.283122,0
607395535841656831,0.248739,0
607395535975874559,0.244275,0
607395536110092287,0.249363,0
607395536244310015,0.297709,0
607395536378527743,0.300075,0
607395536512745471,0.293459,0
607395537854922751,0.626339,0
607395537989140479,0.829742,0
607395538123358207,0.538817,0
607395538257575935,0.635539,0
607395538391793663,0.530551,0
607395538526011391,0.840913,0
607395538660229119,0.654044,0
607395538928664575,0.561813,0
607395539062882303,0.583093,0
607395539197100031,0.771524,0
607395539331317759,0.791386,0
607395539733970943,0.773637,0
607395540002406399,0.360252,0
607395540136624127,0.375801,0
607395540270841855,0.33243,0
607395540405059583,0.332679,0
607395540539277311,0.419028,0
607395540673495039,0.410389,0
607395540807712767,0.341584,0
607395541076148223,0.637904,0
607395541210365951,0.518011,0
607395541344583679,0.422104,0
607395541478801407,0.46583,0
607395541613019135,0.690626,0
607395541747236863,0.712186,0
607395541881454591,0.606037,0
607395542149890047,0.570081,0
607395542418325503,0.526679,0
607395542552543231,0.604311,0
607395542686760959,0.639584,0
607395542955196415,0.57859,0
607395543223631871,0.68145,0
607395543357849599,0.525541,0
607395543492067327,0.563295,0
607395543626285055,0.781813,0
607395544297373695,0.637326,0
607395544431591423,0.688022,0
607395544565809151,0.389882,0
607395544700026879,0.452136,0
607395544834244607,0.613465,0
607395544968462335,0.745979,0
607395545102680063,0.478375,0
607395546444857343,0.536664,0
607395546713292799,0.48989,0
607395546847510527,0.636038,0
607395546981728255,0.49738,0
607395547115945983,0.69859,0
607395547250163711,0.667583,0
607395547518599167,0.698708,0
607395547652816895,0.561245,0
607395547787034623,0.598308,0
607395547921252351,0.486002,0
607395548592340991,0.626645,0
607395548726558719,0.527622,0
607395548860776447,0.535874,0
607395548994994175,0.506889,0
607395549129211903,0.697389,0
607395549263429631,0.570392,0
607395549397647359,0.764949,0
607395549666082815,0.469088,0
607395549800300543,0.663981,0
607395549934518271,0.591053,0
607395550068735999,0.470501,0
607395550202953727,0.647955,0
607395550337171455,0.484587,0
607395550471389183,0.631347,0
607395550739824639,0.802388,0
607395550874042367,0.534365,0
607395551008260095,1.00851,0
607395551142477823,0.730883,0
607395551276695551,0.739123,0
607395551410913279,0.634541,0
607395551545131007,0.780747,0
607395551813566463,0.641443,0
607395551947784191,0.644494,0
607395552082001919,0.661459,0
607395552350437375,0.563119,0
607395552484655103,0.599445,0
607395552618872831,0.598002,0
607395552887308287,1.01871,0
607395553021526015,0.543979,0
607395553155743743,0.761691,0
607395553289961471,0.951181,0
607395553424179199,0.771242,0
607395553558396927,0.910109,0
607395553692614655,0.648665,0
607395560135065599,0.665349,0
607395560403501055,0.608853,0
607395560537718783,0.782137,0
607395560940371967,0.614541,0
607395561074589695,0.527708,0
607395562014113791,0.666608,0
607395562282549247,0.689586,0
607395563624726527,0.526861,0
607395563758944255,0.505514,0
607395563893161983,0.429504,0
607395564027379711,0.451145,0
607395564161597439,0.629568,0
607395564295815167,0.602192,0
607395564430032895,0.511338,0
607395564698468351,0.713085,0
607395564832686079,0.632849,0
607395564966903807,0.493236,0
607395565101121535,0.473704,0
607395565235339263,0.70643,0
607395565369556991,0.626963,0
607395565503774719,0.727315,0
607395565772210175,0.319611,0
607395565906427903,0.314591,0
607395566040645631,0.333048,0
607395566174863359,0.306652,0
607395566309081087,0.382959,0
607395566443298815,0.347791,0
607395566577516543,0.341315,0
607395566845951999,0.340067,0
607395566980169727,0.327429,0
607395567114387455,0.29547,0
607395567248605183,0.302875,0
607395567382822911,0.394959,0
607395567517040639,0.409712,0
607395567651258367,0.339902,0
607395567919693823,0.511601,0
607395568053911551,0.597219,0
607395568188129279,0.457933,0
607395568322347007,0.553154,0
607395568456564735,0.5131,0
607395568590782463,0.586066,0
607395568725000191,0.471613,0
607395568993435647,0.735563,0
607395569127653375,0.76199,0
607395569261871103,0.610358,0
607395569396088831,0.736402,0
607395569530306559,0.620208,0
607395569664524287,0.720257,0
607395569798742015,0.577487,0
607395570067177471,0.396602,0
607395570201395199,0.389947,0
607395570335612927,0.33163,0
607395570469830655,0.385538,0
607395570604048383,0.437687,0
607395570738266111,0.41098,0
607395570872483839,0.332955,0
607395580804595711,0.507965,0
607395580938813439,0.452682,0
607395581073031167,0.514291,0
607395581207248895,0.434946,0
607395581341466623,0.54661,0
607395581475684351,0.493021,0
607395581609902079,0.536026,0
607395581878337535,0.525802,0
607395582012555263,0.479789,0
607395582146772991,0.489607,0
607395582280990719,0.464228,0
607395582415208447,0.481363,0
607395582549426175,0.525116,0
607395582683643903,0.501923,0
607395582952079359,0.412866,0
607395583086297087,0.419462,0
607395583220514815,0.425938,0
607395583354732543,0.407785,0
607395583488950271,0.506722,0
607395583623167999,0.440271,0
607395583757385727,0.489017,0
607395584025821183,0.460275,0
607395584160038911,0.445889,0
607395584294256639,0.43888,0
607395584428474367,0.43618,0
607395584562692095,0.442652,0
607395584696909823,0.462272,0
607395584831127551,0.428255,0
607395585099563007,0.613639,0
607395585233780735,0.548066,0
607395585367998463,0.70126,0
607395585502216191,0.566536,0
607395585636433919,0.594011,0
607395585770651647,0.58547,0
607395585904869375,0.644291,0
607395586173304831,0.483783,0
607395586307522559,0.494348,0
607395586441740287,0.531695,0
607395586575958015,0.47037,0
607395586710175743,0.548896,0
607395586844393471,0.48005,0
607395586978611199,0.523784,0
607395587247046655,0.60564,0
607395587381264383,0.541363,0
607395587515482111,0.602387,0
607395587649699839,0.53134,0
607395587783917567,0.696796,0
607395587918135295,0.590531,0
607395588052353023,0.742165,0
607395589394530303,0.387995,0
607395589528748031,0.384777,0
607395589662965759,0.389853,0
607395589797183487,0.387452,0
607395589931401215,0.390198,0
607395590065618943,0.389498,0
607395590199836671,0.40629,0
607395590468272127,0.352648,0
607395590602489855,0.35146,0
607395590736707583,0.362226,0
607395590870925311,0.34675,0
607395591005143039,0.359056,0
607395591139360767,0.347861,0
607395591273578495,0.374153,0
607395591542013951,0.365404,0
607395591676231679,0.366476,0
607395591810449407,0.36916,0
607395591944667135,0.370534,0
607395592078884863,0.381741,0
607395592213102591,0.370836,0
607395592347320319,0.37891,0
607395592615755775,0.347595,0
607395592749973503,0.345325,0
607395592884191231,0.345377,0
607395593018408959,0.335794,0
607395593152626687,0.358232,0
607395593286844415,0.348785,0
607395593421062143,0.359747,0
607395593689497599,0.453515,0
607395593823715327,0.420369,0
607395593957933055,0.450135,0
607395594092150783,0.414457,0
607395594226368511,0.483469,0
607395594360586239,0.433035,0
607395594494803967,0.468391,0
607395594763239423,0.409794,0
607395594897457151,0.388645,0
607395595031674879,0.405375,0
607395595165892607,0.402658,0
607395595300110335,0.7495,0
607395595434328063,0.670377,0
607395595568545791,0.437969,0
607395595836981247,0.435744,0
607395595971198975,0.410228,0
607395596105416703,0.433503,0
607395596239634431,0.408511,0
607395596373852159,0.464866,0
607395596508069887,0.434462,0
607395596642287615,0.450581,0
607395597984464895,0.5426,0
607395598118682623,0.454564,0
607395598252900351,0.548295,0
607395598387118079,0.489899,0
607395598521335807,0.634343,0
607395598655553535,0.520517,0
607395598789771263,0.544428,0
607395599058206719,0.405042,0
607395599192424447,0.444303,0
607395599326642175,0.405893,0
607395599460859903,0.415444,0
607395599595077631,0.430294,0
607395599729295359,0.415833,0
607395599863513087,0.459634,0
607395600131948543,0.480111,0
607395600266166271,0.410734,0
607395600400383999,0.463666,0
607395600534601727,0.430702,0
607395600668819455,0.528179,0
607395600803037183,0.490425,0
607395600937254911,0.491639,0
607395601205690367,0.376553,0
607395601339908095,0.374806,0
607395601474125823,0.383697,0
607395601608343551,0.36753,0
607395601742561279,0.404621,0
607395601876779007,0.379213,0
607395602010996735,0.421268,0
607395602279432191,0.757708,0
607395602413649919,0.577379,0
607395602547867647,0.795137,0
607395602682085375,0.60718,0
607395602816303103,0.991728,0
607395602950520831,0.704275,0
607395603084738559,1.20981,0
607395603353174015,0.603396,0
607395603487391743,0.494005,0
607395603621609471,0.684604,0
607395603755827199,0.498461,0
607395603890044927,0.583043,0
607395604024262655,0.54266,0
607395604158480383,0.589616,0
607395604426915839,0.5745,0
607395604561133567,0.550413,0
607395604695351295,0.519576,0
607395604829569023,0.49318,0
607395604963786751,0.811442,0
607395605098004479,0.57027,0
607395605232222207,0.768368,0
607395606574399487,0.379491,0
607395606708617215,0.368517,0
607395606842834943,0.386275,0
607395606977052671,0.361,0
607395607111270399,0.402113,0
607395607245488127,0.378998,0
607395607379705855,0.386131,0
607395607648141311,0.358371,0
607395607782359039,0.354612,0
607395607916576767,0.363235,0
607395608050794495,0.353494,0
607395608185012223,0.36712,0
607395608319229951,0.36696,0
607395608453447679,0.36021,0
607395608721883135,0.359757,0
607395608856100863,0.357695,0
607395608990318591,0.351945,0
607395609124536319,0.359159,0
607395609258754047,0.381271,0
607395609392971775,0.366094,0
607395609527189503,0.379003,0
607395609795624959,0.342459,0
607395609929842687,0.344496,0
607395610064060415,0.351743,0
607395610198278143,0.332673,0
607395610332495871,0.348085,0
607395610466713599,0.35702,0
607395610600931327,0.35305,0
607395610869366783,0.424018,0
607395611003584511,0.414705,0
607395611137802239,0.413917,0
607395611272019967,0.404334,0
607395611406237695,0.430476,0
607395611540455423,0.435071,0
607395611674673151,0.437547,0
607395611943108607,0.409084,0
607395612077326335,0.387815,0
607395612211544063,0.41036,0
607395612345761791,0.371848,0
607395612479979519,0.434443,0
607395612614197247,0.413398,0
607395612748414975,0.424936,0
607395613016850431,0.391609,0
607395613151068159,0.378759,0
607395613285285887,0.389191,0
607395613419503615,0.371011,0
607395613553721343,0.40229,0
607395613687939071,0.406798,0
607395613822156799,0.389227,0
607395615164334079,1.08393,0
607395615298551807,0.710611,0
607395615432769535,1.02876,0
607395615566987263,0.756537,0
607395615701204991,0.919414,0
607395615835422719,1.00361,0
607395615969640447,0.760174,0
607395616238075903,0.716761,0
607395616372293631,0.658523,0
607395616506511359,0.662003,0
607395616640729087,0.643,0
607395616774946815,0.752463,0
607395616909164543,0.714309,0
607395617043382271,0.719127,0
607395617311817727,0.573379,0
607395617446035455,0.581538,0
607395617580253183,0.573261,0
607395617714470911,0.571192,0
607395617848688639,0.825939,0
607395617982906367,0.665095,0
607395618117124095,0.615484,0
607395618385559551,0.626146,0
607395618519777279,0.592725,0
607395618653995007,0.623798,0
607395618788212735,0.592853,0
607395618922430463,0.64612,0
607395619056648191,0.657362,0
607395619190865919,0.61647,0
607395619459301375,1.24066,0
607395619593519103,1.0117,0
607395619727736831,0.780174,0
607395619861954559,0.750745,0
607395619996172287,0.973111,0
607395620130390015,1.25995,0
607395620264607743,0.892494,0
607395620533043199,1.10917,0
607395620667260927,0.835948,0
607395620801478655,1.02787,0
607395620935696383,0.792856,0
607395621069914111,0.880112,0
607395621204131839,1.01507,0
607395621338349567,1.24217,0
607395621606785023,0.735469,0
607395621741002751,0.73815,0
607395621875220479,0.778946,0
607395622009438207,0.88634,0
607395622143655935,0.690763,0
607395622277873663,0.760016,0
607395622412091391,0.722977,0
607395623754268671,0.566105,0
607395623888486399,0.769266,0
607395624022704127,0.542668,0
607395624156921855,0.624607,0
607395624291139583,0.565252,0
607395624425357311,0.630636,0
607395624559575039,0.554,0
607395624828010495,0.602774,0
607395624962228223,0.572702,0
607395625096445951,0.6113,0
607395625230663679,0.600779,0
607395625364881407,0.627815,0
607395625499099135,0.831885,0
607395625633316863,0.689983,0
607395625901752319,0.553057,0
607395626035970047,0.532319,0
607395626170187775,0.486131,0
607395626304405503,0.525962,0
607395626438623231,0.530779,0
607395626572840959,0.573603,0
607395626707058687,0.489458,0
607395626975494143,0.510067,0
607395627109711871,0.554201,0
607395627243929599,0.495105,0
607395627378147327,0.502747,0
607395627512365055,0.551451,0
607395627646582783,0.507194,0
607395627780800511,0.544406,0
607395628049235967,0.619845,0
607395628183453695,0.566084,0
607395628317671423,0.60684,0
607395628451889151,0.569397,0
607395628586106879,0.662384,0
607395628720324607,0.609387,0
607395628854542335,0.662398,0
607395629122977791,0.598521,0
607395629257195519,0.599994,0
607395629391413247,0.579049,0
607395629525630975,0.605295,0
607395629659848703,0.565243,0
607395629794066431,0.562721,0
607395629928284159,0.593509,0
607395630196719615,0.548151,0
607395630330937343,0.530175,0
607395630465155071,0.54419,0
607395630599372799,0.507593,0
607395630733590527,0.62629,0
607395630867808255,0.556764,0
607395631002025983,0.612142,0
607395632344203263,0.591965,0
607395632478420991,0.727421,0
607395632612638719,0.667909,0
607395632746856447,0.768511,0
607395632881074175,0.567799,0
607395633015291903,0.784409,0
607395633149509631,0.612366,0
607395633417945087,1.08666,0
607395633552162815,0.927062,0
607395633686380543,0.89436,0
607395633820598271,1.03295,0
607395633954815999,0.800619,0
607395634089033727,0.688782,0
607395634223251455,0.743967,0
607395634491686911,1.01251,0
607395634625904639,1.05736,0
607395634760122367,0.963297,0
607395634894340095,0.986542,0
607395635162775551,1.03819,0
607395635565428735,0.801554,0
607395635699646463,0.652635,0
607395635833864191,0.757006,0
607395635968081919,0.590568,0
607395636102299647,1.13057,0
607395636236517375,0.915435,0
607395636370735103,1.09179,0
607395636639170559,0.619358,0
607395636773388287,0.534311,0
607395637041823743,0.642403,0
607395637176041471,0.654471,0
607395637310259199,0.648839,0
607395637444476927,0.53514,0
607395637712912383,0.758898,0
607395637847130111,0.610501,0
607395637981347839,0.705509,0
607395638115565567,0.671117,0
607395638249783295,0.660888,0
607395638384001023,0.883777,0
607395638518218751,0.665822,0
607395649524072447,0.273796,0
607395649658290175,0.282624,0
607395649792507903,0.280164,0
607395649926725631,0.281127,0
607395650060943359,0.281927,0
607395650195161087,0.309772,0
607395650329378815,0.264987,0
607395650597814271,0.304474,0
607395650732031999,0.250484,0
607395650866249727,0.286031,0
607395651000467455,0.29039,0
607395651134685183,0.284825,0
607395651268902911,0.246061,0
607395651403120639,0.303594,0
607395651671556095,0.240989,0
607395651805773823,0.268375,0
607395651939991551,0.228608,0
607395652074209279,0.249984,0
607395652208427007,0.251805,0
607395652342644735,0.281726,0
607395652476862463,0.251619,0
607395652745297919,0.292145,0
607395652879515647,0.306713,0
607395653013733375,0.272655,0
607395653147951103,0.291052,0
607395653282168831,0.284683,0
607395653416386559,0.284526,0
607395653550604287,0.2903,0
607395653819039743,0.258136,0
607395653953257471,0.29803,0
607395654087475199,0.23406,0
607395654221692927,0.253271,0
607395654355910655,0.273798,0
607395654490128383,0.264469,0
607395654624346111,0.235229,0
607395654892781567,0.28071,0
607395655026999295,0.233012,0
607395655161217023,0.293483,0
607395655295434751,0.296485,0
607395655429652479,0.227619,0
607395655563870207,0.235092,0
607395655698087935,0.289353,0
607395655966523391,0.252109,0
607395656100741119,0.269198,0
607395656234958847,0.23113,0
607395656369176575,0.263507,0
607395656503394303,0.243249,0
607395656637612031,0.250311,0
607395656771829759,0.238562,0
607395658114007039,0.267291,0
607395658248224767,0.25607,0
607395658382442495,0.267536,0
607395658516660223,0.261361,0
607395658650877951,0.262463,0
607395658785095679,0.264893,0
607395658919313407,0.266423,0
607395659187748863,0.25603,0
607395659321966591,0.254295,0
607395659456184319,0.266641,0
607395659590402047,0.263886,0
607395659724619775,0.252818,0
607395659858837503,0.265568,0
607395659993055231,0.260967,0
607395660261490687,0.297266,0
607395660395708415,0.307597,0
607395660529926143,0.287502,0
607395660664143871,0.264344,0
607395660798361599,0.311104,0
607395660932579327,0.305756,0
607395661066797055,0.288718,0
607395661335232511,0.27178,0
607395661469450239,0.272355,0
607395661603667967,0.305026,0
607395661737885695,0.302539,0
607395661872103423,0.260368,0
607395662006321151,0.266601,0
607395662140538879,0.281389,0
607395662408974335,0.246612,0
607395662543192063,0.245801,0
607395662677409791,0.265381,0
607395662811627519,0.260047,0
607395662945845247,0.243879,0
607395663080062975,0.254231,0
607395663214280703,0.243951,0
607395663482716159,0.273682,0
607395663616933887,0.274637,0
607395663751151615,0.25214,0
607395663885369343,0.257025,0
607395664019587071,0.273293,0
607395664153804799,0.279364,0
607395664288022527,0.279545,0
607395664556457983,0.300228,0
607395664690675711,0.285819,0
607395664824893439,0.311459,0
607395664959111167,0.301728,0
607395665093328895,0.302156,0
607395665227546623,0.272188,0
607395665361764351,0.28709,0
607395666703941631,0.18365,0
607395666838159359,0.217042,0
607395666972377087,0.164675,0
607395667106594815,0.182948,0
607395667240812543,0.183442,0
607395667375030271,0.211313,0
607395667509247999,0.172778,0
607395667777683455,0.228279,0
607395667911901183,0.229505,0
607395668046118911,0.220475,0
607395668180336639,0.216473,0
607395668314554367,0.223193,0
607395668448772095,0.221609,0
607395668582989823,0.222857,0
607395668851425279,0.17342,0
607395668985643007,0.173202,0
607395669119860735,0.161751,0
607395669254078463,0.175535,0
607395669388296191,0.162185,0
607395669522513919,0.164017,0
607395669656731647,0.156155,0
607395669925167103,0.188824,0
607395670059384831,0.188869,0
607395670193602559,0.185505,0
607395670327820287,0.18058,0
607395670462038015,0.209807,0
607395670596255743,0.211272,0
607395670730473471,0.18122,0
607395670998908927,0.18259,0
607395671133126655,0.201601,0
607395671267344383,0.174347,0
607395671401562111,0.186487,0
607395671535779839,0.189411,0
607395671669997567,0.198361,0
607395671804215295,0.186896,0
607395672072650751,0.218565,0
607395672206868479,0.232066,0
607395672341086207,0.210632,0
607395672475303935,0.224772,0
607395672609521663,0.211312,0
607395672743739391,0.226899,0
607395672877957119,0.209964,0
607395673146392575,0.165859,0
607395673280610303,0.159055,0
607395673414828031,0.166881,0
607395673549045759,0.164156,0
607395673683263487,0.177388,0
607395673817481215,0.175278,0
607395673951698943,0.166088,0
607395675293876223,0.225439,0
607395675428093951,0.236237,0
607395675562311679,0.215166,0
607395675696529407,0.212659,0
607395675830747135,0.236448,0
607395675964964863,0.240303,0
607395676099182591,0.221241,0
607395676367618047,0.274466,0
607395676501835775,0.294605,0
607395676636053503,0.235813,0
607395676770271231,0.240182,0
607395676904488959,0.27519,0
607395677038706687,0.268545,0
607395677172924415,0.250772,0
607395677441359871,0.196878,0
607395677575577599,0.214649,0
607395677709795327,0.205064,0
607395677844013055,0.221257,0
607395677978230783,0.207513,0
607395678112448511,0.18979,0
607395678246666239,0.210944,0
607395678515101695,0.19542,0
607395678649319423,0.197333,0
607395678783537151,0.195378,0
607395678917754879,0.187283,0
607395679051972607,0.225649,0
607395679186190335,0.230496,0
607395679320408063,0.187815,0
607395679588843519,0.249909,0
607395679723061247,0.252411,0
607395679857278975,0.222097,0
607395679991496703,0.230804,0
607395680125714431,0.249992,0
607395680259932159,0.253562,0
607395680394149887,0.225895,0
607395680662585343,0.285361,0
607395680796803071,0.279235,0
607395680931020799,0.257718,0
607395681065238527,0.266094,0
607395681199456255,0.306418,0
607395681333673983,0.310662,0
607395681467891711,0.267541,0
607395681736327167,0.210032,0
607395681870544895,0.228658,0
607395682004762623,0.189027,0
607395682138980351,0.208402,0
607395682273198079,0.222105,0
607395682407415807,0.230348,0
607395682541633535,0.208465,0
607395683883810815,0.230125,0
607395684018028543,0.230012,0
607395684152246271,0.270353,0
607395684286463999,0.250453,0
607395684420681727,0.230071,0
607395684554899455,0.230313,0
607395684689117183,0.231389,0
607395684957552639,0.205754,0
607395685091770367,0.246076,0
607395685225988095,0.253795,0
607395685360205823,0.262985,0
607395685494423551,0.203781,0
607395685628641279,0.208496,0
607395685762859007,0.218179,0
607395686031294463,0.271935,0
607395686165512191,0.261606,0
607395686299729919,0.235382,0
607395686433947647,0.237592,0
607395686568165375,0.275113,0
607395686702383103,0.26892,0
607395686836600831,0.243424,0
607395687105036287,0.262382,0
607395687239254015,0.218684,0
607395687373471743,0.257009,0
607395687507689471,0.256642,0
607395687641907199,0.211211,0
607395687776124927,0.210969,0
607395687910342655,0.24848,0
607395688178778111,0.245055,0
607395688312995839,0.229167,0
607395688447213567,0.272927,0
607395688581431295,0.267292,0
607395688715649023,0.211858,0
607395688849866751,0.222715,0
607395688984084479,0.263711,0
607395689252519935,0.224793,0
607395689386737663,0.231232,0
607395689520955391,0.22425,0
607395689655173119,0.219731,0
607395689789390847,0.236099,0
607395689923608575,0.245149,0
607395690057826303,0.220923,0
607395690326261759,0.281149,0
607395690460479487,0.268708,0
607395690594697215,0.246519,0
607395690728914943,0.249359,0
607395690863132671,0.268435,0
607395690997350399,0.234722,0
607395691131568127,0.247483,0
607395692473745407,0.268311,0
607395692607963135,0.270858,0
607395692742180863,0.259521,0
607395692876398591,0.26489,0
607395693010616319,0.257037,0
607395693144834047,0.285252,0
607395693279051775,0.278179,0
607395693547487231,0.294921,0
607395693681704959,0.319295,0
607395693815922687,0.273097,0
607395693950140415,0.280166,0
607395694084358143,0.354896,0
607395694218575871,0.349075,0
607395694352793599,0.284289,0
607395694621229055,0.241733,0
607395694755446783,0.251536,0
607395694889664511,0.233894,0
607395695023882239,0.246951,0
607395695158099967,0.241902,0
607395695292317695,0.253647,0
607395695426535423,0.237579,0
607395695694970879,0.259663,0
607395695829188607,0.265593,0
607395695963406335,0.249261,0
607395696097624063,0.259174,0
607395696231841791,0.267778,0
607395696366059519,0.378373,0
607395696500277247,0.25398,0
607395696768712703,0.256512,0
607395696902930431,0.269313,0
607395697037148159,0.241754,0
607395697171365887,0.253223,0
607395697305583615,0.264381,0
607395697439801343,0.354501,0
607395697574019071,0.239435,0
607395697842454527,0.404127,0
607395697976672255,0.349936,0
607395698110889983,0.361083,0
607395698245107711,0.323967,0
607395698379325439,0.328612,0
607395698513543167,0.33248,0
607395698647760895,0.351276,0
607395698916196351,0.289607,0
607395699050414079,0.290811,0
607395699184631807,0.232188,0
607395699318849535,0.238539,0
607395699453067263,0.284721,0
607395699587284991,0.286526,0
607395699721502719,0.231733,0
607395701063679999,0.224373,0
607395701197897727,0.227494,0
607395701332115455,0.206366,0
607395701466333183,0.224578,0
607395701600550911,0.227953,0
607395701734768639,0.239867,0
607395701868986367,0.227134,0
607395702137421823,0.239001,0
607395702271639551,0.228963,0
607395702405857279,0.242688,0
607395702540075007,0.248592,0
607395702674292735,0.251088,0
607395702808510463,0.234797,0
607395702942728191,0.244271,0
607395703211163647,0.197235,0
607395703345381375,0.211608,0
607395703479599103,0.177133,0
607395703613816831,0.18911,0
607395703748034559,0.204115,0
607395703882252287,0.205652,0
607395704016470015,0.186354,0
607395704284905471,0.2153,0
607395704419123199,0.199816,0
607395704553340927,0.219394,0
607395704687558655,0.210197,0
607395704821776383,0.218626,0
607395704955994111,0.250216,0
607395705090211839,0.212948,0
607395705358647295,0.233106,0
607395705492865023,0.230682,0
607395705627082751,0.22129,0
607395705761300479,0.234726,0
607395705895518207,0.228027,0
607395706029735935,0.242591,0
607395706163953663,0.216435,0
607395706432389119,0.244537,0
607395706566606847,0.244397,0
607395706700824575,0.247065,0
607395706835042303,0.248976,0
607395706969260031,0.247038,0
607395707103477759,0.246629,0
607395707237695487,0.24359,0
607395707506130943,0.202759,0
607395707640348671,0.200589,0
607395707774566399,0.19621,0
607395707908784127,0.194715,0
607395708043001855,0.202702,0
607395708177219583,0.213772,0
607395708311437311,0.193336,0
607395718243549183,0.305978,0
607395718377766911,0.319038,0
607395718511984639,0.308082,0
607395718646202367,0.321388,0
607395718780420095,0.3376,0
607395718914637823,0.332565,0
607395719048855551,0.328297,0
607395719317291007,0.321094,0
607395719451508735,0.326581,0
607395719585726463,0.32435,0
607395719719944191,0.327987,0
607395719854161919,0.338829,0
607395719988379647,0.323531,0
607395720122597375,0.32915,0
607395720391032831,0.319827,0
607395720525250559,0.316943,0
607395720659468287,0.306335,0
607395720793686015,0.308895,0
607395720927903743,0.310888,0
607395721062121471,0.308579,0
607395721196339199,0.324609,0
607395721464774655,0.361533,0
607395721598992383,0.369883,0
607395721733210111,0.363187,0
607395721867427839,0.390973,0
607395722001645567,0.30912,0
607395722135863295,0.311116,0
607395722270081023,0.314816,0
607395722538516479,0.406008,0
607395722672734207,0.377186,0
607395722806951935,0.390545,0
607395722941169663,0.376129,0
607395723075387391,0.43589,0
607395723209605119,0.427105,0
607395723343822847,0.420698,0
607395723612258303,0.37389,0
607395723746476031,0.340355,0
607395723880693759,0.368933,0
607395724014911487,0.340726,0
607395724149129215,0.387419,0
607395724283346943,0.349088,0
607395724417564671,0.39873,0
607395724686000127,0.350526,0
607395724820217855,0.31449,0
607395724954435583,0.335852,0
607395725088653311,0.330077,0
607395725222871039,0.364696,0
607395725357088767,0.354652,0
607395725491306495,0.33795,0
607395726833483775,0.425404,0
607395726967701503,0.395833,0
607395727101919231,0.401631,0
607395727236136959,0.339712,0
607395727370354687,0.284727,0
607395727504572415,0.295187,0
607395727638790143,0.293291,0
607395727907225599,0.294597,0
607395728041443327,0.255608,0
607395728175661055,0.283013,0
607395728309878783,0.257223,0
607395728444096511,0.350409,0
607395728578314239,0.309558,0
607395728712531967,0.433694,0
607395728980967423,0.289531,0
607395729115185151,0.281759,0
607395729249402879,0.273387,0
607395729383620607,0.272698,0
607395729517838335,0.364747,0
607395729652056063,0.280951,0
607395729786273791,0.301779,0
607395730054709247,0.260602,0
607395730188926975,0.262183,0
607395730323144703,0.261793,0
607395730457362431,0.260123,0
607395730591580159,0.2687,0
607395730725797887,0.263613,0
607395730860015615,0.26166,0
607395731128451071,0.308346,0
607395731262668799,0.292568,0
607395731396886527,0.321828,0
607395731531104255,0.303582,0
607395731665321983,0.324051,0
607395731799539711,0.317017,0
607395731933757439,0.326987,0
607395732202192895,0.282623,0
607395732336410623,0.300542,0
607395732470628351,0.286441,0
607395732604846079,0.286379,0
607395732739063807,0.288523,0
607395732873281535,0.288139,0
607395733007499263,0.295169,0
607395733275934719,0.302413,0
607395733410152447,0.424032,0
607395733544370175,0.40849,0
607395733678587903,0.390982,0
607395733812805631,0.325456,0
607395733947023359,0.312711,0
607395734081241087,0.317413,0
607395735423418367,0.292345,0
607395735557636095,0.358988,0
607395735691853823,0.278803,0
607395735826071551,0.2884,0
607395735960289279,0.305944,0
607395736094507007,0.395222,0
607395736228724735,0.274919,0
607395736497160191,0.421519,0
607395736631377919,0.420073,0
607395736765595647,0.426766,0
607395736899813375,0.361141,0
607395737034031103,0.333796,0
607395737168248831,0.296832,0
607395737302466559,0.425644,0
607395737570902015,0.270767,0
607395737705119743,0.274999,0
607395737839337471,0.372121,0
607395737973555199,0.253275,0
607395738107772927,0.278794,0
607395738241990655,0.277323,0
607395738376208383,0.266797,0
607395738644643839,0.294934,0
607395738778861567,0.334503,0
607395738913079295,0.271757,0
607395739047297023,0.325592,0
607395739181514751,0.315017,0
607395739315732479,0.291538,0
607395739449950207,0.286521,0
607395739718385663,0.287511,0
607395739852603391,0.346628,0
607395739986821119,0.275974,0
607395740121038847,0.286512,0
607395740255256575,0.285876,0
607395740389474303,0.432792,0
607395740523692031,0.265437,0
607395740792127487,0.305438,0
607395740926345215,0.317861,0
607395741060562943,0.440165,0
607395741194780671,0.463506,0
607395741328998399,0.323865,0
607395741463216127,0.321727,0
607395741597433855,0.458558,0
607395741865869311,0.263125,0
607395742000087039,0.272624,0
607395742134304767,0.272875,0
607395742268522495,0.268399,0
607395742402740223,0.259486,0
607395742536957951,0.27169,0
607395742671175679,0.253468,0
607395744013352959,0.28617,0
607395744147570687,0.275265,0
607395744281788415,0.346827,0
607395744416006143,0.266206,0
607395744550223871,0.300462,0
607395744684441599,0.300132,0
607395744818659327,0.301483,0
607395745087094783,0.260224,0
607395745221312511,0.26622,0
607395745355530239,0.261308,0
607395745489747967,0.254663,0
607395745623965695,0.276498,0
607395745758183423,0.261125,0
607395745892401151,0.282941,0
607395746160836607,0.268911,0
607395746295054335,0.335579,0
607395746429272063,0.255738,0
607395746563489791,0.260249,0
607395746697707519,0.465933,0
607395746831925247,0.323985,0
607395746966142975,0.274103,0
607395747234578431,0.254144,0
607395747368796159,0.247698,0
607395747503013887,0.247726,0
607395747637231615,0.234674,0
607395747771449343,0.257754,0
607395747905667071,0.252935,0
607395748039884799,0.263641,0
607395748308320255,0.399968,0
607395748442537983,0.384493,0
607395748576755711,0.396048,0
607395748710973439,0.383275,0
607395748845191167,0.310035,0
607395748979408895,0.434901,0
607395749113626623,0.431864,0
607395749382062079,0.339101,0
607395749516279807,0.294144,0
607395749650497535,0.310666,0
607395749784715263,0.296955,0
607395749918932991,0.412124,0
607395750053150719,0.383756,0
607395750187368447,0.40085,0
607395750455803903,0.307605,0
607395750590021631,0.343119,0
607395750724239359,0.335974,0
607395750858457087,0.271823,0
607395750992674815,0.329998,0
607395751126892543,0.346002,0
607395751261110271,0.362225,0
607395752603287551,0.478671,0
607395752737505279,0.484816,0
607395752871723007,0.631645,0
607395753005940735,0.464164,0
607395753140158463,0.546969,0
607395753274376191,0.473907,0
607395753408593919,0.568292,0
607395753677029375,0.450956,0
607395753811247103,0.384314,0
607395753945464831,0.469133,0
607395754079682559,0.422678,0
607395754213900287,0.487941,0
607395754348118015,0.43619,0
607395754482335743,0.481292,0
607395754750771199,0.406678,0
607395754884988927,0.453255,0
607395755019206655,0.41027,0
607395755153424383,0.395803,0
607395755287642111,0.430128,0
607395755421859839,0.461909,0
607395755556077567,0.455093,0
607395755824513023,0.452821,0
607395755958730751,0.391126,0
607395756092948479,0.437265,0
607395756227166207,0.400546,0
607395756361383935,0.470906,0
607395756495601663,0.441761,0
607395756629819391,0.46922,0
607395756898254847,0.868747,0
607395757032472575,0.727385,0
607395757166690303,0.837228,0
607395757300908031,0.73589,0
607395757435125759,0.930488,0
607395757569343487,0.860227,0
607395757703561215,0.638675,0
607395757971996671,0.471441,0
607395758106214399,0.495466,0
607395758240432127,0.495093,0
607395758374649855,0.471166,0
607395758508867583,0.555081,0
607395758643085311,0.496684,0
607395758777303039,0.583549,0
607395759045738495,0.483048,0
607395759179956223,0.521762,0
607395759314173951,0.493651,0
607395759448391679,0.46607,0
607395759582609407,0.753226,0
607395759716827135,0.704822,0
607395759851044863,0.727395,0
607395761193222143,0.3557,0
607395761327439871,0.365716,0
607395761461657599,0.357306,0
607395761595875327,0.359426,0
607395761730093055,0.367145,0
607395761864310783,0.365607,0
607395761998528511,0.360505,0
607395762266963967,0.351003,0
607395762401181695,0.3439,0
607395762535399423,0.355329,0
607395762669617151,0.348658,0
607395762803834879,0.358211,0
607395762938052607,0.34982,0
607395763072270335,0.364613,0
607395763340705791,0.344522,0
607395763474923519,0.334547,0
607395763609141247,0.338017,0
607395763743358975,0.322723,0
607395763877576703,0.350026,0
607395764011794431,0.353055,0
607395764146012159,0.337736,0
607395764414447615,0.330439,0
607395764548665343,0.323442,0
607395764682883071,0.33071,0
607395764817100799,0.314235,0
607395764951318527,0.346111,0
607395765085536255,0.34536,0
607395765219753983,0.330577,0
607395765488189439,0.361786,0
607395765622407167,0.371207,0
607395765756624895,0.367779,0
607395765890842623,0.360505,0
607395766025060351,0.375023,0
607395766159278079,0.37192,0
607395766293495807,0.38325,0
607395766561931263,0.365773,0
607395766696148991,0.373728,0
607395766830366719,0.3668,0
607395766964584447,0.371149,0
607395767098802175,0.378307,0
607395767233019903,0.373654,0
607395767367237631,0.354636,0
607395767635673087,0.370568,0
607395767769890815,0.362383,0
607395767904108543,0.374479,0
607395768038326271,0.351902,0
607395768172543999,0.380588,0
607395768306761727,0.369605,0
607395768440979455,0.386315,0
607395769783156735,0.335694,0
607395769917374463,0.33385,0
607395770051592191,0.465216,0
607395770185809919,0.352113,0
607395770320027647,0.356359,0
607395770454245375,0.350525,0
607395770588463103,0.37499,0
607395770856898559,0.380131,0
607395770991116287,0.416534,0
607395771125334015,0.35168,0
607395771259551743,0.358788,0
607395771393769471,0.394836,0
607395771527987199,0.374841,0
607395771662204927,0.350611,0
607395771930640383,0.29621,0
607395772064858111,0.298099,0
607395772199075839,0.286706,0
607395772333293567,0.289765,0
607395772467511295,0.291303,0
607395772601729023,0.42553,0
607395772735946751,0.280162,0
607395773004382207,0.347156,0
607395773138599935,0.333227,0
607395773272817663,0.454142,0
607395773407035391,0.469686,0
607395773541253119,0.328032,0
607395773675470847,0.327263,0
607395773809688575,0.451743,0
607395774078124031,0.360303,0
607395774212341759,0.380562,0
607395774346559487,0.35402,0
607395774480777215,0.338716,0
607395774614994943,0.377789,0
607395774749212671,0.400443,0
607395774883430399,0.336742,0
607395775151865855,0.420141,0
607395775286083583,0.423781,0
607395775420301311,0.388915,0
607395775554519039,0.382219,0
607395775688736767,0.471402,0
607395775822954495,0.46314,0
607395775957172223,0.428866,0
607395776225607679,0.388562,0
607395776359825407,0.413119,0
607395776494043135,0.291311,0
607395776628260863,0.286043,0
607395776762478591,0.308864,0
607395776896696319,0.437242,0
607395777030914047,0.351732,0
607395786963025919,0.662963,0
607395787097243647,0.82629,0
607395787231461375,0.662183,0
607395787365679103,0.716137,0
607395787499896831,0.665127,0
607395787634114559,0.758615,0
607395787768332287,0.6285,0
607395788036767743,0.80593,0
607395788170985471,0.779759,0
607395788305203199,0.823735,0
607395788439420927,0.790915,0
607395788573638655,0.895505,0
607395788707856383,0.849511,0
607395788842074111,0.810981,0
607395789110509567,0.604724,0
607395789244727295,0.634853,0
607395789378945023,0.529723,0
607395789513162751,0.582898,0
607395789647380479,0.625394,0
607395789781598207,0.653457,0
607395789915815935,0.533528,0
607395790184251391,0.814342,0
607395790318469119,0.971901,0
607395790452686847,0.680039,0
607395790586904575,0.914273,0
607395790721122303,0.84964,0
607395790855340031,0.854954,0
607395790989557759,0.714042,0
607395791257993215,0.60552,0
607395791392210943,0.655324,0
607395791526428671,0.607561,0
607395791660646399,0.615924,0
607395791794864127,0.635682,0
607395791929081855,0.656588,0
607395792063299583,0.562019,0
607395792331735039,0.738077,0
607395792465952767,0.821802,0
607395792600170495,0.679013,0
607395792734388223,0.771384,0
607395792868605951,0.744423,0
607395793002823679,0.827978,0
607395793137041407,0.682253,0
607395793405476863,0.576431,0
607395793539694591,0.620045,0
607395793673912319,0.56562,0
607395793808130047,0.576936,0
607395793942347775,0.609195,0
607395794076565503,0.595903,0
607395794210783231,0.559605,0
607395795552960511,0.783108,0
607395795687178239,0.718852,0
607395795821395967,1.17886,0
607395795955613695,0.826991,0
607395796089831423,0.828431,0
607395796224049151,0.879501,0
607395796358266879,0.92534,0
607395796626702335,0.749976,0
607395796760920063,0.897021,0
607395796895137791,0.776877,0
607395797029355519,0.667994,0
607395797432008703,0.886742,0
607395797700444159,1.07242,0
607395797834661887,0.677662,0
607395797968879615,0.823224,0
607395798103097343,0.9815,0
607395798237315071,0.937349,0
607395798371532799,0.918229,0
607395798505750527,0.699813,0
607395798774185983,0.798025,0
607395798908403711,0.646396,0
607395799042621439,0.817453,0
607395799176839167,0.631227,0
607395799311056895,0.682418,0
607395799445274623,0.704815,0
607395799579492351,0.694674,0
607395799847927807,0.832165,0
607395799982145535,1.20344,0
607395800116363263,0.906251,0
607395800250580991,1.21808,0
607395800384798719,0.980756,0
607395800519016447,1.03365,0
607395800653234175,0.794741,0
607395800921669631,1.02886,0
607395801055887359,0.869348,0
607395801190105087,0.893553,0
607395801324322815,1.00282,0
607395801458540543,1.13703,0
607395801592758271,1.031,0
607395801726975999,1.16154,0
607395801995411455,1.04797,0
607395802129629183,0.997643,0
607395802263846911,1.0969,0
607395802398064639,0.786157,0
607395802532282367,0.879577,0
607395802666500095,1.0065,0
607395802800717823,0.963444,0
607395804142895103,0.428313,0
607395804277112831,0.447406,0
607395804411330559,0.394863,0
607395804545548287,0.439188,0
607395804679766015,0.448374,0
607395804813983743,0.485108,0
607395804948201471,0.417957,0
607395805216636927,0.499103,0
607395805350854655,0.515384,0
607395805485072383,0.529197,0
607395805619290111,0.478068,0
607395805753507839,0.488411,0
607395805887725567,0.530245,0
607395806021943295,0.531032,0
607395806290378751,0.322368,0
607395806424596479,0.382748,0
607395806558814207,0.309335,0
607395806693031935,0.311192,0
607395806827249663,0.326632,0
607395806961467391,0.371292,0
607395807095685119,0.320186,0
607395807364120575,0.383027,0
607395807498338303,0.399571,0
607395807632556031,0.387162,0
607395807766773759,0.362065,0
607395807900991487,0.425905,0
607395808035209215,0.492939,0
607395808169426943,0.423862,0
607395808437862399,0.422509,0
607395808572080127,0.472168,0
607395808706297855,0.373701,0
607395808840515583,0.412185,0
607395808974733311,0.420564,0
607395809108951039,0.451208,0
607395809243168767,0.399042,0
607395809511604223,0.470331,0
607395809645821951,0.496849,0
607395809780039679,0.510294,0
607395809914257407,0.47363,0
607395810048475135,0.477168,0
607395810182692863,0.487804,0
607395810316910591,0.506392,0
607395810585346047,0.33719,0
607395810719563775,0.362129,0
607395810853781503,0.344764,0
607395810987999231,0.316689,0
607395811122216959,0.353185,0
607395811256434687,0.347512,0
607395811390652415,0.35232,0
607395812732829695,0.57987,0
607395812867047423,0.616231,0
607395813001265151,0.570904,0
607395813135482879,0.59109,0
607395813269700607,0.593283,0
607395813403918335,0.613486,0
607395813538136063,0.584809,0
607395813806571519,0.649305,0
607395813940789247,0.822181,0
607395814075006975,0.615422,0
607395814209224703,0.662253,0
607395814343442431,0.654699,0
607395814477660159,0.81256,0
607395814611877887,0.630265,0
607395814880313343,0.469111,0
607395815014531071,0.521006,0
607395815148748799,0.437277,0
607395815282966527,0.477785,0
607395815417184255,0.48451,0
607395815551401983,0.545737,0
607395815685619711,0.465145,0
607395815954055167,0.579796,0
607395816088272895,0.596917,0
607395816222490623,0.561168,0
607395816356708351,0.591514,0
607395816490926079,0.611079,0
607395816625143807,0.632055,0
607395816759361535,0.561567,0
607395817027796991,0.620792,0
607395817162014719,0.683096,0
607395817296232447,0.591694,0
607395817430450175,0.604314,0
607395817564667903,0.65235,0
607395817698885631,0.661087,0
607395817833103359,0.592287,0
607395818101538815,0.779237,0
607395818235756543,0.717487,0
607395818369974271,0.929871,0
607395818504191999,0.756838,0
607395818638409727,0.834129,0
607395818772627455,1.02401,0
607395818906845183,0.990262,0
607395819175280639,0.489688,0
607395819309498367,0.551666,0
607395819443716095,0.491282,0
607395819577933823,0.482249,0
607395819712151551,0.509955,0
607395819846369279,0.596626,0
607395819980587007,0.503059,0
607395821322764287,0.596347,0
607395821456982015,0.669724,0
607395821591199743,0.593842,0
607395821725417471,0.652092,0
607395821859635199,0.572097,0
607395821993852927,0.611512,0
607395822128070655,0.577281,0
607395822396506111,0.682395,0
607395822530723839,0.718183,0
607395822664941567,0.696794,0
607395822799159295,0.726025,0
607395822933377023,0.65968,0
607395823067594751,0.676182,0
607395823201812479,0.675618,0
607395823470247935,0.597939,0
607395823604465663,0.626327,0
607395823738683391,0.571497,0
607395823872901119,0.577787,0
607395824007118847,0.580834,0
607395824141336575,0.620131,0
607395824275554303,0.60357,0
607395824543989759,0.689082,0
607395824678207487,0.743622,0
607395824812425215,0.686003,0
607395824946642943,0.698418,0
607395825080860671,0.685952,0
607395825215078399,0.717575,0
607395825349296127,0.661992,0
607395825617731583,0.47803,0
607395825751949311,0.491796,0
607395825886167039,0.474997,0
607395826020384767,0.50748,0
607395826154602495,0.44452,0
607395826288820223,0.482114,0
607395826423037951,0.428774,0
607395826691473407,0.548357,0
607395826825691135,0.611216,0
607395826959908863,0.563062,0
607395827094126591,0.636781,0
607395827228344319,0.513995,0
607395827362562047,0.539859,0
607395827496779775,0.512743,0
607395827765215231,0.491683,0
607395827899432959,0.566301,0
607395828033650687,0.496681,0
607395828167868415,0.551282,0
607395828302086143,0.483081,0
607395828436303871,0.510676,0
607395828570521599,0.450849,0
607395829912698879,0.974215,0
607395830046916607,1.0556,0
607395830181134335,0.934118,0
607395830315352063,1.01826,0
607395830449569791,0.927059,0
607395830583787519,0.983772,0
607395830718005247,0.940441,0
607395830986440703,1.20592,0
607395831120658431,1.12449,0
607395831254876159,1.45194,0
607395831389093887,1.47484,0
607395831523311615,1.03749,0
607395831657529343,1.09106,0
607395831791747071,1.0444,0
607395832060182527,0.864808,0
607395832194400255,0.877107,0
607395832328617983,0.872432,0
607395832462835711,0.824557,0
607395832597053439,0.879211,0
607395832731271167,0.999727,0
607395832865488895,0.883544,0
607395833133924351,1.36312,0
607395833268142079,1.0758,0
607395833402359807,1.31476,0
607395833536577535,1.09948,0
607395833670795263,1.2237,0
607395833805012991,1.39609,0
607395833939230719,1.0571,0
607395834207666175,0.792881,0
607395834341883903,0.86883,0
607395834476101631,0.784699,0
607395834610319359,0.881038,0
607395834744537087,0.716103,0
607395834878754815,0.784272,0
607395835012972543,0.725331,0
607395835281407999,0.970778,0
607395835415625727,1.07591,0
607395835549843455,0.970478,0
607395835684061183,1.02164,0
607395835818278911,0.896952,0
607395835952496639,1.01312,0
607395836086714367,0.890656,0
607395836355149823,0.851011,0
607395836489367551,0.887713,0
607395836623585279,0.829006,0
607395836757803007,0.870982,0
607395836892020735,0.775454,0
607395837026238463,0.866663,0
607395837160456191,0.749116,0
607395838502633471,0.45481,0
607395838636851199,0.545469,0
607395838771068927,0.424057,0
607395838905286655,0.504978,0
607395839039504383,0.426234,0
607395839173722111,0.49695,0
607395839307939839,0.402838,0
607395839576375295,0.722333,0
607395839710593023,0.673872,0
607395839844810751,0.720434,0
607395839979028479,0.746608,0
607395840113246207,0.581214,0
607395840247463935,0.589242,0
607395840381681663,0.615435,0
607395840650117119,0.406143,0
607395840784334847,0.443471,0
607395840918552575,0.394998,0
607395841052770303,0.416743,0
607395841186988031,0.374249,0
607395841321205759,0.43114,0
607395841455423487,0.379625,0
607395841723858943,0.553208,0
607395841858076671,0.541735,0
607395841992294399,0.494759,0
607395842126512127,0.530954,0
607395842260729855,0.572164,0
607395842394947583,0.617088,0
607395842529165311,0.525818,0
607395842797600767,0.378283,0
607395842931818495,0.394931,0
607395843066036223,0.378985,0
607395843200253951,0.378609,0
607395843334471679,0.387796,0
607395843468689407,0.403284,0
607395843602907135,0.369344,0
607395843871342591,0.502654,0
607395844005560319,0.583682,0
607395844139778047,0.451532,0
607395844273995775,0.522289,0
607395844408213503,0.46546,0
607395844542431231,0.523883,0
607395844676648959,0.438738,0
607395844945084415,0.376952,0
607395845079302143,0.378371,0
607395845213519871,0.369888,0
607395845347737599,0.38187,0
607395845481955327,0.381949,0
607395845616173055,0.386917,0
607395845750390783,0.384382,0
607395858635292671,0.73998,0
607395860245905407,1.00459,0
607395860782776319,0.934525,0
607395861051211775,0.989314,0
607395861185429503,0.908349,0
607395861588082687,0.700355,0
607395861722300415,0.941431,0
607395862124953599,0.867666,0
607395862259171327,0.907094,0
607395862393389055,1.01242,0
607395862527606783,0.94746,0
607395862661824511,0.812539,0
607395862930259967,0.838628,0
607395864406654975,0.741802,0
607395864675090431,0.792029,0
607395864809308159,0.847931,0
607395864943525887,0.672164,0
607395865346179071,1.10961,0
607395865480396799,0.938044,0
607395865614614527,0.835719,0
607395865748832255,0.875445,0
607395865883049983,1.08579,0
607395866017267711,1.01684,0
607395866151485439,0.802839,0
607395866554138623,0.748491,0
607395867493662719,0.707887,0
607395867627880447,0.876924,0
607395867762098175,0.747866,0
607395867896315903,0.918638,0
607395868030533631,1.04986,0
607395868164751359,0.880791,0
607395868298969087,0.694323,0
607395868701622271,0.671467,0
607395868970057727,1.06925,0
607395869104275455,0.925548,0
607395869641146367,0.844282,0
607395869775364095,0.806183,0
607395869909581823,0.68133,0
607395870043799551,0.814519,0
607395870178017279,1.0457,0
607395870312235007,0.759554,0
607395870446452735,0.656141,0
607395874338766847,0.610584,0
607395875815161855,0.572612,0
607395876217815039,0.717008,0
607395877694210047,0.822649,0
607395877828427775,0.725197,0
607395878231080959,0.893744,0
607395878365298687,0.747747,0
607395878767951871,0.689425,0
607395878902169599,0.737169,0
607395879036387327,0.643072,0
607395879707475967,0.590131,0
607395881720741887,0.79493,0
607395881854959615,0.741913,0
607395882660265983,0.635689,0
607395883599790079,0.812911,0
607395883734007807,0.730454,0
607395883868225535,0.740012,0
607395884002443263,0.593068,0
607395884136660991,0.892957,0
607395884270878719,0.801998,0
607395884405096447,0.630408,0
607395884673531903,0.715361,0
607395884807749631,0.677724,0
607395884941967359,0.617531,0
607395885076185087,0.660278,0
607395885344620543,0.826378,0
607395885478838271,0.619175,0
607395887894757375,0.752878,0
607395888028975103,0.840234,0
607395888163192831,0.528643,0
607395888297410559,0.783329,0
607395888431628287,0.780861,0
607395888565846015,0.841201,0
607395888700063743,0.509157,0
607395890176458751,0.836402,0
607395890713329663,0.845882,0
607395891115982847,0.679062,0
607395891250200575,0.780303,0
607395891384418303,0.726468,0
607395891518636031,0.752362,0
607395891652853759,0.800532,0
607395891787071487,0.795197,0
607395891921289215,0.755082,0
607395892189724671,1.22889,0
607395892323942399,0.953444,0
607395892458160127,1.21635,0
607395892592377855,1.01581,0
607395892860813311,0.742695,0
607395892995031039,1.33181,0
607395893397684223,0.760517,0
607395893800337407,0.766395,0
607395893934555135,0.764487,0
607395894874079231,1.03994,0
607395895008296959,0.851503,0
607395895142514687,1.04543,0
607395895410950143,0.793364,0
607395895545167871,0.877581,0
607395895813603327,0.789138,0
607395895947821055,0.846409,0
607395896082038783,1.00332,0
607395896216256511,0.861163,0
607395896484691967,1.01392,0
607395896753127423,1.64857,0
607395896887345151,1.17104,0
607395897021562879,1.44899,0
607395897289998335,1.68809,0
607395898632175615,0.889845,0
607395898766393343,1.01121,0
607395898900611071,1.12462,0
607395899034828799,1.00568,0
607395899169046527,1.09566,0
607395899303264255,0.952925,0
607395899437481983,1.07128,0
607395899705917439,1.11643,0
607395899840135167,1.41894,0
607395899974352895,1.0386,0
607395900108570623,0.960686,0
607395900242788351,1.14349,0
607395900377006079,1.0801,0
607395900511223807,1.06426,0
607395900779659263,1.03538,0
607395900913876991,1.04125,0
607395901048094719,0.824862,0
607395901182312447,0.948461,0
607395901316530175,0.931437,0
607395901450747903,0.800509,0
607395901584965631,0.833648,0
607395901853401087,0.777984,0
607395901987618815,0.908528,0
607395902121836543,0.740921,0
607395902256054271,0.991829,0
607395902390271999,0.947867,0
607395902524489727,0.94708,0
607395902658707455,0.894524,0
607395902927142911,1.03898,0
607395903061360639,0.930681,0
607395903195578367,0.95348,0
607395903329796095,1.09766,0
607395903464013823,0.97373,0
607395903598231551,1.05373,0
607395903732449279,1.01678,0
607395904000884735,0.862013,0
607395904135102463,0.831523,0
607395904269320191,1.13878,0
607395904403537919,1.18569,0
607395904537755647,0.958015,0
607395904671973375,1.01531,0
607395904806191103,1.12044,0
607395905074626559,0.839528,0
607395905208844287,0.917968,0
607395905343062015,0.734336,0
607395905477279743,1.08273,0
607395905611497471,0.72715,0
607395905745715199,0.976433,0
607395905879932927,0.867985,0
607395907222110207,1.61203,0
607395907356327935,1.20911,0
607395907490545663,1.16667,0
607395907624763391,1.02924,0
607395907758981119,1.19488,0
607395907893198847,1.23665,0
607395908027416575,1.42625,0
607395908295852031,1.02535,0
607395908430069759,0.99589,0
607395908564287487,1.21743,0
607395908698505215,1.03088,0
607395908832722943,1.25527,0
607395908966940671,1.05665,0
607395909101158399,1.25887,0
607395909369593855,0.98138,0
607395909503811583,0.916805,0
607395909638029311,0.890073,0
607395909772247039,0.969945,0
607395909906464767,1.00381,0
607395910040682495,0.933076,0
607395910174900223,0.900119,0
607395910443335679,1.04392,0
607395910577553407,0.781122,0
607395910711771135,0.966908,0
607395910845988863,0.697954,0
607395910980206591,1.20528,0
607395911114424319,1.00915,0
607395911248642047,0.92428,0
607395911517077503,1.07962,0
607395911651295231,1.09485,0
607395911785512959,1.13049,0
607395911919730687,1.05273,0
607395912053948415,1.11695,0
607395912188166143,1.11144,0
607395912322383871,1.08535,0
607395912590819327,1.39329,0
607395912725037055,1.28498,0
607395912859254783,1.13454,0
607395912993472511,1.18291,0
607395913127690239,1.596,0
607395913261907967,1.45896,0
607395913396125695,1.12237,0
607395913664561151,1.21853,0
607395913798778879,1.20272,0
607395913932996607,0.968332,0
607395914067214335,0.995495,0
607395914201432063,1.48191,0
607395914335649791,1.2671,0
607395914469867519,1.08555,0
607395924401979391,0.240926,0
607395924536197119,0.216704,0
607395924670414847,0.246472,0
607395924804632575,0.237768,0
607395924938850303,0.243033,0
607395925073068031,0.228283,0
607395925207285759,0.236352,0
607395925475721215,0.227809,0
607395925609938943,0.240851,0
607395925744156671,0.228894,0
607395925878374399,0.226585,0
607395926012592127,0.250164,0
607395926146809855,0.244525,0
607395926281027583,0.235493,0
607395926549463039,0.241924,0
607395926683680767,0.232916,0
607395926817898495,0.25405,0
607395926952116223,0.24572,0
607395927086333951,0.248465,0
607395927220551679,0.252564,0
607395927354769407,0.261904,0
607395927623204863,0.230217,0
607395927757422591,0.243721,0
607395927891640319,0.218704,0
607395928025858047,0.231235,0
607395928160075775,0.228969,0
607395928294293503,0.226887,0
607395928428511231,0.234297,0
607395928696946687,0.288051,0
607395928831164415,0.252564,0
607395928965382143,0.274544,0
607395929099599871,0.245769,0
607395929233817599,0.320212,0
607395929368035327,0.256496,0
607395929502253055,0.327649,0
607395929770688511,0.247682,0
607395929904906239,0.258671,0
607395930039123967,0.241633,0
607395930173341695,0.241377,0
607395930307559423,0.260321,0
607395930441777151,0.269124,0
607395930575994879,0.246715,0
607395930844430335,0.286657,0
607395930978648063,0.274857,0
607395931112865791,0.265791,0
607395931247083519,0.262893,0
607395931381301247,0.274521,0
607395931515518975,0.284881,0
607395931649736703,0.267417,0
607395932991913983,0.221107,0
607395933126131711,0.231312,0
607395933260349439,0.220623,0
607395933394567167,0.210367,0
607395933528784895,0.240853,0
607395933663002623,0.248125,0
607395933797220351,0.234042,0
607395934065655807,0.270116,0
607395934199873535,0.30294,0
607395934334091263,0.252215,0
607395934468308991,0.285187,0
607395934602526719,0.283301,0
607395934736744447,0.358915,0
607395934870962175,0.259987,0
607395935139397631,0.214701,0
607395935273615359,0.202688,0
607395935407833087,0.22297,0
607395935542050815,0.223182,0
607395935676268543,0.233353,0
607395935810486271,0.218963,0
607395935944703999,0.213282,0
607395936213139455,0.248752,0
607395936347357183,0.303812,0
607395936481574911,0.225783,0
607395936615792639,0.229931,0
607395936750010367,0.230678,0
607395936884228095,0.301452,0
607395937018445823,0.223773,0
607395937286881279,0.251266,0
607395937421099007,0.250604,0
607395937555316735,0.232161,0
607395937689534463,0.248211,0
607395937823752191,0.281782,0
607395937957969919,0.322322,0
607395938092187647,0.254959,0
607395938360623103,0.283978,0
607395938494840831,0.327529,0
607395938629058559,0.266204,0
607395938763276287,0.270308,0
607395938897494015,0.283661,0
607395939031711743,0.331518,0
607395939165929471,0.313784,0
607395939434364927,0.207957,0
607395939568582655,0.218304,0
607395939702800383,0.220908,0
607395939837018111,0.213927,0
607395939971235839,0.218741,0
607395940105453567,0.224585,0
607395940239671295,0.216264,0
607395941581848575,0.254842,0
607395941716066303,0.220617,0
607395941850284031,0.262216,0
607395941984501759,0.22823,0
607395942118719487,0.25825,0
607395942252937215,0.255047,0
607395942387154943,0.259145,0
607395942655590399,0.224293,0
607395942789808127,0.235477,0
607395942924025855,0.208451,0
607395943058243583,0.221676,0
607395943192461311,0.236093,0
607395943326679039,0.247291,0
607395943460896767,0.237653,0
607395943729332223,0.221411,0
607395943863549951,0.208629,0
607395943997767679,0.245528,0
607395944131985407,0.214787,0
607395944266203135,0.235472,0
607395944400420863,0.228571,0
607395944534638591,0.247119,0
607395944803074047,0.223492,0
607395944937291775,0.234668,0
607395945071509503,0.199378,0
607395945205727231,0.211315,0
607395945339944959,0.20532,0
607395945474162687,0.237726,0
607395945608380415,0.222765,0
607395945876815871,0.297389,0
607395946011033599,0.256267,0
607395946145251327,0.298859,0
607395946279469055,0.275359,0
607395946413686783,0.306641,0
607395946547904511,0.277935,0
607395946682122239,0.303115,0
607395946950557695,0.265855,0
607395947084775423,0.252125,0
607395947218993151,0.25497,0
607395947353210879,0.239169,0
607395947487428607,0.274673,0
607395947621646335,0.27421,0
607395947755864063,0.260047,0
607395948024299519,0.282256,0
607395948158517247,0.270393,0
607395948292734975,0.284596,0
607395948426952703,0.26182,0
607395948561170431,0.279337,0
607395948695388159,0.279894,0
607395948829605887,0.294108,0
607395950171783167,0.268194,0
607395950306000895,0.251265,0
607395950440218623,0.204522,0
607395950574436351,0.249605,0
607395950708654079,0.249975,0
607395950842871807,0.261058,0
607395950977089535,0.226892,0
607395951245524991,0.25568,0
607395951379742719,0.26414,0
607395951513960447,0.251538,0
607395951648178175,0.240993,0
607395951782395903,0.246124,0
607395951916613631,0.269485,0
607395952050831359,0.245614,0
607395952319266815,0.20705,0
607395952453484543,0.222375,0
607395952587702271,0.209615,0
607395952721919999,0.223962,0
607395952856137727,0.217564,0
607395952990355455,0.207246,0
607395953124573183,0.206064,0
607395953393008639,0.264009,0
607395953527226367,0.252461,0
607395953661444095,0.24743,0
607395953795661823,0.238388,0
607395953929879551,0.251763,0
607395954064097279,0.259678,0
607395954198315007,0.256318,0
607395954466750463,0.224979,0
607395954600968191,0.250959,0
607395954735185919,0.239634,0
607395954869403647,0.235625,0
607395955003621375,0.214793,0
607395955137839103,0.237593,0
607395955272056831,0.239232,0
607395955540492287,0.234063,0
607395955674710015,0.218615,0
607395955808927743,0.252189,0
607395955943145471,0.240088,0
607395956077363199,0.239862,0
607395956211580927,0.218595,0
607395956345798655,0.247994,0
607395956614234111,0.199487,0
607395956748451839,0.220901,0
607395956882669567,0.189008,0
607395957016887295,0.209489,0
607395957151105023,0.209578,0
607395957285322751,0.216493,0
607395957419540479,0.201018,0
607395958761717759,0.353084,0
607395958895935487,0.2964,0
607395959030153215,0.36988,0
607395959164370943,0.328814,0
607395959298588671,0.346442,0
607395959432806399,0.322289,0
607395959567024127,0.36703,0
607395959835459583,0.285151,0
607395959969677311,0.294061,0
607395960103895039,0.281358,0
607395960238112767,0.28499,0
607395960372330495,0.30146,0
607395960506548223,0.298991,0
607395960640765951,0.292974,0
607395960909201407,0.356424,0
607395961043419135,0.339852,0
607395961177636863,0.346382,0
607395961311854591,0.341539,0
607395961446072319,0.353549,0
607395961580290047,0.369153,0
607395961714507775,0.350495,0
607395961982943231,0.267683,0
607395962117160959,0.276823,0
607395962251378687,0.281094,0
607395962385596415,0.248888,0
607395962519814143,0.282716,0
607395962654031871,0.266991,0
607395962788249599,0.322641,0
607395963056685055,0.366583,0
607395963190902783,0.370623,0
607395963325120511,0.354339,0
607395963459338239,0.359888,0
607395963593555967,0.343165,0
607395963727773695,0.338809,0
607395963861991423,0.330653,0
607395964130426879,0.334927,0
607395964264644607,0.306992,0
607395964398862335,0.342806,0
607395964533080063,0.299587,0
607395964667297791,0.346424,0
607395964801515519,0.3079,0
607395964935733247,0.354248,0
607395965204168703,0.345192,0
607395965338386431,0.351904,0
607395965472604159,0.34271,0
607395965606821887,0.362332,0
607395965741039615,0.320973,0
607395965875257343,0.357905,0
607395966009475071,0.322705,0
607395967351652351,0.334918,0
607395967485870079,0.339746,0
607395967620087807,0.285986,0
607395967754305535,0.315223,0
607395967888523263,0.320151,0
607395968022740991,0.353693,0
607395968156958719,0.331265,0
607395968425394175,0.374824,0
607395968559611903,0.436525,0
607395968693829631,0.360507,0
607395968828047359,0.372523,0
607395968962265087,0.451501,0
607395969096482815,0.478258,0
607395969230700543,0.357272,0
607395969499135999,0.296997,0
607395969633353727,0.297638,0
607395969767571455,0.243534,0
607395969901789183,0.259403,0
607395970036006911,0.279725,0
607395970170224639,0.274212,0
607395970304442367,0.290214,0
607395970572877823,0.279308,0
607395970707095551,0.303377,0
607395970841313279,0.287074,0
607395970975531007,0.276675,0
607395971109748735,0.305235,0
607395971243966463,0.306525,0
607395971378184191,0.305295,0
607395971646619647,0.330967,0
607395971780837375,0.355167,0
607395971915055103,0.281483,0
607395972049272831,0.335036,0
607395972183490559,0.357252,0
607395972317708287,0.365084,0
607395972451926015,0.347475,0
607395972720361471,0.389456,0
607395972854579199,0.451643,0
607395972988796927,0.334334,0
607395973123014655,0.424097,0
607395973257232383,0.367956,0
607395973391450111,0.500847,0
607395973525667839,0.338106,0
607395973794103295,0.264603,0
607395973928321023,0.281684,0
607395974062538751,0.268255,0
607395974196756479,0.304832,0
607395974330974207,0.285878,0
607395974465191935,0.282074,0
607395974599409663,0.279403,0
607395975941586943,0.288853,0
607395976075804671,0.283794,0
607395976210022399,0.307019,0
607395976344240127,0.30073,0
607395976478457855,0.303332,0
607395976612675583,0.313396,0
607395976746893311,0.307772,0
607395977015328767,0.30846,0
607395977149546495,0.312874,0
607395977283764223,0.289456,0
607395977417981951,0.290325,0
607395977552199679,0.3114,0
607395977686417407,0.32614,0
607395977820635135,0.315818,0
607395978089070591,0.315332,0
607395978223288319,0.317912,0
607395978357506047,0.307795,0
607395978491723775,0.317981,0
607395978625941503,0.328149,0
607395978760159231,0.33503,0
607395978894376959,0.311549,0
607395979162812415,0.253722,0
607395979297030143,0.272703,0
607395979431247871,0.279983,0
607395979565465599,0.26564,0
607395979699683327,0.280492,0
607395979833901055,0.292376,0
607395979968118783,0.289616,0
607395980236554239,0.28694,0
607395980370771967,0.275814,0
607395980504989695,0.290134,0
607395980639207423,0.327437,0
607395980773425151,0.27481,0
607395980907642879,0.271324,0
607395981041860607,0.27386,0
607395981310296063,0.315437,0
607395981444513791,0.320775,0
607395981578731519,0.305084,0
607395981712949247,0.319042,0
607395981847166975,0.329973,0
607395981981384703,0.342055,0
607395982115602431,0.293705,0
607395982384037887,0.289836,0
607395982518255615,0.309806,0
607395982652473343,0.296626,0
607395982786691071,0.299485,0
607395982920908799,0.310197,0
607395983055126527,0.306789,0
607395983189344255,0.280558,0
607401904070197247,0.0477673,0
607401904607068159,0.0445502,0
607401904875503615,0.0400967,0
607401907291422719,0.0395575,0
607401907425640447,0.0400319,0
607401907828293631,0.0401776,0
607401907962511359,0.036215,0
607401908365164543,0.0401639,0
607401908499382271,0.0343399,0
607401908633599999,0.0416159,0
607401908767817727,0.0360161,0
607401908902035455,0.0388152,0
607401909036253183,0.0408575,0
607401909170470911,0.0399374,0
607401937356193791,0.0318659,0
607401937490411519,0.0326855,0
607401937624629247,0.0340041,0
607401937758846975,0.0331079,0
607401937893064703,0.0307217,0
607401938027282431,0.032766,0
607401938161500159,0.0317622,0
607401938429935615,0.0375092,0
607401938564153343,0.0352171,0
607401938698371071,0.0401388,0
607401938832588799,0.0348644,0
607401938966806527,0.0353776,0
607401939101024255,0.0378763,0
607401939235241983,0.0349446,0
607401939503677439,0.035657,0
607401939637895167,0.0369127,0
607401939772112895,0.0360278,0
607401939906330623,0.0379096,0
607401940040548351,0.0338788,0
607401940174766079,0.0347052,0
607401940308983807,0.035953,0
607401940577419263,0.0381492,0
607401940711636991,0.0379567,0
607401940845854719,0.0389596,0
607401940980072447,0.0373126,0
607401941114290175,0.0365721,0
607401941248507903,0.0376558,0
607401941382725631,0.0353796,0
607401941651161087,0.0309593,0
607401941785378815,0.0298551,0
607401941919596543,0.0332289,0
607401942053814271,0.029842,0
607401942188031999,0.0318267,0
607401942322249727,0.0309623,0
607401942456467455,0.0317437,0
607401942724902911,0.0329342,0
607401942859120639,0.0342043,0
607401942993338367,0.0305571,0
607401943127556095,0.0341042,0
607401943261773823,0.0320611,0
607401943395991551,0.0343188,0
607401943530209279,0.0319894,0
607401943798644735,0.0324783,0
607401943932862463,0.0310135,0
607401944067080191,0.0349663,0
607401944201297919,0.0309841,0
607401944335515647,0.0317292,0
607401944469733375,0.033193,0
607401944603951103,0.0294646,0
607401945946128383,0.0420061,0
607401946214563839,0.0431127,0
607401946482999295,0.0393573,0
607401946617217023,0.0421484,0
607401946751434751,0.0401741,0
607401948093612031,0.0490532,0
607401948362047487,0.0398639,0
607401948630482943,0.042863,0
607401948764700671,0.0488622,0
607401948898918399,0.0376872,0
607401950241095679,0.0376668,0
607401950375313407,0.0396682,0
607401950509531135,0.0401319,0
607401950643748863,0.0368443,0
607401950777966591,0.0338716,0
607401950912184319,0.0392641,0
607401951046402047,0.0372844,0
607401951314837503,0.0412175,0
607401951583272959,0.0397978,0
607401951717490687,0.0425763,0
607401951851708415,0.0418844,0
607401951985926143,0.0405805,0
607401952120143871,0.0400107,0
607401952388579327,0.0439157,0
607401952522797055,0.0413701,0
607401952657014783,0.0410847,0
607401952791232511,0.0412469,0
607401952925450239,0.0364902,0
607401953059667967,0.0423802,0
607401953193885695,0.0365301,0
607401960038989823,0.0364345,0
607401960441643007,0.0352538,0
607401960575860735,0.0313596,0
607403208666513407,0.143163,0
607403208800731135,0.154708,0
607403208934948863,0.154634,0
607403209069166591,0.150746,0
607403209203384319,0.145763,0
607403209337602047,0.149775,0
607403209471819775,0.165387,0
607403209740255231,0.162726,0
607403209874472959,0.166806,0
607403210008690687,0.163407,0
607403210142908415,0.174362,0
607403210277126143,0.159312,0
607403210411343871,0.148509,0
607403210545561599,0.162838,0
607403210813997055,0.164411,0
607403210948214783,0.155163,0
607403211350867967,0.135458,0
607403211485085695,0.144218,0
607403211887738879,0.15948,0
607403212021956607,0.177127,0
607403212156174335,0.133401,0
607403212290392063,0.174086,0
607403212424609791,0.160769,0
607403212558827519,0.171977,0
607403212693045247,0.155045,0
607403212961480703,0.162002,0
607403213095698431,0.145347,0
607403213229916159,0.13308,0
607403213364133887,0.150241,0
607403213498351615,0.146776,0
607403213632569343,0.155806,0
607403213766787071,0.15182,0
607403214035222527,0.150637,0
607403214169440255,0.158424,0
607403214303657983,0.144096,0
607403214437875711,0.152323,0
607403214572093439,0.151665,0
607403214706311167,0.143759,0
607403214840528895,0.178432,0
607403215108964351,0.135625,0
607403215243182079,0.139321,0
607403215377399807,0.134291,0
607403215511617535,0.146541,0
607403215645835263,0.147435,0
607403215780052991,0.136338,0
607403215914270719,0.133688,0
607403217256447999,0.0872316,0
607403217390665727,0.0974273,0
607403217524883455,0.106639,0
607403217659101183,0.0918165,0
607403217793318911,0.112676,0
607403217927536639,0.0890468,0
607403218061754367,0.11392,0
607403218330189823,0.0889245,0
607403218464407551,0.0856756,0
607403218598625279,0.099638,0
607403218732843007,0.0867688,0
607403218867060735,0.0895789,0
607403219001278463,0.0841812,0
607403219135496191,0.0917279,0
607403219403931647,0.105387,0
607403219538149375,0.117476,0
607403219672367103,0.109844,0
607403219806584831,0.134056,0
607403219940802559,0.124112,0
607403220075020287,0.0998264,0
607403220209238015,0.14351,0
607403220477673471,0.0843635,0
607403220611891199,0.0864723,0
607403220746108927,0.103739,0
607403220880326655,0.088469,0
607403221014544383,0.10031,0
607403221148762111,0.0864985,0
607403221282979839,0.0967137,0
607403221551415295,0.107284,0
607403221685633023,0.111467,0
607403221819850751,0.127665,0
607403221954068479,0.104345,0
607403222088286207,0.140936,0
607403222222503935,0.094559,0
607403222356721663,0.148409,0
607403222625157119,0.0917265,0
607403222759374847,0.0859154,0
607403222893592575,0.0982807,0
607403223027810303,0.090006,0
607403223162028031,0.093632,0
607403223296245759,0.0898073,0
607403223430463487,0.0950828,0
607403223698898943,0.129324,0
607403223833116671,0.128063,0
607403223967334399,0.146284,0
607403224101552127,0.145179,0
607403224235769855,0.149318,0
607403224369987583,0.110833,0
607403224504205311,0.176726,0
607403236181147647,0.138712,0
607403239805026303,0.142428,0
607403239939244031,0.144577,0
607403240341897215,0.158477,0
607403240476114943,0.152053,0
607403240610332671,0.167937,0
607403243026251775,0.142433,0
607403243160469503,0.138694,0
607403243294687231,0.186107,0
607403243428904959,0.159454,0
607403243563122687,0.139779,0
607403243697340415,0.131194,0
607403243831558143,0.188961,0
607403244099993599,0.122377,0
607403244234211327,0.128127,0
607403244368429055,0.12831,0
607403244502646783,0.132339,0
607403244636864511,0.117319,0
607403244771082239,0.120077,0
607403244905299967,0.11952,0
607403245173735423,0.144561,0
607403245307953151,0.208452,0
607403245442170879,0.139644,0
607403245576388607,0.142487,0
607403245710606335,0.166515,0
607403245844824063,0.14696,0
607403245979041791,0.130516,0
607403246247477247,0.138955,0
607403246381694975,0.154985,0
607403246515912703,0.140773,0
607403246650130431,0.153983,0
607403246784348159,0.145077,0
607403246918565887,0.160657,0
607403247052783615,0.148058,0
607403247321219071,0.13093,0
607403247455436799,0.135043,0
607403247589654527,0.140362,0
607403247723872255,0.144076,0
607403247858089983,0.135443,0
607403247992307711,0.130034,0
607403248126525439,0.134715,0
607403248394960895,0.168593,0
607403248529178623,0.121575,0
607403248663396351,0.149788,0
607403248797614079,0.120709,0
607403248931831807,0.13943,0
607403249066049535,0.117045,0
607403249200267263,0.129172,0
607403249468702719,0.132659,0
607403249602920447,0.141201,0
607403249737138175,0.135579,0
607403249871355903,0.140904,0
607403250005573631,0.142137,0
607403250139791359,0.140987,0
607403250274009087,0.13067,0
607403251616186367,0.126043,0
607403251750404095,0.123553,0
607403251884621823,0.135545,0
607403252018839551,0.145138,0
607403252153057279,0.124688,0
607403252287275007,0.129029,0
607403252421492735,0.124699,0
607403252689928191,0.109942,0
607403252824145919,0.106351,0
607403252958363647,0.114975,0
607403253092581375,0.0977328,0
607403253226799103,0.103291,0
607403253361016831,0.104687,0
607403253495234559,0.110597,0
607403253763670015,0.133923,0
607403253897887743,0.139304,0
607403254032105471,0.150497,0
607403254166323199,0.148282,0
607403254300540927,0.139855,0
607403254434758655,0.123142,0
607403254568976383,0.166397,0
607403254837411839,0.108471,0
607403254971629567,0.098935,0
607403255105847295,0.119287,0
607403255240065023,0.0965391,0
607403255374282751,0.116301,0
607403255508500479,0.101884,0
607403255642718207,0.124356,0
607403255911153663,0.121663,0
607403256045371391,0.137692,0
607403256179589119,0.130578,0
607403256313806847,0.132069,0
607403256448024575,0.131916,0
607403256582242303,0.119719,0
607403256716460031,0.137612,0
607403256984895487,0.114169,0
607403257119113215,0.114164,0
607403257253330943,0.115291,0
607403257387548671,0.115826,0
607403257521766399,0.102006,0
607403257655984127,0.111574,0
607403257790201855,0.110558,0
607403258058637311,0.134428,0
607403258192855039,0.136986,0
607403258327072767,0.135523,0
607403258461290495,0.137231,0
607403258595508223,0.139654,0
607403258729725951,0.146149,0
607403258863943679,0.151007,0
607403260206120959,0.134483,0
607403260340338687,0.158461,0
607403260608774143,0.152766,0
607403260742991871,0.112642,0
607403260877209599,0.121797,0
607403261011427327,0.12086,0
607403261279862783,0.129957,0
607403261414080511,0.138378,0
607403261548298239,0.11858,0
607403261682515967,0.126172,0
607403261816733695,0.128102,0
607403261950951423,0.142132,0
607403262085169151,0.132413,0
607403263964217343,0.155218,0
607403264098435071,0.124181,0
607403264501088255,0.131019,0
607403264635305983,0.136919,0
607403264769523711,0.125051,0
607403264903741439,0.131634,0
607403265037959167,0.131751,0
607403265172176895,0.127454,0
607403265306394623,0.135497,0
607403265574830079,0.124458,0
607403265709047807,0.14118,0
607403265843265535,0.114179,0
607403265977483263,0.116479,0
607403266111700991,0.132165,0
607403266245918719,0.128307,0
607403266380136447,0.127598,0
607403267185442815,0.128249,0
607403267319660543,0.134756,0
607403277385990143,0.0804872,0
607403277520207871,0.0721833,0
607403277654425599,0.0860932,0
607403277788643327,0.0789374,0
607403277922861055,0.0825559,0
607403278057078783,0.0792135,0
607403278191296511,0.0763264,0
607403278459731967,0.0816884,0
607403278593949695,0.0686853,0
607403278728167423,0.0761955,0
607403278862385151,0.0738898,0
607403278996602879,0.0786219,0
607403279130820607,0.0853374,0
607403279265038335,0.0745615,0
607403279533473791,0.0796373,0
607403279667691519,0.0752273,0
607403279801909247,0.0785142,0
607403279936126975,0.0794071,0
607403280070344703,0.0771728,0
607403280204562431,0.0815574,0
607403280338780159,0.0843684,0
607403280607215615,0.0753895,0
607403280741433343,0.0697223,0
607403280875651071,0.0730055,0
607403281009868799,0.0738731,0
607403281144086527,0.0651627,0
607403281278304255,0.071822,0
607403281412521983,0.0686651,0
607403281680957439,0.0910546,0
607403281815175167,0.0800603,0
607403281949392895,0.0926364,0
607403282083610623,0.0771541,0
607403282217828351,0.0886412,0
607403282352046079,0.0902308,0
607403282486263807,0.0855049,0
607403282754699263,0.0925387,0
607403282888916991,0.0919283,0
607403283023134719,0.0857252,0
607403283157352447,0.087354,0
607403283291570175,0.0873476,0
607403283425787903,0.0944364,0
607403283560005631,0.0855387,0
607403283828441087,0.0788082,0
607403283962658815,0.0778344,0
607403284096876543,0.0799434,0
607403284231094271,0.0795642,0
607403284365311999,0.0892391,0
607403284499529727,0.0817228,0
607403284633747455,0.078865,0
607403285975924735,0.0523857,0
607403286110142463,0.0491057,0
607403286244360191,0.0588037,0
607403286378577919,0.0508125,0
607403286512795647,0.0581659,0
607403286647013375,0.0641723,0
607403286781231103,0.0569079,0
607403287049666559,0.0557182,0
607403287183884287,0.0505144,0
607403287318102015,0.0488804,0
607403287452319743,0.0474194,0
607403287586537471,0.0668323,0
607403287720755199,0.0581724,0
607403287854972927,0.0590499,0
607403288123408383,0.0502728,0
607403288257626111,0.0461289,0
607403288391843839,0.0474019,0
607403288526061567,0.0491889,0
607403288660279295,0.0539813,0
607403288794497023,0.0533594,0
607403288928714751,0.0539747,0
607403289197150207,0.0452193,0
607403289331367935,0.0457143,0
607403289465585663,0.0401962,0
607403289599803391,0.038514,0
607403289734021119,0.0487091,0
607403289868238847,0.0388638,0
607403290002456575,0.0464746,0
607403290270892031,0.0771272,0
607403290405109759,0.0686981,0
607403290539327487,0.0686623,0
607403290673545215,0.0676991,0
607403290807762943,0.0827199,0
607403290941980671,0.0923456,0
607403291076198399,0.0774483,0
607403291344633855,0.072746,0
607403291478851583,0.0679425,0
607403291613069311,0.0659905,0
607403291747287039,0.0683788,0
607403291881504767,0.0765678,0
607403292015722495,0.0784716,0
607403292149940223,0.0765292,0
607403292418375679,0.0622758,0
607403292552593407,0.054511,0
607403292686811135,0.0661579,0
607403292821028863,0.055602,0
607403292955246591,0.0672719,0
607403293089464319,0.0694027,0
607403293223682047,0.0671072,0
607403294565859327,0.0812401,0
607403294700077055,0.0820211,0
607403294834294783,0.079395,0
607403294968512511,0.0826841,0
607403295102730239,0.0821049,0
607403295236947967,0.0828023,0
607403295371165695,0.0849872,0
607403295639601151,0.0716395,0
607403295773818879,0.0796195,0
607403295908036607,0.0753078,0
607403296042254335,0.0776451,0
607403296176472063,0.0775766,0
607403296310689791,0.0762255,0
607403296444907519,0.0777738,0
607403296713342975,0.0841202,0
607403296847560703,0.077802,0
607403296981778431,0.0880328,0
607403297115996159,0.0894916,0
607403297250213887,0.0803587,0
607403297384431615,0.0767672,0
607403297518649343,0.0840429,0
607403297787084799,0.074472,0
607403297921302527,0.0715429,0
607403298055520255,0.0720402,0
607403298189737983,0.0710357,0
607403298323955711,0.0792659,0
607403298458173439,0.0736977,0
607403298592391167,0.0785197,0
607403298860826623,0.0884773,0
607403298995044351,0.0828039,0
607403299129262079,0.0864642,0
607403299263479807,0.0857841,0
607403299397697535,0.0819782,0
607403299531915263,0.0858875,0
607403299666132991,0.0826067,0
607403299934568447,0.0836469,0
607403300068786175,0.0845165,0
607403300203003903,0.0811597,0
607403300337221631,0.082072,0
607403300471439359,0.0842573,0
607403300605657087,0.0817708,0
607403300739874815,0.0845711,0
607403301008310271,0.0834837,0
607403301142527999,0.0835118,0
607403301276745727,0.0896247,0
607403301410963455,0.0760938,0
607403301545181183,0.0868222,0
607403301679398911,0.0836486,0
607403301813616639,0.090439,0
607403303155793919,0.0721135,0
607403303290011647,0.0549618,0
607403303424229375,0.0751661,0
607403303558447103,0.055161,0
607403303692664831,0.0706043,0
607403303826882559,0.0640721,0
607403303961100287,0.0785871,0
607403304229535743,0.0519132,0
607403304363753471,0.0588033,0
607403304497971199,0.0544507,0
607403304632188927,0.0570882,0
607403304766406655,0.057371,0
607403304900624383,0.0554264,0
607403305034842111,0.063326,0
607403305303277567,0.0678436,0
607403305437495295,0.0617076,0
607403305571713023,0.0705389,0
607403305705930751,0.0667172,0
607403305840148479,0.0736745,0
607403305974366207,0.065105,0
607403306108583935,0.0699373,0
607403306377019391,0.0510314,0
607403306511237119,0.0543382,0
607403306645454847,0.0500828,0
607403306779672575,0.0504584,0
607403306913890303,0.0517744,0
607403307048108031,0.0518691,0
607403307182325759,0.0577823,0
607403307450761215,0.0772989,0
607403307584978943,0.0691276,0
607403307719196671,0.0819092,0
607403307853414399,0.0792236,0
607403307987632127,0.079121,0
607403308121849855,0.0811203,0
607403308256067583,0.0787485,0
607403308524503039,0.0680753,0
607403308658720767,0.050802,0
607403308792938495,0.0676896,0
607403308927156223,0.0588652,0
607403309061373951,0.0668534,0
607403309195591679,0.0597955,0
607403309329809407,0.0752349,0
607403309598244863,0.0778089,0
607403309732462591,0.0819201,0
607403309866680319,0.0769631,0
607403310000898047,0.0813999,0
607403310135115775,0.0795249,0
607403310269333503,0.0821303,0
607403310403551231,0.0794281,0
607403311745728511,0.0938396,0
607403311879946239,0.0966302,0
607403312014163967,0.0847538,0
607403312148381695,0.091877,0
607403312282599423,0.0882584,0
607403312416817151,0.104197,0
607403312551034879,0.0949482,0
607403312819470335,0.0991963,0
607403312953688063,0.0931233,0
607403313087905791,0.0989838,0
607403313222123519,0.0924189,0
607403313356341247,0.108126,0
607403313490558975,0.106477,0
607403313624776703,0.100869,0
607403313893212159,0.0933873,0
607403314027429887,0.0890945,0
607403314161647615,0.0883395,0
607403314295865343,0.0889365,0
607403314430083071,0.0829207,0
607403314564300799,0.0954127,0
607403314698518527,0.0827981,0
607403314966953983,0.0893128,0
607403315101171711,0.0831192,0
607403315235389439,0.0924608,0
607403315369607167,0.0854666,0
607403315503824895,0.0919543,0
607403315638042623,0.0861204,0
607403315772260351,0.0927741,0
607403316040695807,0.0889689,0
607403316174913535,0.0963864,0
607403316309131263,0.09367,0
607403316443348991,0.0957383,0
607403316577566719,0.0851833,0
607403316711784447,0.0853858,0
607403316846002175,0.085038,0
607403317114437631,0.096274,0
607403317248655359,0.110418,0
607403317382873087,0.0956861,0
607403317517090815,0.103054,0
607403317651308543,0.100436,0
607403317785526271,0.104471,0
607403317919743999,0.096458,0
607403318188179455,0.0868841,0
607403318322397183,0.0865102,0
607403318456614911,0.0833656,0
607403318590832639,0.0831416,0
607403318725050367,0.093598,0
607403318859268095,0.0908117,0
607403318993485823,0.0868238,0
607403320335663103,0.100657,0
607403320469880831,0.10141,0
607403320604098559,0.0980941,0
607403320738316287,0.105462,0
607403320872534015,0.103662,0
607403321006751743,0.114497,0
607403321140969471,0.0957688,0
607403321409404927,0.0997905,0
607403321543622655,0.0969703,0
607403321677840383,0.0990837,0
607403321812058111,0.0996758,0
607403321946275839,0.106998,0
607403322080493567,0.106767,0
607403322214711295,0.11098,0
607403322483146751,0.09846,0
607403322617364479,0.0924703,0
607403322751582207,0.0870023,0
607403322885799935,0.0899837,0
607403323020017663,0.0941028,0
607403323154235391,0.106172,0
607403323288453119,0.100757,0
607403323556888575,0.0969076,0
607403323691106303,0.0888445,0
607403323825324031,0.0918196,0
607403323959541759,0.0938915,0
607403324093759487,0.101337,0
607403324227977215,0.0988334,0
607403324362194943,0.0994728,0
607403324630630399,0.0970012,0
607403324764848127,0.088824,0
607403324899065855,0.0956359,0
607403325033283583,0.0933078,0
607403325167501311,0.0996538,0
607403325301719039,0.094939,0
607403325435936767,0.101404,0
607403325704372223,0.115595,0
607403325838589951,0.111219,0
607403325972807679,0.112639,0
607403326107025407,0.111881,0
607403326241243135,0.11123,0
607403326375460863,0.108106,0
607403326509678591,0.10556,0
607403326778114047,0.0865232,0
607403326912331775,0.0968763,0
607403327046549503,0.08426,0
607403327180767231,0.0872869,0
607403327314984959,0.0902433,0
607403327449202687,0.0931776,0
607403327583420415,0.0849341,0
607403328925597695,0.0998281,0
607403329059815423,0.0848671,0
607403329194033151,0.0905952,0
607403329328250879,0.0882677,0
607403329462468607,0.0975607,0
607403329596686335,0.0953563,0
607403329730904063,0.100313,0
607403329999339519,0.0918912,0
607403330133557247,0.0878848,0
607403330267774975,0.0812544,0
607403330401992703,0.0836405,0
607403330536210431,0.0900096,0
607403330670428159,0.0901403,0
607403330804645887,0.0881518,0
607403331073081343,0.092994,0
607403331207299071,0.0823347,0
607403331341516799,0.0890581,0
607403331475734527,0.0855823,0
607403331609952255,0.088566,0
607403331744169983,0.0938858,0
607403331878387711,0.089982,0
607403332146823167,0.0864668,0
607403332281040895,0.083114,0
607403332415258623,0.0886054,0
607403332549476351,0.0854751,0
607403332683694079,0.0859284,0
607403332817911807,0.0825022,0
607403332952129535,0.0885046,0
607403333220564991,0.102859,0
607403333354782719,0.099586,0
607403333489000447,0.102309,0
607403333623218175,0.0893886,0
607403333757435903,0.0891765,0
607403333891653631,0.0990338,0
607403334025871359,0.103201,0
607403334294306815,0.0890919,0
607403334428524543,0.0858443,0
607403334562742271,0.0896374,0
607403334696959999,0.0843694,0
607403334831177727,0.0882502,0
607403334965395455,0.0854114,0
607403335099613183,0.101459,0
607403335368048639,0.0984348,0
607403335502266367,0.0985817,0
607403335636484095,0.0939065,0
607403335770701823,0.0904924,0
607403335904919551,0.10243,0
607403336039137279,0.101801,0
607403336173355007,0.101966,0
607403449721552895,0.11022,0
607403449855770623,0.100335,0
607403450258423807,0.0930284,0
607403450392641535,0.0907092,0
607403450661076991,0.0959203,0
607403450795294719,0.0940302,0
607403450929512447,0.0928818,0
607403451063730175,0.0928324,0
607403453479649279,0.101089,0
607403453613867007,0.110988,0
607403454016520191,0.127828,0
607403454150737919,0.0925624,0
607403454284955647,0.126889,0
607403454553391103,0.0912625,0
607403454687608831,0.0922104,0
607403454821826559,0.0998778,0
607403454956044287,0.0993311,0
607403455090262015,0.0981431,0
607403455224479743,0.0879166,0
607403455358697471,0.102785,0
607403457774616575,0.0925332,0
607403457908834303,0.0896742,0
607403458043052031,0.103794,0
607403458177269759,0.0995365,0
607403458311487487,0.0797724,0
607403458445705215,0.0802198,0
607403458579922943,0.0859654,0
607403458848358399,0.0785538,0
607403458982576127,0.0764869,0
607403459116793855,0.0936617,0
607403459251011583,0.0816471,0
607403459385229311,0.0728951,0
607403459519447039,0.0688929,0
607403459653664767,0.0798525,0
607403460995842047,0.0954792,0
607403461130059775,0.0887918,0
607403461532712959,0.0942984,0
607403461666930687,0.0885801,0
607403462069583871,0.0857948,0
607403462203801599,0.0768038,0
607403462338019327,0.0930767,0
607403462472237055,0.0812788,0
607403462606454783,0.0829033,0
607403462740672511,0.0789856,0
607403462874890239,0.0872857,0
607403463143325695,0.0782035,0
607403463277543423,0.0726574,0
607403463411761151,0.0779803,0
607403463545978879,0.07939,0
607403463680196607,0.0750123,0
607403463814414335,0.0810785,0
607403463948632063,0.0783621,0
607403464351285247,0.0955433,0
607403464753938431,0.085941,0
607403464888156159,0.0874335,0
607403483544420351,0.148407,0
607403483678638079,0.159125,0
607403483812855807,0.146782,0
607403483947073535,0.166204,0
607403484081291263,0.147036,0
607403484215508991,0.146566,0
607403484349726719,0.151772,0
607403484618162175,0.142664,0
607403484752379903,0.136165,0
607403484886597631,0.156973,0
607403485020815359,0.173294,0
607403485155033087,0.150687,0
607403485289250815,0.168006,0
607403485423468543,0.159312,0
607403485691903999,0.150319,0
607403485826121727,0.170617,0
607403485960339455,0.153688,0
607403486094557183,0.160264,0
607403486228774911,0.152335,0
607403486362992639,0.151099,0
607403486497210367,0.161282,0
607403486765645823,0.155297,0
607403486899863551,0.152302,0
607403487034081279,0.162174,0
607403487168299007,0.151667,0
607403487302516735,0.159212,0
607403487436734463,0.178059,0
607403487570952191,0.166729,0
607403487839387647,0.133327,0
607403487973605375,0.146584,0
607403488107823103,0.143313,0
607403488242040831,0.15023,0
607403488376258559,0.121262,0
607403488510476287,0.132793,0
607403488644694015,0.132578,0
607403488913129471,0.127086,0
607403489047347199,0.128733,0
607403489181564927,0.124675,0
607403489315782655,0.127214,0
607403489450000383,0.135826,0
607403489584218111,0.121503,0
607403489718435839,0.132733,0
607403489986871295,0.153679,0
607403490121089023,0.160333,0
607403490255306751,0.157237,0
607403490389524479,0.16524,0
607403490523742207,0.147264,0
607403490657959935,0.151718,0
607403490792177663,0.151811,0
607403492134354943,0.12047,0
607403492268572671,0.111143,0
607403492402790399,0.123179,0
607403492537008127,0.118316,0
607403492671225855,0.118168,0
607403492805443583,0.112432,0
607403492939661311,0.120246,0
607403493208096767,0.11147,0
607403493342314495,0.112647,0
607403493476532223,0.11181,0
607403493610749951,0.114402,0
607403493744967679,0.115063,0
607403493879185407,0.11099,0
607403494013403135,0.108695,0
607403494281838591,0.128945,0
607403494416056319,0.130761,0
607403494550274047,0.143297,0
607403494684491775,0.137395,0
607403494818709503,0.133205,0
607403494952927231,0.124331,0
607403495087144959,0.137785,0
607403495355580415,0.118482,0
607403495489798143,0.114715,0
607403495624015871,0.125234,0
607403495758233599,0.121151,0
607403495892451327,0.121574,0
607403496026669055,0.11166,0
607403496160886783,0.125153,0
607403496429322239,0.115373,0
607403496563539967,0.115083,0
607403496697757695,0.119149,0
607403496831975423,0.119482,0
607403496966193151,0.131486,0
607403497100410879,0.113279,0
607403497234628607,0.137987,0
607403497503064063,0.114188,0
607403497637281791,0.130545,0
607403497771499519,0.115391,0
607403497905717247,0.108486,0
607403498039934975,0.110645,0
607403498174152703,0.118744,0
607403498308370431,0.11238,0
607403498576805887,0.134299,0
607403498711023615,0.121301,0
607403498845241343,0.13758,0
607403498979459071,0.132846,0
607403499113676799,0.13503,0
607403499247894527,0.125281,0
607403499382112255,0.152537,0
607403500724289535,0.181507,0
607403500858507263,0.182415,0
607403500992724991,0.174002,0
607403501126942719,0.181204,0
607403501261160447,0.165701,0
607403501395378175,0.184007,0
607403501529595903,0.163215,0
607403501798031359,0.159851,0
607403501932249087,0.172416,0
607403502066466815,0.156821,0
607403502200684543,0.170598,0
607403502334902271,0.158291,0
607403502469119999,0.170257,0
607403502603337727,0.169,0
607403502871773183,0.197709,0
607403503005990911,0.178379,0
607403503140208639,0.188361,0
607403503274426367,0.19163,0
607403503408644095,0.17868,0
607403503542861823,0.19122,0
607403503677079551,0.180259,0
607403503945515007,0.190958,0
607403504079732735,0.182009,0
607403504213950463,0.189156,0
607403504348168191,0.186756,0
607403504482385919,0.164417,0
607403504616603647,0.185612,0
607403504750821375,0.177218,0
607403505019256831,0.154886,0
607403505153474559,0.167406,0
607403505287692287,0.155596,0
607403505421910015,0.171509,0
607403505556127743,0.143903,0
607403505690345471,0.155744,0
607403505824563199,0.153525,0
607403506092998655,0.167322,0
607403506227216383,0.166132,0
607403506361434111,0.168706,0
607403506495651839,0.170153,0
607403506629869567,0.157754,0
607403506764087295,0.162397,0
607403506898305023,0.16994,0
607403507166740479,0.167699,0
607403507300958207,0.182073,0
607403507435175935,0.163925,0
607403507569393663,0.175612,0
607403507703611391,0.152055,0
607403507837829119,0.162561,0
607403507972046847,0.1507,0
607403509314224127,0.13279,0
607403509448441855,0.144917,0
607403509582659583,0.133014,0
607403509716877311,0.136784,0
607403509851095039,0.149518,0
607403509985312767,0.139628,0
607403510119530495,0.162083,0
607403510387965951,0.139883,0
607403510522183679,0.138502,0
607403510656401407,0.142691,0
607403510790619135,0.134795,0
607403510924836863,0.149597,0
607403511059054591,0.140359,0
607403511193272319,0.146359,0
607403511461707775,0.144177,0
607403511595925503,0.14579,0
607403511730143231,0.151111,0
607403511864360959,0.150474,0
607403511998578687,0.145152,0
607403512132796415,0.141914,0
607403512267014143,0.166979,0
607403512535449599,0.130348,0
607403512669667327,0.135978,0
607403512803885055,0.119622,0
607403512938102783,0.126658,0
607403513072320511,0.143529,0
607403513206538239,0.128103,0
607403513340755967,0.138736,0
607403513609191423,0.147277,0
607403513743409151,0.152141,0
607403513877626879,0.151791,0
607403514011844607,0.160169,0
607403514146062335,0.159702,0
607403514280280063,0.157541,0
607403514414497791,0.161522,0
607403514682933247,0.144793,0
607403514817150975,0.138925,0
607403514951368703,0.136996,0
607403515085586431,0.143686,0
607403515219804159,0.144389,0
607403515354021887,0.144415,0
607403515488239615,0.154349,0
607403515756675071,0.166007,0
607403515890892799,0.165415,0
607403516025110527,0.15972,0
607403516159328255,0.170869,0
607403516293545983,0.157482,0
607403516427763711,0.162636,0
607403516561981439,0.169006,0
607403517904158719,0.118612,0
607403518038376447,0.121697,0
607403518172594175,0.113572,0
607403518306811903,0.108485,0
607403518441029631,0.114655,0
607403518575247359,0.108332,0
607403518709465087,0.112807,0
607403518977900543,0.118318,0
607403519112118271,0.12275,0
607403519246335999,0.120046,0
607403519380553727,0.116957,0
607403519514771455,0.129777,0
607403519648989183,0.124438,0
607403519783206911,0.112,0
607403520051642367,0.110782,0
607403520185860095,0.11794,0
607403520320077823,0.117308,0
607403520454295551,0.127659,0
607403520588513279,0.111896,0
607403520722731007,0.112285,0
607403520856948735,0.119673,0
607403521125384191,0.113126,0
607403521259601919,0.125075,0
607403521393819647,0.116828,0
607403521528037375,0.115626,0
607403521662255103,0.120882,0
607403521796472831,0.11963,0
607403521930690559,0.11334,0
607403522199126015,0.112716,0
607403522333343743,0.110094,0
607403522467561471,0.111023,0
607403522601779199,0.10039,0
607403522735996927,0.116707,0
607403522870214655,0.104299,0
607403523004432383,0.112758,0
607403523272867839,0.119789,0
607403523407085567,0.117473,0
607403523541303295,0.117883,0
607403523675521023,0.113498,0
607403523809738751,0.10947,0
607403523943956479,0.109565,0
607403524078174207,0.118019,0
607403524346609663,0.101658,0
607403524480827391,0.106036,0
607403524615045119,0.106435,0
607403524749262847,0.107747,0
607403524883480575,0.108924,0
607403525017698303,0.0990167,0
607403525151916031,0.109981,0
607403526494093311,0.131572,0
607403526628311039,0.140111,0
607403526762528767,0.141359,0
607403526896746495,0.142158,0
607403527030964223,0.140217,0
607403527165181951,0.130896,0
607403527299399679,0.127597,0
607403527567835135,0.121546,0
607403527702052863,0.120909,0
607403527836270591,0.148264,0
607403527970488319,0.123352,0
607403528104706047,0.133682,0
607403528238923775,0.114957,0
607403528373141503,0.138557,0
607403528641576959,0.140711,0
607403528775794687,0.132987,0
607403528910012415,0.142807,0
607403529044230143,0.132787,0
607403529178447871,0.141715,0
607403529312665599,0.141568,0
607403529446883327,0.13825,0
607403529715318783,0.11184,0
607403529849536511,0.115903,0
607403529983754239,0.118983,0
607403530117971967,0.119135,0
607403530252189695,0.134268,0
607403530386407423,0.120606,0
607403530520625151,0.134744,0
607403530789060607,0.117781,0
607403530923278335,0.132631,0
607403531057496063,0.115885,0
607403531191713791,0.130534,0
607403531325931519,0.117877,0
607403531460149247,0.12191,0
607403531594366975,0.121987,0
607403531862802431,0.127686,0
607403531997020159,0.133776,0
607403532131237887,0.131116,0
607403532265455615,0.126219,0
607403532399673343,0.122989,0
607403532533891071,0.126646,0
607403532668108799,0.129741,0
607403532936544255,0.116795,0
607403533070761983,0.128315,0
607403533204979711,0.128191,0
607403533339197439,0.125404,0
607403533473415167,0.118416,0
607403533607632895,0.129181,0
607403533741850623,0.130262,0
607403535084027903,0.122759,0
607403535218245631,0.130585,0
607403535352463359,0.130031,0
607403535486681087,0.132966,0
607403535620898815,0.122365,0
607403535755116543,0.123653,0
607403535889334271,0.124022,0
607403536157769727,0.126381,0
607403536291987455,0.133939,0
607403536426205183,0.135153,0
607403536560422911,0.141962,0
607403536694640639,0.122814,0
607403536828858367,0.126589,0
607403536963076095,0.122575,0
607403537231511551,0.134644,0
607403537365729279,0.138896,0
607403537499947007,0.135581,0
607403537634164735,0.143889,0
607403537768382463,0.128939,0
607403537902600191,0.134172,0
607403538036817919,0.126531,0
607403538305253375,0.140963,0
607403538439471103,0.154672,0
607403538573688831,0.137674,0
607403538707906559,0.157889,0
607403538842124287,0.134144,0
607403538976342015,0.14044,0
607403539110559743,0.137632,0
607403539378995199,0.11155,0
607403539513212927,0.115245,0
607403539647430655,0.1132,0
607403539781648383,0.114382,0
607403539915866111,0.119753,0
607403540050083839,0.11047,0
607403540184301567,0.122378,0
607403540452737023,0.116216,0
607403540586954751,0.116908,0
607403540721172479,0.118644,0
607403540855390207,0.11893,0
607403540989607935,0.117789,0
607403541123825663,0.106998,0
607403541258043391,0.11708,0
607403541526478847,0.119735,0
607403541660696575,0.120755,0
607403541794914303,0.122563,0
607403541929132031,0.117914,0
607403542063349759,0.114892,0
607403542197567487,0.115554,0
607403542331785215,0.118499,0
607403552263897087,0.134206,0
607403552398114815,0.123989,0
607403552532332543,0.128368,0
607403552666550271,0.116588,0
607403552800767999,0.123642,0
607403552934985727,0.11672,0
607403553069203455,0.152288,0
607403553337638911,0.110999,0
607403553471856639,0.109411,0
607403553606074367,0.117889,0
607403553740292095,0.11653,0
607403553874509823,0.108333,0
607403554008727551,0.109017,0
607403554142945279,0.11313,0
607403554411380735,0.106216,0
607403554545598463,0.110198,0
607403554679816191,0.109492,0
607403554814033919,0.109748,0
607403554948251647,0.119711,0
607403555082469375,0.117057,0
607403555216687103,0.12741,0
607403555485122559,0.107897,0
607403555619340287,0.12791,0
607403555753558015,0.110953,0
607403555887775743,0.129607,0
607403556021993471,0.108844,0
607403556156211199,0.108385,0
607403556290428927,0.117604,0
607403556558864383,0.12049,0
607403556693082111,0.115737,0
607403556827299839,0.126635,0
607403556961517567,0.114562,0
607403557095735295,0.114427,0
607403557229953023,0.113848,0
607403557364170751,0.122562,0
607403557632606207,0.122769,0
607403557766823935,0.110397,0
607403557901041663,0.113956,0
607403558035259391,0.109399,0
607403558169477119,0.119551,0
607403558303694847,0.12363,0
607403558437912575,0.112505,0
607403558706348031,0.133051,0
607403558840565759,0.139515,0
607403558974783487,0.128787,0
607403559109001215,0.135147,0
607403559243218943,0.136094,0
607403559377436671,0.155893,0
607403559511654399,0.120676,0
607403560853831679,0.0869902,0
607403560988049407,0.09961,0
607403561122267135,0.0825677,0
607403561256484863,0.0901262,0
607403561390702591,0.0888434,0
607403561524920319,0.0973111,0
607403561659138047,0.0909992,0
607403561927573503,0.103055,0
607403562061791231,0.109657,0
607403562196008959,0.10521,0
607403562330226687,0.106802,0
607403562464444415,0.107121,0
607403562598662143,0.103286,0
607403562732879871,0.107893,0
607403563001315327,0.0932131,0
607403563135533055,0.0891285,0
607403563269750783,0.0845593,0
607403563403968511,0.085893,0
607403563538186239,0.0888845,0
607403563672403967,0.085588,0
607403563806621695,0.0906848,0
607403564075057151,0.0866954,0
607403564209274879,0.0992071,0
607403564343492607,0.0927416,0
607403564477710335,0.08837,0
607403564611928063,0.0939054,0
607403564746145791,0.0949758,0
607403564880363519,0.0843893,0
607403565148798975,0.102977,0
607403565283016703,0.0944123,0
607403565417234431,0.101383,0
607403565551452159,0.0925091,0
607403565685669887,0.105156,0
607403565819887615,0.0985431,0
607403565954105343,0.107571,0
607403566222540799,0.0896634,0
607403566356758527,0.101708,0
607403566490976255,0.0866009,0
607403566625193983,0.100841,0
607403566759411711,0.0834617,0
607403566893629439,0.0953129,0
607403567027847167,0.0934984,0
607403567296282623,0.100109,0
607403567430500351,0.0904812,0
607403567564718079,0.107557,0
607403567698935807,0.10007,0
607403567833153535,0.118889,0
607403567967371263,0.0971954,0
607403568101588991,0.12687,0
607403569443766271,0.111263,0
607403569577983999,0.128756,0
607403569712201727,0.114688,0
607403569846419455,0.129454,0
607403569980637183,0.111809,0
607403570114854911,0.117766,0
607403570249072639,0.106765,0
607403570517508095,0.109578,0
607403570651725823,0.103903,0
607403570785943551,0.0991082,0
607403570920161279,0.101537,0
607403571054379007,0.103349,0
607403571188596735,0.107896,0
607403571322814463,0.146415,0
607403571591249919,0.112432,0
607403571725467647,0.157854,0
607403571859685375,0.113187,0
607403571993903103,0.164576,0
607403572128120831,0.106177,0
607403572262338559,0.120907,0
607403572396556287,0.112472,0
607403572664991743,0.104538,0
607403572799209471,0.0986539,0
607403572933427199,0.128693,0
607403573067644927,0.107945,0
607403573201862655,0.110753,0
607403573336080383,0.10238,0
607403573470298111,0.140321,0
607403573738733567,0.146952,0
607403573872951295,0.136234,0
607403574007169023,0.132178,0
607403574141386751,0.150654,0
607403574275604479,0.151458,0
607403574409822207,0.147308,0
607403574544039935,0.117441,0
607403574812475391,0.121576,0
607403574946693119,0.129496,0
607403575080910847,0.117862,0
607403575215128575,0.152313,0
607403575349346303,0.133991,0
607403575483564031,0.124369,0
607403575617781759,0.103299,0
607403575886217215,0.125704,0
607403576020434943,0.115706,0
607403576154652671,0.116697,0
607403576288870399,0.104708,0
607403576423088127,0.113505,0
607403576557305855,0.114256,0
607403576691523583,0.124137,0
607403578033700863,0.104359,0
607403578167918591,0.0987095,0
607403578302136319,0.0966904,0
607403578436354047,0.0961343,0
607403578570571775,0.100633,0
607403578704789503,0.105542,0
607403578839007231,0.0992164,0
607403579107442687,0.0955248,0
607403579241660415,0.0918065,0
607403579375878143,0.100484,0
607403579510095871,0.0929307,0
607403579644313599,0.0924517,0
607403579778531327,0.0904264,0
607403579912749055,0.096488,0
607403580181184511,0.104496,0
607403580315402239,0.0911673,0
607403580449619967,0.113692,0
607403580583837695,0.0943507,0
607403580718055423,0.0964352,0
607403580852273151,0.0991086,0
607403580986490879,0.109486,0
607403581254926335,0.0914328,0
607403581389144063,0.0867009,0
607403581523361791,0.0863521,0
607403581657579519,0.0873312,0
607403581791797247,0.0959013,0
607403581926014975,0.0930549,0
607403582060232703,0.0948507,0
607403582328668159,0.0978115,0
607403582462885887,0.100641,0
607403582597103615,0.104544,0
607403582731321343,0.104994,0
607403582865539071,0.0970939,0
607403582999756799,0.102727,0
607403583133974527,0.0964678,0
607403583402409983,0.0945508,0
607403583536627711,0.0907017,0
607403583670845439,0.0949821,0
607403583805063167,0.0977992,0
607403583939280895,0.0967376,0
607403584073498623,0.091922,0
607403584207716351,0.108829,0
607403584476151807,0.104435,0
607403584610369535,0.102951,0
607403584744587263,0.098386,0
607403584878804991,0.10265,0
607403585013022719,0.102747,0
607403585147240447,0.100667,0
607403585281458175,0.102351,0
607403586623635455,0.104376,0
607403586757853183,0.105301,0
607403586892070911,0.100412,0
607403587026288639,0.112541,0
607403587160506367,0.0988848,0
607403587294724095,0.101684,0
607403587428941823,0.109084,0
607403587697377279,0.102529,0
607403587831595007,0.0972991,0
607403587965812735,0.0982355,0
607403588100030463,0.103475,0
607403588234248191,0.0900001,0
607403588368465919,0.0874848,0
607403588502683647,0.101824,0
607403588771119103,0.116424,0
607403588905336831,0.121692,0
607403589039554559,0.116527,0
607403589173772287,0.120409,0
607403589307990015,0.11748,0
607403589442207743,0.117606,0
607403589576425471,0.115564,0
607403589844860927,0.122648,0
607403589979078655,0.114422,0
607403590113296383,0.118044,0
607403590247514111,0.112521,0
607403590381731839,0.10819,0
607403590515949567,0.110185,0
607403590650167295,0.125643,0
607403590918602751,0.101782,0
607403591052820479,0.0995483,0
607403591187038207,0.10177,0
607403591321255935,0.104739,0
607403591455473663,0.0899079,0
607403591589691391,0.0975009,0
607403591723909119,0.102194,0
607403591992344575,0.0933048,0
607403592126562303,0.0941898,0
607403592260780031,0.0948326,0
607403592394997759,0.0923967,0
607403592529215487,0.0880647,0
607403592663433215,0.0915289,0
607403592797650943,0.0926497,0
607403593066086399,0.108101,0
607403593200304127,0.105961,0
607403593334521855,0.116699,0
607403593468739583,0.127334,0
607403593602957311,0.108671,0
607403593737175039,0.10956,0
607403593871392767,0.103675,0
607403595213570047,0.107262,0
607403595347787775,0.101018,0
607403595482005503,0.111966,0
607403595616223231,0.110703,0
607403595750440959,0.0979084,0
607403595884658687,0.100803,0
607403596018876415,0.109916,0
607403596287311871,0.092742,0
607403596421529599,0.08358,0
607403596555747327,0.0958607,0
607403596689965055,0.0889831,0
607403596824182783,0.100464,0
607403596958400511,0.0946561,0
607403597092618239,0.102625,0
607403597361053695,0.11236,0
607403597495271423,0.116214,0
607403597629489151,0.107527,0
607403597763706879,0.109046,0
607403597897924607,0.116555,0
607403598032142335,0.122801,0
607403598166360063,0.120356,0
607403598434795519,0.106438,0
607403598569013247,0.0956954,0
607403598703230975,0.109222,0
607403598837448703,0.0948795,0
607403598971666431,0.10481,0
607403599105884159,0.102992,0
607403599240101887,0.111414,0
607403599508537343,0.103672,0
607403599642755071,0.0979777,0
607403599776972799,0.0995656,0
607403599911190527,0.100568,0
607403600045408255,0.0899191,0
607403600179625983,0.0944612,0
607403600313843711,0.0947439,0
607403600582279167,0.0926932,0
607403600716496895,0.0927622,0
607403600850714623,0.101164,0
607403600984932351,0.102435,0
607403601119150079,0.0999124,0
607403601253367807,0.0960204,0
607403601387585535,0.0957595,0
607403601656020991,0.117658,0
607403601790238719,0.116996,0
607403601924456447,0.124291,0
607403602058674175,0.119136,0
607403602192891903,0.107678,0
607403602327109631,0.113051,0
607403602461327359,0.106153,0
607403603803504639,0.122872,0
607403603937722367,0.117897,0
607403604071940095,0.122503,0
607403604206157823,0.137845,0
607403604340375551,0.119265,0
607403604474593279,0.12195,0
607403604608811007,0.132572,0
607403604877246463,0.118796,0
607403605011464191,0.139663,0
607403605145681919,0.119738,0
607403605279899647,0.127687,0
607403605414117375,0.126294,0
607403605548335103,0.124748,0
607403605682552831,0.124487,0
607403605950988287,0.120332,0
607403606085206015,0.128207,0
607403606219423743,0.121565,0
607403606353641471,0.121841,0
607403606487859199,0.130462,0
607403606622076927,0.136637,0
607403606756294655,0.123285,0
607403607024730111,0.137325,0
607403607158947839,0.142754,0
607403607293165567,0.166155,0
607403607427383295,0.153429,0
607403607561601023,0.128093,0
607403607695818751,0.116597,0
607403607830036479,0.144087,0
607403608098471935,0.121394,0
607403608232689663,0.113053,0
607403608366907391,0.129729,0
607403608501125119,0.133234,0
607403608635342847,0.118618,0
607403608769560575,0.114515,0
607403608903778303,0.121252,0
607403609172213759,0.120042,0
607403609306431487,0.119521,0
607403609440649215,0.109364,0
607403609574866943,0.113604,0
607403609709084671,0.12309,0
607403609843302399,0.123962,0
607403609977520127,0.113989,0
607403610245955583,0.116497,0
607403610380173311,0.135649,0
607403610514391039,0.113236,0
607403610648608767,0.135019,0
607403610782826495,0.121288,0
607403610917044223,0.136254,0
607403611051261951,0.124256,0
607403660846039039,0.17783,0
607403661248692223,0.154241,0
607403661382909951,0.177077,0
607403664604135423,0.169118,0
607403665006788607,0.152432,0
607403665141006335,0.146819,0
607403665543659519,0.149666,0
607403665677877247,0.155726,0
607403665812094975,0.150141,0
607403668228014079,0.195406,0
607403668362231807,0.18677,0
607403668764884991,0.170204,0
607403668899102719,0.19281,0
607403669301755903,0.164369,0
607403669435973631,0.166116,0
607403669570191359,0.181098,0
607403669704409087,0.167288,0
607403669838626815,0.16331,0
607403669972844543,0.168531,0
607403670107062271,0.164604,0
607403758422327295,0.0748855,0
607403758556545023,0.0726309,0
607403758690762751,0.079581,0
607403758824980479,0.0776058,0
607403758959198207,0.0793052,0
607403759093415935,0.0746479,0
607403759227633663,0.0838365,0
607403759496069119,0.0707189,0
607403759630286847,0.0672544,0
607403759764504575,0.0725949,0
607403759898722303,0.0735824,0
607403760032940031,0.0699019,0
607403760167157759,0.0735942,0
607403760301375487,0.0681893,0
607403760569810943,0.0837478,0
607403760704028671,0.0772712,0
607403760838246399,0.0883654,0
607403760972464127,0.0844256,0
607403761106681855,0.0834393,0
607403761240899583,0.0702255,0
607403761375117311,0.0884704,0
607403761643552767,0.0771866,0
607403761777770495,0.0696584,0
607403761911988223,0.080968,0
607403762046205951,0.0723858,0
607403762180423679,0.0748193,0
607403762314641407,0.0757167,0
607403762448859135,0.0743245,0
607403762717294591,0.0751269,0
607403762851512319,0.0788638,0
607403762985730047,0.075224,0
607403763119947775,0.0818932,0
607403763254165503,0.0671348,0
607403763388383231,0.0754863,0
607403763522600959,0.0732977,0
607403763791036415,0.0773539,0
607403763925254143,0.0725988,0
607403764059471871,0.0767259,0
607403764193689599,0.0729872,0
607403764327907327,0.0798335,0
607403764462125055,0.0793891,0
607403764596342783,0.0845126,0
607403764864778239,0.0814902,0
607403764998995967,0.0848085,0
607403765133213695,0.0912615,0
607403765267431423,0.0845658,0
607403765401649151,0.0797151,0
607403765535866879,0.0861478,0
607403765670084607,0.0714404,0
607403767012261887,0.0668545,0
607403767146479615,0.0728975,0
607403767280697343,0.062736,0
607403767414915071,0.0670008,0
607403767549132799,0.0705962,0
607403767683350527,0.0674935,0
607403767817568255,0.0653478,0
607403768086003711,0.070069,0
607403768220221439,0.0653551,0
607403768354439167,0.0686212,0
607403768488656895,0.0676157,0
607403768622874623,0.0740457,0
607403768757092351,0.0689439,0
607403768891310079,0.0749908,0
607403769159745535,0.0720656,0
607403769293963263,0.0755546,0
607403769428180991,0.0730972,0
607403769562398719,0.0695266,0
607403769696616447,0.0705014,0
607403769830834175,0.0693657,0
607403769965051903,0.0704035,0
607403770233487359,0.0694536,0
607403770367705087,0.0618214,0
607403770501922815,0.0702937,0
607403770636140543,0.0706047,0
607403770770358271,0.0691406,0
607403770904575999,0.0661853,0
607403771038793727,0.0771278,0
607403771307229183,0.0697076,0
607403771441446911,0.0744165,0
607403771575664639,0.0660862,0
607403771709882367,0.0671414,0
607403771844100095,0.0688167,0
607403771978317823,0.0707606,0
607403772112535551,0.0710957,0
607403772380971007,0.073835,0
607403772515188735,0.0753489,0
607403772649406463,0.0716786,0
607403772783624191,0.075989,0
607403772917841919,0.0846885,0
607403773052059647,0.0766989,0
607403773186277375,0.0779106,0
607403773454712831,0.0660406,0
607403773588930559,0.0659586,0
607403773723148287,0.070051,0
607403773857366015,0.0663317,0
607403773991583743,0.0652403,0
607403774125801471,0.0650022,0
607403774260019199,0.0647263,0
607403775602196479,0.105074,0
607403775736414207,0.0990552,0
607403775870631935,0.107342,0
607403776004849663,0.10661,0
607403776139067391,0.0988884,0
607403776273285119,0.103429,0
607403776407502847,0.103392,0
607403776675938303,0.0924305,0
607403776810156031,0.0903069,0
607403776944373759,0.0964257,0
607403777078591487,0.0933611,0
607403777212809215,0.090893,0
607403777347026943,0.092474,0
607403777481244671,0.0958797,0
607403777749680127,0.110257,0
607403777883897855,0.0995456,0
607403778018115583,0.114504,0
607403778152333311,0.104664,0
607403778286551039,0.105939,0
607403778420768767,0.1082,0
607403778554986495,0.111157,0
607403778823421951,0.0984292,0
607403778957639679,0.0907886,0
607403779091857407,0.0996147,0
607403779226075135,0.0959183,0
607403779360292863,0.0983436,0
607403779494510591,0.0961164,0
607403779628728319,0.0989911,0
607403779897163775,0.0756742,0
607403780031381503,0.0851054,0
607403780165599231,0.0847115,0
607403780299816959,0.0962045,0
607403780434034687,0.0605436,0
607403780568252415,0.0785422,0
607403780702470143,0.0690513,0
607403780970905599,0.0934075,0
607403781105123327,0.0951177,0
607403781239341055,0.0932892,0
607403781373558783,0.0919124,0
607403781507776511,0.0831978,0
607403781641994239,0.0914374,0
607403781776211967,0.0812033,0
607403782044647423,0.101989,0
607403782178865151,0.104819,0
607403782313082879,0.106622,0
607403782447300607,0.105818,0
607403782581518335,0.0948292,0
607403782715736063,0.105826,0
607403782849953791,0.0966633,0
607403784192131071,0.0740871,0
607403784326348799,0.0728102,0
607403784460566527,0.0699697,0
607403784594784255,0.0727247,0
607403784729001983,0.0737101,0
607403784863219711,0.0750258,0
607403784997437439,0.0729248,0
607403785265872895,0.0715241,0
607403785400090623,0.0692544,0
607403785534308351,0.069922,0
607403785668526079,0.068337,0
607403785802743807,0.0717064,0
607403785936961535,0.0704939,0
607403786071179263,0.0727419,0
607403786339614719,0.0725643,0
607403786473832447,0.0717644,0
607403786608050175,0.0723003,0
607403786742267903,0.0738134,0
607403786876485631,0.0722656,0
607403787010703359,0.0737344,0
607403787144921087,0.0709088,0
607403787413356543,0.0661978,0
607403787547574271,0.068398,0
607403787681791999,0.0689549,0
607403787816009727,0.0709477,0
607403787950227455,0.0719121,0
607403788084445183,0.0687924,0
607403788218662911,0.0706089,0
607403788487098367,0.0818548,0
607403788621316095,0.0723181,0
607403788755533823,0.0844356,0
607403788889751551,0.0733937,0
607403789023969279,0.0821094,0
607403789158187007,0.0838089,0
607403789292404735,0.0856011,0
607403789560840191,0.0739842,0
607403789695057919,0.0727573,0
607403789829275647,0.0728995,0
607403789963493375,0.0748133,0
607403790097711103,0.0735942,0
607403790231928831,0.076535,0
607403790366146559,0.0732321,0
607403790634582015,0.0787764,0
607403790768799743,0.0711213,0
607403790903017471,0.083482,0
607403791037235199,0.0760969,0
607403791171452927,0.0844333,0
607403791305670655,0.0745282,0
607403791439888383,0.0879446,0
607403792782065663,0.0560096,0
607403792916283391,0.0660554,0
607403793050501119,0.061192,0
607403793184718847,0.0660634,0
607403793318936575,0.0615243,0
607403793453154303,0.0647877,0
607403793587372031,0.0591258,0
607403793855807487,0.0714397,0
607403793990025215,0.078465,0
607403794124242943,0.0653362,0
607403794258460671,0.0741354,0
607403794392678399,0.0629001,0
607403794526896127,0.0714787,0
607403794661113855,0.0686684,0
607403794929549311,0.0621752,0
607403795063767039,0.0695651,0
607403795197984767,0.0596777,0
607403795332202495,0.0616905,0
607403795466420223,0.0587505,0
607403795600637951,0.0629921,0
607403795734855679,0.058504,0
607403796003291135,0.0689745,0
607403796137508863,0.0779294,0
607403796271726591,0.0693555,0
607403796405944319,0.0799223,0
607403796540162047,0.0668653,0
607403796674379775,0.0696691,0
607403796808597503,0.069502,0
607403797077032959,0.0610681,0
607403797211250687,0.0645699,0
607403797345468415,0.0586339,0
607403797479686143,0.0631275,0
607403797613903871,0.0630566,0
607403797748121599,0.0637234,0
607403797882339327,0.0579142,0
607403798150774783,0.0647313,0
607403798284992511,0.0629834,0
607403798419210239,0.0584528,0
607403798553427967,0.0667954,0
607403798687645695,0.0672394,0
607403798821863423,0.0642408,0
607403798956081151,0.0630758,0
607403799224516607,0.0605855,0
607403799358734335,0.0613679,0
607403799492952063,0.061124,0
607403799627169791,0.0561929,0
607403799761387519,0.0583365,0
607403799895605247,0.0590344,0
607403800029822975,0.064594,0
607403801372000255,0.0744789,0
607403801506217983,0.0770595,0
607403801640435711,0.0698141,0
607403801774653439,0.0752024,0
607403801908871167,0.0781719,0
607403802043088895,0.0728974,0
607403802177306623,0.075919,0
607403802445742079,0.0838041,0
607403802579959807,0.0871779,0
607403802714177535,0.074602,0
607403802848395263,0.0755839,0
607403802982612991,0.0853344,0
607403803116830719,0.0827259,0
607403803251048447,0.0838639,0
607403803519483903,0.0704182,0
607403803653701631,0.0691888,0
607403803787919359,0.0726912,0
607403803922137087,0.0737343,0
607403804056354815,0.0706991,0
607403804190572543,0.0726636,0
607403804324790271,0.0733136,0
607403804593225727,0.0682904,0
607403804727443455,0.0766252,0
607403804861661183,0.068874,0
607403804995878911,0.0705153,0
607403805130096639,0.0694402,0
607403805264314367,0.0690667,0
607403805398532095,0.0703056,0
607403805666967551,0.0833017,0
607403805801185279,0.0806258,0
607403805935403007,0.0835361,0
607403806069620735,0.0773541,0
607403806203838463,0.0804118,0
607403806338056191,0.0833648,0
607403806472273919,0.084628,0
607403806740709375,0.0801331,0
607403806874927103,0.091668,0
607403807009144831,0.0758438,0
607403807143362559,0.0779096,0
607403807277580287,0.0831975,0
607403807411798015,0.0876326,0
607403807546015743,0.0868034,0
607403807814451199,0.0820162,0
607403807948668927,0.0739387,0
607403808082886655,0.0823636,0
607403808217104383,0.0764068,0
607403808351322111,0.0824326,0
607403808485539839,0.0788432,0
607403808619757567,0.0815291,0
607403809961934847,0.0616851,0
607403810096152575,0.0671184,0
607403810230370303,0.0648886,0
607403810364588031,0.0594231,0
607403810498805759,0.0605356,0
607403810633023487,0.0686922,0
607403810767241215,0.0602697,0
607403811035676671,0.067798,0
607403811169894399,0.0711025,0
607403811304112127,0.0638322,0
607403811438329855,0.0740899,0
607403811572547583,0.0660683,0
607403811706765311,0.0644169,0
607403811840983039,0.0699024,0
607403812109418495,0.0679952,0
607403812243636223,0.0583393,0
607403812377853951,0.061939,0
607403812512071679,0.0643661,0
607403812646289407,0.0595817,0
607403812780507135,0.0639414,0
607403812914724863,0.0616132,0
607403813183160319,0.068266,0
607403813317378047,0.0814035,0
607403813451595775,0.0691379,0
607403813585813503,0.0771398,0
607403813720031231,0.0660579,0
607403813854248959,0.0757088,0
607403813988466687,0.0613844,0
607403814256902143,0.0616643,0
607403814391119871,0.0650728,0
607403814525337599,0.0602257,0
607403814659555327,0.0639572,0
607403814793773055,0.0614732,0
607403814927990783,0.0631044,0
607403815062208511,0.0589136,0
607403815330643967,0.0636923,0
607403815464861695,0.0655581,0
607403815599079423,0.0650469,0
607403815733297151,0.0736867,0
607403815867514879,0.0631944,0
607403816001732607,0.0596852,0
607403816135950335,0.0648864,0
607403816404385791,0.0578772,0
607403816538603519,0.061546,0
607403816672821247,0.0570529,0
607403816807038975,0.0615908,0
607403816941256703,0.0556983,0
607403817075474431,0.0620287,0
607403817209692159,0.0580502,0
607403827141804031,0.0559301,0
607403827276021759,0.051656,0
607403827410239487,0.0569493,0
607403827544457215,0.0516186,0
607403827678674943,0.0545761,0
607403827812892671,0.0531383,0
607403827947110399,0.0560638,0
607403828215545855,0.052356,0
607403828349763583,0.0541257,0
607403828483981311,0.0515639,0
607403828618199039,0.0543004,0
607403828752416767,0.0517942,0
607403828886634495,0.0510894,0
607403829020852223,0.0525851,0
607403829289287679,0.0581231,0
607403829423505407,0.0548082,0
607403829557723135,0.0568756,0
607403829691940863,0.0526557,0
607403829826158591,0.0605328,0
607403829960376319,0.0582696,0
607403830094594047,0.0609414,0
607403830363029503,0.0521404,0
607403830497247231,0.0481593,0
607403830631464959,0.0562565,0
607403830765682687,0.0493612,0
607403830899900415,0.0546347,0
607403831034118143,0.0539772,0
607403831168335871,0.0549818,0
607403831436771327,0.0601697,0
607403831570989055,0.057205,0
607403831705206783,0.0589808,0
607403831839424511,0.0567925,0
607403831973642239,0.0604124,0
607403832107859967,0.0568225,0
607403832242077695,0.0614417,0
607403832510513151,0.0494177,0
607403832644730879,0.0519714,0
607403832778948607,0.0523693,0
607403832913166335,0.0529447,0
607403833047384063,0.051431,0
607403833181601791,0.0518074,0
607403833315819519,0.0550759,0
607403833584254975,0.0617416,0
607403833718472703,0.0606431,0
607403833852690431,0.066148,0
607403833986908159,0.0598285,0
607403834121125887,0.0657315,0
607403834255343615,0.0589574,0
607403834389561343,0.0709059,0
607403835731738623,0.0474612,0
607403835865956351,0.0490958,0
607403836000174079,0.0481906,0
607403836134391807,0.0468791,0
607403836268609535,0.0490785,0
607403836402827263,0.0498005,0
607403836537044991,0.0501842,0
607403836805480447,0.0477199,0
607403836939698175,0.0488268,0
607403837073915903,0.0473574,0
607403837208133631,0.043506,0
607403837342351359,0.0466977,0
607403837476569087,0.0440832,0
607403837610786815,0.0505324,0
607403837879222271,0.0460332,0
607403838013439999,0.0436669,0
607403838147657727,0.0421326,0
607403838281875455,0.0413687,0
607403838416093183,0.0448032,0
607403838550310911,0.0465733,0
607403838684528639,0.0411783,0
607403838952964095,0.0454925,0
607403839087181823,0.042516,0
607403839221399551,0.0409555,0
607403839355617279,0.0397404,0
607403839489835007,0.0462444,0
607403839624052735,0.0458825,0
607403839758270463,0.0452782,0
607403840026705919,0.0494634,0
607403840160923647,0.0519863,0
607403840295141375,0.0500592,0
607403840429359103,0.049849,0
607403840563576831,0.0530636,0
607403840697794559,0.050922,0
607403840832012287,0.050208,0
607403841100447743,0.0553526,0
607403841234665471,0.0516366,0
607403841368883199,0.0506359,0
607403841503100927,0.0524439,0
607403841637318655,0.054909,0
607403841771536383,0.05615,0
607403841905754111,0.0545876,0
607403842174189567,0.0488727,0
607403842308407295,0.0462268,0
607403842442625023,0.0468707,0
607403842576842751,0.0454841,0
607403842711060479,0.0533899,0
607403842845278207,0.0497509,0
607403842979495935,0.0510277,0
607403844321673215,0.0622364,0
607403844455890943,0.0612432,0
607403844590108671,0.0657561,0
607403844724326399,0.0594399,0
607403844858544127,0.0649317,0
607403844992761855,0.0594819,0
607403845126979583,0.0683137,0
607403845395415039,0.0496593,0
607403845529632767,0.0476912,0
607403845663850495,0.0511376,0
607403845798068223,0.0490422,0
607403845932285951,0.0610057,0
607403846066503679,0.0517942,0
607403846200721407,0.0616954,0
607403846469156863,0.0532708,0
607403846603374591,0.0587449,0
607403846737592319,0.0589205,0
607403846871810047,0.0546147,0
607403847006027775,0.0599183,0
607403847140245503,0.0548486,0
607403847274463231,0.0619988,0
607403847542898687,0.0477772,0
607403847677116415,0.0461405,0
607403847811334143,0.0485624,0
607403847945551871,0.0423857,0
607403848079769599,0.0535251,0
607403848213987327,0.0482277,0
607403848348205055,0.0550558,0
607403848616640511,0.064051,0
607403848750858239,0.0657942,0
607403848885075967,0.0661601,0
607403849019293695,0.0669217,0
607403849153511423,0.0664963,0
607403849287729151,0.0637282,0
607403849421946879,0.0663387,0
607403849690382335,0.0634954,0
607403849824600063,0.0596357,0
607403849958817791,0.0677557,0
607403850093035519,0.0580145,0
607403850227253247,0.0662814,0
607403850361470975,0.060922,0
607403850495688703,0.0678753,0
607403850764124159,0.0562481,0
607403850898341887,0.0619351,0
607403851032559615,0.0556095,0
607403851166777343,0.0590651,0
607403851300995071,0.0683572,0
607403851435212799,0.0591669,0
607403851569430527,0.0619465,0
607403852911607807,0.0369846,0
607403853045825535,0.036801,0
607403853180043263,0.0370367,0
607403853314260991,0.0359135,0
607403853448478719,0.040453,0
607403853582696447,0.0366497,0
607403853716914175,0.040497,0
607403853985349631,0.0353667,0
607403854119567359,0.0349003,0
607403854253785087,0.0371372,0
607403854388002815,0.0345826,0
607403854522220543,0.0387322,0
607403854656438271,0.0372824,0
607403854790655999,0.0365693,0
607403855059091455,0.0358267,0
607403855193309183,0.0382806,0
607403855327526911,0.0339074,0
607403855461744639,0.0341845,0
607403855595962367,0.0384788,0
607403855730180095,0.0382692,0
607403855864397823,0.0376532,0
607403856132833279,0.0350762,0
607403856267051007,0.0340771,0
607403856401268735,0.0348671,0
607403856535486463,0.0348376,0
607403856669704191,0.0382055,0
607403856803921919,0.0347598,0
607403856938139647,0.03589,0
607403857206575103,0.0457156,0
607403857340792831,0.044247,0
607403857475010559,0.047327,0
607403857609228287,0.0419745,0
607403857743446015,0.0496832,0
607403857877663743,0.0487275,0
607403858011881471,0.0520448,0
607403858280316927,0.0426072,0
607403858414534655,0.0397222,0
607403858548752383,0.0387905,0
607403858682970111,0.0381544,0
607403858817187839,0.0457752,0
607403858951405567,0.0460974,0
607403859085623295,0.0443316,0
607403859354058751,0.0415255,0
607403859488276479,0.0409061,0
607403859622494207,0.0413422,0
607403859756711935,0.040889,0
607403859890929663,0.0476316,0
607403860025147391,0.0413699,0
607403860159365119,0.0492734,0
607403861501542399,0.0748087,0
607403861635760127,0.0849644,0
607403861769977855,0.0687067,0
607403861904195583,0.0723105,0
607403862038413311,0.0731656,0
607403862172631039,0.071427,0
607403862306848767,0.0704648,0
607403862575284223,0.0625935,0
607403862709501951,0.0589146,0
607403862843719679,0.0632414,0
607403862977937407,0.0597739,0
607403863112155135,0.0711836,0
607403863246372863,0.0649989,0
607403863380590591,0.0786387,0
607403863649026047,0.0683076,0
607403863783243775,0.0654627,0
607403863917461503,0.0704259,0
607403864051679231,0.0662666,0
607403864185896959,0.0707719,0
607403864320114687,0.0686607,0
607403864454332415,0.071636,0
607403864722767871,0.0573327,0
607403864856985599,0.0576267,0
607403864991203327,0.0575687,0
607403865125421055,0.0584943,0
607403865259638783,0.0639158,0
607403865393856511,0.0579367,0
607403865528074239,0.0661047,0
607403865796509695,0.071046,0
607403865930727423,0.0843491,0
607403866064945151,0.0706411,0
607403866199162879,0.0670438,0
607403866333380607,0.0763444,0
607403866467598335,0.0698102,0
607403866601816063,0.0761096,0
607403866870251519,0.0744596,0
607403867004469247,0.0720269,0
607403867138686975,0.0742616,0
607403867272904703,0.0739058,0
607403867407122431,0.0752667,0
607403867541340159,0.0685884,0
607403867675557887,0.0792976,0
607403867943993343,0.066996,0
607403868078211071,0.0689428,0
607403868212428799,0.0700441,0
607403868346646527,0.0659379,0
607403868480864255,0.0665262,0
607403868615081983,0.0673719,0
607403868749299711,0.0733561,0
607403870091476991,0.0550071,0
607403870225694719,0.0607145,0
607403870359912447,0.0518679,0
607403870494130175,0.0579688,0
607403870628347903,0.0583841,0
607403870762565631,0.0559482,0
607403870896783359,0.0561607,0
607403871165218815,0.0598424,0
607403871299436543,0.0586,0
607403871433654271,0.0612303,0
607403871567871999,0.0597976,0
607403871702089727,0.0623001,0
607403871836307455,0.0559091,0
607403871970525183,0.0626798,0
607403872238960639,0.0518328,0
607403872373178367,0.055576,0
607403872507396095,0.0503318,0
607403872641613823,0.0528939,0
607403872775831551,0.0490797,0
607403872910049279,0.0534736,0
607403873044267007,0.0500224,0
607403873312702463,0.0561856,0
607403873446920191,0.059419,0
607403873581137919,0.0533174,0
607403873715355647,0.0551504,0
607403873849573375,0.0588477,0
607403873983791103,0.0548989,0
607403874118008831,0.0584506,0
607403874386444287,0.0576881,0
607403874520662015,0.0608953,0
607403874654879743,0.0613218,0
607403874789097471,0.0569879,0
607403874923315199,0.0593179,0
607403875057532927,0.0636759,0
607403875191750655,0.0550194,0
607403875460186111,0.0593977,0
607403875594403839,0.0630734,0
607403875728621567,0.0599739,0
607403875862839295,0.0604423,0
607403875997057023,0.0622899,0
607403876131274751,0.057169,0
607403876265492479,0.0613113,0
607403876533927935,0.0512511,0
607403876668145663,0.0573999,0
607403876802363391,0.0521327,0
607403876936581119,0.050192,0
607403877070798847,0.0562619,0
607403877205016575,0.0543753,0
607403877339234303,0.0640611,0
607403878681411583,0.0742935,0
607403878815629311,0.0759681,0
607403878949847039,0.0803738,0
607403879084064767,0.0733188,0
607403879218282495,0.0830715,0
607403879352500223,0.0755048,0
607403879486717951,0.0808971,0
607403879755153407,0.0718496,0
607403879889371135,0.0672973,0
607403880023588863,0.0724998,0
607403880157806591,0.0690538,0
607403880292024319,0.0702912,0
607403880426242047,0.0671323,0
607403880560459775,0.0775442,0
607403880828895231,0.0720669,0
607403880963112959,0.0723878,0
607403881097330687,0.0722375,0
607403881231548415,0.0716677,0
607403881365766143,0.0823335,0
607403881499983871,0.0771107,0
607403881634201599,0.0753565,0
607403881902637055,0.070358,0
607403882036854783,0.0684531,0
607403882171072511,0.0697837,0
607403882305290239,0.0675579,0
607403882439507967,0.0696007,0
607403882573725695,0.0690858,0
607403882707943423,0.0742117,0
607403882976378879,0.0806412,0
607403883110596607,0.0833106,0
607403883244814335,0.0815857,0
607403883379032063,0.080728,0
607403883513249791,0.0871457,0
607403883647467519,0.0797363,0
607403883781685247,0.0885127,0
607403884050120703,0.0686764,0
607403884184338431,0.0711468,0
607403884318556159,0.0785939,0
607403884452773887,0.0718869,0
607403884586991615,0.0745402,0
607403884721209343,0.07025,0
607403884855427071,0.0755689,0
607403885123862527,0.0830115,0
607403885258080255,0.0804114,0
607403885392297983,0.082886,0
607403885526515711,0.0823183,0
607403885660733439,0.0874668,0
607403885794951167,0.0826666,0
607403885929168895,0.0868997,0
607403901766860799,0.10494,0
607403901901078527,0.0967174,0
607403905659174911,0.0679215,0
607403906061828095,0.0629863,0
607403906196045823,0.0710119,0
607403909283053567,0.0764322,0
607403909417271295,0.0784241,0
607403909819924479,0.0682195,0
607403909954142207,0.06404,0
607403910088359935,0.0698518,0
607403910222577663,0.0664447,0
607403910356795391,0.0691589,0
607403910491013119,0.0702873,0
607403910625230847,0.0703139,0
607403930221019135,0.121529,0
607403930355236863,0.113032,0
607403930489454591,0.127057,0
607403930623672319,0.115954,0
607403930757890047,0.115277,0
607403930892107775,0.116488,0
607403931026325503,0.115119,0
607403931294760959,0.117337,0
607403931428978687,0.108516,0
607403931563196415,0.117449,0
607403931697414143,0.105539,0
607403931831631871,0.113546,0
607403931965849599,0.113206,0
607403932100067327,0.111522,0
607403933039591423,0.114337,0
607403933442244607,0.115578,0
607403933576462335,0.105832,0
607403933979115519,0.114567,0
607403934113333247,0.107279,0
607403934247550975,0.116719,0
607403934515986431,0.115233,0
607403934650204159,0.119963,0
607403934784421887,0.110144,0
607403934918639615,0.108005,0
607403935052857343,0.109955,0
607403935187075071,0.118999,0
607403935321292799,0.100831,0
607403935589728255,0.123189,0
607403935723945983,0.114466,0
607403935858163711,0.125907,0
607403935992381439,0.118011,0
607403936126599167,0.112839,0
607403936260816895,0.118852,0
607403936395034623,0.121018,0
607403936663470079,0.114515,0
607403936797687807,0.116871,0
607403937200340991,0.115009,0
607403937334558719,0.111051,0
607403938810953727,0.0866801,0
607403938945171455,0.0826261,0
607403939079389183,0.0839356,0
607403939213606911,0.0810003,0
607403939347824639,0.0909107,0
607403939482042367,0.0832389,0
607403939616260095,0.0927413,0
607403939884695551,0.0714291,0
607403940018913279,0.0680185,0
607403940153131007,0.0768563,0
607403940287348735,0.0794559,0
607403940421566463,0.0764861,0
607403940555784191,0.0730408,0
607403940690001919,0.0767962,0
607403940958437375,0.0928238,0
607403941092655103,0.0779277,0
607403941361090559,0.0762619,0
607403941495308287,0.0861861,0
607403941629526015,0.0871687,0
607403941763743743,0.0905021,0
607403942032179199,0.0732379,0
607403942166396927,0.0719645,0
607403942300614655,0.0736897,0
607403942434832383,0.0732481,0
607403942569050111,0.0801667,0
607403942703267839,0.0740429,0
607403942837485567,0.0831147,0
607403943105921023,0.101116,0
607403943240138751,0.0858937,0
607403943374356479,0.103154,0
607403943508574207,0.0949071,0
607403943642791935,0.0997932,0
607403943777009663,0.102099,0
607403943911227391,0.100255,0
607403944179662847,0.076198,0
607403944313880575,0.0721245,0
607403944448098303,0.0774271,0
607403944582316031,0.0829822,0
607403944716533759,0.086133,0
607403944850751487,0.0783881,0
607403944984969215,0.0868747,0
607403945253404671,0.106445,0
607403945387622399,0.0910856,0
607403945521840127,0.106357,0
607403945656057855,0.0933844,0
607403945790275583,0.10332,0
607403945924493311,0.0973453,0
607403946058711039,0.106201,0
607403964580757503,0.0589774,0
607403964714975231,0.0495902,0
607403964849192959,0.0575525,0
607403964983410687,0.0586326,0
607403965117628415,0.0589325,0
607403965251846143,0.0571662,0
607403965386063871,0.0594419,0
607403965654499327,0.0341533,0
607403965788717055,0.0348473,0
607403965922934783,0.0363884,0
607403966057152511,0.0359008,0
607403966191370239,0.037551,0
607403966325587967,0.0366642,0
607403966459805695,0.0391739,0
607403966728241151,0.0559459,0
607403966862458879,0.0524792,0
607403966996676607,0.0537174,0
607403967130894335,0.0626296,0
607403967265112063,0.0528552,0
607403967399329791,0.0601234,0
607403967533547519,0.0537373,0
607403967801982975,0.0436029,0
607403967936200703,0.0320789,0
607403968070418431,0.0441015,0
607403968204636159,0.0371825,0
607403968338853887,0.0448921,0
607403968473071615,0.0372493,0
607403968607289343,0.0487188,0
607403968875724799,0.0541596,0
607403969009942527,0.0603265,0
607403969144160255,0.0601893,0
607403969278377983,0.0567966,0
607403969412595711,0.0524342,0
607403969546813439,0.0540075,0
607403969681031167,0.0574134,0
607403969949466623,0.0514015,0
607403970083684351,0.0467684,0
607403970217902079,0.0531165,0
607403970352119807,0.0519205,0
607403970486337535,0.0527772,0
607403970620555263,0.0524792,0
607403970754772991,0.0585138,0
607403971023208447,0.0601881,0
607403971157426175,0.0552675,0
607403971291643903,0.0661009,0
607403971425861631,0.0512491,0
607403971560079359,0.0603761,0
607403971694297087,0.0538707,0
607403971828514815,0.0603694,0
607403973170692095,0.0316022,0
607403973304909823,0.0295061,0
607403973439127551,0.0298368,0
607403973573345279,0.0289622,0
607403973707563007,0.0317295,0
607403973841780735,0.0325251,0
607403973975998463,0.0306662,0
607403974244433919,0.0313932,0
607403974378651647,0.0326535,0
607403974512869375,0.0310526,0
607403974647087103,0.0359946,0
607403974781304831,0.0297085,0
607403974915522559,0.0334871,0
607403975049740287,0.0288689,0
607403975318175743,0.0323133,0
607403975452393471,0.0307057,0
607403975586611199,0.0305293,0
607403975720828927,0.0299513,0
607403975855046655,0.0281045,0
607403975989264383,0.0306312,0
607403976123482111,0.0272224,0
607403976391917567,0.031734,0
607403976526135295,0.0321319,0
607403976660353023,0.0308183,0
607403976794570751,0.0315953,0
607403976928788479,0.031386,0
607403977063006207,0.0320064,0
607403977197223935,0.0295971,0
607403977465659391,0.0318932,0
607403977599877119,0.0314818,0
607403977734094847,0.0314483,0
607403977868312575,0.0351476,0
607403978002530303,0.0324098,0
607403978136748031,0.0299625,0
607403978270965759,0.0342662,0
607403978539401215,0.0290836,0
607403978673618943,0.0300823,0
607403978807836671,0.0291439,0
607403978942054399,0.0300488,0
607403979076272127,0.0316627,0
607403979210489855,0.0305561,0
607403979344707583,0.0320335,0
607403979613143039,0.0314499,0
607403979747360767,0.0298632,0
607403979881578495,0.0303454,0
607403980015796223,0.0300226,0
607403980150013951,0.0319487,0
607403980284231679,0.0331726,0
607403980418449407,0.0321627,0
607403981760626687,0.0564152,0
607403981894844415,0.0486665,0
607403982297497599,0.0703049,0
607403982431715327,0.0520886,0
607403982565933055,0.0690403,0
607403982834368511,0.05265,0
607403982968586239,0.0583218,0
607403983102803967,0.050312,0
607403983237021695,0.0592377,0
607403983371239423,0.0547519,0
607403983505457151,0.0572924,0
607403983639674879,0.0520179,0
607403985652940799,0.0499059,0
607403986055593983,0.0767542,0
607403986189811711,0.0684299,0
607403986324029439,0.0775822,0
607403986458247167,0.070739,0
607403986592464895,0.0741786,0
607403986726682623,0.0712245,0
607403986860900351,0.0718479,0
607403987129335807,0.0578383,0
607403987263553535,0.0520165,0
607403987397771263,0.0683511,0
607403987531988991,0.0515202,0
607403987666206719,0.0651218,0
607403987800424447,0.0535138,0
607403987934642175,0.0643593,0
607403990350561279,0.0353458,0
607403990484779007,0.028332,0
607403990618996735,0.0364653,0
607403990753214463,0.0325208,0
607403990887432191,0.0341935,0
607403991021649919,0.0322859,0
607403991155867647,0.0385395,0
607403991424303103,0.03039,0
607403991558520831,0.0307333,0
607403991692738559,0.0303065,0
607403991826956287,0.0306855,0
607403991961174015,0.0277408,0
607403992095391743,0.0300733,0
607403992229609471,0.0284012,0
607403993034915839,0.0409502,0
607403993169133567,0.0349305,0
607403993571786751,0.0308335,0
607403993706004479,0.0297676,0
607403993974439935,0.0324249,0
607403994108657663,0.0283262,0
607403994242875391,0.0310376,0
607403994377093119,0.0306042,0
607403994645528575,0.0504336,0
607403994779746303,0.0340194,0
607403994913964031,0.0559011,0
607403995048181759,0.0410535,0
607403995182399487,0.0461838,0
607403995316617215,0.0416108,0
607403995450834943,0.0542868,0
607403995719270399,0.0301511,0
607403995853488127,0.0294579,0
607403995987705855,0.0302147,0
607403996121923583,0.0291486,0
607403996256141311,0.031522,0
607403996390359039,0.0321676,0
607403996524576767,0.0318509,0
607403996793012223,0.0564954,0
607403996927229951,0.0396454,0
607403997329883135,0.057768,0
607403997464100863,0.0505417,0
607403997598318591,0.0496553,0
607403998940495871,0.0638754,0
607403999074713599,0.054025,0
607403999208931327,0.0619811,0
607403999343149055,0.0552243,0
607403999477366783,0.0623478,0
607403999611584511,0.0632691,0
607403999745802239,0.0653727,0
607404000014237695,0.051652,0
607404000148455423,0.0513038,0
607404000282673151,0.0515673,0
607404000416890879,0.0517577,0
607404000551108607,0.0574912,0
607404000685326335,0.0530215,0
607404000819544063,0.0558629,0
607404001087979519,0.0723852,0
607404001222197247,0.0552081,0
607404001356414975,0.073419,0
607404001490632703,0.0595584,0
607404001624850431,0.0683318,0
607404001759068159,0.0725207,0
607404001893285887,0.0722276,0
607404002161721343,0.0484792,0
607404002295939071,0.0557678,0
607404002430156799,0.0467561,0
607404002564374527,0.0559394,0
607404002698592255,0.0523138,0
607404002832809983,0.051922,0
607404002967027711,0.0509566,0
607404003235463167,0.068441,0
607404003369680895,0.0707342,0
607404003503898623,0.0697796,0
607404003638116351,0.0700722,0
607404003772334079,0.0678788,0
607404003906551807,0.0709883,0
607404004040769535,0.0725645,0
607404004309204991,0.057847,0
607404004443422719,0.0602586,0
607404004577640447,0.0613478,0
607404004711858175,0.0615073,0
607404004846075903,0.0638704,0
607404004980293631,0.0599508,0
607404005114511359,0.0652026,0
607404005382946815,0.066774,0
607404005517164543,0.0674508,0
607404005651382271,0.0707264,0
607404005785599999,0.0722608,0
607404005919817727,0.0696527,0
607404006054035455,0.0662838,0
607404006188253183,0.066442,0
607404007530430463,0.0384659,0
607404007664648191,0.0354424,0
607404007798865919,0.0383841,0
607404007933083647,0.036753,0
607404008067301375,0.039579,0
607404008201519103,0.03603,0
607404008335736831,0.0406593,0
607404008604172287,0.0322184,0
607404008738390015,0.035133,0
607404008872607743,0.0339031,0
607404009006825471,0.0329529,0
607404009141043199,0.0330292,0
607404009275260927,0.0333441,0
607404009409478655,0.0326456,0
607404009677914111,0.0368045,0
607404009812131839,0.0335559,0
607404009946349567,0.0371969,0
607404010080567295,0.0366785,0
607404010214785023,0.039289,0
607404010349002751,0.0342701,0
607404010483220479,0.0399599,0
607404010751655935,0.0329992,0
607404010885873663,0.0329389,0
607404011020091391,0.032292,0
607404011154309119,0.0338029,0
607404011288526847,0.0348727,0
607404011422744575,0.0343054,0
607404011556962303,0.0332501,0
607404011825397759,0.0462612,0
607404011959615487,0.0476814,0
607404012093833215,0.0477943,0
607404012228050943,0.046678,0
607404012362268671,0.050635,0
607404012496486399,0.0463684,0
607404012630704127,0.051434,0
607404012899139583,0.0363393,0
607404013033357311,0.0354252,0
607404013167575039,0.0374652,0
607404013301792767,0.0362438,0
607404013436010495,0.0403366,0
607404013570228223,0.0381754,0
607404013704445951,0.0406922,0
607404013972881407,0.0485422,0
607404014107099135,0.0463479,0
607404014241316863,0.049781,0
607404014375534591,0.0513135,0
607404014509752319,0.0515411,0
607404014643970047,0.0465968,0
607404014778187775,0.053847,0
607404016120365055,0.0709563,0
607404016254582783,0.0665912,0
607404016388800511,0.0669013,0
607404016523018239,0.0717308,0
607404016657235967,0.0678625,0
607404016791453695,0.0713776,0
607404016925671423,0.0703174,0
607404017194106879,0.075904,0
607404017328324607,0.0656376,0
607404017462542335,0.069705,0
607404017596760063,0.0690188,0
607404017730977791,0.0723423,0
607404017865195519,0.0789732,0
607404017999413247,0.0688401,0
607404018267848703,0.0726801,0
607404018402066431,0.0755185,0
607404018536284159,0.0662535,0
607404018670501887,0.0733491,0
607404018804719615,0.0692625,0
607404018938937343,0.0739007,0
607404019073155071,0.0627899,0
607404019341590527,0.0714367,0
607404019475808255,0.0643324,0
607404019610025983,0.0725794,0
607404019744243711,0.0648772,0
607404019878461439,0.0672905,0
607404020012679167,0.0698367,0
607404020146896895,0.0706526,0
607404020415332351,0.0688111,0
607404020549550079,0.0664593,0
607404020683767807,0.0687689,0
607404020817985535,0.069609,0
607404020952203263,0.0699602,0
607404021086420991,0.0688461,0
607404021220638719,0.0668558,0
607404021489074175,0.0664041,0
607404021623291903,0.0747675,0
607404021757509631,0.0671146,0
607404021891727359,0.0725608,0
607404022025945087,0.0682573,0
607404022160162815,0.0680388,0
607404022294380543,0.0661678,0
607404022562815999,0.0732645,0
607404022697033727,0.0707133,0
607404022831251455,0.0727828,0
607404022965469183,0.0680691,0
607404023099686911,0.0724119,0
607404023233904639,0.0724087,0
607404023368122367,0.0759054,0
607404033300234239,0.0668407,0
607404033434451967,0.0540027,0
607404033568669695,0.0517289,0
607404033702887423,0.0651768,0
607404033837105151,0.0547458,0
607404033971322879,0.0659834,0
607404034105540607,0.0523388,0
607404034373976063,0.0552051,0
607404034508193791,0.0570575,0
607404034642411519,0.051089,0
607404034776629247,0.046843,0
607404034910846975,0.0683268,0
607404035045064703,0.0543769,0
607404035179282431,0.0601635,0
607404035447717887,0.0596362,0
607404035581935615,0.0453838,0
607404035716153343,0.0478217,0
607404035850371071,0.0450046,0
607404035984588799,0.0644535,0
607404036118806527,0.0642542,0
607404036253024255,0.0655584,0
607404036521459711,0.0478472,0
607404036655677439,0.0452314,0
607404036789895167,0.0461401,0
607404036924112895,0.0443992,0
607404037058330623,0.047082,0
607404037192548351,0.0472082,0
607404037326766079,0.0460586,0
607404037595201535,0.0550489,0
607404037729419263,0.0540299,0
607404037863636991,0.0543687,0
607404037997854719,0.0526146,0
607404038132072447,0.0726068,0
607404038266290175,0.0627915,0
607404038400507903,0.0643308,0
607404038668943359,0.067478,0
607404038803161087,0.0728949,0
607404038937378815,0.066696,0
607404039071596543,0.0746081,0
607404039205814271,0.0721579,0
607404039340031999,0.0657373,0
607404039474249727,0.0675822,0
607404039742685183,0.0462934,0
607404039876902911,0.050622,0
607404040011120639,0.0483672,0
607404040145338367,0.0500973,0
607404040279556095,0.052332,0
607404040413773823,0.0471237,0
607404040547991551,0.0519566,0
607404041890168831,0.0662971,0
607404042024386559,0.0696965,0
607404042158604287,0.0556324,0
607404042292822015,0.0593682,0
607404042427039743,0.0704645,0
607404042561257471,0.0670681,0
607404042695475199,0.0650357,0
607404042963910655,0.0732507,0
607404043098128383,0.0813472,0
607404043232346111,0.0738025,0
607404043366563839,0.0799982,0
607404043500781567,0.0685139,0
607404043634999295,0.0728079,0
607404043769217023,0.0682469,0
607404044037652479,0.0637231,0
607404044171870207,0.0673991,0
607404044306087935,0.0556945,0
607404044440305663,0.0590496,0
607404044574523391,0.054981,0
607404044708741119,0.0588899,0
607404044842958847,0.0565216,0
607404045111394303,0.0584546,0
607404045245612031,0.068739,0
607404045379829759,0.0651604,0
607404045514047487,0.0628458,0
607404045648265215,0.0614629,0
607404045782482943,0.066597,0
607404045916700671,0.059726,0
607404046185136127,0.0690523,0
607404046319353855,0.0669291,0
607404046453571583,0.0642335,0
607404046587789311,0.0645444,0
607404046722007039,0.058226,0
607404046856224767,0.0656,0
607404046990442495,0.0597484,0
607404047258877951,0.0701272,0
607404047393095679,0.0688052,0
607404047527313407,0.0716001,0
607404047661531135,0.0698175,0
607404047795748863,0.0682374,0
607404047929966591,0.08046,0
607404048064184319,0.0686474,0
607404048332619775,0.0539259,0
607404048466837503,0.0608289,0
607404048601055231,0.0516333,0
607404048735272959,0.0541962,0
607404048869490687,0.0537944,0
607404049003708415,0.0562518,0
607404049137926143,0.0503534,0
607404050480103423,0.0611861,0
607404050614321151,0.039484,0
607404050748538879,0.0625632,0
607404050882756607,0.0364559,0
607404051016974335,0.0592512,0
607404051151192063,0.062748,0
607404051285409791,0.0573045,0
607404051553845247,0.0460922,0
607404051688062975,0.0480195,0
607404051822280703,0.0477672,0
607404051956498431,0.0469223,0
607404052090716159,0.0603587,0
607404052224933887,0.0455539,0
607404052359151615,0.0628741,0
607404052627587071,0.0509372,0
607404052761804799,0.0371499,0
607404052896022527,0.0401425,0
607404053030240255,0.0358033,0
607404053164457983,0.062822,0
607404053298675711,0.0367301,0
607404053432893439,0.0637077,0
607404053701328895,0.0403762,0
607404053835546623,0.0407221,0
607404053969764351,0.0410249,0
607404054103982079,0.041776,0
607404054238199807,0.0407666,0
607404054372417535,0.0408468,0
607404054506635263,0.0365916,0
607404054775070719,0.0525202,0
607404054909288447,0.04431,0
607404055043506175,0.0482731,0
607404055177723903,0.0578297,0
607404055311941631,0.0560986,0
607404055446159359,0.0512525,0
607404055580377087,0.0592593,0
607404055848812543,0.0509801,0
607404055983030271,0.0658786,0
607404056117247999,0.0491901,0
607404056251465727,0.0587739,0
607404056385683455,0.0488569,0
607404056519901183,0.0499594,0
607404056654118911,0.0449828,0
607404056922554367,0.0453283,0
607404057056772095,0.0525931,0
607404057190989823,0.0422938,0
607404057325207551,0.0463797,0
607404057459425279,0.0423577,0
607404057593643007,0.0444365,0
607404057727860735,0.0403432,0
607404059070038015,0.0528823,0
607404059204255743,0.0567769,0
607404059338473471,0.054025,0
607404059472691199,0.0544516,0
607404059606908927,0.0480433,0
607404059741126655,0.0488278,0
607404059875344383,0.0476426,0
607404060143779839,0.057452,0
607404060277997567,0.062026,0
607404060412215295,0.0612046,0
607404060546433023,0.0607899,0
607404060680650751,0.0542529,0
607404060814868479,0.0573806,0
607404060949086207,0.0514792,0
607404061217521663,0.0535143,0
607404061351739391,0.0592282,0
607404061485957119,0.051501,0
607404061620174847,0.0631377,0
607404061754392575,0.049462,0
607404061888610303,0.0543131,0
607404062022828031,0.052873,0
607404062291263487,0.0629862,0
607404062425481215,0.0669165,0
607404062559698943,0.058196,0
607404062693916671,0.0676997,0
607404062828134399,0.0592482,0
607404062962352127,0.062437,0
607404063096569855,0.0577282,0
607404063365005311,0.0470937,0
607404063499223039,0.0480759,0
607404063633440767,0.0485378,0
607404063767658495,0.0437064,0
607404063901876223,0.0462853,0
607404064036093951,0.0459902,0
607404064170311679,0.0470541,0
607404064438747135,0.057477,0
607404064572964863,0.0583199,0
607404064707182591,0.0571932,0
607404064841400319,0.0581073,0
607404064975618047,0.0573812,0
607404065109835775,0.0593821,0
607404065244053503,0.051904,0
607404065512488959,0.0406726,0
607404065646706687,0.0526548,0
607404065780924415,0.0438175,0
607404065915142143,0.0491657,0
607404066049359871,0.0387624,0
607404066183577599,0.0424774,0
607404066317795327,0.0399211,0
607404067659972607,0.0951982,0
607404067794190335,0.0944588,0
607404067928408063,0.0806925,0
607404068062625791,0.0871479,0
607404068196843519,0.100905,0
607404068331061247,0.102402,0
607404068465278975,0.0812415,0
607404068733714431,0.0996682,0
607404068867932159,0.0924989,0
607404069002149887,0.0939902,0
607404069136367615,0.0991225,0
607404069270585343,0.121458,0
607404069404803071,0.110303,0
607404069539020799,0.101773,0
607404069807456255,0.0777255,0
607404069941673983,0.0721413,0
607404070075891711,0.0758954,0
607404070210109439,0.0696425,0
607404070344327167,0.0798006,0
607404070478544895,0.0899269,0
607404070612762623,0.0867448,0
607404070881198079,0.0683645,0
607404071015415807,0.0713699,0
607404071149633535,0.0640301,0
607404071283851263,0.0611156,0
607404071418068991,0.0847724,0
607404071552286719,0.0825697,0
607404071686504447,0.0830956,0
607404071954939903,0.0970732,0
607404072089157631,0.104237,0
607404072223375359,0.0860872,0
607404072357593087,0.0874203,0
607404072491810815,0.113404,0
607404072626028543,0.126452,0
607404072760246271,0.0955592,0
607404073028681727,0.133497,0
607404073162899455,0.12644,0
607404073297117183,0.108091,0
607404073431334911,0.116195,0
607404073565552639,0.124162,0
607404073699770367,0.134369,0
607404073833988095,0.116363,0
607404074102423551,0.0808593,0
607404074236641279,0.0829464,0
607404074370859007,0.0956025,0
607404074505076735,0.0930542,0
607404074639294463,0.0779685,0
607404074773512191,0.0756269,0
607404074907729919,0.0774335,0
607404076249907199,0.0966257,0
607404076384124927,0.0694566,0
607404076518342655,0.0866602,0
607404076652560383,0.06382,0
607404076786778111,0.0932205,0
607404076920995839,0.098438,0
607404077055213567,0.0916535,0
607404077323649023,0.0889087,0
607404077457866751,0.0857956,0
607404077592084479,0.0715311,0
607404077726302207,0.0799116,0
607404077860519935,0.0804401,0
607404077994737663,0.0842659,0
607404078128955391,0.0771746,0
607404078397390847,0.0554732,0
607404078531608575,0.0530347,0
607404078665826303,0.056466,0
607404078800044031,0.0605134,0
607404078934261759,0.0839104,0
607404079068479487,0.0633317,0
607404079202697215,0.07664,0
607404079471132671,0.0678936,0
607404079605350399,0.0774426,0
607404079739568127,0.0596531,0
607404079873785855,0.0638744,0
607404080008003583,0.0717236,0
607404080142221311,0.0761746,0
607404080276439039,0.0588492,0
607404080544874495,0.0933088,0
607404080679092223,0.0887231,0
607404080813309951,0.0891352,0
607404080947527679,0.0953614,0
607404081081745407,0.110795,0
607404081215963135,0.101027,0
607404081350180863,0.0968095,0
607404081618616319,0.0954064,0
607404081752834047,0.0992659,0
607404081887051775,0.0961351,0
607404082021269503,0.106622,0
607404082155487231,0.0983214,0
607404082289704959,0.10008,0
607404082423922687,0.0939642,0
607404082692358143,0.0730652,0
607404082826575871,0.0830826,0
607404082960793599,0.0644497,0
607404083095011327,0.0700282,0
607404083229229055,0.0975175,0
607404083363446783,0.0883433,0
607404083497664511,0.0871595,0
607404084839841791,0.0590576,0
607404084974059519,0.0629677,0
607404085108277247,0.0613852,0
607404085242494975,0.0607261,0
607404085376712703,0.0570575,0
607404085510930431,0.0626015,0
607404085645148159,0.0656234,0
607404085913583615,0.0553949,0
607404086047801343,0.0563689,0
607404086182019071,0.0573274,0
607404086316236799,0.0545571,0
607404086450454527,0.0667928,0
607404086584672255,0.0611275,0
607404086718889983,0.0628555,0
607404086987325439,0.0587933,0
607404087121543167,0.0596867,0
607404087255760895,0.0615687,0
607404087389978623,0.0613282,0
607404087524196351,0.0595963,0
607404087658414079,0.0579158,0
607404087792631807,0.0650475,0
607404088061067263,0.0537473,0
607404088195284991,0.0463042,0
607404088329502719,0.0527414,0
607404088463720447,0.0513837,0
607404088597938175,0.0570349,0
607404088732155903,0.0478344,0
607404088866373631,0.0535438,0
607404089134809087,0.0810246,0
607404089269026815,0.0789926,0
607404089403244543,0.0782415,0
607404089537462271,0.0699394,0
607404089671679999,0.0907525,0
607404089805897727,0.0852897,0
607404089940115455,0.097665,0
607404090208550911,0.0851637,0
607404090342768639,0.0764957,0
607404090476986367,0.0723485,0
607404090611204095,0.0777387,0
607404090745421823,0.0955553,0
607404090879639551,0.0884438,0
607404091013857279,0.0855921,0
607404091282292735,0.069519,0
607404091416510463,0.0712837,0
607404091550728191,0.0736689,0
607404091684945919,0.0729324,0
607404091819163647,0.0815021,0
607404091953381375,0.0725083,0
607404092087599103,0.084627,0
607404102019710975,0.119258,0
607404102153928703,0.127547,0
607404102288146431,0.123446,0
607404102422364159,0.123449,0
607404102556581887,0.137629,0
607404102690799615,0.129287,0
607404102825017343,0.133455,0
607404103093452799,0.112405,0
607404103227670527,0.100775,0
607404103361888255,0.119299,0
607404103496105983,0.114658,0
607404103630323711,0.110483,0
607404103764541439,0.109494,0
607404103898759167,0.120149,0
607404104167194623,0.116685,0
607404104301412351,0.129913,0
607404104435630079,0.121613,0
607404104569847807,0.123986,0
607404104704065535,0.128664,0
607404104838283263,0.11694,0
607404104972500991,0.129004,0
607404105240936447,0.10783,0
607404105375154175,0.105701,0
607404105509371903,0.116578,0
607404105643589631,0.105796,0
607404105777807359,0.119137,0
607404105912025087,0.111681,0
607404106046242815,0.118381,0
607404106314678271,0.106504,0
607404106448895999,0.137288,0
607404106583113727,0.0951752,0
607404106717331455,0.12439,0
607404106851549183,0.100763,0
607404106985766911,0.121595,0
607404107119984639,0.103012,0
607404107388420095,0.119133,0
607404107522637823,0.126938,0
607404107656855551,0.140938,0
607404107791073279,0.118864,0
607404107925291007,0.139615,0
607404108059508735,0.129326,0
607404108193726463,0.140428,0
607404108462161919,0.0987531,0
607404108596379647,0.12775,0
607404108730597375,0.093147,0
607404108864815103,0.120956,0
607404108999032831,0.0993569,0
607404109133250559,0.104165,0
607404109267468287,0.0960909,0
607404110609645567,0.0800468,0
607404110743863295,0.078137,0
607404110878081023,0.0820558,0
607404111012298751,0.0753569,0
607404111146516479,0.0856659,0
607404111280734207,0.0832896,0
607404111414951935,0.0831351,0
607404111683387391,0.0731782,0
607404111817605119,0.0668705,0
607404111951822847,0.0711699,0
607404112086040575,0.068456,0
607404112220258303,0.0859219,0
607404112354476031,0.0807416,0
607404112488693759,0.0824911,0
607404112757129215,0.0784908,0
607404112891346943,0.0885536,0
607404113025564671,0.0784,0
607404113159782399,0.0818939,0
607404113294000127,0.0751767,0
607404113428217855,0.0766235,0
607404113562435583,0.0801785,0
607404113830871039,0.0659361,0
607404113965088767,0.0728759,0
607404114099306495,0.0691269,0
607404114233524223,0.0705106,0
607404114367741951,0.0746943,0
607404114501959679,0.0668464,0
607404114636177407,0.0766,0
607404114904612863,0.094589,0
607404115038830591,0.0980599,0
607404115173048319,0.0908058,0
607404115307266047,0.0977098,0
607404115441483775,0.110447,0
607404115575701503,0.0933291,0
607404115709919231,0.101815,0
607404115978354687,0.0900634,0
607404116112572415,0.0889433,0
607404116246790143,0.0889658,0
607404116381007871,0.0857446,0
607404116515225599,0.089277,0
607404116649443327,0.0853649,0
607404116783661055,0.0897387,0
607404117052096511,0.0953745,0
607404117186314239,0.0860068,0
607404117320531967,0.0934267,0
607404117454749695,0.0919589,0
607404117588967423,0.101333,0
607404117723185151,0.0894871,0
607404117857402879,0.103425,0
607404119199580159,0.0790768,0
607404119333797887,0.0863093,0
607404119468015615,0.0737021,0
607404119602233343,0.0785144,0
607404119736451071,0.0801707,0
607404119870668799,0.0875888,0
607404120004886527,0.0757113,0
607404120273321983,0.101837,0
607404120407539711,0.103525,0
607404120541757439,0.0946678,0
607404120675975167,0.0936758,0
607404120810192895,0.121891,0
607404120944410623,0.10976,0
607404121078628351,0.0968731,0
607404121347063807,0.065235,0
607404121481281535,0.0826413,0
607404121615499263,0.0641666,0
607404121749716991,0.067741,0
607404121883934719,0.0586138,0
607404122018152447,0.0750897,0
607404122152370175,0.0621967,0
607404122420805631,0.0890752,0
607404122555023359,0.0894732,0
607404122689241087,0.0840217,0
607404122823458815,0.0818247,0
607404122957676543,0.0907945,0
607404123091894271,0.0926965,0
607404123226111999,0.0930953,0
607404123494547455,0.0728409,0
607404123628765183,0.0786111,0
607404123762982911,0.0762414,0
607404123897200639,0.0761589,0
607404124031418367,0.0869428,0
607404124165636095,0.0819706,0
607404124299853823,0.0803414,0
607404124568289279,0.0882902,0
607404124702507007,0.109734,0
607404124836724735,0.0826951,0
607404124970942463,0.0995115,0
607404125105160191,0.0944147,0
607404125239377919,0.103041,0
607404125373595647,0.0878486,0
607404125642031103,0.0633506,0
607404125776248831,0.072172,0
607404125910466559,0.0620001,0
607404126044684287,0.0548957,0
607404126178902015,0.0736328,0
607404126313119743,0.0693365,0
607404126447337471,0.0744738,0
607404127789514751,0.0921588,0
607404127923732479,0.0876783,0
607404128057950207,0.100192,0
607404128192167935,0.0845094,0
607404128326385663,0.107178,0
607404128460603391,0.085509,0
607404128594821119,0.105196,0
607404128863256575,0.0773584,0
607404128997474303,0.0774748,0
607404129131692031,0.0850137,0
607404129265909759,0.0754428,0
607404129400127487,0.0779664,0
607404129534345215,0.0788278,0
607404129668562943,0.0814419,0
607404129936998399,0.0864786,0
607404130071216127,0.0825461,0
607404130205433855,0.0810398,0
607404130339651583,0.0883836,0
607404130473869311,0.0981765,0
607404130608087039,0.0881766,0
607404130742304767,0.0968698,0
607404131010740223,0.0781984,0
607404131144957951,0.0711435,0
607404131279175679,0.0834305,0
607404131413393407,0.0762285,0
607404131547611135,0.0843038,0
607404131681828863,0.0762779,0
607404131816046591,0.0871352,0
607404132084482047,0.107927,0
607404132218699775,0.117559,0
607404132352917503,0.118379,0
607404132487135231,0.110593,0
607404132621352959,0.119639,0
607404132755570687,0.107065,0
607404132889788415,0.120332,0
607404133158223871,0.0876781,0
607404133292441599,0.0775405,0
607404133426659327,0.108848,0
607404133560877055,0.0762681,0
607404133695094783,0.099949,0
607404133829312511,0.0858537,0
607404133963530239,0.115343,0
607404134231965695,0.0985501,0
607404134366183423,0.10395,0
607404134500401151,0.0910257,0
607404134634618879,0.0933711,0
607404134768836607,0.109623,0
607404134903054335,0.105371,0
607404135037272063,0.094763,0
607404136379449343,0.10631,0
607404136513667071,0.119949,0
607404136647884799,0.106237,0
607404136782102527,0.106215,0
607404136916320255,0.100643,0
607404137050537983,0.106175,0
607404137184755711,0.100127,0
607404137453191167,0.126894,0
607404137587408895,0.132377,0
607404137721626623,0.118451,0
607404137855844351,0.118173,0
607404137990062079,0.120879,0
607404138124279807,0.137155,0
607404138258497535,0.111449,0
607404138526932991,0.0926588,0
607404138661150719,0.102518,0
607404138795368447,0.102809,0
607404138929586175,0.106998,0
607404139063803903,0.104002,0
607404139198021631,0.100632,0
607404139332239359,0.0896101,0
607404139600674815,0.122744,0
607404139734892543,0.139878,0
607404139869110271,0.114989,0
607404140003327999,0.123145,0
607404140137545727,0.11494,0
607404140271763455,0.123672,0
607404140405981183,0.106814,0
607404140674416639,0.10481,0
607404140808634367,0.098556,0
607404140942852095,0.0991117,0
607404141077069823,0.0978984,0
607404141211287551,0.112669,0
607404141345505279,0.106437,0
607404141479723007,0.109503,0
607404141748158463,0.115979,0
607404141882376191,0.108343,0
607404142016593919,0.103276,0
607404142150811647,0.114826,0
607404142285029375,0.116071,0
607404142419247103,0.125275,0
607404142553464831,0.108621,0
607404142821900287,0.101877,0
607404142956118015,0.100451,0
607404143090335743,0.101356,0
607404143224553471,0.104877,0
607404143358771199,0.0975369,0
607404143492988927,0.0954136,0
607404143627206655,0.0983341,0
607404144969383935,0.115452,0
607404145103601663,0.114134,0
607404145237819391,0.11479,0
607404145372037119,0.113911,0
607404145506254847,0.132643,0
607404145640472575,0.116497,0
607404145774690303,0.122448,0
607404146043125759,0.0945541,0
607404146177343487,0.106087,0
607404146311561215,0.0991659,0
607404146445778943,0.0976369,0
607404146579996671,0.110786,0
607404146714214399,0.100165,0
607404146848432127,0.106533,0
607404147116867583,0.115912,0
607404147251085311,0.120216,0
607404147385303039,0.120069,0
607404147519520767,0.117956,0
607404147653738495,0.11671,0
607404147787956223,0.105836,0
607404147922173951,0.121269,0
607404148190609407,0.103466,0
607404148324827135,0.0998842,0
607404148459044863,0.10423,0
607404148593262591,0.0949706,0
607404148727480319,0.100355,0
607404148861698047,0.100814,0
607404148995915775,0.110291,0
607404149264351231,0.139239,0
607404149398568959,0.143019,0
607404149532786687,0.140675,0
607404149667004415,0.140807,0
607404149801222143,0.142862,0
607404149935439871,0.133549,0
607404150069657599,0.143022,0
607404150338093055,0.135128,0
607404150472310783,0.134387,0
607404150606528511,0.134018,0
607404150740746239,0.12254,0
607404150874963967,0.143787,0
607404151009181695,0.136914,0
607404151143399423,0.135676,0
607404151411834879,0.13481,0
607404151546052607,0.119549,0
607404151680270335,0.138965,0
607404151814488063,0.127329,0
607404151948705791,0.142067,0
607404152082923519,0.134185,0
607404152217141247,0.14112,0
607404153559318527,0.0886596,0
607404153693536255,0.09487,0
607404153827753983,0.0862261,0
607404153961971711,0.0892271,0
607404154096189439,0.096471,0
607404154230407167,0.0975503,0
607404154364624895,0.0885587,0
607404154633060351,0.0997525,0
607404154767278079,0.101409,0
607404154901495807,0.0902862,0
607404155035713535,0.0961978,0
607404155169931263,0.0993759,0
607404155304148991,0.10208,0
607404155438366719,0.103075,0
607404155706802175,0.0783311,0
607404155841019903,0.0831266,0
607404155975237631,0.0709446,0
607404156109455359,0.0777666,0
607404156243673087,0.0848222,0
607404156377890815,0.0878188,0
607404156512108543,0.0820555,0
607404156780543999,0.0907243,0
607404156914761727,0.0926048,0
607404157048979455,0.0900586,0
607404157183197183,0.0920088,0
607404157317414911,0.0938326,0
607404157451632639,0.0949598,0
607404157585850367,0.0850265,0
607404157854285823,0.0850656,0
607404157988503551,0.0994005,0
607404158122721279,0.0830659,0
607404158256939007,0.0822496,0
607404158391156735,0.0943688,0
607404158525374463,0.0909802,0
607404158659592191,0.0862301,0
607404158928027647,0.0916658,0
607404159062245375,0.101174,0
607404159196463103,0.0899717,0
607404159330680831,0.0953717,0
607404159464898559,0.094577,0
607404159599116287,0.0902408,0
607404159733334015,0.0918954,0
607404160001769471,0.0879843,0
607404160135987199,0.08076,0
607404160270204927,0.0804186,0
607404160404422655,0.0809108,0
607404160538640383,0.0844583,0
607404160672858111,0.0933172,0
607404160807075839,0.0821308,0
607404170739187711,0.0518203,0
607404170873405439,0.0484817,0
607404171007623167,0.0578679,0
607404171141840895,0.0567289,0
607404171276058623,0.05178,0
607404171410276351,0.0536447,0
607404171544494079,0.0483833,0
607404171812929535,0.05283,0
607404171947147263,0.0573404,0
607404172081364991,0.0571707,0
607404172215582719,0.058112,0
607404172349800447,0.046488,0
607404172484018175,0.0586788,0
607404172618235903,0.0472666,0
607404172886671359,0.0570534,0
607404173020889087,0.0556433,0
607404173155106815,0.0612367,0
607404173289324543,0.0643478,0
607404173423542271,0.0522906,0
607404173557759999,0.0569363,0
607404173691977727,0.0577279,0
607404173960413183,0.0632558,0
607404174094630911,0.0645678,0
607404174228848639,0.0638745,0
607404174363066367,0.0651934,0
607404174497284095,0.0547771,0
607404174631501823,0.0633461,0
607404174765719551,0.0565613,0
607404175034155007,0.0496499,0
607404175168372735,0.0588875,0
607404175302590463,0.0447691,0
607404175436808191,0.0510334,0
607404175571025919,0.0428695,0
607404175705243647,0.0493675,0
607404175839461375,0.0420579,0
607404176107896831,0.0482683,0
607404176242114559,0.0495193,0
607404176376332287,0.0524858,0
607404176510550015,0.0463884,0
607404176644767743,0.0459454,0
607404176778985471,0.0477365,0
607404176913203199,0.0528204,0
607404177181638655,0.0561909,0
607404177315856383,0.0568481,0
607404177450074111,0.0514104,0
607404177584291839,0.0573115,0
607404177718509567,0.0484722,0
607404177852727295,0.050299,0
607404177986945023,0.0469081,0
607404179329122303,0.0701917,0
607404179463340031,0.0723182,0
607404179597557759,0.0736136,0
607404179731775487,0.0751906,0
607404179865993215,0.0590202,0
607404180000210943,0.0649065,0
607404180134428671,0.0617881,0
607404180402864127,0.079044,0
607404180537081855,0.0799264,0
607404180671299583,0.0792306,0
607404180805517311,0.0829194,0
607404180939735039,0.0628049,0
607404181073952767,0.0681357,0
607404181208170495,0.0683008,0
607404181476605951,0.0930842,0
607404181610823679,0.0957411,0
607404181745041407,0.0960646,0
607404181879259135,0.100648,0
607404182013476863,0.0759066,0
607404182147694591,0.0842578,0
607404182281912319,0.078355,0
607404182550347775,0.0979631,0
607404182684565503,0.100672,0
607404182818783231,0.104566,0
607404182953000959,0.107796,0
607404183087218687,0.0783066,0
607404183221436415,0.0858491,0
607404183355654143,0.0940519,0
607404183624089599,0.0612865,0
607404183758307327,0.0584805,0
607404183892525055,0.0601694,0
607404184026742783,0.0579955,0
607404184160960511,0.0539176,0
607404184295178239,0.0582006,0
607404184429395967,0.0545218,0
607404184697831423,0.0611926,0
607404184832049151,0.0570592,0
607404184966266879,0.0621583,0
607404185100484607,0.0596834,0
607404185234702335,0.056248,0
607404185368920063,0.0585107,0
607404185503137791,0.0576227,0
607404185771573247,0.0677565,0
607404185905790975,0.0640137,0
607404186040008703,0.0720127,0
607404186174226431,0.0742851,0
607404186308444159,0.0568763,0
607404186442661887,0.0585105,0
607404186576879615,0.0576015,0
607404189529669631,0.0653404,0
607404189663887359,0.0612684,0
607404192885112831,0.0588585,0
607404193287766015,0.0606086,0
607404193421983743,0.0591414,0
607404193690419199,0.0607481,0
607404193824636927,0.0676457,0
607404193958854655,0.0643912,0
607404194093072383,0.0665525,0
607404196643209215,0.113124,0
607404197045862399,0.0927442,0
607404197180080127,0.100846,0
607404197582733311,0.0985495,0
607404197716951039,0.102794,0
607404197851168767,0.117682,0
607404197985386495,0.110058,0
607404198119604223,0.097752,0
607404198253821951,0.0980727,0
607404198388039679,0.106174,0
607404200803958783,0.0710159,0
607404200938176511,0.075269,0
607404201072394239,0.0698034,0
607404201206611967,0.0756603,0
607404201340829695,0.0633689,0
607404201475047423,0.0641015,0
607404201609265151,0.0624468,0
607404201877700607,0.0744517,0
607404202011918335,0.0894182,0
607404202146136063,0.0871723,0
607404202280353791,0.0926858,0
607404202414571519,0.0785478,0
607404202548789247,0.0778239,0
607404202683006975,0.0704347,0
607404205098926079,0.0597346,0
607404205233143807,0.0594589,0
607404205367361535,0.0562085,0
607404205501579263,0.0589293,0
607404205635796991,0.0491799,0
607404205770014719,0.059734,0
607404205904232447,0.0450817,0
607404206172667903,0.0412538,0
607404206306885631,0.0421782,0
607404206441103359,0.0390056,0
607404206575321087,0.0427026,0
607404206709538815,0.0565456,0
607404206843756543,0.0353603,0
607404206977974271,0.0572902,0
607404207246409727,0.0527091,0
607404207380627455,0.0409829,0
607404207514845183,0.0555471,0
607404207649062911,0.0435241,0
607404207783280639,0.0636325,0
607404207917498367,0.0580049,0
607404208051716095,0.0660966,0
607404208320151551,0.0404413,0
607404208454369279,0.044662,0
607404208588587007,0.0405785,0
607404208722804735,0.046726,0
607404208857022463,0.0401676,0
607404208991240191,0.0429669,0
607404209125457919,0.0397972,0
607404209393893375,0.0521383,0
607404209528111103,0.049534,0
607404209662328831,0.0484689,0
607404209796546559,0.0502407,0
607404209930764287,0.0503066,0
607404210064982015,0.0479846,0
607404210199199743,0.0547213,0
607404210467635199,0.0507438,0
607404210601852927,0.0611591,0
607404210736070655,0.0416488,0
607404210870288383,0.0561824,0
607404211004506111,0.0449054,0
607404211138723839,0.0481525,0
607404211272941567,0.0454275,0
607404211541377023,0.0528415,0
607404211675594751,0.0491724,0
607404211809812479,0.0523217,0
607404211944030207,0.0555788,0
607404212078247935,0.0539349,0
607404212212465663,0.0498236,0
607404212346683391,0.0544059,0
607404213688860671,0.0520464,0
607404213823078399,0.0579648,0
607404213957296127,0.049984,0
607404214091513855,0.0535286,0
607404214225731583,0.0451914,0
607404214359949311,0.0531105,0
607404214494167039,0.0451705,0
607404214762602495,0.0583232,0
607404214896820223,0.0594565,0
607404215031037951,0.0572452,0
607404215165255679,0.0581785,0
607404215299473407,0.055853,0
607404215433691135,0.0606517,0
607404215567908863,0.0587075,0
607404215836344319,0.048055,0
607404215970562047,0.05508,0
607404216104779775,0.0473483,0
607404216238997503,0.0558431,0
607404216373215231,0.0444847,0
607404216507432959,0.0487403,0
607404216641650687,0.0477233,0
607404216910086143,0.0561421,0
607404217044303871,0.0567185,0
607404217178521599,0.057689,0
607404217312739327,0.0549535,0
607404217446957055,0.054297,0
607404217581174783,0.0524479,0
607404217715392511,0.0540985,0
607404217983827967,0.044039,0
607404218118045695,0.0412311,0
607404218252263423,0.0452428,0
607404218386481151,0.0450329,0
607404218520698879,0.0461156,0
607404218654916607,0.0423872,0
607404218789134335,0.0442199,0
607404219057569791,0.0439326,0
607404219191787519,0.0576333,0
607404219326005247,0.0432744,0
607404219460222975,0.0526093,0
607404219594440703,0.0436485,0
607404219728658431,0.0442207,0
607404219862876159,0.0449152,0
607404220131311615,0.046364,0
607404220265529343,0.0459501,0
607404220399747071,0.0468257,0
607404220533964799,0.046082,0
607404220668182527,0.0421449,0
607404220802400255,0.0450403,0
607404220936617983,0.0433303,0
607404222278795263,0.0625044,0
607404222413012991,0.0686257,0
607404222547230719,0.0617036,0
607404222681448447,0.070043,0
607404222815666175,0.0694137,0
607404222949883903,0.0606285,0
607404223084101631,0.0648613,0
607404223352537087,0.0452064,0
607404223486754815,0.0447921,0
607404223620972543,0.0564917,0
607404223755190271,0.0510528,0
607404223889407999,0.0580587,0
607404224023625727,0.0427245,0
607404224157843455,0.0678893,0
607404224426278911,0.0668064,0
607404224560496639,0.0804094,0
607404224963149823,0.0699615,0
607404225097367551,0.0738972,0
607404225231585279,0.0763535,0
607404225500020735,0.0566831,0
607404225634238463,0.0544038,0
607404225768456191,0.0559543,0
607404225902673919,0.0556694,0
607404226036891647,0.0717076,0
607404226171109375,0.0552202,0
607404226305327103,0.0754561,0
607404226573762559,0.0638969,0
607404226707980287,0.0647875,0
607404226842198015,0.0797048,0
607404226976415743,0.067066,0
607404227110633471,0.0530582,0
607404227244851199,0.0583039,0
607404227379068927,0.0684986,0
607404227647504383,0.0589265,0
607404227781722111,0.0635863,0
607404227915939839,0.0608955,0
607404228050157567,0.0532603,0
607404228184375295,0.0558113,0
607404228318593023,0.0553394,0
607404228452810751,0.0594578,0
607404228721246207,0.0795542,0
607404228855463935,0.0765311,0
607404228989681663,0.082429,0
607404229123899391,0.0771729,0
607404229258117119,0.0806206,0
607404229392334847,0.0707576,0
607404229526552575,0.0878497,0
607409951765168127,0.369585,0
607409951899385855,0.309372,0
607409952033603583,0.393642,0
607409952167821311,0.610242,0
607409952302039039,0.319805,0
607409952436256767,0.306776,0
607409952570474495,0.109541,0
607409952838909951,0.218926,0
607409952973127679,0.120348,0
607409953107345407,0.197456,0
607409953241563135,0.16616,0
607409953375780863,0.216203,0
607409953509998591,0.163218,0
607409953644216319,0.246056,0
607409953912651775,0.494187,0
607409954046869503,0.676537,0
607409954181087231,0.253061,0
607409954315304959,0.39586,0
607409954449522687,0.108546,0
607409954583740415,0.474331,0
607409954717958143,0.126598,0
607409954986393599,0.22527,0
607409955120611327,0.134949,0
607409955254829055,0.212341,0
607409955389046783,0.176899,0
607409955523264511,0.215206,0
607409955657482239,0.176748,0
607409955791699967,0.33514,0
607409956060135423,0.106918,0
607409956194353151,0.140561,0
607409956462788607,0.107907,0
607409956731224063,0.326649,0
607409957133877247,0.352297,0
607409957268094975,0.203165,0
607409957402312703,0.430807,0
607409957536530431,0.281672,0
607409957939183615,0.425826,0
607409958341836799,0.110536,0
607409969079255039,0.383765,0
607409969347690495,0.27712,0
607409970018779135,0.193191,0
607409970152996863,0.315344,0
607409970287214591,0.330287,0
607409970421432319,0.35662,0
607409970555650047,0.172665,0
607409970689867775,0.479686,0
607409970824085503,0.134668,0
607409971226738687,0.0471339,0
607409972166262783,0.315369,0
607409972300480511,0.184865,0
607409972434698239,0.233229,0
607409972568915967,0.284045,0
607409972703133695,0.375647,0
607409972837351423,0.3141,0
607409972971569151,0.259629,0
607410014310629375,0.053579,0
607410014444847103,0.0499153,0
607410022900563967,0.063135,0
607410023034781695,0.0519772,0
607410029074579455,0.0695719,0
607410029208797183,0.0511907,0
607410029343014911,0.061662,0
607410029477232639,0.0539289,0
607410029611450367,0.0813475,0
607410029745668095,0.0681053,0
607410029879885823,0.0720959,0
607410030148321279,0.0448063,0
607410030282539007,0.0434433,0
607410030416756735,0.0422804,0
607410030550974463,0.0437775,0
607410030685192191,0.0474827,0
607410030819409919,0.0499883,0
607410030953627647,0.0446244,0
607410031222063103,0.0445156,0
607410031356280831,0.0483017,0
607410031490498559,0.0564533,0
607410031624716287,0.0477029,0
607410031758934015,0.0682985,0
607410031893151743,0.0481786,0
607410032027369471,0.0578283,0
607410032295804927,0.0389732,0
607410032430022655,0.0413422,0
607410032564240383,0.0353497,0
607410032698458111,0.0369994,0
607410032832675839,0.0392359,0
607410032966893567,0.0418901,0
607410033101111295,0.0346638,0
607410033369546751,0.0898607,0
607410033503764479,0.075261,0
607410033637982207,0.111481,0
607410033772199935,0.0837532,0
607410033906417663,0.0941256,0
607410034040635391,0.0737662,0
607410034174853119,0.107509,0
607410034443288575,0.0628945,0
607410034577506303,0.0545616,0
607410034711724031,0.066764,0
607410034845941759,0.0550867,0
607410035248594943,0.0666404,0
607410035517030399,0.0913892,0
607410035651248127,0.0697136,0
607410035785465855,0.107452,0
607410035919683583,0.0737027,0
607410036053901311,0.116357,0
607410036188119039,0.100646,0
607410036322336767,0.114988,0
607410037664514047,0.0682747,0
607410037798731775,0.057843,0
607410037932949503,0.0611308,0
607410038067167231,0.0555643,0
607410038201384959,0.0611788,0
607410038335602687,0.0592428,0
607410038469820415,0.0534766,0
607410038738255871,0.0615091,0
607410038872473599,0.0504526,0
607410039006691327,0.0579545,0
607410039140909055,0.0537972,0
607410039275126783,0.0658547,0
607410039409344511,0.0528518,0
607410039543562239,0.0553061,0
607410039811997695,0.050434,0
607410039946215423,0.0459498,0
607410040080433151,0.0388397,0
607410040214650879,0.0428344,0
607410040348868607,0.0546267,0
607410040483086335,0.0542611,0
607410040617304063,0.0430069,0
607410040885739519,0.0440205,0
607410041019957247,0.0564572,0
607410041154174975,0.0453607,0
607410041288392703,0.0483068,0
607410041422610431,0.0486981,0
607410041556828159,0.0477262,0
607410041691045887,0.0490361,0
607410041959481343,0.0541766,0
607410042093699071,0.0506188,0
607410042227916799,0.0561969,0
607410042362134527,0.0575474,0
607410042496352255,0.0564724,0
607410042630569983,0.0581833,0
607410042764787711,0.0495726,0
607410043033223167,0.0567255,0
607410043167440895,0.0497527,0
607410043301658623,0.0653569,0
607410043435876351,0.0517724,0
607410043838529535,0.0603872,0
607410044106964991,0.0545264,0
607410044241182719,0.0616808,0
607410044375400447,0.0467327,0
607410044509618175,0.0563361,0
607410044643835903,0.0456151,0
607410044778053631,0.0547237,0
607410044912271359,0.041919,0
607410065850236927,0.176246,0
607410065984454655,0.106991,0
607410492931047423,0.0811581,0
607410493065265151,0.0919243,0
607410493199482879,0.0879646,0
607410493333700607,0.0817717,0
607410493467918335,0.0896973,0
607410493602136063,0.0807341,0
607410493736353791,0.095083,0
607410494004789247,0.0827774,0
607410494139006975,0.0930002,0
607410494273224703,0.0825545,0
607410494407442431,0.085335,0
607410494541660159,0.0853578,0
607410494675877887,0.0976109,0
607410494810095615,0.0839603,0
607410495078531071,0.083056,0
607410495212748799,0.0849221,0
607410495346966527,0.0916006,0
607410495481184255,0.101059,0
607410495615401983,0.0903826,0
607410495749619711,0.0743921,0
607410495883837439,0.092525,0
607410496152272895,0.0795451,0
607410496286490623,0.086105,0
607410496420708351,0.080835,0
607410496554926079,0.0793466,0
607410496689143807,0.0836876,0
607410496823361535,0.0851964,0
607410496957579263,0.0860922,0
607410497226014719,0.0801469,0
607410497360232447,0.0908385,0
607410497494450175,0.0794404,0
607410497628667903,0.0947699,0
607410498031321087,0.0791159,0
607410498568191999,0.0814538,0
607410498702409727,0.0878733,0
607410499373498367,0.0774397,0
607410499507716095,0.0946026,0
607410499641933823,0.0796743,0
607410499776151551,0.0783783,0
607410499910369279,0.0753688,0
607410500044587007,0.0859991,0
607410500178804735,0.0753558,0
607410501520982015,0.118089,0
607410501655199743,0.101477,0
607410501789417471,0.110181,0
607410501923635199,0.107456,0
607410502057852927,0.128071,0
607410502192070655,0.111359,0
607410502326288383,0.116756,0
607410502594723839,0.0980376,0
607410502728941567,0.0922485,0
607410502863159295,0.101252,0
607410502997377023,0.102295,0
607410503131594751,0.0926531,0
607410503265812479,0.0956581,0
607410503400030207,0.109023,0
607410503668465663,0.0997716,0
607410503802683391,0.112628,0
607410503936901119,0.104676,0
607410504071118847,0.107713,0
607410504205336575,0.10894,0
607410504339554303,0.106894,0
607410504473772031,0.104625,0
607410504742207487,0.0868057,0
607410504876425215,0.090289,0
607410505010642943,0.107523,0
607410505144860671,0.0923975,0
607410505279078399,0.103277,0
607410505413296127,0.0966517,0
607410505547513855,0.0991776,0
607410505815949311,0.121606,0
607410505950167039,0.122895,0
607410506084384767,0.116002,0
607410506218602495,0.125445,0
607410506621255679,0.100186,0
607410507158126591,0.123712,0
607410507292344319,0.110578,0
607410507963432959,0.100901,0
607410508097650687,0.110483,0
607410508231868415,0.0882267,0
607410508366086143,0.105087,0
607410508500303871,0.0830886,0
607410508634521599,0.113845,0
607410508768739327,0.0867652,0
607410510110916607,0.10121,0
607410510245134335,0.131706,0
607410510379352063,0.083509,0
607410510513569791,0.113578,0
607410510647787519,0.0884635,0
607410510782005247,0.102604,0
607410510916222975,0.085008,0
607410511184658431,0.0937266,0
607410511318876159,0.104663,0
607410511453093887,0.0912076,0
607410511587311615,0.108032,0
607410511721529343,0.0956459,0
607410511855747071,0.0982642,0
607410511989964799,0.094191,0
607410512258400255,0.0727262,0
607410512392617983,0.0972122,0
607410512526835711,0.0641774,0
607410512661053439,0.0823485,0
607410512795271167,0.0796972,0
607410512929488895,0.0897733,0
607410513063706623,0.0754638,0
607410513332142079,0.0935122,0
607410513466359807,0.13525,0
607410513600577535,0.0875532,0
607410513734795263,0.106809,0
607410513869012991,0.0985438,0
607410514003230719,0.101729,0
607410514137448447,0.100801,0
607410514405883903,0.104006,0
607410514540101631,0.0872975,0
607410514674319359,0.0919108,0
607410514808537087,0.102454,0
607410514942754815,0.0891554,0
607410515076972543,0.0937689,0
607410515211190271,0.0853471,0
607410515479625727,0.0946987,0
607410515613843455,0.0922932,0
607410515748061183,0.0921126,0
607410515882278911,0.129932,0
607410516016496639,0.0651103,0
607410516150714367,0.084259,0
607410516284932095,0.0763415,0
607410516553367551,0.0872202,0
607410516687585279,0.0947053,0
607410516821803007,0.0775224,0
607410516956020735,0.0810637,0
607410517090238463,0.0899543,0
607410517224456191,0.0962173,0
607410517358673919,0.0812611,0
607410518700851199,0.102726,0
607410518835068927,0.119655,0
607410518969286655,0.103866,0
607410519103504383,0.11784,0
607410519237722111,0.09435,0
607410519371939839,0.101533,0
607410519506157567,0.105331,0
607410519774593023,0.106873,0
607410519908810751,0.104282,0
607410520043028479,0.112358,0
607410520177246207,0.0926322,0
607410520311463935,0.105004,0
607410520445681663,0.111032,0
607410520579899391,0.109849,0
607410520848334847,0.104149,0
607410520982552575,0.117699,0
607410521116770303,0.13836,0
607410521250988031,0.13215,0
607410521385205759,0.111922,0
607410521519423487,0.104401,0
607410521653641215,0.135258,0
607410521922076671,0.129279,0
607410522056294399,0.121638,0
607410522190512127,0.124037,0
607410522324729855,0.128232,0
607410522458947583,0.106073,0
607410522593165311,0.106664,0
607410522727383039,0.121357,0
607410522995818495,0.0902787,0
607410523130036223,0.0907235,0
607410523264253951,0.0958695,0
607410523398471679,0.0935231,0
607410523532689407,0.0929349,0
607410523666907135,0.0915375,0
607410523801124863,0.0932873,0
607410524069560319,0.082341,0
607410524203778047,0.108249,0
607410524337995775,0.0887256,0
607410524472213503,0.104208,0
607410524606431231,0.082645,0
607410524740648959,0.0987448,0
607410524874866687,0.0814977,0
607410525143302143,0.10425,0
607410525277519871,0.107231,0
607410525411737599,0.11897,0
607410525545955327,0.113854,0
607410525680173055,0.105584,0
607410525814390783,0.102678,0
607410525948608511,0.118553,0
607410544470654975,0.0883633,0
607410544604872703,0.0780849,0
607410544739090431,0.0873875,0
607410544873308159,0.0750065,0
607410545007525887,0.0845319,0
607410545141743615,0.0754932,0
607410545275961343,0.086257,0
607410545544396799,0.067987,0
607410545678614527,0.070632,0
607410545812832255,0.0787079,0
607410545947049983,0.0806568,0
607410546081267711,0.0680225,0
607410546215485439,0.0701735,0
607410546349703167,0.0715229,0
607410546618138623,0.0812498,0
607410546752356351,0.0703877,0
607410546886574079,0.0817053,0
607410547020791807,0.0892968,0
607410547155009535,0.0853186,0
607410547289227263,0.0712935,0
607410547423444991,0.083533,0
607410547691880447,0.0659759,0
607410547826098175,0.0698699,0
607410547960315903,0.0748161,0
607410548094533631,0.0719227,0
607410548228751359,0.0731693,0
607410548362969087,0.0716479,0
607410548497186815,0.069561,0
607410548765622271,0.0752797,0
607410548899839999,0.0766694,0
607410549034057727,0.0851206,0
607410549168275455,0.0768563,0
607410549302493183,0.084244,0
607410549436710911,0.0719987,0
607410549570928639,0.0879706,0
607410549839364095,0.0703786,0
607410550107799551,0.0794099,0
607410550242017279,0.0665532,0
607410550644670463,0.0684685,0
607410550913105919,0.0824048,0
607410551047323647,0.0869005,0
607410551181541375,0.0837931,0
607410551315759103,0.0849952,0
607410551449976831,0.0949639,0
607410551584194559,0.0940628,0
607410551718412287,0.0966427,0
607410578830393343,0.0876176,0
607410578964611071,0.082419,0
607410579098828799,0.0929599,0
607410579233046527,0.087321,0
607410579367264255,0.0920525,0
607410579501481983,0.0890591,0
607410579635699711,0.0912576,0
607410579904135167,0.0843307,0
607410580038352895,0.0922337,0
607410580172570623,0.0858662,0
607410580306788351,0.0859811,0
607410580441006079,0.0860667,0
607410580575223807,0.0914488,0
607410580709441535,0.0911904,0
607410580977876991,0.0674238,0
607410581112094719,0.065158,0
607410581246312447,0.0643255,0
607410581380530175,0.0682969,0
607410581514747903,0.0879906,0
607410581648965631,0.0784179,0
607410581783183359,0.0686003,0
607410582051618815,0.0834237,0
607410582185836543,0.0861349,0
607410582320054271,0.0699353,0
607410582454271999,0.074567,0
607410582588489727,0.0845768,0
607410582722707455,0.0799881,0
607410582856925183,0.0779993,0
607410583125360639,0.0927828,0
607410583259578367,0.0916497,0
607410583393796095,0.0939247,0
607410583528013823,0.0933048,0
607410583930667007,0.0953381,0
607410584467537919,0.0917285,0
607410584601755647,0.0944625,0
607410585272844287,0.116593,0
607410585407062015,0.099275,0
607410585541279743,0.0931472,0
607410585675497471,0.107956,0
607410585809715199,0.117122,0
607410585943932927,0.120582,0
607410586078150655,0.0959293,0
607410587420327935,0.0812146,0
607410587554545663,0.0971459,0
607410587688763391,0.0897003,0
607410587822981119,0.0923526,0
607410587957198847,0.0924832,0
607410588091416575,0.0945335,0
607410588225634303,0.0910453,0
607410588494069759,0.10278,0
607410588628287487,0.0996333,0
607410588762505215,0.105018,0
607410588896722943,0.0960603,0
607410589030940671,0.0961839,0
607410589165158399,0.102808,0
607410589299376127,0.117927,0
607410589567811583,0.090291,0
607410589702029311,0.0947615,0
607410589836247039,0.0855885,0
607410589970464767,0.0798275,0
607410590104682495,0.0924539,0
607410590238900223,0.0930798,0
607410590373117951,0.0930574,0
607410590641553407,0.0945882,0
607410590775771135,0.0943263,0
607410590909988863,0.112128,0
607410591044206591,0.0990645,0
607410591178424319,0.0930699,0
607410591312642047,0.0909683,0
607410591446859775,0.0976368,0
607410591715295231,0.101111,0
607410591849512959,0.0968597,0
607410591983730687,0.0978256,0
607410592117948415,0.0984062,0
607410592520601599,0.0953451,0
607410593057472511,0.102365,0
607410593191690239,0.0961623,0
607410593862778879,0.0914367,0
607410593996996607,0.0973377,0
607410594131214335,0.0880969,0
607410594265432063,0.094317,0
607410594399649791,0.0867283,0
607410594533867519,0.0903829,0
607410594668085247,0.0825041,0
607410787404742655,0.0826621,0
607410787538960383,0.0778556,0
607410795994677247,0.0846977,0
607410796128894975,0.145065,0
607410982557319167,0.0324295,0
607410982691536895,0.0309335,0
607410982825754623,0.0187951,0
607410982959972351,0.0188809,0
607410983094190079,0.0267721,0
607410983228407807,0.0294078,0
607410983631060991,0.0533603,0
607410983765278719,0.0447959,0
607410983899496447,0.0610328,0
607410984033714175,0.0473321,0
607410984167931903,0.0426445,0
607410984302149631,0.0445391,0
607410984436367359,0.0340903,0
607410984704802815,0.0239068,0
607410984839020543,0.033829,0
607410985107455999,0.018199,0
607410985375891455,0.0218026,0
607410985778544639,0.0638029,0
607410985912762367,0.058047,0
607410986046980095,0.0434236,0
607410986181197823,0.0603067,0
607410986315415551,0.0356624,0
607410986449633279,0.0535999,0
607410986583851007,0.0219794,0
607410987926028287,0.0252716,0
607410988060246015,0.0312694,0
607410988194463743,0.0278449,0
607410988328681471,0.0286128,0
607410988462899199,0.0229123,0
607410988597116927,0.0251351,0
607411000810930175,0.0379184,0
607411000945147903,0.0296465,0
607411001213583359,0.0340546,0
607411001482018815,0.0167185,0
607411003092631551,0.0455733,0
607411003361067007,0.0605993,0
607411003629502463,0.0458289,0
607411121070014463,0.118003,0
607411121204232191,0.073425,0
607411121338449919,0.083827,0
607411121472667647,0.0755993,0
607411121606885375,0.0585882,0
607411121741103103,0.121769,0
607411121875320831,0.0505484,0
607411123217498111,0.105509,0
607411123351715839,0.0957769,0
607411123485933567,0.0500695,0
607411123620151295,0.110626,0
607411123754369023,0.0644244,0
607411123888586751,0.0684606,0
607411124022804479,0.0543328,0
607411125499199487,0.07709,0
607411455003721727,0.223275,0
607411455137939455,0.163278,0
607411455272157183,0.233225,0
607411455406374911,0.205983,0
607411455540592639,0.171294,0
607411455674810367,0.162473,0
607411455809028095,0.197253,0
607411456077463551,0.166278,0
607411456211681279,0.130674,0
607411456345899007,0.188907,0
607411456480116735,0.143165,0
607411456614334463,0.121374,0
607411456748552191,0.119929,0
607411456882769919,0.146099,0
607411457151205375,0.291054,0
607411457285423103,0.246824,0
607411457419640831,0.265305,0
607411457553858559,0.254134,0
607411457688076287,0.254668,0
607411457822294015,0.262818,0
607411457956511743,0.268321,0
607411458224947199,0.276117,0
607411458359164927,0.21445,0
607411458493382655,0.249326,0
607411458627600383,0.224281,0
607411458761818111,0.207765,0
607411458896035839,0.253083,0
607411459030253567,0.244843,0
607411459298689023,0.122974,0
607411459432906751,0.13161,0
607411459567124479,0.185363,0
607411459701342207,0.156435,0
607411459835559935,0.120775,0
607411459969777663,0.118997,0
607411460103995391,0.142852,0
607411460372430847,0.136504,0
607411460506648575,0.12094,0
607411460640866303,0.150227,0
607411460775084031,0.136584,0
607411460909301759,0.110066,0
607411461043519487,0.141096,0
607411461177737215,0.122201,0
607411461446172671,0.279821,0
607411461580390399,0.233786,0
607411461714608127,0.299555,0
607411461848825855,0.235319,0
607411461983043583,0.20977,0
607411462117261311,0.170452,0
607411462251479039,0.251645,0
607411463593656319,0.185066,0
607411463727874047,0.16216,0
607411463862091775,0.19277,0
607411463996309503,0.178139,0
607411464130527231,0.119897,0
607411464264744959,0.133582,0
607411464398962687,0.145085,0
607411464667398143,0.115878,0
607411464801615871,0.125388,0
607411464935833599,0.134572,0
607411465070051327,0.13548,0
607411465204269055,0.120325,0
607411465338486783,0.108796,0
607411465472704511,0.132478,0
607411465741139967,0.269832,0
607411465875357695,0.231628,0
607411466009575423,0.253678,0
607411466143793151,0.248969,0
607411466278010879,0.235679,0
607411466412228607,0.245872,0
607411466546446335,0.249019,0
607411466814881791,0.221976,0
607411466949099519,0.200638,0
607411467083317247,0.231729,0
607411467217534975,0.228294,0
607411467351752703,0.159761,0
607411467485970431,0.158164,0
607411467620188159,0.214065,0
607411467888623615,0.140841,0
607411468022841343,0.106571,0
607411468157059071,0.172119,0
607411468291276799,0.145225,0
607411468425494527,0.0990176,0
607411468559712255,0.100523,0
607411468693929983,0.109793,0
607411468962365439,0.100956,0
607411469096583167,0.101811,0
607411469230800895,0.124042,0
607411469365018623,0.127513,0
607411469499236351,0.102341,0
607411469633454079,0.108713,0
607411469767671807,0.101051,0
607411470036107263,0.230117,0
607411470170324991,0.195612,0
607411470304542719,0.244435,0
607411470438760447,0.24149,0
607411470572978175,0.14715,0
607411470707195903,0.195921,0
607411470841413631,0.185832,0
607411472183590911,0.30144,0
607411472317808639,0.280396,0
607411472452026367,0.292696,0
607411472586244095,0.305762,0
607411472720461823,0.309736,0
607411472854679551,0.325383,0
607411472988897279,0.291904,0
607411473257332735,0.30222,0
607411473391550463,0.287415,0
607411473525768191,0.287437,0
607411473659985919,0.296926,0
607411473794203647,0.279489,0
607411473928421375,0.321786,0
607411474062639103,0.281587,0
607411474331074559,0.286616,0
607411474465292287,0.349297,0
607411474599510015,0.273842,0
607411474733727743,0.304634,0
607411474867945471,0.283577,0
607411475002163199,0.309681,0
607411475136380927,0.258388,0
607411475404816383,0.319693,0
607411475539034111,0.294366,0
607411475673251839,0.316061,0
607411475807469567,0.306683,0
607411475941687295,0.306098,0
607411476075905023,0.316183,0
607411476210122751,0.313132,0
607411476478558207,0.268349,0
607411476612775935,0.30213,0
607411476746993663,0.219309,0
607411476881211391,0.297657,0
607411477015429119,0.231656,0
607411477149646847,0.286029,0
607411477283864575,0.193571,0
607411477552300031,0.306374,0
607411477686517759,0.274243,0
607411477820735487,0.321377,0
607411477954953215,0.286661,0
607411478089170943,0.297097,0
607411478223388671,0.307345,0
607411478357606399,0.29813,0
607411478626041855,0.234989,0
607411478760259583,0.277252,0
607411478894477311,0.202878,0
607411479028695039,0.253923,0
607411479162912767,0.185113,0
607411479297130495,0.252259,0
607411479431348223,0.18856,0
607411480773525503,0.276895,0
607411480907743231,0.279838,0
607411481041960959,0.291941,0
607411481176178687,0.30628,0
607411481310396415,0.271546,0
607411481444614143,0.310021,0
607411481578831871,0.274124,0
607411481847267327,0.282222,0
607411481981485055,0.278843,0
607411482115702783,0.283384,0
607411482249920511,0.353887,0
607411482384138239,0.251792,0
607411482518355967,0.295278,0
607411482652573695,0.27748,0
607411482921009151,0.28401,0
607411483055226879,0.275955,0
607411483189444607,0.309215,0
607411483323662335,0.281142,0
607411483457880063,0.296881,0
607411483592097791,0.286498,0
607411483726315519,0.279007,0
607411483994750975,0.29085,0
607411484128968703,0.335362,0
607411484263186431,0.270531,0
607411484397404159,0.339437,0
607411484531621887,0.291629,0
607411484665839615,0.324071,0
607411484800057343,0.293532,0
607411485068492799,0.25543,0
607411485202710527,0.252628,0
607411485336928255,0.27493,0
607411485471145983,0.265841,0
607411485605363711,0.259855,0
607411485739581439,0.268174,0
607411485873799167,0.267225,0
607411486142234623,0.265441,0
607411486276452351,0.245184,0
607411486410670079,0.257723,0
607411486544887807,0.289185,0
607411486679105535,0.236922,0
607411486813323263,0.282263,0
607411486947540991,0.238985,0
607411487215976447,0.257825,0
607411487350194175,0.271819,0
607411487484411903,0.279606,0
607411487618629631,0.270555,0
607411487752847359,0.281552,0
607411487887065087,0.285622,0
607411488021282815,0.272357,0
607411489363460095,0.101234,0
607411489497677823,0.0917655,0
607411489631895551,0.0883665,0
607411489766113279,0.103727,0
607411489900331007,0.0999132,0
607411490034548735,0.0973575,0
607411490168766463,0.0972312,0
607411490437201919,0.106837,0
607411490571419647,0.115053,0
607411490705637375,0.0844113,0
607411490839855103,0.103822,0
607411490974072831,0.0892403,0
607411491108290559,0.100354,0
607411491242508287,0.0826835,0
607411491510943743,0.0944566,0
607411491645161471,0.105566,0
607411491779379199,0.152103,0
607411491913596927,0.107179,0
607411492047814655,0.108039,0
607411492182032383,0.103751,0
607411492316250111,0.101599,0
607411492584685567,0.0898435,0
607411492718903295,0.109599,0
607411492853121023,0.110566,0
607411492987338751,0.10605,0
607411493121556479,0.0857796,0
607411493255774207,0.0993908,0
607411493389991935,0.0937054,0
607411493658427391,0.0908979,0
607411493792645119,0.092335,0
607411493926862847,0.0952519,0
607411494061080575,0.089185,0
607411494195298303,0.078989,0
607411494329516031,0.0892999,0
607411494463733759,0.110899,0
607411494732169215,0.0962233,0
607411494866386943,0.0890231,0
607411495000604671,0.0838042,0
607411495134822399,0.0965519,0
607411495269040127,0.0823406,0
607411495403257855,0.091823,0
607411495537475583,0.095673,0
607411495805911039,0.0948335,0
607411495940128767,0.0916647,0
607411496074346495,0.120074,0
607411496208564223,0.0954292,0
607411496342781951,0.0968193,0
607411496476999679,0.0866178,0
607411496611217407,0.076905,0
607411497953394687,0.116852,0
607411498087612415,0.114532,0
607411498221830143,0.112671,0
607411498356047871,0.109117,0
607411498490265599,0.125462,0
607411498624483327,0.110793,0
607411498758701055,0.123963,0
607411499027136511,0.0898305,0
607411499161354239,0.0951934,0
607411499295571967,0.102336,0
607411499429789695,0.101371,0
607411499564007423,0.0917319,0
607411499698225151,0.0853468,0
607411499832442879,0.10505,0
607411500100878335,0.104702,0
607411500235096063,0.109949,0
607411500369313791,0.113222,0
607411500503531519,0.105777,0
607411500637749247,0.104841,0
607411500771966975,0.102987,0
607411500906184703,0.117263,0
607411501174620159,0.0985542,0
607411501308837887,0.102153,0
607411501443055615,0.0971622,0
607411501577273343,0.101785,0
607411501711491071,0.106317,0
607411501845708799,0.103282,0
607411501979926527,0.107057,0
607411502248361983,0.109078,0
607411502382579711,0.113953,0
607411502516797439,0.100559,0
607411502651015167,0.118711,0
607411502785232895,0.0903301,0
607411502919450623,0.110107,0
607411503053668351,0.0994794,0
607411503322103807,0.0980869,0
607411503456321535,0.088665,0
607411503590539263,0.0948661,0
607411503724756991,0.101911,0
607411503858974719,0.0875375,0
607411503993192447,0.0836536,0
607411504127410175,0.0945153,0
607411504395845631,0.0943581,0
607411504530063359,0.112768,0
607411504664281087,0.112493,0
607411504798498815,0.109943,0
607411504932716543,0.0998802,0
607411505066934271,0.113165,0
607411505201151999,0.107473,0
607411506543329279,0.165918,0
607411506677547007,0.186547,0
607411506811764735,0.173553,0
607411506945982463,0.211164,0
607411507080200191,0.154551,0
607411507214417919,0.178157,0
607411507348635647,0.1813,0
607411507617071103,0.177837,0
607411507751288831,0.151413,0
607411507885506559,0.200097,0
607411508019724287,0.168117,0
607411508153942015,0.164007,0
607411508288159743,0.139551,0
607411508422377471,0.205231,0
607411508690812927,0.18481,0
607411508825030655,0.202709,0
607411508959248383,0.180075,0
607411509093466111,0.22234,0
607411509227683839,0.164792,0
607411509361901567,0.197338,0
607411509496119295,0.152143,0
607411509764554751,0.256569,0
607411509898772479,0.264136,0
607411510032990207,0.246386,0
607411510167207935,0.291706,0
607411510301425663,0.231187,0
607411510435643391,0.251574,0
607411510569861119,0.221331,0
607411510838296575,0.0981402,0
607411510972514303,0.107661,0
607411511106732031,0.105707,0
607411511240949759,0.123475,0
607411511375167487,0.0752516,0
607411511509385215,0.102178,0
607411511643602943,0.0793194,0
607411511912038399,0.129803,0
607411512046256127,0.132336,0
607411512180473855,0.128506,0
607411512314691583,0.163643,0
607411512448909311,0.115859,0
607411512583127039,0.101274,0
607411512717344767,0.119028,0
607411512985780223,0.15642,0
607411513119997951,0.140253,0
607411513254215679,0.108843,0
607411513388433407,0.138968,0
607411513522651135,0.128515,0
607411513656868863,0.146786,0
607411513791086591,0.106,0
607411523723198463,0.103111,0
607411523857416191,0.10365,0
607411523991633919,0.106748,0
607411524125851647,0.113405,0
607411524260069375,0.0916111,0
607411524394287103,0.0860296,0
607411524528504831,0.0984857,0
607411524796940287,0.108734,0
607411524931158015,0.109497,0
607411525065375743,0.112128,0
607411525199593471,0.115023,0
607411525333811199,0.0881043,0
607411525468028927,0.0894281,0
607411525602246655,0.0956876,0
607411525870682111,0.117109,0
607411526004899839,0.113349,0
607411526139117567,0.123408,0
607411526273335295,0.121572,0
607411526407553023,0.101422,0
607411526541770751,0.108942,0
607411526675988479,0.107038,0
607411526944423935,0.119383,0
607411527078641663,0.116923,0
607411527212859391,0.117708,0
607411527347077119,0.126759,0
607411527481294847,0.115939,0
607411527615512575,0.123007,0
607411527749730303,0.116788,0
607411528018165759,0.0875396,0
607411528152383487,0.0957744,0
607411528286601215,0.095875,0
607411528420818943,0.0803788,0
607411528555036671,0.0810783,0
607411528689254399,0.0766649,0
607411528823472127,0.0930021,0
607411529091907583,0.0804603,0
607411529226125311,0.074565,0
607411529360343039,0.0863875,0
607411529494560767,0.0753162,0
607411529628778495,0.0912895,0
607411529762996223,0.0756397,0
607411529897213951,0.0865838,0
607411530165649407,0.100283,0
607411530299867135,0.0998621,0
607411530434084863,0.0873422,0
607411530568302591,0.0869115,0
607411530702520319,0.0971266,0
607411530836738047,0.0890839,0
607411530970955775,0.0938065,0
607411532313133055,0.151672,0
607411532447350783,0.163311,0
607411532581568511,0.162811,0
607411532715786239,0.18325,0
607411532850003967,0.130439,0
607411532984221695,0.131974,0
607411533118439423,0.125233,0
607411533386874879,0.171215,0
607411533521092607,0.175221,0
607411533655310335,0.166827,0
607411533789528063,0.176055,0
607411533923745791,0.146368,0
607411534057963519,0.156047,0
607411534192181247,0.15734,0
607411534460616703,0.17854,0
607411534594834431,0.203729,0
607411534729052159,0.177412,0
607411534863269887,0.190753,0
607411534997487615,0.154778,0
607411535131705343,0.17417,0
607411535265923071,0.154807,0
607411535534358527,0.19103,0
607411535668576255,0.200074,0
607411535802793983,0.206363,0
607411535937011711,0.213457,0
607411536071229439,0.177799,0
607411536205447167,0.188354,0
607411536339664895,0.198798,0
607411536608100351,0.102546,0
607411536742318079,0.106795,0
607411536876535807,0.131777,0
607411537010753535,0.118879,0
607411537144971263,0.0956003,0
607411537279188991,0.0987993,0
607411537413406719,0.103986,0
607411537681842175,0.113259,0
607411537816059903,0.144857,0
607411537950277631,0.125023,0
607411538084495359,0.140424,0
607411538218713087,0.123588,0
607411538352930815,0.126345,0
607411538487148543,0.0975538,0
607411538755583999,0.130833,0
607411538889801727,0.133532,0
607411539024019455,0.130617,0
607411539158237183,0.149806,0
607411539292454911,0.125524,0
607411539426672639,0.123266,0
607411539560890367,0.124361,0
607411540903067647,0.180572,0
607411541037285375,0.153509,0
607411541171503103,0.166463,0
607411541305720831,0.175979,0
607411541439938559,0.132978,0
607411541574156287,0.142942,0
607411541708374015,0.147709,0
607411541976809471,0.157601,0
607411542111027199,0.154617,0
607411542245244927,0.180554,0
607411542379462655,0.178289,0
607411542513680383,0.13188,0
607411542647898111,0.140411,0
607411542782115839,0.136659,0
607411543050551295,0.244429,0
607411543184769023,0.224203,0
607411543318986751,0.225254,0
607411543453204479,0.250611,0
607411543587422207,0.188678,0
607411543721639935,0.2041,0
607411543855857663,0.217384,0
607411544124293119,0.21796,0
607411544258510847,0.2339,0
607411544392728575,0.228818,0
607411544526946303,0.273209,0
607411544661164031,0.170917,0
607411544795381759,0.182105,0
607411544929599487,0.197598,0
607411545198034943,0.108561,0
607411545332252671,0.116339,0
607411545466470399,0.122972,0
607411545600688127,0.118561,0
607411545734905855,0.0949866,0
607411545869123583,0.0865392,0
607411546003341311,0.112621,0
607411546271776767,0.108383,0
607411546405994495,0.10782,0
607411546540212223,0.127076,0
607411546674429951,0.131044,0
607411546808647679,0.0884744,0
607411546942865407,0.0978876,0
607411547077083135,0.0973736,0
607411547345518591,0.162675,0
607411547479736319,0.150884,0
607411547613954047,0.194484,0
607411547748171775,0.190263,0
607411547882389503,0.14245,0
607411548016607231,0.148325,0
607411548150824959,0.162381,0
607411549493002239,0.196996,0
607411549627219967,0.208233,0
607411549761437695,0.207287,0
607411549895655423,0.225073,0
607411550029873151,0.171241,0
607411550164090879,0.176082,0
607411550298308607,0.183615,0
607411550566744063,0.205591,0
607411550700961791,0.221945,0
607411550835179519,0.212773,0
607411550969397247,0.235318,0
607411551103614975,0.169897,0
607411551237832703,0.196881,0
607411551372050431,0.19354,0
607411551640485887,0.285902,0
607411551774703615,0.300307,0
607411551908921343,0.29711,0
607411552043139071,0.35183,0
607411552177356799,0.238091,0
607411552311574527,0.258346,0
607411552445792255,0.276507,0
607411552714227711,0.286061,0
607411552848445439,0.297495,0
607411552982663167,0.32159,0
607411553116880895,0.347939,0
607411553251098623,0.23241,0
607411553385316351,0.254887,0
607411553519534079,0.262919,0
607411553787969535,0.147108,0
607411553922187263,0.146206,0
607411554056404991,0.161663,0
607411554190622719,0.171635,0
607411554324840447,0.120727,0
607411554459058175,0.139226,0
607411554593275903,0.150778,0
607411554861711359,0.145434,0
607411554995929087,0.169086,0
607411555130146815,0.154469,0
607411555264364543,0.164279,0
607411555398582271,0.138877,0
607411555532799999,0.148886,0
607411555667017727,0.139481,0
607411555935453183,0.194712,0
607411556069670911,0.195528,0
607411556203888639,0.220809,0
607411556338106367,0.236985,0
607411556472324095,0.175419,0
607411556606541823,0.197259,0
607411556740759551,0.19842,0
607411558082936831,0.063499,0
607411558217154559,0.0695765,0
607411558351372287,0.0626462,0
607411558485590015,0.0646263,0
607411558619807743,0.0655609,0
607411558754025471,0.0613738,0
607411558888243199,0.069366,0
607411559156678655,0.0623416,0
607411559290896383,0.0844631,0
607411559425114111,0.0585953,0
607411559559331839,0.0831828,0
607411559693549567,0.069425,0
607411559827767295,0.0745773,0
607411559961985023,0.07476,0
607411560230420479,0.0636424,0
607411560364638207,0.0696419,0
607411560498855935,0.0712774,0
607411560633073663,0.0760008,0
607411560767291391,0.0848675,0
607411560901509119,0.0673678,0
607411561035726847,0.0706911,0
607411561304162303,0.0644478,0
607411561438380031,0.080413,0
607411561572597759,0.0636235,0
607411561706815487,0.0756874,0
607411561841033215,0.0689657,0
607411561975250943,0.0699764,0
607411562109468671,0.0648585,0
607411562377904127,0.0594307,0
607411562512121855,0.0612861,0
607411562646339583,0.0609215,0
607411562780557311,0.0574725,0
607411562914775039,0.0744307,0
607411563048992767,0.0613469,0
607411563183210495,0.0674573,0
607411563451645951,0.0644619,0
607411563585863679,0.0712412,0
607411563720081407,0.0561897,0
607411563854299135,0.0667293,0
607411563988516863,0.0608697,0
607411564122734591,0.0722586,0
607411564256952319,0.0680155,0
607411564525387775,0.0514256,0
607411564659605503,0.0606968,0
607411564793823231,0.0603789,0
607411564928040959,0.0526926,0
607411565062258687,0.0568935,0
607411565196476415,0.0585986,0
607411565330694143,0.0655891,0
607411566672871423,0.0973209,0
607411566807089151,0.10289,0
607411566941306879,0.0909543,0
607411567075524607,0.122826,0
607411567209742335,0.097994,0
607411567343960063,0.0952575,0
607411567478177791,0.0893432,0
607411567746613247,0.105781,0
607411567880830975,0.116487,0
607411568015048703,0.0971093,0
607411568149266431,0.105905,0
607411568283484159,0.103945,0
607411568417701887,0.113405,0
607411568551919615,0.106125,0
607411568820355071,0.0830438,0
607411568954572799,0.0810908,0
607411569088790527,0.0874802,0
607411569223008255,0.0828576,0
607411569357225983,0.0933836,0
607411569491443711,0.0876741,0
607411569625661439,0.0810065,0
607411569894096895,0.08518,0
607411570028314623,0.0868604,0
607411570162532351,0.0934195,0
607411570296750079,0.0877862,0
607411570430967807,0.101346,0
607411570565185535,0.0948613,0
607411570699403263,0.0942579,0
607411570967838719,0.0821846,0
607411571102056447,0.0984688,0
607411571236274175,0.0813903,0
607411571370491903,0.0843639,0
607411571504709631,0.0834363,0
607411571638927359,0.0848765,0
607411571773145087,0.0835877,0
607411572041580543,0.0966553,0
607411572175798271,0.110454,0
607411572310015999,0.101176,0
607411572444233727,0.0923369,0
607411572578451455,0.117847,0
607411572712669183,0.127952,0
607411572846886911,0.103834,0
607411573115322367,0.0789972,0
607411573249540095,0.080866,0
607411573383757823,0.0830542,0
607411573517975551,0.083094,0
607411573652193279,0.0886195,0
607411573786411007,0.0812618,0
607411573920628735,0.0865914,0
607411575262806015,0.0898681,0
607411575397023743,0.0964506,0
607411575531241471,0.0849575,0
607411575665459199,0.0905528,0
607411575799676927,0.0993508,0
607411575933894655,0.0882492,0
607411576068112383,0.0913487,0
607411576336547839,0.0845639,0
607411576470765567,0.0939817,0
607411576604983295,0.0990231,0
607411576739201023,0.0986292,0
607411576873418751,0.0801997,0
607411577007636479,0.0871147,0
607411577141854207,0.0849165,0
607411577410289663,0.0936659,0
607411577544507391,0.0888156,0
607411577678725119,0.103227,0
607411577812942847,0.093352,0
607411577947160575,0.0881389,0
607411578081378303,0.0861725,0
607411578215596031,0.109703,0
607411578484031487,0.0833436,0
607411578618249215,0.0837356,0
607411578752466943,0.0812422,0
607411578886684671,0.0808996,0
607411579020902399,0.0974583,0
607411579155120127,0.0973843,0
607411579289337855,0.0818994,0
607411579557773311,0.0823903,0
607411579691991039,0.0872477,0
607411579826208767,0.100228,0
607411579960426495,0.0960173,0
607411580094644223,0.0899437,0
607411580228861951,0.0834113,0
607411580363079679,0.102099,0
607411580631515135,0.0697925,0
607411580765732863,0.0706161,0
607411580899950591,0.0887745,0
607411581034168319,0.0817545,0
607411581168386047,0.0672436,0
607411581302603775,0.0624794,0
607411581436821503,0.0857697,0
607411581705256959,0.0947024,0
607411581839474687,0.0921019,0
607411581973692415,0.10158,0
607411582107910143,0.101301,0
607411582242127871,0.0966786,0
607411582376345599,0.0902472,0
607411582510563327,0.10327,0
607411592442675199,0.273432,0
607411592576892927,0.303342,0
607411592711110655,0.265211,0
607411592845328383,0.262974,0
607411592979546111,0.279221,0
607411593113763839,0.291052,0
607411593247981567,0.28476,0
607411593516417023,0.322536,0
607411593650634751,0.311228,0
607411593784852479,0.31636,0
607411593919070207,0.326317,0
607411594053287935,0.317063,0
607411594187505663,0.320896,0
607411594321723391,0.308024,0
607411594590158847,0.268972,0
607411594724376575,0.304301,0
607411594858594303,0.251027,0
607411594992812031,0.258738,0
607411595127029759,0.255415,0
607411595261247487,0.265506,0
607411595395465215,0.268652,0
607411595663900671,0.326972,0
607411595798118399,0.337177,0
607411595932336127,0.325931,0
607411596066553855,0.321369,0
607411596200771583,0.321617,0
607411596334989311,0.329203,0
607411596469207039,0.324364,0
607411596737642495,0.282007,0
607411596871860223,0.313793,0
607411597006077951,0.273116,0
607411597140295679,0.304803,0
607411597274513407,0.269282,0
607411597408731135,0.299749,0
607411597542948863,0.279343,0
607411597811384319,0.287795,0
607411597945602047,0.306102,0
607411598079819775,0.304948,0
607411598214037503,0.30032,0
607411598348255231,0.313357,0
607411598482472959,0.285439,0
607411598616690687,0.30652,0
607411598885126143,0.266547,0
607411599019343871,0.286162,0
607411599153561599,0.269346,0
607411599287779327,0.261791,0
607411599421997055,0.259121,0
607411599556214783,0.280421,0
607411599690432511,0.296344,0
607411601032609791,0.379329,0
607411601166827519,0.386903,0
607411601301045247,0.367395,0
607411601435262975,0.396694,0
607411601569480703,0.380179,0
607411601703698431,0.378348,0
607411601837916159,0.357097,0
607411602106351615,0.395479,0
607411602240569343,0.426326,0
607411602374787071,0.415583,0
607411602509004799,0.40097,0
607411602643222527,0.36662,0
607411602777440255,0.372803,0
607411602911657983,0.396898,0
607411603180093439,0.39202,0
607411603314311167,0.424256,0
607411603448528895,0.399046,0
607411603582746623,0.421217,0
607411603716964351,0.373847,0
607411603851182079,0.394232,0
607411603985399807,0.368285,0
607411604253835263,0.424626,0
607411604388052991,0.451876,0
607411604522270719,0.440345,0
607411604656488447,0.463062,0
607411604790706175,0.409559,0
607411604924923903,0.416394,0
607411605059141631,0.416473,0
607411605327577087,0.304826,0
607411605461794815,0.375565,0
607411605596012543,0.302978,0
607411605730230271,0.319415,0
607411605864447999,0.293186,0
607411605998665727,0.320607,0
607411606132883455,0.301142,0
607411606401318911,0.369299,0
607411606535536639,0.377788,0
607411606669754367,0.364254,0
607411606803972095,0.365039,0
607411606938189823,0.374596,0
607411607072407551,0.369032,0
607411607206625279,0.335292,0
607411607475060735,0.320971,0
607411607609278463,0.34599,0
607411607743496191,0.332097,0
607411607877713919,0.335842,0
607411608011931647,0.299461,0
607411608146149375,0.335309,0
607411608280367103,0.311901,0
607411609622544383,0.23492,0
607411609756762111,0.26366,0
607411609890979839,0.231593,0
607411610025197567,0.240356,0
607411610159415295,0.24613,0
607411610293633023,0.256176,0
607411610427850751,0.228319,0
607411610696286207,0.276678,0
607411610830503935,0.295199,0
607411610964721663,0.265033,0
607411611098939391,0.275733,0
607411611233157119,0.271257,0
607411611367374847,0.263602,0
607411611501592575,0.258137,0
607411611770028031,0.236532,0
607411611904245759,0.247247,0
607411612038463487,0.224305,0
607411612172681215,0.216166,0
607411612306898943,0.229469,0
607411612441116671,0.225198,0
607411612575334399,0.236848,0
607411612843769855,0.266799,0
607411612977987583,0.286929,0
607411613112205311,0.252849,0
607411613246423039,0.276627,0
607411613380640767,0.258406,0
607411613514858495,0.288317,0
607411613649076223,0.235508,0
607411613917511679,0.273191,0
607411614051729407,0.259461,0
607411614185947135,0.265859,0
607411614320164863,0.250635,0
607411614454382591,0.218498,0
607411614588600319,0.259132,0
607411614722818047,0.204569,0
607411614991253503,0.239612,0
607411615125471231,0.262032,0
607411615259688959,0.248071,0
607411615393906687,0.248759,0
607411615528124415,0.273713,0
607411615662342143,0.252576,0
607411615796559871,0.276,0
607411616064995327,0.252262,0
607411616199213055,0.24846,0
607411616333430783,0.214485,0
607411616467648511,0.235381,0
607411616601866239,0.229794,0
607411616736083967,0.253413,0
607411616870301695,0.21893,0
607411618212478975,0.366281,0
607411618346696703,0.381003,0
607411618480914431,0.349474,0
607411618615132159,0.386232,0
607411618749349887,0.332092,0
607411618883567615,0.359343,0
607411619017785343,0.319609,0
607411619286220799,0.415021,0
607411619420438527,0.423185,0
607411619554656255,0.398232,0
607411619688873983,0.440794,0
607411619823091711,0.386564,0
607411619957309439,0.425288,0
607411620091527167,0.36212,0
607411620359962623,0.361436,0
607411620494180351,0.382829,0
607411620628398079,0.341708,0
607411620762615807,0.38059,0
607411620896833535,0.335878,0
607411621031051263,0.372492,0
607411621165268991,0.329703,0
607411621433704447,0.406134,0
607411621567922175,0.429488,0
607411621702139903,0.38891,0
607411621836357631,0.40261,0
607411621970575359,0.386118,0
607411622104793087,0.422999,0
607411622239010815,0.392797,0
607411622507446271,0.305327,0
607411622641663999,0.307084,0
607411622775881727,0.291813,0
607411622910099455,0.303538,0
607411623044317183,0.308281,0
607411623178534911,0.308943,0
607411623312752639,0.280386,0
607411623581188095,0.35231,0
607411623715405823,0.365325,0
607411623849623551,0.349129,0
607411623983841279,0.364067,0
607411624118059007,0.306026,0
607411624252276735,0.344865,0
607411624386494463,0.314688,0
607411624654929919,0.287248,0
607411624789147647,0.306781,0
607411624923365375,0.292389,0
607411625057583103,0.307222,0
607411625191800831,0.3013,0
607411625326018559,0.294345,0
607411625460236287,0.302077,0
607411626802413567,0.231875,0
607411626936631295,0.274254,0
607411627070849023,0.237659,0
607411627205066751,0.251731,0
607411627339284479,0.253532,0
607411627473502207,0.279708,0
607411627607719935,0.248086,0
607411627876155391,0.334271,0
607411628010373119,0.352126,0
607411628144590847,0.298702,0
607411628278808575,0.336121,0
607411628413026303,0.303326,0
607411628547244031,0.334934,0
607411628681461759,0.304792,0
607411628949897215,0.229009,0
607411629084114943,0.251488,0
607411629218332671,0.213525,0
607411629352550399,0.231818,0
607411629486768127,0.220252,0
607411629620985855,0.246288,0
607411629755203583,0.223028,0
607411630023639039,0.284694,0
607411630157856767,0.312176,0
607411630292074495,0.290272,0
607411630426292223,0.304542,0
607411630560509951,0.28584,0
607411630694727679,0.308787,0
607411630828945407,0.259796,0
607411631097380863,0.135266,0
607411631231598591,0.22096,0
607411631365816319,0.12572,0
607411631500034047,0.179376,0
607411631634251775,0.116042,0
607411631768469503,0.154335,0
607411631902687231,0.11443,0
607411632171122687,0.223976,0
607411632305340415,0.283158,0
607411632439558143,0.233548,0
607411632573775871,0.300484,0
607411632707993599,0.208301,0
607411632842211327,0.250685,0
607411632976429055,0.240263,0
607411633244864511,0.17092,0
607411633379082239,0.218459,0
607411633513299967,0.136294,0
607411633647517695,0.221141,0
607411633781735423,0.128769,0
607411633915953151,0.167013,0
607411634050170879,0.118431,0
607411635392348159,0.312072,0
607411635526565887,0.367765,0
607411635660783615,0.321081,0
607411635795001343,0.349442,0
607411635929219071,0.321317,0
607411636063436799,0.344968,0
607411636197654527,0.306851,0
607411636466089983,0.322942,0
607411636600307711,0.312515,0
607411636734525439,0.322313,0
607411636868743167,0.330483,0
607411637002960895,0.321004,0
607411637137178623,0.283243,0
607411637271396351,0.32712,0
607411637539831807,0.332915,0
607411637674049535,0.320847,0
607411637808267263,0.315345,0
607411637942484991,0.325861,0
607411638076702719,0.313416,0
607411638210920447,0.321237,0
607411638345138175,0.308148,0
607411638613573631,0.363879,0
607411638747791359,0.359414,0
607411638882009087,0.317437,0
607411639016226815,0.343708,0
607411639150444543,0.320678,0
607411639284662271,0.344933,0
607411639418879999,0.327875,0
607411639687315455,0.327954,0
607411639821533183,0.294727,0
607411639955750911,0.341492,0
607411640089968639,0.342199,0
607411640224186367,0.317286,0
607411640358404095,0.319564,0
607411640492621823,0.332524,0
607411640761057279,0.284562,0
607411640895275007,0.300627,0
607411641029492735,0.299316,0
607411641163710463,0.331732,0
607411641297928191,0.269246,0
607411641432145919,0.274236,0
607411641566363647,0.294256,0
607411641834799103,0.315662,0
607411641969016831,0.331706,0
607411642103234559,0.301195,0
607411642237452287,0.316589,0
607411642371670015,0.324103,0
607411642505887743,0.331598,0
607411642640105471,0.315935,0
607411643982282751,0.185067,0
607411644116500479,0.217457,0
607411644250718207,0.17722,0
607411644384935935,0.245056,0
607411644519153663,0.131423,0
607411644653371391,0.192961,0
607411644787589119,0.136859,0
607411645056024575,0.22397,0
607411645190242303,0.238363,0
607411645324460031,0.225488,0
607411645458677759,0.258456,0
607411645592895487,0.252157,0
607411645727113215,0.23498,0
607411645861330943,0.213381,0
607411646129766399,0.225673,0
607411646263984127,0.214473,0
607411646398201855,0.216764,0
607411646532419583,0.205113,0
607411646666637311,0.155482,0
607411646800855039,0.228427,0
607411646935072767,0.127414,0
607411647203508223,0.246958,0
607411647337725951,0.285018,0
607411647471943679,0.241775,0
607411647606161407,0.283566,0
607411647740379135,0.238919,0
607411647874596863,0.234478,0
607411648008814591,0.228145,0
607411648277250047,0.116098,0
607411648411467775,0.134058,0
607411648545685503,0.107343,0
607411648679903231,0.122294,0
607411648814120959,0.127693,0
607411648948338687,0.12433,0
607411649082556415,0.102299,0
607411649350991871,0.158952,0
607411649485209599,0.24624,0
607411649619427327,0.145356,0
607411649753645055,0.228543,0
607411649887862783,0.118977,0
607411650022080511,0.167375,0
607411650156298239,0.138761,0
607411650424733695,0.134142,0
607411650558951423,0.144768,0
607411650693169151,0.122802,0
607411650827386879,0.146671,0
607411650961604607,0.106653,0
607411651095822335,0.132932,0
607411651230040063,0.107192,0
607411661162151935,0.471941,0
607411661296369663,0.506207,0
607411661430587391,0.439528,0
607411661564805119,0.508736,0
607411661699022847,0.370452,0
607411661833240575,0.439273,0
607411661967458303,0.420102,0
607411662235893759,0.523371,0
607411662370111487,0.553816,0
607411662504329215,0.548307,0
607411662638546943,0.626346,0
607411662772764671,0.56587,0
607411662906982399,0.563082,0
607411663041200127,0.47043,0
607411663309635583,0.51769,0
607411663443853311,0.666561,0
607411663578071039,0.519475,0
607411663712288767,0.577802,0
607411663846506495,0.475098,0
607411663980724223,0.520439,0
607411664114941951,0.498859,0
607411664383377407,0.656832,0
607411664517595135,0.776035,0
607411664651812863,0.641491,0
607411664786030591,0.827543,0
607411664920248319,0.573584,0
607411665054466047,0.670097,0
607411665188683775,0.645531,0
607411665457119231,0.323031,0
607411665591336959,0.340168,0
607411665725554687,0.349392,0
607411665859772415,0.371932,0
607411665993990143,0.293699,0
607411666128207871,0.310309,0
607411666262425599,0.298174,0
607411666530861055,0.367113,0
607411666665078783,0.483615,0
607411666799296511,0.349573,0
607411666933514239,0.524352,0
607411667067731967,0.318951,0
607411667201949695,0.35198,0
607411667336167423,0.334201,0
607411667604602879,0.429923,0
607411667738820607,0.494197,0
607411667873038335,0.440133,0
607411668007256063,0.439353,0
607411668141473791,0.376586,0
607411668275691519,0.422103,0
607411668409909247,0.415149,0
607411669752086527,0.930795,0
607411669886304255,0.972387,0
607411670020521983,0.991419,0
607411670154739711,1.21637,0
607411670288957439,0.838425,0
607411670423175167,0.937745,0
607411670557392895,0.874825,0
607411670825828351,1.28613,0
607411670960046079,1.19319,0
607411671094263807,1.19722,0
607411671228481535,1.49841,0
607411671362699263,0.945875,0
607411671496916991,0.969267,0
607411671631134719,0.979222,0
607411671899570175,1.67629,0
607411672033787903,1.65139,0
607411672168005631,1.76027,0
607411672302223359,1.60327,0
607411672436441087,1.00111,0
607411672570658815,1.40676,0
607411672704876543,1.04358,0
607411672973311999,1.43931,0
607411673107529727,0.963528,0
607411673241747455,1.07394,0
607411673375965183,0.871727,0
607411673510182911,2.07631,0
607411673644400639,1.45579,0
607411673778618367,2.12813,0
607411674047053823,0.630416,0
607411674181271551,0.730764,0
607411674315489279,0.626687,0
607411674449707007,0.777573,0
607411674583924735,0.60784,0
607411674718142463,0.624519,0
607411674852360191,0.527023,0
607411675120795647,0.795149,0
607411675255013375,0.905278,0
607411675389231103,0.918913,0
607411675523448831,0.899063,0
607411675657666559,0.689892,0
607411675791884287,0.768108,0
607411675926102015,0.720894,0
607411676194537471,0.890776,0
607411676328755199,0.961775,0
607411676462972927,0.898292,0
607411676597190655,0.991107,0
607411676731408383,0.685315,0
607411676865626111,0.835636,0
607411676999843839,0.81866,0
607411678342021119,0.483735,0
607411678476238847,0.54569,0
607411678610456575,0.496794,0
607411678744674303,0.53062,0
607411678878892031,0.475183,0
607411679013109759,0.481955,0
607411679147327487,0.492419,0
607411679415762943,0.655451,0
607411679549980671,0.696186,0
607411679684198399,0.730324,0
607411679818416127,0.707826,0
607411679952633855,0.552094,0
607411680086851583,0.575716,0
607411680221069311,0.60136,0
607411680489504767,0.620611,0
607411680623722495,0.669821,0
607411680757940223,0.638474,0
607411680892157951,0.660731,0
607411681026375679,0.529606,0
607411681160593407,0.615227,0
607411681294811135,0.570571,0
607411681563246591,0.655221,0
607411681697464319,0.735746,0
607411681831682047,0.732495,0
607411681965899775,0.790964,0
607411682100117503,0.624139,0
607411682234335231,0.685645,0
607411682368552959,0.677869,0
607411682636988415,0.440136,0
607411682771206143,0.429347,0
607411682905423871,0.471868,0
607411683039641599,0.482326,0
607411683173859327,0.405905,0
607411683308077055,0.438858,0
607411683442294783,0.395839,0
607411683710730239,0.448666,0
607411683844947967,0.475096,0
607411683979165695,0.447512,0
607411684113383423,0.47977,0
607411684247601151,0.450492,0
607411684381818879,0.458752,0
607411684516036607,0.422777,0
607411684784472063,0.493457,0
607411684918689791,0.46983,0
607411685052907519,0.503193,0
607411685187125247,0.517549,0
607411685321342975,0.420057,0
607411685455560703,0.487706,0
607411685589778431,0.461821,0
607411686931955711,1.13534,0
607411687066173439,1.15477,0
607411687200391167,1.09397,0
607411687334608895,1.12082,0
607411687468826623,1.08545,0
607411687603044351,1.12682,0
607411687737262079,1.07006,0
607411688005697535,1.71658,0
607411688139915263,1.24715,0
607411688274132991,1.72805,0
607411688408350719,1.67883,0
607411688542568447,1.63322,0
607411688676786175,1.18001,0
607411688811003903,1.35632,0
607411689079439359,1.12302,0
607411689213657087,1.10915,0
607411689347874815,1.1097,0
607411689482092543,1.10407,0
607411689616310271,1.02338,0
607411689750527999,1.12885,0
607411689884745727,0.995218,0
607411690153181183,1.13642,0
607411690287398911,1.79567,0
607411690421616639,1.12603,0
607411690555834367,1.11617,0
607411690690052095,1.16799,0
607411690824269823,1.84963,0
607411690958487551,1.11615,0
607411691226923007,0.841549,0
607411691361140735,1.03302,0
607411691495358463,0.80583,0
607411691629576191,1.04958,0
607411691763793919,0.693066,0
607411691898011647,0.819508,0
607411692032229375,0.718086,0
607411692300664831,1.02458,0
607411692434882559,1.29089,0
607411692569100287,1.09661,0
607411692703318015,1.19796,0
607411692837535743,1.07579,0
607411692971753471,1.01697,0
607411693105971199,0.959227,0
607411693374406655,0.822356,0
607411693508624383,0.912413,0
607411693642842111,0.810602,0
607411693777059839,0.913783,0
607411693911277567,0.813998,0
607411694045495295,0.885695,0
607411694179713023,0.773385,0
607411695521890303,0.29472,0
607411695656108031,0.287085,0
607411695790325759,0.296622,0
607411695924543487,0.299034,0
607411696058761215,0.276772,0
607411696192978943,0.283574,0
607411696327196671,0.300005,0
607411696595632127,0.269629,0
607411696729849855,0.287572,0
607411696864067583,0.273594,0
607411696998285311,0.314047,0
607411697132503039,0.254989,0
607411697266720767,0.276291,0
607411697400938495,0.269421,0
607411697669373951,0.298492,0
607411697803591679,0.308205,0
607411697937809407,0.300754,0
607411698072027135,0.312178,0
607411698206244863,0.282805,0
607411698340462591,0.307193,0
607411698474680319,0.294837,0
607411698743115775,0.296314,0
607411698877333503,0.310747,0
607411699011551231,0.306681,0
607411699145768959,0.310919,0
607411699279986687,0.278428,0
607411699414204415,0.298081,0
607411699548422143,0.273721,0
607411699816857599,0.294062,0
607411699951075327,0.258148,0
607411700085293055,0.262509,0
607411700219510783,0.309397,0
607411700353728511,0.236934,0
607411700487946239,0.271524,0
607411700622163967,0.252856,0
607411700890599423,0.240849,0
607411701024817151,0.233141,0
607411701159034879,0.254221,0
607411701293252607,0.251321,0
607411701427470335,0.226351,0
607411701561688063,0.239651,0
607411701695905791,0.237781,0
607411701964341247,0.282194,0
607411702098558975,0.298605,0
607411702232776703,0.276782,0
607411702366994431,0.314131,0
607411702501212159,0.284766,0
607411702635429887,0.309114,0
607411702769647615,0.348289,0
607411704111824895,0.321042,0
607411704246042623,0.339683,0
607411704380260351,0.3699,0
607411704514478079,0.412492,0
607411704648695807,0.318137,0
607411704782913535,0.311825,0
607411704917131263,0.346014,0
607411705185566719,0.372765,0
607411705319784447,0.380648,0
607411705454002175,0.384185,0
607411705588219903,0.394415,0
607411705722437631,0.339359,0
607411705856655359,0.355297,0
607411705990873087,0.318904,0
607411706259308543,0.471462,0
607411706393526271,0.477782,0
607411706527743999,0.53589,0
607411706661961727,0.578378,0
607411706796179455,0.358429,0
607411706930397183,0.41883,0
607411707064614911,0.371814,0
607411707333050367,0.536067,0
607411707467268095,0.566632,0
607411707601485823,0.561354,0
607411707735703551,0.623186,0
607411707869921279,0.458623,0
607411708004139007,0.43039,0
607411708138356735,0.493677,0
607411708406792191,0.290345,0
607411708541009919,0.297684,0
607411708675227647,0.296799,0
607411708809445375,0.312933,0
607411708943663103,0.246641,0
607411709077880831,0.281838,0
607411709212098559,0.264479,0
607411709480534015,0.282172,0
607411709614751743,0.285171,0
607411709748969471,0.296454,0
607411709883187199,0.309218,0
607411710017404927,0.261327,0
607411710151622655,0.258287,0
607411710285840383,0.272063,0
607411710554275839,0.308605,0
607411710688493567,0.351274,0
607411710822711295,0.302661,0
607411710956929023,0.356952,0
607411711091146751,0.300498,0
607411711225364479,0.318474,0
607411711359582207,0.289608,0
607411712701759487,0.34577,0
607411712835977215,0.407122,0
607411712970194943,0.366252,0
607411713104412671,0.374817,0
607411713238630399,0.399845,0
607411713372848127,0.330017,0
607411713507065855,0.39565,0
607411713775501311,0.351582,0
607411713909719039,0.344371,0
607411714043936767,0.376886,0
607411714178154495,0.391185,0
607411714312372223,0.313952,0
607411714446589951,0.319272,0
607411714580807679,0.347571,0
607411714849243135,0.378481,0
607411714983460863,0.427384,0
607411715117678591,0.380468,0
607411715251896319,0.388028,0
607411715386114047,0.367508,0
607411715520331775,0.3813,0
607411715654549503,0.367138,0
607411715922984959,0.436754,0
607411716057202687,0.429447,0
607411716191420415,0.48083,0
607411716325638143,0.420817,0
607411716459855871,0.393449,0
607411716594073599,0.397706,0
607411716728291327,0.440374,0
607411716996726783,0.306746,0
607411717130944511,0.319681,0
607411717265162239,0.324827,0
607411717399379967,0.403961,0
607411717533597695,0.277035,0
607411717667815423,0.284519,0
607411717802033151,0.290009,0
607411718070468607,0.278245,0
607411718204686335,0.341345,0
607411718338904063,0.283792,0
607411718473121791,0.340452,0
607411718607339519,0.304626,0
607411718741557247,0.305655,0
607411718875774975,0.301884,0
607411719144210431,0.351634,0
607411719278428159,0.372357,0
607411719412645887,0.368319,0
607411719546863615,0.370877,0
607411719681081343,0.334986,0
607411719815299071,0.365213,0
607411719949516799,0.335344,0
607411729881628671,0.0436483,0
607411730015846399,0.0494506,0
607411730150064127,0.0408316,0
607411730284281855,0.0375569,0
607411730418499583,0.0466734,0
607411730552717311,0.0490162,0
607411730686935039,0.0507748,0
607411730955370495,0.0583952,0
607411731089588223,0.0583793,0
607411731223805951,0.0565035,0
607411731358023679,0.0583139,0
607411731492241407,0.0608132,0
607411731626459135,0.0563627,0
607411731760676863,0.0546036,0
607411732029112319,0.0329999,0
607411732163330047,0.0382084,0
607411732297547775,0.0434758,0
607411732431765503,0.0318896,0
607411732565983231,0.0363254,0
607411732700200959,0.0365923,0
607411732834418687,0.0429114,0
607411733102854143,0.0582048,0
607411733237071871,0.0650972,0
607411733371289599,0.0453969,0
607411733505507327,0.0680908,0
607411733639725055,0.0563265,0
607411733773942783,0.0700091,0
607411733908160511,0.0499346,0
607411734176595967,0.0671643,0
607411734310813695,0.0596647,0
607411734445031423,0.0564223,0
607411734579249151,0.0527133,0
607411734713466879,0.109977,0
607411734847684607,0.10215,0
607411734981902335,0.0715116,0
607411735250337791,0.0721358,0
607411735384555519,0.0666885,0
607411735518773247,0.053758,0
607411735652990975,0.0632322,0
607411735787208703,0.0848612,0
607411735921426431,0.105486,0
607411736055644159,0.0754483,0
607411736324079615,0.0349417,0
607411736458297343,0.0437741,0
607411736592515071,0.0383275,0
607411736726732799,0.036751,0
607411736860950527,0.0467552,0
607411736995168255,0.0453217,0
607411737129385983,0.0396554,0
607411738471563263,0.119986,0
607411738605780991,0.100458,0
607411738739998719,0.0861379,0
607411738874216447,0.0756813,0
607411739008434175,0.084583,0
607411739142651903,0.114608,0
607411739276869631,0.102328,0
607411739545305087,0.107392,0
607411739679522815,0.0877747,0
607411739813740543,0.121655,0
607411739947958271,0.0898122,0
607411740082175999,0.0912408,0
607411740216393727,0.101641,0
607411740350611455,0.0968973,0
607411740619046911,0.0677921,0
607411740753264639,0.0799159,0
607411740887482367,0.0626936,0
607411741021700095,0.0706877,0
607411741155917823,0.0783155,0
607411741290135551,0.0735729,0
607411741424353279,0.0670501,0
607411741692788735,0.0904327,0
607411741827006463,0.0880012,0
607411741961224191,0.0835665,0
607411742095441919,0.0867752,0
607411742229659647,0.0974056,0
607411742363877375,0.0830317,0
607411742498095103,0.0851941,0
607411742766530559,0.0785549,0
607411742900748287,0.097018,0
607411743034966015,0.0711981,0
607411743169183743,0.0911355,0
607411743303401471,0.0526449,0
607411743437619199,0.0796187,0
607411743571836927,0.0558272,0
607411743840272383,0.0798751,0
607411743974490111,0.0863294,0
607411744108707839,0.0823897,0
607411744242925567,0.0848716,0
607411744377143295,0.0816133,0
607411744511361023,0.0882478,0
607411744645578751,0.0848831,0
607411744914014207,0.091363,0
607411745048231935,0.0941182,0
607411745182449663,0.0948494,0
607411745316667391,0.0959393,0
607411745450885119,0.0748592,0
607411745585102847,0.0845155,0
607411745719320575,0.0685752,0
607411747061497855,0.0355284,0
607411747195715583,0.0304781,0
607411747329933311,0.0590835,0
607411747464151039,0.04895,0
607411747598368767,0.0338019,0
607411747732586495,0.0267309,0
607411747866804223,0.0339935,0
607411748135239679,0.0267976,0
607411748269457407,0.0328738,0
607411748403675135,0.0248334,0
607411748537892863,0.0292602,0
607411748672110591,0.0266545,0
607411748806328319,0.0267705,0
607411748940546047,0.0253845,0
607411749208981503,0.0296921,0
607411749343199231,0.037611,0
607411749477416959,0.0245834,0
607411749611634687,0.0313414,0
607411749745852415,0.0600028,0
607411749880070143,0.0578382,0
607411750014287871,0.0563769,0
607411750282723327,0.0465698,0
607411750416941055,0.035375,0
607411750551158783,0.0419816,0
607411750685376511,0.0260976,0
607411750819594239,0.0563667,0
607411750953811967,0.0384018,0
607411751088029695,0.0395565,0
607411751356465151,0.040604,0
607411751490682879,0.0343507,0
607411751624900607,0.0425762,0
607411751759118335,0.0351886,0
607411751893336063,0.0382237,0
607411752027553791,0.0366051,0
607411752161771519,0.0456411,0
607411752430206975,0.030273,0
607411752564424703,0.0335013,0
607411752698642431,0.0352123,0
607411752832860159,0.0359755,0
607411752967077887,0.0380438,0
607411753101295615,0.0380231,0
607411753235513343,0.0295545,0
607411753503948799,0.0539771,0
607411753638166527,0.0528291,0
607411753772384255,0.0671694,0
607411753906601983,0.0579594,0
607411754040819711,0.0557922,0
607411754175037439,0.0451086,0
607411754309255167,0.0496956,0
607411755651432447,0.0530806,0
607411755785650175,0.0508017,0
607411755919867903,0.0680709,0
607411756054085631,0.0519198,0
607411756188303359,0.066996,0
607411756322521087,0.0570656,0
607411756456738815,0.0793024,0
607411756725174271,0.0668641,0
607411756859391999,0.0830183,0
607411756993609727,0.0617637,0
607411757127827455,0.0761948,0
607411757262045183,0.0737727,0
607411757396262911,0.0709182,0
607411757530480639,0.0732775,0
607411757798916095,0.0607038,0
607411757933133823,0.0693571,0
607411758067351551,0.0586237,0
607411758201569279,0.0551341,0
607411758335787007,0.0657403,0
607411758470004735,0.067178,0
607411758604222463,0.0442714,0
607411758872657919,0.0773606,0
607411759006875647,0.0880782,0
607411759141093375,0.0781642,0
607411759275311103,0.0890886,0
607411759409528831,0.100933,0
607411759543746559,0.0862899,0
607411759677964287,0.0800251,0
607411759946399743,0.0536197,0
607411760080617471,0.0759787,0
607411760214835199,0.0416981,0
607411760349052927,0.0772303,0
607411760483270655,0.049481,0
607411760617488383,0.0505711,0
607411760751706111,0.0326852,0
607411761020141567,0.0639836,0
607411761154359295,0.0557054,0
607411761288577023,0.0789606,0
607411761422794751,0.0650427,0
607411761557012479,0.0815227,0
607411761691230207,0.0863819,0
607411761825447935,0.076586,0
607411762093883391,0.0577133,0
607411762228101119,0.0565689,0
607411762362318847,0.0841981,0
607411762496536575,0.0476193,0
607411762630754303,0.0518144,0
607411762764972031,0.0595105,0
607411762899189759,0.0730508,0
607411764241367039,0.0858426,0
607411764375584767,0.0704853,0
607411764509802495,0.0846912,0
607411764644020223,0.0912922,0
607411764778237951,0.108702,0
607411764912455679,0.0892704,0
607411765046673407,0.111438,0
607411765315108863,0.0467441,0
607411765449326591,0.0411961,0
607411765583544319,0.0524231,0
607411765717762047,0.0499844,0
607411765851979775,0.0489562,0
607411765986197503,0.0446416,0
607411766120415231,0.050101,0
607411766388850687,0.110333,0
607411766523068415,0.107715,0
607411766657286143,0.0982733,0
607411766791503871,0.0945138,0
607411766925721599,0.141922,0
607411767059939327,0.0772822,0
607411767194157055,0.098336,0
607411767462592511,0.055066,0
607411767596810239,0.046054,0
607411767731027967,0.0549538,0
607411767865245695,0.0533661,0
607411767999463423,0.0594763,0
607411768133681151,0.0536888,0
607411768267898879,0.0592305,0
607411768536334335,0.194683,0
607411768670552063,0.15856,0
607411768804769791,0.253575,0
607411768938987519,0.164283,0
607411769073205247,0.211012,0
607411769207422975,0.182557,0
607411769341640703,0.266014,0
607411769610076159,0.0862598,0
607411769744293887,0.0581104,0
607411769878511615,0.098431,0
607411770012729343,0.071742,0
607411770146947071,0.115552,0
607411770281164799,0.0828833,0
607411770415382527,0.118963,0
607411770683817983,0.136151,0
607411770818035711,0.135366,0
607411770952253439,0.127196,0
607411771086471167,0.113267,0
607411771220688895,0.358287,0
607411771354906623,0.228155,0
607411771489124351,0.201254,0
607411772831301631,0.0458096,0
607411772965519359,0.0462496,0
607411773099737087,0.102701,0
607411773233954815,0.100109,0
607411773368172543,0.0348575,0
607411773502390271,0.0400559,0
607411773636607999,0.0464994,0
607411773905043455,0.102533,0
607411774039261183,0.0830046,0
607411774173478911,0.0662129,0
607411774307696639,0.0773758,0
607411774441914367,0.0361804,0
607411774576132095,0.0434323,0
607411774710349823,0.0375951,0
607411774978785279,0.0555656,0
607411775113003007,0.0573605,0
607411775247220735,0.0609765,0
607411775381438463,0.0522091,0
607411775515656191,0.0775208,0
607411775649873919,0.0622687,0
607411775784091647,0.0712777,0
607411776052527103,0.0656703,0
607411776186744831,0.0751677,0
607411776320962559,0.0532867,0
607411776455180287,0.0764567,0
607411776589398015,0.0660627,0
607411776723615743,0.0701136,0
607411776857833471,0.0614821,0
607411777126268927,0.0302737,0
607411777260486655,0.0278013,0
607411777394704383,0.0314909,0
607411777528922111,0.0305374,0
607411777663139839,0.0353109,0
607411777797357567,0.0390879,0
607411777931575295,0.0327698,0
607411778200010751,0.0470707,0
607411778334228479,0.0379335,0
607411778468446207,0.0336149,0
607411778602663935,0.0326894,0
607411778736881663,0.0408717,0
607411778871099391,0.0477134,0
607411779005317119,0.0284683,0
607411779273752575,0.0464668,0
607411779407970303,0.0559395,0
607411779542188031,0.0434342,0
607411779676405759,0.109034,0
607411779810623487,0.0415621,0
607411779944841215,0.0437444,0
607411780079058943,0.0338624,0
607411781421236223,0.0543457,0
607411781555453951,0.0562456,0
607411781689671679,0.0464134,0
607411781823889407,0.0467527,0
607411781958107135,0.076614,0
607411782092324863,0.0627003,0
607411782226542591,0.0575261,0
607411782494978047,0.0632947,0
607411782629195775,0.0636765,0
607411782763413503,0.0551832,0
607411782897631231,0.0516097,0
607411783031848959,0.0832835,0
607411783166066687,0.0679085,0
607411783300284415,0.0616542,0
607411783568719871,0.0344833,0
607411783702937599,0.0370024,0
607411783837155327,0.0449643,0
607411783971373055,0.0404364,0
607411784105590783,0.0359179,0
607411784239808511,0.0314998,0
607411784374026239,0.0418758,0
607411784642461695,0.0383174,0
607411784776679423,0.0380936,0
607411784910897151,0.0365386,0
607411785045114879,0.0355953,0
607411785179332607,0.046384,0
607411785313550335,0.0404304,0
607411785447768063,0.0439899,0
607411785716203519,0.0715823,0
607411785850421247,0.0851947,0
607411785984638975,0.0302362,0
607411786118856703,0.0589157,0
607411786253074431,0.114048,0
607411786387292159,0.14276,0
607411786789945343,0.124593,0
607411786924163071,0.108281,0
607411787058380799,0.0840443,0
607411787192598527,0.0789215,0
607411787326816255,0.102015,0
607411787461033983,0.128874,0
607411787595251711,0.162084,0
607411787863687167,0.0311504,0
607411787997904895,0.0398398,0
607411788132122623,0.0179077,0
607411788266340351,0.0311438,0
607411788400558079,0.0177449,0
607411788534775807,0.0371642,0
607411788668993535,0.0265771,0
607411798601105407,0.11293,0
607411798735323135,0.110725,0
607411798869540863,0.128794,0
607411799003758591,0.115981,0
607411799137976319,0.126562,0
607411799272194047,0.116091,0
607411799406411775,0.122152,0
607411799674847231,0.10638,0
607411799809064959,0.0975804,0
607411799943282687,0.114549,0
607411800077500415,0.104056,0
607411800211718143,0.107114,0
607411800345935871,0.131983,0
607411800480153599,0.119556,0
607411800748589055,0.132522,0
607411800882806783,0.10914,0
607411801017024511,0.128075,0
607411801151242239,0.120659,0
607411801285459967,0.13931,0
607411801419677695,0.128412,0
607411801553895423,0.139001,0
607411801822330879,0.103272,0
607411801956548607,0.128617,0
607411802090766335,0.109887,0
607411802224984063,0.10662,0
607411802359201791,0.113915,0
607411802493419519,0.108853,0
607411802627637247,0.120101,0
607411802896072703,0.114696,0
607411803030290431,0.119838,0
607411803164508159,0.125607,0
607411803298725887,0.129877,0
607411803432943615,0.111826,0
607411803567161343,0.117197,0
607411803701379071,0.121563,0
607411803969814527,0.102439,0
607411804104032255,0.107761,0
607411804238249983,0.109651,0
607411804372467711,0.101843,0
607411804506685439,0.109893,0
607411804640903167,0.101917,0
607411804775120895,0.10812,0
607411805043556351,0.171134,0
607411805177774079,0.140084,0
607411805311991807,0.133543,0
607411805446209535,0.133202,0
607411805580427263,0.147217,0
607411805714644991,0.148548,0
607411805848862719,0.177955,0
607411807191039999,0.0767253,0
607411807325257727,0.0820035,0
607411807459475455,0.0833292,0
607411807593693183,0.0862977,0
607411807727910911,0.0844706,0
607411807862128639,0.0814677,0
607411807996346367,0.0803279,0
607411808264781823,0.0780626,0
607411808398999551,0.0812571,0
607411808533217279,0.0781173,0
607411808667435007,0.0834581,0
607411808801652735,0.078239,0
607411808935870463,0.084492,0
607411809070088191,0.0851749,0
607411809338523647,0.0834645,0
607411809472741375,0.0836777,0
607411809606959103,0.0903777,0
607411809741176831,0.0900085,0
607411809875394559,0.0776344,0
607411810009612287,0.0814295,0
607411810143830015,0.0862297,0
607411810412265471,0.064541,0
607411810546483199,0.0747318,0
607411810680700927,0.0653019,0
607411810814918655,0.0635225,0
607411810949136383,0.0762785,0
607411811083354111,0.0727117,0
607411811217571839,0.0688024,0
607411811486007295,0.150536,0
607411811620225023,0.077881,0
607411811754442751,0.121039,0
607411811888660479,0.089045,0
607411812022878207,0.122744,0
607411812157095935,0.146836,0
607411812291313663,0.109202,0
607411812559749119,0.0865041,0
607411812693966847,0.0872018,0
607411812828184575,0.087551,0
607411812962402303,0.0914891,0
607411813096620031,0.0900595,0
607411813230837759,0.128823,0
607411813365055487,0.0826638,0
607411813633490943,0.134797,0
607411813767708671,0.0918041,0
607411813901926399,0.106017,0
607411814036144127,0.0942511,0
607411814170361855,0.109881,0
607411814304579583,0.0997119,0
607411814438797311,0.12041,0
607411815780974591,0.119969,0
607411815915192319,0.115165,0
607411816049410047,0.109538,0
607411816183627775,0.107089,0
607411816317845503,0.115195,0
607411816452063231,0.114394,0
607411816586280959,0.0948332,0
607411816854716415,0.115872,0
607411816988934143,0.102879,0
607411817123151871,0.120028,0
607411817257369599,0.102316,0
607411817391587327,0.128902,0
607411817525805055,0.122053,0
607411817660022783,0.116949,0
607411817928458239,0.104061,0
607411818062675967,0.0963087,0
607411818196893695,0.105414,0
607411818331111423,0.107541,0
607411818465329151,0.0940497,0
607411818599546879,0.109425,0
607411818733764607,0.0940633,0
607411819002200063,0.117329,0
607411819136417791,0.0928889,0
607411819270635519,0.108346,0
607411819404853247,0.102514,0
607411819539070975,0.108053,0
607411819673288703,0.0994014,0
607411819807506431,0.0986543,0
607411820075941887,0.0976684,0
607411820210159615,0.0869331,0
607411820344377343,0.0965277,0
607411820478595071,0.0840587,0
607411820612812799,0.0862042,0
607411820747030527,0.0851857,0
607411820881248255,0.0806764,0
607411821149683711,0.125151,0
607411821283901439,0.119787,0
607411821418119167,0.119618,0
607411821552336895,0.115159,0
607411821686554623,0.125032,0
607411821820772351,0.134556,0
607411821954990079,0.102208,0
607411822223425535,0.085295,0
607411822357643263,0.0823986,0
607411822491860991,0.0866649,0
607411822626078719,0.0805966,0
607411822760296447,0.0878546,0
607411822894514175,0.0956966,0
607411823028731903,0.0913686,0
607411824370909183,0.072452,0
607411824505126911,0.0825311,0
607411824639344639,0.0688732,0
607411824773562367,0.0732829,0
607411824907780095,0.0820593,0
607411825041997823,0.0817545,0
607411825176215551,0.0881365,0
607411825444651007,0.0920148,0
607411825578868735,0.0923452,0
607411825713086463,0.10185,0
607411825847304191,0.100753,0
607411825981521919,0.0881096,0
607411826115739647,0.076782,0
607411826249957375,0.0858045,0
607411826518392831,0.0715768,0
607411826652610559,0.0842088,0
607411826786828287,0.0852022,0
607411826921046015,0.0846115,0
607411827055263743,0.0804542,0
607411827189481471,0.0669422,0
607411827323699199,0.0837398,0
607411827592134655,0.07765,0
607411827726352383,0.0734244,0
607411827860570111,0.0832652,0
607411827994787839,0.0744139,0
607411828129005567,0.10351,0
607411828263223295,0.0722777,0
607411828397441023,0.107951,0
607411828665876479,0.106324,0
607411828800094207,0.0814756,0
607411828934311935,0.094172,0
607411829068529663,0.0944669,0
607411829202747391,0.102393,0
607411829336965119,0.101676,0
607411829471182847,0.110915,0
607411829739618303,0.0807492,0
607411829873836031,0.0920238,0
607411830008053759,0.0768312,0
607411830142271487,0.0868481,0
607411830276489215,0.112677,0
607411830410706943,0.0886893,0
607411830544924671,0.105556,0
607411830813360127,0.081029,0
607411830947577855,0.0702194,0
607411831081795583,0.0923351,0
607411831216013311,0.0869409,0
607411831350231039,0.0955582,0
607411831484448767,0.092859,0
607411831618666495,0.103547,0
607411832960843775,0.0568815,0
607411833095061503,0.0679101,0
607411833229279231,0.0626668,0
607411833363496959,0.0708151,0
607411833497714687,0.0627098,0
607411833631932415,0.0702975,0
607411833766150143,0.0549642,0
607411834034585599,0.081543,0
607411834168803327,0.0790705,0
607411834303021055,0.0690246,0
607411834437238783,0.0762379,0
607411834571456511,0.0760544,0
607411834705674239,0.0781449,0
607411834839891967,0.0704096,0
607411835108327423,0.0674539,0
607411835242545151,0.118273,0
607411835376762879,0.123878,0
607411835510980607,0.120891,0
607411835645198335,0.0662433,0
607411835779416063,0.0671689,0
607411835913633791,0.0701825,0
607411836182069247,0.0880744,0
607411836316286975,0.121379,0
607411836450504703,0.115368,0
607411836584722431,0.106216,0
607411836718940159,0.0735069,0
607411836853157887,0.0784866,0
607411836987375615,0.0809544,0
607411837255811071,0.0685289,0
607411837390028799,0.0655275,0
607411837524246527,0.0557135,0
607411837658464255,0.0591212,0
607411837792681983,0.0644524,0
607411837926899711,0.070876,0
607411838061117439,0.0485671,0
607411838329552895,0.0782276,0
607411838463770623,0.0832851,0
607411838597988351,0.0721782,0
607411838732206079,0.0755183,0
607411839134859263,0.0756954,0
607411839403294719,0.0580902,0
607411839537512447,0.0604519,0
607411839671730175,0.0576128,0
607411839805947903,0.0677148,0
607411839940165631,0.0471976,0
607411840074383359,0.055556,0
607411840208601087,0.0510431,0
607411841550778367,0.109112,0
607411841684996095,0.0937929,0
607411841819213823,0.108911,0
607411841953431551,0.0915235,0
607411842087649279,0.0982485,0
607411842221867007,0.0862771,0
607411842356084735,0.122781,0
607411842624520191,0.142336,0
607411842758737919,0.107549,0
607411842892955647,0.151545,0
607411843027173375,0.13985,0
607411843161391103,0.086717,0
607411843295608831,0.147938,0
607411843429826559,0.0878195,0
607411843698262015,0.124231,0
607411843832479743,0.123523,0
607411843966697471,0.112272,0
607411844100915199,0.102431,0
607411844235132927,0.12533,0
607411844369350655,0.124188,0
607411844503568383,0.113025,0
607411844772003839,0.182131,0
607411844906221567,0.0909709,0
607411845040439295,0.17514,0
607411845174657023,0.118173,0
607411845308874751,0.112915,0
607411845443092479,0.141249,0
607411845577310207,0.138665,0
607411845845745663,0.0898571,0
607411845979963391,0.0853833,0
607411846114181119,0.0894274,0
607411846248398847,0.0930114,0
607411846382616575,0.0828191,0
607411846516834303,0.0875745,0
607411846651052031,0.0882144,0
607411846919487487,0.0759117,0
607411847053705215,0.0729313,0
607411847187922943,0.0807237,0
607411847322140671,0.0812332,0
607411847724793855,0.083393,0
607411847993229311,0.108439,0
607411848127447039,0.112088,0
607411848261664767,0.133121,0
607411848395882495,0.138946,0
607411848530100223,0.0960282,0
607411848664317951,0.100243,0
607411848798535679,0.110659,0
607411850140712959,0.110458,0
607411850274930687,0.126013,0
607411850409148415,0.109739,0
607411850543366143,0.119155,0
607411850677583871,0.124555,0
607411850811801599,0.127282,0
607411850946019327,0.119851,0
607411851214454783,0.143105,0
607411851348672511,0.145391,0
607411851482890239,0.137091,0
607411851617107967,0.133264,0
607411851751325695,0.124204,0
607411851885543423,0.137012,0
607411852019761151,0.133762,0
607411852288196607,0.101164,0
607411852422414335,0.0928146,0
607411852556632063,0.0942592,0
607411852690849791,0.088412,0
607411852825067519,0.100598,0
607411852959285247,0.103501,0
607411853093502975,0.0985988,0
607411853361938431,0.111227,0
607411853496156159,0.127784,0
607411853630373887,0.0994442,0
607411853764591615,0.103081,0
607411853898809343,0.121727,0
607411854033027071,0.1502,0
607411854167244799,0.101826,0
607411854435680255,0.11269,0
607411854569897983,0.132877,0
607411854704115711,0.0876422,0
607411854838333439,0.110585,0
607411854972551167,0.0458455,0
607411855106768895,0.0492513,0
607411855240986623,0.0530376,0
607411855509422079,0.0622621,0
607411855643639807,0.0715159,0
607411855777857535,0.143129,0
607411855912075263,0.145305,0
607411856046292991,0.0585663,0
607411856180510719,0.0668895,0
607411856314728447,0.0607484,0
607411856583163903,0.0902763,0
607411856717381631,0.116024,0
607411856851599359,0.0853921,0
607411856985817087,0.104126,0
607411857120034815,0.0892194,0
607411857254252543,0.106354,0
607411857388470271,0.0671058,0
607411867320582143,0.0724292,0
607411867454799871,0.0391198,0
607411867589017599,0.0497824,0
607411867723235327,0.0434099,0
607411867857453055,0.0758087,0
607411867991670783,0.064361,0
607411868125888511,0.0444415,0
607411868394323967,0.0498419,0
607411868528541695,0.0603131,0
607411868662759423,0.0390777,0
607411868796977151,0.0449251,0
607411868931194879,0.0554848,0
607411869065412607,0.0629016,0
607411869199630335,0.039039,0
607411869468065791,0.0446402,0
607411869602283519,0.0392318,0
607411869736501247,0.0500288,0
607411869870718975,0.0530134,0
607411870004936703,0.0466506,0
607411870139154431,0.0549692,0
607411870273372159,0.0459526,0
607411870541807615,0.0425937,0
607411870676025343,0.0465414,0
607411870810243071,0.0392269,0
607411870944460799,0.0453326,0
607411871078678527,0.0366146,0
607411871212896255,0.0522755,0
607411871347113983,0.038738,0
607411871615549439,0.102968,0
607411871749767167,0.118984,0
607411871883984895,0.0683531,0
607411872018202623,0.125687,0
607411872152420351,0.0449347,0
607411872286638079,0.0806001,0
607411872420855807,0.0886554,0
607411872689291263,0.0920105,0
607411872823508991,0.0396563,0
607411872957726719,0.0705493,0
607411873091944447,0.0455407,0
607411873226162175,0.0540027,0
607411873360379903,0.0621427,0
607411873494597631,0.103868,0
607411873763033087,0.0564528,0
607411873897250815,0.0510242,0
607411874031468543,0.0465415,0
607411874165686271,0.0462715,0
607411874299903999,0.0492362,0
607411874434121727,0.0971714,0
607411874568339455,0.0740355,0
607411875910516735,0.0958655,0
607411876044734463,0.148981,0
607411876178952191,0.0830608,0
607411876313169919,0.104245,0
607411876447387647,0.0758696,0
607411876581605375,0.139748,0
607411876715823103,0.07125,0
607411876984258559,0.208998,0
607411877118476287,0.190072,0
607411877252694015,0.191497,0
607411877386911743,0.217287,0
607411877521129471,0.171799,0
607411877655347199,0.212071,0
607411877789564927,0.158703,0
607411878058000383,0.0964058,0
607411878192218111,0.123499,0
607411878326435839,0.0857141,0
607411878460653567,0.101484,0
607411878594871295,0.0809069,0
607411878729089023,0.0925067,0
607411878863306751,0.0881136,0
607411879131742207,0.146256,0
607411879265959935,0.245825,0
607411879400177663,0.166548,0
607411879534395391,0.181874,0
607411879668613119,0.156499,0
607411879802830847,0.234047,0
607411879937048575,0.108445,0
607411880205484031,0.0825413,0
607411880339701759,0.109328,0
607411880473919487,0.0616786,0
607411880608137215,0.0816073,0
607411880742354943,0.0801237,0
607411880876572671,0.131168,0
607411881010790399,0.0624586,0
607411881279225855,0.144013,0
607411881413443583,0.151912,0
607411881547661311,0.133816,0
607411881681879039,0.136903,0
607411881816096767,0.103439,0
607411881950314495,0.146529,0
607411882084532223,0.0883795,0
607411882352967679,0.0540652,0
607411882487185407,0.0760078,0
607411882621403135,0.0533151,0
607411882755620863,0.0750623,0
607411882889838591,0.0503201,0
607411883024056319,0.0710242,0
607411883158274047,0.0481228,0
607411884500451327,0.0439837,0
607411884634669055,0.0492048,0
607411884768886783,0.0551455,0
607411884903104511,0.0425811,0
607411885037322239,0.0601474,0
607411885171539967,0.0519479,0
607411885305757695,0.0591548,0
607411885574193151,0.0528249,0
607411885708410879,0.0500331,0
607411885842628607,0.0601371,0
607411885976846335,0.0660906,0
607411886111064063,0.0566917,0
607411886245281791,0.0553736,0
607411886379499519,0.0524852,0
607411886647934975,0.0531232,0
607411886782152703,0.0478197,0
607411886916370431,0.058188,0
607411887050588159,0.0445314,0
607411887184805887,0.0545211,0
607411887319023615,0.0439853,0
607411887453241343,0.0536236,0
607411887721676799,0.0457584,0
607411887855894527,0.0411294,0
607411887990112255,0.0463648,0
607411888124329983,0.0513806,0
607411888258547711,0.0477305,0
607411888392765439,0.0442669,0
607411888526983167,0.0484048,0
607411888795418623,0.0772052,0
607411888929636351,0.0646929,0
607411889063854079,0.0709608,0
607411889198071807,0.0637222,0
607411889332289535,0.0974704,0
607411889466507263,0.061125,0
607411889600724991,0.0686547,0
607411889869160447,0.0479925,0
607411890003378175,0.0511503,0
607411890137595903,0.0584296,0
607411890271813631,0.0563781,0
607411890406031359,0.0548246,0
607411890540249087,0.0396581,0
607411890674466815,0.0624284,0
607411890942902271,0.0600158,0
607411891077119999,0.0580558,0
607411891211337727,0.0583932,0
607411891345555455,0.0519199,0
607411891479773183,0.0578736,0
607411891613990911,0.0566346,0
607411891748208639,0.0674313,0
607411893090385919,0.0762902,0
607411893224603647,0.11699,0
607411893358821375,0.06099,0
607411893493039103,0.0888522,0
607411893627256831,0.0570839,0
607411893761474559,0.072859,0
607411893895692287,0.0764516,0
607411894164127743,0.10735,0
607411894298345471,0.144558,0
607411894432563199,0.135419,0
607411894566780927,0.155824,0
607411894700998655,0.0978106,0
607411894835216383,0.134876,0
607411894969434111,0.120976,0
607411895237869567,0.0758586,0
607411895372087295,0.0886706,0
607411895506305023,0.0805198,0
607411895640522751,0.0860625,0
607411895774740479,0.060189,0
607411895908958207,0.0687391,0
607411896043175935,0.0734051,0
607411896311611391,0.0964847,0
607411896445829119,0.120016,0
607411896580046847,0.0946652,0
607411896714264575,0.114251,0
607411896848482303,0.0946357,0
607411896982700031,0.107963,0
607411897116917759,0.0927521,0
607411897385353215,0.049691,0
607411897519570943,0.0513388,0
607411897653788671,0.045486,0
607411897788006399,0.0603506,0
607411897922224127,0.05013,0
607411898056441855,0.0510041,0
607411898190659583,0.0470536,0
607411898459095039,0.0605904,0
607411898593312767,0.0946698,0
607411898727530495,0.0634571,0
607411898861748223,0.0852026,0
607411898995965951,0.0456775,0
607411899130183679,0.0568902,0
607411899264401407,0.0560642,0
607411899532836863,0.0492718,0
607411899667054591,0.0658442,0
607411899801272319,0.0446365,0
607411899935490047,0.0478481,0
607411900069707775,0.0579476,0
607411900203925503,0.067401,0
607411900338143231,0.0477303,0
607411901680320511,0.0389526,0
607411901814538239,0.044263,0
607411901948755967,0.0345899,0
607411902082973695,0.0489379,0
607411902217191423,0.0213023,0
607411902351409151,0.0384313,0
607411902485626879,0.043386,0
607411902754062335,0.030255,0
607411902888280063,0.0281913,0
607411903022497791,0.0385522,0
607411903156715519,0.0405252,0
607411903290933247,0.0295914,0
607411903425150975,0.0398033,0
607411903559368703,0.0290479,0
607411903827804159,0.0446979,0
607411903962021887,0.0373283,0
607411904096239615,0.0453001,0
607411904230457343,0.0438473,0
607411904364675071,0.0312731,0
607411904498892799,0.0464515,0
607411904633110527,0.0437426,0
607411904901545983,0.0512277,0
607411905035763711,0.0508811,0
607411905169981439,0.0547028,0
607411905304199167,0.0637251,0
607411905438416895,0.0468997,0
607411905572634623,0.0567765,0
607411905706852351,0.0453896,0
607411905975287807,0.0236293,0
607411906109505535,0.0248487,0
607411906243723263,0.0401643,0
607411906377940991,0.0342299,0
607411906512158719,0.0230002,0
607411906646376447,0.0293492,0
607411906780594175,0.024553,0
607411907049029631,0.0381776,0
607411907183247359,0.0239835,0
607411907317465087,0.0333671,0
607411907451682815,0.0266997,0
607411907585900543,0.0636324,0
607411907720118271,0.0588638,0
607411907854335999,0.0294269,0
607411908122771455,0.0387234,0
607411908256989183,0.0496177,0
607411908391206911,0.0297852,0
607411908525424639,0.0438567,0
607411908659642367,0.0388551,0
607411908793860095,0.0511589,0
607411908928077823,0.0227232,0
607411910270255103,0.0835524,0
607411910404472831,0.0790945,0
607411910538690559,0.0758638,0
607411910672908287,0.0729962,0
607411910807126015,0.0440431,0
607411910941343743,0.0501101,0
607411911075561471,0.0512526,0
607411911343996927,0.0819497,0
607411911478214655,0.0738802,0
607411911612432383,0.0990453,0
607411911746650111,0.101934,0
607411911880867839,0.0525108,0
607411912015085567,0.0596396,0
607411912149303295,0.0592237,0
607411912417738751,0.0985441,0
607411912551956479,0.069847,0
607411912686174207,0.0547216,0
607411912820391935,0.0599199,0
607411912954609663,0.0546665,0
607411913088827391,0.0792624,0
607411913223045119,0.0459112,0
607411913491480575,0.134601,0
607411913625698303,0.0890341,0
607411913759916031,0.0770805,0
607411913894133759,0.089568,0
607411914028351487,0.0838219,0
607411914162569215,0.136345,0
607411914296786943,0.0847447,0
607411914565222399,0.0324208,0
607411914699440127,0.0270943,0
607411914833657855,0.0326524,0
607411914967875583,0.0371076,0
607411915102093311,0.0283273,0
607411915236311039,0.0206943,0
607411915370528767,0.0354031,0
607411915638964223,0.0343255,0
607411915773181951,0.0510309,0
607411915907399679,0.0351178,0
607411916041617407,0.0438085,0
607411916175835135,0.031118,0
607411916310052863,0.0362257,0
607411916444270591,0.0228494,0
607411916712706047,0.0603916,0
607411916846923775,0.044455,0
607411916981141503,0.0575632,0
607411917115359231,0.0392455,0
607411917249576959,0.0345417,0
607411917383794687,0.047657,0
607411917518012415,0.0527969,0
607411918860189695,0.057491,0
607411918994407423,0.0656091,0
607411919128625151,0.0593375,0
607411919262842879,0.0634924,0
607411919397060607,0.0410198,0
607411919531278335,0.0560589,0
607411919665496063,0.040407,0
607411919933931519,0.0632693,0
607411920068149247,0.10306,0
607411920202366975,0.0545008,0
607411920336584703,0.133306,0
607411920470802431,0.0593688,0
607411920605020159,0.0560552,0
607411920739237887,0.0688953,0
607411921007673343,0.0871022,0
607411921141891071,0.0926105,0
607411921276108799,0.130114,0
607411921410326527,0.116147,0
607411921544544255,0.0508017,0
607411921678761983,0.0691155,0
607411921812979711,0.0653514,0
607411922081415167,0.0965816,0
607411922215632895,0.111219,0
607411922349850623,0.0925542,0
607411922484068351,0.0479499,0
607411922618286079,0.0611876,0
607411922752503807,0.0916984,0
607411922886721535,0.0731712,0
607411923289374719,0.0431925,0
607411923557810175,0.0670386,0
607411923826245631,0.0573125,0
607411924228898815,0.0513551,0
607411924363116543,0.0553515,0
607411924497334271,0.0425875,0
607411924631551999,0.060641,0
607411924765769727,0.0452785,0
607411924899987455,0.0586798,0
607411925034205183,0.046159,0
607411925436858367,0.045906,0
