h3,species_use_log_pred,plausibility
606916319094243327,0.117348,0
606916321241726975,0.111783,0
606916399893315583,0.0590059,0
606916400027533311,0.0543813,0
606916400161751039,0.059416,0
606916400295968767,0.0579134,0
606916400430186495,0.057153,0
606916400564404223,0.0548361,0
606916400698621951,0.0601119,0
606916400967057407,0.0599422,0
606916401235492863,0.0532474,0
606916401503928319,0.0595574,0
606916401772363775,0.0568872,0
606916402040799231,0.0596608,0
606916402175016959,0.0596206,0
606916402309234687,0.060198,0
606916402443452415,0.0609694,0
606916402577670143,0.0633859,0
606916402711887871,0.0654808,0
606916402846105599,0.0636706,0
606916403114541055,0.0605903,0
606916403248758783,0.0674656,0
606916403382976511,0.0595414,0
606916403517194239,0.0598594,0
606916403651411967,0.0554728,0
606916403785629695,0.0607452,0
606916403919847423,0.0621002,0
606916404188282879,0.0560794,0
606916404322500607,0.0553688,0
606916404456718335,0.0564576,0
606916404590936063,0.0575167,0
606916404725153791,0.0571479,0
606916404859371519,0.0582613,0
606916404993589247,0.0564767,0
606916405262024703,0.0529272,0
606916405396242431,0.0589087,0
606916405530460159,0.0549192,0
606916405664677887,0.0585535,0
606916405798895615,0.0552944,0
606916405933113343,0.0514973,0
606916406067331071,0.0523961,0
606916406335766527,0.0663633,0
606916406469984255,0.0642005,0
606916406604201983,0.0639222,0
606916406738419711,0.0618348,0
606916406872637439,0.0558425,0
606916407006855167,0.0583099,0
606916407141072895,0.0698679,0
606916417073184767,0.0588624,0
606916417207402495,0.0544615,0
606916417341620223,0.0590489,0
606916417475837951,0.0529569,0
606916417610055679,0.0622578,0
606916417744273407,0.0593619,0
606916417878491135,0.062892,0
606916418146926591,0.0597864,0
606916418281144319,0.0557052,0
606916418415362047,0.059268,0
606916418549579775,0.05759,0
606916418683797503,0.0617867,0
606916418818015231,0.0616437,0
606916418952232959,0.0587836,0
606916419220668415,0.0627921,0
606916419354886143,0.0621343,0
606916419489103871,0.0671198,0
606916419623321599,0.0622329,0
606916419757539327,0.059606,0
606916419891757055,0.0617011,0
606916420025974783,0.0588224,0
606916420294410239,0.0583052,0
606916420428627967,0.0595448,0
606916420562845695,0.0635333,0
606916420697063423,0.0639355,0
606916420831281151,0.0549015,0
606916420965498879,0.0555658,0
606916421099716607,0.0572062,0
606916421368152063,0.0588597,0
606916421502369791,0.0654361,0
606916421636587519,0.0591725,0
606916421770805247,0.0560595,0
606916421905022975,0.0650364,0
606916422039240703,0.063566,0
606916422173458431,0.061288,0
606916422441893887,0.0622809,0
606916422576111615,0.0620825,0
606916422710329343,0.0636296,0
606916422844547071,0.0572786,0
606916422978764799,0.0635971,0
606916423112982527,0.0564265,0
606916423247200255,0.0683875,0
606916423515635711,0.0600065,0
606916423649853439,0.0593773,0
606916423784071167,0.0605506,0
606916423918288895,0.0582608,0
606916424052506623,0.0633479,0
606916424186724351,0.0615581,0
606916424320942079,0.0640539,0
606916425663119359,0.056214,0
606916425931554815,0.0621924,0
606916426199990271,0.0564726,0
606916426468425727,0.0583065,0
606916427810603007,0.0717419,0
606916428079038463,0.0693934,0
606916428347473919,0.0748991,0
606916428615909375,0.0747481,0
606916429958086655,0.0595596,0
606916430092304383,0.0590938,0
606916430226522111,0.0578006,0
606916430360739839,0.0574409,0
606916430494957567,0.0626739,0
606916430629175295,0.0590138,0
606916430763393023,0.0596186,0
606916431837134847,0.0619146,0
606916432105570303,0.0579268,0
606916432239788031,0.0578874,0
606916432374005759,0.0667863,0
606916432508223487,0.0644485,0
606916432642441215,0.0569417,0
606916432776658943,0.055112,0
606916432910876671,0.063013,0
606916434253053951,0.0583888,0
606916434387271679,0.0583181,0
606916434521489407,0.0606424,0
606916434655707135,0.0605427,0
606916434789924863,0.0565023,0
606916434924142591,0.0570419,0
606916435058360319,0.0592224,0
606916435326795775,0.0573811,0
606916435461013503,0.0584867,0
606916435595231231,0.0563622,0
606916435729448959,0.0562721,0
606916435863666687,0.0564256,0
606916435997884415,0.0581612,0
606916436132102143,0.0568972,0
606916436400537599,0.058039,0
606916436534755327,0.0682734,0
606916436668973055,0.060679,0
606916436803190783,0.0680082,0
606916436937408511,0.056808,0
606916437071626239,0.0931156,0
606916437205843967,0.097659,0
606916437474279423,0.0966747,0
606916437608497151,0.0549495,0
606916437742714879,0.0679648,0
606916437876932607,0.0654862,0
606916438011150335,0.0559266,0
606916438145368063,0.055264,0
606916438279585791,0.0628066,0
606916438548021247,0.0611247,0
606916438682238975,0.0577098,0
606916438816456703,0.0636224,0
606916438950674431,0.0569472,0
606916439084892159,0.0587827,0
606916439219109887,0.0563876,0
606916439353327615,0.0614386,0
606916439621763071,0.0547229,0
606916439755980799,0.0615969,0
606916439890198527,0.0638238,0
606916440024416255,0.0574328,0
606916440158633983,0.0552855,0
606916440292851711,0.0621706,0
606916440427069439,0.0549368,0
606916440695504895,0.0592042,0
606916440829722623,0.0569142,0
606916440963940351,0.0604409,0
606916441098158079,0.060084,0
606916441232375807,0.0617338,0
606916441366593535,0.0579777,0
606916441500811263,0.0575625,0
606916445258907647,0.0565219,0
606916445795778559,0.0514324,0
606916447137955839,0.0573381,0
606916447406391295,0.0637283,0
606916447540609023,0.0569236,0
606916447674826751,0.0629706,0
606916447943262207,0.0573086,0
606916449285439487,0.0538181,0
606916449419657215,0.053536,0
606916449553874943,0.0523342,0
606916449688092671,0.0527081,0
606916449822310399,0.0609834,0
606916449956528127,0.0559769,0
606916450090745855,0.0565981,0
606916451432923135,0.0566264,0
606916451567140863,0.0626632,0
606916451701358591,0.0549181,0
606916451835576319,0.0599641,0
606916451969794047,0.0675847,0
606916452104011775,0.0590906,0
606916452238229503,0.0532216,0
606916452506664959,0.0608325,0
606916452640882687,0.0625845,0
606916452775100415,0.0735747,0
606916452909318143,0.0618101,0
606916453043535871,0.0610083,0
606916453177753599,0.0573492,0
606916453311971327,0.061682,0
606916453580406783,0.0559886,0
606916453714624511,0.0607089,0
606916453848842239,0.0623241,0
606916453983059967,0.0676812,0
606916454117277695,0.0564893,0
606916454251495423,0.0549687,0
606916454385713151,0.0612768,0
606916454654148607,0.0649208,0
606916454788366335,0.0674059,0
606916454922584063,0.0582807,0
606916455056801791,0.0658752,0
606916455191019519,0.0630047,0
606916455325237247,0.0673194,0
606916455459454975,0.0583619,0
606916455727890431,0.0593773,0
606916455862108159,0.0614601,0
606916455996325887,0.0575673,0
606916456130543615,0.070872,0
606916456264761343,0.0555605,0
606916456398979071,0.0578415,0
606916456533196799,0.0700787,0
606916456801632255,0.0542458,0
606916456935849983,0.0624907,0
606916457070067711,0.0573195,0
606916457204285439,0.0592332,0
606916457338503167,0.0673682,0
606916457472720895,0.0655833,0
606916457606938623,0.0564161,0
606916457875374079,0.0594211,0
606916458009591807,0.0599477,0
606916458143809535,0.0613543,0
606916458278027263,0.05587,0
606916458412244991,0.0556935,0
606916458546462719,0.062222,0
606916458680680447,0.0628998,0
606916537332269055,0.0756723,0
606916537466486783,0.0732332,0
606916537600704511,0.0758908,0
606916537734922239,0.0705034,0
606916537869139967,0.0731968,0
606916538003357695,0.075724,0
606916538137575423,0.0734784,0
606916538406010879,0.0751246,0
606916538540228607,0.0765857,0
606916538674446335,0.0759836,0
606916538808664063,0.0864872,0
606916538942881791,0.0745422,0
606916539077099519,0.086888,0
606916539211317247,0.071626,0
606916539479752703,0.0817973,0
606916539613970431,0.0817654,0
606916539748188159,0.0856569,0
606916539882405887,0.0887427,0
606916540016623615,0.0740818,0
606916540150841343,0.0751754,0
606916540285059071,0.0810539,0
606916540553494527,0.0776381,0
606916540687712255,0.0817799,0
606916540821929983,0.0808418,0
606916540956147711,0.0865847,0
606916541090365439,0.0743726,0
606916541224583167,0.0842334,0
606916541358800895,0.0752412,0
606916541627236351,0.0695095,0
606916541761454079,0.0682779,0
606916541895671807,0.0725403,0
606916542029889535,0.0736515,0
606916542164107263,0.0636812,0
606916542298324991,0.0638887,0
606916542432542719,0.0659093,0
606916542700978175,0.0682729,0
606916542835195903,0.0759253,0
606916542969413631,0.0669179,0
606916543103631359,0.0697432,0
606916543237849087,0.072385,0
606916543372066815,0.0769131,0
606916543506284543,0.0677288,0
606916543774719999,0.071907,0
606916543908937727,0.0704549,0
606916544043155455,0.081543,0
606916544177373183,0.0706054,0
606916544311590911,0.0698658,0
606916544445808639,0.0721894,0
606916544580026367,0.0703566,0
606916550217170943,0.0819542,0
606916550485606399,0.0708391,0
606916550619824127,0.0740388,0
606916550754041855,0.0872019,0
606916550888259583,0.0733168,0
606916551022477311,0.090088,0
606916552364654591,0.0812218,0
606916552633090047,0.0820244,0
606916552767307775,0.0822902,0
606916552901525503,0.0748296,0
606916553035743231,0.0774074,0
606916553169960959,0.0811939,0
606916554512138239,0.107717,0
606916554646355967,0.10285,0
606916554780573695,0.109384,0
606916554914791423,0.104175,0
606916555049009151,0.100331,0
606916555183226879,0.0968751,0
606916555317444607,0.104938,0
606916555585880063,0.0878767,0
606916555720097791,0.0947203,0
606916555854315519,0.106686,0
606916555988533247,0.100069,0
606916556122750975,0.0836513,0
606916556256968703,0.0868048,0
606916556391186431,0.097236,0
606916556659621887,0.118613,0
606916556793839615,0.119141,0
606916556928057343,0.121828,0
606916557062275071,0.122344,0
606916557196492799,0.108534,0
606916557330710527,0.104169,0
606916557464928255,0.116511,0
606916557733363711,0.104769,0
606916557867581439,0.119982,0
606916558001799167,0.112788,0
606916558136016895,0.110913,0
606916558270234623,0.114597,0
606916558404452351,0.117167,0
606916558538670079,0.105348,0
606916558807105535,0.0932226,0
606916558941323263,0.088419,0
606916559075540991,0.0922873,0
606916559209758719,0.1015,0
606916559343976447,0.0858409,0
606916559478194175,0.0838426,0
606916559612411903,0.09237,0
606916559880847359,0.0877803,0
606916560015065087,0.0875145,0
606916560149282815,0.0863321,0
606916560283500543,0.085918,0
606916560417718271,0.0869146,0
606916560551935999,0.079269,0
606916560686153727,0.0878649,0
606916560954589183,0.109403,0
606916561088806911,0.111037,0
606916561223024639,0.104463,0
606916561357242367,0.111688,0
606916561491460095,0.104972,0
606916561625677823,0.105018,0
606916561759895551,0.104192,0
606916563102072831,0.105221,0
606916563236290559,0.100449,0
606916563370508287,0.113482,0
606916563504726015,0.11142,0
606916563638943743,0.0924628,0
606916563773161471,0.0893545,0
606916563907379199,0.106038,0
606916565249556479,0.111829,0
606916565383774207,0.107481,0
606916565517991935,0.118303,0
606916565652209663,0.112887,0
606916565786427391,0.115726,0
606916565920645119,0.110463,0
606916566054862847,0.120192,0
606916567128604671,0.10982,0
606916567397040127,0.0929579,0
606916567531257855,0.0897169,0
606916567665475583,0.0937119,0
606916567799693311,0.0947033,0
606916567933911039,0.0863808,0
606916568068128767,0.0862906,0
606916568202346495,0.0898747,0
606916568470781951,0.0918956,0
606916568604999679,0.10213,0
606916568739217407,0.0883932,0
606916568873435135,0.0886979,0
606916569007652863,0.082299,0
606916569141870591,0.0912247,0
606916569276088319,0.0858498,0
606916569544523775,0.111188,0
606916569678741503,0.110995,0
606916569812959231,0.119915,0
606916569947176959,0.118661,0
606916570081394687,0.101346,0
606916570215612415,0.10318,0
606916570349830143,0.112973,0
606916571692007423,0.0641643,0
606916571826225151,0.0637506,0
606916571960442879,0.0627211,0
606916572094660607,0.0653033,0
606916572228878335,0.0615958,0
606916572363096063,0.060284,0
606916572497313791,0.063187,0
606916572765749247,0.0636425,0
606916572899966975,0.0617748,0
606916573034184703,0.0609319,0
606916573168402431,0.06186,0
606916573302620159,0.0614924,0
606916573436837887,0.0626543,0
606916573571055615,0.0577117,0
606916573839491071,0.0615164,0
606916573973708799,0.0647919,0
606916574107926527,0.065165,0
606916574242144255,0.063717,0
606916574376361983,0.0672489,0
606916574510579711,0.0641395,0
606916574644797439,0.0628311,0
606916574913232895,0.0648169,0
606916575047450623,0.0673066,0
606916575181668351,0.0666286,0
606916575315886079,0.0853669,0
606916575450103807,0.0636027,0
606916575584321535,0.0678023,0
606916575718539263,0.0677855,0
606916575986974719,0.0573863,0
606916576121192447,0.0572754,0
606916576255410175,0.0590144,0
606916576389627903,0.0609027,0
606916576523845631,0.0580504,0
606916576658063359,0.0625069,0
606916576792281087,0.0593802,0
606916577060716543,0.0651875,0
606916577194934271,0.0616671,0
606916577329151999,0.0609646,0
606916577463369727,0.0610983,0
606916577597587455,0.0627474,0
606916577731805183,0.0621348,0
606916577866022911,0.0709759,0
606916578134458367,0.0607033,0
606916578268676095,0.0627267,0
606916578402893823,0.0640446,0
606916578537111551,0.0629104,0
606916578671329279,0.0604597,0
606916578805547007,0.0609838,0
606916578939764735,0.0603186,0
606916580281942015,0.0737632,0
606916580416159743,0.0719455,0
606916580550377471,0.0742761,0
606916580684595199,0.0774501,0
606916580818812927,0.0715832,0
606916580953030655,0.0723928,0
606916581087248383,0.0721365,0
606916581355683839,0.0694444,0
606916581624119295,0.0668186,0
606916581892554751,0.072898,0
606916582026772479,0.0625305,0
606916582160990207,0.0727318,0
606916582429425663,0.0732596,0
606916582563643391,0.0760959,0
606916582697861119,0.0752669,0
606916582832078847,0.0797898,0
606916582966296575,0.0708382,0
606916583100514303,0.0750169,0
606916583234732031,0.0746346,0
606916583503167487,0.0677869,0
606916583771602943,0.0711669,0
606916583905820671,0.0713399,0
606916584040038399,0.070772,0
606916584174256127,0.070583,0
606916584308473855,0.0675471,0
606916584576909311,0.0700311,0
606916584711127039,0.0701625,0
606916584845344767,0.0697144,0
606916584979562495,0.0705352,0
606916585113780223,0.0727911,0
606916585247997951,0.0725082,0
606916585382215679,0.0663511,0
606916585650651135,0.0726448,0
606916585784868863,0.0710603,0
606916585919086591,0.0726059,0
606916586053304319,0.0722689,0
606916586187522047,0.0701548,0
606916586321739775,0.0694717,0
606916586455957503,0.0727152,0
606916586724392959,0.0712643,0
606916586858610687,0.0742519,0
606916586992828415,0.0729139,0
606916587127046143,0.0717647,0
606916587261263871,0.0691458,0
606916587395481599,0.0721933,0
606916587529699327,0.0657198,0
606916588871876607,0.069333,0
606916589006094335,0.0692205,0
606916589140312063,0.0711836,0
606916589274529791,0.0685945,0
606916589408747519,0.069815,0
606916589542965247,0.0675946,0
606916589677182975,0.0681607,0
606916589945618431,0.070231,0
606916590079836159,0.0678715,0
606916590214053887,0.0701849,0
606916590348271615,0.0697929,0
606916590482489343,0.0645462,0
606916590616707071,0.0644911,0
606916590750924799,0.0735217,0
606916591019360255,0.0940915,0
606916591153577983,0.0896949,0
606916591287795711,0.0876132,0
606916591422013439,0.0881141,0
606916591556231167,0.0764818,0
606916591690448895,0.0757085,0
606916591824666623,0.092839,0
606916592093102079,0.074628,0
606916592227319807,0.0732447,0
606916592361537535,0.088314,0
606916592495755263,0.0920445,0
606916592629972991,0.0693374,0
606916592764190719,0.0731897,0
606916592898408447,0.0756469,0
606916593166843903,0.0645891,0
606916593301061631,0.0656457,0
606916593435279359,0.0689495,0
606916593569497087,0.0710376,0
606916593703714815,0.0698876,0
606916593837932543,0.0675626,0
606916593972150271,0.0648345,0
606916594240585727,0.0650484,0
606916594374803455,0.0640516,0
606916594509021183,0.0643514,0
606916594643238911,0.0636576,0
606916594777456639,0.0654976,0
606916594911674367,0.0643027,0
606916595045892095,0.0675237,0
606916595314327551,0.0706331,0
606916595448545279,0.0723559,0
606916595582763007,0.0739944,0
606916595716980735,0.0782808,0
606916595851198463,0.067002,0
606916595985416191,0.0674492,0
606916596119633919,0.0729478,0
606924152309284863,0.258862,0
606924152577720319,0.26534,0
606924152846155775,0.237972,0
606924152980373503,0.245918,0
606924153114591231,0.250489,0
606924154456768511,0.256645,0
606924154725203967,0.261389,0
606924154993639423,0.256671,0
606924155262074879,0.254552,0
606924290016673791,0.124164,0
606924290285109247,0.149079,0
606924290553544703,0.138349,0
606924292164157439,0.122829,0
606924292432592895,0.124862,0
606924292701028351,0.135815,0
606925195986337791,0.101452,0
606925196120555519,0.108547,0
606925196254773247,0.107026,0
606925196388990975,0.115667,0
606925196523208703,0.114756,0
606925196657426431,0.107561,0
606925196791644159,0.113932,0
606925197060079615,0.0983606,0
606925197194297343,0.0979913,0
606925197328515071,0.0942458,0
606925197462732799,0.0979344,0
606925197596950527,0.105656,0
606925197731168255,0.0947666,0
606925197865385983,0.09866,0
606925198133821439,0.110329,0
606925198268039167,0.119734,0
606925198402256895,0.114722,0
606925198536474623,0.120667,0
606925198670692351,0.11443,0
606925198804910079,0.110335,0
606925198939127807,0.112498,0
606925199207563263,0.100524,0
606925199341780991,0.104215,0
606925199475998719,0.106614,0
606925199610216447,0.108282,0
606925199744434175,0.104605,0
606925199878651903,0.0998611,0
606925200012869631,0.108988,0
606925200281305087,0.106269,0
606925200415522815,0.108987,0
606925200549740543,0.126878,0
606925200683958271,0.112459,0
606925200818175999,0.117419,0
606925200952393727,0.105557,0
606925201086611455,0.114458,0
606925201355046911,0.104642,0
606925201489264639,0.108222,0
606925201623482367,0.104017,0
606925201757700095,0.107908,0
606925201891917823,0.109963,0
606925202026135551,0.102037,0
606925202160353279,0.108139,0
606925202428788735,0.120936,0
606925202563006463,0.120589,0
606925202697224191,0.11861,0
606925202831441919,0.13359,0
606925202965659647,0.120398,0
606925203099877375,0.152477,0
606925203234095103,0.113683,0
606925208871239679,0.101946,0
606925209005457407,0.0966176,0
606925209139675135,0.0995133,0
606925209273892863,0.10311,0
606925209408110591,0.0972822,0
606925209542328319,0.0896307,0
606925209676546047,0.105892,0
606925211018723327,0.114357,0
606925211287158783,0.100504,0
606925211421376511,0.106043,0
606925211555594239,0.098636,0
606925211689811967,0.098957,0
606925211824029695,0.103507,0
606925213166206975,0.111177,0
606925213300424703,0.106196,0
606925213434642431,0.108514,0
606925213568860159,0.108001,0
606925213703077887,0.111207,0
606925213837295615,0.116292,0
606925213971513343,0.11527,0
606925214239948799,0.112663,0
606925214374166527,0.121202,0
606925214508384255,0.108508,0
606925214642601983,0.117344,0
606925214776819711,0.117603,0
606925214911037439,0.12161,0
606925215045255167,0.105243,0
606925215313690623,0.106251,0
606925215447908351,0.0996411,0
606925215582126079,0.102863,0
606925215716343807,0.102459,0
606925215850561535,0.107508,0
606925215984779263,0.105666,0
606925216118996991,0.0997872,0
606925216387432447,0.105216,0
606925216521650175,0.105539,0
606925216655867903,0.101004,0
606925216790085631,0.106403,0
606925216924303359,0.102557,0
606925217058521087,0.110951,0
606925217192738815,0.0983084,0
606925217461174271,0.125468,0
606925217595391999,0.118911,0
606925217729609727,0.120735,0
606925217863827455,0.113411,0
606925217998045183,0.129157,0
606925218132262911,0.132994,0
606925218266480639,0.125402,0
606925218534916095,0.120861,0
606925218669133823,0.146772,0
606925218803351551,0.118595,0
606925218937569279,0.123385,0
606925219071787007,0.122625,0
606925219206004735,0.131045,0
606925219340222463,0.123051,0
606925219608657919,0.118265,0
606925219742875647,0.108535,0
606925219877093375,0.113253,0
606925220011311103,0.104671,0
606925220145528831,0.114895,0
606925220279746559,0.116527,0
606925220413964287,0.118055,0
606925221756141567,0.104981,0
606925222024577023,0.109608,0
606925222293012479,0.116508,0
606925222427230207,0.10884,0
606925222561447935,0.112866,0
606925223903625215,0.10051,0
606925224172060671,0.0970894,0
606925224440496127,0.103406,0
606925224574713855,0.104008,0
606925224708931583,0.0998239,0
606925226051108863,0.113603,0
606925226185326591,0.125475,0
606925226319544319,0.115784,0
606925226453762047,0.120894,0
606925226587979775,0.110734,0
606925226722197503,0.114476,0
606925226856415231,0.110006,0
606925227124850687,0.109941,0
606925227393286143,0.112897,0
606925227661721599,0.111253,0
606925227795939327,0.11302,0
606925227930157055,0.114272,0
606925228198592511,0.104481,0
606925228332810239,0.108485,0
606925228467027967,0.103977,0
606925228601245695,0.102875,0
606925228735463423,0.105673,0
606925228869681151,0.105722,0
606925229003898879,0.104991,0
606925230346076159,0.133572,0
606925230480293887,0.122852,0
606925230614511615,0.128562,0
606925230748729343,0.129374,0
606925230882947071,0.136244,0
606925231017164799,0.122661,0
606925231151382527,0.134427,0
606925231419817983,0.122047,0
606925231554035711,0.101736,0
606925231688253439,0.116102,0
606925231822471167,0.114858,0
606925231956688895,0.133159,0
606925232090906623,0.122899,0
606925232225124351,0.120793,0
606925232493559807,0.120518,0
606925232627777535,0.130236,0
606925232761995263,0.123078,0
606925232896212991,0.130053,0
606925233030430719,0.127153,0
606925233164648447,0.124601,0
606925233298866175,0.126995,0
606925233567301631,0.110739,0
606925233701519359,0.111773,0
606925233835737087,0.11269,0
606925233969954815,0.103544,0
606925234104172543,0.118305,0
606925234238390271,0.116117,0
606925234372607999,0.123192,0
606925234641043455,0.156219,0
606925234775261183,0.142295,0
606925234909478911,0.145532,0
606925235043696639,0.15535,0
606925235177914367,0.150753,0
606925235312132095,0.146893,0
606925235446349823,0.144627,0
606925235714785279,0.131601,0
606925235849003007,0.128904,0
606925235983220735,0.128189,0
606925236117438463,0.124663,0
606925236251656191,0.156968,0
606925236385873919,0.128671,0
606925236520091647,0.152475,0
606925236788527103,0.135534,0
606925236922744831,0.134731,0
606925237056962559,0.138488,0
606925237191180287,0.140343,0
606925237325398015,0.142959,0
606925237459615743,0.142705,0
606925237593833471,0.142977,0
606925238936010751,0.0897497,0
606925239070228479,0.0749143,0
606925239204446207,0.0850019,0
606925239338663935,0.0884978,0
606925239472881663,0.0919138,0
606925239607099391,0.082403,0
606925239741317119,0.0890518,0
606925240009752575,0.0681939,0
606925240143970303,0.0646412,0
606925240278188031,0.0744537,0
606925240412405759,0.0750934,0
606925240546623487,0.0852507,0
606925240680841215,0.0688254,0
606925240815058943,0.070158,0
606925241083494399,0.103465,0
606925241217712127,0.0938838,0
606925241351929855,0.104971,0
606925241486147583,0.101291,0
606925241620365311,0.0966639,0
606925241754583039,0.08105,0
606925241888800767,0.10673,0
606925242157236223,0.085957,0
606925242291453951,0.0840203,0
606925242425671679,0.0892341,0
606925242559889407,0.0926872,0
606925242694107135,0.0850752,0
606925242828324863,0.0815398,0
606925242962542591,0.0873543,0
606925243230978047,0.10954,0
606925243365195775,0.0999932,0
606925243499413503,0.105395,0
606925243633631231,0.10987,0
606925243767848959,0.109632,0
606925243902066687,0.111502,0
606925244036284415,0.0958528,0
606925244304719871,0.128167,0
606925244438937599,0.0941777,0
606925244573155327,0.0937518,0
606925244707373055,0.0836796,0
606925244841590783,0.11641,0
606925244975808511,0.0911072,0
606925245110026239,0.0948588,0
606925245378461695,0.102686,0
606925245512679423,0.0883646,0
606925245646897151,0.116407,0
606925245781114879,0.106288,0
606925245915332607,0.103221,0
606925246049550335,0.0935452,0
606925246183768063,0.117656,0
606925247525945343,0.132004,0
606925247660163071,0.120205,0
606925247794380799,0.126318,0
606925247928598527,0.122024,0
606925248062816255,0.133159,0
606925248197033983,0.135437,0
606925248331251711,0.12796,0
606925248599687167,0.125418,0
606925248733904895,0.123068,0
606925248868122623,0.115409,0
606925249002340351,0.123547,0
606925249136558079,0.132451,0
606925249270775807,0.13291,0
606925249404993535,0.123795,0
606925249673428991,0.133084,0
606925249807646719,0.121834,0
606925249941864447,0.131175,0
606925250076082175,0.126462,0
606925250210299903,0.122217,0
606925250344517631,0.131993,0
606925250478735359,0.1296,0
606925250747170815,0.124627,0
606925250881388543,0.121036,0
606925251015606271,0.123259,0
606925251149823999,0.127171,0
606925251284041727,0.113198,0
606925251418259455,0.127992,0
606925251552477183,0.121774,0
606925251820912639,0.151677,0
606925251955130367,0.136395,0
606925252089348095,0.144418,0
606925252223565823,0.137888,0
606925252357783551,0.140704,0
606925252492001279,0.140946,0
606925252626219007,0.145109,0
606925252894654463,0.134828,0
606925253028872191,0.133653,0
606925253163089919,0.126539,0
606925253297307647,0.134872,0
606925253431525375,0.132962,0
606925253565743103,0.145749,0
606925253699960831,0.136495,0
606925253968396287,0.144562,0
606925254102614015,0.134009,0
606925254236831743,0.15017,0
606925254371049471,0.148136,0
606925254505267199,0.137229,0
606925254639484927,0.137421,0
606925254773702655,0.135846,0
606925321345695743,0.0639542,0
606925333425291263,0.0598585,0
606925333559508991,0.0530763,0
606925333693726719,0.0513672,0
606925333827944447,0.0531305,0
606925333962162175,0.0757097,0
606925334096379903,0.0681483,0
606925334230597631,0.0590313,0
606925334499033087,0.0551766,0
606925334633250815,0.0582216,0
606925334767468543,0.0546129,0
606925334901686271,0.049643,0
606925335035903999,0.0627075,0
606925335170121727,0.0627132,0
606925335304339455,0.0596197,0
606925335572774911,0.0429173,0
606925335706992639,0.0471488,0
606925335841210367,0.0426519,0
606925335975428095,0.0403872,0
606925336109645823,0.0463134,0
606925336243863551,0.0547342,0
606925336378081279,0.0440747,0
606925336646516735,0.049598,0
606925336780734463,0.0528492,0
606925336914952191,0.0491776,0
606925337049169919,0.0466678,0
606925337183387647,0.049824,0
606925337317605375,0.0524382,0
606925337451823103,0.0532994,0
606925337720258559,0.071595,0
606925337854476287,0.0764256,0
606925337988694015,0.0656571,0
606925338122911743,0.0695712,0
606925338257129471,0.0683272,0
606925338391347199,0.0811407,0
606925338525564927,0.0688947,0
606925338794000383,0.0703305,0
606925338928218111,0.0698896,0
606925339062435839,0.0697585,0
606925339196653567,0.068875,0
606925339330871295,0.0713799,0
606925339465089023,0.0786408,0
606925339599306751,0.0767145,0
606925339867742207,0.0576609,0
606925340001959935,0.0564189,0
606925340136177663,0.0549398,0
606925340270395391,0.0481815,0
606925340404613119,0.0619283,0
606925340538830847,0.0639784,0
606925340673048575,0.0565622,0
606925346847064063,0.0706673,0
606925347115499519,0.0677062,0
606925348994547711,0.0500272,0
606925349262983167,0.0486326,0
606925350605160447,0.0407449,0
606925350739378175,0.0394518,0
606925350873595903,0.0418061,0
606925351007813631,0.0358858,0
606925351142031359,0.0466833,0
606925351276249087,0.0442326,0
606925351410466815,0.0470095,0
606925351678902271,0.0391566,0
606925351813119999,0.0382007,0
606925351947337727,0.0380511,0
606925352081555455,0.0365439,0
606925352215773183,0.0433284,0
606925352349990911,0.0446601,0
606925352484208639,0.0405182,0
606925352752644095,0.0394786,0
606925352886861823,0.0418476,0
606925353021079551,0.0464654,0
606925353155297279,0.0477783,0
606925353289515007,0.0452253,0
606925353423732735,0.041346,0
606925353557950463,0.044474,0
606925353826385919,0.0358214,0
606925353960603647,0.03639,0
606925354094821375,0.040317,0
606925354229039103,0.037682,0
606925354363256831,0.0379582,0
606925354497474559,0.035493,0
606925354631692287,0.0405526,0
606925354900127743,0.045239,0
606925355034345471,0.0461616,0
606925355168563199,0.0470587,0
606925355302780927,0.0447925,0
606925355436998655,0.0471126,0
606925355571216383,0.0481198,0
606925355705434111,0.0499342,0
606925355973869567,0.0460517,0
606925356108087295,0.0454671,0
606925356242305023,0.0467054,0
606925356376522751,0.0440624,0
606925356510740479,0.0483098,0
606925356644958207,0.0464972,0
606925356779175935,0.0465508,0
606925357047611391,0.0453031,0
606925357181829119,0.0466177,0
606925357316046847,0.0478323,0
606925357450264575,0.0442452,0
606925357584482303,0.0504947,0
606925357718700031,0.0487525,0
606925357852917759,0.049862,0
606925363490062335,0.040464,0
606925363624280063,0.0354134,0
606925363758497791,0.0470554,0
606925363892715519,0.0427988,0
606925364026933247,0.0435865,0
606925364161150975,0.0452007,0
606925364295368703,0.0432954,0
606925365369110527,0.0438178,0
606925365637545983,0.0356926,0
606925365771763711,0.0444409,0
606925365905981439,0.0356754,0
606925366040199167,0.0391051,0
606925366174416895,0.0404322,0
606925366308634623,0.0465191,0
606925366442852351,0.0378513,0
606925367785029631,0.0984865,0
606925367919247359,0.101313,0
606925368053465087,0.0931238,0
606925368187682815,0.0916455,0
606925368321900543,0.102737,0
606925368456118271,0.102082,0
606925368590335999,0.0966818,0
606925368858771455,0.102219,0
606925368992989183,0.0981832,0
606925369127206911,0.102542,0
606925369261424639,0.0932413,0
606925369395642367,0.100789,0
606925369529860095,0.109313,0
606925369664077823,0.0995651,0
606925369932513279,0.0800151,0
606925370066731007,0.0704512,0
606925370200948735,0.0806816,0
606925370335166463,0.0720394,0
606925370469384191,0.0858652,0
606925370603601919,0.079101,0
606925370737819647,0.0888313,0
606925371006255103,0.0857531,0
606925371140472831,0.0787362,0
606925371274690559,0.0732878,0
606925371408908287,0.0813538,0
606925371543126015,0.0823432,0
606925371677343743,0.0893567,0
606925371811561471,0.0789037,0
606925372079996927,0.0945315,0
606925372214214655,0.0974166,0
606925372348432383,0.0954729,0
606925372482650111,0.0972857,0
606925372616867839,0.100091,0
606925372751085567,0.0936718,0
606925372885303295,0.0947392,0
606925373153738751,0.104251,0
606925373287956479,0.102706,0
606925373422174207,0.10379,0
606925373556391935,0.107456,0
606925373690609663,0.106022,0
606925373824827391,0.0995594,0
606925373959045119,0.10252,0
606925374227480575,0.094252,0
606925374361698303,0.0959751,0
606925374495916031,0.0894567,0
606925374630133759,0.0915153,0
606925374764351487,0.0965353,0
606925374898569215,0.0958675,0
606925375032786943,0.0945461,0
606925376374964223,0.0915614,0
606925376509181951,0.0938771,0
606925376643399679,0.0826917,0
606925376777617407,0.0792419,0
606925376911835135,0.0957286,0
606925377046052863,0.0988184,0
606925377180270591,0.0906405,0
606925377448706047,0.0929602,0
606925377717141503,0.0889275,0
606925377985576959,0.0960304,0
606925378254012415,0.092729,0
606925378522447871,0.0680721,0
606925378656665599,0.0686967,0
606925378790883327,0.0635908,0
606925378925101055,0.0713129,0
606925379059318783,0.0745007,0
606925379193536511,0.0761619,0
606925379327754239,0.0683759,0
606925379864625151,0.066609,0
606925380133060607,0.0837564,0
606925380401496063,0.0735719,0
606925380669931519,0.102377,0
606925380804149247,0.0982508,0
606925380938366975,0.0965923,0
606925381072584703,0.0971259,0
606925381206802431,0.102766,0
606925381341020159,0.104306,0
606925381475237887,0.106148,0
606925381743673343,0.103747,0
606925381877891071,0.0984037,0
606925382012108799,0.0965901,0
606925382146326527,0.0982292,0
606925382280544255,0.106055,0
606925382414761983,0.100487,0
606925382548979711,0.102545,0
606925382817415167,0.0888729,0
606925382951632895,0.0897574,0
606925383085850623,0.0788795,0
606925383220068351,0.0752997,0
606925383354286079,0.0911927,0
606925383488503807,0.0904052,0
606925383622721535,0.088101,0
606925384964898815,0.06748,0
606925385099116543,0.0656756,0
606925385233334271,0.065703,0
606925385367551999,0.0666541,0
606925385501769727,0.0736993,0
606925385635987455,0.0761224,0
606925385770205183,0.0695582,0
606925386038640639,0.0676953,0
606925386172858367,0.0646323,0
606925386307076095,0.0617664,0
606925386441293823,0.0661605,0
606925386575511551,0.0718221,0
606925386709729279,0.0686863,0
606925386843947007,0.0622156,0
606925387112382463,0.060437,0
606925387246600191,0.0566889,0
606925387380817919,0.0569333,0
606925387515035647,0.0528582,0
606925387649253375,0.0621651,0
606925387783471103,0.0578623,0
606925387917688831,0.0628529,0
606925388186124287,0.0605184,0
606925388320342015,0.0530312,0
606925388454559743,0.0558493,0
606925388588777471,0.0498044,0
606925388722995199,0.0630413,0
606925388857212927,0.0603048,0
606925388991430655,0.0627936,0
606925389259866111,0.0773837,0
606925389394083839,0.0714043,0
606925389528301567,0.0817713,0
606925389662519295,0.0735446,0
606925389796737023,0.0847808,0
606925389930954751,0.0741135,0
606925390065172479,0.0856487,0
606925390333607935,0.0819322,0
606925390467825663,0.0852334,0
606925390602043391,0.0852524,0
606925390736261119,0.0742034,0
606925390870478847,0.090679,0
606925391004696575,0.0984988,0
606925391138914303,0.0897447,0
606925391407349759,0.0664789,0
606925391541567487,0.0738695,0
606925391675785215,0.0611094,0
606925391810002943,0.0648162,0
606925391944220671,0.0703263,0
606925392078438399,0.07204,0
606925392212656127,0.0600913,0
607134006827286527,0.137214,0
607134007364157439,0.0704881,0
607134017296269311,0.0578274,0
607134017430487039,0.0519821,0
607134017564704767,0.0532556,0
607134017698922495,0.0567816,0
607134017833140223,0.058113,0
607134017967357951,0.0528713,0
607134018101575679,0.0561738,0
607134018370011135,0.0573995,0
607134018638446591,0.0540458,0
607134018906882047,0.0613239,0
607134019175317503,0.0555099,0
607134019980623871,0.053619,0
607134020114841599,0.0526202,0
607134020249059327,0.0597199,0
607134021591236607,0.0581049,0
607134021725454335,0.0568348,0
607134021859672063,0.057767,0
607134021993889791,0.0546958,0
607134022128107519,0.0572533,0
607134022262325247,0.0570947,0
607134022396542975,0.057037,0
607134022664978431,0.0600756,0
607134022799196159,0.0609769,0
607134022933413887,0.0545723,0
607134023067631615,0.0612968,0
607134023201849343,0.13379,0
607134023336067071,0.146436,0
607134023470284799,0.0989598,0
607134023738720255,0.0607582,0
607134023872937983,0.0537282,0
607134024007155711,0.0597672,0
607134024141373439,0.0570009,0
607134024275591167,0.0587866,0
607134024409808895,0.0539375,0
607134024544026623,0.0621252,0
607134240634568703,0.071394,0
607134240768786431,0.0714302,0
607134240903004159,0.0624941,0
607134241037221887,0.0711388,0
607134241171439615,0.0676241,0
607134241305657343,0.0723917,0
607134241439875071,0.0644627,0
607134241976745983,0.0794477,0
607134242513616895,0.0763146,0
607134242782052351,0.0664176,0
607134242916270079,0.0675417,0
607134243050487807,0.0608832,0
607134243184705535,0.0659739,0
607134243318923263,0.0647407,0
607134243453140991,0.0720349,0
607134243587358719,0.0613004,0
607134243855794175,0.07903,0
607134243990011903,0.0880606,0
607134244124229631,0.0730901,0
607134244258447359,0.0843654,0
607134244392665087,0.0786928,0
607134244526882815,0.0861422,0
607134244661100543,0.0731016,0
607134244929535999,0.0596048,0
607134245063753727,0.0585703,0
607134245197971455,0.0614498,0
607134245332189183,0.0609384,0
607134245466406911,0.0666883,0
607134245600624639,0.0608941,0
607134245734842367,0.0686011,0
607134246003277823,0.0705889,0
607134246271713279,0.0719121,0
607134246405931007,0.0778598,0
607134246540148735,0.0717941,0
607134246808584191,0.067203,0
607134247077019647,0.0623932,0
607134247211237375,0.0580093,0
607134247345455103,0.0716403,0
607134247479672831,0.0557471,0
607134247613890559,0.0671556,0
607134247748108287,0.0632146,0
607134247882326015,0.0726477,0
607134257814437887,0.0571892,0
607134257948655615,0.0728357,0
607134258082873343,0.061471,0
607134258217091071,0.059165,0
607134258351308799,0.059631,0
607134258485526527,0.0654005,0
607134258619744255,0.0658227,0
607134258888179711,0.0578844,0
607134259022397439,0.0602024,0
607134259156615167,0.0656198,0
607134259290832895,0.0840835,0
607134259425050623,0.0609492,0
607134259559268351,0.0593087,0
607134259693486079,0.0671922,0
607134259961921535,0.0615888,0
607134260096139263,0.0585764,0
607134260230356991,0.0597222,0
607134260364574719,0.0972548,0
607134260498792447,0.0619893,0
607134260633010175,0.0567858,0
607134260767227903,0.0574353,0
607134261035663359,0.0579635,0
607134261169881087,0.063563,0
607134261304098815,0.0614013,0
607134261438316543,0.0608063,0
607134261572534271,0.0649128,0
607134261706751999,0.0611057,0
607134261840969727,0.0644776,0
607134262109405183,0.064894,0
607134262243622911,0.0601306,0
607134262377840639,0.0662143,0
607134262512058367,0.0652867,0
607134262646276095,0.0635977,0
607134262780493823,0.0603756,0
607134262914711551,0.0643515,0
607134263183147007,0.0720701,0
607134263317364735,0.0609182,0
607134263451582463,0.0611177,0
607134263585800191,0.0682948,0
607134263720017919,0.0725288,0
607134263854235647,0.0700979,0
607134263988453375,0.0665035,0
607134264256888831,0.0657482,0
607134264391106559,0.0642056,0
607134264525324287,0.0572263,0
607134264659542015,0.0598036,0
607134264793759743,0.0639096,0
607134264927977471,0.0621922,0
607134265062195199,0.0586234,0
607134266404372479,0.0741094,0
607134266538590207,0.0765434,0
607134266672807935,0.0612073,0
607134266807025663,0.0729496,0
607134266941243391,0.0698129,0
607134267075461119,0.0809978,0
607134267209678847,0.0644715,0
607134267746549759,0.0800783,0
607134268283420671,0.0856321,0
607134268551856127,0.0574477,0
607134268686073855,0.0605483,0
607134268820291583,0.058949,0
607134268954509311,0.0569158,0
607134269088727039,0.0587461,0
607134269222944767,0.0599699,0
607134269357162495,0.0573808,0
607134269625597951,0.0690759,0
607134269759815679,0.0690154,0
607134269894033407,0.0857882,0
607134270028251135,0.0685833,0
607134270162468863,0.0666658,0
607134270296686591,0.073848,0
607134270430904319,0.0798123,0
607134270699339775,0.0711743,0
607134270833557503,0.0690692,0
607134270967775231,0.062626,0
607134271101992959,0.0706428,0
607134271236210687,0.0715406,0
607134271370428415,0.0765218,0
607134271504646143,0.0628075,0
607134271773081599,0.0878179,0
607134272041517055,0.0734492,0
607134272175734783,0.0882982,0
607134272309952511,0.0900228,0
607134272578387967,0.0833888,0
607134272846823423,0.0645193,0
607134272981041151,0.0647926,0
607134273115258879,0.0706161,0
607134273249476607,0.0634546,0
607134273383694335,0.0608855,0
607134273517912063,0.0633142,0
607134273652129791,0.0678687,0
607134274994307071,0.0719836,0
607134275128524799,0.0700872,0
607134275262742527,0.0708763,0
607134275396960255,0.0677122,0
607134275531177983,0.0760892,0
607134275665395711,0.0789753,0
607134275799613439,0.0712491,0
607134277141790719,0.0749886,0
607134277276008447,0.0686036,0
607134277410226175,0.0690878,0
607134277544443903,0.0771361,0
607134277678661631,0.0718784,0
607134277812879359,0.0733712,0
607134277947097087,0.0776058,0
607134278215532543,0.0758982,0
607134278349750271,0.0808539,0
607134278483967999,0.0630373,0
607134278618185727,0.0708821,0
607134278752403455,0.0680711,0
607134278886621183,0.0812942,0
607134279020838911,0.0647416,0
607134279289274367,0.0697964,0
607134279423492095,0.0738135,0
607134279557709823,0.0707629,0
607134279691927551,0.0716063,0
607134279826145279,0.0712428,0
607134279960363007,0.0720593,0
607134280094580735,0.0712784,0
607134280631451647,0.076295,0
607134281168322559,0.085606,0
607134281436758015,0.0688402,0
607134281570975743,0.0807649,0
607134281705193471,0.0721446,0
607134281839411199,0.0692423,0
607134281973628927,0.068257,0
607134282107846655,0.0732625,0
607134282242064383,0.0690895,0
607134292174176255,0.0633679,0
607134292308393983,0.0608311,0
607134292442611711,0.0696324,0
607134292576829439,0.0630492,0
607134292711047167,0.0681586,0
607134292845264895,0.0643302,0
607134292979482623,0.0747942,0
607134293247918079,0.0683167,0
607134293382135807,0.0684306,0
607134293516353535,0.064503,0
607134293650571263,0.0726783,0
607134293784788991,0.0726848,0
607134293919006719,0.0666769,0
607134294053224447,0.0675481,0
607134294321659903,0.067901,0
607134294455877631,0.0655909,0
607134294590095359,0.0700278,0
607134294724313087,0.0677873,0
607134294858530815,0.0716609,0
607134294992748543,0.0676992,0
607134295126966271,0.0789676,0
607134295395401727,0.0660538,0
607134295529619455,0.0670624,0
607134295663837183,0.0615931,0
607134295798054911,0.0651409,0
607134295932272639,0.0626961,0
607134296066490367,0.0679426,0
607134296200708095,0.0616396,0
607134296469143551,0.0693272,0
607134296603361279,0.0692447,0
607134296737579007,0.0710388,0
607134296871796735,0.0767357,0
607134297006014463,0.0697556,0
607134297140232191,0.070541,0
607134297274449919,0.0654946,0
607134297542885375,0.0796548,0
607134297677103103,0.0760352,0
607134297811320831,0.0728189,0
607134297945538559,0.0719861,0
607134298079756287,0.0759077,0
607134298213974015,0.0763147,0
607134298348191743,0.0702008,0
607134298616627199,0.0654252,0
607134298750844927,0.0681911,0
607134298885062655,0.0636324,0
607134299019280383,0.0671802,0
607134299153498111,0.0669042,0
607134299287715839,0.0707008,0
607134299421933567,0.0655225,0
607136181959786495,0.0943652,0
607136182094004223,0.100949,0
607136182228221951,0.0879183,0
607136182362439679,0.0914081,0
607136182496657407,0.0933081,0
607136182630875135,0.136437,0
607136182765092863,0.090227,0
607136184107270143,0.0957789,0
607136184241487871,0.0942601,0
607136184375705599,0.0951022,0
607136184509923327,0.0943667,0
607136184644141055,0.0969659,0
607136184778358783,0.0930033,0
607136184912576511,0.100287,0
607136185181011967,0.0895247,0
607136185449447423,0.0871415,0
607136185583665151,0.0940429,0
607136185717882879,0.0930733,0
607136185986318335,0.095434,0
607136186254753791,0.0865086,0
607136186388971519,0.091405,0
607136186523189247,0.0885783,0
607136186657406975,0.100057,0
607136186791624703,0.0783389,0
607136186925842431,0.0844767,0
607136187060060159,0.0778189,0
607136187596931071,0.101203,0
607136188133801983,0.0938221,0
607136188402237439,0.0863409,0
607136188536455167,0.0920502,0
607136188670672895,0.0852327,0
607136188804890623,0.0905569,0
607136188939108351,0.0959306,0
607136189073326079,0.088979,0
607136189207543807,0.0886213,0
607136216319524863,0.0801316,0
607136216453742591,0.0806691,0
607136216587960319,0.0770258,0
607136216722178047,0.0755724,0
607136216856395775,0.0780917,0
607136216990613503,0.0806964,0
607136217124831231,0.0854558,0
607136218467008511,0.0793551,0
607136218601226239,0.0786522,0
607136218735443967,0.0757519,0
607136218869661695,0.0757777,0
607136219003879423,0.0808302,0
607136219138097151,0.0754318,0
607136219272314879,0.0858833,0
607136219540750335,0.078927,0
607136219809185791,0.0775111,0
607136219943403519,0.0894415,0
607136220077621247,0.0856067,0
607136220346056703,0.0833819,0
607136220614492159,0.0806023,0
607136220748709887,0.0780719,0
607136220882927615,0.0790339,0
607136221017145343,0.0862493,0
607136221151363071,0.0827885,0
607136221285580799,0.0773945,0
607136221419798527,0.0792705,0
607136221956669439,0.0745548,0
607136222493540351,0.0763106,0
607136222761975807,0.0824986,0
607136222896193535,0.0863454,0
607136223030411263,0.0850813,0
607136223164628991,0.0776092,0
607136223298846719,0.0772404,0
607136223433064447,0.0804147,0
607136223567282175,0.0824335,0
607136439657824255,0.118843,0
607136439792041983,0.111204,0
607136439926259711,0.108482,0
607136440060477439,0.110095,0
607136440194695167,0.105969,0
607136440328912895,0.117766,0
607136440463130623,0.108251,0
607136441805307903,0.105176,0
607136441939525631,0.0959925,0
607136442073743359,0.105804,0
607136442207961087,0.0946613,0
607136442342178815,0.105963,0
607136442476396543,0.103353,0
607136442610614271,0.103654,0
607136442879049727,0.0982632,0
607136443147485183,0.0953765,0
607136443281702911,0.10208,0
607136443415920639,0.108601,0
607136443684356095,0.0972461,0
607136443952791551,0.114037,0
607136444087009279,0.111925,0
607136444221227007,0.11524,0
607136444355444735,0.114225,0
607136444489662463,0.109432,0
607136444623880191,0.128937,0
607136444758097919,0.117379,0
607136445026533375,0.108916,0
607136445294968831,0.109738,0
607136445429186559,0.125362,0
607136445563404287,0.115617,0
607136445831839743,0.111591,0
607136446100275199,0.110013,0
607136446234492927,0.108151,0
607136446368710655,0.112665,0
607136446502928383,0.110316,0
607136446637146111,0.116856,0
607136446771363839,0.108035,0
607136446905581567,0.117793,0
607136456837693439,0.10969,0
607136456971911167,0.106176,0
607136457106128895,0.0986944,0
607136457240346623,0.104047,0
607136457374564351,0.105276,0
607136457508782079,0.111086,0
607136457642999807,0.103609,0
607136457911435263,0.0986967,0
607136458045652991,0.0894369,0
607136458179870719,0.0965165,0
607136458314088447,0.0894809,0
607136458448306175,0.104401,0
607136458582523903,0.0987836,0
607136458716741631,0.105939,0
607136458985177087,0.0963464,0
607136459119394815,0.101853,0
607136459253612543,0.0947354,0
607136459387830271,0.0963775,0
607136459522047999,0.0973042,0
607136459656265727,0.0997839,0
607136459790483455,0.0986691,0
607136460058918911,0.100002,0
607136460193136639,0.0825356,0
607136460327354367,0.0957855,0
607136460461572095,0.0925331,0
607136460595789823,0.100883,0
607136460730007551,0.0892986,0
607136460864225279,0.100016,0
607136461132660735,0.107715,0
607136461266878463,0.10697,0
607136461401096191,0.110725,0
607136461535313919,0.108173,0
607136461669531647,0.115322,0
607136461803749375,0.11224,0
607136461937967103,0.113831,0
607136462206402559,0.106641,0
607136462340620287,0.11058,0
607136462474838015,0.108846,0
607136462609055743,0.106716,0
607136462743273471,0.114677,0
607136462877491199,0.110912,0
607136463011708927,0.110803,0
607136463280144383,0.109775,0
607136463414362111,0.119361,0
607136463548579839,0.105735,0
607136463682797567,0.10234,0
607136463817015295,0.116294,0
607136463951233023,0.108056,0
607136464085450751,0.112379,0
607136465427628031,0.100893,0
607136465561845759,0.100534,0
607136465696063487,0.0933377,0
607136465830281215,0.0948971,0
607136465964498943,0.096099,0
607136466098716671,0.0997195,0
607136466232934399,0.0935946,0
607136467575111679,0.0885891,0
607136467709329407,0.0864305,0
607136467843547135,0.0858863,0
607136467977764863,0.0827038,0
607136468111982591,0.0919047,0
607136468246200319,0.0922708,0
607136468380418047,0.0881067,0
607136468648853503,0.0832223,0
607136468917288959,0.0862116,0
607136469051506687,0.0852166,0
607136469185724415,0.0930895,0
607136469454159871,0.0871488,0
607136469722595327,0.0940906,0
607136469856813055,0.0931816,0
607136469991030783,0.0920754,0
607136470125248511,0.0914847,0
607136470259466239,0.0968262,0
607136470393683967,0.0990752,0
607136470527901695,0.0932877,0
607136471064772607,0.0973405,0
607136471601643519,0.0954805,0
607136471870078975,0.0881497,0
607136472004296703,0.0907232,0
607136472138514431,0.0774179,0
607136472272732159,0.0830126,0
607136472406949887,0.0884675,0
607136472541167615,0.0889934,0
607136472675385343,0.0869957,0
607136474017562623,0.122108,0
607136474151780351,0.125033,0
607136474285998079,0.125024,0
607136474420215807,0.122805,0
607136474554433535,0.127538,0
607136474688651263,0.141568,0
607136474822868991,0.128384,0
607136475359739903,0.116579,0
607136475896610815,0.123241,0
607136476165046271,0.124578,0
607136476299263999,0.123191,0
607136476433481727,0.120564,0
607136476567699455,0.134321,0
607136476701917183,0.123148,0
607136476836134911,0.132371,0
607136476970352639,0.133266,0
607136477238788095,0.122413,0
607136477373005823,0.107319,0
607136477507223551,0.114814,0
607136477641441279,0.124354,0
607136477775659007,0.1165,0
607136477909876735,0.111752,0
607136478044094463,0.122473,0
607136478312529919,0.138,0
607136478446747647,0.144411,0
607136478580965375,0.142147,0
607136478715183103,0.151187,0
607136478849400831,0.141173,0
607136478983618559,0.136862,0
607136479117836287,0.145641,0
607136479386271743,0.135268,0
607136479654707199,0.129629,0
607136479788924927,0.149187,0
607136479923142655,0.153944,0
607136480191578111,0.133533,0
607136480460013567,0.146138,0
607136480594231295,0.152081,0
607136480728449023,0.146007,0
607136480862666751,0.14284,0
607136480996884479,0.142264,0
607136481131102207,0.149958,0
607136481265319935,0.138658,0
607136491197431807,0.122645,0
607136491331649535,0.330288,0
607136491465867263,0.123339,0
607136491600084991,0.12502,0
607136491734302719,0.121172,0
607136491868520447,0.13994,0
607136492002738175,0.138822,0
607136492271173631,0.141255,0
607136492405391359,0.11802,0
607136492539609087,0.301433,0
607136492673826815,0.123015,0
607136492808044543,0.122218,0
607136492942262271,0.118078,0
607136493076479999,0.304278,0
607136493344915455,0.120296,0
607136493479133183,0.117336,0
607136493613350911,0.12184,0
607136493747568639,0.119583,0
607136493881786367,0.129036,0
607136494016004095,0.124683,0
607136494150221823,0.129888,0
607136494418657279,0.117305,0
607136494552875007,0.115909,0
607136494687092735,0.114333,0
607136494821310463,0.117287,0
607136494955528191,0.145986,0
607136495089745919,0.121801,0
607136495223963647,0.119836,0
607136495492399103,0.136144,0
607136495626616831,0.122334,0
607136495760834559,0.120983,0
607136495895052287,0.13511,0
607136496029270015,0.12112,0
607136496163487743,0.125298,0
607136496297705471,0.119806,0
607136496566140927,0.134152,0
607136496700358655,0.125565,0
607136496834576383,0.119462,0
607136496968794111,0.119385,0
607136497103011839,0.129082,0
607136497237229567,0.138148,0
607136497371447295,0.122994,0
607136497639882751,0.116563,0
607136497774100479,0.128513,0
607136497908318207,0.122466,0
607136498042535935,0.126813,0
607136498176753663,0.12336,0
607136498310971391,0.131154,0
607136498445189119,0.118355,0
607387816577466367,0.000815919,0
607387816711684095,0,0
607387816845901823,0,0
607387816980119551,0,0
607387817114337279,0,0
607387817248555007,0,0
607387817651208191,0,0
607387817785425919,0,0
607387817919643647,0.00111274,0
607387818053861375,0.000695464,0
607387818188079103,0,0
607387818322296831,0,0
607387818456514559,0,0
607387818859167743,0,0
607387818993385471,0,0
607387819127603199,0,0
607387819396038655,0,0
607387819530256383,0,0
607387821006651391,0,0
607387821275086847,0,0
607387822214610943,0,0
607387822348828671,0,0
607387824093659135,0,0
607387824227876863,0.00910264,0
607387824362094591,0.00188001,0
607387824496312319,0.000167655,0
607387824630530047,0.00188001,0
607387824764747775,0.00583133,0
607387824898965503,0,0
607387825167400959,0.035844,0
607387825301618687,0.00872284,0
607387825435836415,0.00702374,0
607387825570054143,0.00721414,0
607387825704271871,0.00940059,0
607387825838489599,0.00197431,0
607387825972707327,0.0349036,0
607387826241142783,0,0
607387826375360511,0.00740668,0
607387826509578239,0.000220047,0
607387826643795967,0.0003441,0
607387826778013695,0.00188001,0
607387826912231423,0.00969924,0
607387827046449151,0.00020997,0
607387827314884607,0.0161622,0
607387827449102335,0.022438,0
607387827583320063,0.00556898,0
607387827717537791,0.0116536,0
607387827851755519,0.00348881,0
607387827985973247,0.0663846,0
607387828120190975,0.00539616,0
607387828388626431,0,0
607387828522844159,0.00188001,0
607387828657061887,0.00046624,0
607387828791279615,0,0
607387828925497343,0,0
607387829059715071,0,0
607387829193932799,0.00040796,0
607387829462368255,0.00517232,0
607387829596585983,0.0151568,0
607387829730803711,0.00188001,0
607387829865021439,0,0
607387829999239167,0,0
607387830133456895,0.00535496,0
607387830267674623,0.00188001,0
607387830536110079,0.000805717,0
607387830670327807,0.00161143,0
607387830804545535,0,0
607387830938763263,0.00107429,0
607387831072980991,0,0
607387831207198719,0,0
607387831341416447,0,0
607387832683593727,0,0
607387832817811455,0.00165473,0
607387832952029183,0.000695464,0
607387833086246911,0,0
607387833220464639,0,0
607387833354682367,0.00185457,0
607387833488900095,0,0
607387833757335551,0.00139093,0
607387833891553279,0.00111274,0
607387834025771007,0.00139093,0
607387834159988735,0.00111274,0
607387834294206463,0,0
607387834428424191,0.00185457,0
607387834562641919,0.00139093,0
607387834831077375,0.000695464,0
607387834965295103,0,0
607387835099512831,0,0
607387835233730559,0,0
607387835367948287,0.000695464,0
607387835502166015,0,0
607387835636383743,0.000695464,0
607387835904819199,0,0
607387836039036927,0,0
607387836173254655,0,0
607387836307472383,0,0
607387836441690111,0.00165473,0
607387836575907839,0.000695464,0
607387836710125567,0,0
607387837112778751,0,0
607387837515431935,0,0
607387837649649663,0,0
607387837783867391,0,0
607387838052302847,0,0
607387838186520575,0,0
607387838320738303,0,0
607387838454956031,0,0
607387838589173759,0,0
607387838723391487,0,0
607387838857609215,0,0
607387839126044671,0,0
607387839260262399,0.000695464,0
607387839394480127,0,0
607387839528697855,0,0
607387839662915583,0,0
607387839797133311,0,0
607387839931351039,0,0
607387841273528319,0.00128066,0
607387841407746047,0.000988003,0
607387841541963775,0.00066014,0
607387841676181503,0.000440093,0
607387841810399231,0.00131807,0
607387841944616959,0.000550117,0
607387842078834687,0.000770164,0
607387842347270143,0.00225102,0
607387842481487871,0.00094065,0
607387842615705599,0.000220047,0
607387842749923327,0.00108759,0
607387842884141055,0.000818689,0
607387843018358783,0.00114982,0
607387843152576511,0.000550117,0
607387843421011967,0.00265395,0
607387843555229695,0.0016015,0
607387843689447423,0.0016015,0
607387843823665151,0.00149147,0
607387843957882879,0.00193157,0
607387844092100607,0.0016015,0
607387844226318335,0.00193157,0
607387844494753791,0.00148364,0
607387844628971519,0.0003441,0
607387844763189247,0.00190819,0
607387844897406975,0.00122839,0
607387845031624703,0.000601693,0
607387845165842431,0.0003441,0
607387845300060159,0.00196677,0
607387845568495615,0,0
607387845702713343,0.000770164,0
607387845836931071,0,0
607387845971148799,0,0
607387846105366527,0,0
607387846239584255,0,0
607387846373801983,0.00185457,0
607387846642237439,0.00066014,0
607387846776455167,0.00118721,0
607387846910672895,0.00186828,0
607387847044890623,0.00109803,0
607387847179108351,0.000770164,0
607387847313326079,0.000440093,0
607387847447543807,0.000770164,0
607387847715979263,0,0
607387847850196991,0.000770164,0
607387847984414719,0,0
607387848118632447,0.000770164,0
607387848252850175,0.00111274,0
607387848387067903,0,0
607387848521285631,0.000541989,0
607387849863462911,0,0
607387849997680639,0,0
607387850534551551,0,0
607387851474075647,0,0
607387851742511103,0,0
607387852010946559,0,0
607387852279382015,0,0
607387852413599743,0,0
607387852547817471,0,0
607387852816252927,0.000639228,0
607387853218906111,0,0
607387855232172031,0,0
607387855366389759,0,0
607387855634825215,0,0
607387855769042943,0,0
607387855903260671,0,0
607387856037478399,0,0
607387856574349311,0,0
607387856708567039,0.00127846,0
607387858453397503,0,0
607387858587615231,0.00108789,0
607387858856050687,0.00163184,0
607387859124486143,0.000940003,0
607387859527139327,0.00163184,0
607387859661357055,0.00205127,0
607387859795574783,0.00163184,0
607387859929792511,0.00188001,0
607387860064010239,0.00163184,0
607387860198227967,0.00163184,0
607387860600881151,0,0
607387860735098879,0,0
607387861003534335,0,0
607387861674622975,0.00139872,0
607387861808840703,0.00196893,0
607387861943058431,0,0
607387862077276159,0,0
607387862211493887,0.00163184,0
607387862345711615,0.00285389,0
607387862479929343,0.00188001,0
607387863285235711,0,0
607387863419453439,0,0
607387863822106623,0,0
607387863956324351,0.00163184,0
607387864358977535,0,0
607387864493195263,0.00391936,0
607387865164283903,0,0
607387867445985279,0,0
607387867580203007,0,0
607387867714420735,0,0
607387868117073919,0,0
607387868251291647,0,0
607387868385509375,0,0
607387868519727103,0,0
607387868653944831,0.00127846,0
607387868788162559,0,0
607387868922380287,0,0
607387869325033471,0,0
607387869593468927,0,0
607387870264557567,0,0
607387870398775295,0,0
607387870532993023,0,0
607387870667210751,0,0
607387870801428479,0,0
607387870935646207,0,0
607387871069863935,0,0
607387871338299391,0,0
607387871472517119,0,0
607387871740952575,0,0
607387872009388031,0,0
607387872412041215,0,0
607387872546258943,0.00126791,0
607387872680476671,0,0
607387872814694399,0,0
607387872948912127,0,0
607387873083129855,0,0
607387873217347583,0,0
607387884223201279,0.101621,0
607387884357419007,0.0831038,0
607387884491636735,0.100565,0
607387884625854463,0.0754241,0
607387884760072191,0.0503581,0
607387884894289919,0.0560771,0
607387885028507647,0.0956407,0
607387885296943103,0.0608543,0
607387885431160831,0.0360631,0
607387885565378559,0.0602974,0
607387885699596287,0.0384213,0
607387885833814015,0.0668432,0
607387885968031743,0.0458186,0
607387886102249471,0.0626813,0
607387886370684927,0.066915,0
607387886504902655,0.0618665,0
607387886639120383,0.0850162,0
607387886773338111,0.043922,0
607387886907555839,0.0363673,0
607387887041773567,0.0802281,0
607387887175991295,0.0305749,0
607387887444426751,0.047709,0
607387887578644479,0.027514,0
607387887712862207,0.0448715,0
607387887847079935,0.0285403,0
607387887981297663,0.0515156,0
607387888115515391,0.0336647,0
607387888249733119,0.0582578,0
607387888518168575,0.0499566,0
607387888652386303,0.0580836,0
607387888786604031,0.0469232,0
607387888920821759,0.0564046,0
607387889055039487,0.0609898,0
607387889189257215,0.0557362,0
607387889323474943,0.0527237,0
607387889591910399,0.0787876,0
607387889726128127,0.07026,0
607387889860345855,0.0682867,0
607387889994563583,0.0618966,0
607387890128781311,0.117782,0
607387890262999039,0.0683027,0
607387890397216767,0.0993125,0
607387890665652223,0.0425265,0
607387890799869951,0.0998739,0
607387890934087679,0.030665,0
607387891068305407,0.0396902,0
607387891202523135,0.0691819,0
607387891336740863,0.0411567,0
607387891470958591,0.0571095,0
607387892813135871,0.0161851,0
607387892947353599,0.0149607,0
607387893081571327,0.0187457,0
607387893215789055,0.014133,0
607387893350006783,0.0210474,0
607387893484224511,0.0173778,0
607387893618442239,0.0250392,0
607387893886877695,0.0186032,0
607387894021095423,0.0180387,0
607387894155313151,0.0152093,0
607387894289530879,0.0173307,0
607387894423748607,0.0160511,0
607387894557966335,0.0180596,0
607387894692184063,0.0147823,0
607387894960619519,0.0117621,0
607387895094837247,0.0133497,0
607387895229054975,0.0123609,0
607387895363272703,0.0108522,0
607387895497490431,0.0169671,0
607387895631708159,0.0138225,0
607387895765925887,0.0103966,0
607387896034361343,0.0134184,0
607387896168579071,0.00953809,0
607387896302796799,0.0113133,0
607387896437014527,0.0120836,0
607387896571232255,0.0164418,0
607387896705449983,0.0124678,0
607387896839667711,0.0144238,0
607387897108103167,0.0249708,0
607387897242320895,0.027184,0
607387897376538623,0.0220831,0
607387897510756351,0.0246233,0
607387897644974079,0.0341405,0
607387897779191807,0.031612,0
607387897913409535,0.0294201,0
607387898181844991,0.0258447,0
607387898316062719,0.0193174,0
607387898450280447,0.0227458,0
607387898584498175,0.018329,0
607387898718715903,0.0244445,0
607387898852933631,0.0250673,0
607387898987151359,0.028681,0
607387899255586815,0.0144956,0
607387899389804543,0.0206608,0
607387899524022271,0.0192132,0
607387899658239999,0.0113974,0
607387899792457727,0.0241442,0
607387899926675455,0.0227983,0
607387900060893183,0.0263627,0
607387901403070463,0.0338948,0
607387901537288191,0.0946458,0
607387901671505919,0.0218964,0
607387901805723647,0.0332208,0
607387901939941375,0.0382234,0
607387902074159103,0.0310075,0
607387902208376831,0.0322893,0
607387902476812287,0.0207367,0
607387902611030015,0.0501105,0
607387902745247743,0.0698137,0
607387902879465471,0.0277838,0
607387903013683199,0.0272048,0
607387903147900927,0.0591763,0
607387903282118655,0.0266288,0
607387903550554111,0.0254589,0
607387903684771839,0.0204017,0
607387903818989567,0.0290917,0
607387903953207295,0.0261743,0
607387904087425023,0.020755,0
607387904221642751,0.0211276,0
607387904355860479,0.0266374,0
607387904624295935,0.0159073,0
607387904758513663,0.0150404,0
607387904892731391,0.0145362,0
607387905026949119,0.0118057,0
607387905161166847,0.0578667,0
607387905295384575,0.0225735,0
607387905429602303,0.0232034,0
607387905698037759,0.0220375,0
607387905832255487,0.0299393,0
607387905966473215,0.0208237,0
607387906100690943,0.0352105,0
607387906234908671,0.0329963,0
607387906369126399,0.0341655,0
607387906503344127,0.0221524,0
607387906771779583,0.024431,0
607387906905997311,0.0328964,0
607387907040215039,0.0296416,0
607387907174432767,0.0361155,0
607387907308650495,0.031015,0
607387907442868223,0.0218921,0
607387907577085951,0.0371984,0
607387907845521407,0.0415679,0
607387907979739135,0.0342036,0
607387908113956863,0.0285744,0
607387908248174591,0.0255674,0
607387908382392319,0.0208686,0
607387908516610047,0.0225615,0
607387908650827775,0.0768209,0
607387909993005055,0.0133235,0
607387910127222783,0.00718989,0
607387910261440511,0.0170851,0
607387910395658239,0.00993884,0
607387910529875967,0.00835652,0
607387910664093695,0.0160585,0
607387910798311423,0.0188465,0
607387911066746879,0.0112896,0
607387911200964607,0.0112783,0
607387911335182335,0.0077199,0
607387911469400063,0.0106816,0
607387911603617791,0.00951133,0
607387911737835519,0.0114133,0
607387911872053247,0.0109171,0
607387912140488703,0.0179786,0
607387912274706431,0.0108713,0
607387912408924159,0.0194957,0
607387912543141887,0.0127766,0
607387912677359615,0.0187668,0
607387912811577343,0.014764,0
607387912945795071,0.0159957,0
607387913214230527,0.0116894,0
607387913348448255,0.00931321,0
607387913482665983,0.00978878,0
607387913616883711,0.00960528,0
607387913751101439,0.0076774,0
607387913885319167,0.00907798,0
607387914019536895,0.0107021,0
607387914287972351,0.035401,0
607387914422190079,0.0154341,0
607387914556407807,0.0728084,0
607387914690625535,0.0258529,0
607387914824843263,0.050323,0
607387914959060991,0.0340277,0
607387915093278719,0.050079,0
607387915361714175,0.0165133,0
607387915495931903,0.00958906,0
607387915630149631,0.0183828,0
607387915764367359,0.0158776,0
607387915898585087,0.0190469,0
607387916032802815,0.0094659,0
607387916167020543,0.0180606,0
607387916435455999,0.0184144,0
607387916569673727,0.0292371,0
607387916703891455,0.0121908,0
607387916838109183,0.0147394,0
607387916972326911,0.0270312,0
607387917106544639,0.0536527,0
607387917240762367,0.022107,0
607387918582939647,0.0390318,0
607387918717157375,0.0574799,0
607387918851375103,0.0270215,0
607387918985592831,0.0533757,0
607387919119810559,0.0217238,0
607387919254028287,0.0458134,0
607387919388246015,0.0202633,0
607387919656681471,0.0943343,0
607387919790899199,0.0743991,0
607387919925116927,0.0993905,0
607387920059334655,0.0844923,0
607387920193552383,0.0729291,0
607387920327770111,0.0845622,0
607387920461987839,0.0742382,0
607387920730423295,0.0542535,0
607387920864641023,0.0950703,0
607387920998858751,0.0829919,0
607387921133076479,0.0862314,0
607387921267294207,0.0291951,0
607387921401511935,0.0747396,0
607387921535729663,0.0899824,0
607387921804165119,0.164522,0
607387921938382847,0.11675,0
607387922072600575,0.0721722,0
607387922206818303,0.152424,0
607387922341036031,0.16724,0
607387922475253759,0.111739,0
607387922609471487,0.158283,0
607387922877906943,0.0200845,0
607387923012124671,0.0205011,0
607387923146342399,0.01698,0
607387923280560127,0.0196325,0
607387923414777855,0.0163257,0
607387923548995583,0.0195473,0
607387923683213311,0.010109,0
607387923951648767,0.0552572,0
607387924085866495,0.0508254,0
607387924220084223,0.0409392,0
607387924354301951,0.0672833,0
607387924488519679,0.0175371,0
607387924622737407,0.0433412,0
607387924756955135,0.0307373,0
607387925025390591,0.0257677,0
607387925159608319,0.0168,0
607387925293826047,0.0229609,0
607387925428043775,0.0259521,0
607387925562261503,0.022658,0
607387925696479231,0.0182256,0
607387925830696959,0.017869,0
607387927172874239,0.0729287,0
607387927307091967,0.0445942,0
607387927441309695,0.0841883,0
607387927575527423,0.0496027,0
607387927709745151,0.0631336,0
607387927843962879,0.0512217,0
607387927978180607,0.068059,0
607387928246616063,0.030038,0
607387928380833791,0.0304579,0
607387928515051519,0.0297658,0
607387928649269247,0.028341,0
607387928783486975,0.0302271,0
607387928917704703,0.0289714,0
607387929051922431,0.0340698,0
607387929320357887,0.0666977,0
607387929454575615,0.043204,0
607387929588793343,0.0563953,0
607387929723011071,0.0543649,0
607387929857228799,0.0740433,0
607387929991446527,0.0633552,0
607387930125664255,0.0622645,0
607387930394099711,0.0365648,0
607387930528317439,0.0316127,0
607387930662535167,0.0316216,0
607387930796752895,0.0362536,0
607387930930970623,0.0367192,0
607387931065188351,0.0330693,0
607387931199406079,0.0399577,0
607387931467841535,0.0589696,0
607387931602059263,0.0681859,0
607387931736276991,0.051776,0
607387931870494719,0.06205,0
607387932004712447,0.055723,0
607387932138930175,0.0727608,0
607387932273147903,0.0623975,0
607387932541583359,0.0477503,0
607387932675801087,0.0381788,0
607387932810018815,0.0604354,0
607387932944236543,0.0380942,0
607387933078454271,0.0441798,0
607387933212671999,0.039977,0
607387933346889727,0.0649604,0
607387933615325183,0.070747,0
607387933749542911,0.0822727,0
607387933883760639,0.0592273,0
607387934017978367,0.0562742,0
607387934152196095,0.0610087,0
607387934286413823,0.0654955,0
607387934420631551,0.0748332,0
607387935762808831,0.00771281,0
607387935897026559,0.0108404,0
607387936031244287,0.00448678,0
607387936165462015,0.00508691,0
607387936299679743,0.00482686,0
607387936433897471,0.0116466,0
607387936568115199,0.00177207,0
607387936836550655,0.0512399,0
607387936970768383,0.0526932,0
607387937104986111,0.0236274,0
607387937239203839,0.0485791,0
607387937373421567,0.0208608,0
607387937507639295,0.057404,0
607387937641857023,0.0140948,0
607387937910292479,0.0128642,0
607387938044510207,0.0102536,0
607387938178727935,0.0123856,0
607387938312945663,0.0228565,0
607387938447163391,0.00318193,0
607387938581381119,0.00463955,0
607387938715598847,0.0112533,0
607387938984034303,0.0281671,0
607387939118252031,0.0304349,0
607387939252469759,0.0159241,0
607387939386687487,0.0344062,0
607387939520905215,0.0148968,0
607387939655122943,0.0254712,0
607387939789340671,0.0104442,0
607387940057776127,0.0087922,0
607387940191993855,0.00830151,0
607387940326211583,0.00270433,0
607387940460429311,0.00164269,0
607387940594647039,0.00754947,0
607387940728864767,0.00901402,0
607387940863082495,0.0083663,0
607387941131517951,0.0160326,0
607387941265735679,0.0178972,0
607387941399953407,0.0124572,0
607387941534171135,0.0143318,0
607387941668388863,0.0155767,0
607387941802606591,0.022929,0
607387941936824319,0.01226,0
607387942205259775,0.00356766,0
607387942339477503,0.00121941,0
607387942473695231,0.00356766,0
607387942607912959,0.00751898,0
607387942742130687,0.00297564,0
607387942876348415,0.00134879,0
607387943010566143,0.00531163,0
607387952942678015,0,0
607387953076895743,0.00212582,0
607387953211113471,0.00224404,0
607387953345331199,0.00267059,0
607387953479548927,0.00212582,0
607387953613766655,0.00212582,0
607387953747984383,0.00269284,0
607387954016419839,0.000695464,0
607387954150637567,0.00104502,0
607387954284855295,0.00347203,0
607387954419073023,0.00104502,0
607387954553290751,0.00212582,0
607387954687508479,0.000927285,0
607387954821726207,0.00212582,0
607387955090161663,0.00224404,0
607387955224379391,0.00224404,0
607387955358597119,0.000853107,0
607387955492814847,0.00224404,0
607387955627032575,0.00224404,0
607387955761250303,0.00224404,0
607387955895468031,0.000853107,0
607387956163903487,0.00215846,0
607387956298121215,0.00104502,0
607387956432338943,0.00215846,0
607387956566556671,0.00104502,0
607387956700774399,0.00347203,0
607387956834992127,0.00092104,0
607387956969209855,0.00224404,0
607387957237645311,0.00538427,0
607387957371863039,0.00224404,0
607387957506080767,0.00356078,0
607387957640298495,0.00356078,0
607387957774516223,0.00139093,0
607387957908733951,0.00224404,0
607387958042951679,0,0
607387958311387135,0.00139093,0
607387958445604863,0.00139093,0
607387958579822591,0.00139093,0
607387958714040319,0.00139093,0
607387958848258047,0.00213647,0
607387958982475775,0.00139093,0
607387959116693503,0.00406752,0
607387959385128959,0,0
607387959519346687,0.00224404,0
607387959653564415,0.001721,0
607387959787782143,0.00224404,0
607387959921999871,0.00066014,0
607387960190435327,0.00066014,0
607387961532612607,0.00124392,0
607387961666830335,0.00171529,0
607387961801048063,0.0116847,0
607387961935265791,0.0122662,0
607387962069483519,0.00124392,0
607387962203701247,0.0016235,0
607387962337918975,0.0011614,0
607387962606354431,0.0028954,0
607387962740572159,0.0141778,0
607387962874789887,0.00182018,0
607387963009007615,0.0028954,0
607387963143225343,0.00314844,0
607387963277443071,0.00950763,0
607387963411660799,0.00314844,0
607387963680096255,0.00143216,0
607387963814313983,0.00125571,0
607387963948531711,0.00143216,0
607387964082749439,0.00152646,0
607387964216967167,0.00772836,0
607387964351184895,0.0124093,0
607387964485402623,0.00189425,0
607387964753838079,0.0121671,0
607387964888055807,0.00951442,0
607387965022273535,0.00726701,0
607387965156491263,0.0130801,0
607387965290708991,0.00664721,0
607387965424926719,0.00340811,0
607387965559144447,0.0116767,0
607387965827579903,0.00104502,0
607387965961797631,0.00159376,0
607387966096015359,0.00104502,0
607387966230233087,0.00104502,0
607387966364450815,0.00104502,0
607387966498668543,0.00104502,0
607387966632886271,0.00104502,0
607387966901321727,0.0019903,0
607387967035539455,0.00365414,0
607387967169757183,0.0011614,0
607387967303974911,0.00314844,0
607387967438192639,0.00141731,0
607387967572410367,0.0021292,0
607387967706628095,0.0014846,0
607387967975063551,0.00104502,0
607387968109281279,0.00431424,0
607387968243499007,0.00104502,0
607387968377716735,0.00134366,0
607387968511934463,0.00104502,0
607387968646152191,0.00104502,0
607387968780369919,0.00104502,0
607387970659418111,0,0
607387970793635839,0.000853107,0
607387971196289023,0,0
607387971330506751,0.00106618,0
607387971464724479,0,0
607387971598942207,0,0
607387971733159935,0,0
607387971867377663,0.00127926,0
607387972001595391,0,0
607387975491256319,0,0
607387975625474047,0.00102373,0
607387975759691775,0,0
607387975893909503,0,0
607387976028127231,0,0
607387976162344959,0.00139093,0
607387978712481791,0.00130698,0
607387978846699519,0.0034192,0
607387978980917247,0.00309215,0
607387979115134975,0.00953943,0
607387979249352703,0.00387995,0
607387979383570431,0.00263465,0
607387979517788159,0.00230243,0
607387979786223615,0.00189425,0
607387979920441343,0.00152646,0
607387980054659071,0.00161479,0
607387980188876799,0.00302955,0
607387980323094527,0.0034192,0
607387980457312255,0.00161479,0
607387980591529983,0.0034192,0
607387981933707263,0.0062995,0
607387982067924991,0.00161479,0
607387982470578175,0.00171507,0
607387982604795903,0.00463125,0
607387982739013631,0.0117615,0
607387983007449087,0.000877557,0
607387983141666815,0.00291642,0
607387983275884543,0.00143293,0
607387983410102271,0.00466467,0
607387983544319999,0.00215846,0
607387983678537727,0.00159891,0
607387983812755455,0.000767534,0
607387984081190911,0.00113933,0
607387984215408639,0.00143216,0
607387984349626367,0.00115504,0
607387984483844095,0.00104502,0
607387984618061823,0.00104502,0
607387984752279551,0.00104502,0
607387984886497279,0.00104502,0
607387985289150463,0.0041752,0
607387985691803647,0.000767534,0
607387985826021375,0.00450264,0
607387987302416383,0,0
607387987570851839,0,0
607387987839287295,0,0
607387987973505023,0,0
607387988107722751,0,0
607387988376158207,0,0
607387988510375935,0,0
607387988778811391,0,0
607387989047246847,0,0
607387989181464575,0,0
607387989584117759,0,0
607387989852553215,0,0
607387990120988671,0,0
607387990523641855,0,0
607387990657859583,0,0
607387990792077311,0.00102373,0
607387990926295039,0.00102373,0
607387991194730495,0,0
607387991328948223,0,0
607387991731601407,0,0
607387992000036863,0.00139093,0
607387992671125503,0,0
607387992805343231,0,0
607387992939560959,0,0
607387993073778687,0,0
607387993207996415,0,0
607387993342214143,0,0
607387993476431871,0,0
607387994281738239,0,0
607387994550173695,0,0
607387995892350975,0.000695464,0
607387996026568703,0.00127309,0
607387996160786431,0.000695464,0
607387996295004159,0.000888005,0
607387996429221887,0,0
607387996563439615,0.00139093,0
607387996697657343,0,0
607387996966092799,0.00126507,0
607387997100310527,0.00273958,0
607387997234528255,0.00115504,0
607387997368745983,0.00115504,0
607387997502963711,0.00171152,0
607387997637181439,0.00258959,0
607387997771399167,0.00148511,0
607387998039834623,0.000927285,0
607387998174052351,0.00104502,0
607387998308270079,0.00316022,0
607387998442487807,0,0
607387998710923263,0.000695464,0
607387998845140991,0.000927285,0
607387999113576447,0.00104502,0
607387999247794175,0.00120662,0
607387999382011903,0.00104502,0
607387999516229631,0.00104502,0
607387999650447359,0.00104502,0
607387999784665087,0.00104502,0
607387999918882815,0.00104502,0
607388000187318271,0,0
607388000321535999,0,0
607388000455753727,0,0
607388000589971455,0,0
607388000724189183,0,0
607388000858406911,0,0
607388000992624639,0,0
607388001663713279,0.000770164,0
607388002334801919,0,0
607388002469019647,0,0
607388002603237375,0,0
607388002737455103,0.00139093,0
607388002871672831,0,0
607388003005890559,0,0
607388003140108287,0,0
607388004482285567,0,0
607388004616503295,0,0
607388004750721023,0,0
607388004884938751,0,0
607388005153374207,0,0
607388005556027391,0,0
607388005690245119,0,0
607388005824462847,0,0
607388005958680575,0,0
607388006092898303,0,0
607388006227116031,0,0
607388006361333759,0,0
607388007300857855,0,0
607388008240381951,0,0
607388008508817407,0,0
607388009850994687,0,0
607388009985212415,0,0
607388010253647871,0,0
607388010656301055,0,0
607388021662154751,0.0105584,0
607388021796372479,0.00599481,0
607388021930590207,0.00860772,0
607388022064807935,0.00580754,0
607388022199025663,0.00687719,0
607388022333243391,0.00806739,0
607388022467461119,0.00932351,0
607388022735896575,0.0285565,0
607388022870114303,0.0118932,0
607388023004332031,0.0396578,0
607388023138549759,0.0220663,0
607388023272767487,0.0383063,0
607388023406985215,0.0215313,0
607388023541202943,0.0375696,0
607388023809638399,0.0100536,0
607388023943856127,0.00889188,0
607388024078073855,0.00779458,0
607388024212291583,0.021412,0
607388024346509311,0.00895117,0
607388024480727039,0.010749,0
607388024614944767,0.0090242,0
607388024883380223,0.00943269,0
607388025017597951,0.0146324,0
607388025151815679,0.0134957,0
607388025286033407,0.00935732,0
607388025420251135,0.00881652,0
607388025554468863,0.0219012,0
607388025688686591,0.00935732,0
607388025957122047,0.0117969,0
607388026091339775,0.0060916,0
607388026225557503,0.0373258,0
607388026359775231,0.0110247,0
607388026493992959,0.012243,0
607388026628210687,0.0104401,0
607388026762428415,0.00895907,0
607388027030863871,0.0101138,0
607388027165081599,0.0286367,0
607388027299299327,0.00579987,0
607388027433517055,0.0126186,0
607388027567734783,0.00972734,0
607388027701952511,0.0141949,0
607388027836170239,0.00651845,0
607388028104605695,0.0108949,0
607388028238823423,0.00861407,0
607388028373041151,0.0111637,0
607388028507258879,0.00807071,0
607388028641476607,0.0096857,0
607388028775694335,0.0101967,0
607388028909912063,0.00963912,0
607388030252089343,0.0132706,0
607388030386307071,0.0123224,0
607388030520524799,0.0154406,0
607388030654742527,0.0142408,0
607388030788960255,0.0178302,0
607388030923177983,0.0126207,0
607388031057395711,0.0171529,0
607388031325831167,0.0249508,0
607388031460048895,0.0240358,0
607388031594266623,0.0188216,0
607388031728484351,0.0209377,0
607388031862702079,0.0193134,0
607388031996919807,0.0337861,0
607388032131137535,0.0207558,0
607388032399572991,0.00880563,0
607388032533790719,0.0100772,0
607388032668008447,0.0088742,0
607388032802226175,0.010577,0
607388032936443903,0.0207819,0
607388033070661631,0.0110104,0
607388033204879359,0.0136402,0
607388033473314815,0.0147382,0
607388033607532543,0.0125846,0
607388033741750271,0.0115968,0
607388033875967999,0.0200268,0
607388034010185727,0.0220229,0
607388034144403455,0.014864,0
607388034278621183,0.0118678,0
607388034547056639,0.0152946,0
607388034681274367,0.0231745,0
607388034815492095,0.0122867,0
607388034949709823,0.015385,0
607388035083927551,0.0133237,0
607388035218145279,0.0139577,0
607388035352363007,0.0182674,0
607388035620798463,0.0129299,0
607388035755016191,0.0159869,0
607388035889233919,0.0107184,0
607388036023451647,0.0104251,0
607388036157669375,0.00937132,0
607388036291887103,0.0144617,0
607388036426104831,0.00909161,0
607388036694540287,0.0177023,0
607388036828758015,0.0182879,0
607388036962975743,0.0212661,0
607388037097193471,0.0182666,0
607388037231411199,0.0141016,0
607388037365628927,0.0195492,0
607388037499846655,0.0219491,0
607388038842023935,0.00301397,0
607388038976241663,0.00285237,0
607388039110459391,0.00523388,0
607388039244677119,0.0123388,0
607388039378894847,0.00357252,0
607388039513112575,0.00552076,0
607388039647330303,0.00541503,0
607388039915765759,0.00825839,0
607388040049983487,0.0112576,0
607388040184201215,0.00625286,0
607388040318418943,0.00800853,0
607388040452636671,0.00685283,0
607388040586854399,0.0165298,0
607388040721072127,0.00718242,0
607388040989507583,0.034543,0
607388041123725311,0.00758995,0
607388041257943039,0.0932574,0
607388041392160767,0.025815,0
607388041526378495,0.0257305,0
607388041660596223,0.00815003,0
607388041794813951,0.038145,0
607388042063249407,0.00375907,0
607388042197467135,0.00379128,0
607388042331684863,0.00533146,0
607388042465902591,0.0089509,0
607388042600120319,0.00558195,0
607388042734338047,0.00564931,0
607388042868555775,0.00371675,0
607388043136991231,0.0181519,0
607388043271208959,0.00851367,0
607388043405426687,0.0242852,0
607388043539644415,0.0101218,0
607388043673862143,0.00301397,0
607388043808079871,0.0180016,0
607388043942297599,0.0115254,0
607388044210733055,0.00592787,0
607388044344950783,0.0115607,0
607388044479168511,0.00393613,0
607388044613386239,0.00700885,0
607388044747603967,0.0085627,0
607388044881821695,0.00629872,0
607388045016039423,0.00357252,0
607388045284474879,0.0380787,0
607388045418692607,0.0316452,0
607388045552910335,0.0251586,0
607388045687128063,0.0295439,0
607388045821345791,0.0196311,0
607388045955563519,0.0226121,0
607388046089781247,0.00598983,0
607388047431958527,0.00962306,0
607388047566176255,0.00718456,0
607388047700393983,0.0121673,0
607388047834611711,0.00850334,0
607388047968829439,0.0103946,0
607388048103047167,0.00902994,0
607388048237264895,0.017817,0
607388048505700351,0.010427,0
607388048639918079,0.0148264,0
607388048774135807,0.00830218,0
607388048908353535,0.0105474,0
607388049042571263,0.00777788,0
607388049176788991,0.0111522,0
607388049311006719,0.00771048,0
607388049579442175,0.0137496,0
607388049713659903,0.0104805,0
607388049847877631,0.0122053,0
607388049982095359,0.0135717,0
607388050116313087,0.0156714,0
607388050250530815,0.00866195,0
607388050384748543,0.014565,0
607388050653183999,0.00678742,0
607388050787401727,0.00605588,0
607388050921619455,0.00508478,0
607388051055837183,0.0069355,0
607388051190054911,0.00725199,0
607388051324272639,0.00568373,0
607388051458490367,0.00901786,0
607388051726925823,0.0156452,0
607388051861143551,0.0159613,0
607388051995361279,0.0191535,0
607388052129579007,0.0156225,0
607388052263796735,0.0274305,0
607388052398014463,0.0206966,0
607388052532232191,0.0253494,0
607388052800667647,0.0200313,0
607388052934885375,0.00822183,0
607388053069103103,0.0188156,0
607388053203320831,0.00737755,0
607388053337538559,0.0220952,0
607388053471756287,0.0156805,0
607388053605974015,0.0201621,0
607388053874409471,0.0111041,0
607388054008627199,0.01218,0
607388054142844927,0.0112513,0
607388054277062655,0.0154912,0
607388054411280383,0.0218486,0
607388054545498111,0.0196169,0
607388054679715839,0.00763769,0
607388056021893119,0.0140618,0
607388056156110847,0.0214299,0
607388056290328575,0.00937606,0
607388056424546303,0.0219279,0
607388056558764031,0.0152783,0
607388056692981759,0.0197965,0
607388056827199487,0.0143466,0
607388057095634943,0.0171051,0
607388057229852671,0.0101797,0
607388057364070399,0.0157951,0
607388057498288127,0.00896069,0
607388057632505855,0.0335885,0
607388057766723583,0.0235431,0
607388057900941311,0.0193691,0
607388058169376767,0.00491796,0
607388058303594495,0.0111143,0
607388058437812223,0.0071446,0
607388058572029951,0.0236275,0
607388058706247679,0.0100182,0
607388058840465407,0.00909456,0
607388058974683135,0.00825,0
607388059243118591,0.0102541,0
607388059377336319,0.00825918,0
607388059511554047,0.010848,0
607388059645771775,0.00722013,0
607388059779989503,0.0182771,0
607388059914207231,0.0124684,0
607388060048424959,0.0176239,0
607388060316860415,0.00122715,0
607388060451078143,0.00678017,0
607388060585295871,0.00105054,0
607388060719513599,0.0101351,0
607388060853731327,0.00176429,0
607388060987949055,0.0019409,0
607388061122166783,0.00286097,0
607388061390602239,0.0226276,0
607388061524819967,0.036715,0
607388061659037695,0.0190315,0
607388061793255423,0.0355211,0
607388061927473151,0.0338865,0
607388062061690879,0.0211919,0
607388062195908607,0.0187537,0
607388062464344063,0.037856,0
607388062598561791,0.0222587,0
607388062732779519,0.0003441,0
607388062866997247,0.00544501,0
607388063001214975,0.0003441,0
607388063135432703,0.00376648,0
607388063269650431,0.00089201,0
607388064611827711,0.026496,0
607388064746045439,0.0175223,0
607388064880263167,0.0250576,0
607388065014480895,0.00988116,0
607388065148698623,0.039067,0
607388065282916351,0.0143977,0
607388065417134079,0.0285964,0
607388065685569535,0.0181114,0
607388065819787263,0.00785429,0
607388065954004991,0.0144812,0
607388066088222719,0.0104335,0
607388066222440447,0.0209016,0
607388066356658175,0.0152588,0
607388066490875903,0.0153378,0
607388066759311359,0.0314784,0
607388066893529087,0.00970152,0
607388067027746815,0.0428871,0
607388067161964543,0.010996,0
607388067296182271,0.0271567,0
607388067430399999,0.0203146,0
607388067564617727,0.0402085,0
607388067833053183,0.0138767,0
607388067967270911,0.0109291,0
607388068101488639,0.0120207,0
607388068235706367,0.00949727,0
607388068369924095,0.0129945,0
607388068504141823,0.0100401,0
607388068638359551,0.0149857,0
607388068906795007,0.00966482,0
607388069041012735,0.0158081,0
607388069175230463,0.00813856,0
607388069309448191,0.0187195,0
607388069443665919,0.019621,0
607388069577883647,0.00842717,0
607388069712101375,0.0150954,0
607388069980536831,0.0280824,0
607388070114754559,0.0141491,0
607388070248972287,0.0397599,0
607388070383190015,0.0205457,0
607388070517407743,0.0173414,0
607388070651625471,0.0141046,0
607388070785843199,0.019295,0
607388071054278655,0.0118953,0
607388071188496383,0.0340984,0
607388071322714111,0.0111831,0
607388071456931839,0.0152059,0
607388071591149567,0.0142328,0
607388071725367295,0.025478,0
607388071859585023,0.00616615,0
607388073201762303,0.00780011,0
607388073335980031,0.0117118,0
607388073470197759,0.00667107,0
607388073604415487,0.0146931,0
607388073738633215,0.00310541,0
607388073872850943,0.0105057,0
607388074007068671,0.0015055,0
607388074275504127,0.0104099,0
607388074409721855,0.0115162,0
607388074543939583,0.0166694,0
607388074678157311,0.0235728,0
607388074812375039,0.00910614,0
607388074946592767,0.0199942,0
607388075080810495,0.0125455,0
607388075349245951,0.0114337,0
607388075483463679,0.0118658,0
607388075617681407,0.00514838,0
607388075751899135,0.0137621,0
607388075886116863,0.00527253,0
607388076020334591,0.014532,0
607388076154552319,0.0019903,0
607388076422987775,0.0183274,0
607388076557205503,0.0195831,0
607388076691423231,0.00633045,0
607388076825640959,0.010937,0
607388076959858687,0.00841949,0
607388077094076415,0.0444063,0
607388077228294143,0.00483941,0
607388077496729599,0.00111837,0
607388077630947327,0.00111837,0
607388077765165055,0.00213298,0
607388077899382783,0.00349254,0
607388078033600511,0.00149147,0
607388078167818239,0.00321543,0
607388078302035967,0.00166808,0
607388078570471423,0.00310541,0
607388078704689151,0.00483941,0
607388078838906879,0.00310541,0
607388078973124607,0.00643797,0
607388079107342335,0.00111837,0
607388079241560063,0.00329402,0
607388079375777791,0.00310541,0
607388079644213247,0.0015055,0
607388079778430975,0.0019903,0
607388079912648703,0.0016671,0
607388080046866431,0.0016671,0
607388080181084159,0.0014846,0
607388080315301887,0.00201134,0
607388080449519615,0.00152668,0
607388094676598783,0,0
607388094945034239,0.00466464,0
607388095079251967,0,0
607388095213469695,0,0
607388095481905151,0,0
607388097360953343,0,0
607388097495171071,0.00659173,0
607388098971566079,0.00294192,0
607388099105783807,0.00455237,0
607388099240001535,0.00520442,0
607388099374219263,0.00553587,0
607388099776872447,0.00445124,0
607388100045307903,0.00230269,0
607388100179525631,0.00166346,0
607388100313743359,0.00208961,0
607388100447961087,0.00166346,0
607388100582178815,0.00483009,0
607388100716396543,0.00313325,0
607388100850614271,0.00560126,0
607388101655920639,0,0
607388101790138367,0.00566651,0
607388102192791551,0.00230269,0
607388102327009279,0.00166346,0
607388102461227007,0,0
607388102729662463,0.00332579,0
607388102863880191,0.00313325,0
607388102998097919,0.00633822,0
607388104474492927,0.00960997,0
607388104742928383,0.00787451,0
607388105414017023,0.00520442,0
607388105682452479,0,0
607388105816670207,0.00112224,0
607388106219323391,0.0263126,0
607388109708984319,0.0337188,0
607388109977419775,0.00455783,0
607388110111637503,0,0
607388119372660735,0,0
607388119506878463,0,0
607388119641096191,0,0
607388119775313919,0,0
607388143129198591,0,0
607388159101108223,0.000481352,0
607388159235325951,0.000481352,0
607388159369543679,0.000609713,0
607388159503761407,0.000858107,0
607388159637979135,0.00187228,0
607388159772196863,0.00187228,0
607388159906414591,0.000352992,0
607388160174850047,0.000385082,0
607388160309067775,0.00182438,0
607388160443285503,0.000481352,0
607388160577503231,0.00128043,0
607388160711720959,0.00177601,0
607388160845938687,0.000308065,0
607388160980156415,0.00177601,0
607388161248591871,0.000543946,0
607388161382809599,0.000513442,0
607388161517027327,0.00145148,0
607388161651245055,0.000652735,0
607388161785462783,0.00183349,0
607388161919680511,0.0016706,0
607388162053898239,0.00202544,0
607388162322333695,0.000831769,0
607388162456551423,0,0
607388162590769151,0,0
607388162859204607,0.00077559,0
607388162993422335,0,0
607388163127640063,0.000738073,0
607388163396075519,0.000224631,0
607388163530293247,0.000481352,0
607388163664510975,0.000224631,0
607388163798728703,0.000481352,0
607388163932946431,0.000224631,0
607388164067164159,0.000224631,0
607388164201381887,0.00106836,0
607388164469817343,0.00137655,0
607388164604035071,0.00192042,0
607388164738252799,0.00129193,0
607388164872470527,0.00187228,0
607388165006688255,0.0013823,0
607388165140905983,0.0013823,0
607388165275123711,0.000336947,0
607388165543559167,0.00352242,0
607388165677776895,0.00386363,0
607388165811994623,0.00504894,0
607388165946212351,0.00347998,0
607388166080430079,0.000758801,0
607388166214647807,0.00121894,0
607388166348865535,0.00620121,0
607388167691042815,0.00903104,0
607388167825260543,0.0106642,0
607388167959478271,0.00942857,0
607388168093695999,0.0126052,0
607388168227913727,0.0247222,0
607388168362131455,0.00993322,0
607388168496349183,0.0100368,0
607388168764784639,0.014944,0
607388168899002367,0.0269832,0
607388169033220095,0.0130529,0
607388169167437823,0.0172218,0
607388169301655551,0.0197242,0
607388169435873279,0.0337081,0
607388169570091007,0.0108887,0
607388169838526463,0.00794683,0
607388169972744191,0.010987,0
607388170106961919,0.00970771,0
607388170241179647,0.010109,0
607388170375397375,0.010209,0
607388170509615103,0.011097,0
607388170643832831,0.00874943,0
607388170912268287,0.0196982,0
607388171046486015,0.0168496,0
607388171180703743,0.0135557,0
607388171314921471,0.024589,0
607388171449139199,0.0152185,0
607388171583356927,0.01824,0
607388171717574655,0.00989867,0
607388171986010111,0.00205543,0
607388172120227839,0.0104513,0
607388172254445567,0.00205543,0
607388172388663295,0.00285002,0
607388172522881023,0.00188001,0
607388172657098751,0.0241442,0
607388172791316479,0.00163184,0
607388173059751935,0.0111628,0
607388173193969663,0.0133965,0
607388173328187391,0.0120616,0
607388173462405119,0.00932653,0
607388173596622847,0.00932653,0
607388173730840575,0.0118248,0
607388173865058303,0.0123956,0
607388174133493759,0.00196878,0
607388174267711487,0.00954203,0
607388174401929215,0.00196878,0
607388174536146943,0.00261997,0
607388174670364671,0.00196878,0
607388174804582399,0.00297005,0
607388174938800127,0.00266425,0
607388176280977407,0.000775407,0
607388176415195135,0.000775407,0
607388176549412863,0.000775407,0
607388176683630591,0.000775407,0
607388176817848319,0.0016142,0
607388176952066047,0.000919813,0
607388177086283775,0.00222829,0
607388177354719231,0.000367448,0
607388177488936959,0.000656561,0
607388177623154687,0.00113761,0
607388177757372415,0,0
607388177891590143,0.000919813,0
607388178025807871,0.00172772,0
607388178160025599,0.00111235,0
607388178428461055,0,0
607388178562678783,0,0
607388178696896511,0,0
607388178831114239,0,0
607388178965331967,0,0
607388179099549695,0,0
607388179233767423,0,0
607388179502202879,0,0
607388179636420607,0,0
607388179770638335,0,0
607388179904856063,0,0
607388180039073791,0.000426152,0
607388180173291519,0.000144406,0
607388180307509247,0,0
607388180575944703,0.00488313,0
607388180710162431,0.00379285,0
607388180844380159,0.00165471,0
607388180978597887,0.0016142,0
607388181112815615,0.00504818,0
607388181247033343,0.00601534,0
607388181381251071,0.0023727,0
607388181649686527,0.00394198,0
607388181783904255,0.00324106,0
607388181918121983,0.00309847,0
607388182052339711,0.00249272,0
607388182186557439,0.00475904,0
607388182320775167,0.00396458,0
607388182454992895,0.00626802,0
607388182723428351,0.00166346,0
607388182857646079,0.00188001,0
607388182991863807,0.00166346,0
607388183126081535,0,0
607388183260299263,0.00166346,0
607388183394516991,0.0023727,0
607388183528734719,0.00469746,0
607388184870911999,0.00163184,0
607388185005129727,0.00687225,0
607388185139347455,0.00188001,0
607388185273565183,0.0125969,0
607388185407782911,0.00271056,0
607388185542000639,0.00283997,0
607388185676218367,0.00295,0
607388185944653823,0.00797495,0
607388186078871551,0.00812809,0
607388186213089279,0.0100322,0
607388186347307007,0.0161982,0
607388186481524735,0.00783681,0
607388186615742463,0.00783681,0
607388186749960191,0.00959506,0
607388187018395647,0.00297812,0
607388187152613375,0.00923889,0
607388187286831103,0.00163184,0
607388187421048831,0.00291576,0
607388187555266559,0.00284412,0
607388187689484287,0.00314455,0
607388187823702015,0.00488347,0
607388188092137471,0.00862272,0
607388188226355199,0.0106431,0
607388188360572927,0.0119975,0
607388188494790655,0.0336998,0
607388188629008383,0.0259715,0
607388188763226111,0.0142657,0
607388188897443839,0.0101387,0
607388189165879295,0.000566068,0
607388189300097023,0.0025822,0
607388189434314751,0.000224631,0
607388189568532479,0.00271056,0
607388189702750207,0.000556371,0
607388189836967935,0,0
607388189971185663,0.000973239,0
607388190239621119,0.00163184,0
607388190373838847,0.0110871,0
607388190508056575,0.00163184,0
607388190642274303,0.0040193,0
607388190910709759,0.00495764,0
607388191044927487,0.00163184,0
607388191313362943,8.25175e-05,0
607388191447580671,0.00297812,0
607388191581798399,9.43057e-05,0
607388191716016127,0.00501747,0
607388191850233855,0.000639228,0
607388191984451583,0.00124499,0
607388192118669311,0,0
607388193460846591,0.000639228,0
607388193729282047,0.000192541,0
607388193863499775,0,0
607388193997717503,0.00127846,0
607388194131935231,0,0
607388194266152959,0.00293391,0
607388194668806143,0.000144406,0
607388194937241599,0.000144406,0
607388195339894783,0,0
607388195608330239,0,0
607388195742547967,0.000144406,0
607388195876765695,0,0
607388196010983423,0.000192541,0
607388196145201151,0,0
607388196279418879,0,0
607388196413636607,0.000639228,0
607388196682072063,0,0
607388196816289791,0,0
607388196950507519,0.000144406,0
607388197084725247,0,0
607388197218942975,0.000144406,0
607388197353160703,0,0
607388197487378431,0.000144406,0
607388197755813887,0,0
607388197890031615,0,0
607388198024249343,0,0
607388198158467071,0,0
607388199232208895,0,0
607388199903297535,0.00550128,0
607388200037515263,0,0
607388200171732991,0.00731192,0
607388200305950719,0.000426152,0
607388200440168447,0,0
607388200574386175,0.00694216,0
607388202050781183,0.000115525,0
607388202184998911,0.00390391,0
607388202319216639,0,0
607388202453434367,0.000860976,0
607388202587652095,0.000192541,0
607388202721869823,0.00208177,0
607388202856087551,0.000192541,0
607388203124523007,0.00430444,0
607388203258740735,0.0104528,0
607388203392958463,0.0387992,0
607388203527176191,0.00418507,0
607388203661393919,0.00574973,0
607388203795611647,0.00163184,0
607388203929829375,0.0456385,0
607388204198264831,0.000144406,0
607388204332482559,0.00371037,0
607388204466700287,0.00083987,0
607388204600918015,0.000144406,0
607388204735135743,0.000144406,0
607388204869353471,0.00260221,0
607388205003571199,0.00083987,0
607388205406224383,0.0134894,0
607388205540442111,0.00574973,0
607388205674659839,0.00904932,0
607388205808877567,0.00831015,0
607388206077313023,0.00177624,0
607388206345748479,0,0
607388206479966207,0,0
607388206614183935,0.000115525,0
607388206748401663,0.000639228,0
607388206882619391,0,0
607388207016837119,0,0
607388207151054847,0,0
607388207687925759,0,0
607388207822143487,0.0390219,0
607388208493232127,0,0
607388208627449855,0,0
607388208761667583,0.00122827,0
607388208895885311,0.00122827,0
607388209030103039,0.000115525,0
607388209164320767,0.000115525,0
607388210640715775,0,0
607388210774933503,0.000639228,0
607388210909151231,0.00630038,0
607388211043368959,0.00251069,0
607388211311804415,0,0
607388211446022143,0.00533844,0
607388211714457599,0.00247819,0
607388211848675327,0.000256721,0
607388211982893055,0.000783634,0
607388212117110783,0.000639228,0
607388212251328511,0.00102356,0
607388212385546239,0.00169487,0
607388212519763967,0,0
607388212788199423,0.00796384,0
607388212922417151,0.00742025,0
607388213056634879,0.00483009,0
607388213190852607,0.00548592,0
607388213325070335,0.00997719,0
607388213459288063,0.00533844,0
607388213861941247,0.00539575,0
607388213996158975,0.00712702,0
607388214130376703,0.00386865,0
607388214264594431,0.00533844,0
607388214398812159,0.00146979,0
607388214533029887,0.00518012,0
607388214667247615,0.00788234,0
607388216143642623,0.000144406,0
607388216412078079,0.000958842,0
607388216680513535,0.000639228,0
607388231041810431,0.00161001,0
607388231176028159,0,0
607388231310245887,0.00112224,0
607388231444463615,0,0
607388231712899071,0.00263689,0
607388238826438655,0,0
607388239363309567,0,0
607388239765962751,0,0
607388240839704575,0,0
607388241376575487,0.000462098,0
607388242584535039,0,0
607388243121405951,0.00048777,0
607388253590388735,0,0
607388253724606463,0,0
607388253858824191,0,0
607388253993041919,0,0
607388254127259647,0.000513442,0
607388254261477375,0,0
607388254395695103,0,0
607388254664130559,0,0
607388254798348287,0,0
607388255066783743,0,0
607388255201001471,0,0
607388255469436927,0,0
607388256274743295,0,0
607388256543178751,0,0
607388257348485119,0,0
607388258019573759,0,0
607388258288009215,0,0
607388258959097855,0.00195205,0
607388259093315583,0,0
607388259227533311,0.000462098,0
607388259361751039,0,0
607388259495968767,0.00104889,0
607388259630186495,0.000462098,0
607388259764404223,0.000231049,0
607388260032839679,0.000513442,0
607388260167057407,0,0
607388260301275135,0.000513442,0
607388260435492863,0,0
607388260838146047,0,0
607388365259538431,0.0408094,0
607388365393756159,0.0421363,0
607388365527973887,0.0435999,0
607388365662191615,0.0439272,0
607388365796409343,0.0442977,0
607388365930627071,0.041831,0
607388366064844799,0.0367455,0
607388366333280255,0.0520862,0
607388366467497983,0.0514656,0
607388366601715711,0.0449525,0
607388366735933439,0.0490359,0
607388366870151167,0.0465838,0
607388367004368895,0.0471355,0
607388367138586623,0.0432648,0
607388367407022079,0.0384718,0
607388367541239807,0.0344631,0
607388367675457535,0.0360504,0
607388367809675263,0.0346859,0
607388367943892991,0.0420403,0
607388368078110719,0.0396155,0
607388368212328447,0.0351998,0
607388368480763903,0.0401824,0
607388368614981631,0.0427957,0
607388368749199359,0.0412347,0
607388368883417087,0.0438185,0
607388369017634815,0.0379693,0
607388369151852543,0.0374768,0
607388369286070271,0.0391975,0
607388369554505727,0.0362163,0
607388369688723455,0.042117,0
607388369822941183,0.0373414,0
607388369957158911,0.0416218,0
607388370091376639,0.0356451,0
607388370225594367,0.0367943,0
607388370359812095,0.0379023,0
607388370628247551,0.0456257,0
607388370762465279,0.0426755,0
607388370896683007,0.0455782,0
607388371030900735,0.0448421,0
607388371165118463,0.0480052,0
607388371299336191,0.0485891,0
607388371433553919,0.0496437,0
607388371701989375,0.0363246,0
607388371836207103,0.0406739,0
607388371970424831,0.0373068,0
607388372104642559,0.0414453,0
607388372238860287,0.0415593,0
607388372373078015,0.0366653,0
607388372507295743,0.0434689,0
607388373849473023,0.0503101,0
607388373983690751,0.0551909,0
607388374117908479,0.0479,0
607388374252126207,0.0529731,0
607388374386343935,0.0599522,0
607388374520561663,0.0538852,0
607388374654779391,0.0580471,0
607388374923214847,0.0513947,0
607388375057432575,0.0545497,0
607388375191650303,0.0533313,0
607388375325868031,0.0466988,0
607388375460085759,0.0534429,0
607388375594303487,0.0515087,0
607388375728521215,0.0537861,0
607388375996956671,0.0413831,0
607388376131174399,0.0451984,0
607388376265392127,0.0383025,0
607388376399609855,0.0403719,0
607388376533827583,0.0464581,0
607388376668045311,0.045942,0
607388376802263039,0.0449781,0
607388377070698495,0.043878,0
607388377204916223,0.0435742,0
607388377339133951,0.0406964,0
607388377473351679,0.0459933,0
607388377607569407,0.05012,0
607388377741787135,0.0479251,0
607388377876004863,0.04642,0
607388378144440319,0.0551442,0
607388378278658047,0.0587332,0
607388378412875775,0.0478405,0
607388378547093503,0.0556003,0
607388378681311231,0.0543675,0
607388378815528959,0.0624407,0
607388378949746687,0.0557465,0
607388379218182143,0.0549652,0
607388379352399871,0.0532903,0
607388379486617599,0.0532355,0
607388379620835327,0.0537915,0
607388379755053055,0.0656822,0
607388379889270783,0.0556694,0
607388380023488511,0.0680854,0
607388380291923967,0.0445101,0
607388380426141695,0.0586441,0
607388380560359423,0.0447175,0
607388380694577151,0.0497516,0
607388380828794879,0.0518444,0
607388380963012607,0.0554301,0
607388381097230335,0.0455099,0
607388382439407615,0.0270576,0
607388382573625343,0.0348698,0
607388382707843071,0.0266665,0
607388382842060799,0.0312124,0
607388382976278527,0.0234944,0
607388383110496255,0.0241512,0
607388383244713983,0.0225498,0
607388383513149439,0.029519,0
607388383647367167,0.0319242,0
607388383781584895,0.035344,0
607388383915802623,0.0316797,0
607388384050020351,0.0320424,0
607388384184238079,0.0324849,0
607388384318455807,0.03074,0
607388384586891263,0.0281224,0
607388384721108991,0.0298256,0
607388384855326719,0.0273217,0
607388384989544447,0.0307602,0
607388385123762175,0.0262119,0
607388385257979903,0.0267491,0
607388385392197631,0.0242939,0
607388385660633087,0.0307724,0
607388385794850815,0.0317633,0
607388385929068543,0.0324288,0
607388386063286271,0.031029,0
607388386197503999,0.0348548,0
607388386331721727,0.0317793,0
607388386465939455,0.0303832,0
607388386734374911,0.0258464,0
607388386868592639,0.0251987,0
607388387002810367,0.0355004,0
607388387137028095,0.0281999,0
607388387271245823,0.0283489,0
607388387405463551,0.0276536,0
607388387539681279,0.0311179,0
607388387808116735,0.0271974,0
607388387942334463,0.0405378,0
607388388076552191,0.0218617,0
607388388210769919,0.0285795,0
607388388344987647,0.0363302,0
607388388479205375,0.0407979,0
607388388613423103,0.0237381,0
607388388881858559,0.0338696,0
607388389016076287,0.0298118,0
607388389150294015,0.0341412,0
607388389284511743,0.0332072,0
607388389418729471,0.0354923,0
607388389552947199,0.0294551,0
607388389687164927,0.03636,0
607388391029342207,0.0403434,0
607388391163559935,0.0380773,0
607388391297777663,0.0369559,0
607388391431995391,0.0397349,0
607388391566213119,0.0401232,0
607388391700430847,0.0382511,0
607388391834648575,0.0378401,0
607388392103084031,0.0452605,0
607388392237301759,0.0448824,0
607388392371519487,0.0273106,0
607388392505737215,0.0340571,0
607388392639954943,0.0388621,0
607388392774172671,0.0390243,0
607388392908390399,0.0399853,0
607388393176825855,0.0406661,0
607388393311043583,0.0405714,0
607388393445261311,0.0438211,0
607388393579479039,0.0413643,0
607388393713696767,0.0380695,0
607388393847914495,0.03894,0
607388393982132223,0.0414703,0
607388394250567679,0.0257772,0
607388394384785407,0.0299342,0
607388394519003135,0.0269004,0
607388394653220863,0.0252214,0
607388394787438591,0.0257255,0
607388394921656319,0.0252311,0
607388395055874047,0.0370326,0
607388395324309503,0.0415254,0
607388395458527231,0.0434077,0
607388395592744959,0.0378431,0
607388395726962687,0.0396407,0
607388395861180415,0.0389644,0
607388395995398143,0.0377009,0
607388396129615871,0.0319671,0
607388396398051327,0.0427258,0
607388396532269055,0.045687,0
607388396666486783,0.0398905,0
607388396800704511,0.0471936,0
607388396934922239,0.0436574,0
607388397069139967,0.0467899,0
607388397203357695,0.041335,0
607388397471793151,0.0386596,0
607388397606010879,0.0410264,0
607388397740228607,0.0348731,0
607388397874446335,0.0365328,0
607388398008664063,0.0349391,0
607388398142881791,0.0355105,0
607388398277099519,0.0345814,0
607388399619276799,0.0584078,0
607388399753494527,0.0470043,0
607388399887712255,0.0458325,0
607388400021929983,0.0418803,0
607388400156147711,0.0568652,0
607388400290365439,0.0474029,0
607388400424583167,0.0620591,0
607388400693018623,0.055144,0
607388400827236351,0.0493629,0
607388400961454079,0.0532177,0
607388401095671807,0.0511915,0
607388401229889535,0.0541782,0
607388401364107263,0.0553962,0
607388401498324991,0.0495153,0
607388401766760447,0.0465366,0
607388401900978175,0.0398291,0
607388402035195903,0.051578,0
607388402169413631,0.0399315,0
607388402303631359,0.0581378,0
607388402437849087,0.0408395,0
607388402572066815,0.0545941,0
607388402840502271,0.0401772,0
607388402974719999,0.0425904,0
607388403108937727,0.0360595,0
607388403243155455,0.0431819,0
607388403377373183,0.0402093,0
607388403511590911,0.0548845,0
607388403645808639,0.0397371,0
607388403914244095,0.0606396,0
607388404048461823,0.0619491,0
607388404182679551,0.0579665,0
607388404316897279,0.0664923,0
607388404451115007,0.0639087,0
607388404585332735,0.0539893,0
607388404719550463,0.0566503,0
607388404987985919,0.0517764,0
607388405122203647,0.0541623,0
607388405256421375,0.0569166,0
607388405390639103,0.0512532,0
607388405524856831,0.0659658,0
607388405659074559,0.0612081,0
607388405793292287,0.0562583,0
607388406061727743,0.050629,0
607388406195945471,0.0554389,0
607388406330163199,0.0508107,0
607388406464380927,0.0507191,0
607388406598598655,0.0604408,0
607388406732816383,0.0584663,0
607388406867034111,0.0505018,0
607388408209211391,0.0632269,0
607388408343429119,0.0634434,0
607388408477646847,0.0539648,0
607388408611864575,0.0623374,0
607388408746082303,0.0549666,0
607388408880300031,0.0629565,0
607388409014517759,0.0617351,0
607388409282953215,0.0786411,0
607388409417170943,0.0847489,0
607388409551388671,0.0769854,0
607388409685606399,0.0783846,0
607388409819824127,0.080748,0
607388409954041855,0.0806427,0
607388410088259583,0.0695771,0
607388410356695039,0.0543434,0
607388410490912767,0.061806,0
607388410625130495,0.0491778,0
607388410759348223,0.0512586,0
607388410893565951,0.0510468,0
607388411027783679,0.0564651,0
607388411162001407,0.0525884,0
607388411430436863,0.0657689,0
607388411564654591,0.0775281,0
607388411698872319,0.059137,0
607388411833090047,0.0712464,0
607388411967307775,0.0655165,0
607388412101525503,0.06896,0
607388412235743231,0.0705763,0
607388412504178687,0.0576415,0
607388412638396415,0.0558622,0
607388412772614143,0.0511894,0
607388412906831871,0.0593123,0
607388413041049599,0.054437,0
607388413175267327,0.0573639,0
607388413309485055,0.052209,0
607388413577920511,0.0733883,0
607388413712138239,0.0809521,0
607388413846355967,0.0623101,0
607388413980573695,0.0684644,0
607388414114791423,0.0747522,0
607388414249009151,0.0747011,0
607388414383226879,0.0688688,0
607388414651662335,0.0500401,0
607388414785880063,0.0572481,0
607388414920097791,0.043394,0
607388415054315519,0.0509963,0
607388415188533247,0.0492201,0
607388415322750975,0.0533252,0
607388415456968703,0.0416827,0
607388416799145983,0.0409697,0
607388416933363711,0.0408043,0
607388417067581439,0.0430814,0
607388417201799167,0.0411804,0
607388417336016895,0.0378367,0
607388417470234623,0.0429893,0
607388417604452351,0.0420912,0
607388417872887807,0.0433835,0
607388418007105535,0.0456724,0
607388418141323263,0.043872,0
607388418275540991,0.0432489,0
607388418409758719,0.0531454,0
607388418543976447,0.0463605,0
607388418678194175,0.042643,0
607388418946629631,0.0322134,0
607388419080847359,0.0334044,0
607388419215065087,0.0300036,0
607388419349282815,0.0324793,0
607388419483500543,0.040435,0
607388419617718271,0.0432883,0
607388419751935999,0.0294273,0
607388420020371455,0.0378566,0
607388420154589183,0.0381438,0
607388420288806911,0.0397258,0
607388420423024639,0.0333111,0
607388420557242367,0.0391776,0
607388420691460095,0.0403262,0
607388420825677823,0.0446749,0
607388421094113279,0.0409496,0
607388421228331007,0.0445616,0
607388421362548735,0.0422757,0
607388421496766463,0.042366,0
607388421630984191,0.0439835,0
607388421765201919,0.0411945,0
607388421899419647,0.0419598,0
607388422167855103,0.0462519,0
607388422302072831,0.0520128,0
607388422436290559,0.0591462,0
607388422570508287,0.0462519,0
607388422704726015,0.0457403,0
607388422838943743,0.0477101,0
607388422973161471,0.0434984,0
607388423241596927,0.0393809,0
607388423375814655,0.0403227,0
607388423510032383,0.028877,0
607388423644250111,0.035606,0
607388423778467839,0.0393809,0
607388423912685567,0.0422757,0
607388424046903295,0.0367962,0
607388433979015167,0.0515637,0
607388434113232895,0.0527844,0
607388434247450623,0.0504841,0
607388434381668351,0.0530001,0
607388434515886079,0.0514636,0
607388434650103807,0.0566152,0
607388434784321535,0.0456227,0
607388435052756991,0.0549423,0
607388435186974719,0.0546583,0
607388435321192447,0.0577088,0
607388435455410175,0.0585262,0
607388435589627903,0.0581151,0
607388435723845631,0.059354,0
607388435858063359,0.0547759,0
607388436126498815,0.0506633,0
607388436260716543,0.0509486,0
607388436394934271,0.0505401,0
607388436529151999,0.057043,0
607388436663369727,0.0539123,0
607388436797587455,0.050643,0
607388436931805183,0.055076,0
607388437200240639,0.0534658,0
607388437334458367,0.0498882,0
607388437468676095,0.0515588,0
607388437602893823,0.0527819,0
607388437737111551,0.057728,0
607388437871329279,0.0567723,0
607388438005547007,0.0504716,0
607388438273982463,0.0450747,0
607388438408200191,0.0511253,0
607388438542417919,0.0489211,0
607388438676635647,0.051732,0
607388438810853375,0.0444957,0
607388438945071103,0.0505793,0
607388439079288831,0.0446979,0
607388439347724287,0.0595416,0
607388439481942015,0.0597447,0
607388439616159743,0.0559663,0
607388439750377471,0.0586577,0
607388439884595199,0.0593947,0
607388440018812927,0.0652872,0
607388440153030655,0.0624247,0
607388440421466111,0.0509793,0
607388440555683839,0.0465367,0
607388440689901567,0.054547,0
607388440824119295,0.0574397,0
607388440958337023,0.0424042,0
607388441092554751,0.048437,0
607388441226772479,0.0465189,0
607388442568949759,0.0614941,0
607388442703167487,0.0569583,0
607388442837385215,0.0551241,0
607388442971602943,0.0631084,0
607388443105820671,0.0531758,0
607388443240038399,0.0533623,0
607388443374256127,0.0577255,0
607388443642691583,0.0553055,0
607388443776909311,0.0623822,0
607388443911127039,0.0514086,0
607388444045344767,0.0632413,0
607388444179562495,0.0596734,0
607388444313780223,0.0635323,0
607388444447997951,0.0520345,0
607388444716433407,0.0516836,0
607388444850651135,0.0531059,0
607388444984868863,0.0619371,0
607388445119086591,0.0617763,0
607388445253304319,0.0594199,0
607388445387522047,0.0599431,0
607388445521739775,0.0544476,0
607388445790175231,0.0560275,0
607388445924392959,0.0550978,0
607388446058610687,0.0577166,0
607388446192828415,0.0541936,0
607388446327046143,0.0643941,0
607388446461263871,0.0511344,0
607388446595481599,0.0522844,0
607388446863917055,0.063296,0
607388446998134783,0.0611586,0
607388447132352511,0.059036,0
607388447266570239,0.0711855,0
607388447400787967,0.0597569,0
607388447535005695,0.0753686,0
607388447669223423,0.0672535,0
607388447937658879,0.0627267,0
607388448071876607,0.0626176,0
607388448206094335,0.0562382,0
607388448340312063,0.0693823,0
607388448474529791,0.0753525,0
607388448608747519,0.0780376,0
607388448742965247,0.0604975,0
607388449011400703,0.0623007,0
607388449145618431,0.0579591,0
607388449279836159,0.0504999,0
607388449414053887,0.0515538,0
607388449548271615,0.0580286,0
607388449682489343,0.0675257,0
607388449816707071,0.060758,0
607388451158884351,0.0573556,0
607388451293102079,0.0582366,0
607388451427319807,0.0536792,0
607388451561537535,0.054185,0
607388451695755263,0.0571256,0
607388451829972991,0.0569193,0
607388451964190719,0.0529609,0
607388452232626175,0.0588163,0
607388452366843903,0.0590727,0
607388452501061631,0.0596078,0
607388452635279359,0.0592276,0
607388452769497087,0.0573037,0
607388452903714815,0.0549129,0
607388453037932543,0.0586419,0
607388453306367999,0.0535684,0
607388453440585727,0.0486632,0
607388453574803455,0.0455667,0
607388453709021183,0.0457164,0
607388453843238911,0.0468004,0
607388453977456639,0.0519479,0
607388454111674367,0.0455896,0
607388454380109823,0.0529439,0
607388454514327551,0.051379,0
607388454648545279,0.0509383,0
607388454782763007,0.0529402,0
607388454916980735,0.0557264,0
607388455051198463,0.0627973,0
607388455185416191,0.0510486,0
607388455453851647,0.0557198,0
607388455588069375,0.0544016,0
607388455722287103,0.0596549,0
607388455856504831,0.0553255,0
607388455990722559,0.0516935,0
607388456124940287,0.0526198,0
607388456259158015,0.0553131,0
607388456527593471,0.0521176,0
607388456661811199,0.0495518,0
607388456796028927,0.0507603,0
607388456930246655,0.0554796,0
607388457064464383,0.0508353,0
607388457198682111,0.0592597,0
607388457332899839,0.0517159,0
607388457601335295,0.048619,0
607388457735553023,0.0484821,0
607388457869770751,0.0443693,0
607388458003988479,0.0445033,0
607388458138206207,0.0475752,0
607388458272423935,0.0519841,0
607388458406641663,0.0479243,0
607388459748818943,0.0514658,0
607388459883036671,0.0560546,0
607388460017254399,0.0507411,0
607388460151472127,0.058278,0
607388460285689855,0.0541957,0
607388460419907583,0.0539801,0
607388460554125311,0.05238,0
607388460822560767,0.059838,0
607388460956778495,0.0636718,0
607388461090996223,0.0523761,0
607388461225213951,0.0589552,0
607388461359431679,0.054228,0
607388461493649407,0.0600156,0
607388461627867135,0.0507302,0
607388461896302591,0.0514285,0
607388462030520319,0.0526137,0
607388462164738047,0.0572985,0
607388462298955775,0.0683899,0
607388462433173503,0.0526058,0
607388462567391231,0.0595617,0
607388462701608959,0.0501265,0
607388462970044415,0.0634893,0
607388463104262143,0.0518873,0
607388463238479871,0.0528976,0
607388463372697599,0.0582091,0
607388463506915327,0.0613401,0
607388463641133055,0.0571855,0
607388463775350783,0.0525934,0
607388464043786239,0.0566109,0
607388464178003967,0.055952,0
607388464312221695,0.0533866,0
607388464446439423,0.0531003,0
607388464580657151,0.0581656,0
607388464714874879,0.0576162,0
607388464849092607,0.0610993,0
607388465117528063,0.0580537,0
607388465251745791,0.0574894,0
607388465385963519,0.0535066,0
607388465520181247,0.0507347,0
607388465654398975,0.0547421,0
607388465788616703,0.0525238,0
607388465922834431,0.0598026,0
607388466191269887,0.0543677,0
607388466325487615,0.0537532,0
607388466459705343,0.0521093,0
607388466593923071,0.0525134,0
607388466728140799,0.0602708,0
607388466862358527,0.0583256,0
607388466996576255,0.0545516,0
607388468338753535,0.0584493,0
607388468472971263,0.061397,0
607388468607188991,0.0518421,0
607388468741406719,0.0541909,0
607388468875624447,0.0607542,0
607388469009842175,0.0566365,0
607388469144059903,0.0557215,0
607388469412495359,0.0748536,0
607388469546713087,0.0835597,0
607388469680930815,0.0653866,0
607388469815148543,0.0721251,0
607388469949366271,0.0691265,0
607388470083583999,0.0917114,0
607388470217801727,0.0639437,0
607388470486237183,0.0483079,0
607388470620454911,0.0528232,0
607388470754672639,0.0533283,0
607388470888890367,0.0445427,0
607388471023108095,0.0541095,0
607388471157325823,0.05152,0
607388471291543551,0.0438389,0
607388471559979007,0.057506,0
607388471694196735,0.065047,0
607388471828414463,0.0522198,0
607388471962632191,0.0527734,0
607388472096849919,0.0619701,0
607388472231067647,0.0668896,0
607388472365285375,0.0537004,0
607388472633720831,0.0607032,0
607388472767938559,0.0632232,0
607388472902156287,0.0555857,0
607388473036374015,0.0614971,0
607388473170591743,0.0695725,0
607388473304809471,0.066084,0
607388473439027199,0.0712263,0
607388473707462655,0.0620549,0
607388473841680383,0.0681545,0
607388473975898111,0.0620418,0
607388474110115839,0.0627227,0
607388474244333567,0.0681332,0
607388474378551295,0.0781753,0
607388474512769023,0.0672341,0
607388474781204479,0.0471355,0
607388474915422207,0.0523788,0
607388475049639935,0.0542475,0
607388475183857663,0.0506086,0
607388475318075391,0.0553129,0
607388475452293119,0.0510856,0
607388475586510847,0.057205,0
607388476928688127,0.111982,0
607388477062905855,0.0918939,0
607388477197123583,0.0820839,0
607388477331341311,0.0856295,0
607388477465559039,0.0888086,0
607388477599776767,0.101959,0
607388477733994495,0.0842608,0
607388478002429951,0.0938806,0
607388478136647679,0.118156,0
607388478270865407,0.0904102,0
607388478405083135,0.124376,0
607388478539300863,0.0902453,0
607388478673518591,0.137145,0
607388478807736319,0.0949771,0
607388479076171775,0.0659532,0
607388479210389503,0.0666796,0
607388479344607231,0.0614038,0
607388479478824959,0.0644156,0
607388479613042687,0.0751929,0
607388479747260415,0.0749612,0
607388479881478143,0.0657503,0
607388480149913599,0.0797372,0
607388480284131327,0.12232,0
607388480418349055,0.0777331,0
607388480552566783,0.0863298,0
607388480686784511,0.0861913,0
607388480821002239,0.0874664,0
607388480955219967,0.0752827,0
607388481223655423,0.12371,0
607388481357873151,0.0905295,0
607388481492090879,0.0981276,0
607388481626308607,0.0888827,0
607388481760526335,0.102483,0
607388481894744063,0.109896,0
607388482028961791,0.0966574,0
607388482297397247,0.0997033,0
607388482431614975,0.093331,0
607388482565832703,0.0916371,0
607388482700050431,0.0925874,0
607388482834268159,0.101032,0
607388482968485887,0.113253,0
607388483102703615,0.0957975,0
607388483371139071,0.0712666,0
607388483505356799,0.0781013,0
607388483639574527,0.0660308,0
607388483773792255,0.0703913,0
607388483908009983,0.0800885,0
607388484042227711,0.0907678,0
607388484176445439,0.0660163,0
607388485518622719,0.0574275,0
607388485652840447,0.0526429,0
607388485787058175,0.0598851,0
607388485921275903,0.0570163,0
607388486055493631,0.0563068,0
607388486189711359,0.0553546,0
607388486323929087,0.0578165,0
607388486592364543,0.0479947,0
607388486726582271,0.0483441,0
607388486860799999,0.0524251,0
607388486995017727,0.0419785,0
607388487129235455,0.0535196,0
607388487263453183,0.0526533,0
607388487397670911,0.0505186,0
607388487666106367,0.0518491,0
607388487800324095,0.0495981,0
607388487934541823,0.053562,0
607388488068759551,0.0502705,0
607388488202977279,0.0552326,0
607388488337195007,0.0560657,0
607388488471412735,0.0569136,0
607388488739848191,0.051165,0
607388488874065919,0.0500558,0
607388489008283647,0.0477757,0
607388489142501375,0.0456695,0
607388489276719103,0.0577648,0
607388489410936831,0.0521268,0
607388489545154559,0.0518133,0
607388489813590015,0.0624761,0
607388489947807743,0.0580511,0
607388490082025471,0.0758394,0
607388490216243199,0.0548012,0
607388490350460927,0.0733461,0
607388490484678655,0.0596061,0
607388490618896383,0.0875161,0
607388490887331839,0.0532087,0
607388491021549567,0.0534054,0
607388491155767295,0.0605744,0
607388491289985023,0.0542407,0
607388491424202751,0.0545541,0
607388491558420479,0.0529666,0
607388491692638207,0.0533215,0
607388491961073663,0.0612436,0
607388492095291391,0.0596932,0
607388492229509119,0.0608605,0
607388492363726847,0.0595562,0
607388492497944575,0.0882611,0
607388492632162303,0.0570779,0
607388492766380031,0.0805478,0
607388502698491903,0.0403734,0
607388502832709631,0.0408713,0
607388502966927359,0.0433403,0
607388503101145087,0.0452632,0
607388503235362815,0.0366493,0
607388503369580543,0.0388408,0
607388503503798271,0.0362383,0
607388503772233727,0.0548938,0
607388503906451455,0.0522931,0
607388504040669183,0.0510304,0
607388504174886911,0.0534368,0
607388504309104639,0.0479476,0
607388504443322367,0.0538632,0
607388504577540095,0.0479444,0
607388504845975551,0.0473858,0
607388504980193279,0.0575658,0
607388505114411007,0.0434213,0
607388505248628735,0.0570772,0
607388505382846463,0.0434871,0
607388505517064191,0.0470064,0
607388505651281919,0.0436835,0
607388505919717375,0.0612825,0
607388506053935103,0.0516508,0
607388506188152831,0.0618586,0
607388506322370559,0.0570135,0
607388506456588287,0.0490872,0
607388506590806015,0.0548653,0
607388506725023743,0.0557808,0
607388506993459199,0.0316022,0
607388507127676927,0.0353554,0
607388507261894655,0.0273984,0
607388507396112383,0.0314453,0
607388507530330111,0.0269943,0
607388507664547839,0.0318701,0
607388507798765567,0.0224155,0
607388508067201023,0.0299056,0
607388508201418751,0.0417992,0
607388508335636479,0.0383382,0
607388508469854207,0.0371114,0
607388508604071935,0.0295735,0
607388508738289663,0.0399722,0
607388508872507391,0.0348121,0
607388509140942847,0.0308857,0
607388509275160575,0.0390684,0
607388509409378303,0.0290038,0
607388509543596031,0.0345991,0
607388509677813759,0.0282286,0
607388509812031487,0.0294792,0
607388509946249215,0.0241268,0
607388511288426495,0.0428329,0
607388511422644223,0.044519,0
607388511556861951,0.0449928,0
607388511691079679,0.0433957,0
607388511825297407,0.0454972,0
607388511959515135,0.045541,0
607388512093732863,0.0429072,0
607388512362168319,0.0397289,0
607388512496386047,0.0404934,0
607388512630603775,0.044418,0
607388512764821503,0.0406015,0
607388512899039231,0.0421608,0
607388513033256959,0.0401193,0
607388513167474687,0.043374,0
607388513435910143,0.0405139,0
607388513570127871,0.0463951,0
607388513704345599,0.0452751,0
607388513838563327,0.0461557,0
607388513972781055,0.0424432,0
607388514106998783,0.040483,0
607388514241216511,0.048601,0
607388514509651967,0.0424346,0
607388514643869695,0.0434931,0
607388514778087423,0.0457392,0
607388514912305151,0.0411416,0
607388515046522879,0.044084,0
607388515180740607,0.0439674,0
607388515314958335,0.0451148,0
607388515583393791,0.055725,0
607388515717611519,0.0463092,0
607388515851829247,0.0522655,0
607388515986046975,0.0571694,0
607388516120264703,0.0554719,0
607388516254482431,0.055009,0
607388516388700159,0.0478559,0
607388516657135615,0.0415788,0
607388516791353343,0.0410944,0
607388516925571071,0.0439823,0
607388517059788799,0.0442958,0
607388517194006527,0.0405723,0
607388517328224255,0.0411777,0
607388517462441983,0.0415667,0
607388517730877439,0.0558225,0
607388517865095167,0.0443372,0
607388517999312895,0.0638786,0
607388518133530623,0.0527921,0
607388518267748351,0.0520603,0
607388518401966079,0.0567972,0
607388518536183807,0.0559748,0
607388519878361087,0.0299077,0
607388520012578815,0.0360143,0
607388520146796543,0.0317383,0
607388520281014271,0.0358431,0
607388520415231999,0.028488,0
607388520549449727,0.0318425,0
607388520683667455,0.027792,0
607388520952102911,0.0497328,0
607388521086320639,0.0583996,0
607388521220538367,0.0531392,0
607388521354756095,0.0564761,0
607388521488973823,0.0432221,0
607388521623191551,0.0573134,0
607388521757409279,0.039538,0
607388522025844735,0.0328679,0
607388522160062463,0.036921,0
607388522294280191,0.0332412,0
607388522428497919,0.0355645,0
607388522562715647,0.0337561,0
607388522696933375,0.0346936,0
607388522831151103,0.037417,0
607388523099586559,0.0554146,0
607388523233804287,0.0595034,0
607388523368022015,0.0429667,0
607388523502239743,0.0577085,0
607388523636457471,0.040332,0
607388523770675199,0.0547099,0
607388523904892927,0.0370199,0
607388524173328383,0.0243881,0
607388524307546111,0.0254437,0
607388524441763839,0.0197333,0
607388524575981567,0.0239739,0
607388524710199295,0.0188347,0
607388524844417023,0.023909,0
607388524978634751,0.0191054,0
607388525247070207,0.0313567,0
607388525381287935,0.0375838,0
607388525515505663,0.0312409,0
607388525649723391,0.0350369,0
607388525783941119,0.0270142,0
607388525918158847,0.0314742,0
607388526052376575,0.0259317,0
607388526320812031,0.0242664,0
607388526455029759,0.0281975,0
607388526589247487,0.0208225,0
607388526723465215,0.0255496,0
607388526857682943,0.0208255,0
607388526991900671,0.0241629,0
607388527126118399,0.019275,0
607388528468295679,0.0614536,0
607388528602513407,0.0444503,0
607388528736731135,0.0652415,0
607388528870948863,0.0434442,0
607388529005166591,0.0687436,0
607388529139384319,0.0545984,0
607388529273602047,0.0599053,0
607388529542037503,0.0441419,0
607388529676255231,0.0450333,0
607388529810472959,0.0457667,0
607388529944690687,0.0432183,0
607388530078908415,0.0446842,0
607388530213126143,0.0425598,0
607388530347343871,0.0463354,0
607388530615779327,0.0473079,0
607388530749997055,0.039462,0
607388530884214783,0.0528608,0
607388531018432511,0.041132,0
607388531152650239,0.0577301,0
607388531286867967,0.0421227,0
607388531421085695,0.055274,0
607388531689521151,0.0440462,0
607388531823738879,0.0463688,0
607388531957956607,0.0445763,0
607388532092174335,0.0429383,0
607388532226392063,0.0457863,0
607388532360609791,0.0437151,0
607388532494827519,0.0457783,0
607388532763262975,0.0545724,0
607388532897480703,0.0549282,0
607388533031698431,0.0520423,0
607388533165916159,0.0556338,0
607388533300133887,0.0542392,0
607388533434351615,0.054744,0
607388533568569343,0.0577476,0
607388533837004799,0.0656266,0
607388533971222527,0.0499792,0
607388534105440255,0.0690296,0
607388534239657983,0.0456964,0
607388534373875711,0.0658215,0
607388534508093439,0.06059,0
607388534642311167,0.0647965,0
607388534910746623,0.0567564,0
607388535044964351,0.0619278,0
607388535179182079,0.0582892,0
607388535313399807,0.056608,0
607388535447617535,0.048966,0
607388535581835263,0.054693,0
607388535716052991,0.0632882,0
607388537058230271,0.0313766,0
607388537192447999,0.0297974,0
607388537326665727,0.0216914,0
607388537460883455,0.0234726,0
607388537595101183,0.0302774,0
607388537729318911,0.0311726,0
607388537863536639,0.023019,0
607388538131972095,0.0288415,0
607388538266189823,0.0335618,0
607388538400407551,0.0305997,0
607388538534625279,0.035972,0
607388538668843007,0.0289895,0
607388538803060735,0.0280887,0
607388538937278463,0.0302566,0
607388539205713919,0.0252292,0
607388539339931647,0.0203391,0
607388539474149375,0.0204589,0
607388539608367103,0.0224155,0
607388539742584831,0.021918,0
607388539876802559,0.0227286,0
607388540011020287,0.0261852,0
607388540279455743,0.0272516,0
607388540413673471,0.0373751,0
607388540547891199,0.0255845,0
607388540682108927,0.0290002,0
607388540816326655,0.0303277,0
607388540950544383,0.0394109,0
607388541084762111,0.0206411,0
607388541353197567,0.0264505,0
607388541487415295,0.0292916,0
607388541621633023,0.0212663,0
607388541755850751,0.0287465,0
607388541890068479,0.0266273,0
607388542024286207,0.0330176,0
607388542158503935,0.0219889,0
607388542426939391,0.0320331,0
607388542561157119,0.028813,0
607388542695374847,0.0298678,0
607388542829592575,0.0313299,0
607388542963810303,0.0355181,0
607388543098028031,0.0308826,0
607388543232245759,0.0313884,0
607388543500681215,0.0206254,0
607388543634898943,0.0218303,0
607388543769116671,0.0212488,0
607388543903334399,0.0203244,0
607388544037552127,0.0187637,0
607388544171769855,0.0205194,0
607388544305987583,0.0197085,0
607388545648164863,0.0435786,0
607388545782382591,0.0471395,0
607388545916600319,0.0512933,0
607388546050818047,0.0478353,0
607388546185035775,0.0495866,0
607388546319253503,0.0457501,0
607388546453471231,0.0427584,0
607388546721906687,0.050406,0
607388546856124415,0.0472675,0
607388546990342143,0.0467485,0
607388547124559871,0.0513099,0
607388547258777599,0.0418001,0
607388547392995327,0.0500698,0
607388547527213055,0.0446164,0
607388547795648511,0.0537608,0
607388547929866239,0.0523004,0
607388548064083967,0.0481138,0
607388548198301695,0.0528786,0
607388548332519423,0.053237,0
607388548466737151,0.0542452,0
607388548600954879,0.0528665,0
607388548869390335,0.0583056,0
607388549003608063,0.0467484,0
607388549137825791,0.0580686,0
607388549272043519,0.0512571,0
607388549406261247,0.0465967,0
607388549540478975,0.0503847,0
607388549674696703,0.0498087,0
607388549943132159,0.0338265,0
607388550077349887,0.0352484,0
607388550211567615,0.0309878,0
607388550345785343,0.0373411,0
607388550480003071,0.0313919,0
607388550614220799,0.0327806,0
607388550748438527,0.0315026,0
607388551016873983,0.0374734,0
607388551151091711,0.0431408,0
607388551285309439,0.0453582,0
607388551419527167,0.0402569,0
607388551553744895,0.0337073,0
607388551687962623,0.0361141,0
607388551822180351,0.0387724,0
607388552090615807,0.0350307,0
607388552224833535,0.0428618,0
607388552359051263,0.0341947,0
607388552493268991,0.0409575,0
607388552627486719,0.031598,0
607388552761704447,0.0340392,0
607388552895922175,0.0342404,0
607388554238099455,0.017045,0
607388554372317183,0.0182369,0
607388554506534911,0.0182328,0
607388554640752639,0.018031,0
607388554774970367,0.0182743,0
607388554909188095,0.0157454,0
607388555043405823,0.0177912,0
607388555311841279,0.0207303,0
607388555446059007,0.0211833,0
607388555580276735,0.0231503,0
607388555714494463,0.0212586,0
607388555848712191,0.0225503,0
607388555982929919,0.0211833,0
607388556117147647,0.022003,0
607388556385583103,0.015981,0
607388556519800831,0.0186159,0
607388556654018559,0.0162252,0
607388556788236287,0.0187414,0
607388556922454015,0.0181362,0
607388557056671743,0.015981,0
607388557190889471,0.016989,0
607388557459324927,0.0235156,0
607388557593542655,0.0222371,0
607388557727760383,0.0243771,0
607388557861978111,0.0242394,0
607388557996195839,0.0231821,0
607388558130413567,0.0218777,0
607388558264631295,0.0182782,0
607388558533066751,0.0132724,0
607388558667284479,0.0153291,0
607388558801502207,0.0157247,0
607388558935719935,0.0128833,0
607388559069937663,0.0107801,0
607388559204155391,0.010455,0
607388559338373119,0.0125239,0
607388559606808575,0.0166282,0
607388559741026303,0.0182367,0
607388559875244031,0.0173991,0
607388560009461759,0.0152738,0
607388560143679487,0.0172512,0
607388560277897215,0.0197699,0
607388560412114943,0.0151881,0
607388560680550399,0.0152046,0
607388560814768127,0.016371,0
607388560948985855,0.0201181,0
607388561083203583,0.0163855,0
607388561217421311,0.0160816,0
607388561351639039,0.0152046,0
607388561485856767,0.0160816,0
607388571417968639,0.0368862,0
607388571552186367,0.032087,0
607388571686404095,0.0375727,0
607388571820621823,0.0365407,0
607388571954839551,0.0327242,0
607388572089057279,0.0296268,0
607388572223275007,0.0441186,0
607388572491710463,0.0303039,0
607388572625928191,0.0306037,0
607388572760145919,0.0321728,0
607388572894363647,0.0303423,0
607388573028581375,0.0304467,0
607388573162799103,0.030726,0
607388573297016831,0.0302817,0
607388573565452287,0.034453,0
607388573699670015,0.0366229,0
607388573833887743,0.0341413,0
607388573968105471,0.0353002,0
607388574102323199,0.0355142,0
607388574236540927,0.0350268,0
607388574370758655,0.0367646,0
607388574639194111,0.036596,0
607388574773411839,0.0406428,0
607388574907629567,0.0373116,0
607388575041847295,0.041328,0
607388575176065023,0.0380061,0
607388575310282751,0.0398868,0
607388575444500479,0.0350834,0
607388575712935935,0.0354366,0
607388575847153663,0.0334625,0
607388575981371391,0.0361605,0
607388576115589119,0.0335921,0
607388576249806847,0.0338491,0
607388576384024575,0.0314218,0
607388576518242303,0.0374139,0
607388576786677759,0.036017,0
607388576920895487,0.0343564,0
607388577055113215,0.0311028,0
607388577189330943,0.0297207,0
607388577323548671,0.0384221,0
607388577457766399,0.0352703,0
607388577591984127,0.0401334,0
607388577860419583,0.0371788,0
607388577994637311,0.0374477,0
607388578128855039,0.0357493,0
607388578263072767,0.037719,0
607388578397290495,0.0422565,0
607388578531508223,0.0399043,0
607388578665725951,0.0413233,0
607388580007903231,0.0352691,0
607388580142120959,0.0375067,0
607388580276338687,0.0357968,0
607388580410556415,0.0374487,0
607388580544774143,0.0402108,0
607388580678991871,0.0365285,0
607388580813209599,0.0332862,0
607388581081645055,0.0377579,0
607388581215862783,0.0460014,0
607388581350080511,0.0405446,0
607388581484298239,0.0423498,0
607388581618515967,0.0376857,0
607388581752733695,0.0468897,0
607388581886951423,0.0340006,0
607388582155386879,0.0460033,0
607388582289604607,0.0457027,0
607388582423822335,0.0592397,0
607388582558040063,0.047077,0
607388582692257791,0.0363493,0
607388582826475519,0.0427184,0
607388582960693247,0.0383078,0
607388583229128703,0.0410893,0
607388583363346431,0.0445298,0
607388583497564159,0.0482532,0
607388583631781887,0.0450591,0
607388583765999615,0.0422892,0
607388583900217343,0.0400126,0
607388584034435071,0.0418952,0
607388584302870527,0.0412052,0
607388584437088255,0.0366201,0
607388584571305983,0.0299293,0
607388584705523711,0.0356482,0
607388584839741439,0.0404518,0
607388584973959167,0.0407515,0
607388585108176895,0.0306403,0
607388585376612351,0.0438682,0
607388585510830079,0.0458341,0
607388585645047807,0.0419664,0
607388585779265535,0.0427454,0
607388585913483263,0.0472039,0
607388586047700991,0.0441342,0
607388586181918719,0.0438063,0
607388586450354175,0.0414674,0
607388586584571903,0.0306526,0
607388586718789631,0.035661,0
607388586853007359,0.0369558,0
607388586987225087,0.0305509,0
607388587121442815,0.0343164,0
607388587255660543,0.0420561,0
607388588597837823,0.0380228,0
607388588732055551,0.039285,0
607388588866273279,0.0399389,0
607388589000491007,0.0402174,0
607388589134708735,0.0415797,0
607388589268926463,0.0402069,0
607388589403144191,0.0429096,0
607388589671579647,0.0373132,0
607388589805797375,0.0408294,0
607388589940015103,0.0369268,0
607388590074232831,0.0391114,0
607388590208450559,0.0374084,0
607388590342668287,0.0373181,0
607388590476886015,0.0391216,0
607388590745321471,0.0436838,0
607388590879539199,0.0395755,0
607388591013756927,0.0450148,0
607388591147974655,0.0422899,0
607388591282192383,0.0402203,0
607388591416410111,0.0375775,0
607388591550627839,0.0458281,0
607388591819063295,0.0370548,0
607388591953281023,0.0375423,0
607388592087498751,0.0375248,0
607388592221716479,0.0375228,0
607388592355934207,0.0383822,0
607388592490151935,0.0404991,0
607388592624369663,0.0379211,0
607388592892805119,0.0405621,0
607388593027022847,0.042564,0
607388593161240575,0.0386397,0
607388593295458303,0.0404277,0
607388593429676031,0.0364172,0
607388593563893759,0.0405095,0
607388593698111487,0.038067,0
607388593966546943,0.0344011,0
607388594100764671,0.0342335,0
607388594234982399,0.0382534,0
607388594369200127,0.038611,0
607388594503417855,0.0383958,0
607388594637635583,0.0368796,0
607388594771853311,0.0391735,0
607388595040288767,0.0437242,0
607388595174506495,0.0416753,0
607388595308724223,0.0419196,0
607388595442941951,0.0415596,0
607388595577159679,0.0394121,0
607388595711377407,0.0409392,0
607388595845595135,0.0410847,0
607388597187772415,0.0474907,0
607388597321990143,0.0503051,0
607388597456207871,0.0442406,0
607388597590425599,0.0633282,0
607388597724643327,0.040064,0
607388597858861055,0.0474539,0
607388597993078783,0.0450015,0
607388598261514239,0.0492464,0
607388598395731967,0.0733687,0
607388598529949695,0.0486635,0
607388598664167423,0.049006,0
607388598798385151,0.0540717,0
607388598932602879,0.0493012,0
607388599066820607,0.0402042,0
607388599335256063,0.0435922,0
607388599469473791,0.0440626,0
607388599603691519,0.0430174,0
607388599737909247,0.0681424,0
607388599872126975,0.0414885,0
607388600006344703,0.0461553,0
607388600140562431,0.0387246,0
607388600408997887,0.039176,0
607388600543215615,0.0440696,0
607388600677433343,0.040188,0
607388600811651071,0.0452462,0
607388600945868799,0.0481023,0
607388601080086527,0.0544435,0
607388601214304255,0.0424212,0
607388601482739711,0.0402735,0
607388601616957439,0.043003,0
607388601751175167,0.0428152,0
607388601885392895,0.0436606,0
607388602019610623,0.0331735,0
607388602153828351,0.0350115,0
607388602288046079,0.0357129,0
607388602556481535,0.0473216,0
607388602690699263,0.0484143,0
607388602824916991,0.044456,0
607388602959134719,0.0474424,0
607388603093352447,0.0391438,0
607388603227570175,0.0445726,0
607388603361787903,0.0440336,0
607388603630223359,0.041149,0
607388603764441087,0.0431097,0
607388603898658815,0.0409162,0
607388604032876543,0.0441864,0
607388604167094271,0.0383039,0
607388604301311999,0.0425775,0
607388604435529727,0.0382207,0
607388605777707007,0.0416535,0
607388605911924735,0.0426299,0
607388606046142463,0.0324894,0
607388606180360191,0.034561,0
607388606314577919,0.0407993,0
607388606448795647,0.0408187,0
607388606583013375,0.0360706,0
607388606851448831,0.0485673,0
607388606985666559,0.0457728,0
607388607119884287,0.0452152,0
607388607254102015,0.0457215,0
607388607388319743,0.0484362,0
607388607522537471,0.0440328,0
607388607656755199,0.0477078,0
607388607925190655,0.0283167,0
607388608059408383,0.0352776,0
607388608193626111,0.0338828,0
607388608327843839,0.034426,0
607388608462061567,0.0328831,0
607388608596279295,0.0316618,0
607388608730497023,0.0280802,0
607388608998932479,0.0382911,0
607388609133150207,0.037639,0
607388609267367935,0.0404448,0
607388609401585663,0.0364799,0
607388609535803391,0.0415712,0
607388609670021119,0.0400347,0
607388609804238847,0.0376289,0
607388610072674303,0.041773,0
607388610206892031,0.0433022,0
607388610341109759,0.0404427,0
607388610475327487,0.0416867,0
607388610609545215,0.041937,0
607388610743762943,0.0400251,0
607388610877980671,0.0376907,0
607388611146416127,0.0428606,0
607388611280633855,0.0438962,0
607388611414851583,0.0438888,0
607388611549069311,0.0444078,0
607388611683287039,0.0394864,0
607388611817504767,0.0404082,0
607388611951722495,0.0388067,0
607388612220157951,0.0354863,0
607388612354375679,0.0352253,0
607388612488593407,0.031343,0
607388612622811135,0.0345013,0
607388612757028863,0.0309017,0
607388612891246591,0.0361184,0
607388613025464319,0.0299884,0
607388614367641599,0.0482894,0
607388614501859327,0.0420395,0
607388614636077055,0.0492409,0
607388614770294783,0.0504111,0
607388614904512511,0.0491466,0
607388615038730239,0.0409767,0
607388615172947967,0.0442291,0
607388615441383423,0.0416126,0
607388615575601151,0.0511575,0
607388615709818879,0.0441261,0
607388615844036607,0.0578619,0
607388615978254335,0.0485994,0
607388616112472063,0.0612865,0
607388616246689791,0.0419568,0
607388616515125247,0.0368419,0
607388616649342975,0.038041,0
607388616783560703,0.0365819,0
607388616917778431,0.0373454,0
607388617051996159,0.0395968,0
607388617186213887,0.0405188,0
607388617320431615,0.0368438,0
607388617588867071,0.0451563,0
607388617723084799,0.0472218,0
607388617857302527,0.0420729,0
607388617991520255,0.0501545,0
607388618125737983,0.0521269,0
607388618259955711,0.0517425,0
607388618394173439,0.0460209,0
607388618662608895,0.0458089,0
607388618796826623,0.041915,0
607388618931044351,0.0512467,0
607388619065262079,0.0477892,0
607388619199479807,0.0442899,0
607388619333697535,0.0453708,0
607388619467915263,0.0426422,0
607388619736350719,0.052828,0
607388619870568447,0.0489241,0
607388620004786175,0.0444869,0
607388620139003903,0.0441044,0
607388620273221631,0.0535855,0
607388620407439359,0.0537744,0
607388620541657087,0.0478348,0
607388620810092543,0.0457287,0
607388620944310271,0.0436427,0
607388621078527999,0.0395084,0
607388621212745727,0.0377698,0
607388621346963455,0.0468685,0
607388621481181183,0.0463649,0
607388621615398911,0.0456868,0
607388622957576191,0.0297599,0
607388623091793919,0.0327575,0
607388623226011647,0.0319599,0
607388623360229375,0.0309282,0
607388623494447103,0.0310032,0
607388623628664831,0.0317101,0
607388623762882559,0.0296195,0
607388624031318015,0.0396946,0
607388624165535743,0.0472392,0
607388624299753471,0.0387724,0
607388624433971199,0.0429628,0
607388624568188927,0.0364111,0
607388624702406655,0.0336015,0
607388624836624383,0.0404036,0
607388625105059839,0.0316558,0
607388625239277567,0.0330965,0
607388625373495295,0.0378261,0
607388625507713023,0.0374869,0
607388625641930751,0.0339929,0
607388625776148479,0.0288977,0
607388625910366207,0.0393797,0
607388626178801663,0.0320567,0
607388626313019391,0.0401631,0
607388626447237119,0.0351104,0
607388626581454847,0.0369632,0
607388626715672575,0.0366346,0
607388626849890303,0.0362126,0
607388626984108031,0.0294488,0
607388627252543487,0.0314631,0
607388627386761215,0.031113,0
607388627520978943,0.0325263,0
607388627655196671,0.030291,0
607388627789414399,0.0269845,0
607388627923632127,0.0258169,0
607388628057849855,0.040495,0
607388628326285311,0.0352418,0
607388628460503039,0.0351552,0
607388628594720767,0.0256906,0
607388628728938495,0.035108,0
607388628863156223,0.0354122,0
607388628997373951,0.0294618,0
607388629131591679,0.0272655,0
607388629400027135,0.0337301,0
607388629534244863,0.0335033,0
607388629668462591,0.0358883,0
607388629802680319,0.0335219,0
607388629936898047,0.0344432,0
607388630071115775,0.0332071,0
607388630205333503,0.0348193,0
607388640137445375,0.0432355,0
607388640271663103,0.042335,0
607388640405880831,0.0487067,0
607388640540098559,0.0431629,0
607388640674316287,0.0414892,0
607388640808534015,0.0432676,0
607388640942751743,0.040394,0
607388641211187199,0.0488762,0
607388641345404927,0.0460741,0
607388641479622655,0.0456558,0
607388641613840383,0.0489658,0
607388641748058111,0.0444052,0
607388641882275839,0.0561663,0
607388642016493567,0.0402381,0
607388642284929023,0.0497943,0
607388642419146751,0.042213,0
607388642553364479,0.049732,0
607388642687582207,0.052007,0
607388642821799935,0.041619,0
607388642956017663,0.049076,0
607388643090235391,0.0403851,0
607388643358670847,0.0440798,0
607388643492888575,0.0446722,0
607388643627106303,0.0409717,0
607388643761324031,0.0477788,0
607388643895541759,0.0424982,0
607388644029759487,0.0445996,0
607388644163977215,0.039419,0
607388644432412671,0.0433219,0
607388644566630399,0.0421112,0
607388644700848127,0.0423909,0
607388644835065855,0.0410139,0
607388644969283583,0.0328975,0
607388645103501311,0.0430515,0
607388645237719039,0.0333575,0
607388645506154495,0.0432849,0
607388645640372223,0.0450247,0
607388645774589951,0.0404862,0
607388645908807679,0.0424116,0
607388646043025407,0.0382875,0
607388646177243135,0.0429889,0
607388646311460863,0.0402301,0
607388646579896319,0.039389,0
607388646714114047,0.039968,0
607388646848331775,0.0390145,0
607388646982549503,0.0390586,0
607388647116767231,0.0291208,0
607388647250984959,0.0445761,0
607388647385202687,0.0210655,0
607388648727379967,0.0593602,0
607388648861597695,0.0492613,0
607388648995815423,0.0600386,0
607388649130033151,0.0497064,0
607388649264250879,0.0590827,0
607388649398468607,0.0547689,0
607388649532686335,0.0602432,0
607388649801121791,0.0780688,0
607388649935339519,0.0752533,0
607388650069557247,0.0665168,0
607388650203774975,0.0702918,0
607388650337992703,0.0702738,0
607388650472210431,0.0797227,0
607388650606428159,0.0526408,0
607388650874863615,0.0535374,0
607388651009081343,0.0592992,0
607388651143299071,0.0515348,0
607388651277516799,0.0524798,0
607388651411734527,0.0529382,0
607388651545952255,0.0561695,0
607388651680169983,0.0495578,0
607388651948605439,0.0588149,0
607388652082823167,0.0653931,0
607388652217040895,0.0501716,0
607388652351258623,0.0574513,0
607388652485476351,0.0555553,0
607388652619694079,0.0621042,0
607388652753911807,0.0523465,0
607388653022347263,0.0570394,0
607388653156564991,0.0602999,0
607388653290782719,0.053071,0
607388653425000447,0.0572699,0
607388653559218175,0.0580435,0
607388653693435903,0.0601923,0
607388653827653631,0.0586812,0
607388654096089087,0.061253,0
607388654230306815,0.0632426,0
607388654364524543,0.0602639,0
607388654498742271,0.0616282,0
607388654632959999,0.0666948,0
607388654767177727,0.0668054,0
607388654901395455,0.0594307,0
607388655169830911,0.0543222,0
607388655304048639,0.0493333,0
607388655438266367,0.0507045,0
607388655572484095,0.0481049,0
607388655706701823,0.0515357,0
607388655840919551,0.0539305,0
607388655975137279,0.0502004,0
607388657317314559,0.0301307,0
607388657451532287,0.0294476,0
607388657585750015,0.0310902,0
607388657719967743,0.0308706,0
607388657854185471,0.0339216,0
607388657988403199,0.0287293,0
607388658122620927,0.0185814,0
607388658391056383,0.0354496,0
607388658525274111,0.0314597,0
607388658659491839,0.0300899,0
607388658793709567,0.0247987,0
607388658927927295,0.0331411,0
607388659062145023,0.037473,0
607388659196362751,0.0299826,0
607388659464798207,0.0225989,0
607388659599015935,0.0246096,0
607388659733233663,0.0202748,0
607388659867451391,0.0212974,0
607388660001669119,0.0287397,0
607388660135886847,0.0308131,0
607388660270104575,0.0116297,0
607388660538540031,0.0269395,0
607388660672757759,0.0245142,0
607388660806975487,0.03037,0
607388660941193215,0.027041,0
607388661075410943,0.0274637,0
607388661209628671,0.0285876,0
607388661343846399,0.0280262,0
607388661612281855,0.018778,0
607388661746499583,0.0218202,0
607388661880717311,0.0172934,0
607388662014935039,0.0179292,0
607388662149152767,0.0207293,0
607388662283370495,0.0244907,0
607388662417588223,0.0173952,0
607388662686023679,0.0371842,0
607388662820241407,0.036891,0
607388662954459135,0.0334368,0
607388663088676863,0.0299647,0
607388663222894591,0.0332645,0
607388663357112319,0.0444799,0
607388663491330047,0.02597,0
607388663759765503,0.0175103,0
607388663893983231,0.020772,0
607388664028200959,0.0141423,0
607388664162418687,0.0171078,0
607388664296636415,0.0167383,0
607388664430854143,0.0183034,0
607388664565071871,0.0134929,0
607388665907249151,0.048236,0
607388666041466879,0.0434227,0
607388666175684607,0.0474005,0
607388666309902335,0.0487931,0
607388666444120063,0.0504665,0
607388666578337791,0.0454058,0
607388666712555519,0.0477844,0
607388666980990975,0.0470457,0
607388667115208703,0.0575952,0
607388667249426431,0.0493197,0
607388667383644159,0.0448719,0
607388667517861887,0.0499577,0
607388667652079615,0.0505737,0
607388667786297343,0.0483963,0
607388668054732799,0.0466847,0
607388668188950527,0.0433762,0
607388668323168255,0.0397306,0
607388668457385983,0.0449872,0
607388668591603711,0.0477548,0
607388668725821439,0.045664,0
607388668860039167,0.0396529,0
607388669128474623,0.0432575,0
607388669262692351,0.0495611,0
607388669396910079,0.0434999,0
607388669531127807,0.0429103,0
607388669665345535,0.0452712,0
607388669799563263,0.0445702,0
607388669933780991,0.048862,0
607388670202216447,0.0438327,0
607388670336434175,0.0475374,0
607388670470651903,0.0369418,0
607388670604869631,0.0469663,0
607388670739087359,0.0373844,0
607388670873305087,0.0487349,0
607388671007522815,0.0400818,0
607388671275958271,0.049517,0
607388671410175999,0.0472953,0
607388671544393727,0.0472268,0
607388671678611455,0.0473361,0
607388671812829183,0.045136,0
607388671947046911,0.0494395,0
607388672081264639,0.0440139,0
607388672349700095,0.0437804,0
607388672483917823,0.0464323,0
607388672618135551,0.0371651,0
607388672752353279,0.0427356,0
607388672886571007,0.0377585,0
607388673020788735,0.0448659,0
607388673155006463,0.0258576,0
607388674497183743,0.0252707,0
607388674631401471,0.0286088,0
607388674765619199,0.0277716,0
607388674899836927,0.0272102,0
607388675034054655,0.0227823,0
607388675168272383,0.0372278,0
607388675302490111,0.0235461,0
607388675570925567,0.0272053,0
607388675705143295,0.0357173,0
607388675839361023,0.026358,0
607388675973578751,0.0313444,0
607388676107796479,0.0272197,0
607388676242014207,0.0323184,0
607388676376231935,0.0332076,0
607388676644667391,0.0296355,0
607388676778885119,0.0323682,0
607388676913102847,0.0159592,0
607388677047320575,0.027595,0
607388677181538303,0.0252021,0
607388677315756031,0.0306326,0
607388677449973759,0.0172388,0
607388677718409215,0.0375754,0
607388677852626943,0.0363908,0
607388677986844671,0.0437128,0
607388678121062399,0.0449348,0
607388678255280127,0.0313393,0
607388678389497855,0.0317146,0
607388678523715583,0.0323468,0
607388678792151039,0.0198854,0
607388678926368767,0.020043,0
607388679060586495,0.0168083,0
607388679194804223,0.0265183,0
607388679329021951,0.0184495,0
607388679463239679,0.0275344,0
607388679597457407,0.0288704,0
607388679865892863,0.0228697,0
607388680000110591,0.0273517,0
607388680134328319,0.0251933,0
607388680268546047,0.0313863,0
607388680402763775,0.0242679,0
607388680536981503,0.0342958,0
607388680671199231,0.030024,0
607388680939634687,0.0218927,0
607388681073852415,0.0202706,0
607388681208070143,0.0173794,0
607388681342287871,0.0161765,0
607388681476505599,0.0244737,0
607388681610723327,0.0282582,0
607388681744941055,0.0268618,0
607388683087118335,0.0543807,0
607388683221336063,0.0694991,0
607388683355553791,0.0484372,0
607388683489771519,0.0611729,0
607388683623989247,0.0430216,0
607388683758206975,0.0515278,0
607388683892424703,0.0437561,0
607388684160860159,0.0659731,0
607388684295077887,0.0934217,0
607388684429295615,0.0667987,0
607388684563513343,0.067453,0
607388684697731071,0.0634619,0
607388684831948799,0.0806831,0
607388684966166527,0.0640811,0
607388685234601983,0.0535423,0
607388685368819711,0.0563348,0
607388685503037439,0.0493635,0
607388685637255167,0.0612908,0
607388685771472895,0.0482751,0
607388685905690623,0.0567814,0
607388686039908351,0.0446301,0
607388686308343807,0.0649729,0
607388686442561535,0.0634929,0
607388686576779263,0.0608086,0
607388686710996991,0.0619045,0
607388686845214719,0.068582,0
607388686979432447,0.0645886,0
607388687113650175,0.0572257,0
607388687382085631,0.0318934,0
607388687516303359,0.0371984,0
607388687650521087,0.0344029,0
607388687784738815,0.0334249,0
607388687918956543,0.0385206,0
607388688053174271,0.0439396,0
607388688187391999,0.0371945,0
607388688455827455,0.0444843,0
607388688590045183,0.0632373,0
607388688724262911,0.0407616,0
607388688858480639,0.0592472,0
607388688992698367,0.045711,0
607388689126916095,0.0601579,0
607388689261133823,0.0480736,0
607388689529569279,0.0370342,0
607388689663787007,0.0454426,0
607388689798004735,0.0353069,0
607388689932222463,0.0417843,0
607388690066440191,0.035342,0
607388690200657919,0.0386024,0
607388690334875647,0.0327093,0
607388691677052927,0.0174321,0
607388691811270655,0.0193549,0
607388691945488383,0.0189542,0
607388692079706111,0.0181779,0
607388692213923839,0.0158184,0
607388692348141567,0.0161278,0
607388692482359295,0.0217058,0
607388692750794751,0.0160861,0
607388692885012479,0.0281876,0
607388693019230207,0.0174092,0
607388693153447935,0.0183072,0
607388693287665663,0.0141335,0
607388693421883391,0.0268342,0
607388693556101119,0.0159782,0
607388693824536575,0.0221536,0
607388693958754303,0.0219123,0
607388694092972031,0.0178927,0
607388694227189759,0.0158877,0
607388694361407487,0.0209347,0
607388694495625215,0.0216806,0
607388694629842943,0.0251594,0
607388694898278399,0.0210672,0
607388695032496127,0.0229261,0
607388695166713855,0.0311511,0
607388695300931583,0.0215693,0
607388695435149311,0.0183235,0
607388695569367039,0.0165908,0
607388695703584767,0.0197225,0
607388695972020223,0.0222253,0
607388696106237951,0.0143788,0
607388696240455679,0.0262983,0
607388696374673407,0.0209863,0
607388696508891135,0.0224722,0
607388696643108863,0.0173507,0
607388696777326591,0.0249954,0
607388697045762047,0.0181547,0
607388697179979775,0.0153118,0
607388697314197503,0.0149853,0
607388697448415231,0.0180002,0
607388697582632959,0.013366,0
607388697716850687,0.0195597,0
607388697851068415,0.0182708,0
607388698119503871,0.0217769,0
607388698253721599,0.0189289,0
607388698387939327,0.0296863,0
607388698522157055,0.0218238,0
607388698656374783,0.0230115,0
607388698790592511,0.0191101,0
607388698924810239,0.0290222,0
607388708856922111,0.121061,0
607388708991139839,0.114019,0
607388709125357567,0.105914,0
607388709259575295,0.10239,0
607388709393793023,0.109158,0
607388709528010751,0.128265,0
607388709662228479,0.0992247,0
607388709930663935,0.118001,0
607388710064881663,0.0989546,0
607388710199099391,0.113164,0
607388710333317119,0.1135,0
607388710467534847,0.119441,0
607388710601752575,0.107802,0
607388710735970303,0.121514,0
607388711004405759,0.0915839,0
607388711138623487,0.106549,0
607388711272841215,0.0842103,0
607388711407058943,0.0856433,0
607388711541276671,0.103874,0
607388711675494399,0.110109,0
607388711809712127,0.0862961,0
607388712078147583,0.109651,0
607388712212365311,0.106012,0
607388712346583039,0.104009,0
607388712480800767,0.107254,0
607388712615018495,0.112134,0
607388712749236223,0.110162,0
607388712883453951,0.110257,0
607388713151889407,0.113386,0
607388713286107135,0.106824,0
607388713420324863,0.117382,0
607388713554542591,0.120044,0
607388713688760319,0.130739,0
607388713822978047,0.114683,0
607388713957195775,0.120964,0
607388714225631231,0.120861,0
607388714359848959,0.120336,0
607388714494066687,0.119105,0
607388714628284415,0.128254,0
607388714762502143,0.122441,0
607388714896719871,0.125402,0
607388715030937599,0.113461,0
607388715299373055,0.0923132,0
607388715433590783,0.109442,0
607388715567808511,0.0824045,0
607388715702026239,0.0879457,0
607388715836243967,0.100284,0
607388715970461695,0.106933,0
607388716104679423,0.0977808,0
607388717446856703,0.100714,0
607388717581074431,0.088711,0
607388717715292159,0.104323,0
607388717849509887,0.0880627,0
607388717983727615,0.103434,0
607388718117945343,0.0897514,0
607388718252163071,0.104663,0
607388718520598527,0.0966385,0
607388718654816255,0.097454,0
607388718789033983,0.0906796,0
607388718923251711,0.0936666,0
607388719057469439,0.108146,0
607388719191687167,0.0997625,0
607388719325904895,0.101307,0
607388719594340351,0.0807818,0
607388719728558079,0.0715614,0
607388719862775807,0.0849448,0
607388719996993535,0.0648361,0
607388720131211263,0.0938319,0
607388720265428991,0.0817692,0
607388720399646719,0.0811856,0
607388720668082175,0.0698155,0
607388720802299903,0.0752394,0
607388720936517631,0.0657306,0
607388721070735359,0.0641473,0
607388721204953087,0.0752399,0
607388721339170815,0.0862077,0
607388721473388543,0.0792574,0
607388721741823999,0.119424,0
607388721876041727,0.114388,0
607388722010259455,0.114198,0
607388722144477183,0.107871,0
607388722278694911,0.112038,0
607388722412912639,0.112729,0
607388722547130367,0.112614,0
607388722815565823,0.114728,0
607388722949783551,0.108154,0
607388723084001279,0.114813,0
607388723218219007,0.101398,0
607388723352436735,0.122644,0
607388723486654463,0.112341,0
607388723620872191,0.116774,0
607388723889307647,0.0964593,0
607388724023525375,0.0925753,0
607388724157743103,0.0878005,0
607388724291960831,0.0832412,0
607388724426178559,0.094729,0
607388724560396287,0.102975,0
607388724694614015,0.0935437,0
607388726036791295,0.0752951,0
607388726171009023,0.0710721,0
607388726305226751,0.0626164,0
607388726439444479,0.0803874,0
607388726573662207,0.0714144,0
607388726707879935,0.0688462,0
607388726842097663,0.0660287,0
607388727110533119,0.071136,0
607388727244750847,0.0662907,0
607388727378968575,0.0738658,0
607388727513186303,0.065598,0
607388727647404031,0.0718291,0
607388727781621759,0.0700503,0
607388727915839487,0.068429,0
607388728184274943,0.0642927,0
607388728318492671,0.0618247,0
607388728452710399,0.0571811,0
607388728586928127,0.0567815,0
607388728721145855,0.0524388,0
607388728855363583,0.0603248,0
607388728989581311,0.0581936,0
607388729258016767,0.0777271,0
607388729392234495,0.0695263,0
607388729526452223,0.0598012,0
607388729660669951,0.0669765,0
607388729794887679,0.0750405,0
607388729929105407,0.0685363,0
607388730063323135,0.0732854,0
607388730331758591,0.0810402,0
607388730465976319,0.0743202,0
607388730600194047,0.077294,0
607388730734411775,0.0727265,0
607388730868629503,0.0871063,0
607388731002847231,0.0804253,0
607388731137064959,0.0886562,0
607388731405500415,0.0723975,0
607388731539718143,0.0728665,0
607388731673935871,0.069598,0
607388731808153599,0.0706093,0
607388731942371327,0.076965,0
607388732076589055,0.0762975,0
607388732210806783,0.0715513,0
607388732479242239,0.0558994,0
607388732613459967,0.060714,0
607388732747677695,0.0652053,0
607388732881895423,0.0557838,0
607388733016113151,0.0591236,0
607388733150330879,0.0588268,0
607388733284548607,0.0705873,0
607388734626725887,0.0757421,0
607388734760943615,0.073385,0
607388734895161343,0.0732646,0
607388735029379071,0.0686419,0
607388735163596799,0.0810749,0
607388735297814527,0.0807274,0
607388735432032255,0.0774971,0
607388735700467711,0.0646291,0
607388735834685439,0.0573594,0
607388735968903167,0.0707923,0
607388736103120895,0.0558899,0
607388736237338623,0.080016,0
607388736371556351,0.0673306,0
607388736505774079,0.0694051,0
607388736774209535,0.0716631,0
607388736908427263,0.0753657,0
607388737042644991,0.0752324,0
607388737176862719,0.0741716,0
607388737311080447,0.0721935,0
607388737445298175,0.0678512,0
607388737579515903,0.0761518,0
607388737847951359,0.0607075,0
607388737982169087,0.0502847,0
607388738116386815,0.0677996,0
607388738250604543,0.0527309,0
607388738384822271,0.0690947,0
607388738519039999,0.0622845,0
607388738653257727,0.0713637,0
607388738921693183,0.0827031,0
607388739055910911,0.0869785,0
607388739190128639,0.0751491,0
607388739324346367,0.0790848,0
607388739458564095,0.0922277,0
607388739592781823,0.0954791,0
607388739726999551,0.0764812,0
607388739995435007,0.0943629,0
607388740129652735,0.0801647,0
607388740263870463,0.0888681,0
607388740398088191,0.0858196,0
607388740532305919,0.0908482,0
607388740666523647,0.085453,0
607388740800741375,0.0994334,0
607388741069176831,0.0764243,0
607388741203394559,0.0737384,0
607388741337612287,0.0707176,0
607388741471830015,0.07342,0
607388741606047743,0.0779781,0
607388741740265471,0.0741792,0
607388741874483199,0.0716818,0
607388743216660479,0.127474,0
607388743350878207,0.134903,0
607388743485095935,0.135293,0
607388743619313663,0.134797,0
607388743753531391,0.141846,0
607388743887749119,0.124755,0
607388744021966847,0.139576,0
607388744290402303,0.126699,0
607388744424620031,0.126855,0
607388744558837759,0.134452,0
607388744693055487,0.118301,0
607388744827273215,0.133468,0
607388744961490943,0.120723,0
607388745095708671,0.135395,0
607388745364144127,0.125282,0
607388745498361855,0.135349,0
607388745632579583,0.137679,0
607388745766797311,0.113263,0
607388745901015039,0.131785,0
607388746035232767,0.130105,0
607388746169450495,0.138246,0
607388746437885951,0.124186,0
607388746572103679,0.124463,0
607388746706321407,0.11918,0
607388746840539135,0.126912,0
607388746974756863,0.121555,0
607388747108974591,0.127659,0
607388747243192319,0.132211,0
607388747511627775,0.147614,0
607388747645845503,0.13657,0
607388747780063231,0.127914,0
607388747914280959,0.139426,0
607388748048498687,0.166042,0
607388748182716415,0.141389,0
607388748316934143,0.132452,0
607388748585369599,0.144792,0
607388748719587327,0.129356,0
607388748853805055,0.13379,0
607388748988022783,0.140843,0
607388749122240511,0.140833,0
607388749256458239,0.136172,0
607388749390675967,0.140201,0
607388749659111423,0.135737,0
607388749793329151,0.130831,0
607388749927546879,0.116958,0
607388750061764607,0.134702,0
607388750195982335,0.130582,0
607388750330200063,0.119977,0
607388750464417791,0.126795,0
607388751806595071,0.109956,0
607388751940812799,0.117641,0
607388752075030527,0.115972,0
607388752209248255,0.104712,0
607388752343465983,0.108171,0
607388752477683711,0.116017,0
607388752611901439,0.113399,0
607388752880336895,0.121181,0
607388753014554623,0.126812,0
607388753148772351,0.115234,0
607388753282990079,0.122966,0
607388753417207807,0.116626,0
607388753551425535,0.122528,0
607388753685643263,0.121077,0
607388753954078719,0.106884,0
607388754088296447,0.108021,0
607388754222514175,0.119179,0
607388754356731903,0.112298,0
607388754490949631,0.107867,0
607388754625167359,0.106835,0
607388754759385087,0.10914,0
607388755027820543,0.117735,0
607388755162038271,0.125774,0
607388755296255999,0.11393,0
607388755430473727,0.110584,0
607388755564691455,0.109293,0
607388755698909183,0.11286,0
607388755833126911,0.109589,0
607388756101562367,0.129496,0
607388756235780095,0.123865,0
607388756369997823,0.135328,0
607388756504215551,0.125008,0
607388756638433279,0.124638,0
607388756772651007,0.123921,0
607388756906868735,0.128579,0
607388757175304191,0.127797,0
607388757309521919,0.118351,0
607388757443739647,0.124326,0
607388757577957375,0.123523,0
607388757712175103,0.124994,0
607388757846392831,0.127963,0
607388757980610559,0.121734,0
607388758249046015,0.117805,0
607388758383263743,0.109422,0
607388758517481471,0.132816,0
607388758651699199,0.112809,0
607388758785916927,0.119398,0
607388758920134655,0.122204,0
607388759054352383,0.132518,0
607388760396529663,0.10629,0
607388760530747391,0.110246,0
607388760664965119,0.0938597,0
607388760799182847,0.106693,0
607388760933400575,0.105873,0
607388761067618303,0.114908,0
607388761201836031,0.0855694,0
607388761470271487,0.117535,0
607388761604489215,0.12058,0
607388761738706943,0.103944,0
607388761872924671,0.105183,0
607388762007142399,0.127283,0
607388762141360127,0.128598,0
607388762275577855,0.11033,0
607388762544013311,0.0870745,0
607388762678231039,0.0921246,0
607388762812448767,0.0882426,0
607388762946666495,0.0881792,0
607388763080884223,0.0860789,0
607388763215101951,0.0887926,0
607388763349319679,0.0716095,0
607388763617755135,0.0818926,0
607388763751972863,0.0871463,0
607388763886190591,0.0855742,0
607388764020408319,0.0743161,0
607388764154626047,0.104226,0
607388764288843775,0.0977597,0
607388764423061503,0.0949497,0
607388764691496959,0.0971719,0
607388764825714687,0.0996551,0
607388764959932415,0.0975258,0
607388765094150143,0.0884219,0
607388765228367871,0.105172,0
607388765362585599,0.111367,0
607388765496803327,0.0995848,0
607388765765238783,0.113123,0
607388765899456511,0.124507,0
607388766033674239,0.113674,0
607388766167891967,0.127773,0
607388766302109695,0.114329,0
607388766436327423,0.122391,0
607388766570545151,0.112032,0
607388766838980607,0.0849141,0
607388766973198335,0.0845251,0
607388767107416063,0.0678438,0
607388767241633791,0.0789492,0
607388767375851519,0.0899749,0
607388767510069247,0.09001,0
607388767644286975,0.0686574,0
607388777576398847,0.0122979,0
607388777710616575,0.0137559,0
607388777844834303,0.0114239,0
607388777979052031,0.0111479,0
607388778113269759,0.0134808,0
607388778247487487,0.021223,0
607388778381705215,0.0119394,0
607388778650140671,0.0230935,0
607388778784358399,0.0222729,0
607388778918576127,0.0234719,0
607388779052793855,0.0217857,0
607388779187011583,0.0231417,0
607388779321229311,0.0212879,0
607388779455447039,0.0212939,0
607388779723882495,0.0125988,0
607388779858100223,0.0163404,0
607388779992317951,0.0114712,0
607388780126535679,0.0113752,0
607388780260753407,0.0134525,0
607388780394971135,0.0120987,0
607388780529188863,0.00930233,0
607388780797624319,0.0154405,0
607388780931842047,0.0148396,0
607388781066059775,0.0186097,0
607388781200277503,0.0146461,0
607388781334495231,0.0104663,0
607388781468712959,0.0195073,0
607388781602930687,0.0157441,0
607388781871366143,0.0123135,0
607388782005583871,0.0142145,0
607388782139801599,0.00987308,0
607388782274019327,0.0134888,0
607388782408237055,0.011855,0
607388782542454783,0.0200501,0
607388782676672511,0.0113201,0
607388782945107967,0.0210787,0
607388783079325695,0.0209555,0
607388783213543423,0.0204714,0
607388783347761151,0.0215411,0
607388783481978879,0.0219654,0
607388783616196607,0.0213673,0
607388783750414335,0.0219382,0
607388784018849791,0.0119831,0
607388784153067519,0.0114039,0
607388784287285247,0.0136504,0
607388784421502975,0.00927013,0
607388784555720703,0.0144357,0
607388784689938431,0.011351,0
607388784824156159,0.0140674,0
607388786166333439,0.0260083,0
607388786300551167,0.0282454,0
607388786434768895,0.0232595,0
607388786568986623,0.0271501,0
607388786703204351,0.0217117,0
607388786837422079,0.026582,0
607388786971639807,0.0200574,0
607388787240075263,0.0346314,0
607388787374292991,0.0348552,0
607388787508510719,0.0343632,0
607388787642728447,0.0359724,0
607388787776946175,0.0352929,0
607388787911163903,0.0362658,0
607388788045381631,0.0312479,0
607388788313817087,0.0228763,0
607388788448034815,0.0258206,0
607388788582252543,0.016779,0
607388788716470271,0.0204936,0
607388788850687999,0.0188454,0
607388788984905727,0.0264134,0
607388789119123455,0.0192323,0
607388789387558911,0.0344877,0
607388789521776639,0.0321697,0
607388789655994367,0.0288045,0
607388789790212095,0.0303732,0
607388789924429823,0.034185,0
607388790058647551,0.0344754,0
607388790192865279,0.0294883,0
607388790461300735,0.0197965,0
607388790595518463,0.0202593,0
607388790729736191,0.0196158,0
607388790863953919,0.0205477,0
607388790998171647,0.0198186,0
607388791132389375,0.0202782,0
607388791266607103,0.0220502,0
607388791535042559,0.0221919,0
607388791669260287,0.0295135,0
607388791803478015,0.0206567,0
607388791937695743,0.0309064,0
607388792071913471,0.0240518,0
607388792206131199,0.0293371,0
607388792340348927,0.0192027,0
607388792608784383,0.0216168,0
607388792743002111,0.0195955,0
607388792877219839,0.0181605,0
607388793011437567,0.0185445,0
607388793145655295,0.0212351,0
607388793279873023,0.0206194,0
607388793414090751,0.0197548,0
607388794756268031,0.00897359,0
607388794890485759,0.0112827,0
607388795024703487,0.010906,0
607388795158921215,0.012248,0
607388795293138943,0.00937513,0
607388795427356671,0.0101039,0
607388795561574399,0.0105665,0
607388795830009855,0.010115,0
607388795964227583,0.016273,0
607388796098445311,0.00940276,0
607388796232663039,0.0163954,0
607388796366880767,0.011397,0
607388796501098495,0.0149634,0
607388796635316223,0.0087167,0
607388796903751679,0.0111277,0
607388797037969407,0.00783233,0
607388797172187135,0.011456,0
607388797306404863,0.0117489,0
607388797440622591,0.0106619,0
607388797574840319,0.0135024,0
607388797709058047,0.0187254,0
607388797977493503,0.0113524,0
607388798111711231,0.0184759,0
607388798245928959,0.00950705,0
607388798380146687,0.0134392,0
607388798514364415,0.0104829,0
607388798648582143,0.0125814,0
607388798782799871,0.00934545,0
607388799051235327,0.0187253,0
607388799185453055,0.0129018,0
607388799319670783,0.0196946,0
607388799453888511,0.0126146,0
607388799588106239,0.0210859,0
607388799722323967,0.0110903,0
607388799856541695,0.0344241,0
607388800124977151,0.0121126,0
607388800259194879,0.0101615,0
607388800393412607,0.00856534,0
607388800527630335,0.0118466,0
607388800661848063,0.0105965,0
607388800796065791,0.00953418,0
607388800930283519,0.00790222,0
607388801198718975,0.0133065,0
607388801332936703,0.0124677,0
607388801467154431,0.0127181,0
607388801601372159,0.0159559,0
607388801735589887,0.0133604,0
607388801869807615,0.0142509,0
607388802004025343,0.0181917,0
607388803346202623,0.0192968,0
607388803480420351,0.0167502,0
607388803614638079,0.020208,0
607388803748855807,0.0187467,0
607388803883073535,0.0196935,0
607388804017291263,0.0186573,0
607388804151508991,0.0210362,0
607388804419944447,0.0142422,0
607388804554162175,0.0161756,0
607388804688379903,0.0165719,0
607388804822597631,0.0165744,0
607388804956815359,0.0143905,0
607388805091033087,0.0173339,0
607388805225250815,0.0167869,0
607388805493686271,0.0156225,0
607388805627903999,0.0130266,0
607388805762121727,0.0131362,0
607388805896339455,0.0123066,0
607388806030557183,0.0169317,0
607388806164774911,0.0190089,0
607388806298992639,0.0161166,0
607388806567428095,0.0156169,0
607388806701645823,0.0188738,0
607388806835863551,0.0122244,0
607388806970081279,0.0115833,0
607388807104299007,0.0168701,0
607388807238516735,0.0165458,0
607388807372734463,0.0163628,0
607388807641169919,0.0185714,0
607388807775387647,0.0201833,0
607388807909605375,0.0190719,0
607388808043823103,0.0222019,0
607388808178040831,0.0214167,0
607388808312258559,0.0189587,0
607388808446476287,0.0153638,0
607388808714911743,0.0138051,0
607388808849129471,0.0140228,0
607388808983347199,0.0192983,0
607388809117564927,0.0192135,0
607388809251782655,0.0154715,0
607388809386000383,0.0166679,0
607388809520218111,0.0173377,0
607388809788653567,0.0196235,0
607388809922871295,0.0223454,0
607388810057089023,0.0168944,0
607388810191306751,0.0216692,0
607388810325524479,0.0205761,0
607388810459742207,0.0191394,0
607388810593959935,0.0202686,0
607388811936137215,0.0126099,0
607388812070354943,0.0102131,0
607388812204572671,0.00892891,0
607388812338790399,0.00846471,0
607388812473008127,0.0103744,0
607388812607225855,0.00977132,0
607388812741443583,0.0112714,0
607388813009879039,0.0187608,0
607388813144096767,0.0200959,0
607388813278314495,0.0187676,0
607388813412532223,0.0208166,0
607388813546749951,0.0197915,0
607388813680967679,0.0202291,0
607388813815185407,0.0165486,0
607388814083620863,0.00890431,0
607388814217838591,0.0101965,0
607388814352056319,0.00859925,0
607388814486274047,0.00999359,0
607388814620491775,0.00860157,0
607388814754709503,0.00941692,0
607388814888927231,0.00984336,0
607388815157362687,0.0173838,0
607388815291580415,0.0204286,0
607388815425798143,0.0136116,0
607388815560015871,0.0212713,0
607388815694233599,0.0148269,0
607388815828451327,0.0230671,0
607388815962669055,0.0114973,0
607388816231104511,0.0107484,0
607388816365322239,0.0100091,0
607388816499539967,0.0101636,0
607388816633757695,0.010272,0
607388816767975423,0.0109353,0
607388816902193151,0.0124168,0
607388817036410879,0.00959325,0
607388817304846335,0.0144298,0
607388817439064063,0.0131277,0
607388817573281791,0.0130226,0
607388817707499519,0.0142933,0
607388817841717247,0.0124232,0
607388817975934975,0.0129064,0
607388818110152703,0.0126991,0
607388818378588159,0.0101132,0
607388818512805887,0.0143225,0
607388818647023615,0.00907317,0
607388818781241343,0.00997818,0
607388818915459071,0.00951971,0
607388819049676799,0.0111287,0
607388819183894527,0.0120443,0
607388820526071807,0.0230513,0
607388820660289535,0.0275126,0
607388820794507263,0.0212443,0
607388820928724991,0.0226908,0
607388821062942719,0.0235958,0
607388821197160447,0.0254784,0
607388821331378175,0.0188051,0
607388821599813631,0.0354078,0
607388821734031359,0.0384043,0
607388821868249087,0.035514,0
607388822002466815,0.0371645,0
607388822136684543,0.0357831,0
607388822270902271,0.037957,0
607388822405119999,0.0299229,0
607388822673555455,0.0204666,0
607388822807773183,0.0167259,0
607388822941990911,0.0222388,0
607388823076208639,0.0192689,0
607388823210426367,0.0192837,0
607388823344644095,0.0195737,0
607388823478861823,0.0201481,0
607388823747297279,0.0193911,0
607388823881515007,0.0285735,0
607388824015732735,0.0158212,0
607388824149950463,0.0201161,0
607388824284168191,0.025389,0
607388824418385919,0.0331092,0
607388824552603647,0.0190252,0
607388824821039103,0.024632,0
607388824955256831,0.0206541,0
607388825089474559,0.0212795,0
607388825223692287,0.0184363,0
607388825357910015,0.0255939,0
607388825492127743,0.02166,0
607388825626345471,0.0222997,0
607388825894780927,0.0346853,0
607388826028998655,0.0406009,0
607388826163216383,0.0272628,0
607388826297434111,0.0366527,0
607388826431651839,0.0288832,0
607388826565869567,0.0414626,0
607388826700087295,0.0226935,0
607388826968522751,0.0201903,0
607388827102740479,0.0176019,0
607388827236958207,0.020741,0
607388827371175935,0.0186986,0
607388827505393663,0.0216844,0
607388827639611391,0.0182836,0
607388827773829119,0.0234121,0
607388829116006399,0.0148118,0
607388829250224127,0.0125985,0
607388829384441855,0.0187699,0
607388829518659583,0.0206151,0
607388829652877311,0.0139191,0
607388829787095039,0.0131036,0
607388829921312767,0.0154092,0
607388830189748223,0.010208,0
607388830323965951,0.0138134,0
607388830458183679,0.00855123,0
607388830592401407,0.011097,0
607388830726619135,0.0118502,0
607388830860836863,0.00893917,0
607388830995054591,0.0129885,0
607388831263490047,0.0281901,0
607388831397707775,0.0170535,0
607388831531925503,0.0184605,0
607388831666143231,0.0401554,0
607388831800360959,0.0167632,0
607388831934578687,0.0178469,0
607388832068796415,0.0152851,0
607388832337231871,0.0113612,0
607388832471449599,0.0117095,0
607388832605667327,0.0106746,0
607388832739885055,0.00946059,0
607388832874102783,0.0090842,0
607388833008320511,0.0106055,0
607388833142538239,0.0149308,0
607388833410973695,0.0130352,0
607388833545191423,0.0117554,0
607388833679409151,0.010328,0
607388833813626879,0.0195534,0
607388833947844607,0.011401,0
607388834082062335,0.012068,0
607388834216280063,0.0116609,0
607388834484715519,0.0136156,0
607388834618933247,0.0122413,0
607388834753150975,0.0161936,0
607388834887368703,0.0101559,0
607388835021586431,0.0140368,0
607388835155804159,0.0098228,0
607388835290021887,0.0132488,0
607388835558457343,0.00932655,0
607388835692675071,0.0196436,0
607388835826892799,0.0103844,0
607388835961110527,0.0134794,0
607388836095328255,0.00889589,0
607388836229545983,0.0142182,0
607388836363763711,0.00904077,0
607389302233497599,0,0
607389302636150783,0,0
607389303173021695,0,0
607389303441457151,0,0
607389306931118079,0,0
607389307333771263,0,0
607389307467988991,0,0
607389307602206719,0,0
607389307736424447,0,0
607389513626419199,0.0154469,0
607389513760636927,0.0147342,0
607389533490642943,0.0515704,0
607389533624860671,0.0549049,0
607389534027513855,0.0509364,0
607389534161731583,0.0569492,0
607389534295949311,0.0473324,0
607389534564384767,0.059937,0
607389534698602495,0.0604873,0
607389534832820223,0.0544446,0
607389534967037951,0.0626989,0
607389535101255679,0.0594167,0
607389535235473407,0.0603284,0
607389535369691135,0.0554966,0
607389537248739327,0.0540505,0
607389537382957055,0.0634429,0
607389537785610239,0.0372453,0
607389537919827967,0.043228,0
607389538054045695,0.0364619,0
607389538188263423,0.0424093,0
607389538322481151,0.035248,0
607389538456698879,0.0369591,0
607389538590916607,0.0355528,0
607389538859352063,0.0581697,0
607389538993569791,0.0655082,0
607389539127787519,0.0515808,0
607389539262005247,0.0651495,0
607389539396222975,0.0485895,0
607389539530440703,0.0618115,0
607389539664658431,0.0451361,0
607389542080577535,0.0480569,0
607389542214795263,0.0486238,0
607389542349012991,0.0490173,0
607389542483230719,0.0460737,0
607389542617448447,0.0429476,0
607389542751666175,0.0466002,0
607389542885883903,0.0454593,0
607389543154319359,0.0435396,0
607389543288537087,0.0434105,0
607389543422754815,0.0476292,0
607389543556972543,0.0418587,0
607389543691190271,0.041824,0
607389543825407999,0.0411694,0
607389543959625727,0.0426456,0
607389544764932095,0.048236,0
607389544899149823,0.0473506,0
607389545301803007,0.0491296,0
607389545436020735,0.0482274,0
607389545570238463,0.0466719,0
607389545704456191,0.0507803,0
607389545838673919,0.0486205,0
607389545972891647,0.0471903,0
607389546107109375,0.0446684,0
607389546375544831,0.0461726,0
607389546509762559,0.0455625,0
607389546643980287,0.0516155,0
607389546778198015,0.0490018,0
607389546912415743,0.054077,0
607389547046633471,0.0460671,0
607389547180851199,0.0546573,0
607389547449286655,0.045703,0
607389547583504383,0.0412081,0
607389547717722111,0.0466202,0
607389547851939839,0.0424898,0
607389547986157567,0.0419886,0
607389548120375295,0.0461047,0
607389548254593023,0.0439493,0
607389548523028479,0.0511928,0
607389548657246207,0.048452,0
607389548925681663,0.0481007,0
607389549059899391,0.0516084,0
607389549194117119,0.0498306,0
607389549328334847,0.0545959,0
607389567850381311,0.0289304,0
607389567984599039,0.0385001,0
607389568118816767,0.0266716,0
607389568253034495,0.0334722,0
607389568387252223,0.0275011,0
607389568521469951,0.0330513,0
607389568655687679,0.0265601,0
607389568924123135,0.0368067,0
607389569058340863,0.037334,0
607389569192558591,0.0340282,0
607389569326776319,0.036416,0
607389569460994047,0.0338737,0
607389569595211775,0.0352811,0
607389569729429503,0.0372666,0
607389569997864959,0.0298341,0
607389570132082687,0.0390763,0
607389570266300415,0.0284754,0
607389570400518143,0.0357101,0
607389570534735871,0.0268937,0
607389570668953599,0.0292512,0
607389570803171327,0.0284922,0
607389571071606783,0.0376403,0
607389571205824511,0.0401142,0
607389571340042239,0.0382365,0
607389571474259967,0.0358749,0
607389571608477695,0.0332376,0
607389571742695423,0.0361983,0
607389571876913151,0.0372636,0
607389572145348607,0.0250862,0
607389572279566335,0.0258088,0
607389572413784063,0.0256172,0
607389572548001791,0.0248128,0
607389572682219519,0.0215656,0
607389572816437247,0.0253293,0
607389572950654975,0.0214401,0
607389573219090431,0.0214908,0
607389573353308159,0.0321644,0
607389573487525887,0.02718,0
607389573621743615,0.0357701,0
607389573755961343,0.0215463,0
607389573890179071,0.0279738,0
607389574024396799,0.021784,0
607389574292832255,0.0267539,0
607389574427049983,0.0280035,0
607389574561267711,0.0303156,0
607389574695485439,0.0280324,0
607389574829703167,0.0220725,0
607389574963920895,0.028632,0
607389575098138623,0.0198562,0
607389576440315903,0.0501523,0
607389576574533631,0.0551604,0
607389576708751359,0.0570227,0
607389576842969087,0.0550153,0
607389576977186815,0.0626693,0
607389577111404543,0.0463187,0
607389577245622271,0.0634313,0
607389577514057727,0.0431288,0
607389577648275455,0.0431721,0
607389577782493183,0.0475932,0
607389577916710911,0.0457233,0
607389578050928639,0.0524333,0
607389578185146367,0.0443856,0
607389578319364095,0.0543521,0
607389578587799551,0.0603246,0
607389578722017279,0.0558468,0
607389578856235007,0.0575643,0
607389578990452735,0.0567833,0
607389579124670463,0.0557581,0
607389579258888191,0.0564027,0
607389579393105919,0.0612331,0
607389579661541375,0.0447369,0
607389579795759103,0.043295,0
607389579929976831,0.0473123,0
607389580064194559,0.0450223,0
607389580198412287,0.0567483,0
607389580332630015,0.0463356,0
607389580466847743,0.0544439,0
607389580735283199,0.0526355,0
607389580869500927,0.0600509,0
607389581003718655,0.0510033,0
607389581137936383,0.0623067,0
607389581272154111,0.0433578,0
607389581406371839,0.0570159,0
607389581540589567,0.0408132,0
607389581809025023,0.0488072,0
607389581943242751,0.0572091,0
607389582077460479,0.061034,0
607389582211678207,0.0519697,0
607389582345895935,0.0673497,0
607389582480113663,0.0546385,0
607389582614331391,0.0634948,0
607389582882766847,0.0537792,0
607389583016984575,0.0638256,0
607389583151202303,0.0524482,0
607389583285420031,0.0609703,0
607389583419637759,0.0443353,0
607389583553855487,0.0626783,0
607389583688073215,0.0450772,0
607389586103992319,0.0361586,0
607389586238210047,0.0349826,0
607389586640863231,0.0275742,0
607389586775080959,0.03368,0
607389589459435519,0.0210375,0
607389589862088703,0.0197811,0
607389589996306431,0.0199565,0
607389590398959615,0.0268046,0
607389590533177343,0.0257802,0
607389590667395071,0.0256539,0
607389590801612799,0.0245127,0
607389590935830527,0.0256962,0
607389591070048255,0.02909,0
607389591204265983,0.022009,0
607389741259685887,0.0179427,0
607389741393903615,0.0384783,0
607389744480911359,0.0276566,0
607389744615129087,0.0605941,0
607389745017782271,0.0401291,0
607389745151999999,0.0170121,0
607389745420435455,0.0332312,0
607389745554653183,0.0288006,0
607389745688870911,0.0293329,0
607389745823088639,0.043216,0
607389748239007743,0.0242467,0
607389748373225471,0.0186203,0
607389748775878655,0.019112,0
607389748910096383,0.0244314,0
607389749312749567,0.0160459,0
607389749446967295,0.0159638,0
607389749581185023,0.019524,0
607389749715402751,0.0169286,0
607389749849620479,0.0222318,0
607389749983838207,0.0206111,0
607389750118055935,0.016686,0
607389752533975039,0.0132009,0
607389752668192767,0.0132319,0
607389752802410495,0.0284151,0
607389752936628223,0.0186539,0
607389753070845951,0.015692,0
607389753205063679,0.0196808,0
607389753339281407,0.0192285,0
607389753607716863,0.016096,0
607389753741934591,0.0164981,0
607389753876152319,0.0209759,0
607389754010370047,0.0290663,0
607389754144587775,0.0136737,0
607389754278805503,0.0135715,0
607389754413023231,0.00886523,0
607389774008811519,0.0279093,0
607389774143029247,0.0222577,0
607389774277246975,0.0230439,0
607389774411464703,0.0497001,0
607389774545682431,0.0361574,0
607389774679900159,0.0455834,0
607389774814117887,0.0239995,0
607389775082553343,0.0215974,0
607389775216771071,0.0180814,0
607389775350988799,0.0280594,0
607389775485206527,0.0225017,0
607389775619424255,0.0164528,0
607389775753641983,0.0329464,0
607389775887859711,0.0171668,0
607389776156295167,0.0200358,0
607389776290512895,0.0245766,0
607389776693166079,0.0352029,0
607389776827383807,0.0319676,0
607389776961601535,0.0280895,0
607389777230036991,0.0496981,0
607389777364254719,0.0326636,0
607389777498472447,0.0259528,0
607389777632690175,0.0451341,0
607389777766907903,0.037566,0
607389777901125631,0.0320847,0
607389778035343359,0.0356982,0
607389778303778815,0.00691817,0
607389778437996543,0.00949773,0
607389778572214271,0.00493007,0
607389778706431999,0.0119925,0
607389778840649727,0.00536681,0
607389778974867455,0.00683531,0
607389779109085183,0.00152646,0
607389779377520639,0.039161,0
607389779511738367,0.0966754,0
607389779645956095,0.0422385,0
607389779780173823,0.0285686,0
607389779914391551,0.0190119,0
607389780048609279,0.0184929,0
607389780182827007,0.0180853,0
607389780451262463,0.00763361,0
607389780585480191,0.0157971,0
607389780719697919,0.00316615,0
607389780853915647,0.00790586,0
607389780988133375,0.00625053,0
607389781122351103,0.0106076,0
607389781256568831,0.00302955,0
607389782598746111,0.0165219,0
607389782732963839,0.0167606,0
607389782867181567,0.00902581,0
607389783001399295,0.0267074,0
607389783135617023,0.0112977,0
607389783269834751,0.0149627,0
607389783404052479,0.00948944,0
607389783672487935,0.0105806,0
607389783806705663,0.0264215,0
607389783940923391,0.0168103,0
607389784075141119,0.0198097,0
607389784209358847,0.0112764,0
607389784343576575,0.0200721,0
607389784477794303,0.0121837,0
607389784746229759,0.0199782,0
607389784880447487,0.0200362,0
607389785014665215,0.0972955,0
607389785148882943,0.0357092,0
607389785283100671,0.00603774,0
607389785417318399,0.0244887,0
607389785551536127,0.00966487,0
607389785819971583,0.0236358,0
607389785954189311,0.0209255,0
607389786088407039,0.0165215,0
607389786222624767,0.0194553,0
607389786356842495,0.0214269,0
607389786491060223,0.0170634,0
607389786625277951,0.0161079,0
607389786893713407,0.00505655,0
607389787027931135,0.0120994,0
607389787162148863,0.00826673,0
607389787296366591,0.010783,0
607389787430584319,0.00680684,0
607389787564802047,0.0100879,0
607389787699019775,0.0146655,0
607389787967455231,0.011652,0
607389788101672959,0.0223233,0
607389788235890687,0.0112247,0
607389788370108415,0.0159935,0
607389788504326143,0.00791592,0
607389788638543871,0.0155576,0
607389788772761599,0.0127426,0
607389789041197055,0.0262857,0
607389789175414783,0.00724166,0
607389789309632511,0.0311201,0
607389789443850239,0.0187285,0
607389789578067967,0.0145807,0
607389789712285695,0.0155826,0
607389789846503423,0.0224671,0
607389797228478463,0.00763361,0
607389808368549887,0.0127608,0
607389808502767615,0.0173265,0
607389808636985343,0.0126708,0
607389808771203071,0.0161564,0
607389808905420799,0.0108768,0
607389809039638527,0.0119001,0
607389809173856255,0.0108768,0
607389809442291711,0.0156977,0
607389809576509439,0.0199938,0
607389809710727167,0.0167384,0
607389809844944895,0.0159077,0
607389809979162623,0.0150745,0
607389810113380351,0.0157188,0
607389810247598079,0.0155985,0
607389810516033535,0.013726,0
607389810650251263,0.0201971,0
607389810784468991,0.0194563,0
607389810918686719,0.0152986,0
607389811052904447,0.0135205,0
607389811187122175,0.0154875,0
607389811321339903,0.0115058,0
607389811589775359,0.0193256,0
607389811723993087,0.0162299,0
607389811858210815,0.017362,0
607389811992428543,0.0177965,0
607389812126646271,0.0163218,0
607389812260863999,0.0163792,0
607389812395081727,0.0221464,0
607389812663517183,0.00938062,0
607389812797734911,0.00867421,0
607389812931952639,0.0176979,0
607389813066170367,0.0147836,0
607389813200388095,0.0187025,0
607389813334605823,0.00851284,0
607389813468823551,0.0206788,0
607389813737259007,0.0142736,0
607389813871476735,0.0167191,0
607389814005694463,0.0113162,0
607389814139912191,0.0162419,0
607389814274129919,0.0105942,0
607389814408347647,0.0163397,0
607389814542565375,0.0112597,0
607389814811000831,0.00951436,0
607389814945218559,0.0113172,0
607389815079436287,0.0149362,0
607389815213654015,0.0113173,0
607389815347871743,0.01122,0
607389815482089471,0.011634,0
607389815616307199,0.0143333,0
607389816958484479,0.0148736,0
607389817092702207,0.0178289,0
607389817226919935,0.0165108,0
607389817361137663,0.0191304,0
607389817495355391,0.0149893,0
607389817629573119,0.0178953,0
607389817763790847,0.0168144,0
607389818032226303,0.0161253,0
607389818166444031,0.0186269,0
607389818300661759,0.0152922,0
607389818434879487,0.0193419,0
607389818569097215,0.0169125,0
607389818703314943,0.0192129,0
607389818837532671,0.0156842,0
607389819105968127,0.016505,0
607389819240185855,0.016505,0
607389819374403583,0.0140954,0
607389819508621311,0.0233033,0
607389819642839039,0.0148677,0
607389819777056767,0.016505,0
607389819911274495,0.0182588,0
607389820179709951,0.0201945,0
607389820313927679,0.0205891,0
607389820448145407,0.0192461,0
607389820582363135,0.0205422,0
607389820716580863,0.0193347,0
607389820850798591,0.0210292,0
607389820985016319,0.0193246,0
607389821253451775,0.0190577,0
607389821387669503,0.0141774,0
607389821521887231,0.0144887,0
607389821656104959,0.0145521,0
607389821790322687,0.0166181,0
607389821924540415,0.0145878,0
607389822058758143,0.0183179,0
607389822327193599,0.0162158,0
607389822461411327,0.0160424,0
607389822595629055,0.021437,0
607389822729846783,0.018368,0
607389822864064511,0.0160861,0
607389822998282239,0.015031,0
607389823132499967,0.0160861,0
607389823400935423,0.0180195,0
607389823535153151,0.0170617,0
607389823669370879,0.017788,0
607389823803588607,0.0174816,0
607389823937806335,0.0197841,0
607389824072024063,0.0177749,0
607389824206241791,0.0153729,0
607389825548419071,0.00824128,0
607389825682636799,0.0121053,0
607389825816854527,0.013746,0
607389825951072255,0.0113848,0
607389826085289983,0.0119248,0
607389826219507711,0.00921383,0
607389826353725439,0.0144806,0
607389826622160895,0.0217908,0
607389826756378623,0.0149226,0
607389826890596351,0.0178751,0
607389827024814079,0.0301492,0
607389827159031807,0.0145369,0
607389827293249535,0.016101,0
607389827427467263,0.0208758,0
607389828366991359,0.0118337,0
607389828769644543,0.0188042,0
607389828903862271,0.0190595,0
607389829306515455,0.0200973,0
607389829440733183,0.0214956,0
607389829574950911,0.0173588,0
607389829843386367,0.0145851,0
607389829977604095,0.0170729,0
607389830111821823,0.0168941,0
607389830246039551,0.0154878,0
607389830380257279,0.0170013,0
607389830514475007,0.0162467,0
607389830648692735,0.0148794,0
607389830917128191,0.0133806,0
607389831051345919,0.0112435,0
607389831185563647,0.0118753,0
607389831319781375,0.0136039,0
607389831453999103,0.011911,0
607389831588216831,0.0133714,0
607389831722434559,0.0167459,0
607389831990870015,0.0148153,0
607389832125087743,0.0156546,0
607389832527740927,0.0162636,0
607389832661958655,0.0170821,0
607389832796176383,0.016574,0
607389834138353663,0.0189245,0
607389834272571391,0.023838,0
607389834406789119,0.0187834,0
607389834541006847,0.0191054,0
607389834675224575,0.0180509,0
607389834809442303,0.0172428,0
607389834943660031,0.0185094,0
607389835212095487,0.0215981,0
607389835346313215,0.0233361,0
607389835480530943,0.0214627,0
607389835614748671,0.0234715,0
607389835748966399,0.0247066,0
607389835883184127,0.022623,0
607389836017401855,0.0228164,0
607389836285837311,0.018656,0
607389836420055039,0.022625,0
607389836554272767,0.018656,0
607389836688490495,0.0221741,0
607389836822708223,0.0186381,0
607389836956925951,0.0172008,0
607389837091143679,0.0171245,0
607389837359579135,0.0283848,0
607389837493796863,0.0189799,0
607389837628014591,0.01954,0
607389837762232319,0.0207513,0
607389837896450047,0.0251164,0
607389838030667775,0.0241499,0
607389838164885503,0.0231358,0
607389838433320959,0.0166801,0
607389838567538687,0.0177965,0
607389838701756415,0.0166265,0
607389838835974143,0.0183989,0
607389838970191871,0.0207091,0
607389839104409599,0.0179065,0
607389839238627327,0.0207119,0
607389839507062783,0.0172428,0
607389839641280511,0.0193873,0
607389839775498239,0.0174864,0
607389839909715967,0.0223503,0
607389840043933695,0.0174008,0
607389840178151423,0.0188764,0
607389840312369151,0.0207994,0
607389840580804607,0.0151002,0
607389840715022335,0.0190186,0
607389840849240063,0.0146777,0
607389840983457791,0.0151002,0
607389841117675519,0.0161447,0
607389841251893247,0.0179049,0
607389841386110975,0.0188048,0
607389842728288255,0.0180771,0
607389842862505983,0.0172086,0
607389842996723711,0.0317147,0
607389843130941439,0.0198021,0
607389843265159167,0.0211359,0
607389843399376895,0.0119594,0
607389843533594623,0.0312431,0
607389843802030079,0.0151951,0
607389843936247807,0.00972292,0
607389844070465535,0.0191182,0
607389844204683263,0.0104339,0
607389844338900991,0.0193945,0
607389844473118719,0.0110452,0
607389844607336447,0.0164717,0
607389844875771903,0.0199562,0
607389845009989631,0.0169505,0
607389845144207359,0.0111744,0
607389845278425087,0.0184436,0
607389845412642815,0.0158338,0
607389845546860543,0.022107,0
607389845681078271,0.0108287,0
607389845949513727,0.0131517,0
607389846083731455,0.00918195,0
607389846217949183,0.014662,0
607389846352166911,0.0091332,0
607389846486384639,0.0221615,0
607389846620602367,0.00988645,0
607389846754820095,0.0154582,0
607389847023255551,0.022253,0
607389847157473279,0.0170208,0
607389847291691007,0.0156537,0
607389847425908735,0.0305522,0
607389847560126463,0.0120086,0
607389847694344191,0.0183106,0
607389847828561919,0.0108463,0
607389848096997375,0.0113256,0
607389848231215103,0.018648,0
607389848365432831,0.0135517,0
607389848499650559,0.0126876,0
607389848633868287,0.0105806,0
607389848768086015,0.0174767,0
607389848902303743,0.0160586,0
607389849170739199,0.0124132,0
607389849304956927,0.0228934,0
607389849439174655,0.00980907,0
607389849573392383,0.0127939,0
607389849707610111,0.0108932,0
607389849841827839,0.0224107,0
607389849976045567,0.0101996,0
607389851318222847,0.0196845,0
607389851452440575,0.0169935,0
607389851586658303,0.0182194,0
607389851720876031,0.0166892,0
607389851855093759,0.0184136,0
607389851989311487,0.0145094,0
607389852123529215,0.0185079,0
607389852391964671,0.0153281,0
607389852526182399,0.0147921,0
607389852660400127,0.0155382,0
607389852794617855,0.0165032,0
607389852928835583,0.0152206,0
607389853063053311,0.0175361,0
607389853197271039,0.0163026,0
607389853465706495,0.0200532,0
607389853599924223,0.0140313,0
607389853734141951,0.0157347,0
607389853868359679,0.0152991,0
607389854002577407,0.0159221,0
607389854136795135,0.0165763,0
607389854271012863,0.0204825,0
607389854539448319,0.0151783,0
607389854673666047,0.0144085,0
607389854807883775,0.016807,0
607389854942101503,0.0151117,0
607389855076319231,0.0155382,0
607389855210536959,0.0159541,0
607389855344754687,0.0149718,0
607389855613190143,0.0113925,0
607389855747407871,0.0155372,0
607389855881625599,0.0102236,0
607389856015843327,0.0179934,0
607389856150061055,0.00987231,0
607389856284278783,0.0122413,0
607389856418496511,0.0105092,0
607389856686931967,0.0183103,0
607389856821149695,0.0149401,0
607389856955367423,0.0179102,0
607389857089585151,0.0143358,0
607389857223802879,0.0189886,0
607389857358020607,0.0190792,0
607389857492238335,0.016756,0
607389857760673791,0.0114588,0
607389857894891519,0.0170152,0
607389858029109247,0.0125299,0
607389858163326975,0.0179857,0
607389858297544703,0.00934782,0
607389858431762431,0.013138,0
607389858565980159,0.00858812,0
607389859908157439,0.0120833,0
607389860042375167,0.0125345,0
607389860176592895,0.0129714,0
607389860310810623,0.0162993,0
607389860445028351,0.00546199,0
607389860579246079,0.0130856,0
607389860713463807,0.0160648,0
607389860981899263,0.0155709,0
607389861116116991,0.0187794,0
607389861250334719,0.0148677,0
607389861384552447,0.0110195,0
607389861518770175,0.0151328,0
607389861652987903,0.0141343,0
607389861787205631,0.0151595,0
607389862055641087,0.0231858,0
607389862189858815,0.0107895,0
607389862324076543,0.0137979,0
607389862458294271,0.0200709,0
607389862592511999,0.0198091,0
607389862726729727,0.0118788,0
607389862860947455,0.0125657,0
607389863129382911,0.0131201,0
607389863263600639,0.0104423,0
607389863397818367,0.0166564,0
607389863532036095,0.0150381,0
607389863666253823,0.0130889,0
607389863800471551,0.0158738,0
607389863934689279,0.0101316,0
607389864203124735,0.0110713,0
607389864337342463,0.00700346,0
607389864471560191,0.0224223,0
607389864605777919,0.0128753,0
607389864739995647,0.0101958,0
607389864874213375,0.0103281,0
607389865008431103,0.0136639,0
607389865276866559,0.0111252,0
607389865411084287,0.0111001,0
607389865545302015,0.010588,0
607389865679519743,0.0128985,0
607389865813737471,0.0120757,0
607389865947955199,0.0105879,0
607389866082172927,0.00931863,0
607389866350608383,0.0204314,0
607389866484826111,0.02105,0
607389866619043839,0.0117998,0
607389866753261567,0.017941,0
607389866887479295,0.0124547,0
607389867021697023,0.0176129,0
607389867155914751,0.0121936,0
607390088346730495,0,0
607390091836391423,0,0
607390091970609151,0,0
607390092239044607,0,0
607390092373262335,0,0
607390092507480063,0,0
607390092910133247,0,0
607390093178568703,0,0
607390093447004159,0.000192541,0
607390093581221887,0.000192541,0
607390093715439615,0,0
607390095057616895,0,0
607390095594487807,0.00183037,0
607390095862923263,0,0
607390097205100543,0.00183037,0
607390097339318271,0.00887525,0
607390097473535999,0,0
607390097607753727,0,0
607390097876189183,0.00183037,0
607390109284696063,0.00127846,0
607390111163744255,0,0
607390111432179711,0,0
607390111700615167,0.00127846,0
607390111834832895,0.00127846,0
607390111969050623,0,0
607390115592929279,0.00127846,0
607390115861364735,0,0
607390120156332031,0,0
607390127940960255,0.00192378,0
607390136530894847,0,0
607390230885957631,0,0
607390234778271743,0,0
607390235046707199,0,0
607390235717795839,0,0
607390235986231295,0,0
607390236120449023,0,0
607390265245695999,0,0
607390265379913727,0,0
607390269138010111,0,0
607390269674881023,0,0
607390564282793983,0.0261993,0
607390564417011711,0.0278024,0
607390564551229439,0.0245436,0
607390564685447167,0.0250066,0
607390564819664895,0.0351693,0
607390564953882623,0.0313249,0
607390565088100351,0.0313603,0
607390565356535807,0.0305453,0
607390565490753535,0.0296178,0
607390565624971263,0.0309435,0
607390565759188991,0.0289208,0
607390565893406719,0.0334644,0
607390566027624447,0.0327457,0
607390566161842175,0.0319264,0
607390566430277631,0.0242354,0
607390566564495359,0.027025,0
607390566698713087,0.0282444,0
607390566832930815,0.042755,0
607390566967148543,0.0281738,0
607390567101366271,0.0250942,0
607390567235583999,0.0319032,0
607390567504019455,0.0233754,0
607390567638237183,0.02128,0
607390567772454911,0.02659,0
607390567906672639,0.0217055,0
607390568040890367,0.0262838,0
607390568175108095,0.0238802,0
607390568309325823,0.0265945,0
607390568577761279,0.0333602,0
607390568711979007,0.0339486,0
607390568846196735,0.0321936,0
607390568980414463,0.0347252,0
607390569114632191,0.0337071,0
607390569248849919,0.0366497,0
607390569383067647,0.0347053,0
607390569651503103,0.023025,0
607390569785720831,0.0253751,0
607390569919938559,0.0299034,0
607390570054156287,0.0300715,0
607390570188374015,0.0283183,0
607390570322591743,0.0238738,0
607390570456809471,0.0295356,0
607390570725244927,0.0296519,0
607390570859462655,0.0293082,0
607390570993680383,0.0293219,0
607390571127898111,0.0287095,0
607390571262115839,0.0302939,0
607390571396333567,0.0299578,0
607390571530551295,0.0298931,0
607390572872728575,0.0463867,0
607390573006946303,0.0402118,0
607390573141164031,0.0399992,0
607390573275381759,0.0388377,0
607390573409599487,0.0532083,0
607390573543817215,0.0439855,0
607390573678034943,0.04844,0
607390573946470399,0.057778,0
607390574080688127,0.0562398,0
607390574214905855,0.0529581,0
607390574349123583,0.0556917,0
607390574483341311,0.0496295,0
607390574617559039,0.0529238,0
607390574751776767,0.0497927,0
607390575020212223,0.0346164,0
607390575154429951,0.0328484,0
607390575288647679,0.0344917,0
607390575422865407,0.0280147,0
607390575557083135,0.03578,0
607390575691300863,0.0376432,0
607390575825518591,0.0316662,0
607390576093954047,0.0361273,0
607390576228171775,0.039922,0
607390576362389503,0.0363853,0
607390576496607231,0.0407167,0
607390576630824959,0.0445292,0
607390576765042687,0.0533482,0
607390576899260415,0.03368,0
607390577167695871,0.0289554,0
607390577301913599,0.0790345,0
607390577436131327,0.0291255,0
607390577570349055,0.0931368,0
607390577704566783,0.0256923,0
607390577838784511,0.0298102,0
607390577973002239,0.0299965,0
607390578241437695,0.0472923,0
607390578375655423,0.0387578,0
607390578509873151,0.0478807,0
607390578644090879,0.0392137,0
607390578778308607,0.0804208,0
607390578912526335,0.0481293,0
607390579046744063,0.0788257,0
607390579315179519,0.0410697,0
607390579449397247,0.0419573,0
607390579583614975,0.067513,0
607390579717832703,0.0337344,0
607390579852050431,0.0291412,0
607390579986268159,0.0818825,0
607390580120485887,0.0238772,0
607390581462663167,0.0323052,0
607390581596880895,0.0328461,0
607390581731098623,0.0277456,0
607390581865316351,0.0306422,0
607390581999534079,0.030167,0
607390582133751807,0.0316703,0
607390582267969535,0.0251969,0
607390582536404991,0.0242274,0
607390582670622719,0.0254112,0
607390582804840447,0.0275754,0
607390582939058175,0.0295882,0
607390583073275903,0.0325712,0
607390583207493631,0.0261437,0
607390583341711359,0.0297927,0
607390583610146815,0.0299085,0
607390583744364543,0.0299677,0
607390583878582271,0.0280201,0
607390584012799999,0.0280969,0
607390584147017727,0.0288288,0
607390584281235455,0.032909,0
607390584415453183,0.0272115,0
607390584683888639,0.0223651,0
607390584818106367,0.0244782,0
607390584952324095,0.0269363,0
607390585086541823,0.0292263,0
607390585220759551,0.030986,0
607390585354977279,0.0266355,0
607390585489195007,0.0325976,0
607390585757630463,0.030797,0
607390585891848191,0.0304531,0
607390586026065919,0.022734,0
607390586160283647,0.0277718,0
607390586294501375,0.0236817,0
607390586428719103,0.0308099,0
607390586562936831,0.023017,0
607390586831372287,0.0325535,0
607390586965590015,0.0319137,0
607390587099807743,0.0318842,0
607390587234025471,0.0324369,0
607390587368243199,0.0321141,0
607390587502460927,0.0320593,0
607390587636678655,0.0305632,0
607390587905114111,0.0723801,0
607390588039331839,0.0229267,0
607390588173549567,0.054039,0
607390588307767295,0.0249931,0
607390588441985023,0.0272265,0
607390588576202751,0.0266358,0
607390588710420479,0.023136,0
607390590052597759,0.0280324,0
607390590186815487,0.0203004,0
607390590321033215,0.0257493,0
607390590455250943,0.0213174,0
607390590589468671,0.0293383,0
607390590723686399,0.0295859,0
607390590857904127,0.0302598,0
607390591126339583,0.0304436,0
607390591260557311,0.024187,0
607390591394775039,0.0165969,0
607390591528992767,0.0225267,0
607390591663210495,0.0311381,0
607390591797428223,0.0283552,0
607390591931645951,0.0205122,0
607390592200081407,0.0232805,0
607390592334299135,0.0146824,0
607390592468516863,0.0211627,0
607390592602734591,0.0175811,0
607390592736952319,0.0251328,0
607390592871170047,0.0238541,0
607390593005387775,0.0253232,0
607390593273823231,0.0172095,0
607390593408040959,0.0262678,0
607390593542258687,0.0120338,0
607390593676476415,0.0137489,0
607390593810694143,0.0188204,0
607390593944911871,0.0161435,0
607390594079129599,0.0152167,0
607390594347565055,0.0276639,0
607390594481782783,0.0208064,0
607390594616000511,0.0273415,0
607390594750218239,0.0221848,0
607390594884435967,0.0281583,0
607390595018653695,0.0252829,0
607390595152871423,0.0278446,0
607390595421306879,0.031857,0
607390595555524607,0.0194878,0
607390595689742335,0.0265862,0
607390595823960063,0.0284726,0
607390595958177791,0.0351226,0
607390596092395519,0.0295029,0
607390596226613247,0.0191002,0
607390596495048703,0.04215,0
607390596629266431,0.0263417,0
607390596763484159,0.0409411,0
607390596897701887,0.0246962,0
607390597031919615,0.0282172,0
607390597166137343,0.0258689,0
607390597300355071,0.025354,0
607390598642532351,0.0218587,0
607390598776750079,0.0252782,0
607390598910967807,0.0180592,0
607390599045185535,0.0154489,0
607390599179403263,0.0212669,0
607390599313620991,0.023684,0
607390599447838719,0.0182516,0
607390599716274175,0.0625799,0
607390599850491903,0.0233685,0
607390599984709631,0.0362832,0
607390600118927359,0.0206594,0
607390600253145087,0.0686715,0
607390600387362815,0.0241006,0
607390600521580543,0.0301644,0
607390600790015999,0.0254806,0
607390600924233727,0.0287971,0
607390601058451455,0.0269263,0
607390601192669183,0.0328674,0
607390601326886911,0.0138085,0
607390601461104639,0.02181,0
607390601595322367,0.0148184,0
607390601863757823,0.0251174,0
607390601997975551,0.0252191,0
607390602132193279,0.0274793,0
607390602266411007,0.026617,0
607390602400628735,0.0164061,0
607390602534846463,0.0400888,0
607390602669064191,0.023004,0
607390602937499647,0.017273,0
607390603071717375,0.0178215,0
607390603205935103,0.0189116,0
607390603340152831,0.0228234,0
607390603474370559,0.0187205,0
607390603608588287,0.0162067,0
607390603742806015,0.0148277,0
607390604011241471,0.0119108,0
607390604145459199,0.0397356,0
607390604279676927,0.0191745,0
607390604413894655,0.022165,0
607390604548112383,0.0162294,0
607390604682330111,0.0184458,0
607390604816547839,0.0106242,0
607390605084983295,0.0132627,0
607390605219201023,0.0171251,0
607390605353418751,0.0148821,0
607390605487636479,0.0249415,0
607390605621854207,0.010119,0
607390605756071935,0.0186089,0
607390605890289663,0.0135267,0
607390607232466943,0.022598,0
607390607366684671,0.0251698,0
607390607500902399,0.0214079,0
607390607635120127,0.0206226,0
607390607769337855,0.0239408,0
607390607903555583,0.0226164,0
607390608037773311,0.0222415,0
607390608306208767,0.0266277,0
607390608440426495,0.0477904,0
607390608574644223,0.0292897,0
607390608708861951,0.0352442,0
607390608843079679,0.0260998,0
607390608977297407,0.0466309,0
607390609111515135,0.030878,0
607390609379950591,0.0234531,0
607390609514168319,0.0235524,0
607390609648386047,0.0255973,0
607390609782603775,0.0222757,0
607390609916821503,0.0266821,0
607390610051039231,0.0239154,0
607390610185256959,0.0275283,0
607390610453692415,0.0226698,0
607390610587910143,0.0774036,0
607390610722127871,0.0220654,0
607390610856345599,0.0365383,0
607390610990563327,0.0255502,0
607390611124781055,0.0293985,0
607390611258998783,0.0240723,0
607390611527434239,0.0283155,0
607390611661651967,0.0264654,0
607390611795869695,0.0234103,0
607390611930087423,0.0266963,0
607390612064305151,0.03332,0
607390612198522879,0.035928,0
607390612332740607,0.0268854,0
607390612601176063,0.0252737,0
607390612735393791,0.0310734,0
607390612869611519,0.02072,0
607390613003829247,0.026057,0
607390613138046975,0.0311598,0
607390613272264703,0.0333248,0
607390613406482431,0.0275144,0
607390613674917887,0.0221284,0
607390613809135615,0.0260699,0
607390613943353343,0.0219123,0
607390614077571071,0.0242355,0
607390614211788799,0.0220797,0
607390614346006527,0.0239813,0
607390614480224255,0.021734,0
607390615822401535,0.0180858,0
607390615956619263,0.035045,0
607390616090836991,0.0392451,0
607390616225054719,0.0199249,0
607390616359272447,0.0523552,0
607390616493490175,0.0188431,0
607390616627707903,0.0170519,0
607390616896143359,0.0325484,0
607390617030361087,0.0351697,0
607390617164578815,0.0243463,0
607390617298796543,0.0292744,0
607390617433014271,0.0267991,0
607390617567231999,0.0317278,0
607390617701449727,0.0218429,0
607390617969885183,0.0626028,0
607390618104102911,0.0211499,0
607390618238320639,0.0317106,0
607390618372538367,0.0230635,0
607390618506756095,0.0190985,0
607390618640973823,0.03619,0
607390618775191551,0.0193971,0
607390619043627007,0.0289562,0
607390619177844735,0.029509,0
607390619312062463,0.0251202,0
607390619446280191,0.0299749,0
607390619580497919,0.0212766,0
607390619714715647,0.0287524,0
607390619848933375,0.0219431,0
607390620117368831,0.0121298,0
607390620251586559,0.0183942,0
607390620385804287,0.0103862,0
607390620520022015,0.0124401,0
607390620654239743,0.0133058,0
607390620788457471,0.0141396,0
607390620922675199,0.0131188,0
607390621191110655,0.0369619,0
607390621325328383,0.0242222,0
607390621459546111,0.0663457,0
607390621593763839,0.0235857,0
607390621727981567,0.0144794,0
607390621862199295,0.0377847,0
607390621996417023,0.0178226,0
607390622264852479,0.0103837,0
607390622399070207,0.0113153,0
607390622533287935,0.00968296,0
607390622667505663,0.0113962,0
607390622801723391,0.0107629,0
607390622935941119,0.0105515,0
607390623070158847,0.00759148,0
607390633002270719,0.131341,0
607390633136488447,0.1433,0
607390633270706175,0.137347,0
607390633404923903,0.150597,0
607390633539141631,0.185637,0
607390633673359359,0.152986,0
607390633807577087,0.14387,0
607390634076012543,0.200326,0
607390634210230271,0.199705,0
607390634344447999,0.200348,0
607390634478665727,0.189978,0
607390634612883455,0.199224,0
607390634747101183,0.193933,0
607390634881318911,0.171324,0
607390635149754367,0.115749,0
607390635283972095,0.125868,0
607390635418189823,0.135097,0
607390635552407551,0.120559,0
607390635686625279,0.139177,0
607390635820843007,0.130232,0
607390635955060735,0.1277,0
607390636223496191,0.197573,0
607390636357713919,0.197174,0
607390636491931647,0.193945,0
607390636626149375,0.182911,0
607390636760367103,0.192968,0
607390636894584831,0.196161,0
607390637028802559,0.181528,0
607390637297238015,0.151685,0
607390637431455743,0.156519,0
607390637565673471,0.124348,0
607390637699891199,0.136358,0
607390637834108927,0.128225,0
607390637968326655,0.179332,0
607390638102544383,0.096787,0
607390638370979839,0.16212,0
607390638505197567,0.166225,0
607390638639415295,0.17388,0
607390638773633023,0.146267,0
607390638907850751,0.181534,0
607390639042068479,0.167239,0
607390639176286207,0.161827,0
607390639444721663,0.107102,0
607390639578939391,0.123129,0
607390639713157119,0.0972196,0
607390639847374847,0.123811,0
607390639981592575,0.0892176,0
607390640115810303,0.119402,0
607390640250028031,0.0991964,0
607390641592205311,0.217681,0
607390641726423039,0.235879,0
607390641860640767,0.229256,0
607390641994858495,0.23139,0
607390642129076223,0.222576,0
607390642263293951,0.228937,0
607390642397511679,0.228705,0
607390642665947135,0.287375,0
607390642800164863,0.276753,0
607390642934382591,0.239835,0
607390643068600319,0.266351,0
607390643202818047,0.302118,0
607390643337035775,0.305409,0
607390643471253503,0.287716,0
607390643739688959,0.2217,0
607390643873906687,0.231549,0
607390644008124415,0.195844,0
607390644142342143,0.211223,0
607390644276559871,0.209478,0
607390644410777599,0.216113,0
607390644544995327,0.199275,0
607390644813430783,0.23763,0
607390644947648511,0.258511,0
607390645081866239,0.242546,0
607390645216083967,0.247622,0
607390645350301695,0.247957,0
607390645484519423,0.246542,0
607390645618737151,0.237177,0
607390645887172607,0.211413,0
607390646021390335,0.221789,0
607390646155608063,0.191214,0
607390646289825791,0.21324,0
607390646424043519,0.215411,0
607390646558261247,0.222136,0
607390646692478975,0.19489,0
607390646960914431,0.256829,0
607390647095132159,0.316122,0
607390647229349887,0.232976,0
607390647363567615,0.276159,0
607390647497785343,0.288425,0
607390647632003071,0.289967,0
607390647766220799,0.235787,0
607390648034656255,0.168925,0
607390648168873983,0.201748,0
607390648303091711,0.167795,0
607390648437309439,0.184867,0
607390648571527167,0.172901,0
607390648705744895,0.189912,0
607390648839962623,0.167537,0
607390650182139903,0.106033,0
607390650316357631,0.118161,0
607390650450575359,0.0956843,0
607390650584793087,0.110546,0
607390650719010815,0.0932711,0
607390650853228543,0.109097,0
607390650987446271,0.0944065,0
607390651255881727,0.0972336,0
607390651390099455,0.105854,0
607390651524317183,0.11637,0
607390651658534911,0.119899,0
607390651792752639,0.123142,0
607390651926970367,0.11212,0
607390652061188095,0.113507,0
607390652329623551,0.0852628,0
607390652463841279,0.0986598,0
607390652598059007,0.0828814,0
607390652732276735,0.0890947,0
607390652866494463,0.0913861,0
607390653000712191,0.112676,0
607390653134929919,0.0830987,0
607390653403365375,0.102517,0
607390653537583103,0.116073,0
607390653671800831,0.0982368,0
607390653806018559,0.105105,0
607390653940236287,0.112547,0
607390654074454015,0.114955,0
607390654208671743,0.10822,0
607390654477107199,0.064706,0
607390654611324927,0.0793517,0
607390654745542655,0.0523573,0
607390654879760383,0.0688492,0
607390655013978111,0.0572277,0
607390655148195839,0.0724596,0
607390655282413567,0.05337,0
607390655550849023,0.0932298,0
607390655685066751,0.128574,0
607390655819284479,0.103043,0
607390655953502207,0.11439,0
607390656087719935,0.096061,0
607390656221937663,0.114946,0
607390656356155391,0.0947464,0
607390656624590847,0.057202,0
607390656758808575,0.0761324,0
607390656893026303,0.0457589,0
607390657027244031,0.0618028,0
607390657161461759,0.0502356,0
607390657295679487,0.0619469,0
607390657429897215,0.05079,0
607390658772074495,0.198909,0
607390658906292223,0.181069,0
607390659040509951,0.209484,0
607390659174727679,0.198431,0
607390659308945407,0.178616,0
607390659443163135,0.171896,0
607390659577380863,0.210808,0
607390659845816319,0.187493,0
607390659980034047,0.207889,0
607390660114251775,0.185048,0
607390660248469503,0.204237,0
607390660382687231,0.188684,0
607390660516904959,0.192698,0
607390660651122687,0.177529,0
607390660919558143,0.174518,0
607390661053775871,0.169799,0
607390661187993599,0.165331,0
607390661322211327,0.157218,0
607390661456429055,0.203147,0
607390661590646783,0.18292,0
607390661724864511,0.195205,0
607390661993299967,0.201262,0
607390662127517695,0.223187,0
607390662261735423,0.207423,0
607390662395953151,0.20832,0
607390662530170879,0.195542,0
607390662664388607,0.212993,0
607390662798606335,0.205423,0
607390663067041791,0.179285,0
607390663201259519,0.183958,0
607390663335477247,0.175352,0
607390663469694975,0.184705,0
607390663603912703,0.180988,0
607390663738130431,0.185481,0
607390663872348159,0.128465,0
607390664140783615,0.167685,0
607390664275001343,0.183802,0
607390664409219071,0.16282,0
607390664543436799,0.157132,0
607390664677654527,0.168703,0
607390664811872255,0.170075,0
607390664946089983,0.185496,0
607390665214525439,0.190382,0
607390665348743167,0.214254,0
607390665482960895,0.160501,0
607390665617178623,0.209077,0
607390665751396351,0.150303,0
607390665885614079,0.189519,0
607390666019831807,0.125704,0
607390667362009087,0.173311,0
607390667496226815,0.18407,0
607390667630444543,0.144572,0
607390667764662271,0.175577,0
607390667898879999,0.177867,0
607390668033097727,0.192436,0
607390668167315455,0.146871,0
607390668435750911,0.234439,0
607390668569968639,0.213505,0
607390668704186367,0.213761,0
607390668838404095,0.188337,0
607390668972621823,0.214606,0
607390669106839551,0.216334,0
607390669241057279,0.193133,0
607390669509492735,0.113998,0
607390669643710463,0.152394,0
607390669777928191,0.0979332,0
607390669912145919,0.134234,0
607390670046363647,0.132947,0
607390670180581375,0.158721,0
607390670314799103,0.101079,0
607390670583234559,0.196431,0
607390670717452287,0.197135,0
607390670851670015,0.175821,0
607390670985887743,0.181734,0
607390671120105471,0.19994,0
607390671254323199,0.200362,0
607390671388540927,0.16489,0
607390671656976383,0.123226,0
607390671791194111,0.135415,0
607390671925411839,0.110737,0
607390672059629567,0.144619,0
607390672193847295,0.115607,0
607390672328065023,0.170312,0
607390672462282751,0.100909,0
607390672730718207,0.210328,0
607390672864935935,0.227291,0
607390672999153663,0.187456,0
607390673133371391,0.197089,0
607390673267589119,0.194715,0
607390673401806847,0.217446,0
607390673536024575,0.186577,0
607390673804460031,0.118573,0
607390673938677759,0.123446,0
607390674072895487,0.113996,0
607390674207113215,0.134156,0
607390674341330943,0.107171,0
607390674475548671,0.122844,0
607390674609766399,0.099483,0
607390675951943679,0.247434,0
607390676086161407,0.245074,0
607390676220379135,0.23867,0
607390676354596863,0.222419,0
607390676488814591,0.231842,0
607390676623032319,0.245534,0
607390676757250047,0.224686,0
607390677025685503,0.265264,0
607390677159903231,0.274207,0
607390677294120959,0.28784,0
607390677428338687,0.267653,0
607390677562556415,0.288363,0
607390677696774143,0.254622,0
607390677830991871,0.271736,0
607390678099427327,0.219583,0
607390678233645055,0.207462,0
607390678367862783,0.228542,0
607390678502080511,0.207071,0
607390678636298239,0.231805,0
607390678770515967,0.232972,0
607390678904733695,0.19046,0
607390679173169151,0.259362,0
607390679307386879,0.26283,0
607390679441604607,0.230616,0
607390679575822335,0.255263,0
607390679710040063,0.255326,0
607390679844257791,0.252484,0
607390679978475519,0.226163,0
607390680246910975,0.170364,0
607390680381128703,0.202592,0
607390680515346431,0.164477,0
607390680649564159,0.175106,0
607390680783781887,0.183019,0
607390680917999615,0.182055,0
607390681052217343,0.19332,0
607390681320652799,0.24697,0
607390681454870527,0.267237,0
607390681589088255,0.257562,0
607390681723305983,0.254184,0
607390681857523711,0.239281,0
607390681991741439,0.235275,0
607390682125959167,0.246238,0
607390682394394623,0.160334,0
607390682528612351,0.178731,0
607390682662830079,0.200713,0
607390682797047807,0.164057,0
607390682931265535,0.175972,0
607390683065483263,0.169039,0
607390683199700991,0.189083,0
607390684541878271,0.0657762,0
607390684676095999,0.0557974,0
607390684810313727,0.0578112,0
607390684944531455,0.0593833,0
607390685078749183,0.0736248,0
607390685212966911,0.0778785,0
607390685347184639,0.0588184,0
607390685615620095,0.0854511,0
607390685749837823,0.0974454,0
607390685884055551,0.0633383,0
607390686018273279,0.0851568,0
607390686152491007,0.0867142,0
607390686286708735,0.108811,0
607390686420926463,0.0717688,0
607390686689361919,0.0579397,0
607390686823579647,0.0568515,0
607390686957797375,0.0527892,0
607390687092015103,0.0534666,0
607390687226232831,0.0482187,0
607390687360450559,0.0546494,0
607390687494668287,0.0480023,0
607390687763103743,0.0596857,0
607390687897321471,0.0873634,0
607390688031539199,0.0549153,0
607390688165756927,0.0771864,0
607390688299974655,0.0634253,0
607390688434192383,0.0837446,0
607390688568410111,0.058378,0
607390688836845567,0.0726368,0
607390688971063295,0.0822001,0
607390689105281023,0.0577636,0
607390689239498751,0.0614527,0
607390689373716479,0.0828855,0
607390689507934207,0.0794826,0
607390689642151935,0.0703173,0
607390689910587391,0.151072,0
607390690044805119,0.0944894,0
607390690179022847,0.129497,0
607390690313240575,0.0867142,0
607390690447458303,0.101202,0
607390690581676031,0.156601,0
607390690715893759,0.0907377,0
607390690984329215,0.0967364,0
607390691118546943,0.0556855,0
607390691252764671,0.080818,0
607390691386982399,0.0449661,0
607390691521200127,0.0455609,0
607390691655417855,0.0511417,0
607390691789635583,0.0575559,0
607390701721747455,0.0433851,0
607390701855965183,0.0428254,0
607390701990182911,0.0354214,0
607390702124400639,0.043177,0
607390702258618367,0.0322127,0
607390702392836095,0.0359206,0
607390702527053823,0.0393217,0
607390702795489279,0.0295095,0
607390702929707007,0.0218217,0
607390703063924735,0.0387838,0
607390703198142463,0.029181,0
607390703332360191,0.0274028,0
607390703466577919,0.0225124,0
607390703600795647,0.0285991,0
607390703869231103,0.0415691,0
607390704003448831,0.0379774,0
607390704137666559,0.0472098,0
607390704271884287,0.0386233,0
607390704406102015,0.0434173,0
607390704540319743,0.0430701,0
607390704674537471,0.0451856,0
607390704942972927,0.0313186,0
607390705077190655,0.0259283,0
607390705211408383,0.0360634,0
607390705345626111,0.0285894,0
607390705479843839,0.044238,0
607390705614061567,0.0362731,0
607390705748279295,0.0385705,0
607390706016714751,0.0370869,0
607390706150932479,0.0321492,0
607390706285150207,0.0379055,0
607390706419367935,0.0359125,0
607390706553585663,0.0353291,0
607390706687803391,0.0332355,0
607390706822021119,0.0339493,0
607390707090456575,0.0284808,0
607390707224674303,0.0259408,0
607390707358892031,0.0295152,0
607390707493109759,0.0282122,0
607390707627327487,0.034401,0
607390707761545215,0.027738,0
607390707895762943,0.0334556,0
607390708164198399,0.0406232,0
607390708298416127,0.0411366,0
607390708432633855,0.0421664,0
607390708566851583,0.0407775,0
607390708701069311,0.0404145,0
607390708835287039,0.0435882,0
607390708969504767,0.0461073,0
607390710311682047,0.0126642,0
607390710445899775,0.0180518,0
607390710580117503,0.0198224,0
607390710714335231,0.0150946,0
607390710848552959,0.0136037,0
607390710982770687,0.0128528,0
607390711116988415,0.0132012,0
607390711385423871,0.0193935,0
607390711519641599,0.0195102,0
607390711653859327,0.0199139,0
607390711788077055,0.0223346,0
607390711922294783,0.0152535,0
607390712056512511,0.0201412,0
607390712190730239,0.0161876,0
607390712459165695,0.0188732,0
607390712593383423,0.0159935,0
607390712727601151,0.022161,0
607390712861818879,0.0209245,0
607390712996036607,0.0176988,0
607390713130254335,0.024419,0
607390713264472063,0.0179703,0
607390713532907519,0.0220452,0
607390713667125247,0.0217712,0
607390713801342975,0.0164895,0
607390713935560703,0.0282821,0
607390714069778431,0.016574,0
607390714203996159,0.0169576,0
607390714338213887,0.0213627,0
607390714606649343,0.021134,0
607390714740867071,0.0158815,0
607390714875084799,0.0157449,0
607390715009302527,0.0136161,0
607390715143520255,0.0233325,0
607390715277737983,0.0165899,0
607390715411955711,0.0201784,0
607390715680391167,0.0175834,0
607390715814608895,0.0176725,0
607390715948826623,0.015179,0
607390716083044351,0.0130834,0
607390716217262079,0.0132763,0
607390716351479807,0.0144722,0
607390716485697535,0.0129699,0
607390716754132991,0.0231329,0
607390716888350719,0.0215284,0
607390717022568447,0.0230684,0
607390717156786175,0.0200715,0
607390717291003903,0.0203398,0
607390717425221631,0.0133795,0
607390717559439359,0.029636,0
607390718901616639,0.0791153,0
607390719035834367,0.0498674,0
607390719170052095,0.0543988,0
607390719304269823,0.0488442,0
607390719438487551,0.100526,0
607390719572705279,0.0478861,0
607390719706923007,0.0749619,0
607390719975358463,0.0475786,0
607390720109576191,0.0385769,0
607390720243793919,0.0464977,0
607390720378011647,0.0406485,0
607390720512229375,0.0478922,0
607390720646447103,0.0426336,0
607390720780664831,0.0480917,0
607390721049100287,0.0762685,0
607390721183318015,0.0536304,0
607390721317535743,0.0853173,0
607390721451753471,0.0635422,0
607390721585971199,0.0705157,0
607390721720188927,0.0489915,0
607390721854406655,0.0549068,0
607390722122842111,0.0547764,0
607390722257059839,0.0459711,0
607390722391277567,0.051975,0
607390722525495295,0.0578354,0
607390722659713023,0.0547023,0
607390722793930751,0.041733,0
607390722928148479,0.05525,0
607390723196583935,0.0907352,0
607390723330801663,0.0860497,0
607390723465019391,0.0254984,0
607390723599237119,0.100783,0
607390723733454847,0.0561534,0
607390723867672575,0.0599449,0
607390724001890303,0.031533,0
607390724270325759,0.0513947,0
607390724404543487,0.0420721,0
607390724538761215,0.0437303,0
607390724672978943,0.0427917,0
607390724807196671,0.0486873,0
607390724941414399,0.0403557,0
607390725075632127,0.0428758,0
607390725344067583,0.0323344,0
607390725478285311,0.0625304,0
607390725612503039,0.0222528,0
607390725746720767,0.0476841,0
607390725880938495,0.0198395,0
607390726015156223,0.0613852,0
607390726149373951,0.0201253,0
607390727491551231,0.0277298,0
607390727625768959,0.0255442,0
607390727759986687,0.0269639,0
607390727894204415,0.0286429,0
607390728028422143,0.027242,0
607390728162639871,0.0253014,0
607390728296857599,0.0322359,0
607390728565293055,0.0222011,0
607390728699510783,0.0222083,0
607390728833728511,0.0226871,0
607390728967946239,0.0268471,0
607390729102163967,0.0179927,0
607390729236381695,0.0228794,0
607390729370599423,0.0273432,0
607390729639034879,0.0274909,0
607390729773252607,0.0254023,0
607390729907470335,0.0238359,0
607390730041688063,0.0261718,0
607390730175905791,0.029106,0
607390730310123519,0.03445,0
607390730444341247,0.0324967,0
607390730712776703,0.0201537,0
607390730846994431,0.0234887,0
607390730981212159,0.0197022,0
607390731115429887,0.0159117,0
607390731249647615,0.0237484,0
607390731383865343,0.0265899,0
607390731518083071,0.0243042,0
607390731786518527,0.0340017,0
607390731920736255,0.0311793,0
607390732054953983,0.0351479,0
607390732189171711,0.0321918,0
607390732323389439,0.0356325,0
607390732457607167,0.0345447,0
607390732591824895,0.033152,0
607390732860260351,0.0266523,0
607390732994478079,0.0230481,0
607390733128695807,0.0235592,0
607390733262913535,0.0269738,0
607390733397131263,0.0233616,0
607390733531348991,0.0242035,0
607390733665566719,0.0267878,0
607390733934002175,0.0366288,0
607390734068219903,0.0331774,0
607390734202437631,0.040159,0
607390734336655359,0.0363182,0
607390734470873087,0.0385673,0
607390734605090815,0.0370762,0
607390734739308543,0.0460165,0
607390736081485823,0.0299481,0
607390736215703551,0.03436,0
607390736349921279,0.021269,0
607390736484139007,0.0338841,0
607390736618356735,0.0202711,0
607390736752574463,0.060034,0
607390736886792191,0.0240935,0
607390737155227647,0.0320847,0
607390737289445375,0.0325653,0
607390737423663103,0.0794646,0
607390737557880831,0.0313369,0
607390737692098559,0.0281221,0
607390737826316287,0.0283865,0
607390737960534015,0.0301395,0
607390738228969471,0.0295002,0
607390738363187199,0.0339736,0
607390738497404927,0.0280782,0
607390738631622655,0.0352302,0
607390738765840383,0.0272987,0
607390738900058111,0.0302759,0
607390739034275839,0.0249179,0
607390739302711295,0.0360677,0
607390739436929023,0.037556,0
607390739571146751,0.0327954,0
607390739705364479,0.033039,0
607390739839582207,0.0412619,0
607390739973799935,0.0492954,0
607390740108017663,0.0336029,0
607390740376453119,0.0159363,0
607390740510670847,0.0218318,0
607390740644888575,0.0162271,0
607390740779106303,0.0210133,0
607390740913324031,0.0137284,0
607390741047541759,0.0213059,0
607390741181759487,0.0138146,0
607390741450194943,0.0500775,0
607390741584412671,0.0286111,0
607390741718630399,0.0550961,0
607390741852848127,0.0273183,0
607390741987065855,0.0429845,0
607390742121283583,0.0784208,0
607390742255501311,0.0382377,0
607390742523936767,0.0214049,0
607390742658154495,0.0249746,0
607390742792372223,0.0189407,0
607390742926589951,0.0212717,0
607390743060807679,0.0232322,0
607390743195025407,0.0241506,0
607390743329243135,0.0136895,0
607390744671420415,0.0217135,0
607390744805638143,0.0196624,0
607390744939855871,0.0210648,0
607390745074073599,0.0213568,0
607390745208291327,0.0362027,0
607390745342509055,0.0188482,0
607390745476726783,0.0295595,0
607390745745162239,0.0224956,0
607390745879379967,0.00927991,0
607390746013597695,0.0201122,0
607390746147815423,0.00978178,0
607390746282033151,0.0243168,0
607390746416250879,0.0182614,0
607390746550468607,0.0213291,0
607390746818904063,0.0224377,0
607390746953121791,0.0216223,0
607390747087339519,0.0257753,0
607390747221557247,0.0206618,0
607390747355774975,0.0274178,0
607390747489992703,0.0220228,0
607390747624210431,0.0259506,0
607390747892645887,0.0217745,0
607390748026863615,0.0173489,0
607390748161081343,0.0244727,0
607390748295299071,0.0198856,0
607390748429516799,0.0209569,0
607390748563734527,0.010015,0
607390748697952255,0.0204661,0
607390748966387711,0.0700269,0
607390749100605439,0.079515,0
607390749234823167,0.0276323,0
607390749369040895,0.0590735,0
607390749503258623,0.0298186,0
607390749637476351,0.026941,0
607390749771694079,0.0302219,0
607390750040129535,0.0291871,0
607390750174347263,0.0187827,0
607390750308564991,0.0338512,0
607390750442782719,0.0164601,0
607390750577000447,0.0653033,0
607390750711218175,0.0266624,0
607390750845435903,0.0711218,0
607390751113871359,0.0289699,0
607390751248089087,0.03914,0
607390751382306815,0.0377165,0
607390751516524543,0.0352873,0
607390751650742271,0.0312656,0
607390751784959999,0.0778714,0
607390751919177727,0.0822439,0
607390753261355007,0.0527889,0
607390753395572735,0.0534421,0
607390753529790463,0.0221134,0
607390753664008191,0.0329934,0
607390753798225919,0.0527876,0
607390753932443647,0.0281573,0
607390754066661375,0.0289814,0
607390754335096831,0.035948,0
607390754469314559,0.0452161,0
607390754603532287,0.033404,0
607390754737750015,0.0422832,0
607390754871967743,0.0270333,0
607390755006185471,0.03269,0
607390755140403199,0.0276727,0
607390755408838655,0.0206704,0
607390755543056383,0.0326942,0
607390755677274111,0.016919,0
607390755811491839,0.0268084,0
607390755945709567,0.0146114,0
607390756079927295,0.0277101,0
607390756214145023,0.0154627,0
607390756482580479,0.0525278,0
607390756616798207,0.0426354,0
607390756751015935,0.0400736,0
607390756885233663,0.0419875,0
607390757019451391,0.0483708,0
607390757153669119,0.0439166,0
607390757287886847,0.0269337,0
607390757556322303,0.0167099,0
607390757690540031,0.0506205,0
607390757824757759,0.0223496,0
607390757958975487,0.0198592,0
607390758093193215,0.0499177,0
607390758227410943,0.0472273,0
607390758361628671,0.0141891,0
607390758630064127,0.0209959,0
607390758764281855,0.0225687,0
607390758898499583,0.0287848,0
607390759032717311,0.0224368,0
607390759166935039,0.0170588,0
607390759301152767,0.0201987,0
607390759435370495,0.0237055,0
607390759703805951,0.0198954,0
607390759838023679,0.0184259,0
607390759972241407,0.00947733,0
607390760106459135,0.0138609,0
607390760240676863,0.0228123,0
607390760374894591,0.0242453,0
607390760509112319,0.0100265,0
607390770441224191,0.0595921,0
607390770575441919,0.0600869,0
607390770709659647,0.058013,0
607390770843877375,0.0566177,0
607390770978095103,0.0575,0
607390771112312831,0.0565607,0
607390771246530559,0.0585214,0
607390771514966015,0.0952287,0
607390771649183743,0.10302,0
607390771783401471,0.0739425,0
607390771917619199,0.0991224,0
607390772051836927,0.0722292,0
607390772186054655,0.10099,0
607390772320272383,0.0636289,0
607390772588707839,0.0568415,0
607390772722925567,0.0521351,0
607390772857143295,0.0458511,0
607390772991361023,0.0509027,0
607390773125578751,0.057676,0
607390773259796479,0.0555377,0
607390773394014207,0.0518232,0
607390773662449663,0.081901,0
607390773796667391,0.0896597,0
607390773930885119,0.0617865,0
607390774065102847,0.0858858,0
607390774199320575,0.0708243,0
607390774333538303,0.0864104,0
607390774467756031,0.0566597,0
607390774736191487,0.0686631,0
607390774870409215,0.0579865,0
607390775004626943,0.0625652,0
607390775138844671,0.050026,0
607390775273062399,0.0690337,0
607390775407280127,0.057609,0
607390775541497855,0.0494312,0
607390775809933311,0.0554688,0
607390775944151039,0.0779578,0
607390776078368767,0.0602053,0
607390776212586495,0.0637493,0
607390776346804223,0.0625126,0
607390776481021951,0.0779489,0
607390776615239679,0.0583712,0
607390776883675135,0.0677797,0
607390777017892863,0.0555708,0
607390777152110591,0.0585533,0
607390777286328319,0.052948,0
607390777420546047,0.0587128,0
607390777554763775,0.0587807,0
607390777688981503,0.0465528,0
607390779031158783,0.11828,0
607390779165376511,0.119196,0
607390779299594239,0.109074,0
607390779433811967,0.117419,0
607390779568029695,0.12359,0
607390779702247423,0.119408,0
607390779836465151,0.103678,0
607390780104900607,0.154067,0
607390780239118335,0.148924,0
607390780373336063,0.145543,0
607390780507553791,0.146283,0
607390780641771519,0.169973,0
607390780775989247,0.157393,0
607390780910206975,0.133585,0
607390781178642431,0.110837,0
607390781312860159,0.120835,0
607390781447077887,0.109185,0
607390781581295615,0.116065,0
607390781715513343,0.107632,0
607390781849731071,0.111973,0
607390781983948799,0.100608,0
607390782252384255,0.146332,0
607390782386601983,0.149152,0
607390782520819711,0.152707,0
607390782655037439,0.144872,0
607390782789255167,0.162295,0
607390782923472895,0.14957,0
607390783057690623,0.131843,0
607390783326126079,0.0999484,0
607390783460343807,0.109347,0
607390783594561535,0.0864026,0
607390783728779263,0.10581,0
607390783862996991,0.124514,0
607390783997214719,0.108413,0
607390784131432447,0.104625,0
607390784399867903,0.138686,0
607390784534085631,0.148288,0
607390784668303359,0.125479,0
607390784802521087,0.147245,0
607390784936738815,0.138754,0
607390785070956543,0.142199,0
607390785205174271,0.134841,0
607390785473609727,0.0854735,0
607390785607827455,0.0956668,0
607390785742045183,0.0833725,0
607390785876262911,0.092566,0
607390786010480639,0.094373,0
607390786144698367,0.0957895,0
607390786278916095,0.0868233,0
607390787621093375,0.0402675,0
607390787755311103,0.0374012,0
607390787889528831,0.0352875,0
607390788023746559,0.0422512,0
607390788157964287,0.0416826,0
607390788292182015,0.0434401,0
607390788426399743,0.034221,0
607390788694835199,0.0373107,0
607390788829052927,0.0450283,0
607390788963270655,0.035834,0
607390789097488383,0.0443061,0
607390789231706111,0.0366384,0
607390789365923839,0.0449753,0
607390789500141567,0.0374012,0
607390789768577023,0.0340544,0
607390789902794751,0.0396703,0
607390790037012479,0.0257049,0
607390790171230207,0.0344219,0
607390790305447935,0.0350104,0
607390790439665663,0.0405034,0
607390790573883391,0.0360675,0
607390790842318847,0.0404715,0
607390790976536575,0.0421962,0
607390791110754303,0.0422408,0
607390791244972031,0.0448642,0
607390791379189759,0.0415735,0
607390791513407487,0.0456854,0
607390791647625215,0.0459342,0
607390791916060671,0.0250695,0
607390792050278399,0.0325433,0
607390792184496127,0.0237963,0
607390792318713855,0.0330102,0
607390792452931583,0.0205438,0
607390792587149311,0.0355127,0
607390792721367039,0.0254157,0
607390792989802495,0.0582461,0
607390793124020223,0.0439103,0
607390793258237951,0.0475078,0
607390793392455679,0.0463805,0
607390793526673407,0.0463333,0
607390793660891135,0.053814,0
607390793795108863,0.034838,0
607390794063544319,0.027974,0
607390794197762047,0.0305568,0
607390794331979775,0.0212115,0
607390794466197503,0.0400384,0
607390794600415231,0.02483,0
607390794734632959,0.0352616,0
607390794868850687,0.0183658,0
607390796211027967,0.0999148,0
607390796345245695,0.110825,0
607390796479463423,0.0782163,0
607390796613681151,0.11125,0
607390796747898879,0.098425,0
607390796882116607,0.0987472,0
607390797016334335,0.076411,0
607390797284769791,0.0974194,0
607390797418987519,0.116333,0
607390797553205247,0.101723,0
607390797687422975,0.109735,0
607390797821640703,0.100622,0
607390797955858431,0.109318,0
607390798090076159,0.104281,0
607390798358511615,0.0925673,0
607390798492729343,0.102007,0
607390798626947071,0.0867059,0
607390798761164799,0.09883,0
607390798895382527,0.0960981,0
607390799029600255,0.0964849,0
607390799163817983,0.0865238,0
607390799432253439,0.108628,0
607390799566471167,0.109735,0
607390799700688895,0.109134,0
607390799834906623,0.107493,0
607390799969124351,0.114036,0
607390800103342079,0.105267,0
607390800237559807,0.114667,0
607390800505995263,0.0562129,0
607390800640212991,0.0751237,0
607390800774430719,0.0531871,0
607390800908648447,0.0683985,0
607390801042866175,0.0577587,0
607390801177083903,0.0731651,0
607390801311301631,0.0536242,0
607390801579737087,0.0865883,0
607390801713954815,0.0953189,0
607390801848172543,0.0847039,0
607390801982390271,0.0947888,0
607390802116607999,0.0918716,0
607390802250825727,0.0868705,0
607390802385043455,0.0940535,0
607390802653478911,0.0559242,0
607390802787696639,0.0806046,0
607390802921914367,0.0413629,0
607390803056132095,0.0641563,0
607390803190349823,0.0473044,0
607390803324567551,0.0786448,0
607390803458785279,0.0485812,0
607390804800962559,0.0521319,0
607390804935180287,0.0708934,0
607390805069398015,0.036662,0
607390805203615743,0.0611098,0
607390805337833471,0.0429798,0
607390805472051199,0.0520568,0
607390805606268927,0.0312342,0
607390805874704383,0.0680065,0
607390806008922111,0.0727509,0
607390806143139839,0.066365,0
607390806277357567,0.0686369,0
607390806411575295,0.0743795,0
607390806545793023,0.0877258,0
607390806680010751,0.0668135,0
607390806948446207,0.0351545,0
607390807082663935,0.0468482,0
607390807216881663,0.0275953,0
607390807351099391,0.0436162,0
607390807485317119,0.0227384,0
607390807619534847,0.0583741,0
607390807753752575,0.0150217,0
607390808022188031,0.0685358,0
607390808156405759,0.0717496,0
607390808290623487,0.0647282,0
607390808424841215,0.055883,0
607390808559058943,0.0797412,0
607390808693276671,0.0617722,0
607390808827494399,0.0662985,0
607390809095929855,0.0370654,0
607390809230147583,0.0479788,0
607390809364365311,0.025272,0
607390809498583039,0.0278661,0
607390809632800767,0.03021,0
607390809767018495,0.0431415,0
607390809901236223,0.0295599,0
607390810169671679,0.0456883,0
607390810303889407,0.0651712,0
607390810438107135,0.0467147,0
607390810572324863,0.0542843,0
607390810706542591,0.0480931,0
607390810840760319,0.0467991,0
607390810974978047,0.0504219,0
607390811243413503,0.0268306,0
607390811377631231,0.0339151,0
607390811511848959,0.022163,0
607390811646066687,0.0278587,0
607390811780284415,0.0231129,0
607390811914502143,0.0264131,0
607390812048719871,0.0231671,0
607390813390897151,0.147751,0
607390813525114879,0.181364,0
607390813659332607,0.118415,0
607390813793550335,0.106957,0
607390813927768063,0.116472,0
607390814061985791,0.169204,0
607390814196203519,0.10373,0
607390814464638975,0.166847,0
607390814598856703,0.166259,0
607390814733074431,0.165021,0
607390814867292159,0.155258,0
607390815001509887,0.177534,0
607390815135727615,0.169683,0
607390815269945343,0.179871,0
607390815538380799,0.103691,0
607390815672598527,0.115651,0
607390815806816255,0.0964174,0
607390815941033983,0.112739,0
607390816075251711,0.0794021,0
607390816209469439,0.104545,0
607390816343687167,0.0728728,0
607390816612122623,0.113963,0
607390816746340351,0.134454,0
607390816880558079,0.116841,0
607390817014775807,0.129116,0
607390817148993535,0.128591,0
607390817283211263,0.133357,0
607390817417428991,0.126922,0
607390817685864447,0.0966128,0
607390817820082175,0.101132,0
607390817954299903,0.0945631,0
607390818088517631,0.0954345,0
607390818222735359,0.0939051,0
607390818356953087,0.0942324,0
607390818491170815,0.0929735,0
607390818759606271,0.166409,0
607390818893823999,0.202813,0
607390819028041727,0.139666,0
607390819162259455,0.188573,0
607390819296477183,0.12752,0
607390819430694911,0.190795,0
607390819564912639,0.113218,0
607390819833348095,0.0860397,0
607390819967565823,0.0925791,0
607390820101783551,0.0742035,0
607390820236001279,0.0688163,0
607390820370219007,0.0784621,0
607390820504436735,0.0977726,0
607390820638654463,0.0769239,0
607390821980831743,0.0149147,0
607390822115049471,0.0196608,0
607390822249267199,0.0148063,0
607390822383484927,0.0259011,0
607390822517702655,0.0141442,0
607390822651920383,0.0126502,0
607390822786138111,0.016028,0
607390823054573567,0.0426688,0
607390823188791295,0.0439472,0
607390823323009023,0.0280503,0
607390823457226751,0.0446685,0
607390823591444479,0.0223365,0
607390823725662207,0.0416597,0
607390823859879935,0.0224084,0
607390824128315391,0.0174488,0
607390824262533119,0.0304121,0
607390824396750847,0.0209355,0
607390824530968575,0.026222,0
607390824665186303,0.0145696,0
607390824799404031,0.0184639,0
607390824933621759,0.0195832,0
607390825202057215,0.0356587,0
607390825336274943,0.044349,0
607390825470492671,0.0269407,0
607390825604710399,0.0433171,0
607390825738928127,0.0276316,0
607390825873145855,0.0461033,0
607390826007363583,0.0302975,0
607390826275799039,0.00989429,0
607390826410016767,0.0123486,0
607390826544234495,0.00899588,0
607390826678452223,0.0115702,0
607390826812669951,0.0177803,0
607390826946887679,0.0155376,0
607390827081105407,0.00745978,0
607390827349540863,0.0126207,0
607390827483758591,0.0143062,0
607390827617976319,0.0118519,0
607390827752194047,0.0129604,0
607390827886411775,0.0230641,0
607390828020629503,0.0118202,0
607390828154847231,0.0137632,0
607390828423282687,0.0102699,0
607390828557500415,0.0135342,0
607390828691718143,0.0123097,0
607390828825935871,0.0184846,0
607390828960153599,0.00899588,0
607390829094371327,0.0115733,0
607390829228589055,0.0130007,0
607390839160700927,0.000192541,0
607390839294918655,0.000192541,0
607390839429136383,0,0
607390839563354111,0.000288811,0
607390839697571839,0.000192541,0
607390839831789567,0.000192541,0
607390839966007295,0.000192541,0
607390840234442751,0.000192541,0
607390840368660479,0.00210628,0
607390840502878207,0.000192541,0
607390840637095935,0.0027213,0
607390840771313663,0.001471,0
607390840905531391,0.0024628,0
607390841039749119,0.000192541,0
607390841308184575,0.000695464,0
607390841442402303,0.000655902,0
607390841710837759,0.000165035,0
607390841845055487,0,0
607390841979273215,0,0
607390842381926399,0.000655902,0
607390842516144127,0.00241893,0
607390842650361855,0.000655902,0
607390842784579583,0.00119991,0
607390842918797311,0,0
607390843053015039,0,0
607390843187232767,0.000655902,0
607390843455668223,0,0
607390843589885951,0.000192541,0
607390843724103679,0,0
607390843858321407,0.000192541,0
607390843992539135,0.000449262,0
607390844126756863,0.000256721,0
607390844260974591,0.00104944,0
607390844529410047,0.000695464,0
607390844663627775,0.000144406,0
607390844797845503,0.000192541,0
607390844932063231,0.00083987,0
607390845066280959,0,0
607390845200498687,0.00142286,0
607390845334716415,0,0
607390845603151871,0,0
607390845737369599,0.000192541,0
607390845871587327,0.000192541,0
607390846005805055,0.000385082,0
607390846140022783,0.00111274,0
607390846274240511,0,0
607390846408458239,0,0
607390847750635519,0.00943427,0
607390847884853247,0.0093847,0
607390848019070975,0.00991909,0
607390848153288703,0.009479,0
607390848287506431,0.010075,0
607390848421724159,0.0249425,0
607390848555941887,0.00989159,0
607390848824377343,0.0156554,0
607390848958595071,0.0163794,0
607390849092812799,0.0124399,0
607390849227030527,0.0103149,0
607390849361248255,0.0190769,0
607390849495465983,0.0120418,0
607390849629683711,0.0100021,0
607390849898119167,0.0107653,0
607390850032336895,0.0127405,0
607390850166554623,0.00736575,0
607390850300772351,0.01422,0
607390850434990079,0.011062,0
607390850569207807,0.00935385,0
607390850703425535,0.00444311,0
607390850971860991,0.0122369,0
607390851106078719,0.0131759,0
607390851240296447,0.0193159,0
607390851374514175,0.0114815,0
607390851508731903,0.0126353,0
607390851642949631,0.0124391,0
607390851777167359,0.0108031,0
607390852045602815,0.00567501,0
607390852179820543,0.00768103,0
607390852314038271,0.0054476,0
607390852448255999,0.00951445,0
607390852582473727,0.00318735,0
607390852716691455,0.00633534,0
607390852850909183,0.00232748,0
607390853119344639,0.0111895,0
607390853253562367,0.0152586,0
607390853387780095,0.0205133,0
607390853521997823,0.00853628,0
607390853656215551,0.0121292,0
607390853790433279,0.00898221,0
607390853924651007,0.0117361,0
607390854193086463,0.00711296,0
607390854327304191,0.0121047,0
607390854461521919,0.005247,0
607390854595739647,0.00567914,0
607390854729957375,0.00464967,0
607390854864175103,0.00771808,0
607390854998392831,0.00416024,0
607390856340570111,0,0
607390856474787839,0,0
607390856743223295,0,0
607390856877441023,0,0
607390857011658751,0,0
607390857145876479,0,0
607390857548529663,0,0
607390857816965119,0,0
607390858756489215,0.00517931,0
607390858890706943,0.00517931,0
607390859561795583,0,0
607390859696013311,0.000132028,0
607390859830231039,0,0
607390859964448767,0.0024348,0
607390860635537407,0,0
607390860769755135,0,0
607390860903972863,0,0
607390861038190591,0,0
607390861172408319,0.000192541,0
607390861306626047,0,0
607390861440843775,0,0
607390861709279231,0,0
607390861977714687,0,0
607390862111932415,0,0
607390862246150143,0,0
607390862380367871,0,0
607390862514585599,0,0
607390862917238783,0,0
607390863051456511,0,0
607390863185674239,0,0
607390863454109695,0,0
607390864930504703,0.00321346,0
607390865064722431,0.00291426,0
607390865198940159,0.00291035,0
607390865333157887,0.00262892,0
607390865467375615,0.00368386,0
607390865601593343,0.00290708,0
607390865735811071,0.00404251,0
607390866004246527,0.00918565,0
607390866138464255,0.00941463,0
607390866272681983,0.00825308,0
607390866406899711,0.00903983,0
607390866541117439,0.00456488,0
607390866675335167,0.0133231,0
607390866809552895,0.00470186,0
607390867077988351,0.00314466,0
607390867212206079,0.0124437,0
607390867346423807,0.00427694,0
607390867480641535,0.00597952,0
607390867614859263,0.00394279,0
607390867749076991,0.00202546,0
607390867883294719,0.00472666,0
607390868151730175,0.00976822,0
607390868285947903,0.013649,0
607390868420165631,0.0157597,0
607390868554383359,0.0141573,0
607390868688601087,0.0115549,0
607390868822818815,0.0104576,0
607390868957036543,0.00579575,0
607390869225471999,0.000524721,0
607390869359689727,0.00286125,0
607390869493907455,0.000655902,0
607390869628125183,0.00319373,0
607390869762342911,0.000524721,0
607390869896560639,0.00124467,0
607390870030778367,0.00065675,0
607390870299213823,0.00158938,0
607390870433431551,0.00439538,0
607390870567649279,0.00158938,0
607390870701867007,0.00186828,0
607390870836084735,0.00224122,0
607390870970302463,0.00166491,0
607390871104520191,0.00209478,0
607390871372955647,0.000820937,0
607390871507173375,0.00304516,0
607390871641391103,0.000132028,0
607390871775608831,0.00188513,0
607390871909826559,0.00997496,0
607390872044044287,0.000820937,0
607390872178262015,0.00065675,0
607390873520439295,0.0026404,0
607390873654657023,0.00446352,0
607390873788874751,0.000256721,0
607390873923092479,0.000256721,0
607390874057310207,0.00238368,0
607390874191527935,0.00238368,0
607390874325745663,0.0026404,0
607390874594181119,0.00238368,0
607390874728398847,0.00870068,0
607390874862616575,0.00357552,0
607390874996834303,0.0121052,0
607390875131052031,0.0033771,0
607390875265269759,0.00268164,0
607390875399487487,0.00238368,0
607390875667922943,0.000256721,0
607390875802140671,0.000256721,0
607390875936358399,0.000678754,0
607390876070576127,0.00276056,0
607390876204793855,0.000256721,0
607390876339011583,0.00154355,0
607390876473229311,0.00154355,0
607390876741664767,0.0148556,0
607390876875882495,0.000256721,0
607390877010100223,0.000897982,0
607390877144317951,0.000897981,0
607390877278535679,0.00460793,0
607390877412753407,0.0495914,0
607390877546971135,0.00228585,0
607390877815406591,0,0
607390877949624319,0.00238368,0
607390878083842047,0,0
607390878218059775,0.00178776,0
607390878352277503,0.0097864,0
607390878486495231,0.00119184,0
607390878620712959,0.0048932,0
607390878889148415,0.0033771,0
607390879023366143,0.00397316,0
607390879157583871,0.00119184,0
607390879291801599,0.0033771,0
607390879426019327,0.00271504,0
607390879560237055,0.00397316,0
607390879694454783,0.00119184,0
607390879962890239,0.00154355,0
607390880097107967,0.000256721,0
607390880231325695,0.000256721,0
607390880365543423,0.00154355,0
607390880499761151,0.00362839,0
607390880633978879,0.00410309,0
607390880768196607,0.00231533,0
607390882110373887,0.00789433,0
607390882244591615,0.00836539,0
607390882378809343,0.0048121,0
607390882513027071,0.00523448,0
607390882647244799,0.00575947,0
607390882781462527,0.00727764,0
607390882915680255,0.00697512,0
607390883184115711,0.0140134,0
607390883318333439,0.0134748,0
607390883452551167,0.00816762,0
607390883586768895,0.0129373,0
607390883720986623,0.0132767,0
607390883855204351,0.0136032,0
607390883989422079,0.00707053,0
607390884257857535,0.001471,0
607390884392075263,0.00326364,0
607390884526292991,0.001471,0
607390884660510719,0.00179091,0
607390884794728447,0.000449262,0
607390884928946175,0.000924065,0
607390885063163903,0.001471,0
607390885331599359,0.00446816,0
607390885465817087,0.00892985,0
607390885600034815,0.00327019,0
607390885734252543,0.00707279,0
607390885868470271,0.00677711,0
607390886002687999,0.00686349,0
607390886136905727,0.00393893,0
607390886405341183,0.0531141,0
607390886539558911,0.0105201,0
607390886673776639,0.0215675,0
607390886807994367,0.00759645,0
607390886942212095,0.00238368,0
607390887076429823,0.0613022,0
607390887210647551,0.00238368,0
607390887479083007,0.00818952,0
607390887613300735,0.00806457,0
607390887747518463,0.00964658,0
607390887881736191,0.00891005,0
607390888015953919,0.00357552,0
607390888150171647,0.0114496,0
607390888284389375,0.0111263,0
607390888552824831,0.0044735,0
607390888687042559,0.00954913,0
607390888821260287,0.000192541,0
607390888955478015,0.000336947,0
607390889089695743,0.00421678,0
607390889223913471,0.0061878,0
607390889358131199,0.00452618,0
607390890700308479,0.000288811,0
607390890834526207,0.00116497,0
607390890968743935,0.000288811,0
607390891102961663,0.000192541,0
607390891371397119,0.000192541,0
607390891505614847,0.000288811,0
607390891774050303,0.00104944,0
607390891908268031,0.0014342,0
607390892042485759,0.0014342,0
607390892176703487,0,0
607390892310921215,0.00207448,0
607390892445138943,0.00716788,0
607390892579356671,0.00313125,0
607390892847792127,0.00064126,0
607390892982009855,0.00208181,0
607390893116227583,0.000192541,0
607390893250445311,0.00512516,0
607390893384663039,0.000192541,0
607390893518880767,0.00128252,0
607390893653098495,0.000192541,0
607390893921533951,0.000192541,0
607390894055751679,0.000192541,0
607390894189969407,0.000192541,0
607390894324187135,0,0
607390894458404863,0.000115525,0
607390894592622591,0.000192541,0
607390894726840319,0,0
607390895800582143,0,0
607390896069017599,0,0
607390896203235327,0,0
607390896337453055,0.000192541,0
607390896471670783,0.00177381,0
607390896605888511,0.000385082,0
607390896740106239,0.00154355,0
607390896874323967,0,0
607390897276977151,0,0
607390897545412607,0.000192541,0
607390907880177663,0.0327014,0
607390908014395391,0.0293044,0
607390908148613119,0.0207477,0
607390908282830847,0.0283311,0
607390908417048575,0.0376788,0
607390908551266303,0.0361962,0
607390908685484031,0.0195391,0
607390908953919487,0.0355502,0
607390909088137215,0.0409428,0
607390909222354943,0.030933,0
607390909356572671,0.0424765,0
607390909490790399,0.0279067,0
607390909625008127,0.037633,0
607390909759225855,0.0231128,0
607390910027661311,0.0247255,0
607390910161879039,0.0330707,0
607390910296096767,0.0236604,0
607390910430314495,0.029872,0
607390910564532223,0.0202181,0
607390910698749951,0.0328884,0
607390910832967679,0.0236567,0
607390911101403135,0.0375608,0
607390911235620863,0.0543019,0
607390911369838591,0.0332531,0
607390911504056319,0.0483378,0
607390911638274047,0.0280943,0
607390911772491775,0.0417774,0
607390911906709503,0.0320221,0
607390912175144959,0.0206429,0
607390912309362687,0.058382,0
607390912443580415,0.0229578,0
607390912577798143,0.031886,0
607390912712015871,0.0240342,0
607390912846233599,0.0170291,0
607390912980451327,0.0250976,0
607390913248886783,0.0293571,0
607390913383104511,0.0266289,0
607390913517322239,0.0311186,0
607390913651539967,0.0203604,0
607390913785757695,0.0238642,0
607390913919975423,0.0254925,0
607390914054193151,0.0406931,0
607390914322628607,0.0265959,0
607390914456846335,0.0240759,0
607390914591064063,0.0239969,0
607390914725281791,0.0237558,0
607390914859499519,0.023613,0
607390914993717247,0.020743,0
607390915127934975,0.0241777,0
607390916470112255,0.136131,0
607390916604329983,0.129315,0
607390916738547711,0.0951705,0
607390916872765439,0.142785,0
607390917006983167,0.144347,0
607390917141200895,0.117695,0
607390917275418623,0.125464,0
607390917543854079,0.174241,0
607390917678071807,0.195488,0
607390917812289535,0.153813,0
607390917946507263,0.159766,0
607390918080724991,0.185216,0
607390918214942719,0.203073,0
607390918349160447,0.148512,0
607390918617595903,0.122359,0
607390918751813631,0.130887,0
607390918886031359,0.115762,0
607390919020249087,0.125361,0
607390919154466815,0.102313,0
607390919288684543,0.118248,0
607390919422902271,0.0993742,0
607390919691337727,0.144984,0
607390919825555455,0.165401,0
607390919959773183,0.149373,0
607390920093990911,0.140667,0
607390920228208639,0.168838,0
607390920362426367,0.148507,0
607390920496644095,0.152864,0
607390920765079551,0.0645625,0
607390920899297279,0.104825,0
607390921033515007,0.0416333,0
607390921167732735,0.0774846,0
607390921301950463,0.0536277,0
607390921436168191,0.0852742,0
607390921570385919,0.044449,0
607390921838821375,0.147511,0
607390921973039103,0.157034,0
607390922107256831,0.148488,0
607390922241474559,0.139347,0
607390922375692287,0.129236,0
607390922509910015,0.159683,0
607390922644127743,0.125812,0
607390922912563199,0.0537754,0
607390923046780927,0.0880156,0
607390923180998655,0.0547184,0
607390923315216383,0.08327,0
607390923449434111,0.040143,0
607390923583651839,0.0620207,0
607390923717869567,0.0508181,0
607390925060046847,0.0345681,0
607390925194264575,0.0359296,0
607390925328482303,0.0307963,0
607390925462700031,0.0349779,0
607390925596917759,0.0283229,0
607390925731135487,0.0296999,0
607390925865353215,0.0329776,0
607390926133788671,0.023612,0
607390926268006399,0.0301992,0
607390926402224127,0.0323166,0
607390926536441855,0.0363408,0
607390926670659583,0.0287018,0
607390926804877311,0.0281674,0
607390926939095039,0.0286642,0
607390927207530495,0.0315316,0
607390927341748223,0.0327322,0
607390927475965951,0.0294568,0
607390927610183679,0.0305588,0
607390927744401407,0.0282451,0
607390927878619135,0.0327905,0
607390928012836863,0.0278578,0
607390928281272319,0.0317315,0
607390928415490047,0.0318257,0
607390928549707775,0.0310991,0
607390928683925503,0.031524,0
607390928818143231,0.0348722,0
607390928952360959,0.0379655,0
607390929086578687,0.0354915,0
607390929355014143,0.0258271,0
607390929489231871,0.0263092,0
607390929623449599,0.0630011,0
607390929757667327,0.0292941,0
607390929891885055,0.0282824,0
607390930026102783,0.0229194,0
607390930160320511,0.0265587,0
607390930428755967,0.0276447,0
607390930562973695,0.028146,0
607390930697191423,0.030658,0
607390930831409151,0.0302465,0
607390930965626879,0.0230031,0
607390931099844607,0.0251138,0
607390931234062335,0.0251167,0
607390931502497791,0.0215122,0
607390931636715519,0.0279704,0
607390931770933247,0.0168879,0
607390931905150975,0.0255326,0
607390932039368703,0.0716382,0
607390932173586431,0.0238847,0
607390932307804159,0.0166071,0
607390933649981439,0.061428,0
607390933784199167,0.074751,0
607390933918416895,0.0484031,0
607390934052634623,0.0859614,0
607390934186852351,0.0429552,0
607390934321070079,0.0633601,0
607390934455287807,0.0444349,0
607390934723723263,0.0909882,0
607390934857940991,0.103754,0
607390934992158719,0.0856734,0
607390935126376447,0.0933053,0
607390935260594175,0.0885062,0
607390935394811903,0.108374,0
607390935529029631,0.0808705,0
607390935797465087,0.0540863,0
607390935931682815,0.0746038,0
607390936065900543,0.0370382,0
607390936200118271,0.0604122,0
607390936334335999,0.0463706,0
607390936468553727,0.0742126,0
607390936602771455,0.0367904,0
607390936871206911,0.086433,0
607390937005424639,0.0942646,0
607390937139642367,0.0864703,0
607390937273860095,0.0851143,0
607390937408077823,0.0934198,0
607390937542295551,0.095739,0
607390937676513279,0.0831281,0
607390937944948735,0.0373446,0
607390938079166463,0.0407441,0
607390938213384191,0.035327,0
607390938347601919,0.0367838,0
607390938481819647,0.0345318,0
607390938616037375,0.038661,0
607390938750255103,0.0344387,0
607390939018690559,0.059391,0
607390939152908287,0.0870665,0
607390939287126015,0.0570689,0
607390939421343743,0.0651872,0
607390939555561471,0.0463956,0
607390939689779199,0.0729486,0
607390939823996927,0.0421527,0
607390940092432383,0.0377696,0
607390940226650111,0.0393948,0
607390940360867839,0.0329804,0
607390940495085567,0.0393337,0
607390940629303295,0.0414873,0
607390940763521023,0.0420191,0
607390940897738751,0.0350414,0
607390942239916031,0.0277012,0
607390942374133759,0.0296948,0
607390942508351487,0.0281678,0
607390942642569215,0.0311908,0
607390942776786943,0.0477357,0
607390942911004671,0.0267551,0
607390943045222399,0.0732201,0
607390943313657855,0.0278728,0
607390943447875583,0.0228808,0
607390943582093311,0.0288922,0
607390943716311039,0.014812,0
607390943850528767,0.0304714,0
607390943984746495,0.0248627,0
607390944118964223,0.028313,0
607390944387399679,0.0260474,0
607390944521617407,0.0256687,0
607390944655835135,0.0201996,0
607390944790052863,0.0212048,0
607390944924270591,0.0257195,0
607390945058488319,0.0273954,0
607390945192706047,0.0311975,0
607390945461141503,0.0280479,0
607390945595359231,0.0192158,0
607390945729576959,0.0266065,0
607390945863794687,0.0152442,0
607390945998012415,0.0315665,0
607390946132230143,0.024927,0
607390946266447871,0.0283922,0
607390946534883327,0.0400548,0
607390946669101055,0.0528423,0
607390946803318783,0.0373178,0
607390946937536511,0.0914289,0
607390947071754239,0.0282736,0
607390947205971967,0.0689656,0
607390947340189695,0.0286623,0
607390947608625151,0.0380128,0
607390947742842879,0.0334799,0
607390947877060607,0.0261909,0
607390948011278335,0.0296651,0
607390948145496063,0.0336337,0
607390948279713791,0.0305277,0
607390948413931519,0.0313918,0
607390948682366975,0.0541474,0
607390948816584703,0.0579115,0
607390948950802431,0.0338798,0
607390949085020159,0.0788761,0
607390949219237887,0.0419608,0
607390949353455615,0.0883598,0
607390949487673343,0.0242523,0
607390950829850623,0.0449613,0
607390950964068351,0.0599554,0
607390951098286079,0.0470777,0
607390951232503807,0.0591799,0
607390951366721535,0.0343556,0
607390951500939263,0.0436893,0
607390951635156991,0.0318038,0
607390951903592447,0.0854737,0
607390952037810175,0.132595,0
607390952172027903,0.0712456,0
607390952306245631,0.115704,0
607390952440463359,0.0665591,0
607390952574681087,0.0968676,0
607390952708898815,0.0541362,0
607390952977334271,0.0418167,0
607390953111551999,0.055888,0
607390953245769727,0.0319203,0
607390953379987455,0.0438325,0
607390953514205183,0.0402442,0
607390953648422911,0.0467626,0
607390953782640639,0.0317359,0
607390954051076095,0.0914404,0
607390954185293823,0.1707,0
607390954319511551,0.0631039,0
607390954453729279,0.0994811,0
607390954587947007,0.0627366,0
607390954722164735,0.102052,0
607390954856382463,0.0629214,0
607390955124817919,0.0265577,0
607390955259035647,0.0343056,0
607390955393253375,0.0256554,0
607390955527471103,0.0269972,0
607390955661688831,0.0347903,0
607390955795906559,0.0320284,0
607390955930124287,0.0321152,0
607390956198559743,0.0364398,0
607390956332777471,0.0569451,0
607390956466995199,0.0320832,0
607390956601212927,0.0528974,0
607390956735430655,0.0307852,0
607390956869648383,0.0397206,0
607390957003866111,0.0407365,0
607390957272301567,0.0299108,0
607390957406519295,0.0349608,0
607390957540737023,0.0267813,0
607390957674954751,0.0288098,0
607390957809172479,0.0280718,0
607390957943390207,0.0265721,0
607390958077607935,0.0318898,0
607390959419785215,0.0160113,0
607390959554002943,0.0202229,0
607390959688220671,0.0149231,0
607390959822438399,0.0248937,0
607390959956656127,0.0157078,0
607390960090873855,0.0175128,0
607390960225091583,0.0287036,0
607390960493527039,0.0205983,0
607390960627744767,0.0227757,0
607390960761962495,0.0866386,0
607390960896180223,0.0203658,0
607390961030397951,0.0213716,0
607390961164615679,0.0209748,0
607390961298833407,0.0660439,0
607390961567268863,0.00939214,0
607390961701486591,0.0274315,0
607390961835704319,0.0168213,0
607390961969922047,0.0211829,0
607390962104139775,0.0171738,0
607390962238357503,0.0250795,0
607390962372575231,0.0179727,0
607390962641010687,0.0208793,0
607390962775228415,0.0195257,0
607390962909446143,0.0193397,0
607390963043663871,0.0177411,0
607390963177881599,0.045575,0
607390963312099327,0.0415626,0
607390963446317055,0.0291753,0
607390963714752511,0.0141062,0
607390963848970239,0.0152674,0
607390963983187967,0.0122244,0
607390964117405695,0.014446,0
607390964251623423,0.00957059,0
607390964385841151,0.0122444,0
607390964520058879,0.00896272,0
607390964788494335,0.0415214,0
607390964922712063,0.0221247,0
607390965056929791,0.0184497,0
607390965191147519,0.0541312,0
607390965325365247,0.0190147,0
607390965459582975,0.0680855,0
607390965593800703,0.0186302,0
607390965862236159,0.0107885,0
607390965996453887,0.0162047,0
607390966130671615,0.0146589,0
607390966264889343,0.0102553,0
607390966399107071,0.0119683,0
607390966533324799,0.0127907,0
607390966667542527,0.0128358,0
607390976599654399,0,0
607390976733872127,0,0
607390976868089855,0,0
607390977002307583,0,0
607390977136525311,0.00270351,0
607390977270743039,0.00172644,0
607390977404960767,0,0
607390977673396223,0.00641707,0
607390977807613951,0.00482485,0
607390977941831679,0,0
607390978076049407,0.000734895,0
607390978344484863,0.00826243,0
607390978478702591,0.00517931,0
607390978747138047,0,0
607390978881355775,0,0
607390979015573503,0,0
607390979149791231,0.00183037,0
607390979284008959,0,0
607390979418226687,0.00183037,0
607390979552444415,0,0
607390979820879871,0,0
607390980089315327,0.00161394,0
607390980223533055,0.00033007,0
607390980357750783,0,0
607390980626186239,0,0
607390980894621695,0.00172644,0
607390981028839423,0.00345287,0
607390981297274879,0,0
607390981565710335,0.00517931,0
607390981968363519,0.00628135,0
607390982102581247,0.00517931,0
607390982236798975,0.00345287,0
607390982371016703,0.00345287,0
607390982505234431,0.00639317,0
607390982639452159,0.00517931,0
607390982773669887,0.00517931,0
607390983578976255,0,0
607390985189588991,0.013737,0
607390985323806719,0.0176126,0
607390985458024447,0.0105805,0
607390985592242175,0.0172894,0
607390985726459903,0.0108585,0
607390985860677631,0.0149621,0
607390985994895359,0.0108243,0
607390986263330815,0.0215427,0
607390986397548543,0.0240615,0
607390986531766271,0.0595543,0
607390986665983999,0.0267348,0
607390986800201727,0.0198632,0
607390986934419455,0.0361455,0
607390987068637183,0.0189818,0
607390987337072639,0.009067,0
607390987471290367,0.0145072,0
607390987605508095,0.0155179,0
607390987739725823,0.00875478,0
607390987873943551,0.0106775,0
607390988008161279,0.0115125,0
607390988142379007,0.010156,0
607390988410814463,0.0385244,0
607390988545032191,0.0200736,0
607390988679249919,0.0237173,0
607390988813467647,0.0195953,0
607390988947685375,0.0259119,0
607390989081903103,0.0240418,0
607390989216120831,0.0172265,0
607390989484556287,0.00292581,0
607390989618774015,0.00892777,0
607390989752991743,0.00547912,0
607390989887209471,0.00974162,0
607390990021427199,0.0015265,0
607390990155644927,0.00550664,0
607390990289862655,0.000734895,0
607390990558298111,0.0124396,0
607390990692515839,0.0177179,0
607390990826733567,0.00804615,0
607390990960951295,0.0184702,0
607390991095169023,0.0115323,0
607390991229386751,0.0114679,0
607390991363604479,0.00798747,0
607390991632039935,0.00547912,0
607390991766257663,0.00959753,0
607390992034693119,0.00451231,0
607390992168910847,0,0
607390992303128575,0.00352922,0
607390992437346303,0.00242298,0
607390993913741311,0,0
607390994182176767,0,0
607390994853265407,0,0
607390994987483135,0,0
607390995121700863,0,0
607390995255918591,0,0
607390995390136319,0,0
607390995524354047,0,0
607390995658571775,0,0
607390995927007231,0.000288811,0
607390996061224959,0.000288811,0
607390996329660415,0,0
607390997000749055,0,0
607390997134966783,0.000144406,0
607390997269184511,0.000192541,0
607390997403402239,0.000144406,0
607390997537619967,0,0
607390997671837695,0,0
607390997806055423,0,0
607390999148232703,0,0
607390999282450431,0,0
607390999550885887,0,0
607390999819321343,0,0
607391002369458175,0.00720887,0
607391002503675903,0.0169307,0
607391002772111359,0.0372376,0
607391003040546815,0.00391936,0
607391003443199999,0.0387572,0
607391003577417727,0.0133818,0
607391003711635455,0.0197894,0
607391003845853183,0.0178208,0
607391003980070911,0.0188686,0
607391004114288639,0.0165129,0
607391004248506367,0.0281319,0
607391004516941823,0.00163184,0
607391004651159551,0.0194263,0
607391004919595007,0.00631567,0
607391005053812735,0.00391936,0
607391005188030463,0.0061358,0
607391005322248191,0.00615932,0
607391005590683647,0.0220834,0
607391005724901375,0.0149202,0
607391005859119103,0.021262,0
607391005993336831,0.0233779,0
607391006127554559,0.0232728,0
607391006261772287,0.0184827,0
607391006395990015,0.0344745,0
607391006664425471,0,0
607391007201296383,0,0
607391007335514111,0.00033007,0
607391007469731839,0,0
607391007738167295,0.00736339,0
607391007872385023,0.0101259,0
607391008140820479,0.0252662,0
607391008275038207,0,0
607391008409255935,0,0
607391009214562303,0.00223995,0
607391009348780031,0,0
607391009617215487,0.00183037,0
607391012033134591,0.00517931,0
607391012167352319,0.00517931,0
607391012704223231,0.00517931,0
607391014314835967,0.00727697,0
607391016328101887,0.00268575,0
607391016864972799,0,0
607391016999190527,0,0
607391019549327359,0.000734052,0
607391019683545087,0.00367755,0
607391019817762815,0.00202753,0
607391019951980543,0.000572995,0
607391020086198271,0.000946693,0
607391020220415999,0.00107872,0
607391020354633727,0,0
607391020623069183,0.00507838,0
607391020757286911,0.00719817,0
607391020891504639,0.00581726,0
607391021025722367,0.00632654,0
607391021159940095,0.00594537,0
607391021294157823,0.00254746,0
607391021428375551,0.00521658,0
607391021831028735,0.00125392,0
607391022099464191,0.00646691,0
607391022233681919,0,0
607391022367899647,0.00331468,0
607391022502117375,0.00517931,0
607391022770552831,0.00727589,0
607391022904770559,0.0097271,0
607391023038988287,0.00809499,0
607391023173206015,0.00908146,0
607391023307423743,0.00413941,0
607391023441641471,0.01007,0
607391023575859199,0.00367755,0
607391023844294655,0.00388448,0
607391023978512383,0.00284189,0
607391024112730111,0.00517931,0
607391024246947839,0.00517931,0
607391024381165567,0,0
607391024515383295,0.00275469,0
607391024649601023,0.00796116,0
607391024918036479,0.000890059,0
607391025052254207,0.00387996,0
607391025186471935,0.000734052,0
607391025320689663,0.00294865,0
607391025454907391,0.000132028,0
607391025589125119,0.00121075,0
607391025723342847,0.000132028,0
607391025991778303,0.00517931,0
607391026125996031,0.00517931,0
607391026260213759,0.00657775,0
607391026394431487,0.00517931,0
607391026528649215,0.00517931,0
607391026662866943,0.00517931,0
607391026797084671,0.00622814,0
607391029213003775,0,0
607391029347221503,0,0
607391029615656959,0,0
607392213550235647,0.137619,0
607392213684453375,0.137934,0
607392213818671103,0.144525,0
607392213952888831,0.138768,0
607392214087106559,0.144123,0
607392214221324287,0.140656,0
607392214355542015,0.142011,0
607392214623977471,0.155078,0
607392214758195199,0.161797,0
607392214892412927,0.144732,0
607392215026630655,0.142855,0
607392215160848383,0.153903,0
607392215295066111,0.156952,0
607392215429283839,0.156347,0
607392215697719295,0.144654,0
607392215831937023,0.14759,0
607392215966154751,0.145679,0
607392216100372479,0.137743,0
607392216234590207,0.152383,0
607392216368807935,0.143848,0
607392216503025663,0.14944,0
607392216771461119,0.14295,0
607392216905678847,0.154256,0
607392217039896575,0.139801,0
607392217174114303,0.147154,0
607392217308332031,0.13956,0
607392217442549759,0.135735,0
607392217576767487,0.139294,0
607392217845202943,0.137902,0
607392217979420671,0.148926,0
607392218113638399,0.150176,0
607392218247856127,0.142326,0
607392218382073855,0.149974,0
607392218516291583,0.144908,0
607392218650509311,0.141351,0
607392218918944767,0.143765,0
607392219053162495,0.160126,0
607392219187380223,0.14404,0
607392219321597951,0.166405,0
607392219455815679,0.145967,0
607392219590033407,0.14289,0
607392219724251135,0.151642,0
607392219992686591,0.138347,0
607392220126904319,0.14317,0
607392220261122047,0.151789,0
607392220395339775,0.148162,0
607392220529557503,0.139299,0
607392220663775231,0.148091,0
607392220797992959,0.152686,0
607392222140170239,0.175855,0
607392222274387967,0.186651,0
607392222408605695,0.172637,0
607392222542823423,0.166588,0
607392222677041151,0.181256,0
607392222811258879,0.18159,0
607392222945476607,0.187708,0
607392223213912063,0.182152,0
607392223348129791,0.181908,0
607392223482347519,0.168646,0
607392223616565247,0.177033,0
607392223750782975,0.166701,0
607392223885000703,0.162591,0
607392224019218431,0.174193,0
607392224287653887,0.165785,0
607392224421871615,0.157388,0
607392224556089343,0.166324,0
607392224690307071,0.15721,0
607392224824524799,0.171018,0
607392224958742527,0.17112,0
607392225092960255,0.171182,0
607392225361395711,0.165584,0
607392225495613439,0.165558,0
607392225629831167,0.162618,0
607392225764048895,0.15859,0
607392225898266623,0.170647,0
607392226032484351,0.170944,0
607392226166702079,0.163013,0
607392226435137535,0.163425,0
607392226569355263,0.187739,0
607392226703572991,0.156948,0
607392226837790719,0.178726,0
607392226972008447,0.149446,0
607392227106226175,0.16831,0
607392227240443903,0.156496,0
607392227508879359,0.163021,0
607392227643097087,0.181858,0
607392227777314815,0.174788,0
607392227911532543,0.17885,0
607392228045750271,0.174141,0
607392228179967999,0.183132,0
607392228314185727,0.170133,0
607392228582621183,0.156433,0
607392228716838911,0.167084,0
607392228851056639,0.151071,0
607392228985274367,0.159397,0
607392229119492095,0.149823,0
607392229253709823,0.161128,0
607392229387927551,0.148514,0
607392230730104831,0.145463,0
607392230864322559,0.137294,0
607392230998540287,0.138126,0
607392231132758015,0.13374,0
607392231266975743,0.142238,0
607392231401193471,0.143405,0
607392231535411199,0.139261,0
607392231803846655,0.135484,0
607392231938064383,0.133027,0
607392232072282111,0.136122,0
607392232206499839,0.125993,0
607392232340717567,0.140047,0
607392232474935295,0.136098,0
607392232609153023,0.143984,0
607392232877588479,0.127024,0
607392233011806207,0.129037,0
607392233146023935,0.137244,0
607392233280241663,0.129886,0
607392233414459391,0.133773,0
607392233548677119,0.138524,0
607392233682894847,0.130863,0
607392233951330303,0.128551,0
607392234085548031,0.119811,0
607392234219765759,0.127551,0
607392234353983487,0.12686,0
607392234488201215,0.132995,0
607392234622418943,0.122925,0
607392234756636671,0.13302,0
607392235025072127,0.141679,0
607392235159289855,0.144005,0
607392235293507583,0.135071,0
607392235427725311,0.147556,0
607392235561943039,0.142768,0
607392235696160767,0.14358,0
607392235830378495,0.1356,0
607392236098813951,0.150941,0
607392236233031679,0.141495,0
607392236367249407,0.146959,0
607392236501467135,0.134013,0
607392236635684863,0.14745,0
607392236769902591,0.150201,0
607392236904120319,0.145226,0
607392237172555775,0.129192,0
607392237306773503,0.140864,0
607392237440991231,0.126291,0
607392237575208959,0.134942,0
607392237709426687,0.143459,0
607392237843644415,0.139755,0
607392237977862143,0.123744,0
607392239320039423,0.151336,0
607392239454257151,0.151157,0
607392239588474879,0.147523,0
607392239722692607,0.148736,0
607392239856910335,0.150393,0
607392239991128063,0.14685,0
607392240125345791,0.131521,0
607392240393781247,0.165054,0
607392240527998975,0.162099,0
607392240662216703,0.173167,0
607392240796434431,0.175799,0
607392240930652159,0.168736,0
607392241064869887,0.162916,0
607392241199087615,0.158123,0
607392241467523071,0.151594,0
607392241601740799,0.145752,0
607392241735958527,0.139513,0
607392241870176255,0.143669,0
607392242004393983,0.144363,0
607392242138611711,0.1518,0
607392242272829439,0.141687,0
607392242541264895,0.161203,0
607392242675482623,0.161462,0
607392242809700351,0.151225,0
607392242943918079,0.155713,0
607392243078135807,0.170436,0
607392243212353535,0.167946,0
607392243346571263,0.158529,0
607392243615006719,0.132408,0
607392243749224447,0.136976,0
607392243883442175,0.134122,0
607392244017659903,0.123067,0
607392244151877631,0.140145,0
607392244286095359,0.139755,0
607392244420313087,0.137455,0
607392244688748543,0.156899,0
607392244822966271,0.158377,0
607392244957183999,0.154635,0
607392245091401727,0.153326,0
607392245225619455,0.143922,0
607392245359837183,0.152917,0
607392245494054911,0.146994,0
607392245762490367,0.12961,0
607392245896708095,0.128346,0
607392246030925823,0.128727,0
607392246165143551,0.122325,0
607392246299361279,0.126943,0
607392246433579007,0.128568,0
607392246567796735,0.128347,0
607392247909974015,0.173808,0
607392248044191743,0.1455,0
607392248178409471,0.154525,0
607392248312627199,0.174021,0
607392248446844927,0.167942,0
607392248581062655,0.157155,0
607392248715280383,0.15371,0
607392248983715839,0.148952,0
607392249117933567,0.146734,0
607392249252151295,0.14672,0
607392249386369023,0.146109,0
607392249520586751,0.159282,0
607392249654804479,0.151885,0
607392249789022207,0.152946,0
607392250057457663,0.144454,0
607392250191675391,0.149434,0
607392250325893119,0.144722,0
607392250460110847,0.153971,0
607392250594328575,0.174294,0
607392250728546303,0.165862,0
607392250862764031,0.153846,0
607392251131199487,0.145988,0
607392251265417215,0.147165,0
607392251399634943,0.145432,0
607392251533852671,0.141842,0
607392251668070399,0.145919,0
607392251802288127,0.145947,0
607392251936505855,0.145602,0
607392252204941311,0.19561,0
607392252339159039,0.184537,0
607392252473376767,0.202341,0
607392252607594495,0.172072,0
607392252741812223,0.236115,0
607392252876029951,0.195842,0
607392253010247679,0.18922,0
607392253278683135,0.189971,0
607392253412900863,0.173589,0
607392253547118591,0.1695,0
607392253681336319,0.170785,0
607392253815554047,0.17963,0
607392253949771775,0.180856,0
607392254083989503,0.180818,0
607392254352424959,0.262657,0
607392254486642687,0.18602,0
607392254620860415,0.190538,0
607392254755078143,0.179146,0
607392254889295871,0.201233,0
607392255023513599,0.197481,0
607392255157731327,0.183906,0
607392256499908607,0.146309,0
607392256634126335,0.146864,0
607392256768344063,0.148008,0
607392256902561791,0.146828,0
607392257036779519,0.142482,0
607392257170997247,0.148671,0
607392257305214975,0.14217,0
607392257573650431,0.161239,0
607392257707868159,0.167902,0
607392257842085887,0.16268,0
607392257976303615,0.182326,0
607392258110521343,0.15529,0
607392258244739071,0.164456,0
607392258378956799,0.152181,0
607392258647392255,0.161532,0
607392258781609983,0.160682,0
607392258915827711,0.150843,0
607392259050045439,0.163057,0
607392259184263167,0.148293,0
607392259318480895,0.140615,0
607392259452698623,0.15635,0
607392259721134079,0.158556,0
607392259855351807,0.16465,0
607392259989569535,0.156365,0
607392260123787263,0.175126,0
607392260258004991,0.145662,0
607392260392222719,0.176892,0
607392260526440447,0.14366,0
607392260794875903,0.147588,0
607392260929093631,0.141706,0
607392261063311359,0.145804,0
607392261197529087,0.1439,0
607392261331746815,0.148995,0
607392261465964543,0.147823,0
607392261600182271,0.145283,0
607392261868617727,0.146205,0
607392262002835455,0.156673,0
607392262137053183,0.146939,0
607392262271270911,0.15035,0
607392262405488639,0.158441,0
607392262539706367,0.157431,0
607392262673924095,0.142821,0
607392262942359551,0.15385,0
607392263076577279,0.149178,0
607392263210795007,0.150403,0
607392263345012735,0.145474,0
607392263479230463,0.149193,0
607392263613448191,0.153452,0
607392263747665919,0.154578,0
607392265089843199,0.156574,0
607392265224060927,0.152137,0
607392265358278655,0.165174,0
607392265492496383,0.156025,0
607392265626714111,0.162001,0
607392265760931839,0.158178,0
607392265895149567,0.159474,0
607392266163585023,0.14232,0
607392266297802751,0.142843,0
607392266432020479,0.147704,0
607392266566238207,0.147137,0
607392266700455935,0.147588,0
607392266834673663,0.14955,0
607392266968891391,0.145355,0
607392267237326847,0.146523,0
607392267371544575,0.146686,0
607392267505762303,0.147281,0
607392267639980031,0.144744,0
607392267774197759,0.158289,0
607392267908415487,0.166276,0
607392268042633215,0.151917,0
607392268311068671,0.152988,0
607392268445286399,0.151564,0
607392268579504127,0.157265,0
607392268713721855,0.152238,0
607392268847939583,0.149442,0
607392268982157311,0.158207,0
607392269116375039,0.154796,0
607392269384810495,0.1875,0
607392269519028223,0.182237,0
607392269653245951,0.183426,0
607392269787463679,0.167094,0
607392269921681407,0.222243,0
607392270055899135,0.187554,0
607392270190116863,0.192805,0
607392270458552319,0.178753,0
607392270592770047,0.153766,0
607392270726987775,0.166075,0
607392270861205503,0.153594,0
607392270995423231,0.197238,0
607392271129640959,0.161784,0
607392271263858687,0.180434,0
607392271532294143,0.165026,0
607392271666511871,0.166793,0
607392271800729599,0.171215,0
607392271934947327,0.166929,0
607392272069165055,0.173194,0
607392272203382783,0.175069,0
607392272337600511,0.17366,0
607392282269712383,0.173313,0
607392282403930111,0.166172,0
607392282538147839,0.172204,0
607392282672365567,0.158634,0
607392282806583295,0.157748,0
607392282940801023,0.172547,0
607392283075018751,0.160611,0
607392283343454207,0.176739,0
607392283477671935,0.17417,0
607392283611889663,0.165368,0
607392283746107391,0.162651,0
607392283880325119,0.167906,0
607392284014542847,0.170159,0
607392284148760575,0.168616,0
607392284417196031,0.162104,0
607392284551413759,0.167313,0
607392284685631487,0.164169,0
607392284819849215,0.172381,0
607392284954066943,0.160399,0
607392285088284671,0.162625,0
607392285222502399,0.15067,0
607392285490937855,0.162043,0
607392285625155583,0.159101,0
607392285759373311,0.158501,0
607392285893591039,0.15151,0
607392286027808767,0.165142,0
607392286162026495,0.162646,0
607392286296244223,0.163946,0
607392286564679679,0.175085,0
607392286698897407,0.16394,0
607392286833115135,0.161435,0
607392286967332863,0.167468,0
607392287101550591,0.161471,0
607392287235768319,0.16843,0
607392287369986047,0.165266,0
607392287638421503,0.16287,0
607392287772639231,0.169878,0
607392287906856959,0.169346,0
607392288041074687,0.174808,0
607392288175292415,0.162168,0
607392288309510143,0.162076,0
607392288443727871,0.165796,0
607392288712163327,0.169525,0
607392288846381055,0.157008,0
607392288980598783,0.175117,0
607392289114816511,0.154482,0
607392289249034239,0.159354,0
607392289383251967,0.169714,0
607392289517469695,0.162832,0
607392290859646975,0.147972,0
607392290993864703,0.156005,0
607392291128082431,0.144291,0
607392291262300159,0.148906,0
607392291396517887,0.160653,0
607392291530735615,0.152583,0
607392291664953343,0.170952,0
607392291933388799,0.148553,0
607392292067606527,0.154817,0
607392292201824255,0.156057,0
607392292336041983,0.140823,0
607392292470259711,0.159302,0
607392292604477439,0.159204,0
607392292738695167,0.142498,0
607392293007130623,0.153195,0
607392293141348351,0.150652,0
607392293275566079,0.147211,0
607392293409783807,0.140767,0
607392293544001535,0.15425,0
607392293678219263,0.147032,0
607392293812436991,0.160906,0
607392294080872447,0.142895,0
607392294215090175,0.140371,0
607392294349307903,0.139866,0
607392294483525631,0.139197,0
607392294617743359,0.142373,0
607392294751961087,0.140284,0
607392294886178815,0.143348,0
607392295154614271,0.172776,0
607392295288831999,0.175056,0
607392295423049727,0.174671,0
607392295557267455,0.167219,0
607392295691485183,0.177665,0
607392295825702911,0.171578,0
607392295959920639,0.172897,0
607392296228356095,0.163218,0
607392296362573823,0.161306,0
607392296496791551,0.164137,0
607392296631009279,0.166752,0
607392296765227007,0.168464,0
607392296899444735,0.165405,0
607392297033662463,0.1687,0
607392297302097919,0.174774,0
607392297436315647,0.163717,0
607392297570533375,0.180876,0
607392297704751103,0.167082,0
607392297838968831,0.188566,0
607392297973186559,0.178182,0
607392298107404287,0.168581,0
607392299449581567,0.161278,0
607392299583799295,0.166026,0
607392299718017023,0.155323,0
607392299852234751,0.160223,0
607392299986452479,0.172029,0
607392300120670207,0.166171,0
607392300254887935,0.169406,0
607392300523323391,0.157562,0
607392300657541119,0.172317,0
607392300791758847,0.164305,0
607392300925976575,0.170706,0
607392301060194303,0.160591,0
607392301194412031,0.165756,0
607392301328629759,0.175499,0
607392301597065215,0.161028,0
607392301731282943,0.150795,0
607392301865500671,0.160527,0
607392301999718399,0.145341,0
607392302133936127,0.155081,0
607392302268153855,0.163719,0
607392302402371583,0.158672,0
607392302670807039,0.160378,0
607392302805024767,0.148936,0
607392302939242495,0.149247,0
607392303073460223,0.143849,0
607392303207677951,0.153126,0
607392303341895679,0.163979,0
607392303476113407,0.15198,0
607392303744548863,0.166248,0
607392303878766591,0.156235,0
607392304012984319,0.178504,0
607392304147202047,0.165296,0
607392304281419775,0.169279,0
607392304415637503,0.165269,0
607392304549855231,0.168449,0
607392304818290687,0.158561,0
607392304952508415,0.152758,0
607392305086726143,0.161208,0
607392305220943871,0.156883,0
607392305355161599,0.162661,0
607392305489379327,0.174458,0
607392305623597055,0.176723,0
607392305892032511,0.166215,0
607392306026250239,0.161618,0
607392306160467967,0.165045,0
607392306294685695,0.158477,0
607392306428903423,0.182998,0
607392306563121151,0.178321,0
607392306697338879,0.173928,0
607392308039516159,0.162881,0
607392308173733887,0.159352,0
607392308307951615,0.155919,0
607392308442169343,0.1524,0
607392308576387071,0.162352,0
607392308710604799,0.15748,0
607392308844822527,0.159624,0
607392309113257983,0.142913,0
607392309247475711,0.141041,0
607392309381693439,0.14953,0
607392309515911167,0.143503,0
607392309650128895,0.154583,0
607392309784346623,0.137495,0
607392309918564351,0.145939,0
607392310186999807,0.14764,0
607392310321217535,0.144657,0
607392310455435263,0.144621,0
607392310589652991,0.145709,0
607392310723870719,0.153494,0
607392310858088447,0.154571,0
607392310992306175,0.141998,0
607392311260741631,0.143219,0
607392311394959359,0.133063,0
607392311529177087,0.136633,0
607392311663394815,0.138919,0
607392311797612543,0.148809,0
607392311931830271,0.146624,0
607392312066047999,0.15131,0
607392312334483455,0.171867,0
607392312468701183,0.177076,0
607392312602918911,0.172664,0
607392312737136639,0.165983,0
607392312871354367,0.160742,0
607392313005572095,0.167551,0
607392313139789823,0.169262,0
607392313408225279,0.167825,0
607392313542443007,0.164636,0
607392313676660735,0.168321,0
607392313810878463,0.156733,0
607392313945096191,0.167011,0
607392314079313919,0.158176,0
607392314213531647,0.172029,0
607392314481967103,0.161686,0
607392314616184831,0.157298,0
607392314750402559,0.156388,0
607392314884620287,0.150298,0
607392315018838015,0.166345,0
607392315153055743,0.166565,0
607392315287273471,0.155709,0
607392316629450751,0.172991,0
607392316763668479,0.192137,0
607392316897886207,0.161143,0
607392317032103935,0.183201,0
607392317166321663,0.188236,0
607392317300539391,0.193717,0
607392317434757119,0.170763,0
607392317703192575,0.213101,0
607392317837410303,0.209143,0
607392317971628031,0.177896,0
607392318105845759,0.189148,0
607392318240063487,0.191326,0
607392318374281215,0.19865,0
607392318508498943,0.205758,0
607392318776934399,0.172054,0
607392318911152127,0.1667,0
607392319045369855,0.168759,0
607392319179587583,0.181964,0
607392319313805311,0.165597,0
607392319448023039,0.167225,0
607392319582240767,0.174209,0
607392319850676223,0.166195,0
607392319984893951,0.163528,0
607392320119111679,0.170004,0
607392320253329407,0.171769,0
607392320387547135,0.174767,0
607392320521764863,0.169113,0
607392320655982591,0.167471,0
607392320924418047,0.215696,0
607392321058635775,0.218879,0
607392321192853503,0.200196,0
607392321327071231,0.195379,0
607392321461288959,0.209181,0
607392321595506687,0.207423,0
607392321729724415,0.214365,0
607392321998159871,0.218949,0
607392322132377599,0.208951,0
607392322266595327,0.199071,0
607392322400813055,0.193696,0
607392322535030783,0.20107,0
607392322669248511,0.207919,0
607392322803466239,0.202952,0
607392323071901695,0.166755,0
607392323206119423,0.163386,0
607392323340337151,0.178116,0
607392323474554879,0.170137,0
607392323608772607,0.170201,0
607392323742990335,0.186726,0
607392323877208063,0.167993,0
607392325219385343,0.186463,0
607392325353603071,0.181302,0
607392325487820799,0.166193,0
607392325622038527,0.172966,0
607392325756256255,0.193007,0
607392325890473983,0.183326,0
607392326024691711,0.19676,0
607392326293127167,0.188532,0
607392326427344895,0.189028,0
607392326561562623,0.18113,0
607392326695780351,0.188778,0
607392326829998079,0.197241,0
607392326964215807,0.191449,0
607392327098433535,0.185566,0
607392327366868991,0.183159,0
607392327501086719,0.178433,0
607392327635304447,0.175465,0
607392327769522175,0.178884,0
607392327903739903,0.161174,0
607392328037957631,0.165048,0
607392328172175359,0.165716,0
607392328440610815,0.174578,0
607392328574828543,0.167368,0
607392328709046271,0.182758,0
607392328843263999,0.171659,0
607392328977481727,0.174953,0
607392329111699455,0.173348,0
607392329245917183,0.176954,0
607392329514352639,0.222351,0
607392329648570367,0.214627,0
607392329782788095,0.20273,0
607392329917005823,0.20188,0
607392330051223551,0.206081,0
607392330185441279,0.217739,0
607392330319659007,0.225827,0
607392330588094463,0.193904,0
607392330722312191,0.220507,0
607392330856529919,0.192462,0
607392330990747647,0.204077,0
607392331124965375,0.224765,0
607392331259183103,0.221603,0
607392331393400831,0.196661,0
607392331661836287,0.156492,0
607392331796054015,0.164748,0
607392331930271743,0.159354,0
607392332064489471,0.160997,0
607392332198707199,0.181514,0
607392332332924927,0.1885,0
607392332467142655,0.160508,0
607392333809319935,0.178331,0
607392333943537663,0.171261,0
607392334077755391,0.174181,0
607392334211973119,0.170374,0
607392334346190847,0.162977,0
607392334480408575,0.181894,0
607392334614626303,0.164103,0
607392334883061759,0.166586,0
607392335017279487,0.171231,0
607392335151497215,0.170104,0
607392335285714943,0.161091,0
607392335419932671,0.170708,0
607392335554150399,0.16891,0
607392335688368127,0.187223,0
607392335956803583,0.167506,0
607392336091021311,0.164122,0
607392336225239039,0.168599,0
607392336359456767,0.164237,0
607392336493674495,0.1659,0
607392336627892223,0.172547,0
607392336762109951,0.16621,0
607392337030545407,0.163976,0
607392337164763135,0.170726,0
607392337298980863,0.170126,0
607392337433198591,0.170609,0
607392337567416319,0.167477,0
607392337701634047,0.166458,0
607392337835851775,0.167692,0
607392338104287231,0.167348,0
607392338238504959,0.174833,0
607392338372722687,0.170486,0
607392338506940415,0.168653,0
607392338641158143,0.178689,0
607392338775375871,0.181491,0
607392338909593599,0.171421,0
607392339178029055,0.168948,0
607392339312246783,0.191154,0
607392339446464511,0.166554,0
607392339580682239,0.181351,0
607392339714899967,0.174717,0
607392339849117695,0.183056,0
607392339983335423,0.182496,0
607392340251770879,0.175494,0
607392340385988607,0.170767,0
607392340520206335,0.168767,0
607392340654424063,0.187795,0
607392340788641791,0.167757,0
607392340922859519,0.18263,0
607392341057077247,0.176952,0
607392350989189119,0.136495,0
607392351123406847,0.145194,0
607392351257624575,0.137104,0
607392351391842303,0.129892,0
607392351526060031,0.137949,0
607392351660277759,0.142495,0
607392351794495487,0.12012,0
607392352062930943,0.145157,0
607392352197148671,0.137017,0
607392352331366399,0.142237,0
607392352465584127,0.137527,0
607392352599801855,0.144185,0
607392352734019583,0.141659,0
607392352868237311,0.149314,0
607392353136672767,0.135368,0
607392353270890495,0.135902,0
607392353405108223,0.128589,0
607392353539325951,0.137613,0
607392353673543679,0.132769,0
607392353807761407,0.131496,0
607392353941979135,0.124239,0
607392354210414591,0.144971,0
607392354344632319,0.139226,0
607392354478850047,0.129488,0
607392354613067775,0.123833,0
607392354747285503,0.136664,0
607392354881503231,0.145323,0
607392355015720959,0.142549,0
607392355284156415,0.136913,0
607392355418374143,0.129777,0
607392355552591871,0.128036,0
607392355686809599,0.123957,0
607392355821027327,0.13886,0
607392355955245055,0.138407,0
607392356089462783,0.133332,0
607392356357898239,0.134021,0
607392356492115967,0.136287,0
607392356626333695,0.137395,0
607392356760551423,0.140955,0
607392356894769151,0.134261,0
607392357028986879,0.136796,0
607392357163204607,0.138573,0
607392357431640063,0.123824,0
607392357565857791,0.118404,0
607392357700075519,0.122566,0
607392357834293247,0.108352,0
607392357968510975,0.129211,0
607392358102728703,0.123503,0
607392358236946431,0.139185,0
607392359579123711,0.141661,0
607392359713341439,0.139687,0
607392359847559167,0.139988,0
607392359981776895,0.135559,0
607392360115994623,0.153776,0
607392360250212351,0.145489,0
607392360384430079,0.146362,0
607392360652865535,0.13529,0
607392360787083263,0.129606,0
607392360921300991,0.136725,0
607392361055518719,0.137754,0
607392361189736447,0.124008,0
607392361323954175,0.141317,0
607392361458171903,0.137087,0
607392361726607359,0.134063,0
607392361860825087,0.131584,0
607392361995042815,0.125018,0
607392362129260543,0.123334,0
607392362263478271,0.133363,0
607392362397695999,0.135894,0
607392362531913727,0.124316,0
607392362800349183,0.137427,0
607392362934566911,0.122311,0
607392363068784639,0.125336,0
607392363203002367,0.121789,0
607392363337220095,0.140591,0
607392363471437823,0.135091,0
607392363605655551,0.125979,0
607392363874091007,0.136341,0
607392364008308735,0.132589,0
607392364142526463,0.144381,0
607392364276744191,0.149333,0
607392364410961919,0.130847,0
607392364545179647,0.130211,0
607392364679397375,0.132347,0
607392364947832831,0.132185,0
607392365082050559,0.129428,0
607392365216268287,0.136561,0
607392365350486015,0.128858,0
607392365484703743,0.13949,0
607392365618921471,0.130026,0
607392365753139199,0.133059,0
607392366021574655,0.140767,0
607392366155792383,0.140157,0
607392366290010111,0.136923,0
607392366424227839,0.142409,0
607392366558445567,0.146164,0
607392366692663295,0.146891,0
607392366826881023,0.140621,0
607392368169058303,0.1195,0
607392368303276031,0.114515,0
607392368437493759,0.126279,0
607392368571711487,0.11661,0
607392368705929215,0.116714,0
607392368840146943,0.124167,0
607392368974364671,0.109022,0
607392369242800127,0.122096,0
607392369377017855,0.124863,0
607392369511235583,0.125877,0
607392369645453311,0.127204,0
607392369779671039,0.128093,0
607392369913888767,0.134458,0
607392370048106495,0.117419,0
607392370316541951,0.100749,0
607392370450759679,0.0937865,0
607392370584977407,0.0986209,0
607392370719195135,0.0928506,0
607392370853412863,0.10703,0
607392370987630591,0.116201,0
607392371121848319,0.0980422,0
607392371390283775,0.114764,0
607392371524501503,0.106751,0
607392371658719231,0.100599,0
607392371792936959,0.103579,0
607392371927154687,0.128652,0
607392372061372415,0.12223,0
607392372195590143,0.118574,0
607392372464025599,0.102444,0
607392372598243327,0.113763,0
607392372732461055,0.103626,0
607392372866678783,0.112358,0
607392373000896511,0.110486,0
607392373135114239,0.109876,0
607392373269331967,0.107718,0
607392373537767423,0.12595,0
607392373671985151,0.122772,0
607392373806202879,0.123023,0
607392373940420607,0.120758,0
607392374074638335,0.120087,0
607392374208856063,0.113753,0
607392374343073791,0.122825,0
607392374611509247,0.10081,0
607392374745726975,0.108385,0
607392374879944703,0.093299,0
607392375014162431,0.0983019,0
607392375148380159,0.108673,0
607392375282597887,0.10951,0
607392375416815615,0.107938,0
607392376758992895,0.113971,0
607392376893210623,0.1004,0
607392377027428351,0.0995995,0
607392377161646079,0.0984646,0
607392377295863807,0.127169,0
607392377430081535,0.123236,0
607392377564299263,0.120258,0
607392377832734719,0.110515,0
607392377966952447,0.110517,0
607392378101170175,0.108079,0
607392378235387903,0.100498,0
607392378369605631,0.12516,0
607392378503823359,0.118812,0
607392378638041087,0.120754,0
607392378906476543,0.0954598,0
607392379040694271,0.0993375,0
607392379174911999,0.087913,0
607392379309129727,0.101916,0
607392379443347455,0.0991099,0
607392379577565183,0.0951454,0
607392379711782911,0.0915812,0
607392379980218367,0.103305,0
607392380114436095,0.109266,0
607392380248653823,0.102326,0
607392380382871551,0.10249,0
607392380517089279,0.10736,0
607392380651307007,0.111189,0
607392380785524735,0.0978859,0
607392381053960191,0.119314,0
607392381188177919,0.123356,0
607392381322395647,0.129017,0
607392381456613375,0.118664,0
607392381590831103,0.126391,0
607392381725048831,0.123421,0
607392381859266559,0.122304,0
607392382127702015,0.127448,0
607392382261919743,0.123991,0
607392382396137471,0.12312,0
607392382530355199,0.122452,0
607392382664572927,0.124823,0
607392382798790655,0.131111,0
607392382933008383,0.116977,0
607392383201443839,0.11585,0
607392383335661567,0.10492,0
607392383469879295,0.111611,0
607392383604097023,0.102489,0
607392383738314751,0.119835,0
607392383872532479,0.113722,0
607392384006750207,0.119295,0
607392385348927487,0.143402,0
607392385483145215,0.162015,0
607392385617362943,0.126927,0
607392385751580671,0.136257,0
607392385885798399,0.128624,0
607392386020016127,0.144953,0
607392386154233855,0.138223,0
607392386422669311,0.142124,0
607392386556887039,0.131994,0
607392386691104767,0.144459,0
607392386825322495,0.132423,0
607392386959540223,0.137981,0
607392387093757951,0.135143,0
607392387227975679,0.144546,0
607392387496411135,0.127575,0
607392387630628863,0.13159,0
607392387764846591,0.131133,0
607392387899064319,0.132367,0
607392388033282047,0.126649,0
607392388167499775,0.121918,0
607392388301717503,0.133428,0
607392388570152959,0.12954,0
607392388704370687,0.122871,0
607392388838588415,0.134056,0
607392388972806143,0.128256,0
607392389107023871,0.135636,0
607392389241241599,0.1275,0
607392389375459327,0.127319,0
607392389643894783,0.139868,0
607392389778112511,0.137744,0
607392389912330239,0.14027,0
607392390046547967,0.146715,0
607392390180765695,0.136594,0
607392390314983423,0.138887,0
607392390449201151,0.145663,0
607392390717636607,0.13538,0
607392390851854335,0.139508,0
607392390986072063,0.136878,0
607392391120289791,0.140338,0
607392391254507519,0.133124,0
607392391388725247,0.124836,0
607392391522942975,0.137222,0
607392391791378431,0.136065,0
607392391925596159,0.135754,0
607392392059813887,0.126629,0
607392392194031615,0.133452,0
607392392328249343,0.138765,0
607392392462467071,0.138703,0
607392392596684799,0.137664,0
607392393938862079,0.136109,0
607392394073079807,0.137757,0
607392394207297535,0.137405,0
607392394341515263,0.144592,0
607392394475732991,0.131485,0
607392394609950719,0.130915,0
607392394744168447,0.129218,0
607392395012603903,0.129828,0
607392395146821631,0.131506,0
607392395281039359,0.133533,0
607392395415257087,0.130088,0
607392395549474815,0.13044,0
607392395683692543,0.13488,0
607392395817910271,0.135597,0
607392396086345727,0.144856,0
607392396220563455,0.150436,0
607392396354781183,0.135171,0
607392396488998911,0.146943,0
607392396623216639,0.134265,0
607392396757434367,0.135463,0
607392396891652095,0.133406,0
607392397160087551,0.127047,0
607392397294305279,0.128188,0
607392397428523007,0.126237,0
607392397562740735,0.128945,0
607392397696958463,0.139444,0
607392397831176191,0.131973,0
607392397965393919,0.128666,0
607392398233829375,0.121651,0
607392398368047103,0.124598,0
607392398502264831,0.126931,0
607392398636482559,0.125649,0
607392398770700287,0.12497,0
607392398904918015,0.118353,0
607392399039135743,0.13093,0
607392399307571199,0.129708,0
607392399441788927,0.131001,0
607392399576006655,0.136414,0
607392399710224383,0.129745,0
607392399844442111,0.122679,0
607392399978659839,0.12144,0
607392400112877567,0.129483,0
607392400381313023,0.128304,0
607392400515530751,0.127791,0
607392400649748479,0.132486,0
607392400783966207,0.130979,0
607392400918183935,0.128945,0
607392401052401663,0.132245,0
607392401186619391,0.130592,0
607392402528796671,0.131324,0
607392402663014399,0.125596,0
607392402797232127,0.121348,0
607392402931449855,0.131962,0
607392403065667583,0.127925,0
607392403199885311,0.131263,0
607392403334103039,0.135839,0
607392403602538495,0.12897,0
607392403736756223,0.128798,0
607392403870973951,0.127853,0
607392404005191679,0.130426,0
607392404139409407,0.128842,0
607392404273627135,0.124989,0
607392404407844863,0.129193,0
607392404676280319,0.116526,0
607392404810498047,0.115675,0
607392404944715775,0.109586,0
607392405078933503,0.114099,0
607392405213151231,0.127927,0
607392405347368959,0.118782,0
607392405481586687,0.115253,0
607392405750022143,0.115662,0
607392405884239871,0.121266,0
607392406018457599,0.111102,0
607392406152675327,0.121215,0
607392406286893055,0.124998,0
607392406421110783,0.124145,0
607392406555328511,0.116502,0
607392406823763967,0.132938,0
607392406957981695,0.13417,0
607392407092199423,0.134335,0
607392407226417151,0.129423,0
607392407360634879,0.132248,0
607392407494852607,0.135144,0
607392407629070335,0.13039,0
607392407897505791,0.133669,0
607392408031723519,0.131915,0
607392408165941247,0.133603,0
607392408300158975,0.135225,0
607392408434376703,0.129688,0
607392408568594431,0.130004,0
607392408702812159,0.140891,0
607392408971247615,0.117263,0
607392409105465343,0.135423,0
607392409239683071,0.110002,0
607392409373900799,0.116493,0
607392409508118527,0.131543,0
607392409642336255,0.136461,0
607392409776553983,0.111891,0
607392419708665855,0.121235,0
607392419842883583,0.12192,0
607392419977101311,0.120126,0
607392420111319039,0.120226,0
607392420245536767,0.136547,0
607392420379754495,0.118184,0
607392420513972223,0.116553,0
607392420782407679,0.122601,0
607392420916625407,0.139076,0
607392421050843135,0.129521,0
607392421185060863,0.125088,0
607392421319278591,0.13354,0
607392421453496319,0.136296,0
607392421587714047,0.125748,0
607392421856149503,0.118516,0
607392421990367231,0.122911,0
607392422124584959,0.112706,0
607392422258802687,0.120926,0
607392422393020415,0.120946,0
607392422527238143,0.119804,0
607392422661455871,0.118901,0
607392422929891327,0.120651,0
607392423064109055,0.125553,0
607392423198326783,0.128886,0
607392423332544511,0.117376,0
607392423466762239,0.132577,0
607392423600979967,0.130988,0
607392423735197695,0.116105,0
607392424003633151,0.123579,0
607392424137850879,0.119993,0
607392424272068607,0.125153,0
607392424406286335,0.114659,0
607392424540504063,0.138584,0
607392424674721791,0.123923,0
607392424808939519,0.13656,0
607392425077374975,0.130313,0
607392425211592703,0.126425,0
607392425345810431,0.135293,0
607392425480028159,0.12615,0
607392425614245887,0.143272,0
607392425748463615,0.126548,0
607392425882681343,0.122819,0
607392426151116799,0.115219,0
607392426285334527,0.119889,0
607392426419552255,0.111952,0
607392426553769983,0.118412,0
607392426687987711,0.12117,0
607392426822205439,0.115011,0
607392426956423167,0.119401,0
607392428298600447,0.128021,0
607392428432818175,0.118121,0
607392428567035903,0.120667,0
607392428701253631,0.11419,0
607392428835471359,0.130448,0
607392428969689087,0.114981,0
607392429103906815,0.136759,0
607392429372342271,0.118209,0
607392429506559999,0.125025,0
607392429640777727,0.108668,0
607392429774995455,0.0992078,0
607392429909213183,0.11485,0
607392430043430911,0.114355,0
607392430177648639,0.121668,0
607392430446084095,0.115182,0
607392430580301823,0.117336,0
607392430714519551,0.110553,0
607392430848737279,0.114826,0
607392430982955007,0.122683,0
607392431117172735,0.105841,0
607392431251390463,0.122066,0
607392431519825919,0.10736,0
607392431654043647,0.116386,0
607392431788261375,0.109069,0
607392431922479103,0.105051,0
607392432056696831,0.107882,0
607392432190914559,0.0989135,0
607392432325132287,0.112297,0
607392432593567743,0.140023,0
607392432727785471,0.141977,0
607392432862003199,0.143874,0
607392432996220927,0.148892,0
607392433130438655,0.143855,0
607392433264656383,0.14395,0
607392433398874111,0.133917,0
607392433667309567,0.125867,0
607392433801527295,0.127968,0
607392433935745023,0.124037,0
607392434069962751,0.126216,0
607392434204180479,0.126963,0
607392434338398207,0.115748,0
607392434472615935,0.138444,0
607392434741051391,0.136115,0
607392434875269119,0.135167,0
607392435009486847,0.131334,0
607392435143704575,0.133163,0
607392435277922303,0.125543,0
607392435412140031,0.136679,0
607392435546357759,0.132743,0
607392436888535039,0.116052,0
607392437022752767,0.107673,0
607392437156970495,0.107407,0
607392437291188223,0.119652,0
607392437425405951,0.124678,0
607392437559623679,0.0993783,0
607392437693841407,0.114859,0
607392437962276863,0.1073,0
607392438096494591,0.114933,0
607392438230712319,0.111882,0
607392438364930047,0.117826,0
607392438499147775,0.111791,0
607392438633365503,0.116501,0
607392438767583231,0.102713,0
607392439036018687,0.0920582,0
607392439170236415,0.105341,0
607392439304454143,0.0944539,0
607392439438671871,0.103274,0
607392439572889599,0.101941,0
607392439707107327,0.0973618,0
607392439841325055,0.105011,0
607392440109760511,0.117664,0
607392440243978239,0.110768,0
607392440378195967,0.109914,0
607392440512413695,0.103569,0
607392440646631423,0.117326,0
607392440780849151,0.122966,0
607392440915066879,0.112659,0
607392441183502335,0.125622,0
607392441317720063,0.136314,0
607392441451937791,0.143476,0
607392441586155519,0.115079,0
607392441720373247,0.140333,0
607392441854590975,0.144861,0
607392441988808703,0.143976,0
607392442257244159,0.103194,0
607392442391461887,0.111748,0
607392442525679615,0.115315,0
607392442659897343,0.111745,0
607392442794115071,0.11441,0
607392442928332799,0.104836,0
607392443062550527,0.122193,0
607392443330985983,0.116756,0
607392443465203711,0.118732,0
607392443599421439,0.117253,0
607392443733639167,0.11031,0
607392443867856895,0.13347,0
607392444002074623,0.115362,0
607392444136292351,0.12577,0
607392445478469631,0.120574,0
607392445612687359,0.111528,0
607392445746905087,0.129317,0
607392445881122815,0.123035,0
607392446015340543,0.115808,0
607392446149558271,0.121309,0
607392446283775999,0.122981,0
607392446552211455,0.114144,0
607392446686429183,0.112439,0
607392446820646911,0.103234,0
607392446954864639,0.114168,0
607392447089082367,0.110352,0
607392447223300095,0.105187,0
607392447357517823,0.111721,0
607392447625953279,0.109972,0
607392447760171007,0.111676,0
607392447894388735,0.110676,0
607392448028606463,0.104416,0
607392448162824191,0.11157,0
607392448297041919,0.11857,0
607392448431259647,0.114786,0
607392448699695103,0.108881,0
607392448833912831,0.119836,0
607392448968130559,0.113751,0
607392449102348287,0.111503,0
607392449236566015,0.113304,0
607392449370783743,0.110354,0
607392449505001471,0.11547,0
607392449773436927,0.110761,0
607392449907654655,0.11607,0
607392450041872383,0.118997,0
607392450176090111,0.114899,0
607392450310307839,0.119421,0
607392450444525567,0.118225,0
607392450578743295,0.112226,0
607392450847178751,0.112912,0
607392450981396479,0.119256,0
607392451115614207,0.126346,0
607392451249831935,0.125193,0
607392451384049663,0.115543,0
607392451518267391,0.121837,0
607392451652485119,0.114853,0
607392451920920575,0.115229,0
607392452055138303,0.119057,0
607392452189356031,0.123746,0
607392452323573759,0.115244,0
607392452457791487,0.125761,0
607392452592009215,0.116209,0
607392452726226943,0.114131,0
607392454068404223,0.160587,0
607392454202621951,0.141936,0
607392454336839679,0.160673,0
607392454471057407,0.152982,0
607392454605275135,0.157001,0
607392454739492863,0.147841,0
607392454873710591,0.154166,0
607392455142146047,0.139878,0
607392455276363775,0.12936,0
607392455410581503,0.137779,0
607392455544799231,0.129465,0
607392455679016959,0.150029,0
607392455813234687,0.147513,0
607392455947452415,0.139018,0
607392456215887871,0.152018,0
607392456350105599,0.142604,0
607392456484323327,0.149219,0
607392456618541055,0.142664,0
607392456752758783,0.160267,0
607392456886976511,0.157344,0
607392457021194239,0.153131,0
607392457289629695,0.135122,0
607392457423847423,0.126601,0
607392457558065151,0.137043,0
607392457692282879,0.124993,0
607392457826500607,0.143119,0
607392457960718335,0.133142,0
607392458094936063,0.148082,0
607392458363371519,0.160218,0
607392458497589247,0.158988,0
607392458631806975,0.159778,0
607392458766024703,0.146943,0
607392458900242431,0.163703,0
607392459034460159,0.160845,0
607392459168677887,0.15359,0
607392459437113343,0.161382,0
607392459571331071,0.159129,0
607392459705548799,0.164817,0
607392459839766527,0.156924,0
607392459973984255,0.157729,0
607392460108201983,0.158278,0
607392460242419711,0.159924,0
607392460510855167,0.155673,0
607392460645072895,0.157798,0
607392460779290623,0.159374,0
607392460913508351,0.158936,0
607392461047726079,0.157965,0
607392461181943807,0.153811,0
607392461316161535,0.160244,0
607392462658338815,0.133512,0
607392462792556543,0.129991,0
607392462926774271,0.141875,0
607392463060991999,0.134876,0
607392463195209727,0.139324,0
607392463329427455,0.139172,0
607392463463645183,0.129928,0
607392463732080639,0.137727,0
607392463866298367,0.135054,0
607392464000516095,0.142037,0
607392464134733823,0.140795,0
607392464268951551,0.140147,0
607392464403169279,0.14149,0
607392464537387007,0.131515,0
607392464805822463,0.140602,0
607392464940040191,0.134632,0
607392465074257919,0.141595,0
607392465208475647,0.134559,0
607392465342693375,0.135907,0
607392465476911103,0.139242,0
607392465611128831,0.134701,0
607392465879564287,0.142869,0
607392466013782015,0.143539,0
607392466147999743,0.146563,0
607392466282217471,0.143543,0
607392466416435199,0.147359,0
607392466550652927,0.145083,0
607392466684870655,0.133512,0
607392466953306111,0.149266,0
607392467087523839,0.139123,0
607392467221741567,0.140149,0
607392467355959295,0.136767,0
607392467490177023,0.146122,0
607392467624394751,0.15103,0
607392467758612479,0.135663,0
607392468027047935,0.135087,0
607392468161265663,0.141498,0
607392468295483391,0.142361,0
607392468429701119,0.136026,0
607392468563918847,0.144252,0
607392468698136575,0.143367,0
607392468832354303,0.147645,0
607392469100789759,0.137286,0
607392469235007487,0.128347,0
607392469369225215,0.139523,0
607392469503442943,0.126678,0
607392469637660671,0.143852,0
607392469771878399,0.133162,0
607392469906096127,0.137034,0
607392471248273407,0.141949,0
607392471382491135,0.153651,0
607392471516708863,0.137457,0
607392471650926591,0.159491,0
607392471785144319,0.138087,0
607392471919362047,0.155744,0
607392472053579775,0.128829,0
607392472322015231,0.137881,0
607392472456232959,0.130299,0
607392472590450687,0.138187,0
607392472724668415,0.132146,0
607392472858886143,0.157658,0
607392472993103871,0.143243,0
607392473127321599,0.155866,0
607392473395757055,0.140035,0
607392473529974783,0.132688,0
607392473664192511,0.124462,0
607392473798410239,0.141901,0
607392473932627967,0.125994,0
607392474066845695,0.138431,0
607392474201063423,0.123916,0
607392474469498879,0.143237,0
607392474603716607,0.119567,0
607392474737934335,0.151528,0
607392474872152063,0.131713,0
607392475006369791,0.150901,0
607392475140587519,0.131656,0
607392475274805247,0.153544,0
607392475543240703,0.151983,0
607392475677458431,0.14518,0
607392475811676159,0.147502,0
607392475945893887,0.140131,0
607392476080111615,0.161724,0
607392476214329343,0.155758,0
607392476348547071,0.140328,0
607392476616982527,0.148767,0
607392476751200255,0.160042,0
607392476885417983,0.141288,0
607392477019635711,0.156452,0
607392477153853439,0.157811,0
607392477288071167,0.159849,0
607392477422288895,0.14137,0
607392477690724351,0.140874,0
607392477824942079,0.13694,0
607392477959159807,0.138046,0
607392478093377535,0.129751,0
607392478227595263,0.142273,0
607392478361812991,0.140978,0
607392478496030719,0.127844,0
607392488428142591,0.314973,0
607392488562360319,0.295675,0
607392488696578047,0.302397,0
607392488830795775,0.296114,0
607392488965013503,0.323215,0
607392489099231231,0.319555,0
607392489233448959,0.309079,0
607392489501884415,0.303796,0
607392489636102143,0.322621,0
607392489770319871,0.295274,0
607392489904537599,0.304547,0
607392490038755327,0.329314,0
607392490172973055,0.311049,0
607392490307190783,0.31115,0
607392490575626239,0.294434,0
607392490709843967,0.276882,0
607392490844061695,0.278962,0
607392490978279423,0.263774,0
607392491112497151,0.295575,0
607392491246714879,0.297163,0
607392491380932607,0.286318,0
607392491649368063,0.284312,0
607392491783585791,0.296153,0
607392491917803519,0.28693,0
607392492052021247,0.283938,0
607392492186238975,0.296111,0
607392492320456703,0.286558,0
607392492454674431,0.291206,0
607392492723109887,0.36393,0
607392492857327615,0.331226,0
607392492991545343,0.365968,0
607392493125763071,0.332665,0
607392493259980799,0.377689,0
607392493394198527,0.361683,0
607392493528416255,0.393394,0
607392493796851711,0.34907,0
607392493931069439,0.355057,0
607392494065287167,0.335334,0
607392494199504895,0.329251,0
607392494333722623,0.358351,0
607392494467940351,0.354097,0
607392494602158079,0.350499,0
607392494870593535,0.329986,0
607392495004811263,0.298445,0
607392495139028991,0.33324,0
607392495273246719,0.297902,0
607392495407464447,0.364112,0
607392495541682175,0.334978,0
607392495675899903,0.350916,0
607392497018077183,0.235526,0
607392497152294911,0.24228,0
607392497286512639,0.233654,0
607392497420730367,0.218465,0
607392497554948095,0.256703,0
607392497689165823,0.24295,0
607392497823383551,0.269823,0
607392498091819007,0.251128,0
607392498226036735,0.236019,0
607392498360254463,0.239799,0
607392498494472191,0.230103,0
607392498628689919,0.254216,0
607392498762907647,0.246178,0
607392498897125375,0.247305,0
607392499165560831,0.223515,0
607392499299778559,0.24188,0
607392499433996287,0.232815,0
607392499568214015,0.235044,0
607392499702431743,0.257089,0
607392499836649471,0.249946,0
607392499970867199,0.231139,0
607392500239302655,0.237824,0
607392500373520383,0.222673,0
607392500507738111,0.242943,0
607392500641955839,0.197697,0
607392500776173567,0.224105,0
607392500910391295,0.217803,0
607392501044609023,0.246456,0
607392501313044479,0.286697,0
607392501447262207,0.272419,0
607392501581479935,0.308019,0
607392501715697663,0.279824,0
607392501849915391,0.348762,0
607392501984133119,0.305038,0
607392502118350847,0.331475,0
607392502386786303,0.2752,0
607392502521004031,0.274172,0
607392502655221759,0.262884,0
607392502789439487,0.257908,0
607392502923657215,0.285742,0
607392503057874943,0.281929,0
607392503192092671,0.285745,0
607392503460528127,0.254695,0
607392503594745855,0.236991,0
607392503728963583,0.254849,0
607392503863181311,0.246883,0
607392503997399039,0.302313,0
607392504131616767,0.292725,0
607392504265834495,0.284241,0
607392505608011775,0.266758,0
607392505742229503,0.267086,0
607392505876447231,0.27854,0
607392506010664959,0.266629,0
607392506144882687,0.283996,0
607392506279100415,0.275273,0
607392506413318143,0.276278,0
607392506681753599,0.264025,0
607392506815971327,0.2388,0
607392506950189055,0.270963,0
607392507084406783,0.246566,0
607392507218624511,0.269284,0
607392507352842239,0.252014,0
607392507487059967,0.267546,0
607392507755495423,0.405295,0
607392507889713151,0.416363,0
607392508023930879,0.274854,0
607392508158148607,0.221989,0
607392508292366335,0.40978,0
607392508426584063,0.436376,0
607392508560801791,0.393189,0
607392508829237247,0.249713,0
607392508963454975,0.228704,0
607392509097672703,0.23238,0
607392509231890431,0.244683,0
607392509366108159,0.258448,0
607392509500325887,0.264414,0
607392509634543615,0.263123,0
607392509902979071,0.316049,0
607392510037196799,0.295941,0
607392510171414527,0.344709,0
607392510305632255,0.2998,0
607392510439849983,0.373059,0
607392510574067711,0.334924,0
607392510708285439,0.337688,0
607392510976720895,0.287807,0
607392511110938623,0.274838,0
607392511245156351,0.278703,0
607392511379374079,0.272485,0
607392511513591807,0.314148,0
607392511647809535,0.291611,0
607392511782027263,0.310612,0
607392512050462719,0.279566,0
607392512184680447,0.284264,0
607392512318898175,0.267082,0
607392512453115903,0.326692,0
607392512587333631,0.337656,0
607392512721551359,0.325279,0
607392512855769087,0.285033,0
607392514197946367,0.25032,0
607392514332164095,0.222623,0
607392514466381823,0.252612,0
607392514600599551,0.328897,0
607392514734817279,0.232126,0
607392514869035007,0.223756,0
607392515003252735,0.22336,0
607392515271688191,0.200784,0
607392515405905919,0.194947,0
607392515540123647,0.229987,0
607392515674341375,0.194747,0
607392515808559103,0.235533,0
607392515942776831,0.190614,0
607392516076994559,0.2401,0
607392516345430015,0.23383,0
607392516479647743,0.219297,0
607392516613865471,0.251443,0
607392516748083199,0.216146,0
607392516882300927,0.234828,0
607392517016518655,0.23924,0
607392517150736383,0.243664,0
607392517419171839,0.215734,0
607392517553389567,0.181055,0
607392517687607295,0.222463,0
607392517821825023,0.194504,0
607392517956042751,0.247191,0
607392518090260479,0.194183,0
607392518224478207,0.240847,0
607392518492913663,0.2539,0
607392518627131391,0.244763,0
607392518761349119,0.245177,0
607392518895566847,0.23826,0
607392519029784575,0.26956,0
607392519164002303,0.27652,0
607392519298220031,0.250358,0
607392519566655487,0.237991,0
607392519700873215,0.226992,0
607392519835090943,0.259641,0
607392519969308671,0.243457,0
607392520103526399,0.263929,0
607392520237744127,0.23998,0
607392520371961855,0.256553,0
607392520640397311,0.239074,0
607392520774615039,0.238432,0
607392520908832767,0.244616,0
607392521043050495,0.234493,0
607392521177268223,0.234417,0
607392521311485951,0.243452,0
607392521445703679,0.233451,0
607392522787880959,0.442712,0
607392522922098687,0.41576,0
607392523056316415,0.45016,0
607392523190534143,0.41789,0
607392523324751871,0.454802,0
607392523458969599,0.43638,0
607392523593187327,0.461197,0
607392523861622783,0.398822,0
607392523995840511,0.392983,0
607392524130058239,0.404356,0
607392524264275967,0.383474,0
607392524398493695,0.433214,0
607392524532711423,0.41262,0
607392524666929151,0.415138,0
607392524935364607,0.413854,0
607392525069582335,0.38815,0
607392525203800063,0.426313,0
607392525338017791,0.402046,0
607392525472235519,0.436331,0
607392525606453247,0.419381,0
607392525740670975,0.450935,0
607392526009106431,0.371871,0
607392526143324159,0.365557,0
607392526277541887,0.384524,0
607392526411759615,0.363557,0
607392526545977343,0.417257,0
607392526680195071,0.393235,0
607392526814412799,0.392551,0
607392527082848255,0.479981,0
607392527217065983,0.461089,0
607392527351283711,0.471507,0
607392527485501439,0.470949,0
607392527619719167,0.479309,0
607392527753936895,0.48002,0
607392527888154623,0.485906,0
607392528156590079,0.453557,0
607392528290807807,0.413744,0
607392528425025535,0.4519,0
607392528559243263,0.427983,0
607392528693460991,0.454963,0
607392528827678719,0.450923,0
607392528961896447,0.468716,0
607392529230331903,0.478796,0
607392529364549631,0.454858,0
607392529498767359,0.469289,0
607392529632985087,0.482152,0
607392529767202815,0.486783,0
607392529901420543,0.47346,0
607392530035638271,0.510859,0
607392531377815551,0.366432,0
607392531512033279,0.353202,0
607392531646251007,0.353111,0
607392531780468735,0.345698,0
607392531914686463,0.39078,0
607392532048904191,0.379207,0
607392532183121919,0.375619,0
607392532451557375,0.378156,0
607392532585775103,0.381229,0
607392532719992831,0.339002,0
607392532854210559,0.32824,0
607392532988428287,0.400166,0
607392533122646015,0.387531,0
607392533256863743,0.378844,0
607392533525299199,0.339475,0
607392533659516927,0.331616,0
607392533793734655,0.332409,0
607392533927952383,0.329905,0
607392534062170111,0.362432,0
607392534196387839,0.347094,0
607392534330605567,0.354578,0
607392534599041023,0.331062,0
607392534733258751,0.303115,0
607392534867476479,0.315247,0
607392535001694207,0.288717,0
607392535135911935,0.335195,0
607392535270129663,0.311472,0
607392535404347391,0.331617,0
607392535672782847,0.404972,0
607392535807000575,0.420904,0
607392535941218303,0.402129,0
607392536075436031,0.400575,0
607392536209653759,0.402905,0
607392536343871487,0.418445,0
607392536478089215,0.410529,0
607392536746524671,0.403765,0
607392536880742399,0.420887,0
607392537014960127,0.417462,0
607392537149177855,0.41362,0
607392537283395583,0.383902,0
607392537417613311,0.390354,0
607392537551831039,0.405378,0
607392537820266495,0.369927,0
607392537954484223,0.367472,0
607392538088701951,0.365481,0
607392538222919679,0.352326,0
607392538357137407,0.39248,0
607392538491355135,0.381256,0
607392538625572863,0.381097,0
607392539967750143,0.434476,0
607392540101967871,0.392559,0
607392540236185599,0.428969,0
607392540370403327,0.414593,0
607392540504621055,0.443659,0
607392540638838783,0.417467,0
607392540773056511,0.440894,0
607392541041491967,0.394721,0
607392541175709695,0.38107,0
607392541309927423,0.373186,0
607392541444145151,0.367442,0
607392541578362879,0.418038,0
607392541712580607,0.415329,0
607392541846798335,0.405235,0
607392542115233791,0.368692,0
607392542249451519,0.38164,0
607392542383669247,0.346597,0
607392542517886975,0.346504,0
607392542652104703,0.412692,0
607392542786322431,0.386876,0
607392542920540159,0.400408,0
607392543188975615,0.368139,0
607392543323193343,0.351828,0
607392543457411071,0.356123,0
607392543591628799,0.338508,0
607392543725846527,0.38364,0
607392543860064255,0.373929,0
607392543994281983,0.378658,0
607392544262717439,0.532828,0
607392544396935167,0.468623,0
607392544531152895,0.481635,0
607392544665370623,0.479767,0
607392544799588351,0.516801,0
607392544933806079,0.504269,0
607392545068023807,0.855453,0
607392545336459263,0.442188,0
607392545470676991,0.448421,0
607392545604894719,0.458165,0
607392545739112447,0.42696,0
607392545873330175,0.450701,0
607392546007547903,0.46887,0
607392546141765631,0.466178,0
607392546410201087,0.446531,0
607392546544418815,0.463981,0
607392546678636543,0.44316,0
607392546812854271,0.474063,0
607392546947071999,0.509496,0
607392547081289727,0.459103,0
607392547215507455,0.790997,0
607392557147619327,0.2554,0
607392557281837055,0.2569,0
607392557416054783,0.261812,0
607392557550272511,0.245644,0
607392557684490239,0.266753,0
607392557818707967,0.251234,0
607392557952925695,0.253689,0
607392558221361151,0.25807,0
607392558355578879,0.250476,0
607392558489796607,0.25261,0
607392558624014335,0.25527,0
607392558758232063,0.23404,0
607392558892449791,0.242194,0
607392559026667519,0.253853,0
607392559295102975,0.222951,0
607392559429320703,0.209802,0
607392559563538431,0.20382,0
607392559697756159,0.198496,0
607392559831973887,0.235768,0
607392559966191615,0.228392,0
607392560100409343,0.223583,0
607392560368844799,0.225022,0
607392560503062527,0.221156,0
607392560637280255,0.210221,0
607392560771497983,0.213587,0
607392560905715711,0.242215,0
607392561039933439,0.247026,0
607392561174151167,0.230693,0
607392561442586623,0.272933,0
607392561576804351,0.261972,0
607392561711022079,0.281272,0
607392561845239807,0.276489,0
607392561979457535,0.271234,0
607392562113675263,0.26533,0
607392562247892991,0.280221,0
607392562516328447,0.251319,0
607392562650546175,0.24288,0
607392562784763903,0.248438,0
607392562918981631,0.264809,0
607392563053199359,0.244703,0
607392563187417087,0.244432,0
607392563321634815,0.260287,0
607392563590070271,0.256851,0
607392563724287999,0.257192,0
607392563858505727,0.23444,0
607392563992723455,0.25174,0
607392564126941183,0.283403,0
607392564261158911,0.267348,0
607392564395376639,0.269773,0
607392565737553919,0.254443,0
607392565871771647,0.251298,0
607392566005989375,0.244879,0
607392566140207103,0.242222,0
607392566274424831,0.238038,0
607392566408642559,0.232569,0
607392566542860287,0.260985,0
607392566811295743,0.228546,0
607392566945513471,0.226225,0
607392567079731199,0.245217,0
607392567213948927,0.242701,0
607392567348166655,0.233345,0
607392567482384383,0.222677,0
607392567616602111,0.233744,0
607392567885037567,0.216182,0
607392568019255295,0.210539,0
607392568153473023,0.221744,0
607392568287690751,0.213422,0
607392568421908479,0.254276,0
607392568556126207,0.236809,0
607392568690343935,0.230059,0
607392568958779391,0.226164,0
607392569092997119,0.232275,0
607392569227214847,0.202084,0
607392569361432575,0.200513,0
607392569495650303,0.247561,0
607392569629868031,0.255393,0
607392569764085759,0.237574,0
607392570032521215,0.261225,0
607392570166738943,0.24304,0
607392570300956671,0.254219,0
607392570435174399,0.26958,0
607392570569392127,0.239538,0
607392570703609855,0.257167,0
607392570837827583,0.237359,0
607392571106263039,0.237239,0
607392571240480767,0.229285,0
607392571374698495,0.235777,0
607392571508916223,0.230733,0
607392571643133951,0.245612,0
607392571777351679,0.251472,0
607392571911569407,0.230408,0
607392572180004863,0.242618,0
607392572314222591,0.255556,0
607392572448440319,0.234978,0
607392572582658047,0.266888,0
607392572716875775,0.259662,0
607392572851093503,0.267308,0
607392572985311231,0.237189,0
607392574327488511,0.175474,0
607392574461706239,0.183231,0
607392574595923967,0.188474,0
607392574730141695,0.196734,0
607392574864359423,0.232176,0
607392574998577151,0.193791,0
607392575132794879,0.196468,0
607392575401230335,0.181803,0
607392575535448063,0.179425,0
607392575669665791,0.182448,0
607392575803883519,0.206795,0
607392575938101247,0.191247,0
607392576072318975,0.186385,0
607392576206536703,0.186722,0
607392576474972159,0.186111,0
607392576609189887,0.203651,0
607392576743407615,0.181398,0
607392576877625343,0.177355,0
607392577011843071,0.176059,0
607392577146060799,0.191942,0
607392577280278527,0.174315,0
607392577548713983,0.179831,0
607392577682931711,0.187053,0
607392577817149439,0.163276,0
607392577951367167,0.156568,0
607392578085584895,0.185558,0
607392578219802623,0.199864,0
607392578354020351,0.204505,0
607392578622455807,0.243459,0
607392578756673535,0.233962,0
607392578890891263,0.248943,0
607392579025108991,0.227234,0
607392579159326719,0.258292,0
607392579293544447,0.246074,0
607392579427762175,0.246809,0
607392579696197631,0.218334,0
607392579830415359,0.217314,0
607392579964633087,0.222283,0
607392580098850815,0.207662,0
607392580233068543,0.267958,0
607392580367286271,0.235753,0
607392580501503999,0.23845,0
607392580769939455,0.221681,0
607392580904157183,0.188758,0
607392581038374911,0.211509,0
607392581172592639,0.181309,0
607392581306810367,0.225569,0
607392581441028095,0.218223,0
607392581575245823,0.206262,0
607392582917423103,0.189281,0
607392583051640831,0.202078,0
607392583185858559,0.19309,0
607392583320076287,0.203873,0
607392583454294015,0.203029,0
607392583588511743,0.205823,0
607392583722729471,0.168672,0
607392583991164927,0.214548,0
607392584125382655,0.212283,0
607392584259600383,0.177081,0
607392584393818111,0.172274,0
607392584528035839,0.207436,0
607392584662253567,0.206055,0
607392584796471295,0.200417,0
607392585064906751,0.163372,0
607392585199124479,0.17311,0
607392585333342207,0.155852,0
607392585467559935,0.165534,0
607392585601777663,0.175225,0
607392585735995391,0.177221,0
607392585870213119,0.159624,0
607392586138648575,0.179063,0
607392586272866303,0.180626,0
607392586407084031,0.175849,0
607392586541301759,0.178243,0
607392586675519487,0.198224,0
607392586809737215,0.174167,0
607392586943954943,0.180585,0
607392587212390399,0.187192,0
607392587346608127,0.199698,0
607392587480825855,0.171743,0
607392587615043583,0.204446,0
607392587749261311,0.191962,0
607392587883479039,0.202322,0
607392588017696767,0.190403,0
607392588286132223,0.2149,0
607392588420349951,0.226508,0
607392588554567679,0.195018,0
607392588688785407,0.221082,0
607392588823003135,0.22095,0
607392588957220863,0.227546,0
607392589091438591,0.20214,0
607392589359874047,0.168424,0
607392589494091775,0.168035,0
607392589628309503,0.183007,0
607392589762527231,0.162335,0
607392589896744959,0.169779,0
607392590030962687,0.190954,0
607392590165180415,0.172934,0
607392591507357695,0.282769,0
607392591641575423,0.271841,0
607392591775793151,0.285401,0
607392591910010879,0.281714,0
607392592044228607,0.279677,0
607392592178446335,0.262706,0
607392592312664063,0.288966,0
607392592581099519,0.265216,0
607392592715317247,0.249853,0
607392592849534975,0.275413,0
607392592983752703,0.25804,0
607392593117970431,0.267443,0
607392593252188159,0.268171,0
607392593386405887,0.260665,0
607392593654841343,0.267831,0
607392593789059071,0.258267,0
607392593923276799,0.273624,0
607392594057494527,0.26917,0
607392594191712255,0.273837,0
607392594325929983,0.275654,0
607392594460147711,0.287624,0
607392594728583167,0.280291,0
607392594862800895,0.260489,0
607392594997018623,0.256069,0
607392595131236351,0.246592,0
607392595265454079,0.275933,0
607392595399671807,0.259486,0
607392595533889535,0.260836,0
607392595802324991,0.312028,0
607392595936542719,0.288818,0
607392596070760447,0.316562,0
607392596204978175,0.293172,0
607392596339195903,0.315119,0
607392596473413631,0.283839,0
607392596607631359,0.34095,0
607392596876066815,0.258255,0
607392597010284543,0.251667,0
607392597144502271,0.283096,0
607392597278719999,0.269876,0
607392597412937727,0.256176,0
607392597547155455,0.242946,0
607392597681373183,0.274652,0
607392597949808639,0.297245,0
607392598084026367,0.289272,0
607392598218244095,0.298449,0
607392598352461823,0.283954,0
607392598486679551,0.320352,0
607392598620897279,0.290618,0
607392598755115007,0.324594,0
607392600097292287,0.24148,0
607392600231510015,0.24167,0
607392600365727743,0.249793,0
607392600499945471,0.245068,0
607392600634163199,0.23854,0
607392600768380927,0.249972,0
607392600902598655,0.239466,0
607392601171034111,0.261559,0
607392601305251839,0.257897,0
607392601439469567,0.25371,0
607392601573687295,0.251631,0
607392601707905023,0.250586,0
607392601842122751,0.256677,0
607392601976340479,0.256626,0
607392602244775935,0.245458,0
607392602378993663,0.232566,0
607392602513211391,0.230116,0
607392602647429119,0.240527,0
607392602781646847,0.244933,0
607392602915864575,0.251986,0
607392603050082303,0.234262,0
607392603318517759,0.249709,0
607392603452735487,0.25455,0
607392603586953215,0.238879,0
607392603721170943,0.252411,0
607392603855388671,0.244724,0
607392603989606399,0.250109,0
607392604123824127,0.247448,0
607392604392259583,0.248482,0
607392604526477311,0.24264,0
607392604660695039,0.262386,0
607392604794912767,0.257897,0
607392604929130495,0.242444,0
607392605063348223,0.248226,0
607392605197565951,0.252807,0
607392605466001407,0.232842,0
607392605600219135,0.229467,0
607392605734436863,0.243064,0
607392605868654591,0.245749,0
607392606002872319,0.216228,0
607392606137090047,0.220603,0
607392606271307775,0.236212,0
607392606539743231,0.252323,0
607392606673960959,0.254683,0
607392606808178687,0.258586,0
607392606942396415,0.249265,0
607392607076614143,0.254746,0
607392607210831871,0.256255,0
607392607345049599,0.260523,0
607392608687226879,0.303648,0
607392608821444607,0.329765,0
607392608955662335,0.289675,0
607392609089880063,0.30344,0
607392609224097791,0.341486,0
607392609358315519,0.322734,0
607392609492533247,0.305667,0
607392609760968703,0.299103,0
607392609895186431,0.29477,0
607392610029404159,0.294184,0
607392610163621887,0.287171,0
607392610297839615,0.305555,0
607392610432057343,0.283873,0
607392610566275071,0.312459,0
607392610834710527,0.279191,0
607392610968928255,0.264328,0
607392611103145983,0.2724,0
607392611237363711,0.26448,0
607392611371581439,0.295459,0
607392611505799167,0.286308,0
607392611640016895,0.283172,0
607392611908452351,0.254309,0
607392612042670079,0.245298,0
607392612176887807,0.249972,0
607392612311105535,0.256951,0
607392612445323263,0.280191,0
607392612579540991,0.288142,0
607392612713758719,0.270135,0
607392612982194175,0.369175,0
607392613116411903,0.348617,0
607392613250629631,0.357061,0
607392613384847359,0.351083,0
607392613519065087,0.380662,0
607392613653282815,0.346129,0
607392613787500543,0.37364,0
607392614055935999,0.296677,0
607392614190153727,0.287352,0
607392614324371455,0.333316,0
607392614458589183,0.310429,0
607392614592806911,0.303724,0
607392614727024639,0.286221,0
607392614861242367,0.327255,0
607392615129677823,0.310784,0
607392615263895551,0.302537,0
607392615398113279,0.308149,0
607392615532331007,0.301536,0
607392615666548735,0.322078,0
607392615800766463,0.314821,0
607392615934984191,0.310406,0
607392625867096063,0.172366,0
607392626001313791,0.28274,0
607392626135531519,0.168575,0
607392626269749247,0.157252,0
607392626403966975,0.191005,0
607392626538184703,0.180661,0
607392626672402431,0.170433,0
607392626940837887,0.279595,0
607392627075055615,0.172427,0
607392627209273343,0.293338,0
607392627343491071,0.15659,0
607392627477708799,0.333967,0
607392627611926527,0.178705,0
607392627746144255,0.31553,0
607392628014579711,0.161186,0
607392628148797439,0.31172,0
607392628283015167,0.1572,0
607392628417232895,0.14908,0
607392628551450623,0.162085,0
607392628685668351,0.159647,0
607392628819886079,0.167897,0
607392629088321535,0.260511,0
607392629222539263,0.138402,0
607392629356756991,0.301174,0
607392629490974719,0.1442,0
607392629625192447,0.30804,0
607392629759410175,0.14534,0
607392629893627903,0.291355,0
607392630162063359,0.211957,0
607392630296281087,0.208559,0
607392630430498815,0.228464,0
607392630564716543,0.200299,0
607392630698934271,0.202471,0
607392630833151999,0.200767,0
607392630967369727,0.209598,0
607392631235805183,0.213946,0
607392631370022911,0.33187,0
607392631504240639,0.19611,0
607392631638458367,0.285202,0
607392631772676095,0.197927,0
607392631906893823,0.319046,0
607392632041111551,0.213446,0
607392632309547007,0.197553,0
607392632443764735,0.175023,0
607392632577982463,0.192642,0
607392632712200191,0.180788,0
607392632846417919,0.209594,0
607392632980635647,0.20052,0
607392633114853375,0.197443,0
607392634457030655,0.135936,0
607392634591248383,0.144735,0
607392634725466111,0.139598,0
607392634859683839,0.140754,0
607392634993901567,0.149359,0
607392635128119295,0.151698,0
607392635262337023,0.144074,0
607392635530772479,0.151326,0
607392635664990207,0.136564,0
607392635799207935,0.140891,0
607392635933425663,0.145059,0
607392636067643391,0.146354,0
607392636201861119,0.150756,0
607392636336078847,0.14723,0
607392636604514303,0.137711,0
607392636738732031,0.138316,0
607392636872949759,0.139913,0
607392637007167487,0.147507,0
607392637141385215,0.129269,0
607392637275602943,0.138778,0
607392637409820671,0.137175,0
607392637678256127,0.141044,0
607392637812473855,0.131143,0
607392637946691583,0.127187,0
607392638080909311,0.127791,0
607392638215127039,0.134518,0
607392638349344767,0.128833,0
607392638483562495,0.138947,0
607392638751997951,0.158017,0
607392638886215679,0.157017,0
607392639020433407,0.170598,0
607392639154651135,0.16125,0
607392639288868863,0.156193,0
607392639423086591,0.158209,0
607392639557304319,0.164424,0
607392639825739775,0.147296,0
607392639959957503,0.150922,0
607392640094175231,0.152245,0
607392640228392959,0.148833,0
607392640362610687,0.152619,0
607392640496828415,0.154308,0
607392640631046143,0.153092,0
607392640899481599,0.148754,0
607392641033699327,0.146026,0
607392641167917055,0.146255,0
607392641302134783,0.145961,0
607392641436352511,0.150038,0
607392641570570239,0.151833,0
607392641704787967,0.143247,0
607392643046965247,0.15347,0
607392643181182975,0.14112,0
607392643315400703,0.162632,0
607392643449618431,0.148448,0
607392643583836159,0.167012,0
607392643718053887,0.157083,0
607392643852271615,0.156134,0
607392644120707071,0.147614,0
607392644254924799,0.143469,0
607392644389142527,0.143554,0
607392644523360255,0.14313,0
607392644657577983,0.155266,0
607392644791795711,0.157928,0
607392644926013439,0.144271,0
607392645194448895,0.142986,0
607392645328666623,0.138351,0
607392645462884351,0.152014,0
607392645597102079,0.143762,0
607392645731319807,0.156412,0
607392645865537535,0.149417,0
607392645999755263,0.152508,0
607392646268190719,0.144951,0
607392646402408447,0.136609,0
607392646536626175,0.14471,0
607392646670843903,0.139889,0
607392646805061631,0.142272,0
607392646939279359,0.142927,0
607392647073497087,0.143602,0
607392647341932543,0.17881,0
607392647476150271,0.175603,0
607392647610367999,0.162383,0
607392647744585727,0.175247,0
607392647878803455,0.199791,0
607392648013021183,0.18763,0
607392648147238911,0.1725,0
607392648415674367,0.189178,0
607392648549892095,0.167641,0
607392648684109823,0.177523,0
607392648818327551,0.158929,0
607392648952545279,0.19396,0
607392649086763007,0.192141,0
607392649220980735,0.189501,0
607392649489416191,0.165742,0
607392649623633919,0.162653,0
607392649757851647,0.175838,0
607392649892069375,0.162185,0
607392650026287103,0.159484,0
607392650160504831,0.163496,0
607392650294722559,0.153863,0
607392651636899839,0.137487,0
607392651771117567,0.13511,0
607392651905335295,0.137038,0
607392652039553023,0.137363,0
607392652173770751,0.13642,0
607392652307988479,0.143016,0
607392652442206207,0.132964,0
607392652710641663,0.141105,0
607392652844859391,0.154692,0
607392652979077119,0.135831,0
607392653113294847,0.147114,0
607392653247512575,0.137984,0
607392653381730303,0.139495,0
607392653515948031,0.140156,0
607392653784383487,0.1307,0
607392653918601215,0.136783,0
607392654052818943,0.130466,0
607392654187036671,0.141682,0
607392654321254399,0.128015,0
607392654455472127,0.13106,0
607392654589689855,0.128142,0
607392654858125311,0.12622,0
607392654992343039,0.13118,0
607392655126560767,0.125523,0
607392655260778495,0.134571,0
607392655394996223,0.130097,0
607392655529213951,0.139073,0
607392655663431679,0.127446,0
607392655931867135,0.217951,0
607392656066084863,0.138464,0
607392656200302591,0.146064,0
607392656334520319,0.15153,0
607392656468738047,0.277886,0
607392656602955775,0.280415,0
607392656737173503,0.189121,0
607392657005608959,0.146494,0
607392657139826687,0.142015,0
607392657274044415,0.148722,0
607392657408262143,0.145992,0
607392657542479871,0.143255,0
607392657676697599,0.14469,0
607392657810915327,0.141917,0
607392658079350783,0.13234,0
607392658213568511,0.128209,0
607392658347786239,0.137505,0
607392658482003967,0.130914,0
607392658616221695,0.134594,0
607392658750439423,0.132427,0
607392658884657151,0.136055,0
607392660226834431,0.205072,0
607392660361052159,0.201789,0
607392660495269887,0.197494,0
607392660629487615,0.195893,0
607392660763705343,0.224042,0
607392660897923071,0.224681,0
607392661032140799,0.213535,0
607392661300576255,0.209381,0
607392661434793983,0.210457,0
607392661569011711,0.208736,0
607392661703229439,0.206026,0
607392661837447167,0.209637,0
607392661971664895,0.208128,0
607392662105882623,0.205406,0
607392662374318079,0.198238,0
607392662508535807,0.188248,0
607392662642753535,0.200921,0
607392662776971263,0.196413,0
607392662911188991,0.198256,0
607392663045406719,0.194103,0
607392663179624447,0.203684,0
607392663448059903,0.200915,0
607392663582277631,0.195584,0
607392663716495359,0.197185,0
607392663850713087,0.199609,0
607392663984930815,0.19852,0
607392664119148543,0.206516,0
607392664253366271,0.188711,0
607392664521801727,0.241254,0
607392664656019455,0.229893,0
607392664790237183,0.243355,0
607392664924454911,0.230429,0
607392665058672639,0.252597,0
607392665192890367,0.23548,0
607392665327108095,0.251575,0
607392665595543551,0.244034,0
607392665729761279,0.234549,0
607392665863979007,0.226571,0
607392665998196735,0.225734,0
607392666132414463,0.252829,0
607392666266632191,0.253248,0
607392666400849919,0.235741,0
607392666669285375,0.225015,0
607392666803503103,0.204309,0
607392666937720831,0.212345,0
607392667071938559,0.210405,0
607392667206156287,0.228652,0
607392667340374015,0.240483,0
607392667474591743,0.216205,0
607392668816769023,0.195717,0
607392668950986751,0.189367,0
607392669085204479,0.208978,0
607392669219422207,0.180598,0
607392669353639935,0.209951,0
607392669487857663,0.260577,0
607392669622075391,0.201013,0
607392669890510847,0.188236,0
607392670024728575,0.182549,0
607392670158946303,0.187344,0
607392670293164031,0.245236,0
607392670427381759,0.196849,0
607392670561599487,0.193383,0
607392670695817215,0.197676,0
607392670964252671,0.28726,0
607392671098470399,0.173079,0
607392671232688127,0.293829,0
607392671366905855,0.168272,0
607392671501123583,0.370374,0
607392671635341311,0.257093,0
607392671769559039,0.415701,0
607392672037994495,0.177598,0
607392672172212223,0.174536,0
607392672306429951,0.166491,0
607392672440647679,0.170095,0
607392672574865407,0.181069,0
607392672709083135,0.181284,0
607392672843300863,0.185467,0
607392673111736319,0.220707,0
607392673245954047,0.222994,0
607392673380171775,0.214342,0
607392673514389503,0.215618,0
607392673648607231,0.218371,0
607392673782824959,0.229769,0
607392673917042687,0.204271,0
607392674185478143,0.230574,0
607392674319695871,0.230964,0
607392674453913599,0.213301,0
607392674588131327,0.221747,0
607392674722349055,0.228549,0
607392674856566783,0.232027,0
607392674990784511,0.224636,0
607392675259219967,0.206817,0
607392675393437695,0.207645,0
607392675527655423,0.195114,0
607392675661873151,0.323738,0
607392675796090879,0.202836,0
607392675930308607,0.222577,0
607392676064526335,0.205977,0
607392677406703615,0.193845,0
607392677540921343,0.19185,0
607392677675139071,0.185735,0
607392677809356799,0.18341,0
607392677943574527,0.200482,0
607392678077792255,0.193351,0
607392678212009983,0.204975,0
607392678480445439,0.195526,0
607392678614663167,0.195174,0
607392678748880895,0.190093,0
607392678883098623,0.201794,0
607392679017316351,0.208491,0
607392679151534079,0.203516,0
607392679285751807,0.193454,0
607392679554187263,0.190347,0
607392679688404991,0.232762,0
607392679822622719,0.184295,0
607392679956840447,0.223458,0
607392680091058175,0.194727,0
607392680225275903,0.189448,0
607392680359493631,0.20541,0
607392680627929087,0.19109,0
607392680762146815,0.19254,0
607392680896364543,0.236313,0
607392681030582271,0.187019,0
607392681164799999,0.186704,0
607392681299017727,0.183697,0
607392681433235455,0.188047,0
607392681701670911,0.220547,0
607392681835888639,0.208593,0
607392681970106367,0.212281,0
607392682104324095,0.21494,0
607392682238541823,0.246429,0
607392682372759551,0.227359,0
607392682506977279,0.22425,0
607392682775412735,0.225252,0
607392682909630463,0.207597,0
607392683043848191,0.208734,0
607392683178065919,0.204969,0
607392683312283647,0.214248,0
607392683446501375,0.221663,0
607392683580719103,0.224248,0
607392683849154559,0.206207,0
607392683983372287,0.206785,0
607392684117590015,0.206308,0
607392684251807743,0.207345,0
607392684386025471,0.209923,0
607392684520243199,0.208643,0
607392684654460927,0.218587,0
607392763306049535,0.128225,0
607392763440267263,0.123169,0
607392763574484991,0.113395,0
607392763708702719,0.114217,0
607392763842920447,0.12356,0
607392763977138175,0.130506,0
607392764111355903,0.118257,0
607392764379791359,0.119334,0
607392764514009087,0.120167,0
607392764648226815,0.119997,0
607392764782444543,0.122203,0
607392764916662271,0.119263,0
607392765050879999,0.127246,0
607392765185097727,0.127943,0
607392765453533183,0.113717,0
607392765587750911,0.12727,0
607392765721968639,0.115737,0
607392765856186367,0.117127,0
607392765990404095,0.112375,0
607392766124621823,0.112488,0
607392766258839551,0.11003,0
607392766527275007,0.110814,0
607392766661492735,0.107554,0
607392766795710463,0.128361,0
607392766929928191,0.108012,0
607392767064145919,0.113203,0
607392767198363647,0.104562,0
607392767332581375,0.109507,0
607392767601016831,0.130283,0
607392767735234559,0.124397,0
607392767869452287,0.122601,0
607392768003670015,0.121713,0
607392768137887743,0.125569,0
607392768272105471,0.128031,0
607392768406323199,0.128455,0
607392768674758655,0.119705,0
607392768808976383,0.123847,0
607392768943194111,0.126376,0
607392769077411839,0.127425,0
607392769211629567,0.125583,0
607392769345847295,0.121105,0
607392769480065023,0.126626,0
607392769748500479,0.11235,0
607392769882718207,0.108412,0
607392770016935935,0.110173,0
607392770151153663,0.11218,0
607392770285371391,0.118207,0
607392770419589119,0.125246,0
607392770553806847,0.113832,0
607392771895984127,0.128089,0
607392772164419583,0.120701,0
607392772432855039,0.121941,0
607392772701290495,0.122071,0
607392774043467775,0.122309,0
607392774311903231,0.107514,0
607392774580338687,0.115958,0
607392774848774143,0.119187,0
607392776190951423,0.120903,0
607392776325169151,0.113492,0
607392776459386879,0.119855,0
607392776593604607,0.121277,0
607392776727822335,0.123034,0
607392776862040063,0.11838,0
607392776996257791,0.123698,0
607392777264693247,0.127221,0
607392777533128703,0.115265,0
607392777801564159,0.123294,0
607392778069999615,0.119494,0
607392778338435071,0.120961,0
607392778472652799,0.121132,0
607392778606870527,0.108528,0
607392778741088255,0.108643,0
607392778875305983,0.125619,0
607392779009523711,0.121205,0
607392779143741439,0.115609,0
607392780485918719,0.0983739,0
607392780620136447,0.0960393,0
607392780754354175,0.0901155,0
607392780888571903,0.103712,0
607392781022789631,0.104708,0
607392781157007359,0.114651,0
607392781291225087,0.105478,0
607392781559660543,0.109188,0
607392781693878271,0.117728,0
607392781828095999,0.0980878,0
607392781962313727,0.100923,0
607392782096531455,0.102146,0
607392782230749183,0.105258,0
607392782364966911,0.114696,0
607392782633402367,0.0946361,0
607392782767620095,0.085742,0
607392782901837823,0.0877783,0
607392783036055551,0.0846269,0
607392783170273279,0.0877066,0
607392783304491007,0.0869575,0
607392783438708735,0.0904555,0
607392783707144191,0.0895183,0
607392783841361919,0.0888431,0
607392783975579647,0.0857005,0
607392784109797375,0.0913877,0
607392784244015103,0.0873669,0
607392784378232831,0.0948237,0
607392784512450559,0.0920612,0
607392784780886015,0.115229,0
607392784915103743,0.11451,0
607392785049321471,0.10389,0
607392785183539199,0.102784,0
607392785317756927,0.114776,0
607392785451974655,0.115365,0
607392785586192383,0.114047,0
607392785854627839,0.111207,0
607392785988845567,0.108781,0
607392786123063295,0.109453,0
607392786257281023,0.106941,0
607392786391498751,0.109587,0
607392786525716479,0.109006,0
607392786659934207,0.111214,0
607392786928369663,0.0906371,0
607392787062587391,0.0894234,0
607392787196805119,0.0930448,0
607392787331022847,0.0922802,0
607392787465240575,0.096913,0
607392787599458303,0.0997027,0
607392787733676031,0.090218,0
607392789075853311,0.102143,0
607392789210071039,0.102276,0
607392789344288767,0.102597,0
607392789478506495,0.0920303,0
607392789612724223,0.105412,0
607392789746941951,0.0953745,0
607392789881159679,0.103333,0
607392790149595135,0.1005,0
607392790418030591,0.1026,0
607392790686466047,0.118046,0
607392790954901503,0.103865,0
607392791223336959,0.0826981,0
607392791357554687,0.0865814,0
607392791491772415,0.0932396,0
607392791625990143,0.0961691,0
607392791760207871,0.0885174,0
607392791894425599,0.0866627,0
607392792028643327,0.0822523,0
607392792297078783,0.0838715,0
607392792565514239,0.0869711,0
607392792833949695,0.089297,0
607392793102385151,0.0870156,0
607392793370820607,0.118653,0
607392793505038335,0.122115,0
607392793639256063,0.115277,0
607392793773473791,0.114839,0
607392793907691519,0.127893,0
607392794041909247,0.116702,0
607392794176126975,0.116441,0
607392794444562431,0.105482,0
607392794578780159,0.100987,0
607392794712997887,0.113632,0
607392794847215615,0.111614,0
607392794981433343,0.111304,0
607392795115651071,0.113203,0
607392795249868799,0.107428,0
607392795518304255,0.0961779,0
607392795652521983,0.101517,0
607392795786739711,0.092735,0
607392795920957439,0.0893066,0
607392796055175167,0.0959265,0
607392796189392895,0.0969444,0
607392796323610623,0.0973213,0
607392797665787903,0.134378,0
607392797800005631,0.138481,0
607392797934223359,0.138524,0
607392798068441087,0.138102,0
607392798202658815,0.149622,0
607392798336876543,0.143803,0
607392798471094271,0.141244,0
607392798739529727,0.144782,0
607392798873747455,0.12914,0
607392799007965183,0.140724,0
607392799142182911,0.143754,0
607392799276400639,0.143174,0
607392799410618367,0.140174,0
607392799544836095,0.145249,0
607392799813271551,0.121653,0
607392799947489279,0.123231,0
607392800081707007,0.12393,0
607392800215924735,0.122006,0
607392800350142463,0.12882,0
607392800484360191,0.125827,0
607392800618577919,0.122883,0
607392800887013375,0.133022,0
607392801021231103,0.133751,0
607392801155448831,0.126166,0
607392801289666559,0.128139,0
607392801423884287,0.138871,0
607392801558102015,0.136803,0
607392801692319743,0.133329,0
607392801960755199,0.148487,0
607392802094972927,0.147381,0
607392802229190655,0.15137,0
607392802363408383,0.151569,0
607392802497626111,0.144961,0
607392802631843839,0.134589,0
607392802766061567,0.146436,0
607392803034497023,0.126903,0
607392803168714751,0.12219,0
607392803302932479,0.145212,0
607392803437150207,0.133658,0
607392803571367935,0.125753,0
607392803705585663,0.124701,0
607392803839803391,0.137884,0
607392804108238847,0.141161,0
607392804242456575,0.136341,0
607392804376674303,0.131417,0
607392804510892031,0.124421,0
607392804645109759,0.145614,0
607392804779327487,0.145681,0
607392804913545215,0.138985,0
607392806255722495,0.146981,0
607392806389940223,0.141534,0
607392806524157951,0.136885,0
607392806658375679,0.138857,0
607392806792593407,0.146255,0
607392806926811135,0.141756,0
607392807061028863,0.142751,0
607392807329464319,0.137704,0
607392807463682047,0.129429,0
607392807597899775,0.145255,0
607392807732117503,0.141375,0
607392807866335231,0.128818,0
607392808000552959,0.127409,0
607392808134770687,0.145931,0
607392808403206143,0.12845,0
607392808537423871,0.125783,0
607392808671641599,0.120032,0
607392808805859327,0.119843,0
607392808940077055,0.125025,0
607392809074294783,0.125546,0
607392809208512511,0.1275,0
607392809476947967,0.128173,0
607392809611165695,0.137223,0
607392809745383423,0.12743,0
607392809879601151,0.129076,0
607392810013818879,0.139955,0
607392810148036607,0.144053,0
607392810282254335,0.130666,0
607392810550689791,0.141683,0
607392810684907519,0.141359,0
607392810819125247,0.143516,0
607392810953342975,0.148272,0
607392811087560703,0.137763,0
607392811221778431,0.132799,0
607392811355996159,0.14065,0
607392811624431615,0.133048,0
607392811758649343,0.13002,0
607392811892867071,0.143518,0
607392812027084799,0.135194,0
607392812161302527,0.140008,0
607392812295520255,0.140854,0
607392812429737983,0.129954,0
607392812698173439,0.132152,0
607392812832391167,0.132134,0
607392812966608895,0.131475,0
607392813100826623,0.124545,0
607392813235044351,0.135505,0
607392813369262079,0.136804,0
607392813503479807,0.13057,0
607392814845657087,0.114575,0
607392814979874815,0.114353,0
607392815114092543,0.111948,0
607392815248310271,0.113466,0
607392815382527999,0.128883,0
607392815516745727,0.126558,0
607392815650963455,0.115703,0
607392815919398911,0.125142,0
607392816053616639,0.123541,0
607392816187834367,0.121857,0
607392816322052095,0.126231,0
607392816456269823,0.122898,0
607392816590487551,0.131004,0
607392816724705279,0.126157,0
607392816993140735,0.11585,0
607392817127358463,0.115958,0
607392817261576191,0.113643,0
607392817395793919,0.119277,0
607392817530011647,0.118331,0
607392817664229375,0.119386,0
607392817798447103,0.114514,0
607392818066882559,0.11047,0
607392818201100287,0.105912,0
607392818335318015,0.116189,0
607392818469535743,0.113124,0
607392818603753471,0.116526,0
607392818737971199,0.115945,0
607392818872188927,0.114508,0
607392819140624383,0.129694,0
607392819274842111,0.130534,0
607392819409059839,0.12765,0
607392819543277567,0.127647,0
607392819677495295,0.125067,0
607392819811713023,0.127131,0
607392819945930751,0.128439,0
607392820214366207,0.129889,0
607392820348583935,0.135455,0
607392820482801663,0.130768,0
607392820617019391,0.128478,0
607392820751237119,0.122507,0
607392820885454847,0.118774,0
607392821019672575,0.129898,0
607392821288108031,0.118529,0
607392821422325759,0.118995,0
607392821556543487,0.113868,0
607392821690761215,0.111247,0
607392821824978943,0.121159,0
607392821959196671,0.117912,0
607392822093414399,0.116368,0
607392888128536575,0.130309,0
607392888396972031,0.129666,0
607392888665407487,0.128948,0
607392890007584767,0.144571,0
607392890276020223,0.147825,0
607392890544455679,0.130091,0
607392890812891135,0.144082,0
607392900745003007,0.105294,0
607392900879220735,0.103511,0
607392901013438463,0.105875,0
607392901147656191,0.104429,0
607392901281873919,0.100821,0
607392901416091647,0.100573,0
607392901550309375,0.106146,0
607392901818744831,0.10064,0
607392901952962559,0.0981264,0
607392902087180287,0.104642,0
607392902221398015,0.0998564,0
607392902355615743,0.106063,0
607392902489833471,0.106492,0
607392902624051199,0.105108,0
607392902892486655,0.0997375,0
607392903026704383,0.0999458,0
607392903160922111,0.113722,0
607392903295139839,0.111222,0
607392903429357567,0.106388,0
607392903563575295,0.105894,0
607392903697793023,0.102565,0
607392903966228479,0.103599,0
607392904100446207,0.100907,0
607392904234663935,0.096982,0
607392904368881663,0.103244,0
607392904503099391,0.108745,0
607392904637317119,0.104244,0
607392904771534847,0.102386,0
607392905039970303,0.0920994,0
607392905174188031,0.0953675,0
607392905308405759,0.0940355,0
607392905442623487,0.0963331,0
607392905576841215,0.0824386,0
607392905711058943,0.0879043,0
607392905845276671,0.0874523,0
607392906113712127,0.093748,0
607392906247929855,0.0935778,0
607392906382147583,0.105086,0
607392906516365311,0.101377,0
607392906650583039,0.0855588,0
607392906784800767,0.0840515,0
607392906919018495,0.0904162,0
607392907187453951,0.10868,0
607392907321671679,0.104358,0
607392907455889407,0.110629,0
607392907590107135,0.111405,0
607392907724324863,0.105331,0
607392907858542591,0.101843,0
607392907992760319,0.107105,0
607392909334937599,0.103322,0
607392909603373055,0.109396,0
607392909871808511,0.0917396,0
607392910006026239,0.101473,0
607392910140243967,0.0895577,0
607392911482421247,0.102735,0
607392911750856703,0.110861,0
607392912019292159,0.101055,0
607392912153509887,0.0956597,0
607392912287727615,0.100992,0
607392913629904895,0.0928613,0
607392913764122623,0.0915546,0
607392913898340351,0.099905,0
607392914032558079,0.0913735,0
607392914166775807,0.0950525,0
607392914300993535,0.0983263,0
607392914435211263,0.0984847,0
607392914703646719,0.0927663,0
607392914972082175,0.0842991,0
607392915240517631,0.108677,0
607392915374735359,0.102506,0
607392915508953087,0.0938649,0
607392915777388543,0.102198,0
607392915911606271,0.0927319,0
607392916045823999,0.0993785,0
607392916180041727,0.0956406,0
607392916314259455,0.0956636,0
607392916448477183,0.0902402,0
607392916582694911,0.102028,0
607392917924872191,0.127826,0
607392918059089919,0.131727,0
607392918193307647,0.140212,0
607392918327525375,0.143532,0
607392918461743103,0.115947,0
607392918595960831,0.127227,0
607392918730178559,0.121312,0
607392918998614015,0.139861,0
607392919132831743,0.141075,0
607392919267049471,0.147081,0
607392919401267199,0.152953,0
607392919535484927,0.11965,0
607392919669702655,0.118327,0
607392919803920383,0.128906,0
607392920072355839,0.22716,0
607392920206573567,0.213291,0
607392920340791295,0.226881,0
607392920475009023,0.228626,0
607392920609226751,0.177135,0
607392920743444479,0.190048,0
607392920877662207,0.188811,0
607392921146097663,0.184806,0
607392921280315391,0.180278,0
607392921414533119,0.214712,0
607392921548750847,0.211467,0
607392921682968575,0.154479,0
607392921817186303,0.160008,0
607392921951404031,0.180085,0
607392922219839487,0.115734,0
607392922354057215,0.11665,0
607392922488274943,0.117655,0
607392922622492671,0.115181,0
607392922756710399,0.10164,0
607392922890928127,0.0950357,0
607392923025145855,0.116935,0
607392923293581311,0.107705,0
607392923427799039,0.116652,0
607392923562016767,0.120249,0
607392923696234495,0.119827,0
607392923830452223,0.102652,0
607392923964669951,0.10471,0
607392924098887679,0.1054,0
607392924367323135,0.131243,0
607392924501540863,0.131672,0
607392924635758591,0.15538,0
607392924769976319,0.165559,0
607392924904194047,0.126911,0
607392925038411775,0.121942,0
607392925172629503,0.124861,0
607392926514806783,0.166586,0
607392926649024511,0.166946,0
607392926783242239,0.16552,0
607392926917459967,0.17267,0
607392927051677695,0.15894,0
607392927185895423,0.153648,0
607392927320113151,0.159553,0
607392927588548607,0.160647,0
607392927856984063,0.168543,0
607392928125419519,0.130333,0
607392928259637247,0.135723,0
607392928393854975,0.15366,0
607392928662290431,0.205486,0
607392928796508159,0.216338,0
607392928930725887,0.226513,0
607392929064943615,0.247894,0
607392929199161343,0.183069,0
607392929333379071,0.190609,0
607392929467596799,0.197693,0
607392929736032255,0.201873,0
607392930004467711,0.228199,0
607392930272903167,0.177598,0
607392930407120895,0.182003,0
607392930541338623,0.199473,0
607392930809774079,0.11849,0
607392930943991807,0.12186,0
607392931078209535,0.145811,0
607392931212427263,0.145602,0
607392931346644991,0.110032,0
607392931480862719,0.10517,0
607392931615080447,0.116541,0
607392931883515903,0.111988,0
607392932017733631,0.116825,0
607392932151951359,0.128975,0
607392932286169087,0.132907,0
607392932420386815,0.109667,0
607392932554604543,0.111195,0
607392932688822271,0.103872,0
607392932957257727,0.171459,0
607392933091475455,0.162599,0
607392933225693183,0.18292,0
607392933359910911,0.181327,0
607392933494128639,0.156114,0
607392933628346367,0.159419,0
607392933762564095,0.171453,0
607392935104741375,0.0810592,0
607392935238959103,0.0846958,0
607392935373176831,0.0919945,0
607392935507394559,0.0885269,0
607392935641612287,0.0911854,0
607392935775830015,0.0948964,0
607392935910047743,0.082238,0
607392936178483199,0.0953976,0
607392936312700927,0.0949798,0
607392936446918655,0.0904354,0
607392936581136383,0.0932334,0
607392936715354111,0.092647,0
607392936849571839,0.0942131,0
607392936983789567,0.0934019,0
607392937252225023,0.0818416,0
607392937386442751,0.0808308,0
607392937520660479,0.0878654,0
607392937654878207,0.0841032,0
607392937789095935,0.0840506,0
607392937923313663,0.0803447,0
607392938057531391,0.0811216,0
607392938325966847,0.0801714,0
607392938460184575,0.0838895,0
607392938594402303,0.0801459,0
607392938728620031,0.0790622,0
607392938862837759,0.0935602,0
607392938997055487,0.0956051,0
607392939131273215,0.0830124,0
607392939399708671,0.0870808,0
607392939533926399,0.0881618,0
607392939668144127,0.0974197,0
607392939802361855,0.0932232,0
607392939936579583,0.0867053,0
607392940070797311,0.0870461,0
607392940205015039,0.0929408,0
607392940473450495,0.0874272,0
607392940607668223,0.0877178,0
607392940741885951,0.0940105,0
607392940876103679,0.0869873,0
607392941010321407,0.0866766,0
607392941144539135,0.0893941,0
607392941278756863,0.0915687,0
607392941547192319,0.0924485,0
607392941681410047,0.0928159,0
607392941815627775,0.0854835,0
607392941949845503,0.0840723,0
607392942084063231,0.094894,0
607392942218280959,0.0853284,0
607392942352498687,0.0929948,0
607392943694675967,0.101778,0
607392943828893695,0.0973037,0
607392943963111423,0.0920478,0
607392944097329151,0.0935651,0
607392944231546879,0.0941456,0
607392944365764607,0.098054,0
607392944499982335,0.0940045,0
607392944768417791,0.0919438,0
607392944902635519,0.103996,0
607392945036853247,0.0960243,0
607392945171070975,0.100887,0
607392945305288703,0.102716,0
607392945439506431,0.0961814,0
607392945573724159,0.0968421,0
607392945842159615,0.0968975,0
607392945976377343,0.0975685,0
607392946110595071,0.101383,0
607392946244812799,0.0997403,0
607392946379030527,0.0911351,0
607392946513248255,0.105016,0
607392946647465983,0.0836773,0
607392946915901439,0.115082,0
607392947050119167,0.105993,0
607392947184336895,0.112656,0
607392947318554623,0.109825,0
607392947452772351,0.0913331,0
607392947586990079,0.100709,0
607392947721207807,0.109162,0
607392947989643263,0.103883,0
607392948123860991,0.094647,0
607392948258078719,0.0974935,0
607392948392296447,0.096499,0
607392948526514175,0.0859136,0
607392948660731903,0.0870543,0
607392948794949631,0.101775,0
607392949063385087,0.0946734,0
607392949197602815,0.0945498,0
607392949331820543,0.092532,0
607392949466038271,0.0903978,0
607392949600255999,0.0844476,0
607392949734473727,0.0836137,0
607392949868691455,0.0886471,0
607392950137126911,0.10077,0
607392950271344639,0.0999612,0
607392950405562367,0.0835266,0
607392950539780095,0.0908218,0
607392950673997823,0.0928883,0
607392950808215551,0.0910633,0
607392950942433279,0.0909174,0
607392952284610559,0.0919043,0
607392952418828287,0.0932186,0
607392952553046015,0.0965788,0
607392952687263743,0.0943921,0
607392952821481471,0.0835145,0
607392952955699199,0.0878529,0
607392953089916927,0.0877015,0
607392953358352383,0.0893696,0
607392953492570111,0.0972905,0
607392953626787839,0.0992199,0
607392953761005567,0.0998231,0
607392953895223295,0.0828197,0
607392954029441023,0.086668,0
607392954163658751,0.0851793,0
607392954432094207,0.101135,0
607392954566311935,0.0954432,0
607392954700529663,0.100908,0
607392954834747391,0.1,0
607392954968965119,0.0977406,0
607392955103182847,0.0987443,0
607392955237400575,0.0970738,0
607392955505836031,0.0942544,0
607392955640053759,0.0969551,0
607392955774271487,0.0951402,0
607392955908489215,0.0944747,0
607392956042706943,0.0988517,0
607392956176924671,0.101512,0
607392956311142399,0.0954935,0
607392956579577855,0.0864146,0
607392956713795583,0.0834903,0
607392956848013311,0.0849073,0
607392956982231039,0.0813297,0
607392957116448767,0.0846867,0
607392957250666495,0.089614,0
607392957384884223,0.0829619,0
607392957653319679,0.0900647,0
607392957787537407,0.0892896,0
607392957921755135,0.0881056,0
607392958055972863,0.0847302,0
607392958190190591,0.0858435,0
607392958324408319,0.0859193,0
607392958458626047,0.0817003,0
607392958727061503,0.0829458,0
607392958861279231,0.0884976,0
607392958995496959,0.0867618,0
607392959129714687,0.0928607,0
607392959263932415,0.0774773,0
607392959398150143,0.0834857,0
607392959532367871,0.0864893,0
607393025299054591,0.0903082,0
607393025567490047,0.0987983,0
607393025835925503,0.0943821,0
607393025970143231,0.0925555,0
607393026104360959,0.0876968,0
607393027446538239,0.107319,0
607393027714973695,0.108551,0
607393027983409151,0.102025,0
607393028117626879,0.101044,0
607393028251844607,0.11185,0
607393038183956479,0.171413,0
607393038318174207,0.156882,0
607393038452391935,0.143509,0
607393038586609663,0.151495,0
607393038720827391,0.166284,0
607393038855045119,0.169878,0
607393038989262847,0.190968,0
607393039257698303,0.15825,0
607393039391916031,0.162017,0
607393039526133759,0.154047,0
607393039660351487,0.154179,0
607393039794569215,0.159089,0
607393039928786943,0.161996,0
607393040063004671,0.151514,0
607393040331440127,0.153005,0
607393040465657855,0.135716,0
607393040599875583,0.137555,0
607393040734093311,0.155225,0
607393040868311039,0.14551,0
607393041002528767,0.136828,0
607393041136746495,0.149271,0
607393041405181951,0.136052,0
607393041539399679,0.132104,0
607393041673617407,0.133285,0
607393041807835135,0.136104,0
607393041942052863,0.146136,0
607393042076270591,0.148282,0
607393042210488319,0.13519,0
607393042478923775,0.178694,0
607393042613141503,0.143192,0
607393042747359231,0.188732,0
607393042881576959,0.190606,0
607393043015794687,0.169398,0
607393043150012415,0.159194,0
607393043284230143,0.167256,0
607393043552665599,0.167936,0
607393043686883327,0.172143,0
607393043821101055,0.159615,0
607393043955318783,0.158302,0
607393044089536511,0.166829,0
607393044223754239,0.170691,0
607393044357971967,0.167973,0
607393044626407423,0.181594,0
607393044760625151,0.153662,0
607393044894842879,0.147792,0
607393045029060607,0.146883,0
607393045163278335,0.168677,0
607393045297496063,0.188749,0
607393045431713791,0.173212,0
607393046773891071,0.138058,0
607393046908108799,0.133731,0
607393047042326527,0.141676,0
607393047176544255,0.14179,0
607393047310761983,0.147149,0
607393047444979711,0.140095,0
607393047579197439,0.147626,0
607393047847632895,0.14552,0
607393047981850623,0.151989,0
607393048116068351,0.13787,0
607393048250286079,0.157175,0
607393048384503807,0.153273,0
607393048518721535,0.151518,0
607393048652939263,0.144635,0
607393048921374719,0.141576,0
607393049055592447,0.133895,0
607393049189810175,0.15106,0
607393049324027903,0.144378,0
607393049458245631,0.146116,0
607393049592463359,0.137921,0
607393049726681087,0.140867,0
607393049995116543,0.131513,0
607393050129334271,0.14791,0
607393050263551999,0.12984,0
607393050397769727,0.13091,0
607393050531987455,0.138098,0
607393050666205183,0.138543,0
607393050800422911,0.134703,0
607393051068858367,0.163582,0
607393051203076095,0.152622,0
607393051337293823,0.168795,0
607393051471511551,0.147887,0
607393051605729279,0.175128,0
607393051739947007,0.175586,0
607393051874164735,0.169316,0
607393052142600191,0.168391,0
607393052276817919,0.168968,0
607393052411035647,0.152525,0
607393052545253375,0.15103,0
607393052679471103,0.169983,0
607393052813688831,0.157657,0
607393052947906559,0.167607,0
607393053216342015,0.147423,0
607393053350559743,0.139391,0
607393053484777471,0.144291,0
607393053618995199,0.14736,0
607393053753212927,0.150016,0
607393053887430655,0.14854,0
607393054021648383,0.145528,0
607393055363825663,0.14454,0
607393055498043391,0.151957,0
607393055632261119,0.135673,0
607393055766478847,0.140454,0
607393055900696575,0.146305,0
607393056034914303,0.149481,0
607393056169132031,0.142184,0
607393056437567487,0.145243,0
607393056571785215,0.144677,0
607393056706002943,0.137159,0
607393056840220671,0.141882,0
607393056974438399,0.151582,0
607393057108656127,0.155948,0
607393057242873855,0.141722,0
607393057511309311,0.131931,0
607393057645527039,0.129158,0
607393057779744767,0.126691,0
607393057913962495,0.122783,0
607393058048180223,0.137628,0
607393058182397951,0.139958,0
607393058316615679,0.143163,0
607393058585051135,0.123077,0
607393058719268863,0.126744,0
607393058853486591,0.132885,0
607393058987704319,0.133482,0
607393059121922047,0.136211,0
607393059256139775,0.141141,0
607393059390357503,0.12625,0
607393059658792959,0.144651,0
607393059793010687,0.14696,0
607393059927228415,0.153866,0
607393060061446143,0.162737,0
607393060195663871,0.148949,0
607393060329881599,0.144738,0
607393060464099327,0.154649,0
607393060732534783,0.158636,0
607393060866752511,0.158553,0
607393061000970239,0.159889,0
607393061135187967,0.163832,0
607393061269405695,0.153291,0
607393061403623423,0.176745,0
607393061537841151,0.16844,0
607393061806276607,0.134697,0
607393061940494335,0.138258,0
607393062074712063,0.137729,0
607393062208929791,0.136921,0
607393062343147519,0.128503,0
607393062477365247,0.139553,0
607393062611582975,0.135415,0
607393063953760255,0.139456,0
607393064087977983,0.142915,0
607393064222195711,0.137408,0
607393064356413439,0.136638,0
607393064490631167,0.139868,0
607393064624848895,0.140732,0
607393064759066623,0.14321,0
607393065027502079,0.14708,0
607393065161719807,0.150598,0
607393065295937535,0.141182,0
607393065430155263,0.136702,0
607393065564372991,0.138987,0
607393065698590719,0.143117,0
607393065832808447,0.141597,0
607393066101243903,0.114599,0
607393066235461631,0.120283,0
607393066369679359,0.121866,0
607393066503897087,0.122389,0
607393066638114815,0.123927,0
607393066772332543,0.123753,0
607393066906550271,0.115107,0
607393067174985727,0.125821,0
607393067309203455,0.121986,0
607393067443421183,0.120084,0
607393067577638911,0.125524,0
607393067711856639,0.13744,0
607393067846074367,0.139642,0
607393067980292095,0.126975,0
607393068248727551,0.133652,0
607393068382945279,0.14954,0
607393068517163007,0.145903,0
607393068651380735,0.132536,0
607393068785598463,0.13787,0
607393068919816191,0.138046,0
607393069054033919,0.145554,0
607393069322469375,0.137835,0
607393069456687103,0.147744,0
607393069590904831,0.132848,0
607393069725122559,0.142024,0
607393069859340287,0.132525,0
607393069993558015,0.138207,0
607393070127775743,0.143735,0
607393070396211199,0.140648,0
607393070530428927,0.135253,0
607393070664646655,0.126368,0
607393070798864383,0.125952,0
607393070933082111,0.14878,0
607393071067299839,0.143106,0
607393071201517567,0.137065,0
607393072543694847,0.150323,0
607393072677912575,0.156096,0
607393072812130303,0.171017,0
607393072946348031,0.162583,0
607393073080565759,0.153445,0
607393073214783487,0.148819,0
607393073349001215,0.163513,0
607393073617436671,0.155757,0
607393073751654399,0.146046,0
607393073885872127,0.15988,0
607393074020089855,0.161905,0
607393074154307583,0.173456,0
607393074288525311,0.171177,0
607393074422743039,0.158707,0
607393074691178495,0.177292,0
607393074825396223,0.174091,0
607393074959613951,0.173698,0
607393075093831679,0.156983,0
607393075228049407,0.181163,0
607393075362267135,0.176357,0
607393075496484863,0.177099,0
607393075764920319,0.16903,0
607393075899138047,0.156454,0
607393076033355775,0.173304,0
607393076167573503,0.177241,0
607393076301791231,0.164592,0
607393076436008959,0.152172,0
607393076570226687,0.175798,0
607393076838662143,0.177305,0
607393076972879871,0.167841,0
607393077107097599,0.186798,0
607393077241315327,0.169608,0
607393077375533055,0.195391,0
607393077509750783,0.186385,0
607393077643968511,0.179207,0
607393077912403967,0.170493,0
607393078046621695,0.170903,0
607393078180839423,0.168423,0
607393078315057151,0.170956,0
607393078449274879,0.180872,0
607393078583492607,0.181958,0
607393078717710335,0.167618,0
607393078986145791,0.181153,0
607393079120363519,0.169314,0
607393079254581247,0.195741,0
607393079388798975,0.190047,0
607393079523016703,0.179358,0
607393079657234431,0.168466,0
607393079791452159,0.20005,0
607393081133629439,0.146551,0
607393081267847167,0.147941,0
607393081402064895,0.156074,0
607393081536282623,0.156379,0
607393081670500351,0.149796,0
607393081804718079,0.153748,0
607393081938935807,0.155868,0
607393082207371263,0.159012,0
607393082341588991,0.156996,0
607393082475806719,0.148207,0
607393082610024447,0.144566,0
607393082744242175,0.157191,0
607393082878459903,0.17574,0
607393083012677631,0.166364,0
607393083281113087,0.186391,0
607393083415330815,0.170457,0
607393083549548543,0.178021,0
607393083683766271,0.170648,0
607393083817983999,0.156368,0
607393083952201727,0.155,0
607393084086419455,0.173278,0
607393084354854911,0.154679,0
607393084489072639,0.154007,0
607393084623290367,0.181178,0
607393084757508095,0.182702,0
607393084891725823,0.156159,0
607393085025943551,0.159107,0
607393085160161279,0.151032,0
607393085428596735,0.160703,0
607393085562814463,0.164277,0
607393085697032191,0.146344,0
607393085831249919,0.149948,0
607393085965467647,0.16723,0
607393086099685375,0.165164,0
607393086233903103,0.158731,0
607393086502338559,0.160363,0
607393086636556287,0.162936,0
607393086770774015,0.161537,0
607393086904991743,0.161229,0
607393087039209471,0.196168,0
607393087173427199,0.203967,0
607393087307644927,0.161176,0
607393087576080383,0.151392,0
607393087710298111,0.152886,0
607393087844515839,0.15461,0
607393087978733567,0.150212,0
607393088112951295,0.158047,0
607393088247169023,0.159421,0
607393088381386751,0.149257,0
607393089723564031,0.158666,0
607393089857781759,0.15583,0
607393089991999487,0.159169,0
607393090126217215,0.151875,0
607393090260434943,0.188723,0
607393090394652671,0.173672,0
607393090528870399,0.167484,0
607393090797305855,0.159002,0
607393090931523583,0.161462,0
607393091065741311,0.157445,0
607393091199959039,0.164249,0
607393091334176767,0.158513,0
607393091468394495,0.159006,0
607393091602612223,0.160727,0
607393091871047679,0.154014,0
607393092005265407,0.150184,0
607393092139483135,0.160832,0
607393092273700863,0.15764,0
607393092407918591,0.150673,0
607393092542136319,0.149247,0
607393092676354047,0.15716,0
607393092944789503,0.146173,0
607393093079007231,0.148289,0
607393093213224959,0.14218,0
607393093347442687,0.14687,0
607393093481660415,0.166534,0
607393093615878143,0.166689,0
607393093750095871,0.144154,0
607393094018531327,0.185525,0
607393094152749055,0.174393,0
607393094286966783,0.194976,0
607393094421184511,0.191436,0
607393094555402239,0.209422,0
607393094689619967,0.195601,0
607393094823837695,0.182251,0
607393095092273151,0.179376,0
607393095226490879,0.175319,0
607393095360708607,0.178487,0
607393095494926335,0.160893,0
607393095629144063,0.193309,0
607393095763361791,0.189867,0
607393095897579519,0.182014,0
607393096166014975,0.157522,0
607393096300232703,0.160905,0
607393096434450431,0.155247,0
607393096568668159,0.155687,0
607393096702885887,0.180652,0
607393096837103615,0.177807,0
607393096971321343,0.164687,0
607393106903433215,0.185214,0
607393107037650943,0.18953,0
607393107171868671,0.139907,0
607393107306086399,0.142577,0
607393107440304127,0.181347,0
607393107574521855,0.155861,0
607393107708739583,0.143529,0
607393107977175039,0.145734,0
607393108111392767,0.149294,0
607393108245610495,0.207561,0
607393108379828223,0.155403,0
607393108514045951,0.137076,0
607393108648263679,0.136215,0
607393108782481407,0.143042,0
607393109050916863,0.169519,0
607393109185134591,0.1596,0
607393109319352319,0.150677,0
607393109453570047,0.162964,0
607393109587787775,0.165731,0
607393109722005503,0.17226,0
607393109856223231,0.157458,0
607393110124658687,0.147362,0
607393110258876415,0.18973,0
607393110393094143,0.161426,0
607393110527311871,0.146567,0
607393110661529599,0.157042,0
607393110795747327,0.189518,0
607393110929965055,0.141955,0
607393111198400511,0.197989,0
607393111332618239,0.185741,0
607393111466835967,0.184521,0
607393111601053695,0.181824,0
607393111735271423,0.246222,0
607393111869489151,0.151042,0
607393112003706879,0.197683,0
607393112272142335,0.141852,0
607393112406360063,0.140843,0
607393112540577791,0.137023,0
607393112674795519,0.136653,0
607393112809013247,0.14984,0
607393112943230975,0.147319,0
607393113077448703,0.145229,0
607393113345884159,0.171354,0
607393113480101887,0.165548,0
607393113614319615,0.162655,0
607393113748537343,0.159579,0
607393113882755071,0.164928,0
607393114016972799,0.141625,0
607393114151190527,0.172055,0
607393116030238719,0.140117,0
607393116298674175,0.145166,0
607393117909286911,0.221502,0
607393118177722367,0.159927,0
607393118446157823,0.168922,0
607393119788335103,0.15153,0
607393119922552831,0.139118,0
607393120056770559,0.142989,0
607393120190988287,0.143824,0
607393120325206015,0.142789,0
607393120459423743,0.14772,0
607393120593641471,0.14025,0
607393121398947839,0.117933,0
607393121667383295,0.142229,0
607393121935818751,0.147563,0
607393122070036479,0.152857,0
607393122204254207,0.19786,0
607393122338471935,0.164135,0
607393122472689663,0.149933,0
607393122606907391,0.154116,0
607393122741125119,0.158404,0
607393124083302399,0.145463,0
607393124217520127,0.139862,0
607393124351737855,0.141488,0
607393124485955583,0.145753,0
607393124620173311,0.146326,0
607393124754391039,0.143348,0
607393124888608767,0.14425,0
607393125157044223,0.166271,0
607393125291261951,0.146593,0
607393125425479679,0.154574,0
607393125559697407,0.14205,0
607393125693915135,0.157494,0
607393125828132863,0.158793,0
607393125962350591,0.16015,0
607393126230786047,0.137182,0
607393126365003775,0.149381,0
607393126499221503,0.131247,0
607393126633439231,0.135717,0
607393126767656959,0.137069,0
607393126901874687,0.132062,0
607393127036092415,0.1284,0
607393127304527871,0.147882,0
607393127438745599,0.141965,0
607393127572963327,0.132232,0
607393127707181055,0.131639,0
607393127841398783,0.13837,0
607393127975616511,0.160714,0
607393128109834239,0.143696,0
607393128378269695,0.160172,0
607393128512487423,0.156318,0
607393128646705151,0.147642,0
607393128780922879,0.151608,0
607393128915140607,0.157544,0
607393129049358335,0.159395,0
607393129183576063,0.164489,0
607393129452011519,0.169764,0
607393129586229247,0.150413,0
607393129720446975,0.153313,0
607393129854664703,0.153378,0
607393129988882431,0.147808,0
607393130123100159,0.141571,0
607393130257317887,0.162707,0
607393130525753343,0.145999,0
607393130659971071,0.152144,0
607393130794188799,0.131522,0
607393130928406527,0.133491,0
607393131062624255,0.138935,0
607393131196841983,0.140988,0
607393131331059711,0.13926,0
607393132673236991,0.161931,0
607393132807454719,0.156305,0
607393132941672447,0.141927,0
607393133075890175,0.161142,0
607393133210107903,0.169553,0
607393133344325631,0.161839,0
607393133478543359,0.160304,0
607393134015414271,0.140117,0
607393134283849727,0.179419,0
607393134552285183,0.168874,0
607393134820720639,0.131994,0
607393134954938367,0.134865,0
607393135089156095,0.124415,0
607393135223373823,0.12671,0
607393135357591551,0.135448,0
607393135491809279,0.134293,0
607393135626027007,0.133042,0
607393136162897919,0.145182,0
607393136431333375,0.151948,0
607393136699768831,0.150431,0
607393136968204287,0.172287,0
607393137102422015,0.169294,0
607393137236639743,0.142048,0
607393137370857471,0.149323,0
607393137505075199,0.167961,0
607393137639292927,0.171243,0
607393137773510655,0.14498,0
607393138041946111,0.178482,0
607393138176163839,0.199832,0
607393138310381567,0.17145,0
607393138444599295,0.175648,0
607393138578817023,0.17459,0
607393138713034751,0.214295,0
607393138847252479,0.173332,0
607393139115687935,0.141741,0
607393139249905663,0.152432,0
607393139384123391,0.138183,0
607393139518341119,0.135962,0
607393139652558847,0.142366,0
607393139786776575,0.160369,0
607393139920994303,0.142911,0
607393141263171583,0.121875,0
607393141397389311,0.121858,0
607393141531607039,0.137386,0
607393141665824767,0.143735,0
607393141800042495,0.125494,0
607393141934260223,0.126919,0
607393142068477951,0.120218,0
607393142336913407,0.126148,0
607393142471131135,0.126822,0
607393142605348863,0.124151,0
607393142739566591,0.12877,0
607393142873784319,0.125544,0
607393143008002047,0.124859,0
607393143142219775,0.127563,0
607393143410655231,0.264162,0
607393143544872959,0.238025,0
607393143679090687,0.223304,0
607393143813308415,0.235519,0
607393143947526143,0.143526,0
607393144081743871,0.134128,0
607393144215961599,0.276369,0
607393144484397055,0.13387,0
607393144618614783,0.137826,0
607393144752832511,0.146616,0
607393144887050239,0.143183,0
607393145021267967,0.135487,0
607393145155485695,0.1296,0
607393145289703423,0.138425,0
607393145558138879,0.116311,0
607393145692356607,0.118109,0
607393145826574335,0.112583,0
607393145960792063,0.119262,0
607393146095009791,0.118148,0
607393146229227519,0.117815,0
607393146363445247,0.107556,0
607393146631880703,0.121328,0
607393146766098431,0.12555,0
607393146900316159,0.116119,0
607393147034533887,0.123906,0
607393147168751615,0.111219,0
607393147302969343,0.116295,0
607393147437187071,0.115248,0
607393147705622527,0.125494,0
607393147839840255,0.133448,0
607393147974057983,0.17109,0
607393148108275711,0.148673,0
607393148242493439,0.113023,0
607393148376711167,0.118823,0
607393148510928895,0.125143,0
607393149853106175,0.114213,0
607393149987323903,0.111945,0
607393150121541631,0.126916,0
607393150255759359,0.121364,0
607393150389977087,0.117046,0
607393150524194815,0.114249,0
607393150658412543,0.1273,0
607393150926847999,0.112,0
607393151061065727,0.106289,0
607393151195283455,0.112254,0
607393151329501183,0.109135,0
607393151463718911,0.113477,0
607393151597936639,0.109588,0
607393151732154367,0.11079,0
607393152000589823,0.150583,0
607393152134807551,0.144072,0
607393152269025279,0.142961,0
607393152403243007,0.139899,0
607393152537460735,0.132914,0
607393152671678463,0.126925,0
607393152805896191,0.172038,0
607393153074331647,0.13089,0
607393153208549375,0.123165,0
607393153342767103,0.142046,0
607393153476984831,0.141579,0
607393153611202559,0.116671,0
607393153745420287,0.115358,0
607393153879638015,0.130114,0
607393154148073471,0.118221,0
607393154282291199,0.120106,0
607393154416508927,0.126391,0
607393154550726655,0.125387,0
607393154684944383,0.122118,0
607393154819162111,0.109946,0
607393154953379839,0.122717,0
607393155221815295,0.111582,0
607393155356033023,0.110236,0
607393155490250751,0.114719,0
607393155624468479,0.116642,0
607393155758686207,0.108997,0
607393155892903935,0.11903,0
607393156027121663,0.109504,0
607393156295557119,0.132846,0
607393156429774847,0.127271,0
607393156563992575,0.141198,0
607393156698210303,0.134429,0
607393156832428031,0.127243,0
607393156966645759,0.126085,0
607393157100863487,0.135345,0
607393158443040767,0.141042,0
607393158577258495,0.16517,0
607393158711476223,0.152617,0
607393158845693951,0.156988,0
607393158979911679,0.177965,0
607393159114129407,0.17533,0
607393159248347135,0.14367,0
607393159516782591,0.17417,0
607393159651000319,0.147202,0
607393159785218047,0.166604,0
607393159919435775,0.170175,0
607393160053653503,0.182103,0
607393160187871231,0.165875,0
607393160322088959,0.153061,0
607393160590524415,0.155734,0
607393160724742143,0.154936,0
607393160858959871,0.157209,0
607393160993177599,0.159105,0
607393161127395327,0.154185,0
607393161261613055,0.15983,0
607393161395830783,0.155871,0
607393161664266239,0.153605,0
607393161798483967,0.166418,0
607393161932701695,0.161371,0
607393162066919423,0.160379,0
607393162201137151,0.151273,0
607393162335354879,0.166117,0
607393162469572607,0.15439,0
607393162738008063,0.174999,0
607393162872225791,0.18478,0
607393163006443519,0.169431,0
607393163140661247,0.176524,0
607393163274878975,0.167305,0
607393163409096703,0.157061,0
607393163543314431,0.177154,0
607393163811749887,0.159386,0
607393163945967615,0.191999,0
607393164080185343,0.165416,0
607393164214403071,0.153968,0
607393164348620799,0.179732,0
607393164482838527,0.2577,0
607393164617056255,0.157034,0
607393164885491711,0.162154,0
607393165019709439,0.158717,0
607393165153927167,0.150932,0
607393165288144895,0.155673,0
607393165422362623,0.154672,0
607393165556580351,0.141624,0
607393165690798079,0.154872,0
607393175622909951,0.0900876,0
607393175757127679,0.0868787,0
607393175891345407,0.0714825,0
607393176025563135,0.0752463,0
607393176159780863,0.0923157,0
607393176293998591,0.0962942,0
607393176428216319,0.089985,0
607393176696651775,0.0870713,0
607393176830869503,0.0870749,0
607393176965087231,0.0791254,0
607393177099304959,0.070685,0
607393177233522687,0.0909675,0
607393177367740415,0.0955727,0
607393177501958143,0.0954707,0
607393177770393599,0.0786656,0
607393177904611327,0.0844833,0
607393178038829055,0.0765024,0
607393178173046783,0.0871012,0
607393178307264511,0.0794686,0
607393178441482239,0.0851946,0
607393178575699967,0.0814661,0
607393178844135423,0.0838569,0
607393178978353151,0.0764162,0
607393179112570879,0.0879098,0
607393179246788607,0.0854134,0
607393179381006335,0.0832262,0
607393179515224063,0.0764257,0
607393179649441791,0.0784824,0
607393179917877247,0.108219,0
607393180052094975,0.0996364,0
607393180186312703,0.103657,0
607393180320530431,0.095494,0
607393180454748159,0.110466,0
607393180588965887,0.108582,0
607393180723183615,0.114637,0
607393180991619071,0.103731,0
607393181125836799,0.0983579,0
607393181260054527,0.0957273,0
607393181394272255,0.0862766,0
607393181528489983,0.0932624,0
607393181662707711,0.097819,0
607393181796925439,0.108666,0
607393182065360895,0.0896247,0
607393182199578623,0.0827119,0
607393182333796351,0.0976419,0
607393182468014079,0.0919191,0
607393182602231807,0.107596,0
607393182736449535,0.0901026,0
607393182870667263,0.0977562,0
607393184212844543,0.102401,0
607393184347062271,0.105992,0
607393184481279999,0.0916171,0
607393184615497727,0.0990707,0
607393184749715455,0.112844,0
607393184883933183,0.101549,0
607393185018150911,0.0932034,0
607393185286586367,0.100371,0
607393185420804095,0.103234,0
607393185555021823,0.105177,0
607393185689239551,0.103935,0
607393185823457279,0.108771,0
607393185957675007,0.107954,0
607393186091892735,0.102618,0
607393186360328191,0.0953037,0
607393186494545919,0.0955953,0
607393186628763647,0.0909705,0
607393186762981375,0.0911948,0
607393186897199103,0.0892129,0
607393187031416831,0.0892064,0
607393187165634559,0.0853821,0
607393187434070015,0.0892379,0
607393187568287743,0.0930659,0
607393187702505471,0.0854426,0
607393187836723199,0.0858672,0
607393187970940927,0.095526,0
607393188105158655,0.0937956,0
607393188239376383,0.0868974,0
607393188507811839,0.105689,0
607393188642029567,0.116889,0
607393188776247295,0.100945,0
607393188910465023,0.111644,0
607393189044682751,0.107581,0
607393189178900479,0.111031,0
607393189313118207,0.0984317,0
607393189581553663,0.108344,0
607393189715771391,0.111918,0
607393189849989119,0.119717,0
607393189984206847,0.118289,0
607393190118424575,0.115484,0
607393190252642303,0.115213,0
607393190386860031,0.107197,0
607393190655295487,0.0794839,0
607393190789513215,0.0893481,0
607393190923730943,0.0753538,0
607393191057948671,0.0833194,0
607393191192166399,0.0767626,0
607393191326384127,0.088328,0
607393191460601855,0.0772391,0
607393192802779135,0.0886466,0
607393192936996863,0.0855201,0
607393193071214591,0.0862128,0
607393193205432319,0.0864052,0
607393193339650047,0.0918089,0
607393193473867775,0.094857,0
607393193608085503,0.0990215,0
607393193876520959,0.0740304,0
607393194010738687,0.0847589,0
607393194144956415,0.073871,0
607393194279174143,0.0903772,0
607393194413391871,0.0812705,0
607393194547609599,0.0809838,0
607393194681827327,0.0877846,0
607393194950262783,0.0884793,0
607393195084480511,0.0828076,0
607393195218698239,0.083817,0
607393195352915967,0.0809359,0
607393195487133695,0.0856227,0
607393195621351423,0.0811911,0
607393195755569151,0.0829963,0
607393196024004607,0.0835093,0
607393196158222335,0.0856142,0
607393196292440063,0.0713938,0
607393196426657791,0.0826587,0
607393196560875519,0.0775327,0
607393196695093247,0.0847188,0
607393196829310975,0.0781421,0
607393197097746431,0.0936961,0
607393197231964159,0.0931855,0
607393197366181887,0.105631,0
607393197500399615,0.0964619,0
607393197634617343,0.119053,0
607393197768835071,0.099282,0
607393197903052799,0.12644,0
607393198171488255,0.0932078,0
607393198305705983,0.0900495,0
607393198439923711,0.0964531,0
607393198574141439,0.0965853,0
607393198708359167,0.104622,0
607393198842576895,0.0839442,0
607393198976794623,0.0977038,0
607393199245230079,0.0903376,0
607393199379447807,0.0878443,0
607393199513665535,0.096462,0
607393199647883263,0.091244,0
607393199782100991,0.119596,0
607393199916318719,0.0996233,0
607393200050536447,0.112056,0
607393201392713727,0.0888624,0
607393201526931455,0.0908825,0
607393201661149183,0.0908062,0
607393201795366911,0.094098,0
607393201929584639,0.0934481,0
607393202063802367,0.0931388,0
607393202198020095,0.0911301,0
607393202466455551,0.091107,0
607393202600673279,0.0903806,0
607393202734891007,0.0922892,0
607393202869108735,0.0884128,0
607393203003326463,0.088876,0
607393203137544191,0.0880422,0
607393203271761919,0.0895509,0
607393203540197375,0.0894865,0
607393203674415103,0.0838864,0
607393203808632831,0.0807481,0
607393203942850559,0.0826253,0
607393204077068287,0.0918169,0
607393204211286015,0.0844619,0
607393204345503743,0.0797231,0
607393204613939199,0.0873254,0
607393204748156927,0.0831001,0
607393204882374655,0.0849509,0
607393205016592383,0.0869504,0
607393205150810111,0.0904149,0
607393205285027839,0.082766,0
607393205419245567,0.0825485,0
607393205687681023,0.0956749,0
607393205821898751,0.0925127,0
607393205956116479,0.0878123,0
607393206090334207,0.084751,0
607393206224551935,0.0891508,0
607393206358769663,0.0914333,0
607393206492987391,0.0897113,0
607393206761422847,0.0866052,0
607393206895640575,0.0897224,0
607393207029858303,0.089782,0
607393207164076031,0.0887482,0
607393207298293759,0.080318,0
607393207432511487,0.0864526,0
607393207566729215,0.0850649,0
607393207835164671,0.0898736,0
607393207969382399,0.0871913,0
607393208103600127,0.0904958,0
607393208237817855,0.0834313,0
607393208372035583,0.0866649,0
607393208506253311,0.0858491,0
607393208640471039,0.089232,0
607393209982648319,0.118359,0
607393210116866047,0.120482,0
607393210251083775,0.11762,0
607393210385301503,0.112364,0
607393210519519231,0.118081,0
607393210653736959,0.120736,0
607393210787954687,0.117115,0
607393211056390143,0.120689,0
607393211190607871,0.117736,0
607393211324825599,0.118675,0
607393211459043327,0.109274,0
607393211593261055,0.129135,0
607393211727478783,0.127925,0
607393211861696511,0.123297,0
607393212130131967,0.119748,0
607393212264349695,0.11951,0
607393212398567423,0.109099,0
607393212532785151,0.10461,0
607393212667002879,0.112536,0
607393212801220607,0.113197,0
607393212935438335,0.117862,0
607393213203873791,0.117946,0
607393213338091519,0.111864,0
607393213472309247,0.112567,0
607393213606526975,0.0989562,0
607393213740744703,0.105507,0
607393213874962431,0.11076,0
607393214009180159,0.123081,0
607393214277615615,0.127026,0
607393214411833343,0.117787,0
607393214546051071,0.134263,0
607393214680268799,0.12507,0
607393214814486527,0.135965,0
607393214948704255,0.128215,0
607393215082921983,0.129754,0
607393215351357439,0.12579,0
607393215485575167,0.125777,0
607393215619792895,0.12172,0
607393215754010623,0.130971,0
607393215888228351,0.136243,0
607393216022446079,0.136862,0
607393216156663807,0.12677,0
607393216425099263,0.128653,0
607393216559316991,0.122284,0
607393216693534719,0.125058,0
607393216827752447,0.117141,0
607393216961970175,0.133311,0
607393217096187903,0.124563,0
607393217230405631,0.134788,0
607393218572582911,0.117258,0
607393218706800639,0.113211,0
607393218841018367,0.121444,0
607393218975236095,0.113974,0
607393219109453823,0.115208,0
607393219243671551,0.116509,0
607393219377889279,0.106948,0
607393219646324735,0.123152,0
607393219780542463,0.127134,0
607393219914760191,0.109186,0
607393220048977919,0.117905,0
607393220183195647,0.123421,0
607393220317413375,0.127684,0
607393220451631103,0.12494,0
607393220720066559,0.107025,0
607393220854284287,0.115396,0
607393220988502015,0.102425,0
607393221122719743,0.105988,0
607393221256937471,0.110192,0
607393221391155199,0.114333,0
607393221525372927,0.0974339,0
607393221793808383,0.108276,0
607393221928026111,0.105774,0
607393222062243839,0.113053,0
607393222196461567,0.117269,0
607393222330679295,0.107781,0
607393222464897023,0.107605,0
607393222599114751,0.106935,0
607393222867550207,0.121606,0
607393223001767935,0.128032,0
607393223135985663,0.112316,0
607393223270203391,0.113122,0
607393223404421119,0.117431,0
607393223538638847,0.12359,0
607393223672856575,0.121724,0
607393223941292031,0.121814,0
607393224075509759,0.125207,0
607393224209727487,0.131838,0
607393224343945215,0.128591,0
607393224478162943,0.139957,0
607393224612380671,0.119905,0
607393224746598399,0.119772,0
607393225015033855,0.107127,0
607393225149251583,0.11399,0
607393225283469311,0.0984861,0
607393225417687039,0.104239,0
607393225551904767,0.103482,0
607393225686122495,0.105652,0
607393225820340223,0.111566,0
607393227162517503,0.113824,0
607393227296735231,0.109248,0
607393227430952959,0.123023,0
607393227565170687,0.108379,0
607393227699388415,0.121752,0
607393227833606143,0.104545,0
607393227967823871,0.119016,0
607393228236259327,0.104668,0
607393228370477055,0.104837,0
607393228504694783,0.117052,0
607393228638912511,0.0935245,0
607393228773130239,0.111169,0
607393228907347967,0.106214,0
607393229041565695,0.107714,0
607393229310001151,0.105573,0
607393229444218879,0.120506,0
607393229578436607,0.115103,0
607393229712654335,0.101558,0
607393229846872063,0.12693,0
607393229981089791,0.106618,0
607393230115307519,0.129546,0
607393230383742975,0.0940804,0
607393230517960703,0.108975,0
607393230652178431,0.104606,0
607393230786396159,0.100552,0
607393230920613887,0.109964,0
607393231054831615,0.0935138,0
607393231189049343,0.102023,0
607393231457484799,0.138374,0
607393231591702527,0.128913,0
607393231725920255,0.132218,0
607393231860137983,0.128064,0
607393231994355711,0.130413,0
607393232128573439,0.12663,0
607393232262791167,0.135731,0
607393232531226623,0.124144,0
607393232665444351,0.112349,0
607393232799662079,0.117507,0
607393232933879807,0.114049,0
607393233068097535,0.120973,0
607393233202315263,0.115802,0
607393233336532991,0.126999,0
607393233604968447,0.130963,0
607393233739186175,0.126047,0
607393233873403903,0.124739,0
607393234007621631,0.125316,0
607393234141839359,0.134048,0
607393234276057087,0.119967,0
607393234410274815,0.140677,0
607393313061863423,0.0743162,0
607393313196081151,0.0747868,0
607393313330298879,0.0823907,0
607393313464516607,0.0703067,0
607393313598734335,0.0696501,0
607393313732952063,0.0720699,0
607393313867169791,0.0770526,0
607393314135605247,0.078051,0
607393314269822975,0.0749872,0
607393314404040703,0.0804993,0
607393314538258431,0.0818099,0
607393314672476159,0.0727031,0
607393314806693887,0.0791691,0
607393314940911615,0.0830706,0
607393315209347071,0.0693185,0
607393315343564799,0.0734059,0
607393315477782527,0.0685617,0
607393315612000255,0.0713723,0
607393315746217983,0.0704749,0
607393315880435711,0.073766,0
607393316014653439,0.0685312,0
607393316283088895,0.0724333,0
607393316417306623,0.0712836,0
607393316551524351,0.0778745,0
607393316685742079,0.0729731,0
607393316819959807,0.0735943,0
607393316954177535,0.0740133,0
607393317088395263,0.0779656,0
607393317356830719,0.0787806,0
607393317491048447,0.0744298,0
607393317625266175,0.0775619,0
607393317759483903,0.0764295,0
607393317893701631,0.0720161,0
607393318027919359,0.0732746,0
607393318162137087,0.0741765,0
607393318430572543,0.0730652,0
607393318564790271,0.0693942,0
607393318699007999,0.0715758,0
607393318833225727,0.0724668,0
607393318967443455,0.0742514,0
607393319101661183,0.074084,0
607393319235878911,0.0751598,0
607393319504314367,0.077688,0
607393319638532095,0.0815649,0
607393319772749823,0.0716104,0
607393319906967551,0.0736055,0
607393320041185279,0.0702659,0
607393320175403007,0.0719773,0
607393320309620735,0.0677941,0
607393321651798015,0.072459,0
607393321786015743,0.06852,0
607393321920233471,0.0750437,0
607393322054451199,0.068437,0
607393322188668927,0.0706265,0
607393322322886655,0.0712919,0
607393322457104383,0.0705385,0
607393322725539839,0.0659428,0
607393322859757567,0.065968,0
607393322993975295,0.064951,0
607393323128193023,0.0647105,0
607393323262410751,0.0686058,0
607393323396628479,0.067236,0
607393323530846207,0.0664361,0
607393323799281663,0.0772065,0
607393323933499391,0.0719208,0
607393324067717119,0.0746985,0
607393324201934847,0.0707396,0
607393324336152575,0.0777367,0
607393324470370303,0.0759557,0
607393324604588031,0.0747869,0
607393324873023487,0.0671115,0
607393325007241215,0.0615537,0
607393325141458943,0.0676727,0
607393325275676671,0.0661286,0
607393325409894399,0.0691693,0
607393325544112127,0.0676662,0
607393325678329855,0.0686903,0
607393325946765311,0.0770147,0
607393326080983039,0.068465,0
607393326215200767,0.073006,0
607393326349418495,0.0707138,0
607393326483636223,0.0690693,0
607393326617853951,0.0748799,0
607393326752071679,0.0721429,0
607393327020507135,0.0712566,0
607393327154724863,0.0745638,0
607393327288942591,0.0694946,0
607393327423160319,0.0706361,0
607393327557378047,0.0688929,0
607393327691595775,0.0760281,0
607393327825813503,0.0728454,0
607393328094248959,0.0746308,0
607393328228466687,0.0725225,0
607393328362684415,0.0714526,0
607393328496902143,0.0676499,0
607393328631119871,0.0717899,0
607393328765337599,0.0735203,0
607393328899555327,0.0744715,0
607393330241732607,0.0754777,0
607393330375950335,0.073757,0
607393330510168063,0.0672074,0
607393330644385791,0.0694154,0
607393330778603519,0.0722231,0
607393330912821247,0.077541,0
607393331047038975,0.0660598,0
607393331315474431,0.0701537,0
607393331449692159,0.0719811,0
607393331583909887,0.0766135,0
607393331718127615,0.0803758,0
607393331852345343,0.0673477,0
607393331986563071,0.0667698,0
607393332120780799,0.0728506,0
607393332389216255,0.0656252,0
607393332523433983,0.0669433,0
607393332657651711,0.0589544,0
607393332791869439,0.0622662,0
607393332926087167,0.0710552,0
607393333060304895,0.069054,0
607393333194522623,0.0596613,0
607393333462958079,0.0659584,0
607393333597175807,0.0716862,0
607393333731393535,0.0682074,0
607393333865611263,0.072063,0
607393333999828991,0.0704391,0
607393334134046719,0.0694163,0
607393334268264447,0.0661496,0
607393334536699903,0.0674654,0
607393334670917631,0.0655344,0
607393334805135359,0.0669843,0
607393334939353087,0.0682021,0
607393335073570815,0.0654727,0
607393335207788543,0.0636556,0
607393335342006271,0.0649184,0
607393335610441727,0.0676217,0
607393335744659455,0.0704147,0
607393335878877183,0.073536,0
607393336013094911,0.0688079,0
607393336147312639,0.0721169,0
607393336281530367,0.0710944,0
607393336415748095,0.0609289,0
607393336684183551,0.0637439,0
607393336818401279,0.0642812,0
607393336952619007,0.0665605,0
607393337086836735,0.0692013,0
607393337221054463,0.0663187,0
607393337355272191,0.0649872,0
607393337489489919,0.0618692,0
607393338831667199,0.0748933,0
607393338965884927,0.0765411,0
607393339100102655,0.0780411,0
607393339234320383,0.0713338,0
607393339368538111,0.0711372,0
607393339502755839,0.0697513,0
607393339636973567,0.0697589,0
607393339905409023,0.0780596,0
607393340039626751,0.0739469,0
607393340173844479,0.0755858,0
607393340308062207,0.0735528,0
607393340442279935,0.0759467,0
607393340576497663,0.0774177,0
607393340710715391,0.0802598,0
607393340979150847,0.0749407,0
607393341113368575,0.0834829,0
607393341247586303,0.0813906,0
607393341381804031,0.0859732,0
607393341516021759,0.074424,0
607393341650239487,0.0725246,0
607393341784457215,0.0735623,0
607393342052892671,0.0754579,0
607393342187110399,0.0683373,0
607393342321328127,0.0837764,0
607393342455545855,0.0783947,0
607393342589763583,0.0773905,0
607393342723981311,0.0712807,0
607393342858199039,0.0806634,0
607393343126634495,0.0756886,0
607393343260852223,0.0708487,0
607393343395069951,0.0737158,0
607393343529287679,0.0714995,0
607393343663505407,0.0720751,0
607393343797723135,0.0718922,0
607393343931940863,0.0704166,0
607393344200376319,0.0722497,0
607393344334594047,0.0770406,0
607393344468811775,0.071112,0
607393344603029503,0.0690499,0
607393344737247231,0.070499,0
607393344871464959,0.07278,0
607393345005682687,0.0700399,0
607393345274118143,0.0738575,0
607393345408335871,0.0740862,0
607393345542553599,0.0730694,0
607393345676771327,0.0797206,0
607393345810989055,0.0747723,0
607393345945206783,0.0715642,0
607393346079424511,0.0721788,0
607393347421601791,0.0742589,0
607393347555819519,0.0783417,0
607393347690037247,0.0786125,0
607393347824254975,0.0698765,0
607393347958472703,0.0905519,0
607393348092690431,0.0878502,0
607393348226908159,0.084329,0
607393348495343615,0.0892423,0
607393348629561343,0.0860685,0
607393348763779071,0.0876329,0
607393348897996799,0.0944671,0
607393349032214527,0.0903209,0
607393349166432255,0.105852,0
607393349300649983,0.0872832,0
607393349569085439,0.0643091,0
607393349703303167,0.0686632,0
607393349837520895,0.0718021,0
607393349971738623,0.0671891,0
607393350105956351,0.0746321,0
607393350240174079,0.0708925,0
607393350374391807,0.0704375,0
607393350642827263,0.0730112,0
607393350777044991,0.0736844,0
607393350911262719,0.0752997,0
607393351045480447,0.0756099,0
607393351179698175,0.074219,0
607393351313915903,0.080162,0
607393351448133631,0.0729267,0
607393351716569087,0.0840926,0
607393351850786815,0.0913548,0
607393351985004543,0.0833094,0
607393352119222271,0.0842661,0
607393352253439999,0.0901348,0
607393352387657727,0.0896139,0
607393352521875455,0.0855821,0
607393352790310911,0.108566,0
607393352924528639,0.0929223,0
607393353058746367,0.100148,0
607393353192964095,0.0962815,0
607393353327181823,0.0990297,0
607393353461399551,0.0959706,0
607393353595617279,0.102272,0
607393353864052735,0.0662306,0
607393353998270463,0.0724903,0
607393354132488191,0.0658437,0
607393354266705919,0.0686069,0
607393354400923647,0.0756518,0
607393354535141375,0.0771369,0
607393354669359103,0.0730602,0
607393356011536383,0.0796759,0
607393356145754111,0.0747245,0
607393356279971839,0.0775752,0
607393356414189567,0.0750546,0
607393356548407295,0.0861312,0
607393356682625023,0.0796973,0
607393356816842751,0.0797375,0
607393357085278207,0.0847285,0
607393357219495935,0.0781103,0
607393357353713663,0.0788895,0
607393357487931391,0.0794587,0
607393357622149119,0.081873,0
607393357756366847,0.0755551,0
607393357890584575,0.0833114,0
607393358159020031,0.0713368,0
607393358293237759,0.0710148,0
607393358427455487,0.0730468,0
607393358561673215,0.0709744,0
607393358695890943,0.0732933,0
607393358830108671,0.0741821,0
607393358964326399,0.0760847,0
607393359232761855,0.0728623,0
607393359366979583,0.066309,0
607393359501197311,0.0708255,0
607393359635415039,0.0665879,0
607393359769632767,0.0754431,0
607393359903850495,0.0747294,0
607393360038068223,0.0692347,0
607393360306503679,0.103436,0
607393360440721407,0.0847475,0
607393360574939135,0.0875886,0
607393360709156863,0.0787052,0
607393360843374591,0.10733,0
607393360977592319,0.0828411,0
607393361111810047,0.109984,0
607393361380245503,0.183294,0
607393361514463231,0.0849901,0
607393361648680959,0.0951175,0
607393361782898687,0.149192,0
607393361917116415,0.100639,0
607393362051334143,0.0957336,0
607393362185551871,0.096217,0
607393362453987327,0.08371,0
607393362588205055,0.0757347,0
607393362722422783,0.0759372,0
607393362856640511,0.0724502,0
607393362990858239,0.0811209,0
607393363125075967,0.0839904,0
607393363259293695,0.0763514,0
607393364601470975,0.0546654,0
607393364735688703,0.0668056,0
607393364869906431,0.0548417,0
607393365004124159,0.0584027,0
607393365138341887,0.057783,0
607393365272559615,0.0624636,0
607393365406777343,0.0559064,0
607393365675212799,0.0687995,0
607393365809430527,0.075141,0
607393365943648255,0.0653384,0
607393366077865983,0.0672507,0
607393366212083711,0.0730101,0
607393366346301439,0.0676578,0
607393366480519167,0.0705774,0
607393366748954623,0.0568713,0
607393366883172351,0.0650606,0
607393367017390079,0.0579675,0
607393367151607807,0.0613155,0
607393367285825535,0.0584343,0
607393367420043263,0.058892,0
607393367554260991,0.0587664,0
607393367822696447,0.0675456,0
607393367956914175,0.0664305,0
607393368091131903,0.0655089,0
607393368225349631,0.0653047,0
607393368359567359,0.0657212,0
607393368493785087,0.0686672,0
607393368628002815,0.0694134,0
607393368896438271,0.0582715,0
607393369030655999,0.058091,0
607393369164873727,0.0474099,0
607393369299091455,0.0544169,0
607393369433309183,0.057389,0
607393369567526911,0.0585856,0
607393369701744639,0.0568155,0
607393369970180095,0.0621507,0
607393370104397823,0.0718292,0
607393370238615551,0.0604207,0
607393370372833279,0.0668903,0
607393370507051007,0.0647113,0
607393370641268735,0.060276,0
607393370775486463,0.0620813,0
607393371043921919,0.0579762,0
607393371178139647,0.0541597,0
607393371312357375,0.0587679,0
607393371446575103,0.0585154,0
607393371580792831,0.0555728,0
607393371715010559,0.0613278,0
607393371849228287,0.0583401,0
607393381781340159,0.0842352,0
607393381915557887,0.0773109,0
607393382049775615,0.0821188,0
607393382183993343,0.0788353,0
607393382318211071,0.0856495,0
607393382452428799,0.0859845,0
607393382586646527,0.0856119,0
607393382855081983,0.0771549,0
607393382989299711,0.0782142,0
607393383123517439,0.0851322,0
607393383257735167,0.0814178,0
607393383391952895,0.0780397,0
607393383526170623,0.0848033,0
607393383660388351,0.0754797,0
607393383928823807,0.0848675,0
607393384063041535,0.08152,0
607393384197259263,0.0773247,0
607393384331476991,0.0749745,0
607393384465694719,0.0869483,0
607393384599912447,0.0809285,0
607393384734130175,0.085092,0
607393385002565631,0.0879064,0
607393385136783359,0.0897029,0
607393385271001087,0.0855111,0
607393385405218815,0.0878526,0
607393385539436543,0.0812995,0
607393385673654271,0.0885284,0
607393385807871999,0.0804969,0
607393386076307455,0.0837769,0
607393386210525183,0.0827172,0
607393386344742911,0.0874732,0
607393386478960639,0.0831278,0
607393386613178367,0.0897208,0
607393386747396095,0.0826689,0
607393386881613823,0.0886485,0
607393387150049279,0.0811539,0
607393387284267007,0.072897,0
607393387418484735,0.0783157,0
607393387552702463,0.079248,0
607393387686920191,0.089911,0
607393387821137919,0.0888585,0
607393387955355647,0.0817822,0
607393388223791103,0.0878577,0
607393388358008831,0.0836385,0
607393388492226559,0.0847872,0
607393388626444287,0.0800727,0
607393388760662015,0.0883281,0
607393388894879743,0.0821297,0
607393389029097471,0.0884228,0
607393390371274751,0.0963896,0
607393390505492479,0.101781,0
607393390639710207,0.0953874,0
607393390773927935,0.104388,0
607393390908145663,0.0963296,0
607393391042363391,0.0997989,0
607393391176581119,0.0922271,0
607393391445016575,0.102478,0
607393391579234303,0.104167,0
607393391713452031,0.10264,0
607393391847669759,0.103095,0
607393391981887487,0.10047,0
607393392116105215,0.100136,0
607393392250322943,0.0975556,0
607393392518758399,0.103632,0
607393392652976127,0.103794,0
607393392787193855,0.0964088,0
607393392921411583,0.10539,0
607393393055629311,0.0969907,0
607393393189847039,0.100124,0
607393393324064767,0.105082,0
607393393592500223,0.10262,0
607393393726717951,0.102224,0
607393393860935679,0.102684,0
607393393995153407,0.10389,0
607393394129371135,0.10408,0
607393394263588863,0.0999462,0
607393394397806591,0.100752,0
607393394666242047,0.0931471,0
607393394800459775,0.0859688,0
607393394934677503,0.0912655,0
607393395068895231,0.0960142,0
607393395203112959,0.0904592,0
607393395337330687,0.0978186,0
607393395471548415,0.0883777,0
607393395739983871,0.0937148,0
607393395874201599,0.0980006,0
607393396008419327,0.0931981,0
607393396142637055,0.0976747,0
607393396276854783,0.0949822,0
607393396411072511,0.0943389,0
607393396545290239,0.0938735,0
607393396813725695,0.0927848,0
607393396947943423,0.0931618,0
607393397082161151,0.0952945,0
607393397216378879,0.0960844,0
607393397350596607,0.0901193,0
607393397484814335,0.0906336,0
607393397619032063,0.090305,0
607393398961209343,0.0805795,0
607393399095427071,0.0761349,0
607393399229644799,0.0758125,0
607393399363862527,0.0671556,0
607393399498080255,0.0792677,0
607393399632297983,0.0766342,0
607393399766515711,0.0789031,0
607393400034951167,0.0828534,0
607393400169168895,0.0724841,0
607393400303386623,0.0729789,0
607393400437604351,0.0654238,0
607393400571822079,0.0731292,0
607393400706039807,0.0790615,0
607393400840257535,0.0778667,0
607393401108692991,0.0702227,0
607393401242910719,0.0681855,0
607393401377128447,0.0752277,0
607393401511346175,0.0703466,0
607393401645563903,0.0732304,0
607393401779781631,0.0677178,0
607393401913999359,0.0751116,0
607393402182434815,0.0739972,0
607393402316652543,0.0688949,0
607393402450870271,0.0636322,0
607393402585087999,0.0693783,0
607393402719305727,0.0610475,0
607393402853523455,0.0663521,0
607393402987741183,0.0661139,0
607393403256176639,0.0790474,0
607393403390394367,0.0774274,0
607393403524612095,0.0725778,0
607393403658829823,0.0741191,0
607393403793047551,0.0677861,0
607393403927265279,0.0752764,0
607393404061483007,0.0705538,0
607393404329918463,0.0830378,0
607393404464136191,0.0772173,0
607393404598353919,0.081101,0
607393404732571647,0.068203,0
607393404866789375,0.0862825,0
607393405001007103,0.0802325,0
607393405135224831,0.0846839,0
607393405403660287,0.0720991,0
607393405537878015,0.0732382,0
607393405672095743,0.0751245,0
607393405806313471,0.0700624,0
607393405940531199,0.0661848,0
607393406074748927,0.0712183,0
607393406208966655,0.0703194,0
607393407551143935,0.0848133,0
607393407685361663,0.0930486,0
607393407819579391,0.0822375,0
607393407953797119,0.0820717,0
607393408088014847,0.0890072,0
607393408222232575,0.0989221,0
607393408356450303,0.0830612,0
607393408624885759,0.107314,0
607393408759103487,0.104699,0
607393408893321215,0.112122,0
607393409027538943,0.115739,0
607393409161756671,0.0954361,0
607393409295974399,0.102672,0
607393409430192127,0.0992051,0
607393409698627583,0.0765475,0
607393409832845311,0.088848,0
607393409967063039,0.0859807,0
607393410101280767,0.0839123,0
607393410235498495,0.0797328,0
607393410369716223,0.0837451,0
607393410503933951,0.0753995,0
607393410772369407,0.1039,0
607393410906587135,0.110936,0
607393411040804863,0.0983326,0
607393411175022591,0.102735,0
607393411309240319,0.0933274,0
607393411443458047,0.106916,0
607393411577675775,0.0884373,0
607393411846111231,0.0839534,0
607393411980328959,0.0803895,0
607393412114546687,0.0768824,0
607393412248764415,0.0791872,0
607393412382982143,0.0837902,0
607393412517199871,0.0894341,0
607393412651417599,0.0824707,0
607393412919853055,0.0965706,0
607393413054070783,0.0942099,0
607393413188288511,0.0892395,0
607393413322506239,0.0970452,0
607393413456723967,0.092261,0
607393413590941695,0.0992405,0
607393413725159423,0.0894502,0
607393413993594879,0.0796742,0
607393414127812607,0.0763714,0
607393414262030335,0.0675281,0
607393414396248063,0.071878,0
607393414530465791,0.0677878,0
607393414664683519,0.0773073,0
607393414798901247,0.0668517,0
607393416141078527,0.090722,0
607393416275296255,0.0876933,0
607393416409513983,0.0816742,0
607393416543731711,0.0882608,0
607393416677949439,0.0817957,0
607393416812167167,0.091243,0
607393416946384895,0.0809789,0
607393417214820351,0.0971118,0
607393417349038079,0.0868795,0
607393417483255807,0.0953382,0
607393417617473535,0.0919288,0
607393417751691263,0.0898168,0
607393417885908991,0.0975712,0
607393418020126719,0.0985403,0
607393418288562175,0.0757272,0
607393418422779903,0.082433,0
607393418556997631,0.0810913,0
607393418691215359,0.0893081,0
607393418825433087,0.0783217,0
607393418959650815,0.0782842,0
607393419093868543,0.0748937,0
607393419362303999,0.0949405,0
607393419496521727,0.0856185,0
607393419630739455,0.0983781,0
607393419764957183,0.0826798,0
607393419899174911,0.088339,0
607393420033392639,0.0932388,0
607393420167610367,0.0889075,0
607393420436045823,0.0871724,0
607393420570263551,0.0847475,0
607393420704481279,0.0813812,0
607393420838699007,0.0822304,0
607393420972916735,0.0865356,0
607393421107134463,0.0873796,0
607393421241352191,0.0871563,0
607393421509787647,0.0914037,0
607393421644005375,0.0917774,0
607393421778223103,0.0825698,0
607393421912440831,0.0949261,0
607393422046658559,0.0843187,0
607393422180876287,0.092934,0
607393422315094015,0.0853981,0
607393422583529471,0.0799191,0
607393422717747199,0.0839467,0
607393422851964927,0.0782965,0
607393422986182655,0.0808992,0
607393423120400383,0.0796723,0
607393423254618111,0.0811755,0
607393423388835839,0.0856809,0
607393424731013119,0.0869687,0
607393424865230847,0.0851041,0
607393424999448575,0.0838642,0
607393425133666303,0.0923386,0
607393425267884031,0.0960219,0
607393425402101759,0.0812093,0
607393425536319487,0.0921883,0
607393425804754943,0.0924709,0
607393425938972671,0.0994745,0
607393426073190399,0.0866515,0
607393426207408127,0.0995848,0
607393426341625855,0.0851984,0
607393426475843583,0.0872043,0
607393426610061311,0.089594,0
607393426878496767,0.0817144,0
607393427012714495,0.0839073,0
607393427146932223,0.0833394,0
607393427281149951,0.0923002,0
607393427415367679,0.0830967,0
607393427549585407,0.0892182,0
607393427683803135,0.0813198,0
607393427952238591,0.092173,0
607393428086456319,0.0943331,0
607393428220674047,0.0955963,0
607393428354891775,0.103356,0
607393428489109503,0.0905713,0
607393428623327231,0.0970531,0
607393428757544959,0.0884394,0
607393429025980415,0.100538,0
607393429160198143,0.0991081,0
607393429294415871,0.0925362,0
607393429428633599,0.0987315,0
607393429562851327,0.100419,0
607393429697069055,0.100166,0
607393429831286783,0.0960584,0
607393430099722239,0.0977687,0
607393430233939967,0.0878815,0
607393430368157695,0.0952651,0
607393430502375423,0.0868576,0
607393430636593151,0.101058,0
607393430770810879,0.0931121,0
607393430905028607,0.101623,0
607393431173464063,0.101942,0
607393431307681791,0.0873995,0
607393431441899519,0.0880516,0
607393431576117247,0.0887638,0
607393431710334975,0.100404,0
607393431844552703,0.10466,0
607393431978770431,0.0994846,0
607393433320947711,0.0808479,0
607393433455165439,0.0795748,0
607393433589383167,0.0734955,0
607393433723600895,0.0694658,0
607393433857818623,0.0682006,0
607393433992036351,0.0676241,0
607393434126254079,0.0793295,0
607393434394689535,0.0756786,0
607393434528907263,0.0836843,0
607393434663124991,0.0724619,0
607393434797342719,0.0786361,0
607393434931560447,0.0729752,0
607393435065778175,0.0814348,0
607393435199995903,0.0713679,0
607393435468431359,0.0676283,0
607393435602649087,0.0737693,0
607393435736866815,0.0707609,0
607393435871084543,0.0656951,0
607393436005302271,0.072008,0
607393436139519999,0.064798,0
607393436273737727,0.0714002,0
607393436542173183,0.074237,0
607393436676390911,0.0802968,0
607393436810608639,0.0773418,0
607393436944826367,0.0765774,0
607393437079044095,0.0702554,0
607393437213261823,0.0806353,0
607393437347479551,0.0652513,0
607393437615915007,0.0800176,0
607393437750132735,0.0755265,0
607393437884350463,0.0819391,0
607393438018568191,0.0766984,0
607393438152785919,0.0740976,0
607393438287003647,0.0799842,0
607393438421221375,0.0702017,0
607393438689656831,0.0719151,0
607393438823874559,0.0729777,0
607393438958092287,0.0686952,0
607393439092310015,0.0724981,0
607393439226527743,0.0773464,0
607393439360745471,0.0767511,0
607393439494963199,0.0770077,0
607393439763398655,0.0720565,0
607393439897616383,0.0770514,0
607393440031834111,0.0715717,0
607393440166051839,0.0773089,0
607393440300269567,0.0742037,0
607393440434487295,0.0737373,0
607393440568705023,0.0718132,0
607393450500816895,0.0663763,0
607393450635034623,0.0690705,0
607393450769252351,0.0709271,0
607393450903470079,0.0745703,0
607393451037687807,0.0647104,0
607393451171905535,0.0685962,0
607393451306123263,0.0605653,0
607393451574558719,0.0649231,0
607393451708776447,0.0645083,0
607393451842994175,0.066469,0
607393451977211903,0.067695,0
607393452111429631,0.0627565,0
607393452245647359,0.0631334,0
607393452379865087,0.0646975,0
607393452648300543,0.0814067,0
607393452782518271,0.0802261,0
607393452916735999,0.0757267,0
607393453050953727,0.0785793,0
607393453185171455,0.0760274,0
607393453319389183,0.0777473,0
607393453453606911,0.0810353,0
607393453722042367,0.0808587,0
607393453856260095,0.0737987,0
607393453990477823,0.0792821,0
607393454124695551,0.0796288,0
607393454258913279,0.072739,0
607393454393131007,0.0728998,0
607393454527348735,0.0771337,0
607393454795784191,0.0541214,0
607393454930001919,0.0550913,0
607393455064219647,0.0569243,0
607393455198437375,0.0592627,0
607393455332655103,0.0553092,0
607393455466872831,0.0526234,0
607393455601090559,0.054642,0
607393455869526015,0.0619693,0
607393456003743743,0.0644622,0
607393456137961471,0.06093,0
607393456272179199,0.0616339,0
607393456406396927,0.0631926,0
607393456540614655,0.059589,0
607393456674832383,0.05572,0
607393456943267839,0.0601955,0
607393457077485567,0.0660517,0
607393457211703295,0.0679854,0
607393457345921023,0.0720609,0
607393457480138751,0.0589538,0
607393457614356479,0.0620008,0
607393457748574207,0.0580941,0
607393459090751487,0.0631229,0
607393459224969215,0.0659406,0
607393459359186943,0.0680207,0
607393459493404671,0.0719825,0
607393459627622399,0.0676594,0
607393459761840127,0.0604299,0
607393459896057855,0.0669303,0
607393460164493311,0.0626161,0
607393460298711039,0.0759723,0
607393460432928767,0.0596232,0
607393460567146495,0.0663902,0
607393460701364223,0.0616417,0
607393460835581951,0.0620073,0
607393460969799679,0.062313,0
607393461238235135,0.0795969,0
607393461372452863,0.075266,0
607393461506670591,0.082378,0
607393461640888319,0.0786897,0
607393461775106047,0.0830767,0
607393461909323775,0.0749124,0
607393462043541503,0.0855158,0
607393462311976959,0.0755702,0
607393462446194687,0.0772911,0
607393462580412415,0.0791115,0
607393462714630143,0.0806033,0
607393462848847871,0.0650862,0
607393462983065599,0.0682953,0
607393463117283327,0.0731829,0
607393463385718783,0.0626845,0
607393463519936511,0.0679761,0
607393463654154239,0.0622834,0
607393463788371967,0.0694037,0
607393463922589695,0.0699347,0
607393464056807423,0.0638702,0
607393464191025151,0.0633206,0
607393464459460607,0.0623483,0
607393464593678335,0.0649404,0
607393464727896063,0.0653001,0
607393464862113791,0.0600145,0
607393464996331519,0.0771282,0
607393465130549247,0.0653547,0
607393465264766975,0.0690684,0
607393465533202431,0.0686111,0
607393465667420159,0.0770991,0
607393465801637887,0.0721596,0
607393465935855615,0.0830918,0
607393466070073343,0.0662483,0
607393466204291071,0.0684031,0
607393466338508799,0.0677826,0
607393467680686079,0.0736502,0
607393467814903807,0.0718323,0
607393467949121535,0.0772887,0
607393468083339263,0.07392,0
607393468217556991,0.0721606,0
607393468351774719,0.078479,0
607393468485992447,0.0743901,0
607393468754427903,0.078739,0
607393468888645631,0.0791912,0
607393469022863359,0.0772314,0
607393469157081087,0.0883428,0
607393469291298815,0.0758089,0
607393469425516543,0.0760511,0
607393469559734271,0.0820368,0
607393469828169727,0.0706972,0
607393469962387455,0.073419,0
607393470096605183,0.0726973,0
607393470230822911,0.0664651,0
607393470365040639,0.0765395,0
607393470499258367,0.0767051,0
607393470633476095,0.0739818,0
607393470901911551,0.0785871,0
607393471036129279,0.0723733,0
607393471170347007,0.0746491,0
607393471304564735,0.0755225,0
607393471438782463,0.0753209,0
607393471573000191,0.0783879,0
607393471707217919,0.0715146,0
607393471975653375,0.0697617,0
607393472109871103,0.075995,0
607393472244088831,0.0694638,0
607393472378306559,0.0741268,0
607393472512524287,0.0666513,0
607393472646742015,0.0645088,0
607393472780959743,0.0707345,0
607393473049395199,0.0671446,0
607393473183612927,0.0677732,0
607393473317830655,0.068708,0
607393473452048383,0.0760368,0
607393473586266111,0.0686067,0
607393473720483839,0.0708317,0
607393473854701567,0.0688991,0
607393474123137023,0.0677286,0
607393474257354751,0.0766222,0
607393474391572479,0.0647373,0
607393474525790207,0.0763659,0
607393474660007935,0.0684021,0
607393474794225663,0.0696641,0
607393474928443391,0.0695844,0
607393476270620671,0.0876383,0
607393476404838399,0.0854229,0
607393476539056127,0.0847487,0
607393476673273855,0.0901255,0
607393476807491583,0.0802449,0
607393476941709311,0.0828968,0
607393477075927039,0.0844294,0
607393477344362495,0.0796117,0
607393477478580223,0.0716156,0
607393477612797951,0.081667,0
607393477747015679,0.0769564,0
607393477881233407,0.0876059,0
607393478015451135,0.077911,0
607393478149668863,0.0846604,0
607393478418104319,0.0751561,0
607393478552322047,0.0792097,0
607393478686539775,0.0812821,0
607393478820757503,0.0807418,0
607393478954975231,0.0744244,0
607393479089192959,0.0850706,0
607393479223410687,0.0741111,0
607393479491846143,0.0765756,0
607393479626063871,0.0760891,0
607393479760281599,0.0758865,0
607393479894499327,0.0767423,0
607393480028717055,0.0803827,0
607393480162934783,0.0767501,0
607393480297152511,0.084397,0
607393480565587967,0.0807472,0
607393480699805695,0.0764097,0
607393480834023423,0.0784177,0
607393480968241151,0.077477,0
607393481102458879,0.0827392,0
607393481236676607,0.0788941,0
607393481370894335,0.0744878,0
607393481639329791,0.0865939,0
607393481773547519,0.0875271,0
607393481907765247,0.0760804,0
607393482041982975,0.0883378,0
607393482176200703,0.0813751,0
607393482310418431,0.0844189,0
607393482444636159,0.0836407,0
607393482713071615,0.0843352,0
607393482847289343,0.0828532,0
607393482981507071,0.0762895,0
607393483115724799,0.0778276,0
607393483249942527,0.0834858,0
607393483384160255,0.0831331,0
607393483518377983,0.0801954,0
607393484860555263,0.0582451,0
607393484994772991,0.0564643,0
607393485128990719,0.0505252,0
607393485263208447,0.0558849,0
607393485397426175,0.0549286,0
607393485531643903,0.0607666,0
607393485665861631,0.0564788,0
607393485934297087,0.055993,0
607393486068514815,0.063203,0
607393486202732543,0.0595551,0
607393486336950271,0.060332,0
607393486471167999,0.0640522,0
607393486605385727,0.0612972,0
607393486739603455,0.0619045,0
607393487008038911,0.0480131,0
607393487142256639,0.0455991,0
607393487276474367,0.0463603,0
607393487410692095,0.0464982,0
607393487544909823,0.0488972,0
607393487679127551,0.0459817,0
607393487813345279,0.0483225,0
607393488081780735,0.0522381,0
607393488215998463,0.0511018,0
607393488350216191,0.0540084,0
607393488484433919,0.0519242,0
607393488618651647,0.0588833,0
607393488752869375,0.0586334,0
607393488887087103,0.0491672,0
607393489155522559,0.0476058,0
607393489289740287,0.049914,0
607393489423958015,0.0391426,0
607393489558175743,0.0516564,0
607393489692393471,0.0452863,0
607393489826611199,0.0495966,0
607393489960828927,0.0423857,0
607393490229264383,0.0612383,0
607393490363482111,0.0573202,0
607393490497699839,0.0618645,0
607393490631917567,0.0637804,0
607393490766135295,0.0558571,0
607393490900353023,0.0607426,0
607393491034570751,0.0567296,0
607393491303006207,0.0409272,0
607393491437223935,0.0452655,0
607393491571441663,0.0391067,0
607393491705659391,0.0480181,0
607393491839877119,0.0397521,0
607393491974094847,0.0504162,0
607393492108312575,0.0380677,0
607393493450489855,0.0676367,0
607393493584707583,0.0697239,0
607393493718925311,0.0705834,0
607393493853143039,0.0668455,0
607393493987360767,0.0738687,0
607393494121578495,0.0723802,0
607393494255796223,0.0652861,0
607393494524231679,0.0688186,0
607393494658449407,0.0779988,0
607393494792667135,0.071139,0
607393494926884863,0.0763701,0
607393495061102591,0.0725437,0
607393495195320319,0.0688476,0
607393495329538047,0.0723242,0
607393495597973503,0.0674678,0
607393495732191231,0.0679929,0
607393495866408959,0.0642433,0
607393496000626687,0.0682179,0
607393496134844415,0.0701437,0
607393496269062143,0.0710361,0
607393496403279871,0.0656859,0
607393496671715327,0.0661269,0
607393496805933055,0.0723484,0
607393496940150783,0.0692958,0
607393497074368511,0.0786417,0
607393497208586239,0.0686754,0
607393497342803967,0.0656981,0
607393497477021695,0.0699119,0
607393497745457151,0.0621412,0
607393497879674879,0.0690517,0
607393498013892607,0.0649424,0
607393498148110335,0.0712003,0
607393498282328063,0.0621414,0
607393498416545791,0.0643321,0
607393498550763519,0.0613327,0
607393498819198975,0.0742204,0
607393498953416703,0.0751377,0
607393499087634431,0.071976,0
607393499221852159,0.0739749,0
607393499356069887,0.0757643,0
607393499490287615,0.0776388,0
607393499624505343,0.0737925,0
607393499892940799,0.0629336,0
607393500027158527,0.0697361,0
607393500161376255,0.0593637,0
607393500295593983,0.0656824,0
607393500429811711,0.0594882,0
607393500564029439,0.0620741,0
607393500698247167,0.0571799,0
607393502040424447,0.0465004,0
607393502174642175,0.0489026,0
607393502308859903,0.0446152,0
607393502443077631,0.0499055,0
607393502577295359,0.0345021,0
607393502711513087,0.0487953,0
607393502845730815,0.040869,0
607393503114166271,0.0538795,0
607393503248383999,0.0567606,0
607393503382601727,0.0515486,0
607393503516819455,0.048618,0
607393503651037183,0.0543615,0
607393503785254911,0.0519155,0
607393503919472639,0.0496114,0
607393504187908095,0.0599628,0
607393504322125823,0.0544534,0
607393504456343551,0.0616804,0
607393504590561279,0.0620611,0
607393504724779007,0.0481033,0
607393504858996735,0.0537475,0
607393504993214463,0.0549655,0
607393505261649919,0.0546544,0
607393505395867647,0.0617285,0
607393505530085375,0.0592707,0
607393505664303103,0.0693575,0
607393505798520831,0.0551455,0
607393505932738559,0.0506189,0
607393506066956287,0.058087,0
607393506335391743,0.0342236,0
607393506469609471,0.0341489,0
607393506603827199,0.0374721,0
607393506738044927,0.0370218,0
607393506872262655,0.0322194,0
607393507006480383,0.0311197,0
607393507140698111,0.0591649,0
607393507409133567,0.0402586,0
607393507543351295,0.0489655,0
607393507677569023,0.0399478,0
607393507811786751,0.0440908,0
607393507946004479,0.0351098,0
607393508080222207,0.0484016,0
607393508214439935,0.032904,0
607393508482875391,0.050435,0
607393508617093119,0.0446365,0
607393508751310847,0.0515162,0
607393508885528575,0.0529966,0
607393509019746303,0.0447979,0
607393509153964031,0.0443702,0
607393509288181759,0.051339,0
607393519220293631,0.0835733,0
607393519354511359,0.0874413,0
607393519488729087,0.0895854,0
607393519622946815,0.0866548,0
607393519757164543,0.0882906,0
607393519891382271,0.0875293,0
607393520025599999,0.077314,0
607393520294035455,0.0895911,0
607393520428253183,0.0960742,0
607393520562470911,0.0959206,0
607393520696688639,0.0948622,0
607393520830906367,0.0847156,0
607393520965124095,0.0878783,0
607393521099341823,0.0885554,0
607393521367777279,0.087825,0
607393521501995007,0.09648,0
607393521636212735,0.0886814,0
607393521770430463,0.0983379,0
607393521904648191,0.0890977,0
607393522038865919,0.0869365,0
607393522173083647,0.0822222,0
607393522441519103,0.0937473,0
607393522575736831,0.0936626,0
607393522709954559,0.10139,0
607393522844172287,0.0870899,0
607393522978390015,0.0867246,0
607393523112607743,0.0906747,0
607393523246825471,0.0898912,0
607393523515260927,0.0844658,0
607393523649478655,0.096606,0
607393523783696383,0.090198,0
607393523917914111,0.0875398,0
607393524052131839,0.0898516,0
607393524186349567,0.0885503,0
607393524320567295,0.0828661,0
607393524589002751,0.0904362,0
607393524723220479,0.0862754,0
607393524857438207,0.0950342,0
607393524991655935,0.0867388,0
607393525125873663,0.0851242,0
607393525260091391,0.0831749,0
607393525394309119,0.0853858,0
607393525662744575,0.0730537,0
607393525796962303,0.0746152,0
607393525931180031,0.0770448,0
607393526065397759,0.0832796,0
607393526199615487,0.0782497,0
607393526333833215,0.0812261,0
607393526468050943,0.0709745,0
607393527810228223,0.0843408,0
607393527944445951,0.076566,0
607393528078663679,0.0774226,0
607393528212881407,0.0806276,0
607393528347099135,0.0875128,0
607393528481316863,0.0841314,0
607393528615534591,0.0835978,0
607393528883970047,0.0754144,0
607393529018187775,0.074061,0
607393529152405503,0.0725254,0
607393529286623231,0.0768375,0
607393529420840959,0.0799196,0
607393529555058687,0.0811642,0
607393529689276415,0.0696468,0
607393529957711871,0.0769897,0
607393530091929599,0.0715193,0
607393530226147327,0.0800259,0
607393530360365055,0.0733807,0
607393530494582783,0.0752043,0
607393530628800511,0.0766823,0
607393530763018239,0.0817398,0
607393531031453695,0.0777707,0
607393531165671423,0.0755697,0
607393531299889151,0.0694964,0
607393531434106879,0.0717133,0
607393531568324607,0.0702848,0
607393531702542335,0.0759199,0
607393531836760063,0.0763974,0
607393532105195519,0.0927998,0
607393532239413247,0.0932077,0
607393532373630975,0.0973025,0
607393532507848703,0.0989999,0
607393532642066431,0.0877697,0
607393532776284159,0.0878376,0
607393532910501887,0.0902235,0
607393533178937343,0.0955627,0
607393533313155071,0.0834086,0
607393533447372799,0.0821289,0
607393533581590527,0.0815468,0
607393533715808255,0.0889941,0
607393533850025983,0.0915941,0
607393533984243711,0.0882234,0
607393534252679167,0.0912942,0
607393534386896895,0.0872174,0
607393534521114623,0.0930498,0
607393534655332351,0.0880355,0
607393534789550079,0.0893526,0
607393534923767807,0.0904629,0
607393535057985535,0.0931156,0
607393536400162815,0.0865038,0
607393536534380543,0.0912887,0
607393536668598271,0.084882,0
607393536802815999,0.0907424,0
607393536937033727,0.0822064,0
607393537071251455,0.0876134,0
607393537205469183,0.0838475,0
607393537473904639,0.0916966,0
607393537608122367,0.0935451,0
607393537742340095,0.0893434,0
607393537876557823,0.0965656,0
607393538010775551,0.0906835,0
607393538144993279,0.0888608,0
607393538279211007,0.0934391,0
607393538547646463,0.0930279,0
607393538681864191,0.0953995,0
607393538816081919,0.0965503,0
607393538950299647,0.0901721,0
607393539084517375,0.0864274,0
607393539218735103,0.101774,0
607393539352952831,0.0879412,0
607393539621388287,0.0867713,0
607393539755606015,0.0868779,0
607393539889823743,0.0960854,0
607393540024041471,0.0943547,0
607393540158259199,0.0978573,0
607393540292476927,0.0863857,0
607393540426694655,0.0920154,0
607393540695130111,0.0726272,0
607393540829347839,0.0850078,0
607393540963565567,0.0721548,0
607393541097783295,0.0758059,0
607393541232001023,0.0726039,0
607393541366218751,0.0688777,0
607393541500436479,0.0750996,0
607393541768871935,0.0826384,0
607393541903089663,0.0854211,0
607393542037307391,0.0817353,0
607393542171525119,0.0858629,0
607393542305742847,0.0785905,0
607393542439960575,0.0833716,0
607393542574178303,0.081178,0
607393542842613759,0.0802843,0
607393542976831487,0.0830839,0
607393543111049215,0.0806912,0
607393543245266943,0.0878773,0
607393543379484671,0.0729517,0
607393543513702399,0.0756102,0
607393543647920127,0.0778103,0
607393544990097407,0.0757211,0
607393545124315135,0.0730113,0
607393545258532863,0.0753897,0
607393545392750591,0.0725206,0
607393545526968319,0.0731901,0
607393545661186047,0.0753359,0
607393545795403775,0.0780328,0
607393546063839231,0.0761349,0
607393546198056959,0.0778272,0
607393546332274687,0.0708875,0
607393546466492415,0.0688594,0
607393546600710143,0.073443,0
607393546734927871,0.0787275,0
607393546869145599,0.0721315,0
607393547137581055,0.0710091,0
607393547271798783,0.0721718,0
607393547406016511,0.0659841,0
607393547540234239,0.0654884,0
607393547674451967,0.0744462,0
607393547808669695,0.0749103,0
607393547942887423,0.0677264,0
607393548211322879,0.0620413,0
607393548345540607,0.0696312,0
607393548479758335,0.0644698,0
607393548613976063,0.0652994,0
607393548748193791,0.068879,0
607393548882411519,0.0664579,0
607393549016629247,0.0697458,0
607393549285064703,0.0751656,0
607393549419282431,0.0812417,0
607393549553500159,0.0830717,0
607393549687717887,0.0821676,0
607393549821935615,0.0921241,0
607393549956153343,0.0837731,0
607393550090371071,0.0829325,0
607393550358806527,0.085589,0
607393550493024255,0.0828364,0
607393550627241983,0.0840816,0
607393550761459711,0.080215,0
607393550895677439,0.0930078,0
607393551029895167,0.0917573,0
607393551164112895,0.0819111,0
607393551432548351,0.0804934,0
607393551566766079,0.0822566,0
607393551700983807,0.0904634,0
607393551835201535,0.0761946,0
607393551969419263,0.0807169,0
607393552103636991,0.0805544,0
607393552237854719,0.0822448,0
607393553580031999,0.0792333,0
607393553714249727,0.0828808,0
607393553848467455,0.0787136,0
607393553982685183,0.0748349,0
607393554116902911,0.0764308,0
607393554251120639,0.0752111,0
607393554385338367,0.0706525,0
607393554653773823,0.0768815,0
607393554787991551,0.0750817,0
607393554922209279,0.0797298,0
607393555056427007,0.0787993,0
607393555190644735,0.0791096,0
607393555324862463,0.076963,0
607393555459080191,0.0799119,0
607393555727515647,0.081765,0
607393555861733375,0.0926667,0
607393555995951103,0.0821972,0
607393556130168831,0.088565,0
607393556264386559,0.0833295,0
607393556398604287,0.0795812,0
607393556532822015,0.0753606,0
607393556801257471,0.0813436,0
607393556935475199,0.0879229,0
607393557069692927,0.0861552,0
607393557203910655,0.0863417,0
607393557338128383,0.0876312,0
607393557472346111,0.0820548,0
607393557606563839,0.0804322,0
607393557874999295,0.0685738,0
607393558009217023,0.0686996,0
607393558143434751,0.0738274,0
607393558277652479,0.0673916,0
607393558411870207,0.0744686,0
607393558546087935,0.0659047,0
607393558680305663,0.0718836,0
607393558948741119,0.0697745,0
607393559082958847,0.0710624,0
607393559217176575,0.0776,0
607393559351394303,0.0699716,0
607393559485612031,0.0753353,0
607393559619829759,0.0707548,0
607393559754047487,0.0749306,0
607393560022482943,0.068183,0
607393560156700671,0.0722696,0
607393560290918399,0.0700075,0
607393560425136127,0.0680388,0
607393560559353855,0.07867,0
607393560693571583,0.0659156,0
607393560827789311,0.0748987,0
607393562169966591,0.0814184,0
607393562304184319,0.0886286,0
607393562438402047,0.0810436,0
607393562572619775,0.0870664,0
607393562706837503,0.0748679,0
607393562841055231,0.0757369,0
607393562975272959,0.0755254,0
607393563243708415,0.0877534,0
607393563377926143,0.0949751,0
607393563512143871,0.0884438,0
607393563646361599,0.0865649,0
607393563780579327,0.0862704,0
607393563914797055,0.0868215,0
607393564049014783,0.0897914,0
607393564317450239,0.0902505,0
607393564451667967,0.0813747,0
607393564585885695,0.0837389,0
607393564720103423,0.082151,0
607393564854321151,0.0848262,0
607393564988538879,0.0860817,0
607393565122756607,0.0847303,0
607393565391192063,0.0882744,0
607393565525409791,0.0940362,0
607393565659627519,0.0847519,0
607393565793845247,0.0878245,0
607393565928062975,0.0894217,0
607393566062280703,0.0879068,0
607393566196498431,0.0869604,0
607393566464933887,0.0674689,0
607393566599151615,0.0754762,0
607393566733369343,0.0722997,0
607393566867587071,0.0732499,0
607393567001804799,0.0662656,0
607393567136022527,0.0646083,0
607393567270240255,0.0747542,0
607393567538675711,0.0689908,0
607393567672893439,0.0823452,0
607393567807111167,0.0698833,0
607393567941328895,0.075969,0
607393568075546623,0.0696203,0
607393568209764351,0.0686278,0
607393568343982079,0.066492,0
607393568612417535,0.0747637,0
607393568746635263,0.0811815,0
607393568880852991,0.0828831,0
607393569015070719,0.0824791,0
607393569149288447,0.0757963,0
607393569283506175,0.0722585,0
607393569417723903,0.0797463,0
607393570759901183,0.0627771,0
607393570894118911,0.0693634,0
607393571028336639,0.0611161,0
607393571162554367,0.0685786,0
607393571296772095,0.0678949,0
607393571430989823,0.0690801,0
607393571565207551,0.071843,0
607393571833643007,0.0752276,0
607393571967860735,0.0819855,0
607393572102078463,0.0768136,0
607393572236296191,0.0730307,0
607393572370513919,0.0833913,0
607393572504731647,0.080761,0
607393572638949375,0.0795605,0
607393572907384831,0.059132,0
607393573041602559,0.0657835,0
607393573175820287,0.0586119,0
607393573310038015,0.0651636,0
607393573444255743,0.064595,0
607393573578473471,0.059473,0
607393573712691199,0.0671601,0
607393573981126655,0.0672731,0
607393574115344383,0.0742959,0
607393574249562111,0.0634881,0
607393574383779839,0.0717382,0
607393574517997567,0.0735722,0
607393574652215295,0.0661766,0
607393574786433023,0.0684062,0
607393575054868479,0.0775011,0
607393575189086207,0.0728642,0
607393575323303935,0.0736513,0
607393575457521663,0.0691251,0
607393575591739391,0.0849525,0
607393575725957119,0.0753594,0
607393575860174847,0.0795658,0
607393576128610303,0.0710692,0
607393576262828031,0.0794061,0
607393576397045759,0.0715111,0
607393576531263487,0.0722871,0
607393576665481215,0.0779244,0
607393576799698943,0.0692117,0
607393576933916671,0.0767746,0
607393577202352127,0.0661524,0
607393577336569855,0.0694616,0
607393577470787583,0.0702209,0
607393577605005311,0.0675073,0
607393577739223039,0.0743889,0
607393577873440767,0.0692917,0
607393578007658495,0.0715772,0
607393587939770367,0.119836,0
607393588073988095,0.133918,0
607393588208205823,0.206755,0
607393588342423551,0.133162,0
607393588476641279,0.129637,0
607393588610859007,0.110703,0
607393588745076735,0.220378,0
607393589013512191,0.114429,0
607393589147729919,0.139887,0
607393589281947647,0.115742,0
607393589416165375,0.150713,0
607393589550383103,0.13095,0
607393589684600831,0.128546,0
607393589818818559,0.130663,0
607393590087254015,0.105803,0
607393590221471743,0.192197,0
607393590355689471,0.137028,0
607393590489907199,0.116792,0
607393590624124927,0.135468,0
607393590758342655,0.184183,0
607393590892560383,0.107594,0
607393591160995839,0.180046,0
607393591295213567,0.109024,0
607393591429431295,0.133345,0
607393591563649023,0.16168,0
607393591697866751,0.101559,0
607393591832084479,0.103738,0
607393591966302207,0.223226,0
607393592234737663,0.173278,0
607393592368955391,0.245367,0
607393592503173119,0.162158,0
607393592637390847,0.269462,0
607393592771608575,0.259678,0
607393592905826303,0.341542,0
607393593040044031,0.142773,0
607393593308479487,0.1936,0
607393593442697215,0.183256,0
607393593576914943,0.128192,0
607393593711132671,0.150892,0
607393593845350399,0.272927,0
607393593979568127,0.132502,0
607393594113785855,0.318913,0
607393594382221311,0.142557,0
607393594516439039,0.168455,0
607393594650656767,0.125583,0
607393594784874495,0.112462,0
607393594919092223,0.116534,0
607393595053309951,0.174403,0
607393595187527679,0.11932,0
607393596529704959,0.117724,0
607393596663922687,0.169421,0
607393596798140415,0.168623,0
607393596932358143,0.115363,0
607393597066575871,0.121072,0
607393597200793599,0.149154,0
607393597335011327,0.126577,0
607393597603446783,0.101364,0
607393597737664511,0.101498,0
607393597871882239,0.150623,0
607393598006099967,0.148317,0
607393598140317695,0.111332,0
607393598274535423,0.106146,0
607393598408753151,0.152957,0
607393598677188607,0.102127,0
607393598811406335,0.0980534,0
607393598945624063,0.0767661,0
607393599079841791,0.0819159,0
607393599214059519,0.139875,0
607393599348277247,0.0952672,0
607393599482494975,0.108804,0
607393599750930431,0.0952761,0
607393599885148159,0.0965426,0
607393600019365887,0.0934083,0
607393600153583615,0.0916314,0
607393600287801343,0.100192,0
607393600422019071,0.0948142,0
607393600556236799,0.0934382,0
607393600824672255,0.151273,0
607393600958889983,0.146807,0
607393601093107711,0.143924,0
607393601227325439,0.145644,0
607393601361543167,0.249776,0
607393601495760895,0.152275,0
607393601629978623,0.242946,0
607393601898414079,0.134465,0
607393602032631807,0.121908,0
607393602166849535,0.149599,0
607393602301067263,0.193348,0
607393602435284991,0.198229,0
607393602569502719,0.173614,0
607393602703720447,0.125546,0
607393602972155903,0.158885,0
607393603106373631,0.135363,0
607393603240591359,0.0873751,0
607393603374809087,0.189655,0
607393603509026815,0.176554,0
607393603643244543,0.243513,0
607393603777462271,0.1151,0
607393605119639551,0.0796696,0
607393605253857279,0.0795675,0
607393605388075007,0.0671244,0
607393605522292735,0.0673573,0
607393605656510463,0.0808525,0
607393605790728191,0.0839817,0
607393605924945919,0.0715474,0
607393606193381375,0.108281,0
607393606327599103,0.114216,0
607393606461816831,0.0782721,0
607393606596034559,0.0749287,0
607393606730252287,0.118483,0
607393606864470015,0.13984,0
607393606998687743,0.0885202,0
607393607267123199,0.0550392,0
607393607401340927,0.0580392,0
607393607535558655,0.0897094,0
607393607669776383,0.058595,0
607393607803994111,0.0608636,0
607393607938211839,0.0598908,0
607393608072429567,0.0540193,0
607393608340865023,0.0593648,0
607393608475082751,0.0619994,0
607393608609300479,0.0541499,0
607393608743518207,0.058042,0
607393608877735935,0.0693989,0
607393609011953663,0.0656256,0
607393609146171391,0.0650594,0
607393609414606847,0.0745644,0
607393609548824575,0.0768839,0
607393609683042303,0.0877331,0
607393609817260031,0.0664689,0
607393609951477759,0.0843204,0
607393610085695487,0.0897767,0
607393610219913215,0.0671806,0
607393610488348671,0.130891,0
607393610622566399,0.13856,0
607393610756784127,0.0865798,0
607393610891001855,0.0918055,0
607393611025219583,0.102906,0
607393611159437311,0.238121,0
607393611293655039,0.100716,0
607393611562090495,0.0846015,0
607393611696308223,0.0569791,0
607393611830525951,0.0734974,0
607393611964743679,0.0510199,0
607393612098961407,0.0786128,0
607393612233179135,0.0631472,0
607393612367396863,0.071592,0
607393613709574143,0.0790464,0
607393613843791871,0.0852816,0
607393613978009599,0.106346,0
607393614112227327,0.0738923,0
607393614246445055,0.0845576,0
607393614380662783,0.0903138,0
607393614514880511,0.125518,0
607393614783315967,0.0794954,0
607393614917533695,0.0796968,0
607393615051751423,0.0680486,0
607393615185969151,0.0754752,0
607393615320186879,0.0824885,0
607393615454404607,0.0863975,0
607393615588622335,0.10466,0
607393615857057791,0.0626703,0
607393615991275519,0.0666386,0
607393616125493247,0.0574981,0
607393616259710975,0.0652828,0
607393616393928703,0.0924242,0
607393616528146431,0.0886876,0
607393616662364159,0.0623924,0
607393616930799615,0.0660413,0
607393617065017343,0.0657045,0
607393617199235071,0.059915,0
607393617333452799,0.0640395,0
607393617467670527,0.0771883,0
607393617601888255,0.072277,0
607393617736105983,0.0800428,0
607393618004541439,0.084489,0
607393618138759167,0.108681,0
607393618272976895,0.0763881,0
607393618407194623,0.0911376,0
607393618541412351,0.0937928,0
607393618675630079,0.128662,0
607393618809847807,0.112764,0
607393619078283263,0.0852012,0
607393619212500991,0.0832397,0
607393619346718719,0.108428,0
607393619480936447,0.11304,0
607393619615154175,0.150756,0
607393619749371903,0.0839809,0
607393619883589631,0.118482,0
607393620152025087,0.0684671,0
607393620286242815,0.0748371,0
607393620420460543,0.0636402,0
607393620554678271,0.0635489,0
607393620688895999,0.0839063,0
607393620823113727,0.113501,0
607393620957331455,0.0749087,0
607393622299508735,0.174903,0
607393622433726463,0.164728,0
607393622567944191,0.157388,0
607393622702161919,0.164324,0
607393622836379647,0.149357,0
607393622970597375,0.163642,0
607393623104815103,0.149114,0
607393623373250559,0.376044,0
607393623507468287,0.189566,0
607393623641686015,0.170799,0
607393623775903743,0.195954,0
607393623910121471,0.180944,0
607393624044339199,0.2361,0
607393624178556927,0.172254,0
607393624446992383,0.171392,0
607393624581210111,0.258367,0
607393624715427839,0.118568,0
607393624849645567,0.127758,0
607393624983863295,0.192824,0
607393625118081023,0.209744,0
607393625252298751,0.144324,0
607393625520734207,0.190278,0
607393625654951935,0.164305,0
607393625789169663,0.337399,0
607393625923387391,0.425346,0
607393626057605119,0.162917,0
607393626191822847,0.167374,0
607393626326040575,0.147752,0
607393626594476031,0.140418,0
607393626728693759,0.170614,0
607393626862911487,0.142896,0
607393626997129215,0.141392,0
607393627131346943,0.147992,0
607393627265564671,0.199917,0
607393627399782399,0.134127,0
607393627668217855,0.161397,0
607393627802435583,0.170892,0
607393627936653311,0.157983,0
607393628070871039,0.194135,0
607393628205088767,0.230124,0
607393628339306495,0.169182,0
607393628473524223,0.176004,0
607393628741959679,0.14717,0
607393628876177407,0.156358,0
607393629010395135,0.145623,0
607393629144612863,0.159405,0
607393629278830591,0.132851,0
607393629413048319,0.171961,0
607393629547266047,0.143933,0
607393630889443327,0.203644,0
607393631023661055,0.286509,0
607393631157878783,0.140553,0
607393631292096511,0.13884,0
607393631426314239,0.209255,0
607393631560531967,0.150256,0
607393631694749695,0.159523,0
607393631963185151,0.135629,0
607393632097402879,0.13311,0
607393632231620607,0.159785,0
607393632365838335,0.142215,0
607393632500056063,0.1497,0
607393632634273791,0.135531,0
607393632768491519,0.142129,0
607393633036926975,0.181071,0
607393633171144703,0.296367,0
607393633305362431,0.138954,0
607393633439580159,0.289836,0
607393633573797887,0.140803,0
607393633708015615,0.137956,0
607393633842233343,0.177029,0
607393634110668799,0.14778,0
607393634244886527,0.174322,0
607393634379104255,0.159728,0
607393634513321983,0.150544,0
607393634647539711,0.238099,0
607393634781757439,0.14482,0
607393634915975167,0.154627,0
607393635184410623,0.166027,0
607393635318628351,0.174779,0
607393635452846079,0.163504,0
607393635587063807,0.16447,0
607393635721281535,0.17939,0
607393635855499263,0.259143,0
607393635989716991,0.234496,0
607393636258152447,0.163557,0
607393636392370175,0.151492,0
607393636526587903,0.153788,0
607393636660805631,0.149079,0
607393636795023359,0.1584,0
607393636929241087,0.167731,0
607393637063458815,0.247584,0
607393637331894271,0.147595,0
607393637466111999,0.165824,0
607393637600329727,0.138721,0
607393637734547455,0.142287,0
607393637868765183,0.175731,0
607393638002982911,0.158764,0
607393638137200639,0.165056,0
607393639479377919,0.085696,0
607393639613595647,0.0905694,0
607393639747813375,0.0940709,0
607393639882031103,0.150874,0
607393640016248831,0.0838391,0
607393640150466559,0.101936,0
607393640284684287,0.0931486,0
607393640553119743,0.0981756,0
607393640687337471,0.137792,0
607393640821555199,0.0894898,0
607393640955772927,0.103852,0
607393641089990655,0.0989354,0
607393641224208383,0.123061,0
607393641358426111,0.0958556,0
607393641626861567,0.0771226,0
607393641761079295,0.0844319,0
607393641895297023,0.0662774,0
607393642029514751,0.0772946,0
607393642163732479,0.0742752,0
607393642297950207,0.137302,0
607393642432167935,0.0732777,0
607393642700603391,0.134004,0
607393642834821119,0.211861,0
607393642969038847,0.0866609,0
607393643103256575,0.101466,0
607393643237474303,0.13618,0
607393643371692031,0.0922045,0
607393643505909759,0.112921,0
607393643774345215,0.10364,0
607393643908562943,0.0953591,0
607393644042780671,0.138176,0
607393644176998399,0.0993154,0
607393644311216127,0.109541,0
607393644445433855,0.110949,0
607393644579651583,0.136255,0
607393644848087039,0.0955326,0
607393644982304767,0.105371,0
607393645116522495,0.0879125,0
607393645250740223,0.10227,0
607393645384957951,0.110632,0
607393645519175679,0.108345,0
607393645653393407,0.116966,0
607393645921828863,0.128951,0
607393646056046591,0.0869878,0
607393646190264319,0.080643,0
607393646324482047,0.0790332,0
607393646458699775,0.139003,0
607393646592917503,0.149444,0
607393646727135231,0.138616,0
607393656659247103,0.110245,0
607393656793464831,0.110815,0
607393656927682559,0.102183,0
607393657061900287,0.103976,0
607393657196118015,0.115117,0
607393657330335743,0.114305,0
607393657464553471,0.112078,0
607393657732988927,0.111682,0
607393657867206655,0.10759,0
607393658001424383,0.102631,0
607393658135642111,0.105407,0
607393658269859839,0.118352,0
607393658404077567,0.115613,0
607393658538295295,0.111449,0
607393658806730751,0.0986996,0
607393658940948479,0.0962535,0
607393659075166207,0.0977323,0
607393659209383935,0.096209,0
607393659343601663,0.102787,0
607393659477819391,0.100502,0
607393659612037119,0.107877,0
607393659880472575,0.0935901,0
607393660014690303,0.0953287,0
607393660148908031,0.0972543,0
607393660283125759,0.0953488,0
607393660417343487,0.100138,0
607393660551561215,0.0994119,0
607393660685778943,0.096864,0
607393660954214399,0.118139,0
607393661088432127,0.117547,0
607393661222649855,0.11387,0
607393661356867583,0.111683,0
607393661491085311,0.121139,0
607393661625303039,0.115961,0
607393661759520767,0.115723,0
607393662027956223,0.124348,0
607393662162173951,0.120191,0
607393662296391679,0.122061,0
607393662430609407,0.120111,0
607393662564827135,0.124684,0
607393662699044863,0.122079,0
607393662833262591,0.116368,0
607393663101698047,0.106876,0
607393663235915775,0.10082,0
607393663370133503,0.100428,0
607393663504351231,0.0990523,0
607393663638568959,0.105616,0
607393663772786687,0.108114,0
607393663907004415,0.101484,0
607393665249181695,0.104853,0
607393665383399423,0.107943,0
607393665517617151,0.0976184,0
607393665651834879,0.0972088,0
607393665786052607,0.104278,0
607393665920270335,0.102744,0
607393666054488063,0.0966938,0
607393666322923519,0.104039,0
607393666457141247,0.109206,0
607393666591358975,0.101804,0
607393666725576703,0.105168,0
607393666859794431,0.104569,0
607393666994012159,0.106202,0
607393667128229887,0.104671,0
607393667396665343,0.089509,0
607393667530883071,0.0954928,0
607393667665100799,0.0900096,0
607393667799318527,0.0905463,0
607393667933536255,0.0974856,0
607393668067753983,0.0940448,0
607393668201971711,0.0876217,0
607393668470407167,0.0921087,0
607393668604624895,0.0988863,0
607393668738842623,0.091343,0
607393668873060351,0.0929795,0
607393669007278079,0.0995882,0
607393669141495807,0.10403,0
607393669275713535,0.095032,0
607393669544148991,0.105441,0
607393669678366719,0.099237,0
607393669812584447,0.100355,0
607393669946802175,0.100484,0
607393670081019903,0.112087,0
607393670215237631,0.10641,0
607393670349455359,0.115683,0
607393670617890815,0.106275,0
607393670752108543,0.109743,0
607393670886326271,0.101403,0
607393671020543999,0.112448,0
607393671154761727,0.107544,0
607393671288979455,0.114145,0
607393671423197183,0.101242,0
607393671691632639,0.10309,0
607393671825850367,0.0876356,0
607393671960068095,0.0924015,0
607393672094285823,0.0867731,0
607393672228503551,0.103702,0
607393672362721279,0.0964545,0
607393672496939007,0.0997912,0
607393673839116287,0.0993227,0
607393673973334015,0.107917,0
607393674107551743,0.102766,0
607393674241769471,0.102466,0
607393674375987199,0.0957104,0
607393674510204927,0.105131,0
607393674644422655,0.0943436,0
607393674912858111,0.101851,0
607393675047075839,0.0929683,0
607393675181293567,0.111507,0
607393675315511295,0.0957242,0
607393675449729023,0.0983199,0
607393675583946751,0.0972852,0
607393675718164479,0.0979968,0
607393675986599935,0.112225,0
607393676120817663,0.102639,0
607393676255035391,0.103026,0
607393676389253119,0.10882,0
607393676523470847,0.0978232,0
607393676657688575,0.0978381,0
607393676791906303,0.115221,0
607393677060341759,0.0977098,0
607393677194559487,0.0947864,0
607393677328777215,0.0913726,0
607393677462994943,0.0886586,0
607393677597212671,0.109698,0
607393677731430399,0.100915,0
607393677865648127,0.102478,0
607393678134083583,0.103807,0
607393678268301311,0.103035,0
607393678402519039,0.102991,0
607393678536736767,0.0979899,0
607393678670954495,0.122216,0
607393678805172223,0.100339,0
607393678939389951,0.116992,0
607393679207825407,0.11067,0
607393679342043135,0.107138,0
607393679476260863,0.103623,0
607393679610478591,0.105511,0
607393679744696319,0.0987021,0
607393679878914047,0.106422,0
607393680013131775,0.102851,0
607393680281567231,0.103662,0
607393680415784959,0.0958555,0
607393680550002687,0.119799,0
607393680684220415,0.1038,0
607393680818438143,0.104859,0
607393680952655871,0.0926972,0
607393681086873599,0.140663,0
607393682429050879,0.0966809,0
607393682563268607,0.0798801,0
607393682697486335,0.0844159,0
607393682831704063,0.0828094,0
607393682965921791,0.0967406,0
607393683100139519,0.0929348,0
607393683234357247,0.0904946,0
607393683502792703,0.0884575,0
607393683637010431,0.0882317,0
607393683771228159,0.0824481,0
607393683905445887,0.085321,0
607393684039663615,0.0890244,0
607393684173881343,0.0882257,0
607393684308099071,0.0866206,0
607393684576534527,0.0829199,0
607393684710752255,0.0753562,0
607393684844969983,0.0791251,0
607393684979187711,0.0747139,0
607393685113405439,0.0901135,0
607393685247623167,0.0806705,0
607393685381840895,0.0831002,0
607393685650276351,0.077678,0
607393685784494079,0.0773783,0
607393685918711807,0.0772763,0
607393686052929535,0.077815,0
607393686187147263,0.0826231,0
607393686321364991,0.0845237,0
607393686455582719,0.0759294,0
607393686724018175,0.0957239,0
607393686858235903,0.0953187,0
607393686992453631,0.0948681,0
607393687126671359,0.0978709,0
607393687260889087,0.101072,0
607393687395106815,0.100211,0
607393687529324543,0.0920019,0
607393687797759999,0.0941739,0
607393687931977727,0.0904479,0
607393688066195455,0.0962866,0
607393688200413183,0.093465,0
607393688334630911,0.096762,0
607393688468848639,0.0918672,0
607393688603066367,0.0975382,0
607393688871501823,0.0872148,0
607393689005719551,0.0810042,0
607393689139937279,0.100712,0
607393689274155007,0.0964052,0
607393689408372735,0.0940742,0
607393689542590463,0.0854902,0
607393689676808191,0.0948533,0
607393691018985471,0.153474,0
607393691153203199,0.146787,0
607393691287420927,0.148347,0
607393691421638655,0.148672,0
607393691555856383,0.164507,0
607393691690074111,0.16385,0
607393691824291839,0.155795,0
607393692092727295,0.149407,0
607393692226945023,0.143202,0
607393692361162751,0.147978,0
607393692495380479,0.14576,0
607393692629598207,0.150439,0
607393692763815935,0.155542,0
607393692898033663,0.154419,0
607393693166469119,0.132379,0
607393693300686847,0.132887,0
607393693434904575,0.123238,0
607393693569122303,0.127784,0
607393693703340031,0.145805,0
607393693837557759,0.144035,0
607393693971775487,0.147017,0
607393694240210943,0.139194,0
607393694374428671,0.137764,0
607393694508646399,0.130385,0
607393694642864127,0.124412,0
607393694777081855,0.154169,0
607393694911299583,0.142972,0
607393695045517311,0.13942,0
607393695313952767,0.174428,0
607393695448170495,0.178747,0
607393695582388223,0.168661,0
607393695716605951,0.170305,0
607393695850823679,0.16538,0
607393695985041407,0.176844,0
607393696119259135,0.17068,0
607393696387694591,0.172494,0
607393696521912319,0.159986,0
607393696656130047,0.170336,0
607393696790347775,0.163115,0
607393696924565503,0.170143,0
607393697058783231,0.161819,0
607393697193000959,0.171208,0
607393697461436415,0.16108,0
607393697595654143,0.159431,0
607393697729871871,0.146699,0
607393697864089599,0.156156,0
607393697998307327,0.164404,0
607393698132525055,0.162603,0
607393698266742783,0.168613,0
607393699608920063,0.129953,0
607393699743137791,0.123893,0
607393699877355519,0.128539,0
607393700011573247,0.129859,0
607393700145790975,0.143159,0
607393700280008703,0.136021,0
607393700414226431,0.132762,0
607393700682661887,0.183394,0
607393700816879615,0.125325,0
607393700951097343,0.121187,0
607393701085315071,0.117931,0
607393701219532799,0.124126,0
607393701353750527,0.129547,0
607393701487968255,0.126989,0
607393701756403711,0.126933,0
607393701890621439,0.114607,0
607393702024839167,0.117496,0
607393702159056895,0.115277,0
607393702293274623,0.13268,0
607393702427492351,0.119506,0
607393702561710079,0.124121,0
607393702830145535,0.114789,0
607393702964363263,0.109283,0
607393703098580991,0.111036,0
607393703232798719,0.103376,0
607393703367016447,0.116536,0
607393703501234175,0.115773,0
607393703635451903,0.114942,0
607393703903887359,0.149728,0
607393704038105087,0.142365,0
607393704172322815,0.137906,0
607393704306540543,0.144229,0
607393704440758271,0.146029,0
607393704574975999,0.140878,0
607393704709193727,0.152655,0
607393704977629183,0.130571,0
607393705111846911,0.146268,0
607393705246064639,0.133387,0
607393705380282367,0.131551,0
607393705514500095,0.135375,0
607393705648717823,0.127194,0
607393705782935551,0.138377,0
607393706051371007,0.139016,0
607393706185588735,0.124529,0
607393706319806463,0.133183,0
607393706454024191,0.129549,0
607393706588241919,0.135481,0
607393706722459647,0.139714,0
607393706856677375,0.129934,0
607393708198854655,0.121551,0
607393708333072383,0.125116,0
607393708467290111,0.121715,0
607393708601507839,0.1053,0
607393708735725567,0.124651,0
607393708869943295,0.120262,0
607393709004161023,0.127062,0
607393709272596479,0.112234,0
607393709406814207,0.107976,0
607393709541031935,0.10356,0
607393709675249663,0.105625,0
607393709809467391,0.120616,0
607393709943685119,0.121839,0
607393710077902847,0.120439,0
607393710346338303,0.115609,0
607393710480556031,0.116874,0
607393710614773759,0.117902,0
607393710748991487,0.156314,0
607393710883209215,0.115762,0
607393711017426943,0.108592,0
607393711151644671,0.116967,0
607393711420080127,0.110891,0
607393711554297855,0.122375,0
607393711688515583,0.111768,0
607393711822733311,0.100352,0
607393711956951039,0.110674,0
607393712091168767,0.104534,0
607393712225386495,0.111715,0
607393712493821951,0.12959,0
607393712628039679,0.131349,0
607393712762257407,0.125752,0
607393712896475135,0.133907,0
607393713030692863,0.135085,0
607393713164910591,0.137084,0
607393713299128319,0.125222,0
607393713567563775,0.132131,0
607393713701781503,0.137189,0
607393713835999231,0.134853,0
607393713970216959,0.12881,0
607393714104434687,0.135323,0
607393714238652415,0.132311,0
607393714372870143,0.13202,0
607393714641305599,0.189011,0
607393714775523327,0.121819,0
607393714909741055,0.17809,0
607393715043958783,0.127184,0
607393715178176511,0.194238,0
607393715312394239,0.121113,0
607393715446611967,0.137692,0
607393725378723839,0.058636,0
607393725512941567,0.0543982,0
607393725647159295,0.0502342,0
607393725781377023,0.0539293,0
607393725915594751,0.0602259,0
607393726049812479,0.0608292,0
607393726184030207,0.0562162,0
607393726452465663,0.0641282,0
607393726586683391,0.0649542,0
607393726720901119,0.0513766,0
607393726855118847,0.0934406,0
607393726989336575,0.062996,0
607393727123554303,0.0712732,0
607393727257772031,0.0609673,0
607393727526207487,0.0687275,0
607393727660425215,0.0685088,0
607393727794642943,0.0701265,0
607393727928860671,0.106407,0
607393728063078399,0.0501619,0
607393728197296127,0.0616382,0
607393728331513855,0.0523486,0
607393728599949311,0.0514483,0
607393728734167039,0.0463504,0
607393728868384767,0.0626594,0
607393729002602495,0.0512354,0
607393729136820223,0.0941001,0
607393729271037951,0.0733063,0
607393729405255679,0.050757,0
607393729673691135,0.0701979,0
607393729807908863,0.0642949,0
607393729942126591,0.0640958,0
607393730076344319,0.0634126,0
607393730210562047,0.0707205,0
607393730344779775,0.0706446,0
607393730478997503,0.0824516,0
607393730747432959,0.0658389,0
607393730881650687,0.066489,0
607393731015868415,0.0585539,0
607393731150086143,0.0631562,0
607393731284303871,0.0705607,0
607393731418521599,0.068015,0
607393731552739327,0.0646088,0
607393731821174783,0.0812088,0
607393731955392511,0.0591826,0
607393732089610239,0.0738024,0
607393732223827967,0.0576039,0
607393732358045695,0.0902391,0
607393732492263423,0.0764129,0
607393732626481151,0.0559405,0
607393733968658431,0.060123,0
607393734102876159,0.0591365,0
607393734237093887,0.0545789,0
607393734371311615,0.0539048,0
607393734505529343,0.060429,0
607393734639747071,0.0621159,0
607393734773964799,0.0533583,0
607393735042400255,0.0567954,0
607393735176617983,0.0693167,0
607393735310835711,0.0530026,0
607393735445053439,0.062402,0
607393735579271167,0.0554933,0
607393735713488895,0.0611536,0
607393735847706623,0.0626823,0
607393736116142079,0.0452113,0
607393736250359807,0.0480382,0
607393736384577535,0.0694474,0
607393736518795263,0.0432287,0
607393736653012991,0.0447832,0
607393736787230719,0.0508113,0
607393736921448447,0.0683637,0
607393737189883903,0.0523848,0
607393737324101631,0.0589466,0
607393737458319359,0.0481271,0
607393737592537087,0.0600158,0
607393737726754815,0.0511032,0
607393737860972543,0.0575978,0
607393737995190271,0.0545585,0
607393738263625727,0.0664553,0
607393738397843455,0.0665256,0
607393738532061183,0.0608546,0
607393738666278911,0.0649746,0
607393738800496639,0.0705844,0
607393738934714367,0.0676997,0
607393739068932095,0.0670382,0
607393739337367551,0.0617406,0
607393739471585279,0.0582951,0
607393739605803007,0.0639045,0
607393739740020735,0.0605548,0
607393739874238463,0.061228,0
607393740008456191,0.0628055,0
607393740142673919,0.0641554,0
607393740411109375,0.0508067,0
607393740545327103,0.0568862,0
607393740679544831,0.0460367,0
607393740813762559,0.0469756,0
607393740947980287,0.0549581,0
607393741082198015,0.0538601,0
607393741216415743,0.0506895,0
607393742558593023,0.0920919,0
607393742692810751,0.0527808,0
607393742827028479,0.0693212,0
607393742961246207,0.0380425,0
607393743095463935,0.124877,0
607393743229681663,0.0796451,0
607393743363899391,0.0805758,0
607393743632334847,0.0383498,0
607393743766552575,0.0490502,0
607393743900770303,0.0646938,0
607393744034988031,0.0409487,0
607393744169205759,0.0432009,0
607393744303423487,0.0706043,0
607393744437641215,0.0961294,0
607393744706076671,0.0374962,0
607393744840294399,0.0350007,0
607393744974512127,0.0420531,0
607393745108729855,0.0364032,0
607393745242947583,0.0424699,0
607393745377165311,0.0346934,0
607393745511383039,0.0456272,0
607393745779818495,0.0349592,0
607393745914036223,0.0332002,0
607393746048253951,0.0351152,0
607393746182471679,0.0323997,0
607393746316689407,0.0340378,0
607393746450907135,0.0361706,0
607393746585124863,0.0311323,0
607393746853560319,0.0762813,0
607393746987778047,0.106315,0
607393747121995775,0.0654837,0
607393747256213503,0.0746359,0
607393747390431231,0.0546747,0
607393747524648959,0.0561308,0
607393747658866687,0.0536428,0
607393747927302143,0.0944229,0
607393748061519871,0.0492493,0
607393748195737599,0.110715,0
607393748329955327,0.0484577,0
607393748464173055,0.0534464,0
607393748598390783,0.0527969,0
607393748732608511,0.0637885,0
607393749001043967,0.0502837,0
607393749135261695,0.0492871,0
607393749269479423,0.0510041,0
607393749403697151,0.0493474,0
607393749537914879,0.0456322,0
607393749672132607,0.0407369,0
607393749806350335,0.0440326,0
607393751148527615,0.0445864,0
607393751282745343,0.0352815,0
607393751416963071,0.0371942,0
607393751551180799,0.0332567,0
607393751685398527,0.0338912,0
607393751819616255,0.0591532,0
607393751953833983,0.0317708,0
607393752222269439,0.0497465,0
607393752356487167,0.0403092,0
607393752490704895,0.0438729,0
607393752624922623,0.0390271,0
607393752759140351,0.0418977,0
607393752893358079,0.0402743,0
607393753027575807,0.045542,0
607393753296011263,0.0345478,0
607393753430228991,0.0271218,0
607393753564446719,0.0321377,0
607393753698664447,0.036228,0
607393753832882175,0.0334464,0
607393753967099903,0.0356533,0
607393754101317631,0.0333501,0
607393754369753087,0.0326167,0
607393754503970815,0.036853,0
607393754638188543,0.0330271,0
607393754772406271,0.0353027,0
607393754906623999,0.0328356,0
607393755040841727,0.0341663,0
607393755175059455,0.0302811,0
607393755443494911,0.0555649,0
607393755577712639,0.0756586,0
607393755711930367,0.0362225,0
607393755846148095,0.0397752,0
607393755980365823,0.0479986,0
607393756114583551,0.0535346,0
607393756248801279,0.0407984,0
607393756517236735,0.0385091,0
607393756651454463,0.0438615,0
607393756785672191,0.0567246,0
607393756919889919,0.0503698,0
607393757054107647,0.0665315,0
607393757188325375,0.0459916,0
607393757322543103,0.0426863,0
607393757590978559,0.0533805,0
607393757725196287,0.0361684,0
607393757859414015,0.0311965,0
607393757993631743,0.053174,0
607393758127849471,0.0315389,0
607393758262067199,0.0364176,0
607393758396284927,0.0342706,0
607393759738462207,0.0854084,0
607393759872679935,0.0942119,0
607393760006897663,0.0765242,0
607393760141115391,0.065588,0
607393760275333119,0.0892127,0
607393760409550847,0.0941725,0
607393760543768575,0.0708662,0
607393760812204031,0.068354,0
607393760946421759,0.0732279,0
607393761080639487,0.0830991,0
607393761214857215,0.0669982,0
607393761349074943,0.133403,0
607393761483292671,0.0623921,0
607393761617510399,0.142719,0
607393761885945855,0.0642663,0
607393762020163583,0.0685565,0
607393762154381311,0.0730874,0
607393762288599039,0.0727846,0
607393762422816767,0.0629916,0
607393762557034495,0.0673267,0
607393762691252223,0.0671166,0
607393762959687679,0.103944,0
607393763093905407,0.0697226,0
607393763228123135,0.0648454,0
607393763362340863,0.0716887,0
607393763496558591,0.0945063,0
607393763630776319,0.0695531,0
607393763764994047,0.0769711,0
607393764033429503,0.0636814,0
607393764167647231,0.0693894,0
607393764301864959,0.067954,0
607393764436082687,0.0762088,0
607393764570300415,0.0573067,0
607393764704518143,0.0607734,0
607393764838735871,0.0645926,0
607393765107171327,0.0868335,0
607393765241389055,0.169644,0
607393765375606783,0.0933154,0
607393765509824511,0.0891183,0
607393765644042239,0.0718067,0
607393765778259967,0.0748519,0
607393765912477695,0.0821447,0
607393766180913151,0.0578422,0
607393766315130879,0.0659075,0
607393766449348607,0.0531586,0
607393766583566335,0.056519,0
607393766717784063,0.0628542,0
607393766852001791,0.062188,0
607393766986219519,0.0603751,0
607393768328396799,0.0650853,0
607393768462614527,0.0689849,0
607393768596832255,0.0712436,0
607393768731049983,0.0716389,0
607393768865267711,0.056187,0
607393768999485439,0.0560263,0
607393769133703167,0.0697843,0
607393769402138623,0.0517068,0
607393769536356351,0.0542969,0
607393769670574079,0.0588254,0
607393769804791807,0.0607638,0
607393769939009535,0.0531504,0
607393770073227263,0.0556636,0
607393770207444991,0.10624,0
607393770475880447,0.0927424,0
607393770610098175,0.0716176,0
607393770744315903,0.0773971,0
607393770878533631,0.0711018,0
607393771012751359,0.0706407,0
607393771146969087,0.0676445,0
607393771281186815,0.0935058,0
607393771549622271,0.0661657,0
607393771683839999,0.0622217,0
607393771818057727,0.0675627,0
607393771952275455,0.0647325,0
607393772086493183,0.065987,0
607393772220710911,0.0646775,0
607393772354928639,0.0690722,0
607393772623364095,0.0514424,0
607393772757581823,0.0519111,0
607393772891799551,0.0603052,0
607393773026017279,0.0629582,0
607393773160235007,0.0577491,0
607393773294452735,0.0553428,0
607393773428670463,0.058631,0
607393773697105919,0.0579467,0
607393773831323647,0.0590301,0
607393773965541375,0.0509703,0
607393774099759103,0.0492721,0
607393774233976831,0.0606013,0
607393774368194559,0.0611167,0
607393774502412287,0.0576207,0
607393774770847743,0.0669654,0
607393774905065471,0.071651,0
607393775039283199,0.0664053,0
607393775173500927,0.094206,0
607393775307718655,0.0709146,0
607393775441936383,0.0668452,0
607393775576154111,0.0727334,0
607393776918331391,0.0604766,0
607393777052549119,0.0560884,0
607393777186766847,0.0581632,0
607393777320984575,0.0591234,0
607393777455202303,0.0613573,0
607393777589420031,0.0562585,0
607393777723637759,0.0492778,0
607393777992073215,0.0569612,0
607393778126290943,0.064458,0
607393778260508671,0.0693232,0
607393778394726399,0.0581046,0
607393778528944127,0.06589,0
607393778663161855,0.0626263,0
607393778797379583,0.05481,0
607393779065815039,0.060276,0
607393779200032767,0.0729382,0
607393779334250495,0.0457728,0
607393779468468223,0.0485689,0
607393779602685951,0.0622533,0
607393779736903679,0.0597519,0
607393779871121407,0.0505595,0
607393780139556863,0.0592187,0
607393780273774591,0.0545877,0
607393780407992319,0.0542774,0
607393780542210047,0.0546142,0
607393780676427775,0.060202,0
607393780810645503,0.0610205,0
607393780944863231,0.057454,0
607393781213298687,0.0648055,0
607393781347516415,0.056334,0
607393781481734143,0.0524993,0
607393781615951871,0.0520269,0
607393781750169599,0.0592397,0
607393781884387327,0.0618971,0
607393782018605055,0.0493294,0
607393782287040511,0.0618533,0
607393782421258239,0.0653794,0
607393782555475967,0.0521956,0
607393782689693695,0.116847,0
607393782823911423,0.0573297,0
607393782958129151,0.0628773,0
607393783092346879,0.0580711,0
607393783360782335,0.0588497,0
607393783495000063,0.0652565,0
607393783629217791,0.0496127,0
607393783763435519,0.0512035,0
607393783897653247,0.0476296,0
607393784031870975,0.0602878,0
607393784166088703,0.0444398,0
607393862817677311,0.0562621,0
607393862951895039,0.0593427,0
607393863086112767,0.0617194,0
607393863220330495,0.0602017,0
607393863354548223,0.0635124,0
607393863488765951,0.0625945,0
607393863622983679,0.0609528,0
607393863891419135,0.0585818,0
607393864025636863,0.0661888,0
607393864159854591,0.0569865,0
607393864294072319,0.0705414,0
607393864428290047,0.0658781,0
607393864562507775,0.0643588,0
607393864696725503,0.060326,0
607393864965160959,0.0645315,0
607393865099378687,0.0582541,0
607393865233596415,0.0535501,0
607393865367814143,0.0571697,0
607393865502031871,0.0664017,0
607393865636249599,0.0620422,0
607393865770467327,0.0644553,0
607393866038902783,0.0603097,0
607393866173120511,0.0614017,0
607393866307338239,0.0584933,0
607393866441555967,0.065942,0
607393866575773695,0.0612131,0
607393866709991423,0.0641238,0
607393866844209151,0.061403,0
607393867112644607,0.0589063,0
607393867246862335,0.0621439,0
607393867381080063,0.0605084,0
607393867515297791,0.0598524,0
607393867649515519,0.0686289,0
607393867783733247,0.0665071,0
607393867917950975,0.0626989,0
607393868186386431,0.0655434,0
607393868320604159,0.0652352,0
607393868454821887,0.0687066,0
607393868589039615,0.066905,0
607393868723257343,0.0682538,0
607393868857475071,0.0647608,0
607393868991692799,0.069649,0
607393869260128255,0.0635602,0
607393869394345983,0.0642936,0
607393869528563711,0.0640902,0
607393869662781439,0.063356,0
607393869796999167,0.061319,0
607393869931216895,0.0573933,0
607393870065434623,0.064653,0
607393871407611903,0.0654596,0
607393871541829631,0.0726063,0
607393871676047359,0.0719294,0
607393871810265087,0.0821418,0
607393871944482815,0.0687892,0
607393872078700543,0.0706978,0
607393872212918271,0.0607371,0
607393872481353727,0.0839002,0
607393872615571455,0.107811,0
607393872749789183,0.0856983,0
607393872884006911,0.111789,0
607393873018224639,0.0779997,0
607393873152442367,0.095326,0
607393873286660095,0.0786041,0
607393873555095551,0.0980664,0
607393873689313279,0.101733,0
607393873823531007,0.108217,0
607393873957748735,0.117606,0
607393874091966463,0.0767215,0
607393874226184191,0.0882136,0
607393874360401919,0.0804848,0
607393874628837375,0.10691,0
607393874763055103,0.121374,0
607393874897272831,0.114676,0
607393875031490559,0.129817,0
607393875165708287,0.0836755,0
607393875299926015,0.103119,0
607393875434143743,0.102991,0
607393875702579199,0.0703648,0
607393875836796927,0.0724909,0
607393875971014655,0.0709039,0
607393876105232383,0.0719777,0
607393876239450111,0.069585,0
607393876373667839,0.0724393,0
607393876507885567,0.0667972,0
607393876776321023,0.0734449,0
607393876910538751,0.0735518,0
607393877044756479,0.0693497,0
607393877178974207,0.0750999,0
607393877313191935,0.0706997,0
607393877447409663,0.0799036,0
607393877581627391,0.0685599,0
607393877850062847,0.0587825,0
607393877984280575,0.0634412,0
607393878118498303,0.0611589,0
607393878252716031,0.0616412,0
607393878386933759,0.0627929,0
607393878521151487,0.064141,0
607393878655369215,0.0594607,0
607393879997546495,0.0539063,0
607393880131764223,0.0556624,0
607393880265981951,0.0605131,0
607393880400199679,0.0553876,0
607393880534417407,0.0525164,0
607393880668635135,0.0539038,0
607393880802852863,0.0564546,0
607393881071288319,0.0546976,0
607393881205506047,0.047035,0
607393881339723775,0.0522172,0
607393881473941503,0.0501999,0
607393881608159231,0.0536186,0
607393881742376959,0.0479939,0
607393881876594687,0.0561876,0
607393882145030143,0.0555927,0
607393882279247871,0.0540631,0
607393882413465599,0.0602266,0
607393882547683327,0.0512309,0
607393882681901055,0.0591198,0
607393882816118783,0.0570561,0
607393882950336511,0.0549664,0
607393883218771967,0.0506745,0
607393883352989695,0.0523893,0
607393883487207423,0.046848,0
607393883621425151,0.0485369,0
607393883755642879,0.0546344,0
607393883889860607,0.0516203,0
607393884024078335,0.0498542,0
607393884292513791,0.0616453,0
607393884426731519,0.054879,0
607393884560949247,0.0570142,0
607393884695166975,0.0515091,0
607393884829384703,0.0595746,0
607393884963602431,0.0631764,0
607393885097820159,0.0593685,0
607393885366255615,0.0617865,0
607393885500473343,0.0592024,0
607393885634691071,0.0564346,0
607393885768908799,0.0575323,0
607393885903126527,0.0632969,0
607393886037344255,0.0642011,0
607393886171561983,0.0607011,0
607393886439997439,0.0606301,0
607393886574215167,0.0591197,0
607393886708432895,0.0546699,0
607393886842650623,0.0514272,0
607393886976868351,0.0512159,0
607393887111086079,0.0551098,0
607393887245303807,0.0487358,0
607393888587481087,0.0680271,0
607393888721698815,0.0829937,0
607393888855916543,0.0715841,0
607393888990134271,0.0822503,0
607393889124351999,0.0565496,0
607393889258569727,0.0698563,0
607393889392787455,0.0589522,0
607393889661222911,0.123627,0
607393889795440639,0.135335,0
607393889929658367,0.111301,0
607393890063876095,0.141094,0
607393890198093823,0.108348,0
607393890332311551,0.120866,0
607393890466529279,0.0939306,0
607393890734964735,0.107013,0
607393890869182463,0.12582,0
607393891003400191,0.107487,0
607393891137617919,0.132605,0
607393891271835647,0.0702624,0
607393891406053375,0.0925381,0
607393891540271103,0.0715714,0
607393891808706559,0.140726,0
607393891942924287,0.156721,0
607393892077142015,0.139478,0
607393892211359743,0.150712,0
607393892345577471,0.108437,0
607393892479795199,0.139096,0
607393892614012927,0.118361,0
607393892882448383,0.0507594,0
607393893016666111,0.057507,0
607393893150883839,0.0503704,0
607393893285101567,0.0549313,0
607393893419319295,0.0595059,0
607393893553537023,0.0581666,0
607393893687754751,0.0515828,0
607393893956190207,0.0647478,0
607393894090407935,0.0859858,0
607393894224625663,0.0638596,0
607393894358843391,0.0774501,0
607393894493061119,0.0604714,0
607393894627278847,0.0678408,0
607393894761496575,0.0612769,0
607393895029932031,0.0512564,0
607393895164149759,0.0540508,0
607393895298367487,0.0496097,0
607393895432585215,0.0504294,0
607393895566802943,0.0497453,0
607393895701020671,0.0505602,0
607393895835238399,0.0513989,0
607393897177415679,0.0679142,0
607393897311633407,0.0728928,0
607393897445851135,0.0730982,0
607393897580068863,0.0736772,0
607393897714286591,0.0647511,0
607393897848504319,0.0807888,0
607393897982722047,0.069459,0
607393898251157503,0.0762109,0
607393898385375231,0.0723955,0
607393898519592959,0.0772598,0
607393898653810687,0.079588,0
607393898788028415,0.0782668,0
607393898922246143,0.0771766,0
607393899056463871,0.0760659,0
607393899324899327,0.0677347,0
607393899459117055,0.0665621,0
607393899593334783,0.0652122,0
607393899727552511,0.0653752,0
607393899861770239,0.0683346,0
607393899995987967,0.0748932,0
607393900130205695,0.0645678,0
607393900398641151,0.0711059,0
607393900532858879,0.0687975,0
607393900667076607,0.0693935,0
607393900801294335,0.0687877,0
607393900935512063,0.0710847,0
607393901069729791,0.0723404,0
607393901203947519,0.0704054,0
607393901472382975,0.0864173,0
607393901606600703,0.0710382,0
607393901740818431,0.0812401,0
607393901875036159,0.0779195,0
607393902009253887,0.0883515,0
607393902143471615,0.0917271,0
607393902277689343,0.098285,0
607393902546124799,0.0746782,0
607393902680342527,0.0805146,0
607393902814560255,0.0717603,0
607393902948777983,0.0807365,0
607393903082995711,0.075517,0
607393903217213439,0.0749875,0
607393903351431167,0.0741377,0
607393903619866623,0.0740826,0
607393903754084351,0.0724037,0
607393903888302079,0.0709646,0
607393904022519807,0.0751875,0
607393904156737535,0.0799251,0
607393904290955263,0.0696264,0
607393904425172991,0.080271,0
607393905767350271,0.0673071,0
607393905901567999,0.0682701,0
607393906035785727,0.0698003,0
607393906170003455,0.0706354,0
607393906304221183,0.0654506,0
607393906438438911,0.0702541,0
607393906572656639,0.0654333,0
607393906841092095,0.0884119,0
607393906975309823,0.0943886,0
607393907109527551,0.0749056,0
607393907243745279,0.082168,0
607393907377963007,0.0810333,0
607393907512180735,0.0853292,0
607393907646398463,0.0837382,0
607393907914833919,0.0698654,0
607393908049051647,0.0708745,0
607393908183269375,0.0660663,0
607393908317487103,0.0684309,0
607393908451704831,0.0704252,0
607393908585922559,0.0714158,0
607393908720140287,0.0704912,0
607393908988575743,0.073103,0
607393909122793471,0.0783011,0
607393909257011199,0.0727768,0
607393909391228927,0.0754867,0
607393909525446655,0.0684239,0
607393909659664383,0.0745898,0
607393909793882111,0.0690341,0
607393910062317567,0.0748901,0
607393910196535295,0.0761722,0
607393910330753023,0.0741711,0
607393910464970751,0.0689768,0
607393910599188479,0.0794482,0
607393910733406207,0.0794817,0
607393910867623935,0.0787717,0
607393911136059391,0.0762925,0
607393911270277119,0.0779259,0
607393911404494847,0.0786879,0
607393911538712575,0.0762297,0
607393911672930303,0.0811254,0
607393911807148031,0.0808955,0
607393911941365759,0.0832631,0
607393912209801215,0.0680274,0
607393912344018943,0.0713583,0
607393912478236671,0.0689318,0
607393912612454399,0.0722602,0
607393912746672127,0.0700685,0
607393912880889855,0.0649929,0
607393913015107583,0.0720105,0
607393914357284863,0.0641833,0
607393914491502591,0.0578148,0
607393914625720319,0.0639756,0
607393914759938047,0.064706,0
607393914894155775,0.0626312,0
607393915028373503,0.0612921,0
607393915162591231,0.0606737,0
607393915431026687,0.0617315,0
607393915565244415,0.0627037,0
607393915699462143,0.0589123,0
607393915833679871,0.0605671,0
607393915967897599,0.0584312,0
607393916102115327,0.0622745,0
607393916236333055,0.0573718,0
607393916504768511,0.0602077,0
607393916638986239,0.0626439,0
607393916773203967,0.0579952,0
607393916907421695,0.0604904,0
607393917041639423,0.0638217,0
607393917175857151,0.0654745,0
607393917310074879,0.0598193,0
607393917578510335,0.0647793,0
607393917712728063,0.0640073,0
607393917846945791,0.0651032,0
607393917981163519,0.0656221,0
607393918115381247,0.0607927,0
607393918249598975,0.0643091,0
607393918383816703,0.063136,0
607393918652252159,0.0739503,0
607393918786469887,0.0696411,0
607393918920687615,0.0755016,0
607393919054905343,0.0680859,0
607393919189123071,0.0758044,0
607393919323340799,0.0716008,0
607393919457558527,0.0766372,0
607393919725993983,0.0742023,0
607393919860211711,0.0680983,0
607393919994429439,0.0646106,0
607393920128647167,0.0639591,0
607393920262864895,0.0755026,0
607393920397082623,0.0727362,0
607393920531300351,0.0683432,0
607393920799735807,0.0725015,0
607393920933953535,0.0635269,0
607393921068171263,0.0702165,0
607393921202388991,0.0648859,0
607393921336606719,0.0716531,0
607393921470824447,0.0733638,0
607393921605042175,0.0713106,0
607393931537154047,0.244711,0
607393931671371775,0.230682,0
607393931805589503,0.207012,0
607393931939807231,0.203246,0
607393932074024959,0.224711,0
607393932208242687,0.259889,0
607393932342460415,0.211407,0
607393932610895871,0.264201,0
607393932745113599,0.262417,0
607393932879331327,0.238948,0
607393933013549055,0.244863,0
607393933147766783,0.248605,0
607393933281984511,0.262426,0
607393933416202239,0.252969,0
607393933684637695,0.206801,0
607393933818855423,0.196365,0
607393933953073151,0.180006,0
607393934087290879,0.183356,0
607393934221508607,0.183631,0
607393934355726335,0.208005,0
607393934489944063,0.185215,0
607393934758379519,0.214061,0
607393934892597247,0.206711,0
607393935026814975,0.198665,0
607393935161032703,0.209901,0
607393935295250431,0.222615,0
607393935429468159,0.235099,0
607393935563685887,0.20199,0
607393935832121343,0.195062,0
607393935966339071,0.23501,0
607393936100556799,0.172138,0
607393936234774527,0.203159,0
607393936368992255,0.200567,0
607393936503209983,0.208196,0
607393936637427711,0.146438,0
607393936905863167,0.268992,0
607393937040080895,0.255562,0
607393937174298623,0.237263,0
607393937308516351,0.243218,0
607393937442734079,0.241653,0
607393937576951807,0.258411,0
607393937711169535,0.247764,0
607393937979604991,0.182264,0
607393938113822719,0.182839,0
607393938248040447,0.168766,0
607393938382258175,0.169317,0
607393938516475903,0.162453,0
607393938650693631,0.182704,0
607393938784911359,0.16074,0
607393940127088639,0.260026,0
607393940395524095,0.228993,0
607393940663959551,0.267702,0
607393940932395007,0.256378,0
607393942274572287,0.1974,0
607393942543007743,0.187578,0
607393942811443199,0.199882,0
607393943079878655,0.195579,0
607393944422055935,0.266832,0
607393944556273663,0.259838,0
607393944690491391,0.260237,0
607393944824709119,0.262695,0
607393944958926847,0.261369,0
607393945093144575,0.253774,0
607393945227362303,0.259131,0
607393945495797759,0.271322,0
607393945764233215,0.265712,0
607393946032668671,0.283005,0
607393946301104127,0.267511,0
607393946569539583,0.201259,0
607393946703757311,0.234694,0
607393946837975039,0.197476,0
607393946972192767,0.21669,0
607393947106410495,0.2477,0
607393947240628223,0.250704,0
607393947374845951,0.209348,0
607393948717023231,0.161438,0
607393948851240959,0.157898,0
607393948985458687,0.168797,0
607393949119676415,0.153085,0
607393949253894143,0.170442,0
607393949388111871,0.158325,0
607393949522329599,0.157471,0
607393949790765055,0.19947,0
607393949924982783,0.187027,0
607393950059200511,0.170719,0
607393950193418239,0.160344,0
607393950327635967,0.164718,0
607393950461853695,0.182243,0
607393950596071423,0.167709,0
607393950864506879,0.148589,0
607393950998724607,0.160348,0
607393951132942335,0.156772,0
607393951267160063,0.160754,0
607393951401377791,0.160921,0
607393951535595519,0.151611,0
607393951669813247,0.154455,0
607393951938248703,0.162476,0
607393952072466431,0.158848,0
607393952206684159,0.156913,0
607393952340901887,0.161619,0
607393952475119615,0.158771,0
607393952609337343,0.161785,0
607393952743555071,0.160284,0
607393953011990527,0.124777,0
607393953146208255,0.139439,0
607393953280425983,0.128837,0
607393953414643711,0.140743,0
607393953548861439,0.124818,0
607393953683079167,0.129556,0
607393953817296895,0.10505,0
607393954085732351,0.163188,0
607393954219950079,0.160034,0
607393954354167807,0.172005,0
607393954488385535,0.150762,0
607393954622603263,0.149282,0
607393954756820991,0.17274,0
607393954891038719,0.13738,0
607393955159474175,0.146233,0
607393955293691903,0.161071,0
607393955427909631,0.135834,0
607393955562127359,0.151458,0
607393955696345087,0.136218,0
607393955830562815,0.144849,0
607393955964780543,0.121402,0
607393957306957823,0.190526,0
607393957441175551,0.177333,0
607393957575393279,0.159586,0
607393957709611007,0.166268,0
607393957843828735,0.179844,0
607393957978046463,0.182375,0
607393958112264191,0.203234,0
607393958380699647,0.16504,0
607393958649135103,0.165115,0
607393958917570559,0.173541,0
607393959186006015,0.170132,0
607393959454441471,0.148064,0
607393959588659199,0.141792,0
607393959722876927,0.135872,0
607393959857094655,0.138855,0
607393959991312383,0.156666,0
607393960125530111,0.155136,0
607393960259747839,0.153683,0
607393960528183295,0.140207,0
607393960796618751,0.141762,0
607393961065054207,0.166396,0
607393961333489663,0.148397,0
607393961601925119,0.201681,0
607393961736142847,0.19192,0
607393961870360575,0.186155,0
607393962004578303,0.179547,0
607393962138796031,0.199798,0
607393962273013759,0.207327,0
607393962407231487,0.18758,0
607393962675666943,0.199635,0
607393962809884671,0.200525,0
607393962944102399,0.197435,0
607393963078320127,0.201388,0
607393963212537855,0.201552,0
607393963346755583,0.209753,0
607393963480973311,0.189009,0
607393963749408767,0.17493,0
607393963883626495,0.163467,0
607393964017844223,0.161671,0
607393964152061951,0.165896,0
607393964286279679,0.182409,0
607393964420497407,0.1944,0
607393964554715135,0.170628,0
607393965896892415,0.127083,0
607393966031110143,0.169013,0
607393966165327871,0.125059,0
607393966299545599,0.156436,0
607393966433763327,0.121813,0
607393966567981055,0.140099,0
607393966702198783,0.116752,0
607393966970634239,0.223835,0
607393967104851967,0.229653,0
607393967239069695,0.214138,0
607393967373287423,0.224962,0
607393967507505151,0.203751,0
607393967641722879,0.236054,0
607393967775940607,0.185218,0
607393968044376063,0.114937,0
607393968178593791,0.153436,0
607393968312811519,0.103843,0
607393968447029247,0.131734,0
607393968581246975,0.118629,0
607393968715464703,0.138917,0
607393968849682431,0.111182,0
607393969118117887,0.217185,0
607393969252335615,0.224895,0
607393969386553343,0.202271,0
607393969520771071,0.219756,0
607393969654988799,0.190846,0
607393969789206527,0.224975,0
607393969923424255,0.184108,0
607393970191859711,0.103551,0
607393970326077439,0.12594,0
607393970460295167,0.101956,0
607393970594512895,0.108103,0
607393970728730623,0.122437,0
607393970862948351,0.127349,0
607393970997166079,0.104514,0
607393971265601535,0.16523,0
607393971399819263,0.203355,0
607393971534036991,0.157516,0
607393971668254719,0.1599,0
607393971802472447,0.146021,0
607393971936690175,0.16469,0
607393972070907903,0.144832,0
607393972339343359,0.0974929,0
607393972473561087,0.108199,0
607393972607778815,0.0951109,0
607393972741996543,0.108542,0
607393972876214271,0.0958889,0
607393973010431999,0.101209,0
607393973144649727,0.100416,0
607393974486827007,0.237694,0
607393974621044735,0.253565,0
607393974755262463,0.239981,0
607393974889480191,0.251748,0
607393975023697919,0.239163,0
607393975157915647,0.260566,0
607393975292133375,0.223845,0
607393975560568831,0.258835,0
607393975694786559,0.266791,0
607393975829004287,0.253744,0
607393975963222015,0.253377,0
607393976097439743,0.251037,0
607393976231657471,0.25384,0
607393976365875199,0.25784,0
607393976634310655,0.268987,0
607393976768528383,0.26444,0
607393976902746111,0.250078,0
607393977036963839,0.27039,0
607393977171181567,0.252869,0
607393977305399295,0.27128,0
607393977439617023,0.246699,0
607393977708052479,0.256972,0
607393977842270207,0.267444,0
607393977976487935,0.258963,0
607393978110705663,0.274838,0
607393978244923391,0.251368,0
607393978379141119,0.25501,0
607393978513358847,0.256622,0
607393978781794303,0.263205,0
607393978916012031,0.25102,0
607393979050229759,0.233366,0
607393979184447487,0.251533,0
607393979318665215,0.232716,0
607393979452882943,0.24134,0
607393979587100671,0.24601,0
607393979855536127,0.219462,0
607393979989753855,0.219151,0
607393980123971583,0.238386,0
607393980258189311,0.241271,0
607393980392407039,0.197953,0
607393980526624767,0.195717,0
607393980660842495,0.228659,0
607393980929277951,0.257174,0
607393981063495679,0.236389,0
607393981197713407,0.234113,0
607393981331931135,0.248773,0
607393981466148863,0.233546,0
607393981600366591,0.24875,0
607393981734584319,0.227992,0
607393983076761599,0.0946625,0
607393983210979327,0.104655,0
607393983345197055,0.0889762,0
607393983479414783,0.108465,0
607393983613632511,0.0906092,0
607393983747850239,0.0872714,0
607393983882067967,0.0983567,0
607393984150503423,0.125042,0
607393984284721151,0.140427,0
607393984418938879,0.114778,0
607393984553156607,0.129894,0
607393984687374335,0.103607,0
607393984821592063,0.126203,0
607393984955809791,0.0988331,0
607393985224245247,0.106112,0
607393985358462975,0.114011,0
607393985492680703,0.0903641,0
607393985626898431,0.104884,0
607393985761116159,0.100228,0
607393985895333887,0.106904,0
607393986029551615,0.0931356,0
607393986297987071,0.120682,0
607393986432204799,0.141639,0
607393986566422527,0.127373,0
607393986700640255,0.1336,0
607393986834857983,0.125877,0
607393986969075711,0.131172,0
607393987103293439,0.114878,0
607393987371728895,0.0906705,0
607393987505946623,0.0868227,0
607393987640164351,0.0905941,0
607393987774382079,0.0856938,0
607393987908599807,0.0802936,0
607393988042817535,0.0868529,0
607393988177035263,0.0908725,0
607393988445470719,0.0857947,0
607393988579688447,0.0949651,0
607393988713906175,0.0936724,0
607393988848123903,0.0938412,0
607393988982341631,0.0898982,0
607393989116559359,0.098495,0
607393989250777087,0.0895473,0
607393989519212543,0.0779411,0
607393989653430271,0.0849909,0
607393989787647999,0.0740371,0
607393989921865727,0.0843454,0
607393990056083455,0.0764779,0
607393990190301183,0.0804649,0
607393990324518911,0.0790377,0
607394000256630783,0.0678788,0
607394000390848511,0.0822042,0
607394000525066239,0.0736556,0
607394000659283967,0.100281,0
607394000793501695,0.0608437,0
607394000927719423,0.0659705,0
607394001061937151,0.0671815,0
607394001330372607,0.0887609,0
607394001464590335,0.101237,0
607394001598808063,0.104587,0
607394001733025791,0.114771,0
607394001867243519,0.068079,0
607394002001461247,0.0786061,0
607394002135678975,0.0753785,0
607394002404114431,0.0800905,0
607394002538332159,0.116694,0
607394002672549887,0.0716055,0
607394002806767615,0.114033,0
607394002940985343,0.0655684,0
607394003075203071,0.102823,0
607394003209420799,0.066317,0
607394003477856255,0.142669,0
607394003612073983,0.141824,0
607394003746291711,0.145088,0
607394003880509439,0.148398,0
607394004014727167,0.125042,0
607394004148944895,0.1254,0
607394004283162623,0.120281,0
607394004551598079,0.0607777,0
607394004685815807,0.063927,0
607394004820033535,0.0643549,0
607394004954251263,0.0641587,0
607394005088468991,0.05948,0
607394005222686719,0.062564,0
607394005356904447,0.0631756,0
607394005625339903,0.0611955,0
607394005759557631,0.0640772,0
607394005893775359,0.06005,0
607394006027993087,0.0649335,0
607394006162210815,0.0588969,0
607394006296428543,0.0555591,0
607394006430646271,0.0627864,0
607394006699081727,0.0626443,0
607394006833299455,0.0659572,0
607394006967517183,0.0593976,0
607394007101734911,0.0591677,0
607394007235952639,0.0626119,0
607394007370170367,0.0607685,0
607394007504388095,0.063036,0
607394008846565375,0.135981,0
607394008980783103,0.145832,0
607394009115000831,0.144193,0
607394009249218559,0.14422,0
607394009383436287,0.128739,0
607394009517654015,0.130121,0
607394009651871743,0.14027,0
607394009920307199,0.170957,0
607394010054524927,0.162711,0
607394010188742655,0.173759,0
607394010322960383,0.16588,0
607394010457178111,0.149419,0
607394010591395839,0.168373,0
607394010725613567,0.140067,0
607394010994049023,0.137296,0
607394011128266751,0.136812,0
607394011262484479,0.140284,0
607394011396702207,0.152293,0
607394011530919935,0.143686,0
607394011665137663,0.150033,0
607394011799355391,0.144383,0
607394012067790847,0.163756,0
607394012202008575,0.147802,0
607394012336226303,0.164876,0
607394012470444031,0.158742,0
607394012604661759,0.153462,0
607394012738879487,0.159606,0
607394012873097215,0.137176,0
607394013141532671,0.130025,0
607394013275750399,0.134011,0
607394013409968127,0.116228,0
607394013544185855,0.145263,0
607394013678403583,0.135868,0
607394013812621311,0.151289,0
607394013946839039,0.113266,0
607394014215274495,0.139453,0
607394014349492223,0.146505,0
607394014483709951,0.125844,0
607394014617927679,0.151509,0
607394014752145407,0.131332,0
607394014886363135,0.143092,0
607394015020580863,0.132055,0
607394015289016319,0.127221,0
607394015423234047,0.143346,0
607394015557451775,0.131333,0
607394015691669503,0.137323,0
607394015825887231,0.124983,0
607394015960104959,0.143505,0
607394016094322687,0.121913,0
607394017436499967,0.059517,0
607394017570717695,0.0727237,0
607394017704935423,0.058282,0
607394017839153151,0.0707242,0
607394017973370879,0.0579628,0
607394018107588607,0.0631059,0
607394018241806335,0.0556012,0
607394018510241791,0.106712,0
607394018644459519,0.126147,0
607394018778677247,0.104848,0
607394018912894975,0.131102,0
607394019047112703,0.0753691,0
607394019181330431,0.105526,0
607394019315548159,0.0761909,0
607394019583983615,0.0751663,0
607394019718201343,0.113326,0
607394019852419071,0.0867565,0
607394019986636799,0.114526,0
607394020120854527,0.067102,0
607394020255072255,0.0723445,0
607394020389289983,0.0675172,0
607394020657725439,0.12773,0
607394020791943167,0.12566,0
607394020926160895,0.127843,0
607394021060378623,0.135049,0
607394021194596351,0.103484,0
607394021328814079,0.12079,0
607394021463031807,0.107749,0
607394021731467263,0.0591047,0
607394021865684991,0.0615885,0
607394021999902719,0.0591338,0
607394022134120447,0.0598682,0
607394022268338175,0.0583038,0
607394022402555903,0.0576102,0
607394022536773631,0.0587276,0
607394022805209087,0.0595134,0
607394022939426815,0.06195,0
607394023073644543,0.0577223,0
607394023207862271,0.061862,0
607394023342079999,0.0563099,0
607394023476297727,0.0571815,0
607394023610515455,0.0553807,0
607394023878950911,0.0596679,0
607394024013168639,0.0570443,0
607394024147386367,0.0595435,0
607394024281604095,0.0653744,0
607394024415821823,0.0585628,0
607394024550039551,0.0579879,0
607394024684257279,0.0577294,0
607394026026434559,0.169758,0
607394026160652287,0.14457,0
607394026294870015,0.152564,0
607394026429087743,0.154002,0
607394026563305471,0.150851,0
607394026697523199,0.152949,0
607394026831740927,0.152333,0
607394027100176383,0.147833,0
607394027234394111,0.142823,0
607394027368611839,0.143796,0
607394027502829567,0.14298,0
607394027637047295,0.141104,0
607394027771265023,0.1493,0
607394027905482751,0.141307,0
607394028173918207,0.155828,0
607394028308135935,0.14371,0
607394028442353663,0.164982,0
607394028576571391,0.146016,0
607394028710789119,0.138846,0
607394028845006847,0.150138,0
607394028979224575,0.147958,0
607394029247660031,0.160114,0
607394029381877759,0.144213,0
607394029516095487,0.141189,0
607394029650313215,0.139362,0
607394029784530943,0.148735,0
607394029918748671,0.15949,0
607394030052966399,0.145312,0
607394030321401855,0.151061,0
607394030455619583,0.143521,0
607394030589837311,0.152327,0
607394030724055039,0.157084,0
607394030858272767,0.142609,0
607394030992490495,0.14177,0
607394031126708223,0.138548,0
607394031395143679,0.163289,0
607394031529361407,0.152649,0
607394031663579135,0.146953,0
607394031797796863,0.158632,0
607394031932014591,0.141604,0
607394032066232319,0.155452,0
607394032200450047,0.141955,0
607394032468885503,0.131901,0
607394032603103231,0.147691,0
607394032737320959,0.14346,0
607394032871538687,0.143406,0
607394033005756415,0.122687,0
607394033139974143,0.148183,0
607394033274191871,0.123543,0
607394034616369151,0.0539767,0
607394034750586879,0.0602378,0
607394034884804607,0.0571664,0
607394035019022335,0.0602637,0
607394035153240063,0.0612792,0
607394035287457791,0.0540556,0
607394035421675519,0.0633528,0
607394035690110975,0.056355,0
607394035824328703,0.0558534,0
607394035958546431,0.0570731,0
607394036092764159,0.0568334,0
607394036226981887,0.0570051,0
607394036361199615,0.0539513,0
607394036495417343,0.0530223,0
607394036763852799,0.0604984,0
607394036898070527,0.0609587,0
607394037032288255,0.0601612,0
607394037166505983,0.060348,0
607394037300723711,0.0585132,0
607394037434941439,0.0589861,0
607394037569159167,0.0597324,0
607394037837594623,0.0578977,0
607394037971812351,0.0587363,0
607394038106030079,0.0598955,0
607394038240247807,0.060135,0
607394038374465535,0.0586908,0
607394038508683263,0.0574811,0
607394038642900991,0.059208,0
607394038911336447,0.0540696,0
607394039045554175,0.0513983,0
607394039179771903,0.051563,0
607394039313989631,0.0526008,0
607394039448207359,0.0570253,0
607394039582425087,0.0613046,0
607394039716642815,0.0541629,0
607394039985078271,0.0574841,0
607394040119295999,0.0575258,0
607394040253513727,0.0613284,0
607394040387731455,0.0538085,0
607394040521949183,0.0577039,0
607394040656166911,0.051307,0
607394040790384639,0.0547631,0
607394041058820095,0.0512716,0
607394041193037823,0.0578231,0
607394041327255551,0.0575912,0
607394041461473279,0.0580808,0
607394041595691007,0.0535902,0
607394041729908735,0.062662,0
607394041864126463,0.0523335,0
607394043206303743,0.0655809,0
607394043340521471,0.0990224,0
607394043474739199,0.0802291,0
607394043608956927,0.100005,0
607394043743174655,0.0589335,0
607394043877392383,0.0638857,0
607394044011610111,0.0592617,0
607394044280045567,0.12613,0
607394044414263295,0.137474,0
607394044548481023,0.131763,0
607394044682698751,0.149336,0
607394044816916479,0.107937,0
607394044951134207,0.127422,0
607394045085351935,0.0992843,0
607394045353787391,0.09674,0
607394045488005119,0.133638,0
607394045622222847,0.0693345,0
607394045756440575,0.106885,0
607394045890658303,0.0860741,0
607394046024876031,0.114453,0
607394046159093759,0.0634625,0
607394046427529215,0.139049,0
607394046561746943,0.134094,0
607394046695964671,0.131684,0
607394046830182399,0.142054,0
607394046964400127,0.123265,0
607394047098617855,0.13918,0
607394047232835583,0.12932,0
607394047501271039,0.0560983,0
607394047635488767,0.0581251,0
607394047769706495,0.0543594,0
607394047903924223,0.0582161,0
607394048038141951,0.0532719,0
607394048172359679,0.0518682,0
607394048306577407,0.0562178,0
607394048575012863,0.0583719,0
607394048709230591,0.0759316,0
607394048843448319,0.0573218,0
607394048977666047,0.0723783,0
607394049111883775,0.055565,0
607394049246101503,0.0540142,0
607394049380319231,0.0560761,0
607394049648754687,0.06399,0
607394049782972415,0.0630616,0
607394049917190143,0.0592667,0
607394050051407871,0.0618145,0
607394050185625599,0.0554528,0
607394050319843327,0.0581633,0
607394050454061055,0.0530989,0
607394051796238335,0.0622146,0
607394051930456063,0.0594477,0
607394052064673791,0.0615622,0
607394052198891519,0.0509206,0
607394052333109247,0.060472,0
607394052467326975,0.0609882,0
607394052601544703,0.0614784,0
607394052869980159,0.0612503,0
607394053004197887,0.0637689,0
607394053138415615,0.0609265,0
607394053272633343,0.059718,0
607394053406851071,0.0593852,0
607394053541068799,0.0607596,0
607394053675286527,0.0631458,0
607394053943721983,0.0594921,0
607394054077939711,0.0611648,0
607394054212157439,0.0658607,0
607394054346375167,0.0612255,0
607394054480592895,0.0606756,0
607394054614810623,0.0621774,0
607394054749028351,0.0639589,0
607394055017463807,0.0644384,0
607394055151681535,0.0594667,0
607394055285899263,0.0591993,0
607394055420116991,0.0575886,0
607394055554334719,0.0580964,0
607394055688552447,0.0640465,0
607394055822770175,0.0598403,0
607394056091205631,0.0617923,0
607394056225423359,0.0597194,0
607394056359641087,0.061638,0
607394056493858815,0.0601388,0
607394056628076543,0.0599841,0
607394056762294271,0.0590656,0
607394056896511999,0.0597578,0
607394057164947455,0.0644393,0
607394057299165183,0.060955,0
607394057433382911,0.0606991,0
607394057567600639,0.0606948,0
607394057701818367,0.0583308,0
607394057836036095,0.0592457,0
607394057970253823,0.057746,0
607394058238689279,0.0640271,0
607394058372907007,0.058666,0
607394058507124735,0.0629946,0
607394058641342463,0.0618385,0
607394058775560191,0.0646006,0
607394058909777919,0.0619774,0
607394059043995647,0.0690294,0
607394068976107519,0.129974,0
607394069110325247,0.118626,0
607394069244542975,0.121237,0
607394069378760703,0.113297,0
607394069512978431,0.127908,0
607394069647196159,0.135163,0
607394069781413887,0.11918,0
607394070049849343,0.104946,0
607394070184067071,0.100478,0
607394070318284799,0.104628,0
607394070452502527,0.0985862,0
607394070586720255,0.13264,0
607394070720937983,0.114228,0
607394070855155711,0.122025,0
607394071123591167,0.117436,0
607394071257808895,0.102344,0
607394071392026623,0.118229,0
607394071526244351,0.106759,0
607394071660462079,0.115904,0
607394071794679807,0.114261,0
607394071928897535,0.122375,0
607394072197332991,0.129777,0
607394072331550719,0.13137,0
607394072465768447,0.0958801,0
607394072599986175,0.101485,0
607394072734203903,0.119267,0
607394072868421631,0.132439,0
607394073002639359,0.112839,0
607394073271074815,0.154236,0
607394073405292543,0.143222,0
607394073539510271,0.158076,0
607394073673727999,0.141533,0
607394073807945727,0.151606,0
607394073942163455,0.150319,0
607394074076381183,0.152804,0
607394074344816639,0.150387,0
607394074479034367,0.134737,0
607394074613252095,0.141833,0
607394074747469823,0.137946,0
607394074881687551,0.144463,0
607394075015905279,0.145599,0
607394075150123007,0.13444,0
607394075418558463,0.152598,0
607394075552776191,0.120499,0
607394075686993919,0.14968,0
607394075821211647,0.124456,0
607394075955429375,0.147467,0
607394076089647103,0.136642,0
607394076223864831,0.139843,0
607394078102913023,0.085571,0
607394078371348479,0.0815596,0
607394080250396671,0.066197,0
607394080518832127,0.0680249,0
607394081861009407,0.0921534,0
607394081995227135,0.0891243,0
607394082129444863,0.0945938,0
607394082263662591,0.0934396,0
607394082397880319,0.0995789,0
607394082532098047,0.0992529,0
607394082666315775,0.098392,0
607394083203186687,0.0883211,0
607394083471622143,0.105397,0
607394083740057599,0.10319,0
607394084008493055,0.0789263,0
607394084142710783,0.0773994,0
607394084276928511,0.0830044,0
607394084411146239,0.073453,0
607394084545363967,0.0895117,0
607394084679581695,0.0874463,0
607394084813799423,0.103313,0
607394086155976703,0.154366,0
607394086290194431,0.114298,0
607394086424412159,0.145032,0
607394086558629887,0.123282,0
607394086692847615,0.139116,0
607394086827065343,0.121235,0
607394086961283071,0.138862,0
607394087229718527,0.106651,0
607394087363936255,0.0951025,0
607394087498153983,0.110405,0
607394087632371711,0.0947859,0
607394087766589439,0.109348,0
607394087900807167,0.114219,0
607394088035024895,0.101078,0
607394088303460351,0.120595,0
607394088437678079,0.101749,0
607394088571895807,0.133358,0
607394088706113535,0.109612,0
607394088840331263,0.136567,0
607394088974548991,0.119837,0
607394089108766719,0.134314,0
607394089377202175,0.145029,0
607394089511419903,0.132331,0
607394089645637631,0.132839,0
607394089779855359,0.125513,0
607394089914073087,0.11806,0
607394090048290815,0.109421,0
607394090182508543,0.124394,0
607394090450943999,0.163493,0
607394090585161727,0.134569,0
607394090719379455,0.172634,0
607394090853597183,0.148163,0
607394090987814911,0.167253,0
607394091122032639,0.156461,0
607394091256250367,0.167173,0
607394091524685823,0.139964,0
607394091658903551,0.121735,0
607394091793121279,0.148084,0
607394091927339007,0.122516,0
607394092061556735,0.145058,0
607394092195774463,0.130814,0
607394092329992191,0.135417,0
607394092598427647,0.151127,0
607394092732645375,0.137859,0
607394092866863103,0.14971,0
607394093001080831,0.133062,0
607394093135298559,0.169784,0
607394093269516287,0.152543,0
607394093403734015,0.164573,0
607394094745911295,0.0634944,0
607394094880129023,0.0664278,0
607394095014346751,0.0811419,0
607394095148564479,0.077281,0
607394095282782207,0.082922,0
607394095416999935,0.0829218,0
607394095551217663,0.0739352,0
607394096356524031,0.0609754,0
607394096624959487,0.0800364,0
607394096893394943,0.0710508,0
607394097027612671,0.0704444,0
607394097161830399,0.0758332,0
607394097296048127,0.071633,0
607394097430265855,0.0719269,0
607394097564483583,0.0744305,0
607394097698701311,0.071491,0
607394098772443135,0.0688464,0
607394099040878591,0.0920964,0
607394099175096319,0.0843494,0
607394099309314047,0.0773938,0
607394099443531775,0.0907822,0
607394099577749503,0.083624,0
607394099711967231,0.0898319,0
607394099846184959,0.106145,0
607394100114620415,0.0701923,0
607394100248838143,0.0697857,0
607394100383055871,0.0692501,0
607394100517273599,0.0686475,0
607394100651491327,0.071528,0
607394100785709055,0.0731209,0
607394100919926783,0.0742392,0
607394101188362239,0.0889043,0
607394101322579967,0.0926398,0
607394101456797695,0.0746744,0
607394101591015423,0.0746325,0
607394101725233151,0.0852619,0
607394101859450879,0.0827338,0
607394101993668607,0.0942215,0
607394103335845887,0.155176,0
607394103470063615,0.155791,0
607394103604281343,0.154743,0
607394103738499071,0.175369,0
607394103872716799,0.157665,0
607394104006934527,0.149212,0
607394104141152255,0.147062,0
607394104409587711,0.157421,0
607394104543805439,0.152603,0
607394104678023167,0.152805,0
607394104812240895,0.156258,0
607394104946458623,0.153145,0
607394105080676351,0.160951,0
607394105214894079,0.155473,0
607394105483329535,0.156303,0
607394105617547263,0.152145,0
607394105751764991,0.159901,0
607394105885982719,0.152736,0
607394106020200447,0.155573,0
607394106154418175,0.153905,0
607394106288635903,0.151538,0
607394106557071359,0.156886,0
607394106691289087,0.141193,0
607394106825506815,0.151544,0
607394106959724543,0.147905,0
607394107093942271,0.174171,0
607394107228159999,0.157123,0
607394107362377727,0.173221,0
607394107630813183,0.141151,0
607394107765030911,0.150289,0
607394107899248639,0.153071,0
607394108033466367,0.148773,0
607394108167684095,0.116343,0
607394108301901823,0.131946,0
607394108436119551,0.126626,0
607394108704555007,0.151092,0
607394108838772735,0.152664,0
607394108972990463,0.148319,0
607394109107208191,0.154016,0
607394109241425919,0.156899,0
607394109375643647,0.144635,0
607394109509861375,0.158442,0
607394109778296831,0.143939,0
607394109912514559,0.156259,0
607394110046732287,0.14922,0
607394110180950015,0.155771,0
607394110315167743,0.139691,0
607394110449385471,0.146464,0
607394110583603199,0.145391,0
607394111925780479,0.14344,0
607394112059998207,0.142582,0
607394112194215935,0.137586,0
607394112328433663,0.13625,0
607394112462651391,0.151469,0
607394112596869119,0.144403,0
607394112731086847,0.141534,0
607394112999522303,0.135097,0
607394113133740031,0.135803,0
607394113267957759,0.130117,0
607394113402175487,0.132225,0
607394113536393215,0.132834,0
607394113670610943,0.131383,0
607394113804828671,0.13761,0
607394114073264127,0.130102,0
607394114207481855,0.124413,0
607394114341699583,0.127569,0
607394114475917311,0.122493,0
607394114610135039,0.137582,0
607394114744352767,0.137703,0
607394114878570495,0.140735,0
607394115147005951,0.119168,0
607394115281223679,0.121324,0
607394115415441407,0.114277,0
607394115549659135,0.110621,0
607394115683876863,0.125701,0
607394115818094591,0.132659,0
607394115952312319,0.128723,0
607394116220747775,0.156218,0
607394116354965503,0.170146,0
607394116489183231,0.151785,0
607394116623400959,0.153711,0
607394116757618687,0.147831,0
607394116891836415,0.14877,0
607394117026054143,0.152048,0
607394117294489599,0.149899,0
607394117428707327,0.142371,0
607394117562925055,0.149968,0
607394117697142783,0.146708,0
607394117831360511,0.146753,0
607394117965578239,0.152615,0
607394118099795967,0.150399,0
607394118368231423,0.138414,0
607394118502449151,0.142352,0
607394118636666879,0.137866,0
607394118770884607,0.148958,0
607394118905102335,0.142498,0
607394119039320063,0.149195,0
607394119173537791,0.142027,0
607394120515715071,0.170271,0
607394120649932799,0.155564,0
607394120784150527,0.155126,0
607394120918368255,0.166872,0
607394121052585983,0.151058,0
607394121186803711,0.164533,0
607394121321021439,0.150054,0
607394121589456895,0.16115,0
607394121723674623,0.1419,0
607394121857892351,0.163855,0
607394121992110079,0.149572,0
607394122126327807,0.158885,0
607394122260545535,0.160013,0
607394122394763263,0.153657,0
607394122663198719,0.167695,0
607394122797416447,0.166642,0
607394122931634175,0.159165,0
607394123065851903,0.164428,0
607394123200069631,0.148742,0
607394123334287359,0.170691,0
607394123468505087,0.147647,0
607394123736940543,0.159354,0
607394123871158271,0.138248,0
607394124005375999,0.172598,0
607394124139593727,0.145507,0
607394124273811455,0.171088,0
607394124408029183,0.162721,0
607394124542246911,0.161637,0
607394124810682367,0.151954,0
607394124944900095,0.154755,0
607394125079117823,0.148217,0
607394125213335551,0.152146,0
607394125347553279,0.142709,0
607394125481771007,0.14595,0
607394125615988735,0.139486,0
607394125884424191,0.159212,0
607394126018641919,0.152987,0
607394126152859647,0.152271,0
607394126287077375,0.158499,0
607394126421295103,0.150141,0
607394126555512831,0.157616,0
607394126689730559,0.151237,0
607394126958166015,0.140876,0
607394127092383743,0.15359,0
607394127226601471,0.135653,0
607394127360819199,0.153003,0
607394127495036927,0.13714,0
607394127629254655,0.144321,0
607394127763472383,0.134802,0
607394137695584255,0.0986465,0
607394137829801983,0.101425,0
607394137964019711,0.093763,0
607394138098237439,0.107937,0
607394138232455167,0.10588,0
607394138366672895,0.0969697,0
607394138500890623,0.104171,0
607394138769326079,0.102066,0
607394138903543807,0.10819,0
607394139037761535,0.108851,0
607394139171979263,0.11109,0
607394139306196991,0.108791,0
607394139440414719,0.105303,0
607394139574632447,0.104723,0
607394139843067903,0.103594,0
607394139977285631,0.113593,0
607394140111503359,0.10302,0
607394140245721087,0.115722,0
607394140379938815,0.101081,0
607394140514156543,0.100755,0
607394140648374271,0.103134,0
607394140916809727,0.114935,0
607394141051027455,0.111902,0
607394141185245183,0.12117,0
607394141319462911,0.119178,0
607394141453680639,0.116005,0
607394141587898367,0.112905,0
607394141722116095,0.10725,0
607394141990551551,0.0936028,0
607394142124769279,0.0998305,0
607394142258987007,0.0928906,0
607394142393204735,0.0969689,0
607394142527422463,0.101313,0
607394142661640191,0.0955766,0
607394142795857919,0.101431,0
607394143064293375,0.0991199,0
607394143198511103,0.0966159,0
607394143332728831,0.0995539,0
607394143466946559,0.098453,0
607394143601164287,0.107738,0
607394143735382015,0.100698,0
607394143869599743,0.10783,0
607394144138035199,0.0931077,0
607394144272252927,0.102037,0
607394144406470655,0.0915066,0
607394144540688383,0.0956621,0
607394144674906111,0.0970676,0
607394144809123839,0.0940798,0
607394144943341567,0.100708,0
607394146285518847,0.0994828,0
607394146419736575,0.0818432,0
607394146553954303,0.102063,0
607394146688172031,0.0924086,0
607394146822389759,0.104418,0
607394146956607487,0.102493,0
607394147090825215,0.100338,0
607394147359260671,0.0862662,0
607394147493478399,0.0887059,0
607394147627696127,0.0781859,0
607394147761913855,0.0862075,0
607394147896131583,0.10035,0
607394148030349311,0.0926069,0
607394148164567039,0.0841821,0
607394148433002495,0.0952912,0
607394148567220223,0.0853064,0
607394148701437951,0.0969452,0
607394148835655679,0.0902066,0
607394148969873407,0.0923513,0
607394149104091135,0.0842769,0
607394149238308863,0.101964,0
607394149506744319,0.0892238,0
607394149640962047,0.0831489,0
607394149775179775,0.0884368,0
607394149909397503,0.0893361,0
607394150043615231,0.0863927,0
607394150177832959,0.0961366,0
607394150312050687,0.0825827,0
607394150580486143,0.10031,0
607394150714703871,0.0975865,0
607394150848921599,0.109889,0
607394150983139327,0.0980782,0
607394151117357055,0.104171,0
607394151251574783,0.102312,0
607394151385792511,0.105002,0
607394151654227967,0.0998726,0
607394151788445695,0.100514,0
607394151922663423,0.102318,0
607394152056881151,0.101014,0
607394152191098879,0.0908404,0
607394152325316607,0.101277,0
607394152459534335,0.097778,0
607394152727969791,0.105607,0
607394152862187519,0.102946,0
607394152996405247,0.116586,0
607394153130622975,0.118573,0
607394153264840703,0.109654,0
607394153399058431,0.10581,0
607394153533276159,0.111869,0
607394154875453439,0.0913613,0
607394155009671167,0.101549,0
607394155143888895,0.0997588,0
607394155278106623,0.11981,0
607394155412324351,0.0863784,0
607394155546542079,0.0941448,0
607394155680759807,0.0958577,0
607394155949195263,0.116036,0
607394156083412991,0.123431,0
607394156217630719,0.11608,0
607394156351848447,0.119679,0
607394156486066175,0.105714,0
607394156620283903,0.114636,0
607394156754501631,0.109187,0
607394157022937087,0.104933,0
607394157157154815,0.109137,0
607394157291372543,0.107189,0
607394157425590271,0.107181,0
607394157559807999,0.102353,0
607394157694025727,0.102385,0
607394157828243455,0.111562,0
607394158096678911,0.121688,0
607394158230896639,0.118061,0
607394158365114367,0.113788,0
607394158499332095,0.115089,0
607394158633549823,0.122043,0
607394158767767551,0.11948,0
607394158901985279,0.115153,0
607394159170420735,0.100906,0
607394159304638463,0.0959098,0
607394159438856191,0.10136,0
607394159573073919,0.0949012,0
607394159707291647,0.100232,0
607394159841509375,0.096163,0
607394159975727103,0.104448,0
607394160244162559,0.0916421,0
607394160378380287,0.100566,0
607394160512598015,0.0871188,0
607394160646815743,0.0994898,0
607394160781033471,0.0944522,0
607394160915251199,0.0965145,0
607394161049468927,0.0995987,0
607394161317904383,0.0958693,0
607394161452122111,0.0938133,0
607394161586339839,0.100444,0
607394161720557567,0.0975477,0
607394161854775295,0.100743,0
607394161988993023,0.0987489,0
607394162123210751,0.0969971,0
607394163465388031,0.106931,0
607394163599605759,0.103988,0
607394163733823487,0.111663,0
607394163868041215,0.104649,0
607394164002258943,0.112287,0
607394164136476671,0.108722,0
607394164270694399,0.104934,0
607394164539129855,0.0991688,0
607394164673347583,0.0883273,0
607394164807565311,0.0990759,0
607394164941783039,0.0875727,0
607394165076000767,0.092402,0
607394165210218495,0.0893864,0
607394165344436223,0.104359,0
607394165612871679,0.10301,0
607394165747089407,0.0972361,0
607394165881307135,0.110382,0
607394166015524863,0.0979601,0
607394166149742591,0.112822,0
607394166283960319,0.110098,0
607394166418178047,0.108612,0
607394166686613503,0.0786432,0
607394166820831231,0.0758759,0
607394166955048959,0.077571,0
607394167089266687,0.0703881,0
607394167223484415,0.0972249,0
607394167357702143,0.0820655,0
607394167491919871,0.0981476,0
607394167760355327,0.125447,0
607394167894573055,0.123669,0
607394168028790783,0.121741,0
607394168163008511,0.124995,0
607394168297226239,0.120338,0
607394168431443967,0.117078,0
607394168565661695,0.122288,0
607394168834097151,0.112072,0
607394168968314879,0.102665,0
607394169102532607,0.11192,0
607394169236750335,0.107568,0
607394169370968063,0.118163,0
607394169505185791,0.117884,0
607394169639403519,0.120755,0
607394169907838975,0.115073,0
607394170042056703,0.113056,0
607394170176274431,0.114038,0
607394170310492159,0.102579,0
607394170444709887,0.124305,0
607394170578927615,0.122088,0
607394170713145343,0.126832,0
607394172055322623,0.10243,0
607394172189540351,0.105487,0
607394172323758079,0.105263,0
607394172457975807,0.106502,0
607394172592193535,0.10663,0
607394172726411263,0.109555,0
607394172860628991,0.103537,0
607394173129064447,0.101777,0
607394173263282175,0.101144,0
607394173397499903,0.0976061,0
607394173531717631,0.0967332,0
607394173665935359,0.103695,0
607394173800153087,0.0940249,0
607394173934370815,0.0994793,0
607394174202806271,0.108216,0
607394174337023999,0.104659,0
607394174471241727,0.107465,0
607394174605459455,0.103889,0
607394174739677183,0.104606,0
607394174873894911,0.103517,0
607394175008112639,0.107032,0
607394175276548095,0.0963209,0
607394175410765823,0.0967411,0
607394175544983551,0.0972264,0
607394175679201279,0.0954986,0
607394175813419007,0.0968755,0
607394175947636735,0.0922874,0
607394176081854463,0.101572,0
607394176350289919,0.113615,0
607394176484507647,0.107677,0
607394176618725375,0.109293,0
607394176752943103,0.115709,0
607394176887160831,0.119668,0
607394177021378559,0.11373,0
607394177155596287,0.12102,0
607394177424031743,0.104559,0
607394177558249471,0.105855,0
607394177692467199,0.106652,0
607394177826684927,0.108574,0
607394177960902655,0.118771,0
607394178095120383,0.100625,0
607394178229338111,0.106417,0
607394178497773567,0.112335,0
607394178631991295,0.105594,0
607394178766209023,0.111156,0
607394178900426751,0.105028,0
607394179034644479,0.103614,0
607394179168862207,0.111813,0
607394179303079935,0.104119,0
607394180645257215,0.102031,0
607394180779474943,0.1125,0
607394180913692671,0.105077,0
607394181047910399,0.105422,0
607394181182128127,0.109845,0
607394181316345855,0.112878,0
607394181450563583,0.104177,0
607394181718999039,0.106339,0
607394181853216767,0.10917,0
607394181987434495,0.117816,0
607394182121652223,0.113672,0
607394182255869951,0.105986,0
607394182390087679,0.106171,0
607394182524305407,0.117743,0
607394182792740863,0.104619,0
607394182926958591,0.108525,0
607394183061176319,0.114559,0
607394183195394047,0.107096,0
607394183329611775,0.113105,0
607394183463829503,0.106617,0
607394183598047231,0.0954857,0
607394183866482687,0.103111,0
607394184000700415,0.104245,0
607394184134918143,0.112586,0
607394184269135871,0.107098,0
607394184403353599,0.103117,0
607394184537571327,0.105708,0
607394184671789055,0.105207,0
607394184940224511,0.103669,0
607394185074442239,0.106766,0
607394185208659967,0.109334,0
607394185342877695,0.109901,0
607394185477095423,0.11561,0
607394185611313151,0.106747,0
607394185745530879,0.109384,0
607394186013966335,0.101361,0
607394186148184063,0.109877,0
607394186282401791,0.112223,0
607394186416619519,0.114567,0
607394186550837247,0.110574,0
607394186685054975,0.108166,0
607394186819272703,0.107521,0
607394187087708159,0.0986997,0
607394187221925887,0.100481,0
607394187356143615,0.100078,0
607394187490361343,0.0982468,0
607394187624579071,0.10457,0
607394187758796799,0.100887,0
607394187893014527,0.107575,0
607394189235191807,0.104645,0
607394189369409535,0.113672,0
607394189503627263,0.100886,0
607394189637844991,0.102248,0
607394189772062719,0.0956531,0
607394189906280447,0.10559,0
607394190040498175,0.0942312,0
607394190308933631,0.102856,0
607394190443151359,0.103137,0
607394190577369087,0.101011,0
607394190711586815,0.0986887,0
607394190845804543,0.105789,0
607394190980022271,0.0965025,0
607394191114239999,0.105964,0
607394191382675455,0.100427,0
607394191516893183,0.101218,0
607394191651110911,0.102289,0
607394191785328639,0.101656,0
607394191919546367,0.099393,0
607394192053764095,0.102136,0
607394192187981823,0.0970018,0
607394192456417279,0.102032,0
607394192590635007,0.103361,0
607394192724852735,0.100079,0
607394192859070463,0.0994695,0
607394192993288191,0.101653,0
607394193127505919,0.0967761,0
607394193261723647,0.101742,0
607394193530159103,0.102033,0
607394193664376831,0.114186,0
607394193798594559,0.09603,0
607394193932812287,0.108549,0
607394194067030015,0.102468,0
607394194201247743,0.10048,0
607394194335465471,0.0949363,0
607394194603900927,0.10479,0
607394194738118655,0.114292,0
607394194872336383,0.103519,0
607394195006554111,0.108005,0
607394195140771839,0.108397,0
607394195274989567,0.109102,0
607394195409207295,0.102823,0
607394195677642751,0.0958488,0
607394195811860479,0.103933,0
607394195946078207,0.0937678,0
607394196080295935,0.0968222,0
607394196214513663,0.0951964,0
607394196348731391,0.0951385,0
607394196482949119,0.0980675,0
607394206415060991,0.0882544,0
607394206549278719,0.0934605,0
607394206683496447,0.0944489,0
607394206817714175,0.103793,0
607394206951931903,0.091262,0
607394207086149631,0.0970871,0
607394207220367359,0.102111,0
607394207488802815,0.0914526,0
607394207623020543,0.0955224,0
607394207757238271,0.0947555,0
607394207891455999,0.104679,0
607394208025673727,0.0960416,0
607394208159891455,0.0944509,0
607394208294109183,0.101684,0
607394208562544639,0.0950497,0
607394208696762367,0.0956713,0
607394208830980095,0.087155,0
607394208965197823,0.0910014,0
607394209099415551,0.0933298,0
607394209233633279,0.0981755,0
607394209367851007,0.0854214,0
607394209636286463,0.112024,0
607394209770504191,0.105575,0
607394209904721919,0.0993307,0
607394210038939647,0.105381,0
607394210173157375,0.0968459,0
607394210307375103,0.107631,0
607394210441592831,0.0978828,0
607394210710028287,0.101743,0
607394210844246015,0.0982958,0
607394210978463743,0.0995343,0
607394211112681471,0.101542,0
607394211246899199,0.100277,0
607394211381116927,0.105959,0
607394211515334655,0.0965484,0
607394211783770111,0.10011,0
607394211917987839,0.0942732,0
607394212052205567,0.0995614,0
607394212186423295,0.0895098,0
607394212320641023,0.0979676,0
607394212454858751,0.0941172,0
607394212589076479,0.0991131,0
607394212857511935,0.104086,0
607394212991729663,0.103679,0
607394213125947391,0.102064,0
607394213260165119,0.102691,0
607394213394382847,0.0951226,0
607394213528600575,0.101091,0
607394213662818303,0.0922182,0
607394215004995583,0.112287,0
607394215139213311,0.118664,0
607394215273431039,0.109019,0
607394215407648767,0.115876,0
607394215541866495,0.107457,0
607394215676084223,0.115085,0
607394215810301951,0.10113,0
607394216078737407,0.117137,0
607394216212955135,0.11656,0
607394216347172863,0.123188,0
607394216481390591,0.115112,0
607394216615608319,0.108718,0
607394216749826047,0.107032,0
607394216884043775,0.11818,0
607394217152479231,0.111823,0
607394217286696959,0.122503,0
607394217420914687,0.105487,0
607394217555132415,0.106231,0
607394217689350143,0.108214,0
607394217823567871,0.117077,0
607394217957785599,0.109197,0
607394218226221055,0.121329,0
607394218360438783,0.126859,0
607394218494656511,0.122004,0
607394218628874239,0.123689,0
607394218763091967,0.12398,0
607394218897309695,0.115164,0
607394219031527423,0.129167,0
607394219299962879,0.102227,0
607394219434180607,0.101411,0
607394219568398335,0.099943,0
607394219702616063,0.105283,0
607394219836833791,0.0969208,0
607394219971051519,0.0966268,0
607394220105269247,0.0976493,0
607394220373704703,0.100167,0
607394220507922431,0.0985461,0
607394220642140159,0.106589,0
607394220776357887,0.109341,0
607394220910575615,0.0924398,0
607394221044793343,0.0930661,0
607394221179011071,0.100282,0
607394221447446527,0.101259,0
607394221581664255,0.105341,0
607394221715881983,0.108038,0
607394221850099711,0.107726,0
607394221984317439,0.101384,0
607394222118535167,0.102454,0
607394222252752895,0.106027,0
607394223594930175,0.0860137,0
607394223729147903,0.0902336,0
607394223863365631,0.0811703,0
607394223997583359,0.0904954,0
607394224131801087,0.0824339,0
607394224266018815,0.0860587,0
607394224400236543,0.076918,0
607394224668671999,0.0857702,0
607394224802889727,0.091885,0
607394224937107455,0.0918497,0
607394225071325183,0.0862938,0
607394225205542911,0.0903461,0
607394225339760639,0.0883457,0
607394225473978367,0.0904483,0
607394225742413823,0.0735162,0
607394225876631551,0.076395,0
607394226010849279,0.0802518,0
607394226145067007,0.0835293,0
607394226279284735,0.0763861,0
607394226413502463,0.0837327,0
607394226547720191,0.0719783,0
607394226816155647,0.0815541,0
607394226950373375,0.0820435,0
607394227084591103,0.079116,0
607394227218808831,0.0818418,0
607394227353026559,0.0827264,0
607394227487244287,0.0836622,0
607394227621462015,0.0859482,0
607394227889897471,0.092584,0
607394228024115199,0.0902166,0
607394228158332927,0.0938722,0
607394228292550655,0.0873066,0
607394228426768383,0.0855897,0
607394228560986111,0.0951949,0
607394228695203839,0.0907981,0
607394228963639295,0.0821754,0
607394229097857023,0.0925018,0
607394229232074751,0.0886469,0
607394229366292479,0.0880216,0
607394229500510207,0.090019,0
607394229634727935,0.090643,0
607394229768945663,0.0904212,0
607394230037381119,0.0856257,0
607394230171598847,0.077628,0
607394230305816575,0.069661,0
607394230440034303,0.0739108,0
607394230574252031,0.089097,0
607394230708469759,0.0839963,0
607394230842687487,0.090452,0
607394232184864767,0.0890133,0
607394232319082495,0.0910211,0
607394232453300223,0.0907821,0
607394232587517951,0.0914686,0
607394232721735679,0.0931954,0
607394232855953407,0.0933036,0
607394232990171135,0.0910685,0
607394233258606591,0.0970235,0
607394233392824319,0.0990089,0
607394233527042047,0.0907428,0
607394233661259775,0.0974066,0
607394233795477503,0.0939935,0
607394233929695231,0.10385,0
607394234063912959,0.0954677,0
607394234332348415,0.0862003,0
607394234466566143,0.0854269,0
607394234600783871,0.0799065,0
607394234735001599,0.0828412,0
607394234869219327,0.0869562,0
607394235003437055,0.0874355,0
607394235137654783,0.0854256,0
607394235406090239,0.0931059,0
607394235540307967,0.09848,0
607394235674525695,0.0879406,0
607394235808743423,0.091028,0
607394235942961151,0.0942506,0
607394236077178879,0.0968684,0
607394236211396607,0.0873809,0
607394236479832063,0.0938066,0
607394236614049791,0.0946253,0
607394236748267519,0.0933131,0
607394236882485247,0.0886109,0
607394237016702975,0.0910973,0
607394237150920703,0.0935606,0
607394237285138431,0.0879387,0
607394237553573887,0.103971,0
607394237687791615,0.0997006,0
607394237822009343,0.0921671,0
607394237956227071,0.0911958,0
607394238090444799,0.107953,0
607394238224662527,0.110652,0
607394238358880255,0.0944504,0
607394238627315711,0.0867814,0
607394238761533439,0.0904318,0
607394238895751167,0.0820008,0
607394239029968895,0.0856703,0
607394239164186623,0.088695,0
607394239298404351,0.0899848,0
607394239432622079,0.080598,0
607394240774799359,0.0819111,0
607394240909017087,0.0803882,0
607394241043234815,0.0912332,0
607394241177452543,0.08979,0
607394241311670271,0.0942054,0
607394241445887999,0.0916194,0
607394241580105727,0.101499,0
607394241848541183,0.0854252,0
607394241982758911,0.076957,0
607394242116976639,0.0878298,0
607394242251194367,0.079966,0
607394242385412095,0.0812311,0
607394242519629823,0.0770032,0
607394242653847551,0.08237,0
607394242922283007,0.090263,0
607394243056500735,0.102893,0
607394243190718463,0.0968419,0
607394243324936191,0.0951457,0
607394243459153919,0.0988604,0
607394243593371647,0.0941216,0
607394243727589375,0.108426,0
607394243996024831,0.0893147,0
607394244130242559,0.0869412,0
607394244264460287,0.0962375,0
607394244398678015,0.0960983,0
607394244532895743,0.0791476,0
607394244667113471,0.0825898,0
607394244801331199,0.0859525,0
607394245069766655,0.101867,0
607394245203984383,0.108139,0
607394245338202111,0.103102,0
607394245472419839,0.0946666,0
607394245606637567,0.0978395,0
607394245740855295,0.10289,0
607394245875073023,0.104604,0
607394246143508479,0.0819444,0
607394246277726207,0.090873,0
607394246411943935,0.0915117,0
607394246546161663,0.0874623,0
607394246680379391,0.10077,0
607394246814597119,0.0944997,0
607394246948814847,0.0986147,0
607394247217250303,0.104889,0
607394247351468031,0.100382,0
607394247485685759,0.104091,0
607394247619903487,0.100367,0
607394247754121215,0.10369,0
607394247888338943,0.0979549,0
607394248022556671,0.109602,0
607394249364733951,0.0753763,0
607394249498951679,0.0837236,0
607394249633169407,0.0833839,0
607394249767387135,0.0809115,0
607394249901604863,0.0798167,0
607394250035822591,0.0704099,0
607394250170040319,0.0820854,0
607394250438475775,0.079839,0
607394250572693503,0.0846962,0
607394250706911231,0.0802132,0
607394250841128959,0.0790592,0
607394250975346687,0.0852068,0
607394251109564415,0.0847557,0
607394251243782143,0.077985,0
607394251512217599,0.0905844,0
607394251646435327,0.08898,0
607394251780653055,0.088807,0
607394251914870783,0.0886414,0
607394252049088511,0.084841,0
607394252183306239,0.08302,0
607394252317523967,0.0897216,0
607394252585959423,0.0895484,0
607394252720177151,0.0865287,0
607394252854394879,0.0911829,0
607394252988612607,0.0901021,0
607394253122830335,0.0801604,0
607394253257048063,0.0801639,0
607394253391265791,0.0842609,0
607394253659701247,0.0731079,0
607394253793918975,0.073774,0
607394253928136703,0.0753083,0
607394254062354431,0.0836946,0
607394254196572159,0.0663722,0
607394254330789887,0.0766046,0
607394254465007615,0.0796481,0
607394254733443071,0.0717832,0
607394254867660799,0.0737565,0
607394255001878527,0.0785097,0
607394255136096255,0.0797898,0
607394255270313983,0.0840655,0
607394255404531711,0.0803666,0
607394255538749439,0.0769413,0
607394255807184895,0.0815598,0
607394255941402623,0.0839428,0
607394256075620351,0.0810267,0
607394256209838079,0.0892985,0
607394256344055807,0.0733179,0
607394256478273535,0.0811488,0
607394256612491263,0.0841932,0
607394257954668543,0.108406,0
607394258088886271,0.105851,0
607394258223103999,0.0968484,0
607394258357321727,0.111614,0
607394258491539455,0.099569,0
607394258625757183,0.109986,0
607394258759974911,0.101897,0
607394259028410367,0.0949692,0
607394259162628095,0.0990528,0
607394259296845823,0.0950004,0
607394259431063551,0.0980765,0
607394259565281279,0.0899568,0
607394259699499007,0.093454,0
607394259833716735,0.102034,0
607394260102152191,0.105691,0
607394260236369919,0.0918209,0
607394260370587647,0.10449,0
607394260504805375,0.0985878,0
607394260639023103,0.0920292,0
607394260773240831,0.108671,0
607394260907458559,0.0921839,0
607394261175894015,0.0927365,0
607394261310111743,0.0968639,0
607394261444329471,0.0841856,0
607394261578547199,0.0913553,0
607394261712764927,0.0896703,0
607394261846982655,0.0957277,0
607394261981200383,0.0922299,0
607394262249635839,0.113858,0
607394262383853567,0.11353,0
607394262518071295,0.103212,0
607394262652289023,0.106666,0
607394262786506751,0.107789,0
607394262920724479,0.105963,0
607394263054942207,0.11423,0
607394263323377663,0.112639,0
607394263457595391,0.11092,0
607394263591813119,0.0889504,0
607394263726030847,0.101168,0
607394263860248575,0.107417,0
607394263994466303,0.110126,0
607394264128684031,0.105682,0
607394264397119487,0.10737,0
607394264531337215,0.102961,0
607394264665554943,0.101172,0
607394264799772671,0.0939132,0
607394264933990399,0.107922,0
607394265068208127,0.105205,0
607394265202425855,0.101723,0
607394275134537727,0.0961144,0
607394275268755455,0.0750097,0
607394275402973183,0.0840736,0
607394275537190911,0.0690538,0
607394275671408639,0.0923222,0
607394275805626367,0.0930833,0
607394275939844095,0.0940656,0
607394276208279551,0.0701463,0
607394276342497279,0.0684344,0
607394276476715007,0.0761595,0
607394276610932735,0.0759552,0
607394276745150463,0.0868007,0
607394276879368191,0.0715991,0
607394277013585919,0.0828962,0
607394277282021375,0.0718139,0
607394277416239103,0.0621552,0
607394277550456831,0.0751048,0
607394277684674559,0.0646118,0
607394277818892287,0.0782019,0
607394277953110015,0.0710673,0
607394278087327743,0.0787118,0
607394278355763199,0.0621904,0
607394278489980927,0.060467,0
607394278624198655,0.0557081,0
607394278758416383,0.0631508,0
607394278892634111,0.0665007,0
607394279026851839,0.0717505,0
607394279161069567,0.0620065,0
607394279429505023,0.108442,0
607394279563722751,0.104325,0
607394279697940479,0.0955008,0
607394279832158207,0.0946903,0
607394279966375935,0.115941,0
607394280100593663,0.106312,0
607394280234811391,0.109965,0
607394280503246847,0.10079,0
607394280637464575,0.0978717,0
607394280771682303,0.107584,0
607394280905900031,0.090621,0
607394281040117759,0.10657,0
607394281174335487,0.101611,0
607394281308553215,0.101953,0
607394281576988671,0.0901553,0
607394281711206399,0.0985993,0
607394281845424127,0.0828758,0
607394281979641855,0.0855959,0
607394282113859583,0.0894633,0
607394282248077311,0.0980571,0
607394282382295039,0.0829581,0
607394283724472319,0.0573731,0
607394283858690047,0.0591716,0
607394283992907775,0.0585754,0
607394284127125503,0.0542215,0
607394284261343231,0.0600562,0
607394284395560959,0.0545368,0
607394284529778687,0.059964,0
607394284798214143,0.0584321,0
607394284932431871,0.0515645,0
607394285066649599,0.0568126,0
607394285200867327,0.052825,0
607394285335085055,0.0585686,0
607394285469302783,0.0614525,0
607394285603520511,0.0595946,0
607394285871955967,0.0539401,0
607394286006173695,0.0560094,0
607394286140391423,0.0552878,0
607394286274609151,0.0533943,0
607394286408826879,0.0603342,0
607394286543044607,0.0520976,0
607394286677262335,0.0537148,0
607394286945697791,0.0533738,0
607394287079915519,0.0499758,0
607394287214133247,0.0591901,0
607394287348350975,0.0542185,0
607394287482568703,0.0535827,0
607394287616786431,0.0545136,0
607394287751004159,0.055443,0
607394288019439615,0.0692647,0
607394288153657343,0.0618805,0
607394288287875071,0.0614645,0
607394288422092799,0.0603471,0
607394288556310527,0.0763767,0
607394288690528255,0.0693443,0
607394288824745983,0.0624432,0
607394289093181439,0.0577212,0
607394289227399167,0.0585643,0
607394289361616895,0.060765,0
607394289495834623,0.0596563,0
607394289630052351,0.0644653,0
607394289764270079,0.0672554,0
607394289898487807,0.0599242,0
607394290166923263,0.0629556,0
607394290301140991,0.0567955,0
607394290435358719,0.0620237,0
607394290569576447,0.0603673,0
607394290703794175,0.0629502,0
607394290838011903,0.0644199,0
607394290972229631,0.0636127,0
607394292314406911,0.079873,0
607394292448624639,0.0700659,0
607394292582842367,0.0693954,0
607394292717060095,0.0640982,0
607394292851277823,0.080447,0
607394292985495551,0.0846981,0
607394293119713279,0.0748876,0
607394293388148735,0.0569595,0
607394293522366463,0.0609645,0
607394293656584191,0.0602305,0
607394293790801919,0.0615329,0
607394293925019647,0.0654511,0
607394294059237375,0.0655812,0
607394294193455103,0.0723756,0
607394294461890559,0.0693793,0
607394294596108287,0.0651859,0
607394294730326015,0.0566397,0
607394294864543743,0.0613916,0
607394294998761471,0.0662756,0
607394295132979199,0.0638914,0
607394295267196927,0.0599049,0
607394295535632383,0.0541186,0
607394295669850111,0.0557714,0
607394295804067839,0.0606998,0
607394295938285567,0.0550023,0
607394296072503295,0.0624585,0
607394296206721023,0.0563013,0
607394296340938751,0.0607139,0
607394296609374207,0.0832611,0
607394296743591935,0.0812193,0
607394296877809663,0.0769753,0
607394297012027391,0.0846839,0
607394297146245119,0.081091,0
607394297280462847,0.0835502,0
607394297414680575,0.0827485,0
607394297683116031,0.0844008,0
607394297817333759,0.077607,0
607394297951551487,0.0767075,0
607394298085769215,0.0811974,0
607394298219986943,0.0871634,0
607394298354204671,0.0803804,0
607394298488422399,0.0926385,0
607394298756857855,0.0781328,0
607394298891075583,0.0763633,0
607394299025293311,0.0714351,0
607394299159511039,0.0704245,0
607394299293728767,0.0736874,0
607394299427946495,0.0729091,0
607394299562164223,0.0697761,0
607394300904341503,0.0592813,0
607394301038559231,0.0544956,0
607394301172776959,0.0596047,0
607394301306994687,0.0542891,0
607394301441212415,0.0599241,0
607394301575430143,0.0600355,0
607394301709647871,0.0599559,0
607394301978083327,0.0561577,0
607394302112301055,0.0511173,0
607394302246518783,0.0533452,0
607394302380736511,0.0543371,0
607394302514954239,0.0580677,0
607394302649171967,0.0534905,0
607394302783389695,0.0560674,0
607394303051825151,0.0587208,0
607394303186042879,0.0568849,0
607394303320260607,0.0538696,0
607394303454478335,0.0565457,0
607394303588696063,0.0540163,0
607394303722913791,0.0592634,0
607394303857131519,0.056819,0
607394304125566975,0.059657,0
607394304259784703,0.0558657,0
607394304394002431,0.0621369,0
607394304528220159,0.0577812,0
607394304662437887,0.058121,0
607394304796655615,0.0578744,0
607394304930873343,0.0594308,0
607394305199308799,0.0647845,0
607394305333526527,0.0624027,0
607394305467744255,0.0590161,0
607394305601961983,0.059584,0
607394305736179711,0.0557515,0
607394305870397439,0.0621434,0
607394306004615167,0.0566115,0
607394306273050623,0.0615874,0
607394306407268351,0.053744,0
607394306541486079,0.0572427,0
607394306675703807,0.0541993,0
607394306809921535,0.0651311,0
607394306944139263,0.0621669,0
607394307078356991,0.0622326,0
607394307346792447,0.0561853,0
607394307481010175,0.0546017,0
607394307615227903,0.0596782,0
607394307749445631,0.0568237,0
607394307883663359,0.0581022,0
607394308017881087,0.057763,0
607394308152098815,0.0558471,0
607394309494276095,0.120185,0
607394309628493823,0.118576,0
607394309762711551,0.118341,0
607394309896929279,0.11974,0
607394310031147007,0.12264,0
607394310165364735,0.118062,0
607394310299582463,0.121071,0
607394310568017919,0.116127,0
607394310702235647,0.117324,0
607394310836453375,0.11646,0
607394310970671103,0.113936,0
607394311104888831,0.111921,0
607394311239106559,0.112394,0
607394311373324287,0.111706,0
607394311641759743,0.122081,0
607394311775977471,0.121807,0
607394311910195199,0.117011,0
607394312044412927,0.121959,0
607394312178630655,0.118146,0
607394312312848383,0.121786,0
607394312447066111,0.108377,0
607394312715501567,0.118998,0
607394312849719295,0.115899,0
607394312983937023,0.109525,0
607394313118154751,0.101711,0
607394313252372479,0.116512,0
607394313386590207,0.11397,0
607394313520807935,0.124892,0
607394313789243391,0.108881,0
607394313923461119,0.113272,0
607394314057678847,0.110825,0
607394314191896575,0.125491,0
607394314326114303,0.104619,0
607394314460332031,0.102747,0
607394314594549759,0.108136,0
607394314862985215,0.108753,0
607394314997202943,0.110562,0
607394315131420671,0.120981,0
607394315265638399,0.11572,0
607394315399856127,0.102659,0
607394315534073855,0.108364,0
607394315668291583,0.101827,0
607394315936727039,0.119967,0
607394316070944767,0.122425,0
607394316205162495,0.122661,0
607394316339380223,0.117498,0
607394316473597951,0.111014,0
607394316607815679,0.119748,0
607394316742033407,0.112986,0
607394318084210687,0.101859,0
607394318218428415,0.101426,0
607394318352646143,0.108834,0
607394318486863871,0.101789,0
607394318621081599,0.114587,0
607394318755299327,0.102396,0
607394318889517055,0.111198,0
607394319157952511,0.0930165,0
607394319292170239,0.0786776,0
607394319426387967,0.0848291,0
607394319560605695,0.0791431,0
607394319694823423,0.10909,0
607394319829041151,0.0985614,0
607394319963258879,0.100405,0
607394320231694335,0.0957186,0
607394320365912063,0.0881638,0
607394320500129791,0.0915844,0
607394320634347519,0.0808261,0
607394320768565247,0.0988927,0
607394320902782975,0.0973043,0
607394321037000703,0.100207,0
607394321305436159,0.0782041,0
607394321439653887,0.074162,0
607394321573871615,0.076902,0
607394321708089343,0.0673981,0
607394321842307071,0.0880991,0
607394321976524799,0.0829342,0
607394322110742527,0.0886919,0
607394322379177983,0.111528,0
607394322513395711,0.112186,0
607394322647613439,0.116295,0
607394322781831167,0.10621,0
607394322916048895,0.114659,0
607394323050266623,0.111601,0
607394323184484351,0.118322,0
607394323452919807,0.104896,0
607394323587137535,0.109214,0
607394323721355263,0.116043,0
607394323855572991,0.106937,0
607394323989790719,0.115071,0
607394324124008447,0.0969334,0
607394324258226175,0.119985,0
607394324526661631,0.0994441,0
607394324660879359,0.107911,0
607394324795097087,0.106049,0
607394324929314815,0.10247,0
607394325063532543,0.116972,0
607394325197750271,0.101938,0
607394325331967999,0.112284,0
607394326674145279,0.106854,0
607394326808363007,0.104682,0
607394326942580735,0.0971564,0
607394327076798463,0.0958971,0
607394327211016191,0.101339,0
607394327345233919,0.109283,0
607394327479451647,0.0996106,0
607394327747887103,0.106943,0
607394327882104831,0.100853,0
607394328016322559,0.105382,0
607394328150540287,0.0971256,0
607394328284758015,0.1151,0
607394328418975743,0.11331,0
607394328553193471,0.108777,0
607394328821628927,0.0916022,0
607394328955846655,0.0865761,0
607394329090064383,0.0929576,0
607394329224282111,0.0811281,0
607394329358499839,0.0914774,0
607394329492717567,0.102281,0
607394329626935295,0.0925229,0
607394329895370751,0.0850948,0
607394330029588479,0.0852533,0
607394330163806207,0.0803897,0
607394330298023935,0.0783411,0
607394330432241663,0.0977649,0
607394330566459391,0.0911787,0
607394330700677119,0.0946389,0
607394330969112575,0.100045,0
607394331103330303,0.103837,0
607394331237548031,0.0982184,0
607394331371765759,0.0960644,0
607394331505983487,0.0937359,0
607394331640201215,0.10263,0
607394331774418943,0.0921966,0
607394332042854399,0.114835,0
607394332177072127,0.107484,0
607394332311289855,0.108954,0
607394332445507583,0.109735,0
607394332579725311,0.108894,0
607394332713943039,0.109718,0
607394332848160767,0.112086,0
607394333116596223,0.091476,0
607394333250813951,0.0920115,0
607394333385031679,0.0934178,0
607394333519249407,0.0880107,0
607394333653467135,0.0924917,0
607394333787684863,0.0974976,0
607394333921902591,0.0910807,0
607394412573491199,0.264813,0
607394412707708927,0.24843,0
607394412841926655,0.269757,0
607394412976144383,0.36009,0
607394413110362111,0.255494,0
607394413244579839,0.316925,0
607394413378797567,0.25331,0
607394413647233023,0.222887,0
607394413781450751,0.227416,0
607394413915668479,0.228873,0
607394414049886207,0.233339,0
607394414184103935,0.213665,0
607394414318321663,0.20522,0
607394414452539391,0.234432,0
607394414720974847,0.319607,0
607394414855192575,0.292324,0
607394414989410303,0.380421,0
607394415123628031,0.333694,0
607394415257845759,0.289442,0
607394415392063487,0.271412,0
607394415526281215,0.335957,0
607394415794716671,0.243351,0
607394415928934399,0.233398,0
607394416063152127,0.283447,0
607394416197369855,0.271159,0
607394416331587583,0.249656,0
607394416465805311,0.241747,0
607394416600023039,0.261811,0
607394416868458495,0.246131,0
607394417002676223,0.247198,0
607394417136893951,0.274111,0
607394417271111679,0.257508,0
607394417405329407,0.22079,0
607394417539547135,0.23183,0
607394417673764863,0.236693,0
607394417942200319,0.207979,0
607394418076418047,0.200528,0
607394418210635775,0.253119,0
607394418344853503,0.225662,0
607394418479071231,0.205086,0
607394418613288959,0.189625,0
607394418747506687,0.227221,0
607394419015942143,0.287169,0
607394419150159871,0.276878,0
607394419284377599,0.378655,0
607394419418595327,0.311013,0
607394419552813055,0.289315,0
607394419687030783,0.269953,0
607394419821248511,0.410476,0
607394421163425791,0.22511,0
607394421297643519,0.220343,0
607394421431861247,0.252886,0
607394421566078975,0.228146,0
607394421700296703,0.226944,0
607394421834514431,0.222736,0
607394421968732159,0.241062,0
607394422237167615,0.241903,0
607394422371385343,0.230391,0
607394422505603071,0.223936,0
607394422639820799,0.269233,0
607394422774038527,0.237861,0
607394422908256255,0.273154,0
607394423042473983,0.229278,0
607394423310909439,0.264822,0
607394423445127167,0.265065,0
607394423579344895,0.274738,0
607394423713562623,0.26932,0
607394423847780351,0.260476,0
607394423981998079,0.248901,0
607394424116215807,0.277829,0
607394424384651263,0.237323,0
607394424518868991,0.254007,0
607394424653086719,0.271275,0
607394424787304447,0.258586,0
607394424921522175,0.227949,0
607394425055739903,0.254347,0
607394425189957631,0.244159,0
607394425458393087,0.208284,0
607394425592610815,0.226932,0
607394425726828543,0.218684,0
607394425861046271,0.23174,0
607394425995263999,0.19421,0
607394426129481727,0.212308,0
607394426263699455,0.208585,0
607394426532134911,0.202424,0
607394426666352639,0.216257,0
607394426800570367,0.222422,0
607394426934788095,0.228849,0
607394427069005823,0.184336,0
607394427203223551,0.188334,0
607394427337441279,0.212186,0
607394427605876735,0.239145,0
607394427740094463,0.250852,0
607394427874312191,0.234747,0
607394428008529919,0.257456,0
607394428142747647,0.233092,0
607394428276965375,0.229112,0
607394428411183103,0.25091,0
607394429753360383,0.614248,0
607394429887578111,0.603532,0
607394430021795839,0.719728,0
607394430156013567,0.625904,0
607394430290231295,0.555596,0
607394430424449023,0.523784,0
607394430558666751,0.643546,0
607394430827102207,0.456878,0
607394430961319935,0.444,0
607394431095537663,0.510197,0
607394431229755391,0.490432,0
607394431363973119,0.425349,0
607394431498190847,0.38785,0
607394431632408575,0.493425,0
607394431900844031,1.1425,0
607394432035061759,0.971913,0
607394432169279487,1.1458,0
607394432303497215,1.99847,0
607394432437714943,0.753397,0
607394432571932671,0.792689,0
607394432706150399,0.887145,0
607394432974585855,0.725892,0
607394433108803583,0.634002,0
607394433243021311,0.806313,0
607394433377239039,0.743576,0
607394433511456767,0.577272,0
607394433645674495,0.554735,0
607394433779892223,0.758611,0
607394434048327679,0.522503,0
607394434182545407,0.491893,0
607394434316763135,0.618177,0
607394434450980863,0.584603,0
607394434585198591,0.488849,0
607394434719416319,0.465804,0
607394434853634047,0.522917,0
607394435122069503,0.427877,0
607394435256287231,0.396274,0
607394435390504959,0.46094,0
607394435524722687,0.432725,0
607394435658940415,0.394393,0
607394435793158143,0.354161,0
607394435927375871,0.449431,0
607394436195811327,0.779375,0
607394436330029055,0.7405,0
607394436464246783,0.817531,0
607394436598464511,0.794861,0
607394436732682239,0.707273,0
607394436866899967,0.683065,0
607394437001117695,0.764165,0
607394438343294975,0.385121,0
607394438477512703,0.374587,0
607394438611730431,0.447909,0
607394438745948159,0.40767,0
607394438880165887,0.378643,0
607394439014383615,0.361029,0
607394439148601343,0.421833,0
607394439417036799,0.328088,0
607394439551254527,0.327997,0
607394439685472255,0.347527,0
607394439819689983,0.342828,0
607394439953907711,0.305821,0
607394440088125439,0.287818,0
607394440222343167,0.348925,0
607394440490778623,0.487322,0
607394440624996351,0.464232,0
607394440759214079,0.717677,0
607394440893431807,0.496622,0
607394441027649535,0.497377,0
607394441161867263,0.452322,0
607394441296084991,0.593605,0
607394441564520447,0.417182,0
607394441698738175,0.395517,0
607394441832955903,0.424593,0
607394441967173631,0.406614,0
607394442101391359,0.398626,0
607394442235609087,0.373705,0
607394442369826815,0.442253,0
607394442638262271,0.36611,0
607394442772479999,0.341346,0
607394442906697727,0.414542,0
607394443040915455,0.404614,0
607394443175133183,0.433245,0
607394443309350911,0.318224,0
607394443443568639,0.369965,0
607394443712004095,0.285077,0
607394443846221823,0.285415,0
607394443980439551,0.324577,0
607394444114657279,0.325919,0
607394444248875007,0.258911,0
607394444383092735,0.259297,0
607394444517310463,0.297044,0
607394444785745919,0.506129,0
607394444919963647,0.507094,0
607394445054181375,0.7571,0
607394445188399103,0.506602,0
607394445322616831,0.49449,0
607394445456834559,0.471793,0
607394445591052287,0.547429,0
607394446933229567,0.195824,0
607394447067447295,0.186982,0
607394447201665023,0.21937,0
607394447335882751,0.194118,0
607394447470100479,0.211675,0
607394447604318207,0.202477,0
607394447738535935,0.219814,0
607394448006971391,0.18092,0
607394448141189119,0.148562,0
607394448275406847,0.184553,0
607394448409624575,0.175138,0
607394448543842303,0.229186,0
607394448678060031,0.149955,0
607394448812277759,0.190061,0
607394449080713215,0.2369,0
607394449214930943,0.210499,0
607394449349148671,0.271806,0
607394449483366399,0.245213,0
607394449617584127,0.216347,0
607394449751801855,0.211168,0
607394449886019583,0.241729,0
607394450154455039,0.189866,0
607394450288672767,0.199117,0
607394450422890495,0.209251,0
607394450557108223,0.244033,0
607394450691325951,0.193053,0
607394450825543679,0.172841,0
607394450959761407,0.189614,0
607394451228196863,0.199594,0
607394451362414591,0.272343,0
607394451496632319,0.210302,0
607394451630850047,0.207876,0
607394451765067775,0.193156,0
607394451899285503,0.196573,0
607394452033503231,0.189768,0
607394452301938687,0.233456,0
607394452436156415,0.245487,0
607394452570374143,0.260953,0
607394452704591871,0.251142,0
607394452838809599,0.211387,0
607394452973027327,0.258134,0
607394453107245055,0.206695,0
607394453375680511,0.242931,0
607394453509898239,0.234782,0
607394453644115967,0.265002,0
607394453778333695,0.254056,0
607394453912551423,0.249405,0
607394454046769151,0.216941,0
607394454180986879,0.259054,0
607394455523164159,0.149287,0
607394455657381887,0.143103,0
607394455791599615,0.171549,0
607394455925817343,0.162905,0
607394456060035071,0.141923,0
607394456194252799,0.149733,0
607394456328470527,0.151481,0
607394456596905983,0.170573,0
607394456731123711,0.176385,0
607394456865341439,0.150033,0
607394456999559167,0.161453,0
607394457133776895,0.153665,0
607394457267994623,0.162527,0
607394457402212351,0.145204,0
607394457670647807,0.184424,0
607394457804865535,0.190889,0
607394457939083263,0.198961,0
607394458073300991,0.20387,0
607394458207518719,0.182439,0
607394458341736447,0.181295,0
607394458475954175,0.179633,0
607394458744389631,0.186167,0
607394458878607359,0.189521,0
607394459012825087,0.19165,0
607394459147042815,0.191867,0
607394459281260543,0.163268,0
607394459415478271,0.180484,0
607394459549695999,0.179085,0
607394459818131455,0.153313,0
607394459952349183,0.14507,0
607394460086566911,0.142267,0
607394460220784639,0.14942,0
607394460355002367,0.142616,0
607394460489220095,0.145245,0
607394460623437823,0.149598,0
607394460891873279,0.145342,0
607394461026091007,0.143528,0
607394461160308735,0.143434,0
607394461294526463,0.149558,0
607394461428744191,0.136179,0
607394461562961919,0.134943,0
607394461697179647,0.136526,0
607394461965615103,0.16104,0
607394462099832831,0.160621,0
607394462234050559,0.179277,0
607394462368268287,0.170001,0
607394462502486015,0.157923,0
607394462636703743,0.152288,0
607394462770921471,0.172539,0
607394464113098751,0.318938,0
607394464247316479,0.313969,0
607394464381534207,0.348853,0
607394464515751935,0.337266,0
607394464649969663,0.33303,0
607394464784187391,0.307334,0
607394464918405119,0.339579,0
607394465186840575,0.286511,0
607394465321058303,0.259288,0
607394465455276031,0.299466,0
607394465589493759,0.332334,0
607394465723711487,0.271422,0
607394465857929215,0.257295,0
607394465992146943,0.301076,0
607394466260582399,0.39518,0
607394466394800127,0.377259,0
607394466529017855,0.449156,0
607394466663235583,0.432342,0
607394466797453311,0.395937,0
607394466931671039,0.367237,0
607394467065888767,0.433352,0
607394467334324223,0.327738,0
607394467468541951,0.35978,0
607394467602759679,0.412786,0
607394467736977407,0.405616,0
607394467871195135,0.304436,0
607394468005412863,0.311397,0
607394468139630591,0.358858,0
607394468408066047,0.310868,0
607394468542283775,0.316543,0
607394468676501503,0.332294,0
607394468810719231,0.329128,0
607394468944936959,0.302415,0
607394469079154687,0.294291,0
607394469213372415,0.325026,0
607394469481807871,0.272008,0
607394469616025599,0.277331,0
607394469750243327,0.303965,0
607394469884461055,0.28853,0
607394470018678783,0.271394,0
607394470152896511,0.26536,0
607394470287114239,0.296731,0
607394470555549695,0.373882,0
607394470689767423,0.371263,0
607394470823985151,0.413762,0
607394470958202879,0.40965,0
607394471092420607,0.35443,0
607394471226638335,0.349533,0
607394471360856063,0.413744,0
607394481292967935,0.140942,0
607394481427185663,0.141722,0
607394481561403391,0.145135,0
607394481695621119,0.150859,0
607394481829838847,0.147799,0
607394481964056575,0.144306,0
607394482098274303,0.143867,0
607394482366709759,0.12975,0
607394482500927487,0.11926,0
607394482635145215,0.14013,0
607394482769362943,0.129892,0
607394482903580671,0.135024,0
607394483037798399,0.122707,0
607394483172016127,0.136512,0
607394483440451583,0.163732,0
607394483574669311,0.163122,0
607394483708887039,0.176467,0
607394483843104767,0.173097,0
607394483977322495,0.160977,0
607394484111540223,0.151978,0
607394484245757951,0.16487,0
607394484514193407,0.146472,0
607394484648411135,0.131186,0
607394484782628863,0.1544,0
607394484916846591,0.142892,0
607394485051064319,0.14615,0
607394485185282047,0.137864,0
607394485319499775,0.157543,0
607394485587935231,0.137342,0
607394485722152959,0.139992,0
607394485856370687,0.134601,0
607394485990588415,0.142075,0
607394486124806143,0.122288,0
607394486259023871,0.136963,0
607394486393241599,0.129416,0
607394486661677055,0.142658,0
607394486795894783,0.131835,0
607394486930112511,0.139374,0
607394487064330239,0.139622,0
607394487198547967,0.130471,0
607394487332765695,0.131229,0
607394487466983423,0.13961,0
607394487735418879,0.147217,0
607394487869636607,0.148418,0
607394488003854335,0.161121,0
607394488138072063,0.156332,0
607394488272289791,0.144131,0
607394488406507519,0.14274,0
607394488540725247,0.164325,0
607394489882902527,0.0997594,0
607394490017120255,0.102759,0
607394490151337983,0.110814,0
607394490285555711,0.100149,0
607394490419773439,0.102817,0
607394490553991167,0.103061,0
607394490688208895,0.113678,0
607394490956644351,0.101577,0
607394491090862079,0.0982299,0
607394491225079807,0.0981862,0
607394491359297535,0.0939959,0
607394491493515263,0.132285,0
607394491627732991,0.1246,0
607394491761950719,0.106181,0
607394492030386175,0.117554,0
607394492164603903,0.124354,0
607394492298821631,0.12107,0
607394492433039359,0.121389,0
607394492567257087,0.111169,0
607394492701474815,0.114844,0
607394492835692543,0.128578,0
607394493104127999,0.104334,0
607394493238345727,0.0996422,0
607394493372563455,0.11828,0
607394493506781183,0.100039,0
607394493640998911,0.101709,0
607394493775216639,0.0908339,0
607394493909434367,0.11798,0
607394494177869823,0.115814,0
607394494312087551,0.110102,0
607394494446305279,0.120205,0
607394494580523007,0.116927,0
607394494714740735,0.11001,0
607394494848958463,0.112578,0
607394494983176191,0.11967,0
607394495251611647,0.162057,0
607394495385829375,0.111204,0
607394495520047103,0.10747,0
607394495654264831,0.133906,0
607394495788482559,0.142421,0
607394495922700287,0.149174,0
607394496056918015,0.107826,0
607394496325353471,0.121459,0
607394496459571199,0.118696,0
607394496593788927,0.132065,0
607394496728006655,0.119538,0
607394496862224383,0.119881,0
607394496996442111,0.119494,0
607394497130659839,0.12659,0
607394498472837119,0.191412,0
607394498607054847,0.205179,0
607394498741272575,0.212293,0
607394498875490303,0.201223,0
607394499009708031,0.190595,0
607394499143925759,0.199872,0
607394499278143487,0.196682,0
607394499546578943,0.192742,0
607394499680796671,0.188875,0
607394499815014399,0.209335,0
607394499949232127,0.192302,0
607394500083449855,0.183683,0
607394500217667583,0.180129,0
607394500351885311,0.199183,0
607394500620320767,0.227426,0
607394500754538495,0.242543,0
607394500888756223,0.263021,0
607394501022973951,0.244104,0
607394501157191679,0.219625,0
607394501291409407,0.216943,0
607394501425627135,0.229424,0
607394501694062591,0.248365,0
607394501828280319,0.237099,0
607394501962498047,0.244477,0
607394502096715775,0.251092,0
607394502230933503,0.2122,0
607394502365151231,0.213524,0
607394502499368959,0.224661,0
607394502767804415,0.201877,0
607394502902022143,0.188324,0
607394503036239871,0.210371,0
607394503170457599,0.19465,0
607394503304675327,0.200206,0
607394503438893055,0.196499,0
607394503573110783,0.21255,0
607394503841546239,0.179269,0
607394503975763967,0.174087,0
607394504109981695,0.181724,0
607394504244199423,0.186113,0
607394504378417151,0.167238,0
607394504512634879,0.160993,0
607394504646852607,0.185193,0
607394504915288063,0.245448,0
607394505049505791,0.211802,0
607394505183723519,0.27805,0
607394505317941247,0.227437,0
607394505452158975,0.215944,0
607394505586376703,0.201448,0
607394505720594431,0.28552,0
607394507062771711,0.168512,0
607394507196989439,0.168121,0
607394507331207167,0.192329,0
607394507465424895,0.194403,0
607394507599642623,0.158377,0
607394507733860351,0.167018,0
607394507868078079,0.176183,0
607394508136513535,0.147375,0
607394508270731263,0.148759,0
607394508404948991,0.157188,0
607394508539166719,0.160042,0
607394508673384447,0.143909,0
607394508807602175,0.140648,0
607394508941819903,0.159703,0
607394509210255359,0.218826,0
607394509344473087,0.206386,0
607394509478690815,0.24807,0
607394509612908543,0.249433,0
607394509747126271,0.203847,0
607394509881343999,0.194668,0
607394510015561727,0.235765,0
607394510283997183,0.194907,0
607394510418214911,0.191588,0
607394510552432639,0.202382,0
607394510686650367,0.20735,0
607394510820868095,0.184675,0
607394510955085823,0.170907,0
607394511089303551,0.18935,0
607394511357739007,0.163878,0
607394511491956735,0.149576,0
607394511626174463,0.178602,0
607394511760392191,0.166491,0
607394511894609919,0.168332,0
607394512028827647,0.1572,0
607394512163045375,0.17125,0
607394512431480831,0.143173,0
607394512565698559,0.145296,0
607394512699916287,0.154767,0
607394512834134015,0.161944,0
607394512968351743,0.141924,0
607394513102569471,0.145721,0
607394513236787199,0.146467,0
607394513505222655,0.187343,0
607394513639440383,0.188802,0
607394513773658111,0.219543,0
607394513907875839,0.210653,0
607394514042093567,0.187227,0
607394514176311295,0.178896,0
607394514310529023,0.215758,0
607394515652706303,0.112938,0
607394515786924031,0.11672,0
607394515921141759,0.125763,0
607394516055359487,0.119929,0
607394516189577215,0.116262,0
607394516323794943,0.125777,0
607394516458012671,0.126302,0
607394516726448127,0.107597,0
607394516860665855,0.118084,0
607394516994883583,0.11158,0
607394517129101311,0.117768,0
607394517263319039,0.110846,0
607394517397536767,0.112341,0
607394517531754495,0.120235,0
607394517800189951,0.118006,0
607394517934407679,0.124657,0
607394518068625407,0.121875,0
607394518202843135,0.12723,0
607394518337060863,0.120045,0
607394518471278591,0.110461,0
607394518605496319,0.123409,0
607394518873931775,0.114431,0
607394519008149503,0.129197,0
607394519142367231,0.113576,0
607394519276584959,0.127742,0
607394519410802687,0.114239,0
607394519545020415,0.120954,0
607394519679238143,0.108236,0
607394519947673599,0.116819,0
607394520081891327,0.115384,0
607394520216109055,0.130238,0
607394520350326783,0.128356,0
607394520484544511,0.127572,0
607394520618762239,0.121272,0
607394520752979967,0.132345,0
607394521021415423,0.127708,0
607394521155633151,0.118452,0
607394521289850879,0.116548,0
607394521424068607,0.115746,0
607394521558286335,0.126471,0
607394521692504063,0.123016,0
607394521826721791,0.124349,0
607394522095157247,0.131934,0
607394522229374975,0.131424,0
607394522363592703,0.139198,0
607394522497810431,0.131897,0
607394522632028159,0.1365,0
607394522766245887,0.125094,0
607394522900463615,0.136181,0
607394524242640895,0.110722,0
607394524376858623,0.11366,0
607394524511076351,0.113486,0
607394524645294079,0.108825,0
607394524779511807,0.1175,0
607394524913729535,0.111834,0
607394525047947263,0.114325,0
607394525316382719,0.114811,0
607394525450600447,0.106594,0
607394525584818175,0.116743,0
607394525719035903,0.113713,0
607394525853253631,0.133947,0
607394525987471359,0.112947,0
607394526121689087,0.109288,0
607394526390124543,0.116002,0
607394526524342271,0.107756,0
607394526658559999,0.126381,0
607394526792777727,0.115042,0
607394526926995455,0.111225,0
607394527061213183,0.107775,0
607394527195430911,0.121256,0
607394527463866367,0.108992,0
607394527598084095,0.108993,0
607394527732301823,0.108867,0
607394527866519551,0.110849,0
607394528000737279,0.1151,0
607394528134955007,0.115893,0
607394528269172735,0.111262,0
607394528537608191,0.123806,0
607394528671825919,0.118652,0
607394528806043647,0.12251,0
607394528940261375,0.118268,0
607394529074479103,0.121201,0
607394529208696831,0.128867,0
607394529342914559,0.119557,0
607394529611350015,0.119062,0
607394529745567743,0.119771,0
607394529879785471,0.125181,0
607394530014003199,0.122378,0
607394530148220927,0.127165,0
607394530282438655,0.114001,0
607394530416656383,0.128199,0
607394530685091839,0.127035,0
607394530819309567,0.119471,0
607394530953527295,0.127905,0
607394531087745023,0.123402,0
607394531221962751,0.114599,0
607394531356180479,0.119527,0
607394531490398207,0.125866,0
607394532832575487,0.1817,0
607394532966793215,0.17035,0
607394533101010943,0.185464,0
607394533235228671,0.191783,0
607394533369446399,0.184618,0
607394533503664127,0.163257,0
607394533637881855,0.194353,0
607394533906317311,0.144168,0
607394534040535039,0.141972,0
607394534174752767,0.168135,0
607394534308970495,0.153716,0
607394534443188223,0.147484,0
607394534577405951,0.1374,0
607394534711623679,0.152102,0
607394534980059135,0.202611,0
607394535114276863,0.201352,0
607394535248494591,0.232045,0
607394535382712319,0.207047,0
607394535516930047,0.208135,0
607394535651147775,0.192862,0
607394535785365503,0.229065,0
607394536053800959,0.18161,0
607394536188018687,0.177088,0
607394536322236415,0.1962,0
607394536456454143,0.184446,0
607394536590671871,0.182778,0
607394536724889599,0.175311,0
607394536859107327,0.191301,0
607394537127542783,0.164323,0
607394537261760511,0.165295,0
607394537395978239,0.182464,0
607394537530195967,0.187945,0
607394537664413695,0.166937,0
607394537798631423,0.150892,0
607394537932849151,0.171972,0
607394538201284607,0.143079,0
607394538335502335,0.132517,0
607394538469720063,0.157935,0
607394538603937791,0.145977,0
607394538738155519,0.14369,0
607394538872373247,0.136765,0
607394539006590975,0.144193,0
607394539275026431,0.167535,0
607394539409244159,0.192513,0
607394539543461887,0.18308,0
607394539677679615,0.214277,0
607394539811897343,0.164214,0
607394539946115071,0.187083,0
607394540080332799,0.168248,0
607394550012444671,0.816356,0
607394550146662399,0.71446,0
607394550280880127,0.783273,0
607394550415097855,0.751428,0
607394550549315583,0.785729,0
607394550683533311,0.824215,0
607394550817751039,0.794825,0
607394551086186495,0.705338,0
607394551220404223,0.662632,0
607394551354621951,0.620364,0
607394551488839679,0.670509,0
607394551623057407,0.768635,0
607394551757275135,0.721788,0
607394551891492863,0.792108,0
607394552159928319,0.73651,0
607394552294146047,0.678841,0
607394552428363775,0.726244,0
607394552562581503,0.702973,0
607394552696799231,0.760961,0
607394552831016959,0.751051,0
607394552965234687,0.756819,0
607394553233670143,0.627441,0
607394553367887871,0.610033,0
607394553502105599,0.634931,0
607394553636323327,0.623137,0
607394553770541055,0.707415,0
607394553904758783,0.621129,0
607394554038976511,0.676866,0
607394554307411967,0.964864,0
607394554441629695,0.854549,0
607394554575847423,0.989434,0
607394554710065151,0.798761,0
607394554844282879,4.68381,0
607394554978500607,1.24817,0
607394555112718335,1.37263,0
607394555381153791,0.910439,0
607394555515371519,0.810328,0
607394555649589247,0.82186,0
607394555783806975,0.800387,0
607394555918024703,1.13862,0
607394556052242431,0.90194,0
607394556186460159,1.00724,0
607394556454895615,0.837495,0
607394556589113343,0.776761,0
607394556723331071,0.887989,0
607394556857548799,0.768134,0
607394556991766527,0.946531,0
607394557125984255,0.79664,0
607394557260201983,0.9826,0
607394558602379263,0.563927,0
607394558736596991,0.543247,0
607394558870814719,0.565333,0
607394559005032447,0.540794,0
607394559139250175,0.577046,0
607394559273467903,0.553694,0
607394559407685631,0.588742,0
607394559676121087,0.510198,0
607394559810338815,0.477914,0
607394559944556543,0.534591,0
607394560078774271,0.475582,0
607394560212991999,0.539464,0
607394560347209727,0.499188,0
607394560481427455,0.532831,0
607394560749862911,0.534741,0
607394560884080639,0.493204,0
607394561018298367,0.549684,0
607394561152516095,0.489847,0
607394561286733823,0.543675,0
607394561420951551,0.49408,0
607394561555169279,0.571886,0
607394561823604735,0.510546,0
607394561957822463,0.485991,0
607394562092040191,0.474312,0
607394562226257919,0.480715,0
607394562360475647,0.515674,0
607394562494693375,0.502325,0
607394562628911103,0.524132,0
607394562897346559,0.636059,0
607394563031564287,0.609911,0
607394563165782015,0.635094,0
607394563299999743,0.613907,0
607394563434217471,0.700059,0
607394563568435199,0.653446,0
607394563702652927,0.676266,0
607394563971088383,0.55576,0
607394564105306111,0.583058,0
607394564239523839,0.562205,0
607394564373741567,0.554123,0
607394564507959295,0.570759,0
607394564642177023,0.533836,0
607394564776394751,0.600364,0
607394565044830207,0.568466,0
607394565179047935,0.591247,0
607394565313265663,0.590156,0
607394565447483391,0.576885,0
607394565581701119,0.648211,0
607394565715918847,0.60884,0
607394565850136575,0.59429,0
607394567192313855,0.733666,0
607394567326531583,0.695809,0
607394567460749311,0.791985,0
607394567594967039,0.706356,0
607394567729184767,0.80873,0
607394567863402495,0.737576,0
607394567997620223,0.813346,0
607394568266055679,0.680613,0
607394568400273407,0.656355,0
607394568534491135,0.678649,0
607394568668708863,0.654162,0
607394568802926591,0.720521,0
607394568937144319,0.696466,0
607394569071362047,0.720939,0
607394569339797503,0.782898,0
607394569474015231,0.685749,0
607394569608232959,0.779832,0
607394569742450687,0.695644,0
607394569876668415,0.788185,0
607394570010886143,0.705877,0
607394570145103871,0.850414,0
607394570413539327,0.671812,0
607394570547757055,0.652664,0
607394570681974783,0.681374,0
607394570816192511,0.643938,0
607394570950410239,0.653242,0
607394571084627967,0.659141,0
607394571218845695,0.661469,0
607394571487281151,1.22937,0
607394571621498879,1.39929,0
607394571755716607,1.12042,0
607394571889934335,0.846601,0
607394572024152063,1.15171,0
607394572158369791,1.22315,0
607394572292587519,1.1516,0
607394572561022975,0.788212,0
607394572695240703,0.728158,0
607394572829458431,0.859114,0
607394572963676159,0.724637,0
607394573097893887,0.922883,0
607394573232111615,0.754841,0
607394573366329343,0.973401,0
607394573634764799,1.61021,0
607394573768982527,0.80702,0
607394573903200255,2.18793,0
607394574037417983,0.856654,0
607394574171635711,1.20126,0
607394574305853439,0.95946,0
607394574440071167,1.45997,0
607394575782248447,0.56099,0
607394575916466175,0.541709,0
607394576050683903,0.56418,0
607394576184901631,0.538017,0
607394576319119359,0.570216,0
607394576453337087,0.537777,0
607394576587554815,0.586834,0
607394576855990271,0.53637,0
607394576990207999,0.486473,0
607394577124425727,0.539514,0
607394577258643455,0.503048,0
607394577392861183,0.55691,0
607394577527078911,0.514283,0
607394577661296639,0.555885,0
607394577929732095,0.501439,0
607394578063949823,0.516254,0
607394578198167551,0.522726,0
607394578332385279,0.498131,0
607394578466603007,0.573436,0
607394578600820735,0.538757,0
607394578735038463,0.532999,0
607394579003473919,0.52186,0
607394579137691647,0.487849,0
607394579271909375,0.506806,0
607394579406127103,0.472841,0
607394579540344831,0.535986,0
607394579674562559,0.511155,0
607394579808780287,0.541422,0
607394580077215743,0.596036,0
607394580211433471,0.595847,0
607394580345651199,0.641998,0
607394580479868927,0.618509,0
607394580614086655,0.659726,0
607394580748304383,0.612769,0
607394580882522111,0.645394,0
607394581150957567,0.576684,0
607394581285175295,0.576641,0
607394581419393023,0.569325,0
607394581553610751,0.54928,0
607394581687828479,0.600693,0
607394581822046207,0.580537,0
607394581956263935,0.612942,0
607394582224699391,0.621515,0
607394582358917119,0.586778,0
607394582493134847,0.597926,0
607394582627352575,0.596013,0
607394582761570303,0.627965,0
607394582895788031,0.638711,0
607394583030005759,0.63979,0
607394584372183039,1.29173,0
607394584506400767,1.39663,0
607394584640618495,1.33607,0
607394584774836223,1.47502,0
607394584909053951,1.03814,0
607394585043271679,1.28604,0
607394585177489407,1.02872,0
607394585445924863,2.736,0
607394585580142591,2.22319,0
607394585714360319,2.5608,0
607394585848578047,2.23315,0
607394585982795775,1.00685,0
607394586117013503,1.83053,0
607394586251231231,1.29779,0
607394586519666687,2.11181,0
607394586653884415,3.36279,0
607394586788102143,2.50886,0
607394586922319871,2.81079,0
607394587056537599,1.29803,0
607394587190755327,1.42307,0
607394587324973055,2.59874,0
607394587593408511,2.22636,0
607394587727626239,1.31306,0
607394587861843967,2.85116,0
607394587996061695,1.34407,0
607394588130279423,3.65467,0
607394588264497151,2.48077,0
607394588398714879,2.32742,0
607394588667150335,0.875115,0
607394588801368063,0.977262,0
607394588935585791,0.9432,0
607394589069803519,0.928854,0
607394589204021247,0.895363,0
607394589338238975,0.913942,0
607394589472456703,0.915538,0
607394589740892159,0.952577,0
607394589875109887,0.913455,0
607394590009327615,1.02924,0
607394590143545343,1.0829,0
607394590277763071,0.881063,0
607394590411980799,0.886848,0
607394590546198527,0.940824,0
607394590814633983,0.931652,0
607394590948851711,0.993989,0
607394591083069439,0.973355,0
607394591217287167,1.03718,0
607394591351504895,0.985324,0
607394591485722623,0.950392,0
607394591619940351,0.935903,0
607394592962117631,0.818662,0
607394593096335359,0.711566,0
607394593230553087,0.838294,0
607394593364770815,0.765381,0
607394593498988543,0.766178,0
607394593633206271,0.715264,0
607394593767423999,0.931521,0
607394594035859455,0.575096,0
607394594170077183,0.504451,0
607394594304294911,0.649921,0
607394594438512639,0.535182,0
607394594572730367,0.618861,0
607394594706948095,0.594661,0
607394594841165823,0.642998,0
607394595109601279,0.827477,0
607394595243819007,0.76753,0
607394595378036735,0.801663,0
607394595512254463,0.76251,0
607394595646472191,0.791475,0
607394595780689919,0.791308,0
607394595914907647,0.809799,0
607394596183343103,0.649756,0
607394596317560831,0.581556,0
607394596451778559,0.671536,0
607394596585996287,0.603651,0
607394596720214015,0.681958,0
607394596854431743,0.612255,0
607394596988649471,0.718745,0
607394597257084927,0.821082,0
607394597391302655,0.815529,0
607394597525520383,0.863788,0
607394597659738111,0.803596,0
607394597793955839,1.04225,0
607394597928173567,0.828209,0
607394598062391295,1.04724,0
607394598330826751,0.65491,0
607394598465044479,0.715562,0
607394598599262207,0.832025,0
607394598733479935,0.674994,0
607394598867697663,0.622115,0
607394599001915391,0.613899,0
607394599136133119,0.745377,0
607394599404568575,1.1079,0
607394599538786303,0.910086,0
607394599673004031,1.12811,0
607394599807221759,0.831329,0
607394599941439487,1.16124,0
607394600075657215,0.888145,0
607394600209874943,1.25966,0
607394601552052223,1.30537,0
607394601686269951,1.32075,0
607394601820487679,1.2354,0
607394601954705407,1.38975,0
607394602088923135,1.31871,0
607394602223140863,1.23063,0
607394602357358591,1.1598,0
607394602625794047,1.13177,0
607394602760011775,1.14814,0
607394602894229503,1.66731,0
607394603028447231,1.0748,0
607394603162664959,1.48008,0
607394603296882687,1.02404,0
607394603431100415,1.39051,0
607394603699535871,1.47957,0
607394603833753599,1.26438,0
607394603967971327,1.18182,0
607394604102189055,1.4693,0
607394604236406783,1.2179,0
607394604370624511,1.13653,0
607394604504842239,1.17937,0
607394604773277695,1.00655,0
607394604907495423,1.09785,0
607394605041713151,1.1862,0
607394605175930879,1.13473,0
607394605310148607,1.21645,0
607394605444366335,1.15119,0
607394605578584063,1.25341,0
607394605847019519,1.40587,0
607394605981237247,2.49783,0
607394606115454975,2.0214,0
607394606249672703,1.35583,0
607394606383890431,0.987917,0
607394606518108159,1.01329,0
607394606652325887,2.52854,0
607394606920761343,1.32832,0
607394607054979071,1.63159,0
607394607189196799,2.21336,0
607394607323414527,1.77033,0
607394607457632255,0.997978,0
607394607591849983,1.14068,0
607394607726067711,1.07642,0
607394608128720895,1.06519,0
607394608262938623,1.20626,0
607394608397156351,1.10442,0
607394608531374079,1.19381,0
607394608665591807,1.19105,0
607394608799809535,1.48788,0
607394618731921407,0.32933,0
607394618866139135,0.329202,0
607394619000356863,0.339188,0
607394619134574591,0.327071,0
607394619268792319,0.346754,0
607394619403010047,0.329413,0
607394619537227775,0.357475,0
607394619805663231,0.340335,0
607394619939880959,0.332915,0
607394620074098687,0.331197,0
607394620208316415,0.323523,0
607394620342534143,0.315578,0
607394620476751871,0.339771,0
607394620610969599,0.332627,0
607394620879405055,0.366477,0
607394621013622783,0.360939,0
607394621147840511,0.388167,0
607394621282058239,0.375309,0
607394621416275967,0.363751,0
607394621550493695,0.338117,0
607394621684711423,0.37645,0
607394621953146879,0.33618,0
607394622087364607,0.328554,0
607394622221582335,0.357043,0
607394622355800063,0.353826,0
607394622490017791,0.331542,0
607394622624235519,0.331187,0
607394622758453247,0.34176,0
607394623026888703,0.335966,0
607394623161106431,0.33878,0
607394623295324159,0.342886,0
607394623429541887,0.346168,0
607394623563759615,0.336662,0
607394623697977343,0.359228,0
607394623832195071,0.358233,0
607394624100630527,0.313036,0
607394624234848255,0.32037,0
607394624369065983,0.322155,0
607394624503283711,0.323874,0
607394624637501439,0.318466,0
607394624771719167,0.316564,0
607394624905936895,0.322502,0
607394625174372351,0.339208,0
607394625308590079,0.33489,0
607394625442807807,0.371234,0
607394625577025535,0.362559,0
607394625711243263,0.359649,0
607394625845460991,0.342095,0
607394625979678719,0.356553,0
607394627321855999,0.320903,0
607394627456073727,0.307338,0
607394627590291455,0.320534,0
607394627724509183,0.304773,0
607394627858726911,0.324311,0
607394627992944639,0.307855,0
607394628127162367,0.322284,0
607394628395597823,0.287865,0
607394628529815551,0.281847,0
607394628664033279,0.28992,0
607394628798251007,0.282223,0
607394628932468735,0.291312,0
607394629066686463,0.281179,0
607394629200904191,0.311861,0
607394629469339647,0.322432,0
607394629603557375,0.310494,0
607394629737775103,0.34061,0
607394629871992831,0.321712,0
607394630006210559,0.303759,0
607394630140428287,0.301989,0
607394630274646015,0.32323,0
607394630543081471,0.259156,0
607394630677299199,0.260675,0
607394630811516927,0.284752,0
607394630945734655,0.276594,0
607394631079952383,0.29389,0
607394631214170111,0.269206,0
607394631348387839,0.289303,0
607394631616823295,0.329334,0
607394631751041023,0.331233,0
607394631885258751,0.324625,0
607394632019476479,0.330138,0
607394632153694207,0.31826,0
607394632287911935,0.326939,0
607394632422129663,0.320018,0
607394632690565119,0.316559,0
607394632824782847,0.308027,0
607394632959000575,0.317008,0
607394633093218303,0.307305,0
607394633227436031,0.327395,0
607394633361653759,0.320122,0
607394633495871487,0.317655,0
607394633764306943,0.317797,0
607394633898524671,0.32734,0
607394634032742399,0.321027,0
607394634166960127,0.302934,0
607394634301177855,0.316169,0
607394634435395583,0.315795,0
607394634569613311,0.322165,0
607394635911790591,0.419966,0
607394636046008319,0.420234,0
607394636180226047,0.412262,0
607394636314443775,0.409858,0
607394636448661503,0.417969,0
607394636582879231,0.405746,0
607394636717096959,0.423769,0
607394636985532415,0.393503,0
607394637119750143,0.380065,0
607394637253967871,0.406335,0
607394637388185599,0.398924,0
607394637522403327,0.39615,0
607394637656621055,0.374934,0
607394637790838783,0.411432,0
607394638059274239,0.416165,0
607394638193491967,0.40311,0
607394638327709695,0.406959,0
607394638461927423,0.4068,0
607394638596145151,0.416868,0
607394638730362879,0.399583,0
607394638864580607,0.417983,0
607394639133016063,0.38628,0
607394639267233791,0.393208,0
607394639401451519,0.388581,0
607394639535669247,0.390644,0
607394639669886975,0.414521,0
607394639804104703,0.397801,0
607394639938322431,0.394487,0
607394640206757887,0.445732,0
607394640340975615,0.419808,0
607394640475193343,0.451062,0
607394640609411071,0.421993,0
607394640743628799,0.450735,0
607394640877846527,0.418193,0
607394641012064255,0.469945,0
607394641280499711,0.405577,0
607394641414717439,0.389666,0
607394641548935167,0.412653,0
607394641683152895,0.390759,0
607394641817370623,0.392379,0
607394641951588351,0.384109,0
607394642085806079,0.409909,0
607394642354241535,0.439479,0
607394642488459263,0.414727,0
607394642622676991,0.458304,0
607394642756894719,0.418481,0
607394642891112447,0.471824,0
607394643025330175,0.436443,0
607394643159547903,0.469841,0
607394644501725183,0.363147,0
607394644635942911,0.345896,0
607394644770160639,0.37787,0
607394644904378367,0.368105,0
607394645038596095,0.373021,0
607394645172813823,0.349165,0
607394645307031551,0.410546,0
607394645575467007,0.347087,0
607394645709684735,0.327827,0
607394645843902463,0.345781,0
607394645978120191,0.334393,0
607394646112337919,0.351085,0
607394646246555647,0.3455,0
607394646380773375,0.345947,0
607394646649208831,0.369199,0
607394646783426559,0.357923,0
607394646917644287,0.375968,0
607394647051862015,0.372605,0
607394647186079743,0.367386,0
607394647320297471,0.344306,0
607394647454515199,0.390122,0
607394647722950655,0.326363,0
607394647857168383,0.305456,0
607394647991386111,0.350496,0
607394648125603839,0.322522,0
607394648259821567,0.353962,0
607394648394039295,0.336052,0
607394648528257023,0.343869,0
607394648796692479,0.382113,0
607394648930910207,0.383375,0
607394649065127935,0.439774,0
607394649199345663,0.383929,0
607394649333563391,0.382712,0
607394649467781119,0.404974,0
607394649601998847,0.411464,0
607394649870434303,0.35199,0
607394650004652031,0.335678,0
607394650138869759,0.374596,0
607394650273087487,0.352953,0
607394650407305215,0.347953,0
607394650541522943,0.324821,0
607394650675740671,0.369779,0
607394650944176127,0.381388,0
607394651078393855,0.392277,0
607394651212611583,0.372996,0
607394651346829311,0.388754,0
607394651481047039,0.39559,0
607394651615264767,0.420642,0
607394651749482495,0.396992,0
607394653091659775,0.315443,0
607394653225877503,0.349958,0
607394653360095231,0.33517,0
607394653494312959,0.320451,0
607394653628530687,0.319765,0
607394653762748415,0.296517,0
607394653896966143,0.340258,0
607394654165401599,0.290766,0
607394654299619327,0.305457,0
607394654433837055,0.2981,0
607394654568054783,0.299776,0
607394654702272511,0.276963,0
607394654836490239,0.272991,0
607394654970707967,0.292969,0
607394655239143423,0.347173,0
607394655373361151,0.340665,0
607394655507578879,0.35167,0
607394655641796607,0.356528,0
607394655776014335,0.366934,0
607394655910232063,0.35234,0
607394656044449791,0.368587,0
607394656312885247,0.334013,0
607394656447102975,0.313399,0
607394656581320703,0.334123,0
607394656715538431,0.324076,0
607394656849756159,0.319496,0
607394656983973887,0.300019,0
607394657118191615,0.346927,0
607394657386627071,0.291897,0
607394657520844799,0.306449,0
607394657655062527,0.325521,0
607394657789280255,0.326837,0
607394657923497983,0.288919,0
607394658057715711,0.287425,0
607394658191933439,0.293908,0
607394658460368895,0.33276,0
607394658594586623,0.289608,0
607394658728804351,0.298362,0
607394658863022079,0.310828,0
607394658997239807,0.278024,0
607394659131457535,0.253616,0
607394659265675263,0.302111,0
607394659534110719,0.342679,0
607394659668328447,0.344907,0
607394659802546175,0.375901,0
607394659936763903,0.369755,0
607394660070981631,0.337569,0
607394660205199359,0.334497,0
607394660339417087,0.357729,0
607394661681594367,0.319531,0
607394661815812095,0.317523,0
607394661950029823,0.31776,0
607394662084247551,0.308111,0
607394662218465279,0.308677,0
607394662352683007,0.325786,0
607394662486900735,0.318623,0
607394662755336191,0.302523,0
607394662889553919,0.296206,0
607394663023771647,0.323853,0
607394663157989375,0.320493,0
607394663292207103,0.301454,0
607394663426424831,0.281001,0
607394663560642559,0.307683,0
607394663829078015,0.331897,0
607394663963295743,0.326701,0
607394664097513471,0.319314,0
607394664231731199,0.331668,0
607394664365948927,0.328748,0
607394664500166655,0.319694,0
607394664634384383,0.31749,0
607394664902819839,0.333458,0
607394665037037567,0.321926,0
607394665171255295,0.345102,0
607394665305473023,0.336981,0
607394665439690751,0.316373,0
607394665573908479,0.315021,0
607394665708126207,0.320892,0
607394665976561663,0.302033,0
607394666110779391,0.298119,0
607394666244997119,0.309037,0
607394666379214847,0.313758,0
607394666513432575,0.260418,0
607394666647650303,0.268299,0
607394666781868031,0.276849,0
607394667050303487,0.282987,0
607394667184521215,0.287744,0
607394667318738943,0.303132,0
607394667452956671,0.319456,0
607394667587174399,0.257939,0
607394667721392127,0.229773,0
607394667855609855,0.276286,0
607394668124045311,0.318227,0
607394668258263039,0.319209,0
607394668392480767,0.313453,0
607394668526698495,0.321177,0
607394668660916223,0.316803,0
607394668795133951,0.316686,0
607394668929351679,0.311967,0
607394670271528959,0.440351,0
607394670405746687,0.40459,0
607394670539964415,0.442721,0
607394670674182143,0.420221,0
607394670808399871,0.42928,0
607394670942617599,0.425649,0
607394671076835327,0.443818,0
607394671345270783,0.369116,0
607394671479488511,0.372658,0
607394671613706239,0.381285,0
607394671747923967,0.358131,0
607394671882141695,0.381533,0
607394672016359423,0.358007,0
607394672150577151,0.40144,0
607394672419012607,0.477691,0
607394672553230335,0.437722,0
607394672687448063,0.510137,0
607394672821665791,0.482158,0
607394672955883519,0.464123,0
607394673090101247,0.455744,0
607394673224318975,0.496837,0
607394673492754431,0.411112,0
607394673626972159,0.392045,0
607394673761189887,0.428079,0
607394673895407615,0.40638,0
607394674029625343,0.396775,0
607394674163843071,0.37513,0
607394674298060799,0.42925,0
607394674566496255,0.472607,0
607394674700713983,0.434601,0
607394674834931711,0.495352,0
607394674969149439,0.44263,0
607394675103367167,0.460806,0
607394675237584895,0.416738,0
607394675371802623,0.503691,0
607394675640238079,0.387032,0
607394675774455807,0.370393,0
607394675908673535,0.415447,0
607394676042891263,0.401925,0
607394676177108991,0.398665,0
607394676311326719,0.375197,0
607394676445544447,0.409311,0
607394676713979903,0.499561,0
607394676848197631,0.453922,0
607394676982415359,0.583046,0
607394677116633087,0.494248,0
607394677250850815,0.501624,0
607394677385068543,0.468038,0
607394677519286271,0.527812,0
607394687451398143,0.190589,0
607394687585615871,0.174835,0
607394687719833599,0.244794,0
607394687854051327,0.195577,0
607394687988269055,0.225569,0
607394688122486783,0.185853,0
607394688256704511,0.242108,0
607394688525139967,0.183845,0
607394688659357695,0.193872,0
607394688793575423,0.191173,0
607394688927793151,0.186798,0
607394689062010879,0.187615,0
607394689196228607,0.17518,0
607394689330446335,0.166989,0
607394689598881791,0.23152,0
607394689733099519,0.214433,0
607394689867317247,0.251955,0
607394690001534975,0.26922,0
607394690135752703,0.233107,0
607394690269970431,0.211207,0
607394690404188159,0.230874,0
607394690672623615,0.204481,0
607394690806841343,0.194432,0
607394690941059071,0.218684,0
607394691075276799,0.213476,0
607394691209494527,0.186572,0
607394691343712255,0.193029,0
607394691477929983,0.18766,0
607394691746365439,0.211815,0
607394691880583167,0.209758,0
607394692014800895,0.234229,0
607394692149018623,0.205327,0
607394692283236351,0.240079,0
607394692417454079,0.215428,0
607394692551671807,0.253089,0
607394692820107263,0.17696,0
607394692954324991,0.158761,0
607394693088542719,0.219348,0
607394693222760447,0.176194,0
607394693356978175,0.214856,0
607394693491195903,0.177218,0
607394693625413631,0.219195,0
607394693893849087,0.241873,0
607394694028066815,0.243705,0
607394694162284543,0.249347,0
607394694296502271,0.221445,0
607394694430719999,0.244711,0
607394694564937727,0.241542,0
607394694699155455,0.251964,0
607394696041332735,0.208404,0
607394696175550463,0.21332,0
607394696309768191,0.190116,0
607394696443985919,0.204198,0
607394696578203647,0.187049,0
607394696712421375,0.201872,0
607394696846639103,0.1895,0
607394697115074559,0.218905,0
607394697249292287,0.266831,0
607394697383510015,0.214168,0
607394697517727743,0.219402,0
607394697651945471,0.18649,0
607394697786163199,0.238761,0
607394697920380927,0.205388,0
607394698188816383,0.190284,0
607394698323034111,0.190832,0
607394698457251839,0.186542,0
607394698591469567,0.185803,0
607394698725687295,0.184859,0
607394698859905023,0.199272,0
607394698994122751,0.19585,0
607394699262558207,0.203041,0
607394699396775935,0.215406,0
607394699530993663,0.185579,0
607394699665211391,0.209687,0
607394699799429119,0.211848,0
607394699933646847,0.235969,0
607394700067864575,0.204878,0
607394700336300031,0.18998,0
607394700470517759,0.179888,0
607394700604735487,0.194464,0
607394700738953215,0.184029,0
607394700873170943,0.191949,0
607394701007388671,0.195875,0
607394701141606399,0.177793,0
607394701410041855,0.190167,0
607394701544259583,0.198377,0
607394701678477311,0.1843,0
607394701812695039,0.198332,0
607394701946912767,0.174152,0
607394702081130495,0.185922,0
607394702215348223,0.184338,0
607394702483783679,0.190814,0
607394702618001407,0.187016,0
607394702752219135,0.185108,0
607394702886436863,0.182124,0
607394703020654591,0.185386,0
607394703154872319,0.194022,0
607394703289090047,0.176009,0
607394704631267327,0.339884,0
607394704765485055,0.333098,0
607394704899702783,0.347421,0
607394705033920511,0.357803,0
607394705168138239,0.30885,0
607394705302355967,0.309858,0
607394705436573695,0.325776,0
607394705705009151,0.302425,0
607394705839226879,0.280306,0
607394705973444607,0.329929,0
607394706107662335,0.311584,0
607394706241880063,0.272043,0
607394706376097791,0.278994,0
607394706510315519,0.306921,0
607394706778750975,0.383796,0
607394706912968703,0.412562,0
607394707047186431,0.406244,0
607394707181404159,0.434083,0
607394707315621887,0.367607,0
607394707449839615,0.376013,0
607394707584057343,0.370597,0
607394707852492799,0.37444,0
607394707986710527,0.370674,0
607394708120928255,0.383433,0
607394708255145983,0.387789,0
607394708389363711,0.354916,0
607394708523581439,0.355472,0
607394708657799167,0.387228,0
607394708926234623,0.284264,0
607394709060452351,0.286201,0
607394709194670079,0.316964,0
607394709328887807,0.301419,0
607394709463105535,0.268347,0
607394709597323263,0.271501,0
607394709731540991,0.260746,0
607394709999976447,0.280682,0
607394710134194175,0.252279,0
607394710268411903,0.292992,0
607394710402629631,0.283343,0
607394710536847359,0.259027,0
607394710671065087,0.248832,0
607394710805282815,0.266063,0
607394711073718271,0.346936,0
607394711207935999,0.342959,0
607394711342153727,0.358195,0
607394711476371455,0.358093,0
607394711610589183,0.317961,0
607394711744806911,0.328255,0
607394711879024639,0.345208,0
607394713221201919,0.258952,0
607394713355419647,0.237032,0
607394713489637375,0.286691,0
607394713623855103,0.26738,0
607394713758072831,0.281526,0
607394713892290559,0.242869,0
607394714026508287,0.267328,0
607394714294943743,0.195975,0
607394714429161471,0.200846,0
607394714563379199,0.233367,0
607394714697596927,0.238788,0
607394714831814655,0.191187,0
607394714966032383,0.20221,0
607394715100250111,0.209426,0
607394715368685567,0.336363,0
607394715502903295,0.321519,0
607394715637121023,0.365708,0
607394715771338751,0.349162,0
607394715905556479,0.325687,0
607394716039774207,0.311493,0
607394716173991935,0.359063,0
607394716442427391,0.266403,0
607394716576645119,0.272026,0
607394716710862847,0.282647,0
607394716845080575,0.294617,0
607394716979298303,0.247146,0
607394717113516031,0.251611,0
607394717247733759,0.301727,0
607394717516169215,0.277472,0
607394717650386943,0.229545,0
607394717784604671,0.283663,0
607394717918822399,0.268633,0
607394718053040127,0.21631,0
607394718187257855,0.216356,0
607394718321475583,0.301185,0
607394718589911039,0.195609,0
607394718724128767,0.174925,0
607394718858346495,0.223898,0
607394718992564223,0.197646,0
607394719126781951,0.199432,0
607394719260999679,0.196956,0
607394719395217407,0.194607,0
607394719663652863,0.323802,0
607394719797870591,0.307695,0
607394719932088319,0.359605,0
607394720066306047,0.337872,0
607394720200523775,0.302696,0
607394720334741503,0.288327,0
607394720468959231,0.337426,0
607394721811136511,0.215039,0
607394721945354239,0.207274,0
607394722079571967,0.225666,0
607394722213789695,0.214979,0
607394722348007423,0.223829,0
607394722482225151,0.219504,0
607394722616442879,0.229383,0
607394722884878335,0.194756,0
607394723019096063,0.194963,0
607394723153313791,0.197289,0
607394723287531519,0.187537,0
607394723421749247,0.201816,0
607394723555966975,0.19279,0
607394723690184703,0.206712,0
607394723958620159,0.234195,0
607394724092837887,0.231307,0
607394724227055615,0.232776,0
607394724361273343,0.23332,0
607394724495491071,0.253943,0
607394724629708799,0.223073,0
607394724763926527,0.26715,0
607394725032361983,0.219462,0
607394725166579711,0.208361,0
607394725300797439,0.22299,0
607394725435015167,0.21772,0
607394725569232895,0.217023,0
607394725703450623,0.210373,0
607394725837668351,0.23026,0
607394726106103807,0.2336,0
607394726240321535,0.230664,0
607394726374539263,0.228437,0
607394726508756991,0.223772,0
607394726642974719,0.239015,0
607394726777192447,0.229894,0
607394726911410175,0.245382,0
607394727179845631,0.223746,0
607394727314063359,0.20763,0
607394727448281087,0.227381,0
607394727582498815,0.217519,0
607394727716716543,0.225105,0
607394727850934271,0.239652,0
607394727985151999,0.225941,0
607394728253587455,0.222718,0
607394728387805183,0.248633,0
607394728522022911,0.21995,0
607394728656240639,0.242032,0
607394728790458367,0.226632,0
607394728924676095,0.227596,0
607394729058893823,0.251003,0
607394730401071103,0.198793,0
607394730535288831,0.203996,0
607394730669506559,0.199534,0
607394730803724287,0.202564,0
607394730937942015,0.184576,0
607394731072159743,0.201814,0
607394731206377471,0.179506,0
607394731474812927,0.21145,0
607394731609030655,0.215517,0
607394731743248383,0.206339,0
607394731877466111,0.200886,0
607394732011683839,0.208057,0
607394732145901567,0.219017,0
607394732280119295,0.209206,0
607394732548554751,0.183958,0
607394732682772479,0.183298,0
607394732816990207,0.175198,0
607394732951207935,0.178081,0
607394733085425663,0.188584,0
607394733219643391,0.192091,0
607394733353861119,0.181853,0
607394733622296575,0.210542,0
607394733756514303,0.190171,0
607394733890732031,0.191747,0
607394734024949759,0.188496,0
607394734159167487,0.215619,0
607394734293385215,0.206507,0
607394734427602943,0.209389,0
607394734696038399,0.183309,0
607394734830256127,0.191259,0
607394734964473855,0.183875,0
607394735098691583,0.175894,0
607394735232909311,0.196108,0
607394735367127039,0.177372,0
607394735501344767,0.200462,0
607394735769780223,0.196926,0
607394735903997951,0.197444,0
607394736038215679,0.203473,0
607394736172433407,0.202972,0
607394736306651135,0.200721,0
607394736440868863,0.205367,0
607394736575086591,0.1815,0
607394736843522047,0.182863,0
607394736977739775,0.18661,0
607394737111957503,0.187651,0
607394737246175231,0.16939,0
607394737380392959,0.181262,0
607394737514610687,0.1813,0
607394737648828415,0.198036,0
607394738991005695,0.274804,0
607394739125223423,0.273303,0
607394739259441151,0.26867,0
607394739393658879,0.248014,0
607394739527876607,0.292039,0
607394739662094335,0.266408,0
607394739796312063,0.30623,0
607394740064747519,0.23908,0
607394740198965247,0.24618,0
607394740333182975,0.284634,0
607394740467400703,0.246569,0
607394740601618431,0.265378,0
607394740735836159,0.236902,0
607394740870053887,0.270163,0
607394741138489343,0.265111,0
607394741272707071,0.231795,0
607394741406924799,0.265977,0
607394741541142527,0.24358,0
607394741675360255,0.272719,0
607394741809577983,0.23215,0
607394741943795711,0.256788,0
607394742212231167,0.267249,0
607394742346448895,0.249466,0
607394742480666623,0.272184,0
607394742614884351,0.265956,0
607394742749102079,0.28475,0
607394742883319807,0.256986,0
607394743017537535,0.256502,0
607394743285972991,0.296226,0
607394743420190719,0.295312,0
607394743554408447,0.292831,0
607394743688626175,0.287863,0
607394743822843903,0.282485,0
607394743957061631,0.285552,0
607394744091279359,0.296604,0
607394744359714815,0.251725,0
607394744493932543,0.249711,0
607394744628150271,0.314642,0
607394744762367999,0.243418,0
607394744896585727,0.284568,0
607394745030803455,0.236196,0
607394745165021183,0.294535,0
607394745433456639,0.293333,0
607394745567674367,0.260092,0
607394745701892095,0.289852,0
607394745836109823,0.258143,0
607394745970327551,0.297656,0
607394746104545279,0.297357,0
607394746238763007,0.280638,0
607394756170874879,0.150778,0
607394756305092607,0.152845,0
607394756439310335,0.159401,0
607394756573528063,0.147023,0
607394756707745791,0.159101,0
607394756841963519,0.158234,0
607394756976181247,0.163893,0
607394757244616703,0.153107,0
607394757378834431,0.154669,0
607394757513052159,0.156332,0
607394757647269887,0.153889,0
607394757781487615,0.152911,0
607394757915705343,0.153727,0
607394758049923071,0.151023,0
607394758318358527,0.145635,0
607394758452576255,0.128801,0
607394758586793983,0.138447,0
607394758721011711,0.13267,0
607394758855229439,0.152609,0
607394758989447167,0.145329,0
607394759123664895,0.146756,0
607394759392100351,0.139963,0
607394759526318079,0.137051,0
607394759660535807,0.132538,0
607394759794753535,0.144621,0
607394759928971263,0.162288,0
607394760063188991,0.144463,0
607394760197406719,0.138418,0
607394760465842175,0.170566,0
607394760600059903,0.182034,0
607394760734277631,0.17559,0
607394760868495359,0.180274,0
607394761002713087,0.178087,0
607394761136930815,0.177599,0
607394761271148543,0.184417,0
607394761539583999,0.165914,0
607394761673801727,0.160056,0
607394761808019455,0.171415,0
607394761942237183,0.156289,0
607394762076454911,0.173545,0
607394762210672639,0.154869,0
607394762344890367,0.180256,0
607394762613325823,0.16218,0
607394762747543551,0.179923,0
607394762881761279,0.14858,0
607394763015979007,0.155773,0
607394763150196735,0.177524,0
607394763284414463,0.173953,0
607394763418632191,0.156259,0
607394764760809471,0.138228,0
607394764895027199,0.131698,0
607394765029244927,0.129243,0
607394765163462655,0.136133,0
607394765297680383,0.143621,0
607394765431898111,0.144945,0
607394765566115839,0.130758,0
607394765834551295,0.127079,0
607394765968769023,0.126548,0
607394766102986751,0.11889,0
607394766237204479,0.126221,0
607394766371422207,0.134143,0
607394766505639935,0.125909,0
607394766639857663,0.136313,0
607394766908293119,0.147833,0
607394767042510847,0.128129,0
607394767176728575,0.125753,0
607394767310946303,0.141018,0
607394767445164031,0.130736,0
607394767579381759,0.133923,0
607394767713599487,0.130185,0
607394767982034943,0.12339,0
607394768116252671,0.126488,0
607394768250470399,0.124308,0
607394768384688127,0.135482,0
607394768518905855,0.120222,0
607394768653123583,0.118851,0
607394768787341311,0.131549,0
607394769055776767,0.149038,0
607394769189994495,0.146718,0
607394769324212223,0.144662,0
607394769458429951,0.140456,0
607394769592647679,0.152684,0
607394769726865407,0.150461,0
607394769861083135,0.152021,0
607394770129518591,0.14439,0
607394770263736319,0.153896,0
607394770397954047,0.147683,0
607394770532171775,0.147703,0
607394770666389503,0.141636,0
607394770800607231,0.143555,0
607394770934824959,0.143664,0
607394771203260415,0.150146,0
607394771337478143,0.137554,0
607394771471695871,0.137158,0
607394771605913599,0.131268,0
607394771740131327,0.154252,0
607394771874349055,0.138661,0
607394772008566783,0.140435,0
607394773350744063,0.156939,0
607394773484961791,0.138098,0
607394773619179519,0.161111,0
607394773753397247,0.143652,0
607394773887614975,0.136893,0
607394774021832703,0.133833,0
607394774156050431,0.159614,0
607394774424485887,0.170268,0
607394774558703615,0.195048,0
607394774692921343,0.204592,0
607394774827139071,0.142937,0
607394774961356799,0.136461,0
607394775095574527,0.133192,0
607394775229792255,0.137745,0
607394775498227711,0.167277,0
607394775632445439,0.143917,0
607394775766663167,0.172275,0
607394775900880895,0.149443,0
607394776035098623,0.233838,0
607394776169316351,0.219637,0
607394776303534079,0.282461,0
607394776571969535,0.129541,0
607394776706187263,0.142831,0
607394776840404991,0.138268,0
607394776974622719,0.145803,0
607394777108840447,0.142811,0
607394777243058175,0.134919,0
607394777377275903,0.149951,0
607394777645711359,0.164728,0
607394777779929087,0.154431,0
607394777914146815,0.205959,0
607394778048364543,0.167129,0
607394778182582271,0.204102,0
607394778316799999,0.171884,0
607394778451017727,0.203163,0
607394778719453183,0.146775,0
607394778853670911,0.134927,0
607394778987888639,0.138962,0
607394779122106367,0.134747,0
607394779256324095,0.142927,0
607394779390541823,0.14583,0
607394779524759551,0.148746,0
607394779793195007,0.208162,0
607394779927412735,0.176573,0
607394780061630463,0.277774,0
607394780195848191,0.191689,0
607394780330065919,0.277837,0
607394780464283647,0.181768,0
607394780598501375,0.222168,0
607394781940678655,0.177089,0
607394782074896383,0.130476,0
607394782209114111,0.200315,0
607394782343331839,0.182844,0
607394782477549567,0.18618,0
607394782611767295,0.134436,0
607394782745985023,0.180251,0
607394783014420479,0.127571,0
607394783148638207,0.136404,0
607394783282855935,0.132605,0
607394783417073663,0.135331,0
607394783551291391,0.124568,0
607394783685509119,0.121082,0
607394783819726847,0.13173,0
607394784088162303,0.149501,0
607394784222380031,0.174631,0
607394784356597759,0.152045,0
607394784490815487,0.196816,0
607394784625033215,0.176375,0
607394784759250943,0.184585,0
607394784893468671,0.136332,0
607394785161904127,0.139242,0
607394785296121855,0.139283,0
607394785430339583,0.147865,0
607394785564557311,0.144841,0
607394785698775039,0.142542,0
607394785832992767,0.142519,0
607394785967210495,0.179676,0
607394786235645951,0.188374,0
607394786369863679,0.158091,0
607394786504081407,0.206378,0
607394786638299135,0.139679,0
607394786772516863,0.133311,0
607394786906734591,0.195808,0
607394787040952319,0.132026,0
607394787309387775,0.139075,0
607394787443605503,0.134585,0
607394787577823231,0.139169,0
607394787712040959,0.12766,0
607394787846258687,0.140899,0
607394787980476415,0.135528,0
607394788114694143,0.135651,0
607394788383129599,0.129932,0
607394788517347327,0.176094,0
607394788651565055,0.134172,0
607394788785782783,0.140315,0
607394788920000511,0.142506,0
607394789054218239,0.133896,0
607394789188435967,0.126036,0
607394790530613247,0.195826,0
607394790664830975,0.186983,0
607394790799048703,0.215465,0
607394790933266431,0.188883,0
607394791067484159,0.223477,0
607394791201701887,0.180926,0
607394791335919615,0.217536,0
607394791604355071,0.16436,0
607394791738572799,0.162384,0
607394791872790527,0.188318,0
607394792007008255,0.164376,0
607394792141225983,0.167222,0
607394792275443711,0.170193,0
607394792409661439,0.171019,0
607394792678096895,0.210742,0
607394792812314623,0.1679,0
607394792946532351,0.201578,0
607394793080750079,0.168562,0
607394793214967807,0.217256,0
607394793349185535,0.209703,0
607394793483403263,0.219434,0
607394793751838719,0.194327,0
607394793886056447,0.172984,0
607394794020274175,0.174918,0
607394794154491903,0.179397,0
607394794288709631,0.190595,0
607394794422927359,0.180165,0
607394794557145087,0.197662,0
607394794825580543,0.236933,0
607394794959798271,0.203471,0
607394795094015999,0.251889,0
607394795228233727,0.242245,0
607394795630886911,0.228757,0
607394796167757823,0.18485,0
607394796301975551,0.158242,0
607394796973064191,0.245769,0
607394797107281919,0.228868,0
607394797241499647,0.237852,0
607394797375717375,0.242909,0
607394797509935103,0.258304,0
607394797644152831,0.244873,0
607394797778370559,0.241639,0
607394799120547839,0.154366,0
607394799254765567,0.151856,0
607394799388983295,0.156076,0
607394799523201023,0.164465,0
607394799657418751,0.154651,0
607394799791636479,0.153061,0
607394799925854207,0.160535,0
607394800194289663,0.156687,0
607394800328507391,0.136429,0
607394800462725119,0.143737,0
607394800596942847,0.140703,0
607394800731160575,0.155722,0
607394800865378303,0.153149,0
607394800999596031,0.158719,0
607394801268031487,0.147989,0
607394801402249215,0.152943,0
607394801536466943,0.159411,0
607394801670684671,0.15457,0
607394801804902399,0.15973,0
607394801939120127,0.158811,0
607394802073337855,0.146436,0
607394802341773311,0.154653,0
607394802475991039,0.151495,0
607394802610208767,0.15266,0
607394802744426495,0.165721,0
607394802878644223,0.142706,0
607394803012861951,0.146815,0
607394803147079679,0.153053,0
607394803415515135,0.15029,0
607394803549732863,0.154165,0
607394803683950591,0.155445,0
607394803818168319,0.153115,0
607394804220821503,0.163754,0
607394804757692415,0.154587,0
607394804891910143,0.157517,0
607394805562998783,0.145629,0
607394805697216511,0.160225,0
607394805831434239,0.150185,0
607394805965651967,0.150057,0
607394806099869695,0.158116,0
607394806234087423,0.159672,0
607394806368305151,0.154062,0
607394807710482431,0.218631,0
607394807844700159,0.229346,0
607394807978917887,0.224037,0
607394808113135615,0.221897,0
607394808247353343,0.197399,0
607394808381571071,0.213845,0
607394808515788799,0.234234,0
607394808784224255,0.190301,0
607394808918441983,0.181315,0
607394809052659711,0.189984,0
607394809186877439,0.168324,0
607394809321095167,0.187852,0
607394809455312895,0.188917,0
607394809589530623,0.211595,0
607394809857966079,0.196248,0
607394809992183807,0.223029,0
607394810126401535,0.25253,0
607394810260619263,0.209466,0
607394810394836991,0.230507,0
607394810529054719,0.215765,0
607394810663272447,0.203516,0
607394810931707903,0.17204,0
607394811065925631,0.162247,0
607394811200143359,0.18485,0
607394811334361087,0.167574,0
607394811468578815,0.215651,0
607394811602796543,0.18564,0
607394811737014271,0.207028,0
607394812005449727,0.215177,0
607394812139667455,0.215871,0
607394812273885183,0.233426,0
607394812408102911,0.269569,0
607394812542320639,0.22518,0
607394812676538367,0.258932,0
607394812810756095,0.22498,0
607394813079191551,0.21921,0
607394813213409279,0.216664,0
607394813347627007,0.219222,0
607394813481844735,0.216038,0
607394813616062463,0.242826,0
607394813750280191,0.233658,0
607394813884497919,0.224277,0
607394814152933375,0.224683,0
607394814287151103,0.28103,0
607394814421368831,0.20326,0
607394814555586559,0.193146,0
607394814689804287,0.221208,0
607394814824022015,0.212706,0
607394814958239743,0.209449,0
607394824890351615,0.851119,0
607394825024569343,0.928624,0
607394825158787071,0.873481,0
607394825293004799,0.891731,0
607394825427222527,0.84665,0
607394825561440255,0.820441,0
607394825695657983,0.815438,0
607394825964093439,0.788522,0
607394826098311167,0.767152,0
607394826232528895,0.847087,0
607394826366746623,0.85017,0
607394826500964351,0.746204,0
607394826635182079,0.689389,0
607394826769399807,0.81229,0
607394827037835263,1.09275,0
607394827172052991,1.09985,0
607394827306270719,1.57716,0
607394827440488447,1.55154,0
607394827574706175,0.980409,0
607394827708923903,1.00243,0
607394827843141631,1.07144,0
607394828111577087,0.916703,0
607394828245794815,0.900369,0
607394828380012543,1.05287,0
607394828514230271,0.907131,0
607394828648447999,0.900404,0
607394828782665727,0.890349,0
607394828916883455,1.00011,0
607394829185318911,0.687808,0
607394829319536639,0.688472,0
607394829453754367,0.768387,0
607394829587972095,0.793133,0
607394829722189823,0.579959,0
607394829856407551,0.578678,0
607394829990625279,0.658347,0
607394830259060735,0.641922,0
607394830393278463,0.64697,0
607394830527496191,0.744757,0
607394830661713919,0.740465,0
607394830795931647,0.606921,0
607394830930149375,0.573338,0
607394831064367103,0.636783,0
607394831332802559,0.837818,0
607394831467020287,0.856084,0
607394831601238015,0.924462,0
607394831735455743,1.01696,0
607394831869673471,0.780279,0
607394832003891199,0.807868,0
607394832138108927,0.892148,0
607394833480286207,0.704022,0
607394833614503935,0.744481,0
607394833748721663,0.757829,0
607394833882939391,0.710053,0
607394834017157119,0.653597,0
607394834151374847,0.611651,0
607394834285592575,0.732025,0
607394834554028031,0.533988,0
607394834688245759,0.610344,0
607394834822463487,0.799871,0
607394834956681215,0.793859,0
607394835090898943,0.529452,0
607394835225116671,0.475743,0
607394835359334399,0.568419,0
607394835627769855,0.843493,0
607394835761987583,0.776563,0
607394835896205311,0.902489,0
607394836030423039,0.816956,0
607394836164640767,0.823163,0
607394836298858495,0.75729,0
607394836433076223,0.912309,0
607394836701511679,0.815381,0
607394836835729407,0.808868,0
607394836969947135,0.87932,0
607394837104164863,0.901283,0
607394837238382591,0.722353,0
607394837372600319,0.928774,0
607394837506818047,0.741822,0
607394837775253503,0.673142,0
607394837909471231,0.608302,0
607394838043688959,0.740119,0
607394838177906687,0.680235,0
607394838312124415,0.637375,0
607394838446342143,0.562981,0
607394838580559871,0.737245,0
607394838848995327,0.494139,0
607394838983213055,0.492335,0
607394839117430783,0.591129,0
607394839251648511,0.548664,0
607394839385866239,0.483219,0
607394839520083967,0.438592,0
607394839654301695,0.53203,0
607394839922737151,0.891601,0
607394840056954879,0.838192,0
607394840191172607,0.837495,0
607394840325390335,0.876103,0
607394840459608063,0.828524,0
607394840593825791,0.785887,0
607394840728043519,0.877064,0
607394842070220799,0.890253,0
607394842204438527,0.949795,0
607394842338656255,0.781344,0
607394842472873983,0.865068,0
607394842607091711,1.47124,0
607394842741309439,1.13951,0
607394842875527167,1.00945,0
607394843143962623,1.338,0
607394843278180351,1.66807,0
607394843412398079,1.35104,0
607394843546615807,1.24881,0
607394843680833535,1.50772,0
607394843815051263,1.49624,0
607394843949268991,1.21598,0
607394844217704447,1.13224,0
607394844351922175,1.07517,0
607394844486139903,1.155,0
607394844620357631,1.04151,0
607394844754575359,0.792261,0
607394844888793087,0.944026,0
607394845023010815,0.938891,0
607394845291446271,1.5055,0
607394845425663999,1.16477,0
607394845559881727,1.16951,0
607394845694099455,1.17056,0
607394845828317183,0.850785,0
607394845962534911,1.36674,0
607394846096752639,1.16137,0
607394846365188095,0.986886,0
607394846499405823,1.7787,0
607394846633623551,1.77635,0
607394846767841279,1.87719,0
607394846902059007,0.919695,0
607394847036276735,0.96578,0
607394847170494463,0.94844,0
607394847438929919,1.4633,0
607394847573147647,1.3239,0
607394847707365375,1.46422,0
607394847841583103,1.2705,0
607394847975800831,0.979295,0
607394848110018559,1.18517,0
607394848244236287,1.42625,0
607394848512671743,1.20563,0
607394848646889471,0.859766,0
607394848781107199,1.24548,0
607394848915324927,1.24243,0
607394849049542655,1.57502,0
607394849183760383,1.48165,0
607394849317978111,1.4675,0
607394850660155391,0.992201,0
607394850794373119,0.957091,0
607394850928590847,0.985683,0
607394851062808575,0.933578,0
607394851197026303,1.05137,0
607394851331244031,0.994757,0
607394851465461759,1.07546,0
607394851733897215,0.967713,0
607394851868114943,0.961797,0
607394852002332671,0.947411,0
607394852136550399,0.932797,0
607394852270768127,0.931812,0
607394852404985855,0.864724,0
607394852539203583,0.993377,0
607394852807639039,1.50296,0
607394852941856767,0.988561,0
607394853076074495,1.24759,0
607394853210292223,1.36189,0
607394853344509951,1.01537,0
607394853478727679,0.991139,0
607394853612945407,1.78627,0
607394853881380863,0.853589,0
607394854015598591,0.931368,0
607394854149816319,1.00908,0
607394854284034047,0.997606,0
607394854418251775,0.934598,0
607394854552469503,0.890748,0
607394854686687231,0.947032,0
607394854955122687,1.58397,0
607394855089340415,1.15401,0
607394855223558143,1.77168,0
607394855357775871,1.10057,0
607394855491993599,1.49136,0
607394855626211327,1.06565,0
607394855760429055,1.46934,0
607394856028864511,1.01562,0
607394856163082239,0.941101,0
607394856297299967,1.01226,0
607394856431517695,0.966763,0
607394856565735423,0.945385,0
607394856699953151,0.861914,0
607394856834170879,1.01307,0
607394857102606335,1.00297,0
607394857236824063,1.03639,0
607394857371041791,0.950203,0
607394857505259519,0.959199,0
607394857639477247,1.13984,0
607394857773694975,1.18871,0
607394857907912703,1.00885,0
607394859250089983,0.394479,0
607394859384307711,0.411296,0
607394859518525439,0.422787,0
607394859652743167,0.438685,0
607394859786960895,0.372169,0
607394859921178623,0.379081,0
607394860055396351,0.387476,0
607394860323831807,0.406228,0
607394860458049535,0.425924,0
607394860592267263,0.435802,0
607394860726484991,0.444262,0
607394860860702719,0.391455,0
607394860994920447,0.416558,0
607394861129138175,0.389397,0
607394861397573631,0.53683,0
607394861531791359,0.591216,0
607394861666009087,0.570601,0
607394861800226815,0.599767,0
607394861934444543,0.471623,0
607394862068662271,0.509722,0
607394862202879999,0.493128,0
607394862471315455,0.552456,0
607394862605533183,0.589262,0
607394862739750911,0.616684,0
607394862873968639,0.573458,0
607394863008186367,0.484397,0
607394863142404095,0.458772,0
607394863276621823,0.497952,0
607394863545057279,0.35134,0
607394863679275007,0.355998,0
607394863813492735,0.355331,0
607394863947710463,0.379212,0
607394864081928191,0.343108,0
607394864216145919,0.368319,0
607394864350363647,0.35281,0
607394864618799103,0.376571,0
607394864753016831,0.381602,0
607394864887234559,0.364279,0
607394865021452287,0.377017,0
607394865155670015,0.366928,0
607394865289887743,0.380849,0
607394865424105471,0.368884,0
607394865692540927,0.407284,0
607394865826758655,0.40396,0
607394865960976383,0.411394,0
607394866095194111,0.438108,0
607394866229411839,0.367051,0
607394866363629567,0.37041,0
607394866497847295,0.401429,0
607394867840024575,0.41605,0
607394867974242303,0.40845,0
607394868108460031,0.47704,0
607394868242677759,0.445647,0
607394868376895487,0.401605,0
607394868511113215,0.408015,0
607394868645330943,0.49883,0
607394868913766399,0.37205,0
607394869047984127,0.361848,0
607394869182201855,0.391148,0
607394869316419583,0.376846,0
607394869450637311,0.393761,0
607394869584855039,0.37146,0
607394869719072767,0.382335,0
607394869987508223,0.559619,0
607394870121725951,0.549572,0
607394870255943679,0.627746,0
607394870390161407,0.629875,0
607394870524379135,0.514477,0
607394870658596863,0.517484,0
607394870792814591,0.552425,0
607394871061250047,0.466889,0
607394871195467775,0.438975,0
607394871329685503,0.546098,0
607394871463903231,0.507435,0
607394871598120959,0.439395,0
607394871732338687,0.442782,0
607394871866556415,0.482823,0
607394872134991871,0.401948,0
607394872269209599,0.394969,0
607394872403427327,0.424914,0
607394872537645055,0.421465,0
607394872671862783,0.400872,0
607394872806080511,0.405192,0
607394872940298239,0.408914,0
607394873208733695,0.378839,0
607394873342951423,0.389607,0
607394873477169151,0.43394,0
607394873611386879,0.384678,0
607394873745604607,0.371948,0
607394873879822335,0.36394,0
607394874014040063,0.401387,0
607394874282475519,0.55837,0
607394874416693247,0.484949,0
607394874550910975,0.586068,0
607394874685128703,0.518753,0
607394874819346431,0.50829,0
607394874953564159,0.541692,0
607394875087781887,0.539096,0
607394876429959167,0.644223,0
607394876564176895,0.727773,0
607394876698394623,0.644645,0
607394876832612351,0.754848,0
607394876966830079,0.534705,0
607394877101047807,0.599602,0
607394877235265535,0.569388,0
607394877503700991,0.730256,0
607394877637918719,0.75354,0
607394877772136447,0.778415,0
607394877906354175,0.76472,0
607394878040571903,0.685342,0
607394878174789631,0.699509,0
607394878309007359,0.657162,0
607394878577442815,0.867734,0
607394878711660543,0.873018,0
607394878845878271,0.954596,0
607394878980095999,0.878352,0
607394879114313727,0.707314,0
607394879248531455,0.790498,0
607394879382749183,0.794598,0
607394879651184639,0.867523,0
607394879785402367,0.854891,0
607394879919620095,0.860952,0
607394880053837823,0.868652,0
607394880188055551,0.791902,0
607394880322273279,0.802497,0
607394880456491007,0.820551,0
607394880724926463,0.476375,0
607394880859144191,0.486046,0
607394880993361919,0.481282,0
607394881127579647,0.521378,0
607394881261797375,0.42752,0
607394881396015103,0.43496,0
607394881530232831,0.444524,0
607394881798668287,0.495644,0
607394881932886015,0.536331,0
607394882067103743,0.533092,0
607394882201321471,0.565831,0
607394882335539199,0.448106,0
607394882469756927,0.504184,0
607394882603974655,0.476228,0
607394882872410111,0.547821,0
607394883006627839,0.59861,0
607394883140845567,0.556702,0
607394883275063295,0.626872,0
607394883409281023,0.512477,0
607394883543498751,0.521028,0
607394883677716479,0.477687,0
607394962329305087,0.0753772,0
607394962463522815,0.0825831,0
607394962597740543,0.0735004,0
607394962731958271,0.0769794,0
607394962866175999,0.0803435,0
607394963000393727,0.0834502,0
607394963134611455,0.0808301,0
607394963403046911,0.0789431,0
607394963537264639,0.075768,0
607394963671482367,0.0745091,0
607394963805700095,0.082668,0
607394963939917823,0.0798146,0
607394964074135551,0.0760808,0
607394964208353279,0.082597,0
607394964476788735,0.0818988,0
607394964611006463,0.0890287,0
607394964745224191,0.0880439,0
607394964879441919,0.0957282,0
607394965013659647,0.0714605,0
607394965147877375,0.0730151,0
607394965282095103,0.0786458,0
607394965550530559,0.0669619,0
607394965684748287,0.0661254,0
607394965818966015,0.0739376,0
607394965953183743,0.072689,0
607394966087401471,0.0725243,0
607394966221619199,0.0748308,0
607394966355836927,0.0758028,0
607394966624272383,0.0730615,0
607394966758490111,0.0786895,0
607394966892707839,0.0801236,0
607394967026925567,0.0800177,0
607394967161143295,0.0747891,0
607394967295361023,0.0782779,0
607394967429578751,0.0732229,0
607394967698014207,0.0872589,0
607394967832231935,0.087741,0
607394967966449663,0.0767767,0
607394968100667391,0.0808766,0
607394968234885119,0.0864239,0
607394968369102847,0.0899526,0
607394968503320575,0.0875866,0
607394968771756031,0.0744832,0
607394968905973759,0.0715935,0
607394969040191487,0.0728476,0
607394969174409215,0.0739657,0
607394969308626943,0.074378,0
607394969442844671,0.073283,0
607394969577062399,0.0682414,0
607394970919239679,0.0708899,0
607394971053457407,0.0733709,0
607394971187675135,0.0646055,0
607394971321892863,0.0690686,0
607394971456110591,0.0689298,0
607394971590328319,0.0736572,0
607394971724546047,0.0661782,0
607394971992981503,0.0643487,0
607394972127199231,0.064514,0
607394972261416959,0.0682246,0
607394972395634687,0.067516,0
607394972529852415,0.0593801,0
607394972664070143,0.0642102,0
607394972798287871,0.0692338,0
607394973066723327,0.07215,0
607394973200941055,0.06875,0
607394973335158783,0.0703343,0
607394973469376511,0.07093,0
607394973603594239,0.0665761,0
607394973737811967,0.0635186,0
607394973872029695,0.064772,0
607394974140465151,0.0611705,0
607394974274682879,0.0632474,0
607394974408900607,0.0587892,0
607394974543118335,0.0650938,0
607394974677336063,0.0647229,0
607394974811553791,0.0663051,0
607394974945771519,0.0585307,0
607394975214206975,0.0753696,0
607394975348424703,0.0798121,0
607394975482642431,0.0729106,0
607394975616860159,0.0724535,0
607394975751077887,0.0702926,0
607394975885295615,0.101154,0
607394976019513343,0.0730261,0
607394976287948799,0.0779792,0
607394976422166527,0.0663042,0
607394976556384255,0.0647239,0
607394976690601983,0.0693629,0
607394976824819711,0.0681783,0
607394976959037439,0.0704847,0
607394977093255167,0.0789225,0
607394977361690623,0.0676741,0
607394977495908351,0.0693512,0
607394977630126079,0.0634255,0
607394977764343807,0.0611735,0
607394977898561535,0.0665839,0
607394978032779263,0.0661051,0
607394978166996991,0.0724008,0
607394979509174271,0.106665,0
607394979643391999,0.106166,0
607394979777609727,0.128544,0
607394979911827455,0.12471,0
607394980046045183,0.0989555,0
607394980180262911,0.0978892,0
607394980314480639,0.110594,0
607394980582916095,0.093596,0
607394980717133823,0.0957004,0
607394980851351551,0.106729,0
607394980985569279,0.106319,0
607394981119787007,0.0902518,0
607394981254004735,0.0874613,0
607394981388222463,0.0960606,0
607394981656657919,0.14751,0
607394981790875647,0.144712,0
607394981925093375,0.171422,0
607394982059311103,0.16696,0
607394982193528831,0.142759,0
607394982327746559,0.134294,0
607394982461964287,0.164502,0
607394982730399743,0.128251,0
607394982864617471,0.129413,0
607394982998835199,0.137507,0
607394983133052927,0.13597,0
607394983267270655,0.125346,0
607394983401488383,0.127178,0
607394983535706111,0.132485,0
607394983804141567,0.093885,0
607394983938359295,0.0936648,0
607394984072577023,0.115393,0
607394984206794751,0.100764,0
607394984341012479,0.0969814,0
607394984475230207,0.0916303,0
607394984609447935,0.108296,0
607394984877883391,0.0927261,0
607394985012101119,0.0921388,0
607394985146318847,0.094509,0
607394985280536575,0.0908957,0
607394985414754303,0.0832784,0
607394985548972031,0.0892625,0
607394985683189759,0.0882457,0
607394985951625215,0.141248,0
607394986085842943,0.135876,0
607394986220060671,0.166631,0
607394986354278399,0.154602,0
607394986488496127,0.12961,0
607394986622713855,0.121646,0
607394986756931583,0.149147,0
607394988099108863,0.0929449,0
607394988233326591,0.106754,0
607394988367544319,0.114743,0
607394988501762047,0.108259,0
607394988635979775,0.0882576,0
607394988770197503,0.0938127,0
607394988904415231,0.100639,0
607394989172850687,0.0885147,0
607394989307068415,0.0840664,0
607394989441286143,0.102868,0
607394989575503871,0.0940177,0
607394989709721599,0.076119,0
607394989843939327,0.0746985,0
607394989978157055,0.0862783,0
607394990246592511,0.124207,0
607394990380810239,0.118002,0
607394990515027967,0.133571,0
607394990649245695,0.144593,0
607394990783463423,0.126019,0
607394990917681151,0.118809,0
607394991051898879,0.127703,0
607394991320334335,0.116307,0
607394991454552063,0.136938,0
607394991588769791,0.119225,0
607394991722987519,0.113025,0
607394991857205247,0.114593,0
607394991991422975,0.107661,0
607394992125640703,0.116642,0
607394992394076159,0.0865251,0
607394992528293887,0.0823612,0
607394992662511615,0.0886455,0
607394992796729343,0.0950983,0
607394992930947071,0.0848834,0
607394993065164799,0.0826794,0
607394993199382527,0.0899381,0
607394993467817983,0.0796717,0
607394993602035711,0.0708401,0
607394993736253439,0.0813194,0
607394993870471167,0.077967,0
607394994004688895,0.0707793,0
607394994138906623,0.0653338,0
607394994273124351,0.0829524,0
607394994541559807,0.123214,0
607394994675777535,0.123245,0
607394994809995263,0.122649,0
607394994944212991,0.124433,0
607394995078430719,0.10355,0
607394995212648447,0.10374,0
607394995346866175,0.124945,0
607394996689043455,0.0829193,0
607394996823261183,0.0860458,0
607394996957478911,0.0872105,0
607394997091696639,0.0865934,0
607394997225914367,0.0798153,0
607394997360132095,0.082187,0
607394997494349823,0.083931,0
607394997762785279,0.0809378,0
607394997897003007,0.0818481,0
607394998031220735,0.087619,0
607394998165438463,0.0855383,0
607394998299656191,0.084974,0
607394998433873919,0.0846845,0
607394998568091647,0.0832054,0
607394998836527103,0.0822716,0
607394998970744831,0.0810335,0
607394999104962559,0.0782166,0
607394999239180287,0.0768641,0
607394999373398015,0.0830365,0
607394999507615743,0.0875232,0
607394999641833471,0.0804197,0
607394999910268927,0.0973987,0
607395000044486655,0.0885546,0
607395000178704383,0.0875249,0
607395000312922111,0.0865316,0
607395000447139839,0.0878467,0
607395000581357567,0.0918935,0
607395000715575295,0.0851158,0
607395000984010751,0.0923028,0
607395001118228479,0.0848069,0
607395001252446207,0.0896122,0
607395001386663935,0.0841748,0
607395001520881663,0.0911177,0
607395001655099391,0.0883067,0
607395001789317119,0.102105,0
607395002057752575,0.0836528,0
607395002191970303,0.0919105,0
607395002326188031,0.0791308,0
607395002460405759,0.0815576,0
607395002594623487,0.0896677,0
607395002728841215,0.0981404,0
607395002863058943,0.0824155,0
607395003131494399,0.0877576,0
607395003265712127,0.0872206,0
607395003399929855,0.0870368,0
607395003534147583,0.0867129,0
607395003668365311,0.0916126,0
607395003802583039,0.0859411,0
607395003936800767,0.0878791,0
607395005278978047,0.0790481,0
607395005413195775,0.0738861,0
607395005547413503,0.0844975,0
607395005681631231,0.0794446,0
607395005815848959,0.0860077,0
607395005950066687,0.0859027,0
607395006084284415,0.0801504,0
607395006352719871,0.086262,0
607395006486937599,0.0838525,0
607395006621155327,0.0736606,0
607395006755373055,0.0818912,0
607395006889590783,0.0890062,0
607395007023808511,0.0895565,0
607395007158026239,0.0822117,0
607395007426461695,0.0802421,0
607395007560679423,0.0755718,0
607395007694897151,0.0849675,0
607395007829114879,0.0781031,0
607395007963332607,0.0792561,0
607395008097550335,0.0879872,0
607395008231768063,0.0842739,0
607395008500203519,0.071373,0
607395008634421247,0.0761102,0
607395008768638975,0.0739157,0
607395008902856703,0.0761796,0
607395009037074431,0.0716099,0
607395009171292159,0.0698655,0
607395009305509887,0.078298,0
607395009573945343,0.093388,0
607395009708163071,0.0934087,0
607395009842380799,0.0829634,0
607395009976598527,0.0954029,0
607395010110816255,0.0903424,0
607395010245033983,0.0928482,0
607395010379251711,0.0852571,0
607395010647687167,0.0890781,0
607395010781904895,0.0918852,0
607395010916122623,0.0980858,0
607395011050340351,0.0907235,0
607395011184558079,0.0976118,0
607395011318775807,0.0947703,0
607395011452993535,0.0939989,0
607395011721428991,0.0864465,0
607395011855646719,0.0886412,0
607395011989864447,0.084141,0
607395012124082175,0.0838017,0
607395012258299903,0.0820918,0
607395012392517631,0.11759,0
607395012526735359,0.0861105,0
607395013868912639,0.082421,0
607395014003130367,0.0806697,0
607395014137348095,0.0860475,0
607395014271565823,0.0803935,0
607395014405783551,0.0857541,0
607395014540001279,0.0843337,0
607395014674219007,0.0871763,0
607395014942654463,0.0786534,0
607395015076872191,0.0773338,0
607395015211089919,0.0769589,0
607395015345307647,0.0770913,0
607395015479525375,0.0795948,0
607395015613743103,0.0737369,0
607395015747960831,0.080895,0
607395016016396287,0.103635,0
607395016150614015,0.0979891,0
607395016284831743,0.11107,0
607395016419049471,0.108977,0
607395016553267199,0.0927737,0
607395016687484927,0.0868807,0
607395016821702655,0.102578,0
607395017090138111,0.079456,0
607395017224355839,0.0738313,0
607395017358573567,0.0893623,0
607395017492791295,0.0850064,0
607395017627009023,0.078106,0
607395017761226751,0.0740598,0
607395017895444479,0.0850823,0
607395018163879935,0.0880602,0
607395018298097663,0.0885313,0
607395018432315391,0.0901566,0
607395018566533119,0.0840677,0
607395018700750847,0.0869835,0
607395018834968575,0.0816038,0
607395018969186303,0.092961,0
607395019237621759,0.0846582,0
607395019371839487,0.0790848,0
607395019506057215,0.0841574,0
607395019640274943,0.0835148,0
607395019774492671,0.0823939,0
607395019908710399,0.0809689,0
607395020042928127,0.0863404,0
607395020311363583,0.0924787,0
607395020445581311,0.0858301,0
607395020579799039,0.0958841,0
607395020714016767,0.0930545,0
607395020848234495,0.0951607,0
607395020982452223,0.086903,0
607395021116669951,0.0942339,0
607395031048781823,0.0586934,0
607395031182999551,0.0610575,0
607395031317217279,0.0572443,0
607395031451435007,0.0585395,0
607395031585652735,0.0647654,0
607395031719870463,0.0606391,0
607395031854088191,0.0602115,0
607395032122523647,0.0613323,0
607395032256741375,0.0621084,0
607395032390959103,0.0611974,0
607395032525176831,0.0629767,0
607395032659394559,0.066538,0
607395032793612287,0.0650337,0
607395032927830015,0.0623217,0
607395033196265471,0.0572021,0
607395033330483199,0.0582295,0
607395033464700927,0.0601128,0
607395033598918655,0.0542839,0
607395033733136383,0.0575177,0
607395033867354111,0.0561745,0
607395034001571839,0.0617387,0
607395034270007295,0.0528797,0
607395034404225023,0.0572689,0
607395034538442751,0.0556961,0
607395034672660479,0.0512255,0
607395034806878207,0.0573499,0
607395034941095935,0.0568968,0
607395035075313663,0.0584354,0
607395035343749119,0.0684787,0
607395035477966847,0.0688034,0
607395035612184575,0.0643299,0
607395035746402303,0.0662013,0
607395035880620031,0.0734355,0
607395036014837759,0.072041,0
607395036149055487,0.068493,0
607395036417490943,0.0718358,0
607395036551708671,0.0675083,0
607395036685926399,0.0697433,0
607395036820144127,0.068873,0
607395036954361855,0.0671865,0
607395037088579583,0.066575,0
607395037222797311,0.0690779,0
607395037491232767,0.0584178,0
607395037625450495,0.0588487,0
607395037759668223,0.0578938,0
607395037893885951,0.061642,0
607395038028103679,0.062271,0
607395038162321407,0.0609336,0
607395038296539135,0.0610163,0
607395039638716415,0.0661886,0
607395039772934143,0.064393,0
607395039907151871,0.0611452,0
607395040041369599,0.0609493,0
607395040175587327,0.0643448,0
607395040309805055,0.0655669,0
607395040444022783,0.0639987,0
607395040712458239,0.063169,0
607395040846675967,0.0627738,0
607395040980893695,0.0651144,0
607395041115111423,0.0648314,0
607395041249329151,0.0682997,0
607395041383546879,0.0655503,0
607395041517764607,0.0657401,0
607395041786200063,0.0569721,0
607395041920417791,0.0578362,0
607395042054635519,0.0580362,0
607395042188853247,0.0577223,0
607395042323070975,0.0600906,0
607395042457288703,0.0621409,0
607395042591506431,0.0565489,0
607395042859941887,0.0632164,0
607395042994159615,0.0665524,0
607395043128377343,0.0593219,0
607395043262595071,0.0674523,0
607395043396812799,0.060732,0
607395043531030527,0.060438,0
607395043665248255,0.0636414,0
607395043933683711,0.0659035,0
607395044067901439,0.0672146,0
607395044202119167,0.0629676,0
607395044336336895,0.0690303,0
607395044470554623,0.067632,0
607395044604772351,0.0636918,0
607395044738990079,0.0672296,0
607395045007425535,0.0646097,0
607395045141643263,0.0672457,0
607395045275860991,0.0674736,0
607395045410078719,0.0676546,0
607395045544296447,0.0642933,0
607395045678514175,0.0648144,0
607395045812731903,0.0646645,0
607395046081167359,0.0606647,0
607395046215385087,0.060414,0
607395046349602815,0.0591928,0
607395046483820543,0.0594565,0
607395046618038271,0.0642183,0
607395046752255999,0.0634497,0
607395046886473727,0.0603043,0
607395048228651007,0.0691933,0
607395048362868735,0.0673255,0
607395048497086463,0.0694799,0
607395048631304191,0.0759895,0
607395048765521919,0.066983,0
607395048899739647,0.0682616,0
607395049033957375,0.0686172,0
607395049302392831,0.0632362,0
607395049436610559,0.0607292,0
607395049570828287,0.0634294,0
607395049705046015,0.0624637,0
607395049839263743,0.0578968,0
607395049973481471,0.0592843,0
607395050107699199,0.0650509,0
607395050376134655,0.0641465,0
607395050510352383,0.0661596,0
607395050644570111,0.065769,0
607395050778787839,0.0679033,0
607395050913005567,0.0664062,0
607395051047223295,0.0787158,0
607395051181441023,0.0644803,0
607395051449876479,0.070271,0
607395051584094207,0.0710368,0
607395051718311935,0.0672513,0
607395051852529663,0.0652792,0
607395051986747391,0.068361,0
607395052120965119,0.0684587,0
607395052255182847,0.0726558,0
607395052523618303,0.06042,0
607395052657836031,0.0647977,0
607395052792053759,0.0689053,0
607395052926271487,0.0695888,0
607395053060489215,0.0615188,0
607395053194706943,0.0625122,0
607395053328924671,0.0636269,0
607395053597360127,0.0641953,0
607395053731577855,0.0613872,0
607395053865795583,0.0679644,0
607395054000013311,0.0644121,0
607395054134231039,0.0583362,0
607395054268448767,0.057821,0
607395054402666495,0.0618027,0
607395054671101951,0.0666332,0
607395054805319679,0.0658621,0
607395054939537407,0.0638055,0
607395055073755135,0.0646445,0
607395055207972863,0.0696792,0
607395055342190591,0.0703641,0
607395055476408319,0.0662973,0
607395056818585599,0.0598053,0
607395056952803327,0.0558059,0
607395057087021055,0.062355,0
607395057221238783,0.0609467,0
607395057355456511,0.0603497,0
607395057489674239,0.0588444,0
607395057623891967,0.059793,0
607395057892327423,0.060173,0
607395058026545151,0.0771151,0
607395058160762879,0.0541991,0
607395058294980607,0.0560006,0
607395058429198335,0.0614498,0
607395058563416063,0.0628145,0
607395058697633791,0.0540529,0
607395058966069247,0.0723816,0
607395059100286975,0.068019,0
607395059234504703,0.0671869,0
607395059368722431,0.0703882,0
607395059502940159,0.0697422,0
607395059637157887,0.0682501,0
607395059771375615,0.0689754,0
607395060039811071,0.0634213,0
607395060174028799,0.063604,0
607395060308246527,0.0675113,0
607395060442464255,0.0665607,0
607395060576681983,0.0601541,0
607395060710899711,0.0606512,0
607395060845117439,0.0653932,0
607395061113552895,0.0588835,0
607395061247770623,0.0599666,0
607395061381988351,0.0615334,0
607395061516206079,0.0602224,0
607395061650423807,0.0552407,0
607395061784641535,0.0530723,0
607395061918859263,0.0563466,0
607395062187294719,0.0549139,0
607395062321512447,0.0575284,0
607395062455730175,0.0584449,0
607395062589947903,0.0606255,0
607395062724165631,0.0582318,0
607395062858383359,0.0560972,0
607395062992601087,0.0542973,0
607395063261036543,0.0689709,0
607395063395254271,0.0643789,0
607395063529471999,0.0718141,0
607395063663689727,0.0704042,0
607395063797907455,0.061775,0
607395063932125183,0.059803,0
607395064066342911,0.0688074,0
607395065408520191,0.0682152,0
607395065542737919,0.0661321,0
607395065676955647,0.0820861,0
607395065811173375,0.0703418,0
607395065945391103,0.0774561,0
607395066079608831,0.0745878,0
607395066213826559,0.0743489,0
607395066482262015,0.0652048,0
607395066616479743,0.0644943,0
607395066750697471,0.0716231,0
607395066884915199,0.0723306,0
607395067019132927,0.0698802,0
607395067153350655,0.0673557,0
607395067287568383,0.0624353,0
607395067556003839,0.0795631,0
607395067690221567,0.0749722,0
607395067824439295,0.0731892,0
607395067958657023,0.0730868,0
607395068092874751,0.0720158,0
607395068227092479,0.0922877,0
607395068361310207,0.0777962,0
607395068629745663,0.0731601,0
607395068763963391,0.0713733,0
607395068898181119,0.0687916,0
607395069032398847,0.0688574,0
607395069166616575,0.068438,0
607395069300834303,0.0715909,0
607395069435052031,0.0681358,0
607395069703487487,0.0958753,0
607395069837705215,0.0724323,0
607395069971922943,0.0790695,0
607395070106140671,0.0844036,0
607395070240358399,0.0753459,0
607395070374576127,0.0731113,0
607395070508793855,0.0973185,0
607395070777229311,0.0619617,0
607395070911447039,0.0625685,0
607395071045664767,0.0792412,0
607395071179882495,0.0683466,0
607395071314100223,0.0730905,0
607395071448317951,0.0771893,0
607395071582535679,0.0658276,0
607395071850971135,0.0844302,0
607395071985188863,0.0739547,0
607395072119406591,0.0846304,0
607395072253624319,0.0802095,0
607395072387842047,0.0808592,0
607395072522059775,0.0780435,0
607395072656277503,0.0883749,0
607395073998454783,0.0605193,0
607395074132672511,0.0654961,0
607395074266890239,0.069201,0
607395074401107967,0.0642254,0
607395074535325695,0.0654387,0
607395074669543423,0.0656505,0
607395074803761151,0.0698537,0
607395075072196607,0.0631742,0
607395075206414335,0.060384,0
607395075340632063,0.058903,0
607395075474849791,0.0594025,0
607395075609067519,0.0597017,0
607395075743285247,0.0608009,0
607395075877502975,0.062985,0
607395076145938431,0.0664095,0
607395076280156159,0.0679686,0
607395076414373887,0.0685753,0
607395076548591615,0.0716909,0
607395076682809343,0.0777912,0
607395076817027071,0.0795974,0
607395076951244799,0.0655251,0
607395077219680255,0.0592204,0
607395077353897983,0.0603113,0
607395077488115711,0.0650621,0
607395077622333439,0.0648765,0
607395077756551167,0.0623773,0
607395077890768895,0.0608784,0
607395078024986623,0.0636507,0
607395078293422079,0.0758583,0
607395078427639807,0.0649966,0
607395078561857535,0.0646997,0
607395078696075263,0.0705507,0
607395078830292991,0.0629622,0
607395078964510719,0.0633135,0
607395079098728447,0.069193,0
607395079367163903,0.0602883,0
607395079501381631,0.0639258,0
607395079635599359,0.0632206,0
607395079769817087,0.0614622,0
607395079904034815,0.0674584,0
607395080038252543,0.0600365,0
607395080172470271,0.0613528,0
607395080440905727,0.0734867,0
607395080575123455,0.0665974,0
607395080709341183,0.0698634,0
607395080843558911,0.0749796,0
607395080977776639,0.0673134,0
607395081111994367,0.0702958,0
607395081246212095,0.0745058,0
607395082588389375,0.0684725,0
607395082722607103,0.0660873,0
607395082856824831,0.065507,0
607395082991042559,0.0661943,0
607395083125260287,0.0776743,0
607395083259478015,0.0754166,0
607395083393695743,0.0665234,0
607395083662131199,0.0685683,0
607395083796348927,0.0683278,0
607395083930566655,0.0563702,0
607395084064784383,0.0626338,0
607395084199002111,0.0716579,0
607395084333219839,0.0704575,0
607395084467437567,0.0655413,0
607395084735873023,0.0662456,0
607395084870090751,0.0644609,0
607395085004308479,0.0613645,0
607395085138526207,0.0646799,0
607395085272743935,0.0662547,0
607395085406961663,0.0681235,0
607395085541179391,0.0594765,0
607395085809614847,0.0619016,0
607395085943832575,0.0577734,0
607395086078050303,0.0624227,0
607395086212268031,0.0621013,0
607395086346485759,0.0624918,0
607395086480703487,0.0603222,0
607395086614921215,0.0669559,0
607395086883356671,0.0875646,0
607395087017574399,0.0795763,0
607395087151792127,0.0856026,0
607395087286009855,0.0886606,0
607395087420227583,0.0901157,0
607395087554445311,0.085057,0
607395087688663039,0.0878825,0
607395087957098495,0.0833179,0
607395088091316223,0.0848457,0
607395088225533951,0.077763,0
607395088359751679,0.0774986,0
607395088493969407,0.0835468,0
607395088628187135,0.0839844,0
607395088762404863,0.0808811,0
607395089030840319,0.0721469,0
607395089165058047,0.065748,0
607395089299275775,0.0741419,0
607395089433493503,0.0687163,0
607395089567711231,0.0773533,0
607395089701928959,0.0739319,0
607395089836146687,0.0784046,0
607395099768258559,0.2668,0
607395099902476287,0.326247,0
607395100036694015,0.226855,0
607395100170911743,0.228763,0
607395100305129471,0.248846,0
607395100439347199,0.247881,0
607395100573564927,0.26065,0
607395100842000383,0.245019,0
607395100976218111,0.253204,0
607395101110435839,0.358733,0
607395101244653567,0.249965,0
607395101378871295,0.229468,0
607395101513089023,0.217703,0
607395101647306751,0.22404,0
607395101915742207,0.207454,0
607395102049959935,0.216961,0
607395102184177663,0.208285,0
607395102318395391,0.203212,0
607395102452613119,0.223152,0
607395102586830847,0.238169,0
607395102721048575,0.217642,0
607395102989484031,0.244768,0
607395103123701759,0.237972,0
607395103257919487,0.216982,0
607395103392137215,0.240649,0
607395103526354943,0.230746,0
607395103660572671,0.245992,0
607395103794790399,0.254489,0
607395104063225855,0.232794,0
607395104197443583,0.235517,0
607395104331661311,0.239128,0
607395104465879039,0.25446,0
607395104600096767,0.242726,0
607395104734314495,0.229664,0
607395104868532223,0.239484,0
607395105136967679,0.230884,0
607395105271185407,0.246172,0
607395105405403135,0.227905,0
607395105539620863,0.225474,0
607395105673838591,0.235538,0
607395105808056319,0.230359,0
607395105942274047,0.231206,0
607395106210709503,0.221273,0
607395106344927231,0.242305,0
607395106479144959,0.218417,0
607395106613362687,0.224195,0
607395106747580415,0.263878,0
607395106881798143,0.256311,0
607395107016015871,0.235853,0
607395108358193151,0.213353,0
607395108492410879,0.27531,0
607395108626628607,0.213478,0
607395108760846335,0.217594,0
607395108895064063,0.239288,0
607395109029281791,0.199787,0
607395109163499519,0.284221,0
607395109431934975,0.207048,0
607395109566152703,0.193041,0
607395109700370431,0.211891,0
607395109834588159,0.244206,0
607395109968805887,0.186739,0
607395110103023615,0.17676,0
607395110237241343,0.213426,0
607395110505676799,0.204063,0
607395110639894527,0.200616,0
607395110774112255,0.211157,0
607395110908329983,0.203809,0
607395111042547711,0.22389,0
607395111176765439,0.216241,0
607395111310983167,0.214958,0
607395111579418623,0.195901,0
607395111713636351,0.184257,0
607395111847854079,0.19401,0
607395111982071807,0.190834,0
607395112116289535,0.22231,0
607395112250507263,0.21847,0
607395112384724991,0.199333,0
607395112653160447,0.221396,0
607395112787378175,0.232817,0
607395112921595903,0.242876,0
607395113055813631,0.243089,0
607395113190031359,0.21134,0
607395113324249087,0.203881,0
607395113458466815,0.23267,0
607395113726902271,0.223692,0
607395113861119999,0.174365,0
607395113995337727,0.201685,0
607395114129555455,0.193317,0
607395114263773183,0.295001,0
607395114397990911,0.206119,0
607395114532208639,0.211467,0
607395114800644095,0.283423,0
607395114934861823,0.218654,0
607395115069079551,0.228651,0
607395115203297279,0.213715,0
607395115337515007,0.261717,0
607395115471732735,0.300384,0
607395115605950463,0.273151,0
607395116948127743,0.20976,0
607395117082345471,0.218131,0
607395117216563199,0.222671,0
607395117350780927,0.230954,0
607395117484998655,0.210179,0
607395117619216383,0.204965,0
607395117753434111,0.21611,0
607395118021869567,0.216453,0
607395118156087295,0.22632,0
607395118290305023,0.214364,0
607395118424522751,0.224111,0
607395118558740479,0.204978,0
607395118692958207,0.213553,0
607395118827175935,0.211888,0
607395119095611391,0.225085,0
607395119229829119,0.239805,0
607395119364046847,0.212599,0
607395119498264575,0.219761,0
607395119632482303,0.217105,0
607395119766700031,0.2227,0
607395119900917759,0.225301,0
607395120169353215,0.231814,0
607395120303570943,0.245537,0
607395120437788671,0.237475,0
607395120572006399,0.24084,0
607395120706224127,0.23493,0
607395120840441855,0.232357,0
607395120974659583,0.236329,0
607395121243095039,0.223336,0
607395121377312767,0.216537,0
607395121511530495,0.226113,0
607395121645748223,0.210949,0
607395121779965951,0.230702,0
607395121914183679,0.217067,0
607395122048401407,0.228606,0
607395122316836863,0.199356,0
607395122451054591,0.21194,0
607395122585272319,0.19942,0
607395122719490047,0.203439,0
607395122853707775,0.226104,0
607395122987925503,0.214669,0
607395123122143231,0.207986,0
607395123390578687,0.253159,0
607395123524796415,0.232394,0
607395123659014143,0.230487,0
607395123793231871,0.223545,0
607395123927449599,0.238451,0
607395124061667327,0.227001,0
607395124195885055,0.257696,0
607395125538062335,0.204736,0
607395125672280063,0.197574,0
607395125806497791,0.21688,0
607395125940715519,0.224046,0
607395126074933247,0.20829,0
607395126209150975,0.201444,0
607395126343368703,0.223304,0
607395126611804159,0.194945,0
607395126746021887,0.19614,0
607395126880239615,0.188918,0
607395127014457343,0.196995,0
607395127148675071,0.189839,0
607395127282892799,0.186843,0
607395127417110527,0.198985,0
607395127685545983,0.224194,0
607395127819763711,0.199629,0
607395127953981439,0.213418,0
607395128088199167,0.206021,0
607395128222416895,0.230776,0
607395128356634623,0.218236,0
607395128490852351,0.225501,0
607395128759287807,0.204855,0
607395128893505535,0.206719,0
607395129027723263,0.201168,0
607395129161940991,0.197218,0
607395129296158719,0.202683,0
607395129430376447,0.201656,0
607395129564594175,0.214278,0
607395129833029631,0.199426,0
607395129967247359,0.204813,0
607395130101465087,0.213847,0
607395130235682815,0.202814,0
607395130369900543,0.206623,0
607395130504118271,0.209496,0
607395130638335999,0.211844,0
607395130906771455,0.229651,0
607395131040989183,0.215229,0
607395131175206911,0.198744,0
607395131309424639,0.19651,0
607395131443642367,0.258888,0
607395131577860095,0.221697,0
607395131712077823,0.252285,0
607395131980513279,0.225829,0
607395132114731007,0.227985,0
607395132248948735,0.236474,0
607395132383166463,0.222192,0
607395132517384191,0.219344,0
607395132651601919,0.216012,0
607395132785819647,0.222878,0
607395134127996927,0.217614,0
607395134262214655,0.20558,0
607395134396432383,0.240885,0
607395134530650111,0.241644,0
607395134664867839,0.201821,0
607395134799085567,0.196383,0
607395134933303295,0.228448,0
607395135201738751,0.177392,0
607395135335956479,0.171967,0
607395135470174207,0.188449,0
607395135604391935,0.177972,0
607395135738609663,0.180679,0
607395135872827391,0.174065,0
607395136007045119,0.187417,0
607395136275480575,0.247856,0
607395136409698303,0.248965,0
607395136543916031,0.238153,0
607395136678133759,0.241625,0
607395136812351487,0.249581,0
607395136946569215,0.241934,0
607395137080786943,0.250478,0
607395137349222399,0.239211,0
607395137483440127,0.235666,0
607395137617657855,0.24321,0
607395137751875583,0.243356,0
607395137886093311,0.234338,0
607395138020311039,0.214582,0
607395138154528767,0.250864,0
607395138422964223,0.214661,0
607395138557181951,0.208508,0
607395138691399679,0.216098,0
607395138825617407,0.214869,0
607395138959835135,0.215645,0
607395139094052863,0.20355,0
607395139228270591,0.217118,0
607395139496706047,0.188592,0
607395139630923775,0.176265,0
607395139765141503,0.198205,0
607395139899359231,0.195404,0
607395140033576959,0.192855,0
607395140167794687,0.184852,0
607395140302012415,0.20056,0
607395140570447871,0.253642,0
607395140704665599,0.248695,0
607395140838883327,0.250794,0
607395140973101055,0.24667,0
607395141107318783,0.242578,0
607395141241536511,0.236658,0
607395141375754239,0.256341,0
607395142717931519,0.153529,0
607395142852149247,0.207461,0
607395142986366975,0.172338,0
607395143120584703,0.201857,0
607395143254802431,0.287299,0
607395143389020159,0.253672,0
607395143523237887,0.167121,0
607395143791673343,0.197648,0
607395143925891071,0.156504,0
607395144060108799,0.276597,0
607395144194326527,0.217793,0
607395144328544255,0.155831,0
607395144462761983,0.151498,0
607395144596979711,0.208648,0
607395144865415167,0.214318,0
607395144999632895,0.2214,0
607395145133850623,0.219954,0
607395145268068351,0.221655,0
607395145402286079,0.209397,0
607395145536503807,0.205367,0
607395145670721535,0.221036,0
607395145939156991,0.308789,0
607395146073374719,0.302002,0
607395146207592447,0.240464,0
607395146341810175,0.326864,0
607395146476027903,0.301616,0
607395146610245631,0.290798,0
607395146744463359,0.217539,0
607395147012898815,0.168747,0
607395147147116543,0.192051,0
607395147281334271,0.168759,0
607395147415551999,0.172344,0
607395147549769727,0.160407,0
607395147683987455,0.155711,0
607395147818205183,0.173801,0
607395148086640639,0.148798,0
607395148220858367,0.138211,0
607395148355076095,0.282289,0
607395148489293823,0.181683,0
607395148623511551,0.121651,0
607395148757729279,0.130272,0
607395148891947007,0.153042,0
607395149160382463,0.189777,0
607395149294600191,0.182531,0
607395149428817919,0.221739,0
607395149563035647,0.222175,0
607395149697253375,0.175354,0
607395149831471103,0.168275,0
607395149965688831,0.201714,0
607395151307866111,0.246924,0
607395151442083839,0.248702,0
607395151576301567,0.257478,0
607395151710519295,0.262927,0
607395151844737023,0.259199,0
607395151978954751,0.258263,0
607395152113172479,0.250068,0
607395152381607935,0.24988,0
607395152515825663,0.251312,0
607395152650043391,0.260816,0
607395152784261119,0.25768,0
607395152918478847,0.25754,0
607395153052696575,0.244538,0
607395153186914303,0.250321,0
607395153455349759,0.25521,0
607395153589567487,0.250249,0
607395153723785215,0.230301,0
607395153858002943,0.228702,0
607395153992220671,0.258966,0
607395154126438399,0.256074,0
607395154260656127,0.2641,0
607395154529091583,0.244749,0
607395154663309311,0.228676,0
607395154797527039,0.246085,0
607395154931744767,0.258212,0
607395155065962495,0.257827,0
607395155200180223,0.249779,0
607395155334397951,0.248995,0
607395155602833407,0.257778,0
607395155737051135,0.248493,0
607395155871268863,0.254657,0
607395156005486591,0.255886,0
607395156139704319,0.238524,0
607395156273922047,0.238025,0
607395156408139775,0.237939,0
607395156676575231,0.233886,0
607395156810792959,0.23491,0
607395156945010687,0.257285,0
607395157079228415,0.261375,0
607395157213446143,0.248629,0
607395157347663871,0.249582,0
607395157481881599,0.240962,0
607395157750317055,0.251684,0
607395157884534783,0.244386,0
607395158018752511,0.267452,0
607395158152970239,0.262398,0
607395158287187967,0.247181,0
607395158421405695,0.245754,0
607395158555623423,0.25018,0
607395168487735295,0.106924,0
607395168621953023,0.112282,0
607395168756170751,0.111689,0
607395168890388479,0.102462,0
607395169024606207,0.11205,0
607395169158823935,0.103671,0
607395169293041663,0.117709,0
607395169561477119,0.110754,0
607395169695694847,0.11269,0
607395169829912575,0.110886,0
607395169964130303,0.113582,0
607395170098348031,0.096337,0
607395170232565759,0.0962767,0
607395170366783487,0.104971,0
607395170635218943,0.118938,0
607395170769436671,0.115489,0
607395170903654399,0.128916,0
607395171037872127,0.124599,0
607395171172089855,0.114636,0
607395171306307583,0.111508,0
607395171440525311,0.121171,0
607395171708960767,0.114207,0
607395171843178495,0.116576,0
607395171977396223,0.121768,0
607395172111613951,0.115025,0
607395172245831679,0.106724,0
607395172380049407,0.111025,0
607395172514267135,0.108907,0
607395172782702591,0.113839,0
607395172916920319,0.104157,0
607395173051138047,0.127235,0
607395173185355775,0.116057,0
607395173319573503,0.108308,0
607395173453791231,0.105964,0
607395173588008959,0.111415,0
607395173856444415,0.090189,0
607395173990662143,0.0925152,0
607395174124879871,0.104062,0
607395174259097599,0.099559,0
607395174393315327,0.0954829,0
607395174527533055,0.0924042,0
607395174661750783,0.0992497,0
607395174930186239,0.128983,0
607395175064403967,0.128392,0
607395175198621695,0.137726,0
607395175332839423,0.121071,0
607395175467057151,0.128108,0
607395175601274879,0.124556,0
607395175735492607,0.124593,0
607395177077669887,0.106572,0
607395177211887615,0.101963,0
607395177346105343,0.10694,0
607395177480323071,0.112514,0
607395177614540799,0.101946,0
607395177748758527,0.0981407,0
607395177882976255,0.10311,0
607395178151411711,0.0970148,0
607395178285629439,0.0988373,0
607395178419847167,0.100716,0
607395178554064895,0.106606,0
607395178688282623,0.0896167,0
607395178822500351,0.0880722,0
607395178956718079,0.0963848,0
607395179225153535,0.108918,0
607395179359371263,0.110958,0
607395179493588991,0.112397,0
607395179627806719,0.118123,0
607395179762024447,0.108142,0
607395179896242175,0.101997,0
607395180030459903,0.108417,0
607395180298895359,0.0999366,0
607395180433113087,0.104903,0
607395180567330815,0.112036,0
607395180701548543,0.112701,0
607395180835766271,0.106926,0
607395180969983999,0.103737,0
607395181104201727,0.104214,0
607395181372637183,0.0892878,0
607395181506854911,0.0983291,0
607395181641072639,0.11136,0
607395181775290367,0.111578,0
607395181909508095,0.0868625,0
607395182043725823,0.0842011,0
607395182177943551,0.0893088,0
607395182446379007,0.0830055,0
607395182580596735,0.0825582,0
607395182714814463,0.0948171,0
607395182849032191,0.0866122,0
607395182983249919,0.0881564,0
607395183117467647,0.0913649,0
607395183251685375,0.0887336,0
607395183520120831,0.104772,0
607395183654338559,0.106654,0
607395183788556287,0.114863,0
607395183922774015,0.11172,0
607395184056991743,0.102183,0
607395184191209471,0.103641,0
607395184325427199,0.106463,0
607395185667604479,0.260624,0
607395185801822207,0.190209,0
607395185936039935,0.2066,0
607395186070257663,0.207643,0
607395186204475391,0.147839,0
607395186338693119,0.147751,0
607395186472910847,0.184724,0
607395186741346303,0.167012,0
607395186875564031,0.134051,0
607395187009781759,0.196682,0
607395187143999487,0.243784,0
607395187278217215,0.140806,0
607395187412434943,0.131941,0
607395187546652671,0.169179,0
607395187815088127,0.172364,0
607395187949305855,0.168213,0
607395188083523583,0.17099,0
607395188217741311,0.163335,0
607395188351959039,0.173829,0
607395188486176767,0.191458,0
607395188620394495,0.199745,0
607395188888829951,0.281898,0
607395189023047679,0.277614,0
607395189157265407,0.188036,0
607395189291483135,0.208644,0
607395189425700863,0.191008,0
607395189559918591,0.257088,0
607395189694136319,0.195653,0
607395189962571775,0.147329,0
607395190096789503,0.146355,0
607395190231007231,0.161563,0
607395190365224959,0.168849,0
607395190499442687,0.156375,0
607395190633660415,0.147869,0
607395190767878143,0.15407,0
607395191036313599,0.137197,0
607395191170531327,0.133265,0
607395191304749055,0.14289,0
607395191438966783,0.13123,0
607395191573184511,0.142401,0
607395191707402239,0.132401,0
607395191841619967,0.138213,0
607395192110055423,0.197289,0
607395192244273151,0.208197,0
607395192378490879,0.172485,0
607395192512708607,0.177612,0
607395192646926335,0.2401,0
607395192781144063,0.186287,0
607395192915361791,0.194794,0
607395194257539071,0.127723,0
607395194391756799,0.12034,0
607395194525974527,0.243292,0
607395194660192255,0.163692,0
607395194794409983,0.125917,0
607395194928627711,0.128591,0
607395195062845439,0.142912,0
607395195331280895,0.116099,0
607395195465498623,0.11469,0
607395195599716351,0.117612,0
607395195733934079,0.112494,0
607395195868151807,0.115702,0
607395196002369535,0.115598,0
607395196136587263,0.12044,0
607395196405022719,0.167897,0
607395196539240447,0.170703,0
607395196673458175,0.178266,0
607395196807675903,0.16952,0
607395196941893631,0.167091,0
607395197076111359,0.226476,0
607395197210329087,0.188278,0
607395197478764543,0.237023,0
607395197612982271,0.176327,0
607395197747199999,0.165277,0
607395197881417727,0.159681,0
607395198015635455,0.152759,0
607395198149853183,0.140836,0
607395198284070911,0.243457,0
607395198552506367,0.117908,0
607395198686724095,0.112734,0
607395198820941823,0.131183,0
607395198955159551,0.129256,0
607395199089377279,0.119782,0
607395199223595007,0.117187,0
607395199357812735,0.129161,0
607395199626248191,0.121376,0
607395199760465919,0.120936,0
607395199894683647,0.119284,0
607395200028901375,0.119451,0
607395200163119103,0.114084,0
607395200297336831,0.115544,0
607395200431554559,0.117925,0
607395200699990015,0.198695,0
607395200834207743,0.244066,0
607395200968425471,0.198108,0
607395201102643199,0.167306,0
607395201236860927,0.233172,0
607395201371078655,0.155612,0
607395201505296383,0.178797,0
607395202847473663,0.0880962,0
607395202981691391,0.0866921,0
607395203115909119,0.0948199,0
607395203250126847,0.0908375,0
607395203384344575,0.0839536,0
607395203518562303,0.0825717,0
607395203652780031,0.097373,0
607395203921215487,0.0745088,0
607395204055433215,0.0735957,0
607395204189650943,0.0830285,0
607395204323868671,0.0736735,0
607395204458086399,0.0835817,0
607395204592304127,0.069724,0
607395204726521855,0.0820842,0
607395204994957311,0.112163,0
607395205129175039,0.104312,0
607395205263392767,0.111926,0
607395205397610495,0.108757,0
607395205531828223,0.113656,0
607395205666045951,0.110164,0
607395205800263679,0.109009,0
607395206068699135,0.0972141,0
607395206202916863,0.0963886,0
607395206337134591,0.104868,0
607395206471352319,0.097737,0
607395206605570047,0.088535,0
607395206739787775,0.07816,0
607395206874005503,0.113901,0
607395207142440959,0.0746315,0
607395207276658687,0.082322,0
607395207410876415,0.0821765,0
607395207545094143,0.0860499,0
607395207679311871,0.0700511,0
607395207813529599,0.0728819,0
607395207947747327,0.076031,0
607395208216182783,0.0767125,0
607395208350400511,0.0787177,0
607395208484618239,0.0808218,0
607395208618835967,0.0846363,0
607395208753053695,0.0658713,0
607395208887271423,0.066159,0
607395209021489151,0.0707151,0
607395209289924607,0.100987,0
607395209424142335,0.099483,0
607395209558360063,0.112884,0
607395209692577791,0.119583,0
607395209826795519,0.0928429,0
607395209961013247,0.0893747,0
607395210095230975,0.111209,0
607395211437408255,0.0726819,0
607395211571625983,0.0670713,0
607395211705843711,0.0732835,0
607395211840061439,0.0741523,0
607395211974279167,0.0697228,0
607395212108496895,0.0704759,0
607395212242714623,0.0678856,0
607395212511150079,0.0678779,0
607395212645367807,0.0700222,0
607395212779585535,0.0658238,0
607395212913803263,0.0668621,0
607395213048020991,0.0631952,0
607395213182238719,0.0616448,0
607395213316456447,0.0696875,0
607395213584891903,0.0887137,0
607395213719109631,0.0857511,0
607395213853327359,0.0896821,0
607395213987545087,0.0862522,0
607395214121762815,0.0791506,0
607395214255980543,0.08482,0
607395214390198271,0.0898183,0
607395214658633727,0.0763504,0
607395214792851455,0.0783775,0
607395214927069183,0.0806371,0
607395215061286911,0.0809458,0
607395215195504639,0.0663474,0
607395215329722367,0.0677336,0
607395215463940095,0.0841287,0
607395215732375551,0.0711334,0
607395215866593279,0.0669739,0
607395216000811007,0.0735611,0
607395216135028735,0.0745431,0
607395216269246463,0.0683276,0
607395216403464191,0.0659721,0
607395216537681919,0.0712804,0
607395216806117375,0.0669,0
607395216940335103,0.0673015,0
607395217074552831,0.0674497,0
607395217208770559,0.066329,0
607395217342988287,0.0673967,0
607395217477206015,0.0715149,0
607395217611423743,0.0626622,0
607395217879859199,0.0798189,0
607395218014076927,0.0735661,0
607395218148294655,0.0865384,0
607395218282512383,0.0819946,0
607395218416730111,0.0719284,0
607395218550947839,0.0782007,0
607395218685165567,0.0778411,0
607395220027342847,0.135566,0
607395220161560575,0.125626,0
607395220295778303,0.172832,0
607395220429996031,0.131587,0
607395220564213759,0.135754,0
607395220698431487,0.131551,0
607395220832649215,0.147833,0
607395221101084671,0.126165,0
607395221235302399,0.12367,0
607395221369520127,0.124197,0
607395221503737855,0.121687,0
607395221637955583,0.125483,0
607395221772173311,0.116174,0
607395221906391039,0.1315,0
607395222174826495,0.187365,0
607395222309044223,0.14931,0
607395222443261951,0.202562,0
607395222577479679,0.161348,0
607395222711697407,0.187234,0
607395222845915135,0.162614,0
607395222980132863,0.200928,0
607395223248568319,0.136068,0
607395223382786047,0.135041,0
607395223517003775,0.152786,0
607395223651221503,0.147741,0
607395223785439231,0.129553,0
607395223919656959,0.129631,0
607395224053874687,0.140545,0
607395224322310143,0.144476,0
607395224456527871,0.142994,0
607395224590745599,0.149845,0
607395224724963327,0.14494,0
607395224859181055,0.134201,0
607395224993398783,0.130634,0
607395225127616511,0.148875,0
607395225396051967,0.114943,0
607395225530269695,0.116513,0
607395225664487423,0.134955,0
607395225798705151,0.115728,0
607395225932922879,0.114863,0
607395226067140607,0.107207,0
607395226201358335,0.124726,0
607395226469793791,0.171005,0
607395226604011519,0.1773,0
607395226738229247,0.304549,0
607395226872446975,0.165201,0
607395227006664703,0.170095,0
607395227140882431,0.145587,0
607395227275100159,0.241884,0
607395237207212031,0.0832632,0
607395237341429759,0.081993,0
607395237475647487,0.0828901,0
607395237609865215,0.0816836,0
607395237744082943,0.081318,0
607395237878300671,0.112877,0
607395238012518399,0.0864113,0
607395238280953855,0.0789846,0
607395238415171583,0.0855288,0
607395238549389311,0.0785227,0
607395238683607039,0.0818378,0
607395238817824767,0.0831954,0
607395238952042495,0.0912548,0
607395239086260223,0.0778754,0
607395239354695679,0.0841812,0
607395239488913407,0.0859302,0
607395239623131135,0.0855941,0
607395239757348863,0.0855492,0
607395239891566591,0.0899712,0
607395240025784319,0.0904076,0
607395240160002047,0.0838075,0
607395240428437503,0.0838017,0
607395240562655231,0.0866432,0
607395240696872959,0.0893659,0
607395240831090687,0.0858864,0
607395240965308415,0.0826377,0
607395241099526143,0.0818493,0
607395241233743871,0.0880113,0
607395241502179327,0.0768475,0
607395241636397055,0.0783568,0
607395241770614783,0.0802616,0
607395241904832511,0.0790382,0
607395242039050239,0.0787965,0
607395242173267967,0.0780729,0
607395242307485695,0.089305,0
607395242575921151,0.0752993,0
607395242710138879,0.0851921,0
607395242844356607,0.0849914,0
607395242978574335,0.0815141,0
607395243112792063,0.0684559,0
607395243247009791,0.0807805,0
607395243381227519,0.0786606,0
607395243649662975,0.084576,0
607395243783880703,0.0878109,0
607395243918098431,0.0877712,0
607395244052316159,0.0846499,0
607395244186533887,0.0879959,0
607395244320751615,0.0857221,0
607395244454969343,0.0882548,0
607395245797146623,0.096935,0
607395245931364351,0.0969922,0
607395246065582079,0.0895677,0
607395246199799807,0.0915207,0
607395246334017535,0.0927741,0
607395246468235263,0.0956257,0
607395246602452991,0.0950664,0
607395246870888447,0.0874169,0
607395247005106175,0.0880066,0
607395247139323903,0.087268,0
607395247273541631,0.0875283,0
607395247407759359,0.0839778,0
607395247541977087,0.0945566,0
607395247676194815,0.0994079,0
607395247944630271,0.0879128,0
607395248078847999,0.0827055,0
607395248213065727,0.0895106,0
607395248347283455,0.0933495,0
607395248481501183,0.0847828,0
607395248615718911,0.0852087,0
607395248749936639,0.0889321,0
607395249018372095,0.124915,0
607395249152589823,0.0900714,0
607395249286807551,0.0881969,0
607395249421025279,0.0852469,0
607395249555243007,0.0926992,0
607395249689460735,0.0903799,0
607395249823678463,0.090189,0
607395250092113919,0.0971546,0
607395250226331647,0.0929917,0
607395250360549375,0.0885092,0
607395250494767103,0.0884909,0
607395250628984831,0.112882,0
607395250763202559,0.0877979,0
607395250897420287,0.0996779,0
607395251165855743,0.0862688,0
607395251300073471,0.0902106,0
607395251434291199,0.0907061,0
607395251568508927,0.10071,0
607395251702726655,0.0856992,0
607395251836944383,0.0873971,0
607395251971162111,0.0895505,0
607395252239597567,0.079127,0
607395252373815295,0.087147,0
607395252508033023,0.0869638,0
607395252642250751,0.094241,0
607395252776468479,0.085097,0
607395252910686207,0.0896523,0
607395253044903935,0.0825609,0
607395254387081215,0.26184,0
607395254521298943,0.110739,0
607395254655516671,0.116591,0
607395254789734399,0.0913068,0
607395254923952127,0.263213,0
607395255058169855,0.234839,0
607395255192387583,0.271112,0
607395255460823039,0.0910705,0
607395255595040767,0.0898301,0
607395255729258495,0.0888541,0
607395255863476223,0.0874766,0
607395255997693951,0.0838077,0
607395256131911679,0.0866104,0
607395256266129407,0.0921929,0
607395256534564863,0.101196,0
607395256668782591,0.0963153,0
607395256803000319,0.10001,0
607395256937218047,0.0984567,0
607395257071435775,0.0913259,0
607395257205653503,0.0965847,0
607395257339871231,0.0925708,0
607395257608306687,0.0944015,0
607395257742524415,0.0910927,0
607395257876742143,0.0973533,0
607395258010959871,0.093078,0
607395258145177599,0.09221,0
607395258279395327,0.0928098,0
607395258413613055,0.0933179,0
607395258682048511,0.0953061,0
607395258816266239,0.0871926,0
607395258950483967,0.0933267,0
607395259084701695,0.117068,0
607395259218919423,0.236348,0
607395259353137151,0.092154,0
607395259487354879,0.190118,0
607395259755790335,0.0834255,0
607395259890008063,0.0800488,0
607395260024225791,0.107965,0
607395260158443519,0.0915087,0
607395260292661247,0.0825068,0
607395260426878975,0.0820422,0
607395260561096703,0.0839957,0
607395260829532159,0.0947134,0
607395260963749887,0.0854249,0
607395261097967615,0.0951649,0
607395261232185343,0.0919014,0
607395261366403071,0.0905697,0
607395261500620799,0.0901921,0
607395261634838527,0.0913486,0
607395262977015807,0.0838287,0
607395263111233535,0.0845478,0
607395263245451263,0.0858204,0
607395263379668991,0.0830796,0
607395263513886719,0.0869407,0
607395263648104447,0.0894533,0
607395263782322175,0.0881042,0
607395264050757631,0.0884279,0
607395264184975359,0.0914375,0
607395264319193087,0.0854478,0
607395264453410815,0.089677,0
607395264587628543,0.0882383,0
607395264721846271,0.0841943,0
607395264856063999,0.0892769,0
607395265124499455,0.0876085,0
607395265258717183,0.0911551,0
607395265392934911,0.0913484,0
607395265527152639,0.0880018,0
607395265661370367,0.0909431,0
607395265795588095,0.087475,0
607395265929805823,0.0931358,0
607395266198241279,0.0885544,0
607395266332459007,0.0896327,0
607395266466676735,0.0862705,0
607395266600894463,0.0835598,0
607395266735112191,0.087935,0
607395266869329919,0.0829694,0
607395267003547647,0.0847247,0
607395267271983103,0.0863444,0
607395267406200831,0.0887551,0
607395267540418559,0.0876177,0
607395267674636287,0.0862244,0
607395267808854015,0.0845816,0
607395267943071743,0.0907769,0
607395268077289471,0.0854486,0
607395268345724927,0.0940224,0
607395268479942655,0.0890394,0
607395268614160383,0.0899965,0
607395268748378111,0.0897546,0
607395268882595839,0.0846716,0
607395269016813567,0.0902846,0
607395269151031295,0.0905226,0
607395269419466751,0.0883516,0
607395269553684479,0.086113,0
607395269687902207,0.0907548,0
607395269822119935,0.0871248,0
607395269956337663,0.0912185,0
607395270090555391,0.0887879,0
607395270224773119,0.0889617,0
607395271566950399,0.0603523,0
607395271701168127,0.064605,0
607395271835385855,0.0681557,0
607395271969603583,0.0630506,0
607395272103821311,0.0721083,0
607395272238039039,0.0665611,0
607395272372256767,0.0685341,0
607395272640692223,0.0819389,0
607395272774909951,0.0862565,0
607395272909127679,0.0762571,0
607395273043345407,0.0809698,0
607395273177563135,0.07944,0
607395273311780863,0.0879964,0
607395273445998591,0.0744965,0
607395273714434047,0.0708393,0
607395273848651775,0.0719308,0
607395273982869503,0.121009,0
607395274117087231,0.0866814,0
607395274251304959,0.076675,0
607395274385522687,0.0646837,0
607395274519740415,0.0820164,0
607395274788175871,0.0642325,0
607395274922393599,0.0770804,0
607395275056611327,0.0666008,0
607395275190829055,0.0671892,0
607395275325046783,0.0616255,0
607395275459264511,0.0754836,0
607395275593482239,0.0664233,0
607395275861917695,0.0726089,0
607395275996135423,0.0686332,0
607395276130353151,0.0799439,0
607395276264570879,0.0731305,0
607395276398788607,0.0780335,0
607395276533006335,0.0748246,0
607395276667224063,0.0793372,0
607395276935659519,0.0766977,0
607395277069877247,0.0790478,0
607395277204094975,0.0703102,0
607395277338312703,0.0754947,0
607395277472530431,0.0767589,0
607395277606748159,0.0771695,0
607395277740965887,0.0823327,0
607395278009401343,0.0925329,0
607395278143619071,0.0714923,0
607395278277836799,0.0941773,0
607395278412054527,0.0857655,0
607395278546272255,0.0936638,0
607395278680489983,0.072849,0
607395278814707711,0.0946583,0
607395280156884991,0.0798499,0
607395280291102719,0.08425,0
607395280425320447,0.0769757,0
607395280559538175,0.0755681,0
607395280693755903,0.0809324,0
607395280827973631,0.0851907,0
607395280962191359,0.0790425,0
607395281230626815,0.0857899,0
607395281364844543,0.0807268,0
607395281499062271,0.0773589,0
607395281633279999,0.0812231,0
607395281767497727,0.0825008,0
607395281901715455,0.0815435,0
607395282035933183,0.0782677,0
607395282304368639,0.0853264,0
607395282438586367,0.0931141,0
607395282572804095,0.0868992,0
607395282707021823,0.0909155,0
607395282841239551,0.0817162,0
607395282975457279,0.0845824,0
607395283109675007,0.0845818,0
607395283378110463,0.0803017,0
607395283512328191,0.0836308,0
607395283646545919,0.0836685,0
607395283780763647,0.0825514,0
607395283914981375,0.0841336,0
607395284049199103,0.0835964,0
607395284183416831,0.0810241,0
607395284451852287,0.075089,0
607395284586070015,0.0799453,0
607395284720287743,0.0782457,0
607395284854505471,0.0785809,0
607395284988723199,0.0747375,0
607395285122940927,0.0800206,0
607395285257158655,0.0791896,0
607395285525594111,0.0914713,0
607395285659811839,0.0888618,0
607395285794029567,0.076982,0
607395285928247295,0.0806255,0
607395286062465023,0.0805544,0
607395286196682751,0.0871141,0
607395286330900479,0.0756236,0
607395286599335935,0.0818972,0
607395286733553663,0.0780277,0
607395286867771391,0.0803105,0
607395287001989119,0.0811469,0
607395287136206847,0.0806096,0
607395287270424575,0.0804984,0
607395287404642303,0.0803197,0
607395288746819583,0.0993821,0
607395288881037311,0.0946253,0
607395289015255039,0.136099,0
607395289149472767,0.0942207,0
607395289283690495,0.0985756,0
607395289417908223,0.0918255,0
607395289552125951,0.101496,0
607395289820561407,0.0888617,0
607395289954779135,0.0827935,0
607395290088996863,0.0939585,0
607395290223214591,0.0882947,0
607395290357432319,0.0913859,0
607395290491650047,0.0814144,0
607395290625867775,0.0864414,0
607395290894303231,0.296698,0
607395291028520959,0.237398,0
607395291162738687,0.138195,0
607395291296956415,0.352217,0
607395291431174143,0.290619,0
607395291565391871,0.270651,0
607395291699609599,0.200037,0
607395291968045055,0.101199,0
607395292102262783,0.0885384,0
607395292236480511,0.0976937,0
607395292370698239,0.0879365,0
607395292504915967,0.0971994,0
607395292639133695,0.0868018,0
607395292773351423,0.0991013,0
607395293041786879,0.104871,0
607395293176004607,0.101541,0
607395293310222335,0.105442,0
607395293444440063,0.10764,0
607395293578657791,0.104413,0
607395293712875519,0.104562,0
607395293847093247,0.105174,0
607395294115528703,0.0974818,0
607395294249746431,0.0912496,0
607395294383964159,0.111292,0
607395294518181887,0.0852143,0
607395294652399615,0.0936535,0
607395294786617343,0.0868083,0
607395294920835071,0.0973932,0
607395295189270527,0.108472,0
607395295323488255,0.109687,0
607395295457705983,0.112085,0
607395295591923711,0.172353,0
607395295726141439,0.111287,0
607395295860359167,0.10892,0
607395295994576895,0.108578,0
607395305926688767,0.0796906,0
607395306060906495,0.0884304,0
607395306195124223,0.0801945,0
607395306329341951,0.0813709,0
607395306463559679,0.0847361,0
607395306597777407,0.0838726,0
607395306731995135,0.0870422,0
607395307000430591,0.0753317,0
607395307134648319,0.0720118,0
607395307268866047,0.0757721,0
607395307403083775,0.0793629,0
607395307537301503,0.0752648,0
607395307671519231,0.0758684,0
607395307805736959,0.077241,0
607395308074172415,0.0851897,0
607395308208390143,0.0882572,0
607395308342607871,0.0814601,0
607395308476825599,0.087721,0
607395308611043327,0.0934309,0
607395308745261055,0.0910011,0
607395308879478783,0.0935837,0
607395309147914239,0.0840546,0
607395309282131967,0.0839593,0
607395309416349695,0.0957731,0
607395309550567423,0.08348,0
607395309684785151,0.0834928,0
607395309819002879,0.0796632,0
607395309953220607,0.0893511,0
607395310221656063,0.0875063,0
607395310355873791,0.0864843,0
607395310490091519,0.0828714,0
607395310624309247,0.0830191,0
607395310758526975,0.0832862,0
607395310892744703,0.0826916,0
607395311026962431,0.0912354,0
607395311295397887,0.0822505,0
607395311429615615,0.0832841,0
607395311563833343,0.07919,0
607395311698051071,0.0816117,0
607395311832268799,0.081614,0
607395311966486527,0.0844131,0
607395312100704255,0.0847507,0
607395312369139711,0.0962746,0
607395312503357439,0.087995,0
607395312637575167,0.0854147,0
607395312771792895,0.0869551,0
607395312906010623,0.0853135,0
607395313040228351,0.0859898,0
607395313174446079,0.0957311,0
607395314516623359,0.0702827,0
607395314650841087,0.0727419,0
607395314785058815,0.0844839,0
607395314919276543,0.0752456,0
607395315053494271,0.0711578,0
607395315187711999,0.073516,0
607395315321929727,0.0801944,0
607395315590365183,0.0754764,0
607395315724582911,0.0704117,0
607395315858800639,0.0716875,0
607395315993018367,0.0701003,0
607395316127236095,0.0739462,0
607395316261453823,0.0752375,0
607395316395671551,0.0746893,0
607395316664107007,0.0932856,0
607395316798324735,0.0755145,0
607395316932542463,0.0930804,0
607395317066760191,0.089572,0
607395317200977919,0.0800784,0
607395317335195647,0.0767079,0
607395317469413375,0.079019,0
607395317737848831,0.0731572,0
607395317872066559,0.0668135,0
607395318006284287,0.0751764,0
607395318140502015,0.0688692,0
607395318274719743,0.0773932,0
607395318408937471,0.0760534,0
607395318543155199,0.0778777,0
607395318811590655,0.0803356,0
607395318945808383,0.0790869,0
607395319080026111,0.0733806,0
607395319214243839,0.0762011,0
607395319348461567,0.0836269,0
607395319482679295,0.0844834,0
607395319616897023,0.0772993,0
607395319885332479,0.0763186,0
607395320019550207,0.0727185,0
607395320153767935,0.075731,0
607395320287985663,0.0830332,0
607395320422203391,0.073265,0
607395320556421119,0.0686499,0
607395320690638847,0.078567,0
607395320959074303,0.0803567,0
607395321093292031,0.0797385,0
607395321227509759,0.0798277,0
607395321361727487,0.0797611,0
607395321495945215,0.07554,0
607395321630162943,0.0755633,0
607395321764380671,0.0814691,0
607395323106557951,0.0951556,0
607395323240775679,0.0906823,0
607395323374993407,0.103019,0
607395323509211135,0.0940986,0
607395323643428863,0.0870792,0
607395323777646591,0.0839219,0
607395323911864319,0.0920483,0
607395324180299775,0.0800224,0
607395324314517503,0.076616,0
607395324448735231,0.097366,0
607395324582952959,0.0850359,0
607395324717170687,0.0886204,0
607395324851388415,0.080383,0
607395324985606143,0.0850917,0
607395325254041599,0.095831,0
607395325388259327,0.0909643,0
607395325522477055,0.0942491,0
607395325656694783,0.0952595,0
607395325790912511,0.0928601,0
607395325925130239,0.092346,0
607395326059347967,0.0984805,0
607395326327783423,0.0979721,0
607395326462001151,0.0925805,0
607395326596218879,0.0960548,0
607395326730436607,0.0969309,0
607395326864654335,0.0910334,0
607395326998872063,0.0899016,0
607395327133089791,0.0977469,0
607395327401525247,0.0830105,0
607395327535742975,0.0871753,0
607395327669960703,0.0842252,0
607395327804178431,0.0875603,0
607395327938396159,0.0851371,0
607395328072613887,0.0851465,0
607395328206831615,0.0956163,0
607395328475267071,0.0820458,0
607395328609484799,0.0808295,0
607395328743702527,0.0832577,0
607395328877920255,0.0826233,0
607395329012137983,0.0824053,0
607395329146355711,0.0873705,0
607395329280573439,0.0899065,0
607395329549008895,0.0882112,0
607395329683226623,0.0934822,0
607395329817444351,0.093691,0
607395329951662079,0.0940113,0
607395330085879807,0.0866935,0
607395330220097535,0.0903771,0
607395330354315263,0.0876312,0
607395331696492543,0.0707856,0
607395331830710271,0.0728827,0
607395331964927999,0.0885481,0
607395332099145727,0.0827673,0
607395332233363455,0.076192,0
607395332367581183,0.0756174,0
607395332501798911,0.0748708,0
607395332770234367,0.0750346,0
607395332904452095,0.077616,0
607395333038669823,0.0749139,0
607395333172887551,0.0772572,0
607395333307105279,0.0872791,0
607395333441323007,0.0964059,0
607395333575540735,0.0759553,0
607395333843976191,0.0875478,0
607395333978193919,0.0900001,0
607395334112411647,0.0971903,0
607395334246629375,0.0913134,0
607395334380847103,0.0815178,0
607395334515064831,0.0840806,0
607395334649282559,0.090592,0
607395334917718015,0.0920718,0
607395335051935743,0.0857031,0
607395335186153471,0.0890704,0
607395335320371199,0.0856548,0
607395335454588927,0.0859718,0
607395335588806655,0.0910746,0
607395335723024383,0.0886618,0
607395335991459839,0.0793611,0
607395336125677567,0.0787617,0
607395336259895295,0.0782358,0
607395336394113023,0.0760892,0
607395336528330751,0.0935186,0
607395336662548479,0.0827567,0
607395336796766207,0.0864411,0
607395337065201663,0.0838902,0
607395337199419391,0.0772692,0
607395337333637119,0.0909422,0
607395337467854847,0.0861192,0
607395337602072575,0.0784615,0
607395337736290303,0.0788457,0
607395337870508031,0.0797124,0
607395338138943487,0.0869025,0
607395338273161215,0.0902432,0
607395338407378943,0.0886075,0
607395338541596671,0.0824634,0
607395338675814399,0.0825721,0
607395338810032127,0.0794921,0
607395338944249855,0.0915482,0
607395340286427135,0.0918227,0
607395340420644863,0.0916434,0
607395340554862591,0.0874689,0
607395340689080319,0.0867899,0
607395340823298047,0.0894541,0
607395340957515775,0.0859055,0
607395341091733503,0.0859698,0
607395341360168959,0.07962,0
607395341494386687,0.0809091,0
607395341628604415,0.0834996,0
607395341762822143,0.0929222,0
607395342165475327,0.0865115,0
607395342433910783,0.0817063,0
607395342568128511,0.0800669,0
607395342702346239,0.089936,0
607395342836563967,0.0860746,0
607395342970781695,0.0812793,0
607395343104999423,0.0847775,0
607395343239217151,0.0883317,0
607395343507652607,0.0836146,0
607395343641870335,0.0851948,0
607395343776088063,0.0839451,0
607395343910305791,0.0795575,0
607395344044523519,0.0837347,0
607395344178741247,0.0805959,0
607395344312958975,0.0836392,0
607395344849829887,0.0979502,0
607395344984047615,0.0907977,0
607395346728878079,0.0838967,0
607395346863095807,0.0861396,0
607395346997313535,0.0931444,0
607395347131531263,0.082667,0
607395347265748991,0.0861294,0
607395347399966719,0.0877355,0
607395347534184447,0.0873138,0
607395348876361727,0.0756426,0
607395349010579455,0.0759182,0
607395349144797183,0.0811266,0
607395349279014911,0.0823016,0
607395349413232639,0.0778318,0
607395349547450367,0.0830787,0
607395349681668095,0.11829,0
607395349950103551,0.0861638,0
607395350084321279,0.0843047,0
607395350218539007,0.0750265,0
607395350352756735,0.0770926,0
607395350755409919,0.0825414,0
607395351023845375,0.0798886,0
607395351158063103,0.0844254,0
607395351292280831,0.0779934,0
607395351426498559,0.07928,0
607395351560716287,0.0744192,0
607395351694934015,0.0777308,0
607395351829151743,0.0809406,0
607395352097587199,0.0735851,0
607395352231804927,0.0743606,0
607395352366022655,0.0760776,0
607395352500240383,0.0743451,0
607395352634458111,0.0791188,0
607395352768675839,0.0792292,0
607395352902893567,0.0774874,0
607395353439764479,0.0729409,0
607395353573982207,0.0840997,0
607395355318812671,0.0872017,0
607395355453030399,0.127382,0
607395355587248127,0.0821174,0
607395355721465855,0.0791438,0
607395355855683583,0.0851663,0
607395355989901311,0.116536,0
607395356124119039,0.0792643,0
607395357466296319,0.0893894,0
607395357600514047,0.0917906,0
607395357734731775,0.089888,0
607395357868949503,0.0947125,0
607395358003167231,0.0955416,0
607395358137384959,0.0909043,0
607395358271602687,0.0910522,0
607395358540038143,0.0869752,0
607395358674255871,0.0827138,0
607395358808473599,0.0973087,0
607395358942691327,0.0948939,0
607395359076909055,0.0931016,0
607395359211126783,0.0926579,0
607395359345344511,0.0937008,0
607395359613779967,0.0953734,0
607395359747997695,0.0828995,0
607395359882215423,0.134065,0
607395360016433151,0.111748,0
607395360150650879,0.131159,0
607395360284868607,0.0889896,0
607395360419086335,0.0931043,0
607395360687521791,0.0845181,0
607395360821739519,0.0894695,0
607395360955957247,0.0841534,0
607395361090174975,0.0940189,0
607395361224392703,0.0905717,0
607395361358610431,0.0878217,0
607395361492828159,0.0831243,0
607395361761263615,0.0974174,0
607395361895481343,0.094462,0
607395362029699071,0.0836337,0
607395362163916799,0.0948646,0
607395362298134527,0.0962853,0
607395362432352255,0.0984773,0
607395362566569983,0.089211,0
607395362835005439,0.0915806,0
607395362969223167,0.0909085,0
607395363103440895,0.0888451,0
607395363237658623,0.0832479,0
607395363371876351,0.0911751,0
607395363506094079,0.0882798,0
607395363640311807,0.093682,0
607395363908747263,0.0852495,0
607395364042964991,0.09062,0
607395364177182719,0.0820034,0
607395364311400447,0.0836319,0
607395364445618175,0.0794708,0
607395364579835903,0.0823664,0
607395364714053631,0.0810881,0
607395374646165503,0.175997,0
607395374780383231,0.173649,0
607395374914600959,0.183724,0
607395375048818687,0.179361,0
607395375183036415,0.168396,0
607395375317254143,0.161851,0
607395375451471871,0.186343,0
607395375719907327,0.148484,0
607395375854125055,0.154899,0
607395375988342783,0.163553,0
607395376122560511,0.175822,0
607395376256778239,0.128134,0
607395376390995967,0.136878,0
607395376525213695,0.148656,0
607395376793649151,0.20989,0
607395376927866879,0.205869,0
607395377062084607,0.209913,0
607395377196302335,0.207863,0
607395377330520063,0.188115,0
607395377464737791,0.186868,0
607395377598955519,0.21707,0
607395377867390975,0.186156,0
607395378001608703,0.195407,0
607395378135826431,0.206474,0
607395378270044159,0.203673,0
607395378404261887,0.17132,0
607395378538479615,0.169524,0
607395378672697343,0.184394,0
607395378941132799,0.169869,0
607395379075350527,0.15538,0
607395379209568255,0.197845,0
607395379343785983,0.172796,0
607395379478003711,0.16028,0
607395379612221439,0.143325,0
607395379746439167,0.179073,0
607395380014874623,0.131661,0
607395380149092351,0.119282,0
607395380283310079,0.15454,0
607395380417527807,0.133566,0
607395380551745535,0.128083,0
607395380685963263,0.117907,0
607395380820180991,0.140946,0
607395381088616447,0.209095,0
607395381222834175,0.1929,0
607395381357051903,0.211119,0
607395381491269631,0.202566,0
607395381625487359,0.204241,0
607395381759705087,0.198645,0
607395381893922815,0.224399,0
607395383236100095,0.152589,0
607395383370317823,0.151768,0
607395383504535551,0.15976,0
607395383638753279,0.163912,0
607395383772971007,0.138673,0
607395383907188735,0.149822,0
607395384041406463,0.160646,0
607395384309841919,0.139635,0
607395384444059647,0.137566,0
607395384578277375,0.147217,0
607395384712495103,0.145095,0
607395384846712831,0.120773,0
607395384980930559,0.121328,0
607395385115148287,0.147402,0
607395385383583743,0.199342,0
607395385517801471,0.192994,0
607395385652019199,0.227316,0
607395385786236927,0.21925,0
607395385920454655,0.188239,0
607395386054672383,0.174424,0
607395386188890111,0.200937,0
607395386457325567,0.177437,0
607395386591543295,0.171957,0
607395386725761023,0.185895,0
607395386859978751,0.180829,0
607395386994196479,0.159196,0
607395387128414207,0.152021,0
607395387262631935,0.17866,0
607395387531067391,0.145791,0
607395387665285119,0.147624,0
607395387799502847,0.153346,0
607395387933720575,0.154136,0
607395388067938303,0.115597,0
607395388202156031,0.120305,0
607395388336373759,0.140799,0
607395388604809215,0.118834,0
607395388739026943,0.113907,0
607395388873244671,0.135999,0
607395389007462399,0.121155,0
607395389141680127,0.110644,0
607395389275897855,0.107552,0
607395389410115583,0.125851,0
607395389678551039,0.181605,0
607395389812768767,0.173975,0
607395389946986495,0.196727,0
607395390081204223,0.193598,0
607395390215421951,0.172281,0
607395390349639679,0.166386,0
607395390483857407,0.177033,0
607395391826034687,0.247137,0
607395391960252415,0.2505,0
607395392094470143,0.266367,0
607395392228687871,0.246922,0
607395392362905599,0.286086,0
607395392497123327,0.251084,0
607395392631341055,0.250581,0
607395392899776511,0.216279,0
607395393033994239,0.21815,0
607395393168211967,0.231298,0
607395393302429695,0.261419,0
607395393436647423,0.218341,0
607395393570865151,0.219302,0
607395393705082879,0.227216,0
607395393973518335,0.245505,0
607395394107736063,0.232706,0
607395394241953791,0.262028,0
607395394376171519,0.242666,0
607395394510389247,0.254943,0
607395394644606975,0.249965,0
607395394778824703,0.238651,0
607395395047260159,0.242443,0
607395395181477887,0.249369,0
607395395315695615,0.234333,0
607395395449913343,0.219752,0
607395395584131071,0.252649,0
607395395718348799,0.23387,0
607395395852566527,0.250817,0
607395396121001983,0.243999,0
607395396255219711,0.288388,0
607395396389437439,0.263488,0
607395396523655167,0.238988,0
607395396657872895,0.263676,0
607395396792090623,0.237229,0
607395396926308351,0.269201,0
607395397194743807,0.215095,0
607395397328961535,0.223082,0
607395397463179263,0.271382,0
607395397597396991,0.211003,0
607395397731614719,0.230514,0
607395397865832447,0.210942,0
607395398000050175,0.26046,0
607395398268485631,0.262638,0
607395398402703359,0.250398,0
607395398536921087,0.251777,0
607395398671138815,0.251933,0
607395398805356543,0.268511,0
607395398939574271,0.255715,0
607395399073791999,0.271342,0
607395400415969279,0.237702,0
607395400550187007,0.244535,0
607395400684404735,0.247952,0
607395400818622463,0.247205,0
607395400952840191,0.223923,0
607395401087057919,0.227903,0
607395401221275647,0.230469,0
607395401489711103,0.234449,0
607395401623928831,0.225812,0
607395401758146559,0.248643,0
607395401892364287,0.244988,0
607395402026582015,0.224216,0
607395402160799743,0.223853,0
607395402295017471,0.229206,0
607395402563452927,0.229395,0
607395402697670655,0.241312,0
607395402831888383,0.244755,0
607395402966106111,0.24019,0
607395403100323839,0.240898,0
607395403234541567,0.253945,0
607395403368759295,0.228171,0
607395403637194751,0.253806,0
607395403771412479,0.251717,0
607395403905630207,0.244838,0
607395404039847935,0.250128,0
607395404174065663,0.254773,0
607395404308283391,0.250967,0
607395404442501119,0.249343,0
607395404710936575,0.213114,0
607395404845154303,0.216309,0
607395404979372031,0.212401,0
607395405113589759,0.218412,0
607395405247807487,0.20794,0
607395405382025215,0.215211,0
607395405516242943,0.207336,0
607395405784678399,0.230652,0
607395405918896127,0.232238,0
607395406053113855,0.225094,0
607395406187331583,0.226937,0
607395406321549311,0.207626,0
607395406455767039,0.215409,0
607395406589984767,0.222699,0
607395406858420223,0.241022,0
607395406992637951,0.248311,0
607395407126855679,0.235593,0
607395407261073407,0.235499,0
607395407395291135,0.240237,0
607395407529508863,0.236322,0
607395407663726591,0.229314,0
607395409005903871,0.126459,0
607395409140121599,0.117739,0
607395409274339327,0.143509,0
607395409408557055,0.11162,0
607395409542774783,0.129408,0
607395409676992511,0.122503,0
607395409811210239,0.147887,0
607395410079645695,0.107964,0
607395410213863423,0.102083,0
607395410348081151,0.110878,0
607395410482298879,0.116614,0
607395410616516607,0.113656,0
607395410750734335,0.104973,0
607395410884952063,0.113746,0
607395411153387519,0.161,0
607395411287605247,0.165204,0
607395411421822975,0.185533,0
607395411556040703,0.165548,0
607395411690258431,0.163379,0
607395411824476159,0.141786,0
607395411958693887,0.182482,0
607395412227129343,0.123538,0
607395412361347071,0.123991,0
607395412495564799,0.145433,0
607395412629782527,0.131118,0
607395412764000255,0.106373,0
607395412898217983,0.114498,0
607395413032435711,0.128026,0
607395413300871167,0.134833,0
607395413435088895,0.133217,0
607395413569306623,0.141346,0
607395413703524351,0.138081,0
607395413837742079,0.127843,0
607395413971959807,0.119775,0
607395414106177535,0.140454,0
607395414374612991,0.100074,0
607395414508830719,0.104323,0
607395414643048447,0.118913,0
607395414777266175,0.115076,0
607395414911483903,0.0956588,0
607395415045701631,0.097676,0
607395415179919359,0.104012,0
607395415448354815,0.152124,0
607395415582572543,0.147194,0
607395415716790271,0.175703,0
607395415851007999,0.155358,0
607395415985225727,0.14412,0
607395416119443455,0.141461,0
607395416253661183,0.168403,0
607395417595838463,0.0971143,0
607395417730056191,0.0987431,0
607395417864273919,0.101443,0
607395417998491647,0.0964684,0
607395418132709375,0.0946537,0
607395418266927103,0.0893421,0
607395418401144831,0.101859,0
607395418669580287,0.0866922,0
607395418803798015,0.0942512,0
607395418938015743,0.100125,0
607395419072233471,0.0930346,0
607395419206451199,0.0977959,0
607395419340668927,0.0948028,0
607395419474886655,0.0909214,0
607395419743322111,0.109974,0
607395419877539839,0.115268,0
607395420011757567,0.117942,0
607395420145975295,0.123847,0
607395420280193023,0.10584,0
607395420414410751,0.106775,0
607395420548628479,0.119958,0
607395420817063935,0.106034,0
607395420951281663,0.100558,0
607395421085499391,0.122542,0
607395421219717119,0.123037,0
607395421353934847,0.0994154,0
607395421488152575,0.0921994,0
607395421622370303,0.101955,0
607395421890805759,0.103095,0
607395422025023487,0.10305,0
607395422159241215,0.109747,0
607395422293458943,0.105553,0
607395422427676671,0.0975993,0
607395422561894399,0.0999606,0
607395422696112127,0.105223,0
607395422964547583,0.202779,0
607395423098765311,0.0881987,0
607395423232983039,0.113588,0
607395423367200767,0.0978843,0
607395423501418495,0.205816,0
607395423635636223,0.112319,0
607395423769853951,0.203734,0
607395424038289407,0.11185,0
607395424172507135,0.110983,0
607395424306724863,0.120405,0
607395424440942591,0.10827,0
607395424575160319,0.115616,0
607395424709378047,0.122815,0
607395424843595775,0.12315,0
607395426185773055,0.264049,0
607395426319990783,0.237864,0
607395426454208511,0.284212,0
607395426588426239,0.265801,0
607395426722643967,0.272114,0
607395426856861695,0.257587,0
607395426991079423,0.285809,0
607395427259514879,0.221722,0
607395427393732607,0.206067,0
607395427527950335,0.239228,0
607395427662168063,0.222103,0
607395427796385791,0.224517,0
607395427930603519,0.197048,0
607395428064821247,0.245848,0
607395428333256703,0.298265,0
607395428467474431,0.279906,0
607395428601692159,0.293894,0
607395428735909887,0.294064,0
607395428870127615,0.293107,0
607395429004345343,0.286407,0
607395429138563071,0.307671,0
607395429406998527,0.278502,0
607395429541216255,0.226155,0
607395429675433983,0.259296,0
607395429809651711,0.244828,0
607395429943869439,0.253773,0
607395430078087167,0.233226,0
607395430212304895,0.266124,0
607395430480740351,0.257222,0
607395430614958079,0.239277,0
607395430749175807,0.282332,0
607395430883393535,0.284235,0
607395431017611263,0.252659,0
607395431151828991,0.233904,0
607395431286046719,0.274607,0
607395431554482175,0.199109,0
607395431688699903,0.204322,0
607395431822917631,0.224485,0
607395431957135359,0.222771,0
607395432091353087,0.190726,0
607395432225570815,0.192019,0
607395432359788543,0.213764,0
607395432628223999,0.296492,0
607395432762441727,0.295733,0
607395432896659455,0.313316,0
607395433030877183,0.30707,0
607395433165094911,0.308512,0
607395433299312639,0.28766,0
607395433433530367,0.298965,0
607395512085118975,0.806349,0
607395512353554431,0.555669,0
607395512487772159,0.741802,0
607395512621989887,0.732476,0
607395512890425343,0.573443,0
607395514232602623,0.785461,0
607395514366820351,0.623735,0
607395514501038079,0.644247,0
607395514635255807,0.776909,0
607395514769473535,0.764978,0
607395514903691263,0.628665,0
607395515037908991,0.508907,0
607395515574779903,0.509593,0
607395515843215359,0.633097,0
607395516111650815,0.680992,0
607395516380086271,0.667621,0
607395516514303999,0.712798,0
607395516648521727,0.822917,0
607395516782739455,0.632027,0
607395516916957183,0.453811,0
607395517051174911,0.626317,0
607395517185392639,0.555374,0
607395517990699007,0.625786,0
607395518259134463,0.667567,0
607395518527569919,0.519011,0
607395518661787647,0.768058,0
607395518796005375,0.386054,0
607395518930223103,0.506449,0
607395519064440831,0.516582,0
607395519198658559,0.689133,0
607395519332876287,0.437914,0
607395521748795391,1.2211,0
607395521883013119,1.52353,0
607395522017230847,1.07037,0
607395522151448575,1.26688,0
607395523090972671,0.897301,0
607395523896279039,0.884716,0
607395524030496767,0.742114,0
607395524164714495,0.773069,0
607395524298932223,0.857987,0
607395524433149951,0.9206,0
607395524567367679,1.1015,0
607395524701585407,0.690622,0
607395527385939967,0.689222,0
607395529264988159,0.285071,0
607395529399205887,0.279859,0
607395529533423615,0.275296,0
607395529667641343,0.269169,0
607395529801859071,0.31403,0
607395529936076799,0.295164,0
607395530070294527,0.279828,0
607395530338729983,0.486772,0
607395530472947711,0.6029,0
607395530607165439,0.309449,0
607395530741383167,0.524555,0
607395530875600895,0.403996,0
607395531009818623,0.571437,0
607395531144036351,0.306879,0
607395531412471807,0.224969,0
607395531546689535,0.24736,0
607395531680907263,0.200007,0
607395531815124991,0.180256,0
607395531949342719,0.285463,0
607395532083560447,0.261027,0
607395532217778175,0.190605,0
607395532486213631,0.458989,0
607395532620431359,0.29792,0
607395532754649087,0.334586,0
607395532888866815,0.326194,0
607395533023084543,0.28346,0
607395533157302271,0.342244,0
607395533291519999,0.350793,0
607395533559955455,0.285,0
607395533694173183,0.29795,0
607395533828390911,0.31406,0
607395533962608639,0.265223,0
607395534096826367,0.307114,0
607395534231044095,0.322536,0
607395534365261823,0.31536,0
607395534633697279,0.323094,0
607395534767915007,0.39467,0
607395534902132735,0.288108,0
607395535036350463,0.324048,0
607395535170568191,0.32846,0
607395535304785919,0.382564,0
607395535439003647,0.308636,0
607395535707439103,0.318582,0
607395535841656831,0.24172,0
607395535975874559,0.206049,0
607395536110092287,0.206927,0
607395536244310015,0.339161,0
607395536378527743,0.321643,0
607395536512745471,0.268687,0
607395537854922751,0.636264,0
607395537989140479,0.60001,0
607395538123358207,0.480691,0
607395538257575935,0.786562,0
607395538391793663,0.472999,0
607395538526011391,0.612197,0
607395538660229119,0.60242,0
607395538928664575,0.597878,0
607395539062882303,0.625022,0
607395539197100031,0.59015,0
607395539331317759,0.896003,0
607395539733970943,0.609794,0
607395540002406399,0.267812,0
607395540136624127,0.312558,0
607395540270841855,0.259447,0
607395540405059583,0.305743,0
607395540539277311,0.38938,0
607395540673495039,0.372727,0
607395540807712767,0.284243,0
607395541076148223,0.551822,0
607395541210365951,0.466316,0
607395541344583679,0.339986,0
607395541478801407,0.399033,0
607395541613019135,0.787312,0
607395541747236863,0.853443,0
607395541881454591,0.527114,0
607395542149890047,0.602042,0
607395542418325503,0.550553,0
607395542552543231,0.539435,0
607395542686760959,0.775662,0
607395542955196415,0.625111,0
607395543223631871,0.576015,0
607395543357849599,0.867711,0
607395543492067327,0.524153,0
607395543626285055,0.683591,0
607395544297373695,0.733267,0
607395544431591423,0.77689,0
607395544565809151,0.353883,0
607395544700026879,0.488468,0
607395544834244607,0.660507,0
607395544968462335,0.625825,0
607395545102680063,0.463754,0
607395546444857343,0.441115,0
607395546713292799,0.489993,0
607395546847510527,0.540816,0
607395546981728255,0.456688,0
607395547115945983,0.5679,0
607395547250163711,0.618126,0
607395547518599167,0.799257,0
607395547652816895,0.462302,0
607395547787034623,0.533791,0
607395547921252351,0.430103,0
607395548592340991,0.515655,0
607395548726558719,0.48031,0
607395548860776447,0.481911,0
607395548994994175,0.488541,0
607395549129211903,0.546128,0
607395549263429631,0.554708,0
607395549397647359,0.676779,0
607395549666082815,0.430415,0
607395549800300543,0.570457,0
607395549934518271,0.57572,0
607395550068735999,0.432221,0
607395550202953727,0.572007,0
607395550337171455,0.441935,0
607395550471389183,0.617888,0
607395550739824639,0.635655,0
607395550874042367,0.490572,0
607395551008260095,0.66403,0
607395551142477823,0.669065,0
607395551276695551,0.621651,0
607395551410913279,0.554354,0
607395551545131007,0.627584,0
607395551813566463,0.530091,0
607395551947784191,0.553279,0
607395552082001919,0.549787,0
607395552350437375,0.47995,0
607395552484655103,0.504387,0
607395552618872831,0.504556,0
607395552887308287,1.03887,0
607395553021526015,0.474766,0
607395553155743743,0.631717,0
607395553289961471,0.81295,0
607395553424179199,0.631326,0
607395553558396927,0.871915,0
607395553692614655,0.535981,0
607395560135065599,0.770867,0
607395560403501055,0.7109,0
607395560537718783,0.696262,0
607395560940371967,0.694552,0
607395561074589695,0.62713,0
607395562014113791,0.57509,0
607395562282549247,0.559372,0
607395563624726527,0.478438,0
607395563758944255,0.484743,0
607395563893161983,0.382319,0
607395564027379711,0.399532,0
607395564161597439,0.490136,0
607395564295815167,0.589131,0
607395564430032895,0.418049,0
607395564698468351,0.786461,0
607395564832686079,0.802449,0
607395564966903807,0.486084,0
607395565101121535,0.481708,0
607395565235339263,0.748752,0
607395565369556991,0.686205,0
607395565503774719,0.718737,0
607395565772210175,0.320252,0
607395565906427903,0.3266,0
607395566040645631,0.310589,0
607395566174863359,0.307191,0
607395566309081087,0.360761,0
607395566443298815,0.350411,0
607395566577516543,0.302009,0
607395566845951999,0.356341,0
607395566980169727,0.347583,0
607395567114387455,0.30512,0
607395567248605183,0.341645,0
607395567382822911,0.36604,0
607395567517040639,0.384984,0
607395567651258367,0.346101,0
607395567919693823,0.375494,0
607395568053911551,0.439001,0
607395568188129279,0.36266,0
607395568322347007,0.442288,0
607395568456564735,0.372336,0
607395568590782463,0.403614,0
607395568725000191,0.338253,0
607395568993435647,0.654813,0
607395569127653375,0.685774,0
607395569261871103,0.530665,0
607395569396088831,0.754669,0
607395569530306559,0.512678,0
607395569664524287,0.636639,0
607395569798742015,0.489872,0
607395570067177471,0.365813,0
607395570201395199,0.373526,0
607395570335612927,0.325892,0
607395570469830655,0.372276,0
607395570604048383,0.368364,0
607395570738266111,0.349919,0
607395570872483839,0.32538,0
607395580804595711,0.446631,0
607395580938813439,0.417843,0
607395581073031167,0.46093,0
607395581207248895,0.41333,0
607395581341466623,0.475124,0
607395581475684351,0.451272,0
607395581609902079,0.490919,0
607395581878337535,0.448017,0
607395582012555263,0.385769,0
607395582146772991,0.431285,0
607395582280990719,0.374977,0
607395582415208447,0.427166,0
607395582549426175,0.442075,0
607395582683643903,0.458194,0
607395582952079359,0.389574,0
607395583086297087,0.364054,0
607395583220514815,0.396261,0
607395583354732543,0.367922,0
607395583488950271,0.45354,0
607395583623167999,0.399439,0
607395583757385727,0.446172,0
607395584025821183,0.366145,0
607395584160038911,0.358028,0
607395584294256639,0.346262,0
607395584428474367,0.333868,0
607395584562692095,0.396845,0
607395584696909823,0.382385,0
607395584831127551,0.371339,0
607395585099563007,0.604583,0
607395585233780735,0.519423,0
607395585367998463,0.799916,0
607395585502216191,0.517848,0
607395585636433919,0.565398,0
607395585770651647,0.557633,0
607395585904869375,0.675687,0
607395586173304831,0.428511,0
607395586307522559,0.415777,0
607395586441740287,0.458557,0
607395586575958015,0.433559,0
607395586710175743,0.506792,0
607395586844393471,0.439708,0
607395586978611199,0.47602,0
607395587247046655,0.545771,0
607395587381264383,0.520844,0
607395587515482111,0.56217,0
607395587649699839,0.500554,0
607395587783917567,0.759045,0
607395587918135295,0.583252,0
607395588052353023,0.666234,0
607395589394530303,0.336058,0
607395589528748031,0.324668,0
607395589662965759,0.330022,0
607395589797183487,0.329457,0
607395589931401215,0.360776,0
607395590065618943,0.362613,0
607395590199836671,0.336298,0
607395590468272127,0.3202,0
607395590602489855,0.330168,0
607395590736707583,0.307247,0
607395590870925311,0.295801,0
607395591005143039,0.335467,0
607395591139360767,0.329625,0
607395591273578495,0.342621,0
607395591542013951,0.28002,0
607395591676231679,0.284055,0
607395591810449407,0.275503,0
607395591944667135,0.268731,0
607395592078884863,0.300283,0
607395592213102591,0.300336,0
607395592347320319,0.286962,0
607395592615755775,0.278828,0
607395592749973503,0.275933,0
607395592884191231,0.263139,0
607395593018408959,0.261939,0
607395593152626687,0.30123,0
607395593286844415,0.282327,0
607395593421062143,0.291768,0
607395593689497599,0.377241,0
607395593823715327,0.364305,0
607395593957933055,0.370701,0
607395594092150783,0.361818,0
607395594226368511,0.385214,0
607395594360586239,0.377674,0
607395594494803967,0.377126,0
607395594763239423,0.371562,0
607395594897457151,0.35606,0
607395595031674879,0.367583,0
607395595165892607,0.357157,0
607395595300110335,0.738537,0
607395595434328063,0.649113,0
607395595568545791,0.379743,0
607395595836981247,0.334742,0
607395595971198975,0.337916,0
607395596105416703,0.322072,0
607395596239634431,0.326545,0
607395596373852159,0.351808,0
607395596508069887,0.352282,0
607395596642287615,0.354941,0
607395597984464895,0.508574,0
607395598118682623,0.406183,0
607395598252900351,0.505638,0
607395598387118079,0.440231,0
607395598521335807,0.613331,0
607395598655553535,0.549127,0
607395598789771263,0.53725,0
607395599058206719,0.371146,0
607395599192424447,0.373499,0
607395599326642175,0.358498,0
607395599460859903,0.357075,0
607395599595077631,0.404696,0
607395599729295359,0.389943,0
607395599863513087,0.427741,0
607395600131948543,0.43522,0
607395600266166271,0.37694,0
607395600400383999,0.392904,0
607395600534601727,0.393613,0
607395600668819455,0.462909,0
607395600803037183,0.456692,0
607395600937254911,0.432834,0
607395601205690367,0.323651,0
607395601339908095,0.334611,0
607395601474125823,0.339868,0
607395601608343551,0.32974,0
607395601742561279,0.386358,0
607395601876779007,0.33468,0
607395602010996735,0.397781,0
607395602279432191,0.874817,0
607395602413649919,0.601139,0
607395602547867647,0.926434,0
607395602682085375,0.684268,0
607395602816303103,1.21638,0
607395602950520831,0.76634,0
607395603084738559,1.48963,0
607395603353174015,0.568945,0
607395603487391743,0.442409,0
607395603621609471,0.704383,0
607395603755827199,0.461561,0
607395603890044927,0.517926,0
607395604024262655,0.561597,0
607395604158480383,0.5609,0
607395604426915839,0.557361,0
607395604561133567,0.530275,0
607395604695351295,0.496573,0
607395604829569023,0.490849,0
607395604963786751,0.981774,0
607395605098004479,0.619597,0
607395605232222207,0.739841,0
607395606574399487,0.272809,0
607395606708617215,0.262711,0
607395606842834943,0.267362,0
607395606977052671,0.245024,0
607395607111270399,0.289244,0
607395607245488127,0.275809,0
607395607379705855,0.275034,0
607395607648141311,0.251021,0
607395607782359039,0.245667,0
607395607916576767,0.268482,0
607395608050794495,0.248008,0
607395608185012223,0.262786,0
607395608319229951,0.262626,0
607395608453447679,0.255654,0
607395608721883135,0.266234,0
607395608856100863,0.252283,0
607395608990318591,0.279872,0
607395609124536319,0.258905,0
607395609258754047,0.27827,0
607395609392971775,0.263532,0
607395609527189503,0.280933,0
607395609795624959,0.23209,0
607395609929842687,0.216913,0
607395610064060415,0.239415,0
607395610198278143,0.229494,0
607395610332495871,0.235338,0
607395610466713599,0.235009,0
607395610600931327,0.237262,0
607395610869366783,0.322924,0
607395611003584511,0.293967,0
607395611137802239,0.330765,0
607395611272019967,0.296539,0
607395611406237695,0.377025,0
607395611540455423,0.312253,0
607395611674673151,0.377779,0
607395611943108607,0.28806,0
607395612077326335,0.286093,0
607395612211544063,0.301728,0
607395612345761791,0.264038,0
607395612479979519,0.317296,0
607395612614197247,0.30385,0
607395612748414975,0.305838,0
607395613016850431,0.314711,0
607395613151068159,0.272012,0
607395613285285887,0.31673,0
607395613419503615,0.278431,0
607395613553721343,0.325862,0
607395613687939071,0.30416,0
607395613822156799,0.327418,0
607395615164334079,1.28426,0
607395615298551807,0.758465,0
607395615432769535,1.18918,0
607395615566987263,0.80776,0
607395615701204991,1.0021,0
607395615835422719,1.18385,0
607395615969640447,0.845759,0
607395616238075903,0.73155,0
607395616372293631,0.646144,0
607395616506511359,0.663946,0
607395616640729087,0.614132,0
607395616774946815,0.838006,0
607395616909164543,0.728566,0
607395617043382271,0.77727,0
607395617311817727,0.626703,0
607395617446035455,0.597999,0
607395617580253183,0.62092,0
607395617714470911,0.57529,0
607395617848688639,0.87027,0
607395617982906367,0.724239,0
607395618117124095,0.676732,0
607395618385559551,0.597257,0
607395618519777279,0.541302,0
607395618653995007,0.570739,0
607395618788212735,0.53522,0
607395618922430463,0.673037,0
607395619056648191,0.6341,0
607395619190865919,0.631734,0
607395619459301375,1.10766,0
607395619593519103,1.04497,0
607395619727736831,0.864266,0
607395619861954559,0.859883,0
607395619996172287,0.802842,0
607395620130390015,1.13541,0
607395620264607743,0.755253,0
607395620533043199,1.36367,0
607395620667260927,1.00606,0
607395620801478655,1.20447,0
607395620935696383,0.92938,0
607395621069914111,1.44121,0
607395621204131839,1.23863,0
607395621338349567,1.79931,0
607395621606785023,0.858422,0
607395621741002751,0.832954,0
607395621875220479,0.897646,0
607395622009438207,1.0189,0
607395622143655935,0.788529,0
607395622277873663,0.879649,0
607395622412091391,0.896654,0
607395623754268671,0.521782,0
607395623888486399,0.778184,0
607395624022704127,0.50009,0
607395624156921855,0.613868,0
607395624291139583,0.550609,0
607395624425357311,0.582539,0
607395624559575039,0.533994,0
607395624828010495,0.546814,0
607395624962228223,0.532022,0
607395625096445951,0.540067,0
607395625230663679,0.527127,0
607395625364881407,0.589,0
607395625499099135,0.87297,0
607395625633316863,0.681966,0
607395625901752319,0.476007,0
607395626035970047,0.475915,0
607395626170187775,0.420073,0
607395626304405503,0.436523,0
607395626438623231,0.465054,0
607395626572840959,0.559085,0
607395626707058687,0.424567,0
607395626975494143,0.423107,0
607395627109711871,0.468397,0
607395627243929599,0.407325,0
607395627378147327,0.443353,0
607395627512365055,0.475619,0
607395627646582783,0.445998,0
607395627780800511,0.452501,0
607395628049235967,0.621901,0
607395628183453695,0.602047,0
607395628317671423,0.5987,0
607395628451889151,0.600877,0
607395628586106879,0.639709,0
607395628720324607,0.644713,0
607395628854542335,0.652555,0
607395629122977791,0.58498,0
607395629257195519,0.575302,0
607395629391413247,0.549605,0
607395629525630975,0.620817,0
607395629659848703,0.589431,0
607395629794066431,0.568994,0
607395629928284159,0.634154,0
607395630196719615,0.492846,0
607395630330937343,0.49886,0
607395630465155071,0.50235,0
607395630599372799,0.483869,0
607395630733590527,0.596111,0
607395630867808255,0.533519,0
607395631002025983,0.551608,0
607395632344203263,0.716873,0
607395632478420991,0.79574,0
607395632612638719,0.764232,0
607395632746856447,1.34509,0
607395632881074175,0.667917,0
607395633015291903,1.13304,0
607395633149509631,0.727351,0
607395633417945087,1.24987,0
607395633552162815,1.22644,0
607395633686380543,0.942623,0
607395633820598271,1.24434,0
607395633954815999,0.861762,0
607395634089033727,0.753957,0
607395634223251455,0.807673,0
607395634491686911,1.22865,0
607395634625904639,1.28746,0
607395634760122367,1.13643,0
607395634894340095,1.18864,0
607395635162775551,1.26468,0
607395635565428735,0.920081,0
607395635699646463,0.611986,0
607395635833864191,0.870488,0
607395635968081919,0.597167,0
607395636102299647,1.30196,0
607395636236517375,1.0491,0
607395636370735103,1.30394,0
607395636639170559,0.967396,0
607395636773388287,0.637681,0
607395637041823743,0.784812,0
607395637176041471,1.07569,0
607395637310259199,1.20575,0
607395637444476927,0.856502,0
607395637712912383,0.895686,0
607395637847130111,0.683364,0
607395637981347839,0.802824,0
607395638115565567,0.687712,0
607395638249783295,0.768848,0
607395638384001023,1.159,0
607395638518218751,0.77489,0
607395649524072447,0.168123,0
607395649658290175,0.178291,0
607395649792507903,0.179417,0
607395649926725631,0.179743,0
607395650060943359,0.166208,0
607395650195161087,0.190748,0
607395650329378815,0.171017,0
607395650597814271,0.195032,0
607395650732031999,0.15151,0
607395650866249727,0.17512,0
607395651000467455,0.181027,0
607395651134685183,0.185228,0
607395651268902911,0.147802,0
607395651403120639,0.192065,0
607395651671556095,0.159394,0
607395651805773823,0.168247,0
607395651939991551,0.144391,0
607395652074209279,0.143469,0
607395652208427007,0.180749,0
607395652342644735,0.172361,0
607395652476862463,0.143477,0
607395652745297919,0.185983,0
607395652879515647,0.176607,0
607395653013733375,0.171289,0
607395653147951103,0.174905,0
607395653282168831,0.174031,0
607395653416386559,0.177304,0
607395653550604287,0.179363,0
607395653819039743,0.144827,0
607395653953257471,0.176784,0
607395654087475199,0.143485,0
607395654221692927,0.155081,0
607395654355910655,0.170487,0
607395654490128383,0.167661,0
607395654624346111,0.137157,0
607395654892781567,0.168922,0
607395655026999295,0.137233,0
607395655161217023,0.183296,0
607395655295434751,0.19528,0
607395655429652479,0.13364,0
607395655563870207,0.142263,0
607395655698087935,0.184128,0
607395655966523391,0.153377,0
607395656100741119,0.167622,0
607395656234958847,0.133341,0
607395656369176575,0.15661,0
607395656503394303,0.146733,0
607395656637612031,0.156167,0
607395656771829759,0.14193,0
607395658114007039,0.151853,0
607395658248224767,0.158237,0
607395658382442495,0.165519,0
607395658516660223,0.16021,0
607395658650877951,0.151079,0
607395658785095679,0.157217,0
607395658919313407,0.152189,0
607395659187748863,0.154843,0
607395659321966591,0.164355,0
607395659456184319,0.165406,0
607395659590402047,0.166792,0
607395659724619775,0.148484,0
607395659858837503,0.158317,0
607395659993055231,0.160333,0
607395660261490687,0.188283,0
607395660395708415,0.181127,0
607395660529926143,0.162424,0
607395660664143871,0.151918,0
607395660798361599,0.184191,0
607395660932579327,0.187575,0
607395661066797055,0.171093,0
607395661335232511,0.160762,0
607395661469450239,0.17957,0
607395661603667967,0.172249,0
607395661737885695,0.203702,0
607395661872103423,0.153384,0
607395662006321151,0.159349,0
607395662140538879,0.163358,0
607395662408974335,0.148798,0
607395662543192063,0.149519,0
607395662677409791,0.143516,0
607395662811627519,0.152993,0
607395662945845247,0.153563,0
607395663080062975,0.159553,0
607395663214280703,0.149648,0
607395663482716159,0.172622,0
607395663616933887,0.179823,0
607395663751151615,0.149551,0
607395663885369343,0.150645,0
607395664019587071,0.185699,0
607395664153804799,0.193735,0
607395664288022527,0.174293,0
607395664556457983,0.174347,0
607395664690675711,0.177755,0
607395664824893439,0.177144,0
607395664959111167,0.185031,0
607395665093328895,0.161394,0
607395665227546623,0.163847,0
607395665361764351,0.167822,0
607395666703941631,0.112354,0
607395666838159359,0.126782,0
607395666972377087,0.107568,0
607395667106594815,0.105483,0
607395667240812543,0.123253,0
607395667375030271,0.133563,0
607395667509247999,0.10266,0
607395667777683455,0.136863,0
607395667911901183,0.132271,0
607395668046118911,0.129505,0
607395668180336639,0.136688,0
607395668314554367,0.13843,0
607395668448772095,0.146294,0
607395668582989823,0.131046,0
607395668851425279,0.100125,0
607395668985643007,0.0963428,0
607395669119860735,0.0789452,0
607395669254078463,0.0876963,0
607395669388296191,0.0933446,0
607395669522513919,0.106618,0
607395669656731647,0.0750946,0
607395669925167103,0.107286,0
607395670059384831,0.102791,0
607395670193602559,0.103188,0
607395670327820287,0.102321,0
607395670462038015,0.114051,0
607395670596255743,0.127094,0
607395670730473471,0.107088,0
607395670998908927,0.110117,0
607395671133126655,0.110997,0
607395671267344383,0.11041,0
607395671401562111,0.111276,0
607395671535779839,0.108244,0
607395671669997567,0.116027,0
607395671804215295,0.1012,0
607395672072650751,0.128787,0
607395672206868479,0.140227,0
607395672341086207,0.117465,0
607395672475303935,0.135317,0
607395672609521663,0.116357,0
607395672743739391,0.134401,0
607395672877957119,0.116716,0
607395673146392575,0.0895511,0
607395673280610303,0.100727,0
607395673414828031,0.0767019,0
607395673549045759,0.0834121,0
607395673683263487,0.095166,0
607395673817481215,0.104976,0
607395673951698943,0.0914445,0
607395675293876223,0.135855,0
607395675428093951,0.136272,0
607395675562311679,0.12772,0
607395675696529407,0.134046,0
607395675830747135,0.138124,0
607395675964964863,0.137255,0
607395676099182591,0.133536,0
607395676367618047,0.178168,0
607395676501835775,0.184025,0
607395676636053503,0.152029,0
607395676770271231,0.149733,0
607395676904488959,0.149884,0
607395677038706687,0.155474,0
607395677172924415,0.147111,0
607395677441359871,0.107433,0
607395677575577599,0.142201,0
607395677709795327,0.0984722,0
607395677844013055,0.131526,0
607395677978230783,0.11533,0
607395678112448511,0.122062,0
607395678246666239,0.119772,0
607395678515101695,0.125455,0
607395678649319423,0.121267,0
607395678783537151,0.103494,0
607395678917754879,0.108113,0
607395679051972607,0.126983,0
607395679186190335,0.146569,0
607395679320408063,0.117393,0
607395679588843519,0.142645,0
607395679723061247,0.13666,0
607395679857278975,0.133562,0
607395679991496703,0.137153,0
607395680125714431,0.152723,0
607395680259932159,0.145228,0
607395680394149887,0.142825,0
607395680662585343,0.169394,0
607395680796803071,0.16459,0
607395680931020799,0.136459,0
607395681065238527,0.157058,0
607395681199456255,0.173733,0
607395681333673983,0.176934,0
607395681467891711,0.157589,0
607395681736327167,0.124302,0
607395681870544895,0.13314,0
607395682004762623,0.108592,0
607395682138980351,0.116603,0
607395682273198079,0.135856,0
607395682407415807,0.136098,0
607395682541633535,0.112227,0
607395683883810815,0.15115,0
607395684018028543,0.173458,0
607395684152246271,0.170092,0
607395684286463999,0.164604,0
607395684420681727,0.171149,0
607395684554899455,0.17386,0
607395684689117183,0.147493,0
607395684957552639,0.157764,0
607395685091770367,0.178128,0
607395685225988095,0.190815,0
607395685360205823,0.209104,0
607395685494423551,0.170878,0
607395685628641279,0.199257,0
607395685762859007,0.152371,0
607395686031294463,0.165733,0
607395686165512191,0.158365,0
607395686299729919,0.132856,0
607395686433947647,0.140783,0
607395686568165375,0.167033,0
607395686702383103,0.163211,0
607395686836600831,0.140977,0
607395687105036287,0.172869,0
607395687239254015,0.134533,0
607395687373471743,0.156122,0
607395687507689471,0.158683,0
607395687641907199,0.141276,0
607395687776124927,0.141822,0
607395687910342655,0.15328,0
607395688178778111,0.183277,0
607395688312995839,0.182196,0
607395688447213567,0.175537,0
607395688581431295,0.178372,0
607395688715649023,0.169255,0
607395688849866751,0.190794,0
607395688984084479,0.170669,0
607395689252519935,0.202662,0
607395689386737663,0.200809,0
607395689520955391,0.167881,0
607395689655173119,0.164877,0
607395689789390847,0.206832,0
607395689923608575,0.230782,0
607395690057826303,0.176561,0
607395690326261759,0.169217,0
607395690460479487,0.173559,0
607395690594697215,0.130732,0
607395690728914943,0.14063,0
607395690863132671,0.174726,0
607395690997350399,0.153278,0
607395691131568127,0.133619,0
607395692473745407,0.190657,0
607395692607963135,0.19816,0
607395692742180863,0.180229,0
607395692876398591,0.181962,0
607395693010616319,0.191498,0
607395693144834047,0.216144,0
607395693279051775,0.234902,0
607395693547487231,0.22491,0
607395693681704959,0.278474,0
607395693815922687,0.193783,0
607395693950140415,0.223135,0
607395694084358143,0.295278,0
607395694218575871,0.318587,0
607395694352793599,0.214123,0
607395694621229055,0.141878,0
607395694755446783,0.152306,0
607395694889664511,0.140007,0
607395695023882239,0.150462,0
607395695158099967,0.146641,0
607395695292317695,0.153384,0
607395695426535423,0.146471,0
607395695694970879,0.174156,0
607395695829188607,0.174389,0
607395695963406335,0.149864,0
607395696097624063,0.166246,0
607395696231841791,0.189878,0
607395696366059519,0.315874,0
607395696500277247,0.161595,0
607395696768712703,0.191336,0
607395696902930431,0.199365,0
607395697037148159,0.182343,0
607395697171365887,0.190989,0
607395697305583615,0.195995,0
607395697439801343,0.342241,0
607395697574019071,0.172691,0
607395697842454527,0.369297,0
607395697976672255,0.293459,0
607395698110889983,0.329632,0
607395698245107711,0.282229,0
607395698379325439,0.283996,0
607395698513543167,0.304342,0
607395698647760895,0.295859,0
607395698916196351,0.21804,0
607395699050414079,0.210612,0
607395699184631807,0.143087,0
607395699318849535,0.144899,0
607395699453067263,0.217045,0
607395699587284991,0.239917,0
607395699721502719,0.154574,0
607395701063679999,0.122729,0
607395701197897727,0.128543,0
607395701332115455,0.106776,0
607395701466333183,0.111132,0
607395701600550911,0.122682,0
607395701734768639,0.136448,0
607395701868986367,0.11671,0
607395702137421823,0.14331,0
607395702271639551,0.150194,0
607395702405857279,0.144611,0
607395702540075007,0.14477,0
607395702674292735,0.147893,0
607395702808510463,0.143006,0
607395702942728191,0.143101,0
607395703211163647,0.115028,0
607395703345381375,0.108975,0
607395703479599103,0.108193,0
607395703613816831,0.10634,0
607395703748034559,0.105226,0
607395703882252287,0.111952,0
607395704016470015,0.114924,0
607395704284905471,0.109169,0
607395704419123199,0.117191,0
607395704553340927,0.11438,0
607395704687558655,0.110361,0
607395704821776383,0.125896,0
607395704955994111,0.143382,0
607395705090211839,0.110394,0
607395705358647295,0.130852,0
607395705492865023,0.133172,0
607395705627082751,0.131587,0
607395705761300479,0.120299,0
607395705895518207,0.138533,0
607395706029735935,0.148584,0
607395706163953663,0.127389,0
607395706432389119,0.133206,0
607395706566606847,0.13649,0
607395706700824575,0.14411,0
607395706835042303,0.140529,0
607395706969260031,0.127146,0
607395707103477759,0.127232,0
607395707237695487,0.131732,0
607395707506130943,0.113106,0
607395707640348671,0.105032,0
607395707774566399,0.125763,0
607395707908784127,0.107122,0
607395708043001855,0.12232,0
607395708177219583,0.109255,0
607395708311437311,0.123436,0
607395718243549183,0.243138,0
607395718377766911,0.233507,0
607395718511984639,0.226323,0
607395718646202367,0.231272,0
607395718780420095,0.244672,0
607395718914637823,0.239536,0
607395719048855551,0.25038,0
607395719317291007,0.235368,0
607395719451508735,0.224655,0
607395719585726463,0.236871,0
607395719719944191,0.225163,0
607395719854161919,0.242698,0
607395719988379647,0.234412,0
607395720122597375,0.238551,0
607395720391032831,0.223498,0
607395720525250559,0.218657,0
607395720659468287,0.222372,0
607395720793686015,0.2221,0
607395720927903743,0.223232,0
607395721062121471,0.218992,0
607395721196339199,0.225846,0
607395721464774655,0.255792,0
607395721598992383,0.298519,0
607395721733210111,0.285968,0
607395721867427839,0.298937,0
607395722001645567,0.226551,0
607395722135863295,0.214758,0
607395722270081023,0.223603,0
607395722538516479,0.315621,0
607395722672734207,0.267086,0
607395722806951935,0.316084,0
607395722941169663,0.284049,0
607395723075387391,0.338317,0
607395723209605119,0.322442,0
607395723343822847,0.33153,0
607395723612258303,0.261429,0
607395723746476031,0.226737,0
607395723880693759,0.248828,0
607395724014911487,0.237232,0
607395724149129215,0.282464,0
607395724283346943,0.257381,0
607395724417564671,0.302167,0
607395724686000127,0.276798,0
607395724820217855,0.241001,0
607395724954435583,0.262258,0
607395725088653311,0.256227,0
607395725222871039,0.285725,0
607395725357088767,0.270286,0
607395725491306495,0.257127,0
607395726833483775,0.317038,0
607395726967701503,0.318691,0
607395727101919231,0.294589,0
607395727236136959,0.253779,0
607395727370354687,0.184013,0
607395727504572415,0.189334,0
607395727638790143,0.19378,0
607395727907225599,0.182508,0
607395728041443327,0.168578,0
607395728175661055,0.174213,0
607395728309878783,0.158173,0
607395728444096511,0.247928,0
607395728578314239,0.193986,0
607395728712531967,0.361562,0
607395728980967423,0.179692,0
607395729115185151,0.182381,0
607395729249402879,0.176934,0
607395729383620607,0.178415,0
607395729517838335,0.283198,0
607395729652056063,0.174107,0
607395729786273791,0.210974,0
607395730054709247,0.164077,0
607395730188926975,0.165262,0
607395730323144703,0.165336,0
607395730457362431,0.165456,0
607395730591580159,0.168057,0
607395730725797887,0.162819,0
607395730860015615,0.167089,0
607395731128451071,0.205783,0
607395731262668799,0.185553,0
607395731396886527,0.21568,0
607395731531104255,0.192431,0
607395731665321983,0.226462,0
607395731799539711,0.215312,0
607395731933757439,0.223137,0
607395732202192895,0.192042,0
607395732336410623,0.203067,0
607395732470628351,0.200188,0
607395732604846079,0.191966,0
607395732739063807,0.19931,0
607395732873281535,0.202488,0
607395733007499263,0.185951,0
607395733275934719,0.20459,0
607395733410152447,0.407972,0
607395733544370175,0.323883,0
607395733678587903,0.297943,0
607395733812805631,0.218847,0
607395733947023359,0.206363,0
607395734081241087,0.22266,0
607395735423418367,0.187903,0
607395735557636095,0.305507,0
607395735691853823,0.179176,0
607395735826071551,0.205438,0
607395735960289279,0.190673,0
607395736094507007,0.327134,0
607395736228724735,0.169467,0
607395736497160191,0.347745,0
607395736631377919,0.321227,0
607395736765595647,0.385551,0
607395736899813375,0.274653,0
607395737034031103,0.233693,0
607395737168248831,0.210211,0
607395737302466559,0.375447,0
607395737570902015,0.175506,0
607395737705119743,0.174892,0
607395737839337471,0.300593,0
607395737973555199,0.190826,0
607395738107772927,0.177443,0
607395738241990655,0.177933,0
607395738376208383,0.172951,0
607395738644643839,0.169515,0
607395738778861567,0.249624,0
607395738913079295,0.166336,0
607395739047297023,0.267323,0
607395739181514751,0.187222,0
607395739315732479,0.174315,0
607395739449950207,0.178097,0
607395739718385663,0.186018,0
607395739852603391,0.250985,0
607395739986821119,0.178324,0
607395740121038847,0.195895,0
607395740255256575,0.192949,0
607395740389474303,0.352507,0
607395740523692031,0.176679,0
607395740792127487,0.228011,0
607395740926345215,0.230118,0
607395741060562943,0.40693,0
607395741194780671,0.446627,0
607395741328998399,0.252429,0
607395741463216127,0.232803,0
607395741597433855,0.394136,0
607395741865869311,0.175221,0
607395742000087039,0.20258,0
607395742134304767,0.169461,0
607395742268522495,0.171171,0
607395742402740223,0.158163,0
607395742536957951,0.17572,0
607395742671175679,0.165015,0
607395744013352959,0.164827,0
607395744147570687,0.160243,0
607395744281788415,0.239711,0
607395744416006143,0.164008,0
607395744550223871,0.174879,0
607395744684441599,0.168601,0
607395744818659327,0.17832,0
607395745087094783,0.164136,0
607395745221312511,0.174797,0
607395745355530239,0.164011,0
607395745489747967,0.169243,0
607395745623965695,0.17374,0
607395745758183423,0.173725,0
607395745892401151,0.161369,0
607395746160836607,0.15164,0
607395746295054335,0.274585,0
607395746429272063,0.151286,0
607395746563489791,0.146822,0
607395746697707519,0.333101,0
607395746831925247,0.234644,0
607395746966142975,0.160138,0
607395747234578431,0.154826,0
607395747368796159,0.159445,0
607395747503013887,0.146479,0
607395747637231615,0.141741,0
607395747771449343,0.168358,0
607395747905667071,0.167287,0
607395748039884799,0.15916,0
607395748308320255,0.304566,0
607395748442537983,0.280324,0
607395748576755711,0.299296,0
607395748710973439,0.311418,0
607395748845191167,0.221369,0
607395748979408895,0.354781,0
607395749113626623,0.405312,0
607395749382062079,0.240566,0
607395749516279807,0.178043,0
607395749650497535,0.185348,0
607395749784715263,0.176502,0
607395749918932991,0.295162,0
607395750053150719,0.282966,0
607395750187368447,0.297187,0
607395750455803903,0.183077,0
607395750590021631,0.266382,0
607395750724239359,0.259258,0
607395750858457087,0.152809,0
607395750992674815,0.231018,0
607395751126892543,0.240616,0
607395751261110271,0.267561,0
607395752603287551,0.417246,0
607395752737505279,0.417753,0
607395752871723007,0.617435,0
607395753005940735,0.403283,0
607395753140158463,0.530634,0
607395753274376191,0.419671,0
607395753408593919,0.520291,0
607395753677029375,0.362023,0
607395753811247103,0.321135,0
607395753945464831,0.38797,0
607395754079682559,0.342159,0
607395754213900287,0.387963,0
607395754348118015,0.389199,0
607395754482335743,0.399663,0
607395754750771199,0.341903,0
607395754884988927,0.367434,0
607395755019206655,0.338406,0
607395755153424383,0.318204,0
607395755287642111,0.332827,0
607395755421859839,0.363144,0
607395755556077567,0.362517,0
607395755824513023,0.330817,0
607395755958730751,0.29221,0
607395756092948479,0.340306,0
607395756227166207,0.31191,0
607395756361383935,0.374771,0
607395756495601663,0.338099,0
607395756629819391,0.365676,0
607395756898254847,0.881541,0
607395757032472575,0.743727,0
607395757166690303,0.863119,0
607395757300908031,0.870606,0
607395757435125759,0.678675,0
607395757569343487,0.980611,0
607395757703561215,0.712626,0
607395757971996671,0.47659,0
607395758106214399,0.43262,0
607395758240432127,0.501871,0
607395758374649855,0.42441,0
607395758508867583,0.530749,0
607395758643085311,0.476255,0
607395758777303039,0.5843,0
607395759045738495,0.421992,0
607395759179956223,0.437183,0
607395759314173951,0.41356,0
607395759448391679,0.396709,0
607395759582609407,0.810292,0
607395759716827135,0.676195,0
607395759851044863,0.645308,0
607395761193222143,0.251893,0
607395761327439871,0.261714,0
607395761461657599,0.259875,0
607395761595875327,0.26729,0
607395761730093055,0.280843,0
607395761864310783,0.270075,0
607395761998528511,0.266913,0
607395762266963967,0.248749,0
607395762401181695,0.225763,0
607395762535399423,0.242954,0
607395762669617151,0.229097,0
607395762803834879,0.255786,0
607395762938052607,0.243193,0
607395763072270335,0.272449,0
607395763340705791,0.255315,0
607395763474923519,0.246,0
607395763609141247,0.24998,0
607395763743358975,0.233863,0
607395763877576703,0.246887,0
607395764011794431,0.266888,0
607395764146012159,0.229933,0
607395764414447615,0.236122,0
607395764548665343,0.21894,0
607395764682883071,0.236042,0
607395764817100799,0.218883,0
607395764951318527,0.257222,0
607395765085536255,0.24246,0
607395765219753983,0.248492,0
607395765488189439,0.295919,0
607395765622407167,0.283544,0
607395765756624895,0.302451,0
607395765890842623,0.285272,0
607395766025060351,0.331352,0
607395766159278079,0.303288,0
607395766293495807,0.331595,0
607395766561931263,0.276587,0
607395766696148991,0.279223,0
607395766830366719,0.269964,0
607395766964584447,0.275548,0
607395767098802175,0.316796,0
607395767233019903,0.287438,0
607395767367237631,0.276166,0
607395767635673087,0.277246,0
607395767769890815,0.276282,0
607395767904108543,0.267819,0
607395768038326271,0.258199,0
607395768172543999,0.30787,0
607395768306761727,0.286999,0
607395768440979455,0.309679,0
607395769783156735,0.28197,0
607395769917374463,0.296725,0
607395770051592191,0.396197,0
607395770185809919,0.291112,0
607395770320027647,0.308032,0
607395770454245375,0.305467,0
607395770588463103,0.311424,0
607395770856898559,0.307686,0
607395770991116287,0.357185,0
607395771125334015,0.299618,0
607395771259551743,0.287985,0
607395771393769471,0.327016,0
607395771527987199,0.307159,0
607395771662204927,0.305053,0
607395771930640383,0.200107,0
607395772064858111,0.20677,0
607395772199075839,0.183304,0
607395772333293567,0.191008,0
607395772467511295,0.212116,0
607395772601729023,0.352962,0
607395772735946751,0.198198,0
607395773004382207,0.269736,0
607395773138599935,0.268906,0
607395773272817663,0.405708,0
607395773407035391,0.46156,0
607395773541253119,0.283512,0
607395773675470847,0.264352,0
607395773809688575,0.40899,0
607395774078124031,0.297633,0
607395774212341759,0.314742,0
607395774346559487,0.293009,0
607395774480777215,0.288365,0
607395774614994943,0.311347,0
607395774749212671,0.321241,0
607395774883430399,0.281546,0
607395775151865855,0.333572,0
607395775286083583,0.347199,0
607395775420301311,0.325604,0
607395775554519039,0.340332,0
607395775688736767,0.373152,0
607395775822954495,0.35731,0
607395775957172223,0.343556,0
607395776225607679,0.340911,0
607395776359825407,0.37389,0
607395776494043135,0.197167,0
607395776628260863,0.207056,0
607395776762478591,0.249137,0
607395776896696319,0.404323,0
607395777030914047,0.285843,0
607395786963025919,0.484244,0
607395787097243647,0.572894,0
607395787231461375,0.476504,0
607395787365679103,0.500302,0
607395787499896831,0.489849,0
607395787634114559,0.538351,0
607395787768332287,0.494886,0
607395788036767743,0.62676,0
607395788170985471,0.639812,0
607395788305203199,0.597958,0
607395788439420927,0.630524,0
607395788573638655,0.660213,0
607395788707856383,0.660505,0
607395788842074111,0.576665,0
607395789110509567,0.511668,0
607395789244727295,0.513898,0
607395789378945023,0.443753,0
607395789513162751,0.480375,0
607395789647380479,0.503072,0
607395789781598207,0.48361,0
607395789915815935,0.463073,0
607395790184251391,0.624081,0
607395790318469119,0.793271,0
607395790452686847,0.511834,0
607395790586904575,0.710303,0
607395790721122303,0.606787,0
607395790855340031,0.617362,0
607395790989557759,0.5282,0
607395791257993215,0.518714,0
607395791392210943,0.511835,0
607395791526428671,0.516541,0
607395791660646399,0.501603,0
607395791794864127,0.511434,0
607395791929081855,0.504742,0
607395792063299583,0.475901,0
607395792331735039,0.554186,0
607395792465952767,0.5637,0
607395792600170495,0.498192,0
607395792734388223,0.537519,0
607395792868605951,0.557734,0
607395793002823679,0.58582,0
607395793137041407,0.523031,0
607395793405476863,0.491534,0
607395793539694591,0.492255,0
607395793673912319,0.457875,0
607395793808130047,0.497341,0
607395793942347775,0.505043,0
607395794076565503,0.499232,0
607395794210783231,0.47252,0
607395795552960511,0.806066,0
607395795687178239,0.755849,0
607395795821395967,1.18942,0
607395795955613695,0.765981,0
607395796089831423,0.844636,0
607395796224049151,1.04787,0
607395796358266879,0.873911,0
607395796626702335,0.790075,0
607395796760920063,0.999837,0
607395796895137791,0.690513,0
607395797029355519,0.628725,0
607395797432008703,0.961397,0
607395797700444159,1.1471,0
607395797834661887,0.624889,0
607395797968879615,0.719898,0
607395798103097343,0.959766,0
607395798237315071,0.895193,0
607395798371532799,0.876484,0
607395798505750527,0.610092,0
607395798774185983,0.811404,0
607395798908403711,0.596064,0
607395799042621439,0.762431,0
607395799176839167,0.563528,0
607395799311056895,0.606456,0
607395799445274623,0.634966,0
607395799579492351,0.624552,0
607395799847927807,0.662332,0
607395799982145535,1.2036,0
607395800116363263,0.768159,0
607395800250580991,1.1076,0
607395800384798719,0.803667,0
607395800519016447,0.933131,0
607395800653234175,0.65305,0
607395800921669631,0.848523,0
607395801055887359,0.770139,0
607395801190105087,0.86572,0
607395801324322815,0.955143,0
607395801458540543,0.932559,0
607395801592758271,0.816205,0
607395801726975999,1.08164,0
607395801995411455,0.927748,0
607395802129629183,0.915857,0
607395802263846911,1.07496,0
607395802398064639,0.700817,0
607395802532282367,0.706523,0
607395802666500095,0.987885,0
607395802800717823,0.807844,0
607395804142895103,0.343573,0
607395804277112831,0.353738,0
607395804411330559,0.314694,0
607395804545548287,0.366997,0
607395804679766015,0.354496,0
607395804813983743,0.384082,0
607395804948201471,0.292609,0
607395805216636927,0.405916,0
607395805350854655,0.43197,0
607395805485072383,0.426309,0
607395805619290111,0.381432,0
607395805753507839,0.412211,0
607395805887725567,0.457022,0
607395806021943295,0.467932,0
607395806290378751,0.235657,0
607395806424596479,0.281937,0
607395806558814207,0.221413,0
607395806693031935,0.250575,0
607395806827249663,0.24134,0
607395806961467391,0.312184,0
607395807095685119,0.227874,0
607395807364120575,0.319358,0
607395807498338303,0.340541,0
607395807632556031,0.306565,0
607395807766773759,0.30562,0
607395807900991487,0.325657,0
607395808035209215,0.416053,0
607395808169426943,0.343314,0
607395808437862399,0.329183,0
607395808572080127,0.397954,0
607395808706297855,0.296073,0
607395808840515583,0.300482,0
607395808974733311,0.343814,0
607395809108951039,0.375667,0
607395809243168767,0.313152,0
607395809511604223,0.387788,0
607395809645821951,0.416559,0
607395809780039679,0.426254,0
607395809914257407,0.386191,0
607395810048475135,0.410296,0
607395810182692863,0.431976,0
607395810316910591,0.434996,0
607395810585346047,0.25733,0
607395810719563775,0.251451,0
607395810853781503,0.24763,0
607395810987999231,0.234231,0
607395811122216959,0.263101,0
607395811256434687,0.239236,0
607395811390652415,0.264521,0
607395812732829695,0.436075,0
607395812867047423,0.434262,0
607395813001265151,0.400245,0
607395813135482879,0.422944,0
607395813269700607,0.437349,0
607395813403918335,0.473997,0
607395813538136063,0.43093,0
607395813806571519,0.471249,0
607395813940789247,0.735811,0
607395814075006975,0.433321,0
607395814209224703,0.509236,0
607395814343442431,0.537043,0
607395814477660159,0.70128,0
607395814611877887,0.466367,0
607395814880313343,0.357159,0
607395815014531071,0.365083,0
607395815148748799,0.340947,0
607395815282966527,0.355192,0
607395815417184255,0.361862,0
607395815551401983,0.395434,0
607395815685619711,0.354322,0
607395815954055167,0.412342,0
607395816088272895,0.489978,0
607395816222490623,0.376506,0
607395816356708351,0.446379,0
607395816490926079,0.413154,0
607395816625143807,0.486828,0
607395816759361535,0.385947,0
607395817027796991,0.480166,0
607395817162014719,0.545547,0
607395817296232447,0.458214,0
607395817430450175,0.469077,0
607395817564667903,0.500826,0
607395817698885631,0.510237,0
607395817833103359,0.476225,0
607395818101538815,0.664253,0
607395818235756543,0.587802,0
607395818369974271,0.685549,0
607395818504191999,0.63057,0
607395818638409727,0.734495,0
607395818772627455,0.987389,0
607395818906845183,0.728067,0
607395819175280639,0.392682,0
607395819309498367,0.411162,0
607395819443716095,0.428435,0
607395819577933823,0.364978,0
607395819712151551,0.404367,0
607395819846369279,0.457379,0
607395819980587007,0.445108,0
607395821322764287,0.493533,0
607395821456982015,0.51903,0
607395821591199743,0.472679,0
607395821725417471,0.520516,0
607395821859635199,0.526655,0
607395821993852927,0.494142,0
607395822128070655,0.469539,0
607395822396506111,0.501466,0
607395822530723839,0.529115,0
607395822664941567,0.510101,0
607395822799159295,0.529315,0
607395822933377023,0.509299,0
607395823067594751,0.53101,0
607395823201812479,0.510805,0
607395823470247935,0.486913,0
607395823604465663,0.514727,0
607395823738683391,0.490795,0
607395823872901119,0.481517,0
607395824007118847,0.479149,0
607395824141336575,0.502422,0
607395824275554303,0.489341,0
607395824543989759,0.513209,0
607395824678207487,0.551772,0
607395824812425215,0.525368,0
607395824946642943,0.528853,0
607395825080860671,0.523447,0
607395825215078399,0.511569,0
607395825349296127,0.536893,0
607395825617731583,0.385518,0
607395825751949311,0.403955,0
607395825886167039,0.390024,0
607395826020384767,0.401844,0
607395826154602495,0.369748,0
607395826288820223,0.397067,0
607395826423037951,0.357611,0
607395826691473407,0.458362,0
607395826825691135,0.48198,0
607395826959908863,0.493538,0
607395827094126591,0.493211,0
607395827228344319,0.443304,0
607395827362562047,0.495132,0
607395827496779775,0.448016,0
607395827765215231,0.381455,0
607395827899432959,0.433854,0
607395828033650687,0.402074,0
607395828167868415,0.43129,0
607395828302086143,0.397138,0
607395828436303871,0.390177,0
607395828570521599,0.361541,0
607395829912698879,0.684183,0
607395830046916607,0.798292,0
607395830181134335,0.681638,0
607395830315352063,0.812868,0
607395830449569791,0.655099,0
607395830583787519,0.685132,0
607395830718005247,0.63914,0
607395830986440703,0.941612,0
607395831120658431,0.957419,0
607395831254876159,1.38069,0
607395831389093887,1.24803,0
607395831523311615,0.752238,0
607395831657529343,0.781502,0
607395831791747071,0.772109,0
607395832060182527,0.64807,0
607395832194400255,0.756737,0
607395832328617983,0.619636,0
607395832462835711,0.65305,0
607395832597053439,0.642226,0
607395832731271167,0.78504,0
607395832865488895,0.642496,0
607395833133924351,1.04394,0
607395833268142079,0.841292,0
607395833402359807,1.21304,0
607395833536577535,0.8659,0
607395833670795263,1.06549,0
607395833805012991,1.28939,0
607395833939230719,0.88002,0
607395834207666175,0.602176,0
607395834341883903,0.615469,0
607395834476101631,0.592555,0
607395834610319359,0.604,0
607395834744537087,0.554715,0
607395834878754815,0.596627,0
607395835012972543,0.566652,0
607395835281407999,0.657328,0
607395835415625727,0.724217,0
607395835549843455,0.677955,0
607395835684061183,0.728705,0
607395835818278911,0.638202,0
607395835952496639,0.671382,0
607395836086714367,0.641234,0
607395836355149823,0.611966,0
607395836489367551,0.640639,0
607395836623585279,0.592494,0
607395836757803007,0.595909,0
607395836892020735,0.559899,0
607395837026238463,0.60544,0
607395837160456191,0.580237,0
607395838502633471,0.382698,0
607395838636851199,0.472344,0
607395838771068927,0.357948,0
607395838905286655,0.44275,0
607395839039504383,0.372661,0
607395839173722111,0.445429,0
607395839307939839,0.340317,0
607395839576375295,0.651081,0
607395839710593023,0.584434,0
607395839844810751,0.631034,0
607395839979028479,0.669059,0
607395840113246207,0.514093,0
607395840247463935,0.500405,0
607395840381681663,0.527783,0
607395840650117119,0.356955,0
607395840784334847,0.359861,0
607395840918552575,0.326388,0
607395841052770303,0.325853,0
607395841186988031,0.343232,0
607395841321205759,0.371464,0
607395841455423487,0.329049,0
607395841723858943,0.462148,0
607395841858076671,0.451498,0
607395841992294399,0.419655,0
607395842126512127,0.444498,0
607395842260729855,0.496102,0
607395842394947583,0.539589,0
607395842529165311,0.47415,0
607395842797600767,0.281348,0
607395842931818495,0.318115,0
607395843066036223,0.283718,0
607395843200253951,0.315152,0
607395843334471679,0.280357,0
607395843468689407,0.291336,0
607395843602907135,0.278023,0
607395843871342591,0.415773,0
607395844005560319,0.474045,0
607395844139778047,0.380949,0
607395844273995775,0.433347,0
607395844408213503,0.414495,0
607395844542431231,0.441927,0
607395844676648959,0.34786,0
607395844945084415,0.291429,0
607395845079302143,0.33177,0
607395845213519871,0.282354,0
607395845347737599,0.311587,0
607395845481955327,0.31059,0
607395845616173055,0.306055,0
607395845750390783,0.28122,0
607395858635292671,0.732399,0
607395860245905407,0.844116,0
607395860782776319,0.671588,0
607395861051211775,0.874105,0
607395861185429503,0.826246,0
607395861588082687,0.69316,0
607395861722300415,0.849066,0
607395862124953599,0.922677,0
607395862259171327,1.01732,0
607395862393389055,0.97707,0
607395862527606783,0.988503,0
607395862661824511,0.800622,0
607395862930259967,0.948765,0
607395864406654975,0.865493,0
607395864675090431,1.36837,0
607395864809308159,0.994291,0
607395864943525887,0.755978,0
607395865346179071,1.28305,0
607395865480396799,1.14055,0
607395865614614527,1.00573,0
607395865748832255,1.01548,0
607395865883049983,1.26419,0
607395866017267711,1.09885,0
607395866151485439,0.950917,0
607395866554138623,0.758306,0
607395867493662719,1.11726,0
607395867627880447,1.29547,0
607395867762098175,0.813335,0
607395867896315903,1.10341,0
607395868030533631,1.36208,0
607395868164751359,1.29718,0
607395868298969087,1.07206,0
607395868701622271,0.747418,0
607395868970057727,1.20131,0
607395869104275455,1.04955,0
607395869641146367,0.979481,0
607395869775364095,0.934392,0
607395869909581823,0.764941,0
607395870043799551,0.931266,0
607395870178017279,1.10587,0
607395870312235007,0.864152,0
607395870446452735,0.705176,0
607395874338766847,0.700187,0
607395875815161855,0.560221,0
607395876217815039,0.88769,0
607395877694210047,0.671421,0
607395877828427775,0.651744,0
607395878231080959,0.950962,0
607395878365298687,0.753137,0
607395878767951871,0.762233,0
607395878902169599,0.717992,0
607395879036387327,0.596193,0
607395879707475967,0.553472,0
607395881720741887,0.953831,0
607395881854959615,0.764277,0
607395882660265983,0.720796,0
607395883599790079,1.00874,0
607395883734007807,0.915503,0
607395883868225535,0.690788,0
607395884002443263,0.848197,0
607395884136660991,0.763058,0
607395884270878719,0.936267,0
607395884405096447,0.592717,0
607395884673531903,0.878535,0
607395884807749631,0.813263,0
607395884941967359,0.990255,0
607395885076185087,1.12641,0
607395885344620543,0.97927,0
607395885478838271,0.925757,0
607395887894757375,0.894828,0
607395888028975103,0.798344,0
607395888163192831,0.651909,0
607395888297410559,0.784495,0
607395888431628287,0.897575,0
607395888565846015,0.992312,0
607395888700063743,0.613327,0
607395890176458751,1.07223,0
607395890713329663,0.811704,0
607395891115982847,0.662551,0
607395891250200575,0.780325,0
607395891384418303,0.761544,0
607395891518636031,0.741464,0
607395891652853759,0.714737,0
607395891787071487,0.772554,0
607395891921289215,0.690792,0
607395892189724671,1.04215,0
607395892323942399,0.730868,0
607395892458160127,0.862081,0
607395892592377855,0.633647,0
607395892860813311,0.695099,0
607395892995031039,1.18176,0
607395893397684223,0.812544,0
607395893800337407,0.75054,0
607395893934555135,0.809506,0
607395894874079231,0.969947,0
607395895008296959,0.817999,0
607395895142514687,0.81334,0
607395895410950143,0.879326,0
607395895545167871,0.935151,0
607395895813603327,0.790723,0
607395895947821055,0.862022,0
607395896082038783,1.10172,0
607395896216256511,0.871863,0
607395896484691967,0.902817,0
607395896753127423,1.37293,0
607395896887345151,1.03679,0
607395897021562879,1.10296,0
607395897289998335,1.44616,0
607395898632175615,0.760667,0
607395898766393343,0.815009,0
607395898900611071,1.00082,0
607395899034828799,0.954668,0
607395899169046527,1.22216,0
607395899303264255,0.786214,0
607395899437481983,1.15132,0
607395899705917439,1.03759,0
607395899840135167,1.22248,0
607395899974352895,1.14422,0
607395900108570623,1.09917,0
607395900242788351,1.17793,0
607395900377006079,0.97713,0
607395900511223807,0.852836,0
607395900779659263,1.25067,0
607395900913876991,0.862717,0
607395901048094719,0.954622,0
607395901182312447,1.13369,0
607395901316530175,0.901703,0
607395901450747903,0.70976,0
607395901584965631,0.722485,0
607395901853401087,0.860616,0
607395901987618815,1.1043,0
607395902121836543,0.843506,0
607395902256054271,1.10084,0
607395902390271999,0.867643,0
607395902524489727,1.22348,0
607395902658707455,0.996049,0
607395902927142911,0.964593,0
607395903061360639,0.857623,0
607395903195578367,0.984275,0
607395903329796095,0.940632,0
607395903464013823,1.07775,0
607395903598231551,1.03366,0
607395903732449279,1.31604,0
607395904000884735,0.896828,0
607395904135102463,0.770416,0
607395904269320191,1.00482,0
607395904403537919,0.880659,0
607395904537755647,1.0931,0
607395904671973375,1.02523,0
607395904806191103,1.25136,0
607395905074626559,0.918056,0
607395905208844287,0.936268,0
607395905343062015,0.962693,0
607395905477279743,1.29681,0
607395905611497471,0.6822,0
607395905745715199,0.809854,0
607395905879932927,0.999169,0
607395907222110207,1.63363,0
607395907356327935,1.13589,0
607395907490545663,0.938573,0
607395907624763391,0.9156,0
607395907758981119,0.971417,0
607395907893198847,1.01116,0
607395908027416575,1.3546,0
607395908295852031,0.754451,0
607395908430069759,0.765197,0
607395908564287487,1.0202,0
607395908698505215,0.90423,0
607395908832722943,0.899364,0
607395908966940671,0.746753,0
607395909101158399,0.950686,0
607395909369593855,0.805764,0
607395909503811583,0.76402,0
607395909638029311,0.759897,0
607395909772247039,0.831602,0
607395909906464767,0.832225,0
607395910040682495,0.737643,0
607395910174900223,0.746664,0
607395910443335679,0.961717,0
607395910577553407,0.742319,0
607395910711771135,0.839644,0
607395910845988863,0.570228,0
607395910980206591,1.05932,0
607395911114424319,0.96141,0
607395911248642047,0.845829,0
607395911517077503,0.822728,0
607395911651295231,0.795777,0
607395911785512959,0.946858,0
607395911919730687,0.861851,0
607395912053948415,0.804578,0
607395912188166143,0.828196,0
607395912322383871,0.837409,0
607395912590819327,1.06444,0
607395912725037055,0.978362,0
607395912859254783,0.853281,0
607395912993472511,0.911443,0
607395913127690239,1.38814,0
607395913261907967,1.14887,0
607395913396125695,0.856764,0
607395913664561151,0.956698,0
607395913798778879,0.972434,0
607395913932996607,0.813485,0
607395914067214335,0.864279,0
607395914201432063,1.43188,0
607395914335649791,1.26628,0
607395914469867519,0.897702,0
607395924401979391,0.161403,0
607395924536197119,0.156244,0
607395924670414847,0.155183,0
607395924804632575,0.1612,0
607395924938850303,0.171866,0
607395925073068031,0.172367,0
607395925207285759,0.16192,0
607395925475721215,0.187718,0
607395925609938943,0.206048,0
607395925744156671,0.166807,0
607395925878374399,0.179589,0
607395926012592127,0.18979,0
607395926146809855,0.198895,0
607395926281027583,0.183494,0
607395926549463039,0.154516,0
607395926683680767,0.150332,0
607395926817898495,0.153531,0
607395926952116223,0.150972,0
607395927086333951,0.153655,0
607395927220551679,0.159689,0
607395927354769407,0.155583,0
607395927623204863,0.169263,0
607395927757422591,0.16274,0
607395927891640319,0.144059,0
607395928025858047,0.172958,0
607395928160075775,0.159564,0
607395928294293503,0.161624,0
607395928428511231,0.154757,0
607395928696946687,0.207893,0
607395928831164415,0.198806,0
607395928965382143,0.157252,0
607395929099599871,0.171307,0
607395929233817599,0.218071,0
607395929368035327,0.216758,0
607395929502253055,0.195582,0
607395929770688511,0.193823,0
607395929904906239,0.194967,0
607395930039123967,0.184557,0
607395930173341695,0.177707,0
607395930307559423,0.190161,0
607395930441777151,0.204208,0
607395930575994879,0.189642,0
607395930844430335,0.148892,0
607395930978648063,0.163473,0
607395931112865791,0.134622,0
607395931247083519,0.145839,0
607395931381301247,0.14443,0
607395931515518975,0.153843,0
607395931649736703,0.137379,0
607395932991913983,0.190007,0
607395933126131711,0.204095,0
607395933260349439,0.190879,0
607395933394567167,0.18305,0
607395933528784895,0.209399,0
607395933663002623,0.213091,0
607395933797220351,0.194646,0
607395934065655807,0.246081,0
607395934199873535,0.31094,0
607395934334091263,0.231513,0
607395934468308991,0.28084,0
607395934602526719,0.296629,0
607395934736744447,0.410346,0
607395934870962175,0.23625,0
607395935139397631,0.179675,0
607395935273615359,0.171227,0
607395935407833087,0.160888,0
607395935542050815,0.167696,0
607395935676268543,0.192524,0
607395935810486271,0.184974,0
607395935944703999,0.167878,0
607395936213139455,0.207104,0
607395936347357183,0.290608,0
607395936481574911,0.194148,0
607395936615792639,0.196211,0
607395936750010367,0.202183,0
607395936884228095,0.257013,0
607395937018445823,0.196424,0
607395937286881279,0.200257,0
607395937421099007,0.204649,0
607395937555316735,0.194265,0
607395937689534463,0.202443,0
607395937823752191,0.291332,0
607395937957969919,0.262136,0
607395938092187647,0.201444,0
607395938360623103,0.271105,0
607395938494840831,0.325307,0
607395938629058559,0.229281,0
607395938763276287,0.252842,0
607395938897494015,0.302232,0
607395939031711743,0.334424,0
607395939165929471,0.250867,0
607395939434364927,0.176665,0
607395939568582655,0.184397,0
607395939702800383,0.167698,0
607395939837018111,0.176075,0
607395939971235839,0.180161,0
607395940105453567,0.190408,0
607395940239671295,0.178521,0
607395941581848575,0.13759,0
607395941716066303,0.135228,0
607395941850284031,0.133972,0
607395941984501759,0.136088,0
607395942118719487,0.138239,0
607395942252937215,0.13239,0
607395942387154943,0.141403,0
607395942655590399,0.142259,0
607395942789808127,0.141044,0
607395942924025855,0.142493,0
607395943058243583,0.141544,0
607395943192461311,0.14828,0
607395943326679039,0.149615,0
607395943460896767,0.144011,0
607395943729332223,0.120005,0
607395943863549951,0.123968,0
607395943997767679,0.131492,0
607395944131985407,0.130423,0
607395944266203135,0.131216,0
607395944400420863,0.129101,0
607395944534638591,0.135996,0
607395944803074047,0.161102,0
607395944937291775,0.15756,0
607395945071509503,0.126604,0
607395945205727231,0.126591,0
607395945339944959,0.131769,0
607395945474162687,0.168374,0
607395945608380415,0.124083,0
607395945876815871,0.153082,0
607395946011033599,0.124901,0
607395946145251327,0.154232,0
607395946279469055,0.145679,0
607395946413686783,0.171407,0
607395946547904511,0.135905,0
607395946682122239,0.160407,0
607395946950557695,0.128909,0
607395947084775423,0.152801,0
607395947218993151,0.128071,0
607395947353210879,0.135232,0
607395947487428607,0.136025,0
607395947621646335,0.147812,0
607395947755864063,0.135284,0
607395948024299519,0.147422,0
607395948158517247,0.146187,0
607395948292734975,0.145982,0
607395948426952703,0.138511,0
607395948561170431,0.155572,0
607395948695388159,0.14664,0
607395948829605887,0.144914,0
607395950171783167,0.161831,0
607395950306000895,0.159641,0
607395950440218623,0.116899,0
607395950574436351,0.153801,0
607395950708654079,0.161371,0
607395950842871807,0.163446,0
607395950977089535,0.132541,0
607395951245524991,0.170834,0
607395951379742719,0.170385,0
607395951513960447,0.159273,0
607395951648178175,0.143773,0
607395951782395903,0.153068,0
607395951916613631,0.188433,0
607395952050831359,0.157786,0
607395952319266815,0.119328,0
607395952453484543,0.133463,0
607395952587702271,0.12502,0
607395952721919999,0.126017,0
607395952856137727,0.121843,0
607395952990355455,0.125249,0
607395953124573183,0.113199,0
607395953393008639,0.155848,0
607395953527226367,0.14523,0
607395953661444095,0.155317,0
607395953795661823,0.134771,0
607395953929879551,0.153988,0
607395954064097279,0.158047,0
607395954198315007,0.165764,0
607395954466750463,0.144112,0
607395954600968191,0.163386,0
607395954735185919,0.14819,0
607395954869403647,0.150224,0
607395955003621375,0.142482,0
607395955137839103,0.155295,0
607395955272056831,0.151011,0
607395955540492287,0.153752,0
607395955674710015,0.154276,0
607395955808927743,0.16902,0
607395955943145471,0.159824,0
607395956077363199,0.155996,0
607395956211580927,0.161509,0
607395956345798655,0.162703,0
607395956614234111,0.121053,0
607395956748451839,0.131994,0
607395956882669567,0.129052,0
607395957016887295,0.12404,0
607395957151105023,0.12238,0
607395957285322751,0.135213,0
607395957419540479,0.136895,0
607395958761717759,0.234589,0
607395958895935487,0.219043,0
607395959030153215,0.236954,0
607395959164370943,0.231479,0
607395959298588671,0.230165,0
607395959432806399,0.225559,0
607395959567024127,0.246212,0
607395959835459583,0.213168,0
607395959969677311,0.220415,0
607395960103895039,0.210929,0
607395960238112767,0.218014,0
607395960372330495,0.219711,0
607395960506548223,0.225623,0
607395960640765951,0.216774,0
607395960909201407,0.228952,0
607395961043419135,0.24009,0
607395961177636863,0.212962,0
607395961311854591,0.221576,0
607395961446072319,0.233109,0
607395961580290047,0.240682,0
607395961714507775,0.234973,0
607395961982943231,0.212394,0
607395962117160959,0.205019,0
607395962251378687,0.220305,0
607395962385596415,0.203763,0
607395962519814143,0.21127,0
607395962654031871,0.197086,0
607395962788249599,0.230794,0
607395963056685055,0.229152,0
607395963190902783,0.235741,0
607395963325120511,0.228378,0
607395963459338239,0.229328,0
607395963593555967,0.239891,0
607395963727773695,0.230019,0
607395963861991423,0.223259,0
607395964130426879,0.232189,0
607395964264644607,0.219286,0
607395964398862335,0.227672,0
607395964533080063,0.218438,0
607395964667297791,0.242414,0
607395964801515519,0.231653,0
607395964935733247,0.243529,0
607395965204168703,0.21592,0
607395965338386431,0.234732,0
607395965472604159,0.21955,0
607395965606821887,0.24019,0
607395965741039615,0.212463,0
607395965875257343,0.231286,0
607395966009475071,0.218016,0
607395967351652351,0.300479,0
607395967485870079,0.325114,0
607395967620087807,0.24741,0
607395967754305535,0.315115,0
607395967888523263,0.283181,0
607395968022740991,0.32618,0
607395968156958719,0.310837,0
607395968425394175,0.334502,0
607395968559611903,0.356575,0
607395968693829631,0.379521,0
607395968828047359,0.343085,0
607395968962265087,0.392635,0
607395969096482815,0.383204,0
607395969230700543,0.339475,0
607395969499135999,0.245223,0
607395969633353727,0.281807,0
607395969767571455,0.202361,0
607395969901789183,0.224514,0
607395970036006911,0.230801,0
607395970170224639,0.25185,0
607395970304442367,0.235506,0
607395970572877823,0.263441,0
607395970707095551,0.29319,0
607395970841313279,0.304866,0
607395970975531007,0.260122,0
607395971109748735,0.289333,0
607395971243966463,0.304266,0
607395971378184191,0.309404,0
607395971646619647,0.277343,0
607395971780837375,0.321576,0
607395971915055103,0.224944,0
607395972049272831,0.270931,0
607395972183490559,0.279879,0
607395972317708287,0.302367,0
607395972451926015,0.271552,0
607395972720361471,0.345213,0
607395972854579199,0.388822,0
607395972988796927,0.281403,0
607395973123014655,0.383103,0
607395973257232383,0.313052,0
607395973391450111,0.435768,0
607395973525667839,0.287423,0
607395973794103295,0.207179,0
607395973928321023,0.230168,0
607395974062538751,0.206402,0
607395974196756479,0.232135,0
607395974330974207,0.221927,0
607395974465191935,0.230687,0
607395974599409663,0.203012,0
607395975941586943,0.160049,0
607395976075804671,0.152587,0
607395976210022399,0.1961,0
607395976344240127,0.163754,0
607395976478457855,0.193086,0
607395976612675583,0.188298,0
607395976746893311,0.18276,0
607395977015328767,0.171846,0
607395977149546495,0.175169,0
607395977283764223,0.152801,0
607395977417981951,0.136214,0
607395977552199679,0.181641,0
607395977686417407,0.18946,0
607395977820635135,0.175508,0
607395978089070591,0.175261,0
607395978223288319,0.180283,0
607395978357506047,0.170838,0
607395978491723775,0.170531,0
607395978625941503,0.190486,0
607395978760159231,0.183509,0
607395978894376959,0.162943,0
607395979162812415,0.138901,0
607395979297030143,0.135412,0
607395979431247871,0.149572,0
607395979565465599,0.134048,0
607395979699683327,0.138852,0
607395979833901055,0.140424,0
607395979968118783,0.154173,0
607395980236554239,0.192293,0
607395980370771967,0.166633,0
607395980504989695,0.171979,0
607395980639207423,0.214924,0
607395980773425151,0.1698,0
607395980907642879,0.183535,0
607395981041860607,0.164229,0
607395981310296063,0.198905,0
607395981444513791,0.196767,0
607395981578731519,0.189171,0
607395981712949247,0.188107,0
607395981847166975,0.217625,0
607395981981384703,0.226394,0
607395982115602431,0.181035,0
607395982384037887,0.155706,0
607395982518255615,0.167183,0
607395982652473343,0.152319,0
607395982786691071,0.161311,0
607395982920908799,0.165406,0
607395983055126527,0.165406,0
607395983189344255,0.154609,0
607401904070197247,0.0766595,0
607401904607068159,0.0774991,0
607401904875503615,0.0770569,0
607401907291422719,0.0516794,0
607401907425640447,0.0507979,0
607401907828293631,0.0479332,0
607401907962511359,0.0555324,0
607401908365164543,0.0688844,0
607401908499382271,0.0801453,0
607401908633599999,0.0666171,0
607401908767817727,0.0882064,0
607401908902035455,0.0599862,0
607401909036253183,0.0659301,0
607401909170470911,0.0594776,0
607401937356193791,0.050935,0
607401937490411519,0.0516714,0
607401937624629247,0.0462644,0
607401937758846975,0.0488674,0
607401937893064703,0.0491856,0
607401938027282431,0.058706,0
607401938161500159,0.0481779,0
607401938429935615,0.045498,0
607401938564153343,0.052688,0
607401938698371071,0.0538393,0
607401938832588799,0.0580956,0
607401938966806527,0.0482092,0
607401939101024255,0.0493823,0
607401939235241983,0.0511388,0
607401939503677439,0.0477574,0
607401939637895167,0.0481823,0
607401939772112895,0.0433369,0
607401939906330623,0.0441992,0
607401940040548351,0.0449307,0
607401940174766079,0.0468231,0
607401940308983807,0.0443694,0
607401940577419263,0.0582808,0
607401940711636991,0.0580969,0
607401940845854719,0.0474823,0
607401940980072447,0.0663376,0
607401941114290175,0.050512,0
607401941248507903,0.0675126,0
607401941382725631,0.0473417,0
607401941651161087,0.0548202,0
607401941785378815,0.0487865,0
607401941919596543,0.0480009,0
607401942053814271,0.0481973,0
607401942188031999,0.0495428,0
607401942322249727,0.0587094,0
607401942456467455,0.0497421,0
607401942724902911,0.0460353,0
607401942859120639,0.0468828,0
607401942993338367,0.0481308,0
607401943127556095,0.0543426,0
607401943261773823,0.0429778,0
607401943395991551,0.0471389,0
607401943530209279,0.0465972,0
607401943798644735,0.0466065,0
607401943932862463,0.0450194,0
607401944067080191,0.0481095,0
607401944201297919,0.0448311,0
607401944335515647,0.0481397,0
607401944469733375,0.0475144,0
607401944603951103,0.0471312,0
607401945946128383,0.0397836,0
607401946214563839,0.047039,0
607401946482999295,0.0376762,0
607401946617217023,0.0373294,0
607401946751434751,0.0466251,0
607401948093612031,0.0499344,0
607401948362047487,0.0738738,0
607401948630482943,0.0533491,0
607401948764700671,0.0560773,0
607401948898918399,0.0685033,0
607401950241095679,0.0393182,0
607401950375313407,0.0412703,0
607401950509531135,0.0529147,0
607401950643748863,0.0441115,0
607401950777966591,0.039274,0
607401950912184319,0.0387626,0
607401951046402047,0.0526456,0
607401951314837503,0.0363835,0
607401951583272959,0.0377938,0
607401951717490687,0.0340927,0
607401951851708415,0.0348145,0
607401951985926143,0.0349163,0
607401952120143871,0.0396599,0
607401952388579327,0.0469543,0
607401952522797055,0.0490003,0
607401952657014783,0.0536226,0
607401952791232511,0.0599946,0
607401952925450239,0.0461806,0
607401953059667967,0.0488429,0
607401953193885695,0.0555668,0
607401960038989823,0.0451747,0
607401960441643007,0.0473023,0
607401960575860735,0.0440552,0
607403208666513407,0.0711334,0
607403208800731135,0.0772977,0
607403208934948863,0.0751833,0
607403209069166591,0.0741004,0
607403209203384319,0.0789413,0
607403209337602047,0.0823564,0
607403209471819775,0.0961478,0
607403209740255231,0.0753297,0
607403209874472959,0.0689444,0
607403210008690687,0.0664753,0
607403210142908415,0.0764094,0
607403210277126143,0.0745154,0
607403210411343871,0.0704512,0
607403210545561599,0.0767447,0
607403210813997055,0.0948521,0
607403210948214783,0.0713868,0
607403211350867967,0.0727682,0
607403211485085695,0.0752521,0
607403211887738879,0.0884001,0
607403212021956607,0.0622472,0
607403212156174335,0.0516745,0
607403212290392063,0.0669166,0
607403212424609791,0.0713895,0
607403212558827519,0.072685,0
607403212693045247,0.0697845,0
607403212961480703,0.089246,0
607403213095698431,0.0787135,0
607403213229916159,0.0645955,0
607403213364133887,0.0849456,0
607403213498351615,0.0748149,0
607403213632569343,0.0820876,0
607403213766787071,0.0857865,0
607403214035222527,0.0648902,0
607403214169440255,0.0806927,0
607403214303657983,0.0765035,0
607403214437875711,0.0837108,0
607403214572093439,0.0820786,0
607403214706311167,0.0688272,0
607403214840528895,0.136076,0
607403215108964351,0.0983346,0
607403215243182079,0.0825163,0
607403215377399807,0.0760785,0
607403215511617535,0.0816583,0
607403215645835263,0.0852375,0
607403215780052991,0.0775535,0
607403215914270719,0.06827,0
607403217256447999,0.0495753,0
607403217390665727,0.0571507,0
607403217524883455,0.0555569,0
607403217659101183,0.0604944,0
607403217793318911,0.0598589,0
607403217927536639,0.0497976,0
607403218061754367,0.0589418,0
607403218330189823,0.0781257,0
607403218464407551,0.076796,0
607403218598625279,0.0724532,0
607403218732843007,0.0763135,0
607403218867060735,0.062547,0
607403219001278463,0.0694967,0
607403219135496191,0.0575263,0
607403219403931647,0.0622292,0
607403219538149375,0.0640939,0
607403219672367103,0.061687,0
607403219806584831,0.0780176,0
607403219940802559,0.0618113,0
607403220075020287,0.057749,0
607403220209238015,0.0682595,0
607403220477673471,0.065064,0
607403220611891199,0.0870918,0
607403220746108927,0.082008,0
607403220880326655,0.0820063,0
607403221014544383,0.0714984,0
607403221148762111,0.0738826,0
607403221282979839,0.0656628,0
607403221551415295,0.0509518,0
607403221685633023,0.0610168,0
607403221819850751,0.0584099,0
607403221954068479,0.0586154,0
607403222088286207,0.05988,0
607403222222503935,0.0422317,0
607403222356721663,0.0674203,0
607403222625157119,0.0540262,0
607403222759374847,0.0577996,0
607403222893592575,0.0559772,0
607403223027810303,0.049239,0
607403223162028031,0.0559998,0
607403223296245759,0.0514966,0
607403223430463487,0.060617,0
607403223698898943,0.0459471,0
607403223833116671,0.0618731,0
607403223967334399,0.0530557,0
607403224101552127,0.0665808,0
607403224235769855,0.0863804,0
607403224369987583,0.0582848,0
607403224504205311,0.0595747,0
607403236181147647,0.0785418,0
607403239805026303,0.0601624,0
607403239939244031,0.0637478,0
607403240341897215,0.0595989,0
607403240476114943,0.0670443,0
607403240610332671,0.0808161,0
607403243026251775,0.082677,0
607403243160469503,0.0886894,0
607403243294687231,0.103255,0
607403243428904959,0.0768493,0
607403243563122687,0.066837,0
607403243697340415,0.0940437,0
607403243831558143,0.114852,0
607403244099993599,0.0546205,0
607403244234211327,0.08509,0
607403244368429055,0.0578197,0
607403244502646783,0.0613469,0
607403244636864511,0.0567964,0
607403244771082239,0.0627094,0
607403244905299967,0.0551387,0
607403245173735423,0.075187,0
607403245307953151,0.158905,0
607403245442170879,0.0790064,0
607403245576388607,0.0826961,0
607403245710606335,0.114973,0
607403245844824063,0.0744992,0
607403245979041791,0.0612614,0
607403246247477247,0.0552391,0
607403246381694975,0.0846144,0
607403246515912703,0.0661128,0
607403246650130431,0.07851,0
607403246784348159,0.0702466,0
607403246918565887,0.0814965,0
607403247052783615,0.0737479,0
607403247321219071,0.0556851,0
607403247455436799,0.0572794,0
607403247589654527,0.0637507,0
607403247723872255,0.0604432,0
607403247858089983,0.0603619,0
607403247992307711,0.057781,0
607403248126525439,0.0526628,0
607403248394960895,0.124044,0
607403248529178623,0.0652706,0
607403248663396351,0.0963548,0
607403248797614079,0.0631722,0
607403248931831807,0.0905858,0
607403249066049535,0.0602221,0
607403249200267263,0.0576401,0
607403249468702719,0.0500088,0
607403249602920447,0.0623444,0
607403249737138175,0.0546413,0
607403249871355903,0.0626576,0
607403250005573631,0.0586217,0
607403250139791359,0.0623492,0
607403250274009087,0.0516978,0
607403251616186367,0.0683378,0
607403251750404095,0.0675943,0
607403251884621823,0.0724512,0
607403252018839551,0.0614845,0
607403252153057279,0.0661797,0
607403252287275007,0.0585929,0
607403252421492735,0.0705293,0
607403252689928191,0.0552879,0
607403252824145919,0.0583497,0
607403252958363647,0.0542423,0
607403253092581375,0.0459246,0
607403253226799103,0.0559099,0
607403253361016831,0.0547908,0
607403253495234559,0.0678204,0
607403253763670015,0.0757367,0
607403253897887743,0.0797115,0
607403254032105471,0.079467,0
607403254166323199,0.0744756,0
607403254300540927,0.0802848,0
607403254434758655,0.0636938,0
607403254568976383,0.106031,0
607403254837411839,0.0574417,0
607403254971629567,0.0531605,0
607403255105847295,0.0623357,0
607403255240065023,0.0524159,0
607403255374282751,0.0834477,0
607403255508500479,0.0524094,0
607403255642718207,0.0724047,0
607403255911153663,0.0635032,0
607403256045371391,0.103748,0
607403256179589119,0.0635277,0
607403256313806847,0.0606471,0
607403256448024575,0.0609715,0
607403256582242303,0.0707665,0
607403256716460031,0.0641188,0
607403256984895487,0.0588859,0
607403257119113215,0.0543222,0
607403257253330943,0.0598247,0
607403257387548671,0.0680778,0
607403257521766399,0.0601299,0
607403257655984127,0.0656762,0
607403257790201855,0.0839952,0
607403258058637311,0.06723,0
607403258192855039,0.0808819,0
607403258327072767,0.0776667,0
607403258461290495,0.0758584,0
607403258595508223,0.0698741,0
607403258729725951,0.0873304,0
607403258863943679,0.079456,0
607403260206120959,0.0868972,0
607403260340338687,0.0887882,0
607403260608774143,0.103457,0
607403260742991871,0.0591804,0
607403260877209599,0.0554823,0
607403261011427327,0.0561036,0
607403261279862783,0.0704677,0
607403261414080511,0.0794263,0
607403261548298239,0.102126,0
607403261682515967,0.0701991,0
607403261816733695,0.0628171,0
607403261950951423,0.0794502,0
607403262085169151,0.059301,0
607403263964217343,0.100883,0
607403264098435071,0.0980112,0
607403264501088255,0.0560387,0
607403264635305983,0.0572544,0
607403264769523711,0.0522432,0
607403264903741439,0.0619531,0
607403265037959167,0.0478291,0
607403265172176895,0.0504711,0
607403265306394623,0.0560479,0
607403265574830079,0.0545649,0
607403265709047807,0.0913655,0
607403265843265535,0.0565515,0
607403265977483263,0.0677058,0
607403266111700991,0.0508498,0
607403266245918719,0.0541716,0
607403266380136447,0.052357,0
607403267185442815,0.0544253,0
607403267319660543,0.0527661,0
607403277385990143,0.0810827,0
607403277520207871,0.0766823,0
607403277654425599,0.0805997,0
607403277788643327,0.0794519,0
607403277922861055,0.0738786,0
607403278057078783,0.075874,0
607403278191296511,0.0789697,0
607403278459731967,0.074862,0
607403278593949695,0.0707887,0
607403278728167423,0.0764844,0
607403278862385151,0.0726972,0
607403278996602879,0.0751886,0
607403279130820607,0.0746298,0
607403279265038335,0.0761423,0
607403279533473791,0.0806161,0
607403279667691519,0.0833059,0
607403279801909247,0.0824799,0
607403279936126975,0.0829491,0
607403280070344703,0.0810796,0
607403280204562431,0.0791226,0
607403280338780159,0.0802727,0
607403280607215615,0.0894817,0
607403280741433343,0.0927889,0
607403280875651071,0.0819027,0
607403281009868799,0.0870573,0
607403281144086527,0.0817318,0
607403281278304255,0.090624,0
607403281412521983,0.0800158,0
607403281680957439,0.0720686,0
607403281815175167,0.0728068,0
607403281949392895,0.0744314,0
607403282083610623,0.073477,0
607403282217828351,0.0726769,0
607403282352046079,0.0785207,0
607403282486263807,0.0774445,0
607403282754699263,0.0779013,0
607403282888916991,0.077258,0
607403283023134719,0.0752247,0
607403283157352447,0.0753443,0
607403283291570175,0.0737024,0
607403283425787903,0.0735566,0
607403283560005631,0.0772296,0
607403283828441087,0.0788287,0
607403283962658815,0.07899,0
607403284096876543,0.0756481,0
607403284231094271,0.0791119,0
607403284365311999,0.0754571,0
607403284499529727,0.0807711,0
607403284633747455,0.0787168,0
607403285975924735,0.0723669,0
607403286110142463,0.0720372,0
607403286244360191,0.0729231,0
607403286378577919,0.0707925,0
607403286512795647,0.0683658,0
607403286647013375,0.0684404,0
607403286781231103,0.0789905,0
607403287049666559,0.0704851,0
607403287183884287,0.0683187,0
607403287318102015,0.0610652,0
607403287452319743,0.0691933,0
607403287586537471,0.0687433,0
607403287720755199,0.0726947,0
607403287854972927,0.0702342,0
607403288123408383,0.08251,0
607403288257626111,0.0786477,0
607403288391843839,0.0787959,0
607403288526061567,0.078202,0
607403288660279295,0.0841179,0
607403288794497023,0.0798645,0
607403288928714751,0.084684,0
607403289197150207,0.068306,0
607403289331367935,0.0673966,0
607403289465585663,0.0692742,0
607403289599803391,0.0687896,0
607403289734021119,0.0625891,0
607403289868238847,0.0615208,0
607403290002456575,0.0706684,0
607403290270892031,0.0769713,0
607403290405109759,0.0750491,0
607403290539327487,0.0776168,0
607403290673545215,0.0766383,0
607403290807762943,0.0768957,0
607403290941980671,0.0792267,0
607403291076198399,0.0738597,0
607403291344633855,0.0750301,0
607403291478851583,0.0741323,0
607403291613069311,0.0737633,0
607403291747287039,0.0722074,0
607403291881504767,0.0763511,0
607403292015722495,0.0756613,0
607403292149940223,0.0775415,0
607403292418375679,0.0864197,0
607403292552593407,0.0791829,0
607403292686811135,0.0929398,0
607403292821028863,0.086214,0
607403292955246591,0.0886775,0
607403293089464319,0.0852924,0
607403293223682047,0.0940047,0
607403294565859327,0.0778616,0
607403294700077055,0.0814647,0
607403294834294783,0.0772135,0
607403294968512511,0.0748061,0
607403295102730239,0.0719868,0
607403295236947967,0.0780112,0
607403295371165695,0.0790157,0
607403295639601151,0.0807754,0
607403295773818879,0.0822658,0
607403295908036607,0.0815087,0
607403296042254335,0.0815872,0
607403296176472063,0.0835476,0
607403296310689791,0.0808502,0
607403296444907519,0.0822274,0
607403296713342975,0.0822817,0
607403296847560703,0.0875541,0
607403296981778431,0.0821424,0
607403297115996159,0.0850334,0
607403297250213887,0.0748748,0
607403297384431615,0.0769423,0
607403297518649343,0.0755815,0
607403297787084799,0.0839669,0
607403297921302527,0.0822942,0
607403298055520255,0.0813559,0
607403298189737983,0.0789821,0
607403298323955711,0.0820385,0
607403298458173439,0.0821106,0
607403298592391167,0.0825815,0
607403298860826623,0.0849692,0
607403298995044351,0.075773,0
607403299129262079,0.0845915,0
607403299263479807,0.0791076,0
607403299397697535,0.0765718,0
607403299531915263,0.0815744,0
607403299666132991,0.0801929,0
607403299934568447,0.0824868,0
607403300068786175,0.0804695,0
607403300203003903,0.0755713,0
607403300337221631,0.0803356,0
607403300471439359,0.0756913,0
607403300605657087,0.0831506,0
607403300739874815,0.074036,0
607403301008310271,0.083018,0
607403301142527999,0.0779858,0
607403301276745727,0.0934378,0
607403301410963455,0.0797403,0
607403301545181183,0.0877715,0
607403301679398911,0.082952,0
607403301813616639,0.0925869,0
607403303155793919,0.0912181,0
607403303290011647,0.0747134,0
607403303424229375,0.0920299,0
607403303558447103,0.0781851,0
607403303692664831,0.0891901,0
607403303826882559,0.0846415,0
607403303961100287,0.0914519,0
607403304229535743,0.0765376,0
607403304363753471,0.077184,0
607403304497971199,0.0794643,0
607403304632188927,0.0831544,0
607403304766406655,0.0835276,0
607403304900624383,0.0784418,0
607403305034842111,0.0787705,0
607403305303277567,0.0881085,0
607403305437495295,0.0768773,0
607403305571713023,0.0944269,0
607403305705930751,0.0778143,0
607403305840148479,0.0939997,0
607403305974366207,0.0830761,0
607403306108583935,0.0911741,0
607403306377019391,0.0744111,0
607403306511237119,0.0786318,0
607403306645454847,0.0732733,0
607403306779672575,0.0736377,0
607403306913890303,0.0749083,0
607403307048108031,0.0773479,0
607403307182325759,0.0820828,0
607403307450761215,0.0810251,0
607403307584978943,0.0874762,0
607403307719196671,0.0809455,0
607403307853414399,0.0897388,0
607403307987632127,0.0832367,0
607403308121849855,0.0790602,0
607403308256067583,0.0814818,0
607403308524503039,0.0944059,0
607403308658720767,0.0877233,0
607403308792938495,0.0883721,0
607403308927156223,0.0822794,0
607403309061373951,0.093802,0
607403309195591679,0.0909541,0
607403309329809407,0.0918418,0
607403309598244863,0.0801767,0
607403309732462591,0.088472,0
607403309866680319,0.0825706,0
607403310000898047,0.0896197,0
607403310135115775,0.0788196,0
607403310269333503,0.0803961,0
607403310403551231,0.0832249,0
607403311745728511,0.0657219,0
607403311879946239,0.0741936,0
607403312014163967,0.0565113,0
607403312148381695,0.0705438,0
607403312282599423,0.0565978,0
607403312416817151,0.0703546,0
607403312551034879,0.0576133,0
607403312819470335,0.0669113,0
607403312953688063,0.0722108,0
607403313087905791,0.074004,0
607403313222123519,0.0743032,0
607403313356341247,0.0739996,0
607403313490558975,0.0746215,0
607403313624776703,0.0691909,0
607403313893212159,0.0700558,0
607403314027429887,0.068999,0
607403314161647615,0.0648007,0
607403314295865343,0.0696239,0
607403314430083071,0.0586211,0
607403314564300799,0.0673383,0
607403314698518527,0.0622457,0
607403314966953983,0.0646153,0
607403315101171711,0.0681323,0
607403315235389439,0.0659085,0
607403315369607167,0.0699096,0
607403315503824895,0.0728632,0
607403315638042623,0.067066,0
607403315772260351,0.0629485,0
607403316040695807,0.0595322,0
607403316174913535,0.0617601,0
607403316309131263,0.0571961,0
607403316443348991,0.062777,0
607403316577566719,0.059177,0
607403316711784447,0.0603197,0
607403316846002175,0.0534935,0
607403317114437631,0.0662047,0
607403317248655359,0.0748166,0
607403317382873087,0.0617505,0
607403317517090815,0.068063,0
607403317651308543,0.0682165,0
607403317785526271,0.0737119,0
607403317919743999,0.0669092,0
607403318188179455,0.0544042,0
607403318322397183,0.0594717,0
607403318456614911,0.0563231,0
607403318590832639,0.0598089,0
607403318725050367,0.0547801,0
607403318859268095,0.0538075,0
607403318993485823,0.0542761,0
607403320335663103,0.0694486,0
607403320469880831,0.070138,0
607403320604098559,0.0715687,0
607403320738316287,0.0700426,0
607403320872534015,0.0712312,0
607403321006751743,0.0732005,0
607403321140969471,0.0727215,0
607403321409404927,0.0720014,0
607403321543622655,0.0763969,0
607403321677840383,0.071062,0
607403321812058111,0.0763927,0
607403321946275839,0.0706213,0
607403322080493567,0.0814295,0
607403322214711295,0.0686166,0
607403322483146751,0.0710316,0
607403322617364479,0.0674273,0
607403322751582207,0.0781054,0
607403322885799935,0.0765787,0
607403323020017663,0.0717512,0
607403323154235391,0.0729834,0
607403323288453119,0.0711039,0
607403323556888575,0.0758338,0
607403323691106303,0.0729495,0
607403323825324031,0.0819028,0
607403323959541759,0.0832222,0
607403324093759487,0.0730957,0
607403324227977215,0.0770155,0
607403324362194943,0.072095,0
607403324630630399,0.0694094,0
607403324764848127,0.0695947,0
607403324899065855,0.0714713,0
607403325033283583,0.0778013,0
607403325167501311,0.0699526,0
607403325301719039,0.0739675,0
607403325435936767,0.0725062,0
607403325704372223,0.0744149,0
607403325838589951,0.0737228,0
607403325972807679,0.071707,0
607403326107025407,0.0738922,0
607403326241243135,0.0735924,0
607403326375460863,0.0733446,0
607403326509678591,0.0757472,0
607403326778114047,0.0686096,0
607403326912331775,0.0730288,0
607403327046549503,0.0703851,0
607403327180767231,0.0716372,0
607403327314984959,0.0785363,0
607403327449202687,0.0772824,0
607403327583420415,0.0691929,0
607403328925597695,0.0661391,0
607403329059815423,0.0636276,0
607403329194033151,0.062568,0
607403329328250879,0.063502,0
607403329462468607,0.0553935,0
607403329596686335,0.0600264,0
607403329730904063,0.0572368,0
607403329999339519,0.082224,0
607403330133557247,0.0781806,0
607403330267774975,0.0823923,0
607403330401992703,0.0803575,0
607403330536210431,0.0632988,0
607403330670428159,0.0747495,0
607403330804645887,0.0671542,0
607403331073081343,0.0698208,0
607403331207299071,0.0639229,0
607403331341516799,0.0709135,0
607403331475734527,0.0690027,0
607403331609952255,0.0590542,0
607403331744169983,0.0670215,0
607403331878387711,0.0566389,0
607403332146823167,0.0798878,0
607403332281040895,0.0807784,0
607403332415258623,0.0809735,0
607403332549476351,0.0775112,0
607403332683694079,0.080063,0
607403332817911807,0.0837982,0
607403332952129535,0.0682686,0
607403333220564991,0.0553409,0
607403333354782719,0.0534016,0
607403333489000447,0.0583721,0
607403333623218175,0.0530895,0
607403333757435903,0.0523338,0
607403333891653631,0.0430527,0
607403334025871359,0.0588056,0
607403334294306815,0.0512209,0
607403334428524543,0.0582742,0
607403334562742271,0.0512339,0
607403334696959999,0.0610202,0
607403334831177727,0.052214,0
607403334965395455,0.0618522,0
607403335099613183,0.0491589,0
607403335368048639,0.0557309,0
607403335502266367,0.0553025,0
607403335636484095,0.0556134,0
607403335770701823,0.0484273,0
607403335904919551,0.0601777,0
607403336039137279,0.0542464,0
607403336173355007,0.0632783,0
607403449721552895,0.106636,0
607403449855770623,0.104378,0
607403450258423807,0.0937184,0
607403450392641535,0.0972459,0
607403450661076991,0.0997593,0
607403450795294719,0.0935619,0
607403450929512447,0.0883727,0
607403451063730175,0.0959474,0
607403453479649279,0.0924991,0
607403453613867007,0.110461,0
607403454016520191,0.0874808,0
607403454150737919,0.0892834,0
607403454284955647,0.0862737,0
607403454553391103,0.0884376,0
607403454687608831,0.0824133,0
607403454821826559,0.105614,0
607403454956044287,0.0950238,0
607403455090262015,0.0944785,0
607403455224479743,0.0868167,0
607403455358697471,0.0982789,0
607403457774616575,0.0890985,0
607403457908834303,0.0983824,0
607403458043052031,0.0899817,0
607403458177269759,0.0995716,0
607403458311487487,0.0812336,0
607403458445705215,0.0904207,0
607403458579922943,0.0872464,0
607403458848358399,0.0897988,0
607403458982576127,0.0853357,0
607403459116793855,0.0910595,0
607403459251011583,0.0843258,0
607403459385229311,0.0970076,0
607403459519447039,0.0840077,0
607403459653664767,0.0967271,0
607403460995842047,0.0864015,0
607403461130059775,0.0884977,0
607403461532712959,0.0928105,0
607403461666930687,0.086806,0
607403462069583871,0.0891862,0
607403462203801599,0.0831685,0
607403462338019327,0.0981542,0
607403462472237055,0.0874753,0
607403462606454783,0.0872321,0
607403462740672511,0.0849538,0
607403462874890239,0.0920875,0
607403463143325695,0.0862733,0
607403463277543423,0.0930852,0
607403463411761151,0.0798374,0
607403463545978879,0.0948967,0
607403463680196607,0.083879,0
607403463814414335,0.0893569,0
607403463948632063,0.0858002,0
607403464351285247,0.0940535,0
607403464753938431,0.0950668,0
607403464888156159,0.0873308,0
607403483544420351,0.0469224,0
607403483678638079,0.0547237,0
607403483812855807,0.0466439,0
607403483947073535,0.0555548,0
607403484081291263,0.0514119,0
607403484215508991,0.0451397,0
607403484349726719,0.0512201,0
607403484618162175,0.0478334,0
607403484752379903,0.0461689,0
607403484886597631,0.0481438,0
607403485020815359,0.0711283,0
607403485155033087,0.0445498,0
607403485289250815,0.0604976,0
607403485423468543,0.0513619,0
607403485691903999,0.0453255,0
607403485826121727,0.0519176,0
607403485960339455,0.0450133,0
607403486094557183,0.0567675,0
607403486228774911,0.0505019,0
607403486362992639,0.0506828,0
607403486497210367,0.0532935,0
607403486765645823,0.0446369,0
607403486899863551,0.057303,0
607403487034081279,0.0514101,0
607403487168299007,0.0557066,0
607403487302516735,0.0527129,0
607403487436734463,0.0730847,0
607403487570952191,0.0516128,0
607403487839387647,0.0527056,0
607403487973605375,0.0542417,0
607403488107823103,0.0498579,0
607403488242040831,0.0500974,0
607403488376258559,0.0436791,0
607403488510476287,0.042528,0
607403488644694015,0.0469162,0
607403488913129471,0.0435085,0
607403489047347199,0.0469435,0
607403489181564927,0.0470089,0
607403489315782655,0.041153,0
607403489450000383,0.0505086,0
607403489584218111,0.0454943,0
607403489718435839,0.0506697,0
607403489986871295,0.0469231,0
607403490121089023,0.0496457,0
607403490255306751,0.0448545,0
607403490389524479,0.0545455,0
607403490523742207,0.0468492,0
607403490657959935,0.0489198,0
607403490792177663,0.0470208,0
607403492134354943,0.0521478,0
607403492268572671,0.0458875,0
607403492402790399,0.053299,0
607403492537008127,0.0525042,0
607403492671225855,0.0501319,0
607403492805443583,0.0434701,0
607403492939661311,0.0476529,0
607403493208096767,0.0521507,0
607403493342314495,0.0560472,0
607403493476532223,0.0520335,0
607403493610749951,0.0493844,0
607403493744967679,0.0429097,0
607403493879185407,0.0524474,0
607403494013403135,0.0398345,0
607403494281838591,0.0551751,0
607403494416056319,0.058684,0
607403494550274047,0.0579513,0
607403494684491775,0.0522133,0
607403494818709503,0.0557141,0
607403494952927231,0.0563023,0
607403495087144959,0.0572095,0
607403495355580415,0.0539331,0
607403495489798143,0.0566567,0
607403495624015871,0.0527275,0
607403495758233599,0.0545579,0
607403495892451327,0.0537294,0
607403496026669055,0.0497797,0
607403496160886783,0.0525109,0
607403496429322239,0.0487232,0
607403496563539967,0.0524467,0
607403496697757695,0.0455507,0
607403496831975423,0.0502764,0
607403496966193151,0.0556428,0
607403497100410879,0.0513063,0
607403497234628607,0.0419488,0
607403497503064063,0.0517311,0
607403497637281791,0.0568775,0
607403497771499519,0.0453268,0
607403497905717247,0.0510371,0
607403498039934975,0.0477439,0
607403498174152703,0.051699,0
607403498308370431,0.0537147,0
607403498576805887,0.049827,0
607403498711023615,0.0520104,0
607403498845241343,0.0542561,0
607403498979459071,0.0547275,0
607403499113676799,0.0503169,0
607403499247894527,0.0519959,0
607403499382112255,0.0497817,0
607403500724289535,0.0570255,0
607403500858507263,0.0584995,0
607403500992724991,0.049742,0
607403501126942719,0.0549358,0
607403501261160447,0.0489984,0
607403501395378175,0.0558117,0
607403501529595903,0.0468678,0
607403501798031359,0.0529529,0
607403501932249087,0.0651801,0
607403502066466815,0.0464989,0
607403502200684543,0.0663841,0
607403502334902271,0.0481041,0
607403502469119999,0.0574308,0
607403502603337727,0.0540504,0
607403502871773183,0.0562792,0
607403503005990911,0.057629,0
607403503140208639,0.0527158,0
607403503274426367,0.058202,0
607403503408644095,0.048906,0
607403503542861823,0.0550504,0
607403503677079551,0.0484871,0
607403503945515007,0.0649466,0
607403504079732735,0.0716631,0
607403504213950463,0.0565066,0
607403504348168191,0.0667385,0
607403504482385919,0.0472022,0
607403504616603647,0.0644113,0
607403504750821375,0.0521023,0
607403505019256831,0.0469107,0
607403505153474559,0.0458266,0
607403505287692287,0.0445777,0
607403505421910015,0.0471717,0
607403505556127743,0.0435756,0
607403505690345471,0.0464646,0
607403505824563199,0.0432382,0
607403506092998655,0.0471275,0
607403506227216383,0.0512448,0
607403506361434111,0.0436333,0
607403506495651839,0.051846,0
607403506629869567,0.0455866,0
607403506764087295,0.054691,0
607403506898305023,0.0447117,0
607403507166740479,0.055982,0
607403507300958207,0.052274,0
607403507435175935,0.0535402,0
607403507569393663,0.053082,0
607403507703611391,0.0446003,0
607403507837829119,0.0503204,0
607403507972046847,0.0469094,0
607403509314224127,0.04652,0
607403509448441855,0.0660873,0
607403509582659583,0.0469525,0
607403509716877311,0.0573143,0
607403509851095039,0.0550966,0
607403509985312767,0.0571906,0
607403510119530495,0.0655482,0
607403510387965951,0.0569689,0
607403510522183679,0.0559999,0
607403510656401407,0.0542316,0
607403510790619135,0.0501525,0
607403510924836863,0.0612279,0
607403511059054591,0.0517018,0
607403511193272319,0.0594379,0
607403511461707775,0.058094,0
607403511595925503,0.0587655,0
607403511730143231,0.0558308,0
607403511864360959,0.0575631,0
607403511998578687,0.058959,0
607403512132796415,0.0589362,0
607403512267014143,0.0653885,0
607403512535449599,0.0475835,0
607403512669667327,0.0495094,0
607403512803885055,0.0433587,0
607403512938102783,0.0483456,0
607403513072320511,0.0589039,0
607403513206538239,0.0520783,0
607403513340755967,0.0645268,0
607403513609191423,0.0524442,0
607403513743409151,0.063053,0
607403513877626879,0.0471092,0
607403514011844607,0.067223,0
607403514146062335,0.0560621,0
607403514280280063,0.0540427,0
607403514414497791,0.0613466,0
607403514682933247,0.0531677,0
607403514817150975,0.0590675,0
607403514951368703,0.0514163,0
607403515085586431,0.0593019,0
607403515219804159,0.0552866,0
607403515354021887,0.0572397,0
607403515488239615,0.0569206,0
607403515756675071,0.059471,0
607403515890892799,0.0722461,0
607403516025110527,0.0624517,0
607403516159328255,0.0688663,0
607403516293545983,0.0581481,0
607403516427763711,0.0661261,0
607403516561981439,0.0620656,0
607403517904158719,0.0518657,0
607403518038376447,0.054059,0
607403518172594175,0.0477737,0
607403518306811903,0.050094,0
607403518441029631,0.0517296,0
607403518575247359,0.0519862,0
607403518709465087,0.0483741,0
607403518977900543,0.0499782,0
607403519112118271,0.0488607,0
607403519246335999,0.0508862,0
607403519380553727,0.0490387,0
607403519514771455,0.0490962,0
607403519648989183,0.0469331,0
607403519783206911,0.0522982,0
607403520051642367,0.0487424,0
607403520185860095,0.0530018,0
607403520320077823,0.0482496,0
607403520454295551,0.0507374,0
607403520588513279,0.0447561,0
607403520722731007,0.0455009,0
607403520856948735,0.0463622,0
607403521125384191,0.0488779,0
607403521259601919,0.0516174,0
607403521393819647,0.045022,0
607403521528037375,0.0484064,0
607403521662255103,0.0502653,0
607403521796472831,0.0497117,0
607403521930690559,0.0504817,0
607403522199126015,0.0477003,0
607403522333343743,0.0492678,0
607403522467561471,0.0451245,0
607403522601779199,0.0491532,0
607403522735996927,0.0478529,0
607403522870214655,0.0466634,0
607403523004432383,0.0471069,0
607403523272867839,0.0487915,0
607403523407085567,0.0457841,0
607403523541303295,0.0502464,0
607403523675521023,0.049549,0
607403523809738751,0.0440087,0
607403523943956479,0.0447141,0
607403524078174207,0.0476448,0
607403524346609663,0.0454133,0
607403524480827391,0.0445729,0
607403524615045119,0.0425355,0
607403524749262847,0.0467693,0
607403524883480575,0.0437605,0
607403525017698303,0.0444971,0
607403525151916031,0.0474255,0
607403526494093311,0.0474843,0
607403526628311039,0.0494666,0
607403526762528767,0.0526282,0
607403526896746495,0.0522303,0
607403527030964223,0.0469476,0
607403527165181951,0.0476227,0
607403527299399679,0.0506747,0
607403527567835135,0.046272,0
607403527702052863,0.0519501,0
607403527836270591,0.051106,0
607403527970488319,0.0531579,0
607403528104706047,0.0474021,0
607403528238923775,0.0437804,0
607403528373141503,0.0455394,0
607403528641576959,0.0501727,0
607403528775794687,0.0422234,0
607403528910012415,0.0482439,0
607403529044230143,0.04558,0
607403529178447871,0.0530883,0
607403529312665599,0.0494765,0
607403529446883327,0.0543876,0
607403529715318783,0.0457338,0
607403529849536511,0.046896,0
607403529983754239,0.0471418,0
607403530117971967,0.0516996,0
607403530252189695,0.0465763,0
607403530386407423,0.0526042,0
607403530520625151,0.0473372,0
607403530789060607,0.0428485,0
607403530923278335,0.042811,0
607403531057496063,0.0470507,0
607403531191713791,0.0478486,0
607403531325931519,0.0410805,0
607403531460149247,0.0426818,0
607403531594366975,0.0465138,0
607403531862802431,0.0408066,0
607403531997020159,0.042162,0
607403532131237887,0.0448729,0
607403532265455615,0.043216,0
607403532399673343,0.0398565,0
607403532533891071,0.0376959,0
607403532668108799,0.0425374,0
607403532936544255,0.0484484,0
607403533070761983,0.0467659,0
607403533204979711,0.0497012,0
607403533339197439,0.0455408,0
607403533473415167,0.048989,0
607403533607632895,0.0485768,0
607403533741850623,0.0506893,0
607403535084027903,0.0446001,0
607403535218245631,0.0464967,0
607403535352463359,0.0457324,0
607403535486681087,0.0482886,0
607403535620898815,0.047104,0
607403535755116543,0.0484473,0
607403535889334271,0.0452689,0
607403536157769727,0.0452113,0
607403536291987455,0.0471029,0
607403536426205183,0.0426299,0
607403536560422911,0.0469395,0
607403536694640639,0.0446634,0
607403536828858367,0.0442534,0
607403536963076095,0.0421356,0
607403537231511551,0.0471108,0
607403537365729279,0.0410272,0
607403537499947007,0.04426,0
607403537634164735,0.0435709,0
607403537768382463,0.0430602,0
607403537902600191,0.0436965,0
607403538036817919,0.0428349,0
607403538305253375,0.0400481,0
607403538439471103,0.0437506,0
607403538573688831,0.041762,0
607403538707906559,0.0449738,0
607403538842124287,0.0466748,0
607403538976342015,0.0445119,0
607403539110559743,0.045557,0
607403539378995199,0.0458487,0
607403539513212927,0.0441123,0
607403539647430655,0.0440184,0
607403539781648383,0.0427639,0
607403539915866111,0.0448047,0
607403540050083839,0.0450294,0
607403540184301567,0.0452023,0
607403540452737023,0.0452811,0
607403540586954751,0.0461602,0
607403540721172479,0.0437303,0
607403540855390207,0.042043,0
607403540989607935,0.048332,0
607403541123825663,0.0465196,0
607403541258043391,0.0434229,0
607403541526478847,0.0441952,0
607403541660696575,0.0449951,0
607403541794914303,0.044262,0
607403541929132031,0.0429331,0
607403542063349759,0.0428294,0
607403542197567487,0.0462682,0
607403542331785215,0.042845,0
607403552263897087,0.0619293,0
607403552398114815,0.0649313,0
607403552532332543,0.0611898,0
607403552666550271,0.0654321,0
607403552800767999,0.0576573,0
607403552934985727,0.0602349,0
607403553069203455,0.0782011,0
607403553337638911,0.0640738,0
607403553471856639,0.0638763,0
607403553606074367,0.0639638,0
607403553740292095,0.0669154,0
607403553874509823,0.0610885,0
607403554008727551,0.0607189,0
607403554142945279,0.0643501,0
607403554411380735,0.0625959,0
607403554545598463,0.0658695,0
607403554679816191,0.0595761,0
607403554814033919,0.0609343,0
607403554948251647,0.0586562,0
607403555082469375,0.0630696,0
607403555216687103,0.0824726,0
607403555485122559,0.0598809,0
607403555619340287,0.0943088,0
607403555753558015,0.0821653,0
607403555887775743,0.0991613,0
607403556021993471,0.0625524,0
607403556156211199,0.0661163,0
607403556290428927,0.0687809,0
607403556558864383,0.0460512,0
607403556693082111,0.0429051,0
607403556827299839,0.0511522,0
607403556961517567,0.0409258,0
607403557095735295,0.040117,0
607403557229953023,0.0393416,0
607403557364170751,0.0621928,0
607403557632606207,0.05011,0
607403557766823935,0.0564266,0
607403557901041663,0.0612705,0
607403558035259391,0.0560555,0
607403558169477119,0.0499513,0
607403558303694847,0.0540741,0
607403558437912575,0.050881,0
607403558706348031,0.0477235,0
607403558840565759,0.050517,0
607403558974783487,0.0529496,0
607403559109001215,0.0480031,0
607403559243218943,0.055098,0
607403559377436671,0.0600064,0
607403559511654399,0.0494964,0
607403560853831679,0.062704,0
607403560988049407,0.0619415,0
607403561122267135,0.0554894,0
607403561256484863,0.0614913,0
607403561390702591,0.0646444,0
607403561524920319,0.0646336,0
607403561659138047,0.084095,0
607403561927573503,0.0661387,0
607403562061791231,0.0691751,0
607403562196008959,0.0695573,0
607403562330226687,0.0677921,0
607403562464444415,0.0647602,0
607403562598662143,0.067359,0
607403562732879871,0.0643022,0
607403563001315327,0.0573875,0
607403563135533055,0.0570665,0
607403563269750783,0.0606146,0
607403563403968511,0.0586125,0
607403563538186239,0.0588894,0
607403563672403967,0.057782,0
607403563806621695,0.0612289,0
607403564075057151,0.0635585,0
607403564209274879,0.0674323,0
607403564343492607,0.0626805,0
607403564477710335,0.0629782,0
607403564611928063,0.0647653,0
607403564746145791,0.0676529,0
607403564880363519,0.0596883,0
607403565148798975,0.0606498,0
607403565283016703,0.0636635,0
607403565417234431,0.0663867,0
607403565551452159,0.0627235,0
607403565685669887,0.0593386,0
607403565819887615,0.0602142,0
607403565954105343,0.0665873,0
607403566222540799,0.0590106,0
607403566356758527,0.0598515,0
607403566490976255,0.0627584,0
607403566625193983,0.0651914,0
607403566759411711,0.0565931,0
607403566893629439,0.057688,0
607403567027847167,0.0820508,0
607403567296282623,0.0599549,0
607403567430500351,0.0595702,0
607403567564718079,0.0614485,0
607403567698935807,0.0821217,0
607403567833153535,0.0822507,0
607403567967371263,0.0637481,0
607403568101588991,0.125318,0
607403569443766271,0.0481072,0
607403569577983999,0.0552313,0
607403569712201727,0.0490445,0
607403569846419455,0.049581,0
607403569980637183,0.0485888,0
607403570114854911,0.0416784,0
607403570249072639,0.0552085,0
607403570517508095,0.0565793,0
607403570651725823,0.0589405,0
607403570785943551,0.0551576,0
607403570920161279,0.0575466,0
607403571054379007,0.0718981,0
607403571188596735,0.058177,0
607403571322814463,0.0858705,0
607403571591249919,0.0497979,0
607403571725467647,0.0680365,0
607403571859685375,0.0524454,0
607403571993903103,0.0868137,0
607403572128120831,0.0550432,0
607403572262338559,0.0501295,0
607403572396556287,0.060624,0
607403572664991743,0.0558456,0
607403572799209471,0.0564018,0
607403572933427199,0.0604732,0
607403573067644927,0.06877,0
607403573201862655,0.0503449,0
607403573336080383,0.0618677,0
607403573470298111,0.061725,0
607403573738733567,0.0968635,0
607403573872951295,0.0548866,0
607403574007169023,0.0873701,0
607403574141386751,0.0543228,0
607403574275604479,0.0719176,0
607403574409822207,0.0545946,0
607403574544039935,0.0548963,0
607403574812475391,0.0525405,0
607403574946693119,0.0729474,0
607403575080910847,0.0476617,0
607403575215128575,0.0765686,0
607403575349346303,0.0596304,0
607403575483564031,0.04639,0
607403575617781759,0.0536009,0
607403575886217215,0.0865538,0
607403576020434943,0.0732977,0
607403576154652671,0.0566915,0
607403576288870399,0.0582814,0
607403576423088127,0.0561516,0
607403576557305855,0.0553306,0
607403576691523583,0.0598963,0
607403578033700863,0.0569981,0
607403578167918591,0.0594653,0
607403578302136319,0.0522994,0
607403578436354047,0.0535433,0
607403578570571775,0.0617294,0
607403578704789503,0.0622167,0
607403578839007231,0.0611964,0
607403579107442687,0.0548915,0
607403579241660415,0.0515287,0
607403579375878143,0.0538515,0
607403579510095871,0.0476788,0
607403579644313599,0.0588521,0
607403579778531327,0.0607338,0
607403579912749055,0.0611596,0
607403580181184511,0.0499691,0
607403580315402239,0.049305,0
607403580449619967,0.0560181,0
607403580583837695,0.0503447,0
607403580718055423,0.0558047,0
607403580852273151,0.0535114,0
607403580986490879,0.0576429,0
607403581254926335,0.0454822,0
607403581389144063,0.0466492,0
607403581523361791,0.0481537,0
607403581657579519,0.043858,0
607403581791797247,0.0516617,0
607403581926014975,0.0455521,0
607403582060232703,0.0485776,0
607403582328668159,0.0596379,0
607403582462885887,0.0627053,0
607403582597103615,0.0583976,0
607403582731321343,0.0605119,0
607403582865539071,0.0612841,0
607403582999756799,0.0605384,0
607403583133974527,0.0584803,0
607403583402409983,0.0558136,0
607403583536627711,0.061943,0
607403583670845439,0.0651762,0
607403583805063167,0.0569253,0
607403583939280895,0.0609189,0
607403584073498623,0.0586812,0
607403584207716351,0.0692983,0
607403584476151807,0.0589138,0
607403584610369535,0.0565256,0
607403584744587263,0.0567702,0
607403584878804991,0.0598641,0
607403585013022719,0.0584202,0
607403585147240447,0.0587439,0
607403585281458175,0.0574332,0
607403586623635455,0.0488105,0
607403586757853183,0.0425966,0
607403586892070911,0.049353,0
607403587026288639,0.0486598,0
607403587160506367,0.0466674,0
607403587294724095,0.0479427,0
607403587428941823,0.05399,0
607403587697377279,0.0458735,0
607403587831595007,0.0333386,0
607403587965812735,0.0436571,0
607403588100030463,0.0380533,0
607403588234248191,0.0387667,0
607403588368465919,0.0356123,0
607403588502683647,0.0417026,0
607403588771119103,0.0484338,0
607403588905336831,0.0427271,0
607403589039554559,0.0459646,0
607403589173772287,0.0425372,0
607403589307990015,0.0453271,0
607403589442207743,0.0484226,0
607403589576425471,0.0443608,0
607403589844860927,0.0465017,0
607403589979078655,0.0420464,0
607403590113296383,0.0474589,0
607403590247514111,0.0408334,0
607403590381731839,0.0448771,0
607403590515949567,0.0404659,0
607403590650167295,0.0477639,0
607403590918602751,0.0488752,0
607403591052820479,0.0454963,0
607403591187038207,0.0482173,0
607403591321255935,0.0417962,0
607403591455473663,0.0418551,0
607403591589691391,0.0411966,0
607403591723909119,0.056014,0
607403591992344575,0.0500842,0
607403592126562303,0.0421416,0
607403592260780031,0.0484249,0
607403592394997759,0.0551173,0
607403592529215487,0.0430425,0
607403592663433215,0.0520858,0
607403592797650943,0.0412005,0
607403593066086399,0.0529329,0
607403593200304127,0.0451183,0
607403593334521855,0.0497672,0
607403593468739583,0.0507819,0
607403593602957311,0.0512167,0
607403593737175039,0.0520971,0
607403593871392767,0.0459658,0
607403595213570047,0.0480006,0
607403595347787775,0.0634555,0
607403595482005503,0.0494132,0
607403595616223231,0.0497993,0
607403595750440959,0.0429967,0
607403595884658687,0.0495787,0
607403596018876415,0.0494656,0
607403596287311871,0.0417026,0
607403596421529599,0.0341717,0
607403596555747327,0.0553748,0
607403596689965055,0.042224,0
607403596824182783,0.0421524,0
607403596958400511,0.0354087,0
607403597092618239,0.0454992,0
607403597361053695,0.0594289,0
607403597495271423,0.0605533,0
607403597629489151,0.0567088,0
607403597763706879,0.0613579,0
607403597897924607,0.0551282,0
607403598032142335,0.0569486,0
607403598166360063,0.0560531,0
607403598434795519,0.0580369,0
607403598569013247,0.0516943,0
607403598703230975,0.0608773,0
607403598837448703,0.0783928,0
607403598971666431,0.053111,0
607403599105884159,0.0540563,0
607403599240101887,0.0567327,0
607403599508537343,0.0414937,0
607403599642755071,0.0389585,0
607403599776972799,0.0483844,0
607403599911190527,0.0373893,0
607403600045408255,0.0388823,0
607403600179625983,0.041283,0
607403600313843711,0.0348085,0
607403600582279167,0.0364234,0
607403600716496895,0.0377658,0
607403600850714623,0.0486244,0
607403600984932351,0.0404402,0
607403601119150079,0.0298726,0
607403601253367807,0.0306244,0
607403601387585535,0.038354,0
607403601656020991,0.0439413,0
607403601790238719,0.0506487,0
607403601924456447,0.0484172,0
607403602058674175,0.0516134,0
607403602192891903,0.0395,0
607403602327109631,0.0461471,0
607403602461327359,0.0375023,0
607403603803504639,0.0450605,0
607403603937722367,0.045975,0
607403604071940095,0.0512169,0
607403604206157823,0.0528319,0
607403604340375551,0.0432798,0
607403604474593279,0.049342,0
607403604608811007,0.0517973,0
607403604877246463,0.0510573,0
607403605011464191,0.0484189,0
607403605145681919,0.0486637,0
607403605279899647,0.0484237,0
607403605414117375,0.0491051,0
607403605548335103,0.0450407,0
607403605682552831,0.0486823,0
607403605950988287,0.0483817,0
607403606085206015,0.0502041,0
607403606219423743,0.0476266,0
607403606353641471,0.0518283,0
607403606487859199,0.0544484,0
607403606622076927,0.0522405,0
607403606756294655,0.0490499,0
607403607024730111,0.0631375,0
607403607158947839,0.0544625,0
607403607293165567,0.081765,0
607403607427383295,0.0543882,0
607403607561601023,0.0471717,0
607403607695818751,0.0501957,0
607403607830036479,0.0477087,0
607403608098471935,0.0462243,0
607403608232689663,0.0440654,0
607403608366907391,0.0465518,0
607403608501125119,0.0441143,0
607403608635342847,0.0442538,0
607403608769560575,0.0482246,0
607403608903778303,0.0462355,0
607403609172213759,0.0454344,0
607403609306431487,0.0584374,0
607403609440649215,0.0457643,0
607403609574866943,0.0460592,0
607403609709084671,0.0454613,0
607403609843302399,0.0439232,0
607403609977520127,0.0495341,0
607403610245955583,0.0482032,0
607403610380173311,0.0536901,0
607403610514391039,0.0471872,0
607403610648608767,0.0565805,0
607403610782826495,0.0519979,0
607403610917044223,0.0485951,0
607403611051261951,0.0534954,0
607403660846039039,0.0491109,0
607403661248692223,0.0487004,0
607403661382909951,0.0532696,0
607403664604135423,0.0661834,0
607403665006788607,0.0679441,0
607403665141006335,0.0622702,0
607403665543659519,0.0557434,0
607403665677877247,0.0584813,0
607403665812094975,0.0595011,0
607403668228014079,0.0652876,0
607403668362231807,0.0641378,0
607403668764884991,0.0503909,0
607403668899102719,0.0637879,0
607403669301755903,0.0734823,0
607403669435973631,0.0705043,0
607403669570191359,0.0650243,0
607403669704409087,0.0721107,0
607403669838626815,0.0558546,0
607403669972844543,0.0759455,0
607403670107062271,0.0603121,0
607403758422327295,0.141126,0
607403758556545023,0.137044,0
607403758690762751,0.140936,0
607403758824980479,0.13215,0
607403758959198207,0.136765,0
607403759093415935,0.138503,0
607403759227633663,0.135428,0
607403759496069119,0.134872,0
607403759630286847,0.117329,0
607403759764504575,0.130195,0
607403759898722303,0.123937,0
607403760032940031,0.130525,0
607403760167157759,0.13192,0
607403760301375487,0.131384,0
607403760569810943,0.129605,0
607403760704028671,0.131153,0
607403760838246399,0.127855,0
607403760972464127,0.118103,0
607403761106681855,0.136141,0
607403761240899583,0.127913,0
607403761375117311,0.133133,0
607403761643552767,0.116335,0
607403761777770495,0.104311,0
607403761911988223,0.125753,0
607403762046205951,0.110758,0
607403762180423679,0.123003,0
607403762314641407,0.118279,0
607403762448859135,0.122395,0
607403762717294591,0.142139,0
607403762851512319,0.13155,0
607403762985730047,0.141183,0
607403763119947775,0.137186,0
607403763254165503,0.143807,0
607403763388383231,0.140565,0
607403763522600959,0.13309,0
607403763791036415,0.134274,0
607403763925254143,0.131817,0
607403764059471871,0.133714,0
607403764193689599,0.135591,0
607403764327907327,0.134028,0
607403764462125055,0.136674,0
607403764596342783,0.128231,0
607403764864778239,0.145824,0
607403764998995967,0.134386,0
607403765133213695,0.139238,0
607403765267431423,0.144797,0
607403765401649151,0.135446,0
607403765535866879,0.146117,0
607403765670084607,0.13868,0
607403767012261887,0.0867699,0
607403767146479615,0.082407,0
607403767280697343,0.0916401,0
607403767414915071,0.0912138,0
607403767549132799,0.093452,0
607403767683350527,0.0842969,0
607403767817568255,0.0938418,0
607403768086003711,0.0803254,0
607403768220221439,0.0730462,0
607403768354439167,0.0754277,0
607403768488656895,0.0772114,0
607403768622874623,0.0961624,0
607403768757092351,0.0872433,0
607403768891310079,0.0839518,0
607403769159745535,0.0809649,0
607403769293963263,0.0745154,0
607403769428180991,0.0838072,0
607403769562398719,0.0790124,0
607403769696616447,0.0967278,0
607403769830834175,0.0899877,0
607403769965051903,0.0928712,0
607403770233487359,0.0746428,0
607403770367705087,0.0618762,0
607403770501922815,0.0734368,0
607403770636140543,0.0729281,0
607403770770358271,0.0760323,0
607403770904575999,0.0674969,0
607403771038793727,0.0811058,0
607403771307229183,0.117566,0
607403771441446911,0.107518,0
607403771575664639,0.11811,0
607403771709882367,0.10173,0
607403771844100095,0.122037,0
607403771978317823,0.121924,0
607403772112535551,0.123679,0
607403772380971007,0.113961,0
607403772515188735,0.109036,0
607403772649406463,0.109206,0
607403772783624191,0.0992472,0
607403772917841919,0.118489,0
607403773052059647,0.112506,0
607403773186277375,0.121745,0
607403773454712831,0.102817,0
607403773588930559,0.0990432,0
607403773723148287,0.104799,0
607403773857366015,0.0962018,0
607403773991583743,0.104656,0
607403774125801471,0.109772,0
607403774260019199,0.10202,0
607403775602196479,0.129525,0
607403775736414207,0.122454,0
607403775870631935,0.140225,0
607403776004849663,0.115913,0
607403776139067391,0.132032,0
607403776273285119,0.132466,0
607403776407502847,0.132837,0
607403776675938303,0.118909,0
607403776810156031,0.1136,0
607403776944373759,0.12435,0
607403777078591487,0.115065,0
607403777212809215,0.125927,0
607403777347026943,0.124971,0
607403777481244671,0.12663,0
607403777749680127,0.126066,0
607403777883897855,0.126792,0
607403778018115583,0.127316,0
607403778152333311,0.129865,0
607403778286551039,0.1359,0
607403778420768767,0.125474,0
607403778554986495,0.145011,0
607403778823421951,0.123638,0
607403778957639679,0.111407,0
607403779091857407,0.119022,0
607403779226075135,0.112518,0
607403779360292863,0.126848,0
607403779494510591,0.121331,0
607403779628728319,0.126769,0
607403779897163775,0.12562,0
607403780031381503,0.129763,0
607403780165599231,0.12314,0
607403780299816959,0.126349,0
607403780434034687,0.13159,0
607403780568252415,0.135194,0
607403780702470143,0.12531,0
607403780970905599,0.146179,0
607403781105123327,0.123368,0
607403781239341055,0.133686,0
607403781373558783,0.127993,0
607403781507776511,0.137284,0
607403781641994239,0.145631,0
607403781776211967,0.147697,0
607403782044647423,0.130698,0
607403782178865151,0.14077,0
607403782313082879,0.144786,0
607403782447300607,0.152786,0
607403782581518335,0.132998,0
607403782715736063,0.127436,0
607403782849953791,0.134084,0
607403784192131071,0.102565,0
607403784326348799,0.0766934,0
607403784460566527,0.10632,0
607403784594784255,0.0844772,0
607403784729001983,0.104548,0
607403784863219711,0.0814254,0
607403784997437439,0.10063,0
607403785265872895,0.0732925,0
607403785400090623,0.0706687,0
607403785534308351,0.068872,0
607403785668526079,0.070534,0
607403785802743807,0.0872862,0
607403785936961535,0.0766225,0
607403786071179263,0.0806622,0
607403786339614719,0.0742688,0
607403786473832447,0.0702196,0
607403786608050175,0.0831766,0
607403786742267903,0.07117,0
607403786876485631,0.101064,0
607403787010703359,0.0863958,0
607403787144921087,0.0888747,0
607403787413356543,0.0691359,0
607403787547574271,0.0651239,0
607403787681791999,0.0677621,0
607403787816009727,0.0642073,0
607403787950227455,0.0699494,0
607403788084445183,0.0682794,0
607403788218662911,0.0686432,0
607403788487098367,0.115363,0
607403788621316095,0.101465,0
607403788755533823,0.117823,0
607403788889751551,0.100338,0
607403789023969279,0.12209,0
607403789158187007,0.11216,0
607403789292404735,0.119769,0
607403789560840191,0.0983325,0
607403789695057919,0.0929521,0
607403789829275647,0.0999671,0
607403789963493375,0.092422,0
607403790097711103,0.106442,0
607403790231928831,0.098558,0
607403790366146559,0.100445,0
607403790634582015,0.115754,0
607403790768799743,0.11281,0
607403790903017471,0.10701,0
607403791037235199,0.0988323,0
607403791171452927,0.1187,0
607403791305670655,0.10503,0
607403791439888383,0.114822,0
607403792782065663,0.134972,0
607403792916283391,0.133153,0
607403793050501119,0.130516,0
607403793184718847,0.129607,0
607403793318936575,0.129554,0
607403793453154303,0.134962,0
607403793587372031,0.122966,0
607403793855807487,0.131912,0
607403793990025215,0.144425,0
607403794124242943,0.133474,0
607403794258460671,0.140217,0
607403794392678399,0.122195,0
607403794526896127,0.131986,0
607403794661113855,0.119774,0
607403794929549311,0.127843,0
607403795063767039,0.133397,0
607403795197984767,0.130658,0
607403795332202495,0.131237,0
607403795466420223,0.12845,0
607403795600637951,0.131325,0
607403795734855679,0.120576,0
607403796003291135,0.138815,0
607403796137508863,0.139922,0
607403796271726591,0.146381,0
607403796405944319,0.13598,0
607403796540162047,0.13125,0
607403796674379775,0.138619,0
607403796808597503,0.13379,0
607403797077032959,0.136156,0
607403797211250687,0.130116,0
607403797345468415,0.137152,0
607403797479686143,0.136463,0
607403797613903871,0.125136,0
607403797748121599,0.135379,0
607403797882339327,0.12941,0
607403798150774783,0.12383,0
607403798284992511,0.130908,0
607403798419210239,0.125714,0
607403798553427967,0.132506,0
607403798687645695,0.123742,0
607403798821863423,0.123601,0
607403798956081151,0.128308,0
607403799224516607,0.131826,0
607403799358734335,0.118224,0
607403799492952063,0.132445,0
607403799627169791,0.126511,0
607403799761387519,0.133536,0
607403799895605247,0.132916,0
607403800029822975,0.131202,0
607403801372000255,0.149904,0
607403801506217983,0.141983,0
607403801640435711,0.134135,0
607403801774653439,0.138144,0
607403801908871167,0.144064,0
607403802043088895,0.142583,0
607403802177306623,0.143597,0
607403802445742079,0.140092,0
607403802579959807,0.13324,0
607403802714177535,0.131264,0
607403802848395263,0.134154,0
607403802982612991,0.128666,0
607403803116830719,0.13939,0
607403803251048447,0.136827,0
607403803519483903,0.132042,0
607403803653701631,0.131563,0
607403803787919359,0.129289,0
607403803922137087,0.130526,0
607403804056354815,0.132671,0
607403804190572543,0.140119,0
607403804324790271,0.133387,0
607403804593225727,0.128619,0
607403804727443455,0.120068,0
607403804861661183,0.127338,0
607403804995878911,0.123734,0
607403805130096639,0.129926,0
607403805264314367,0.136529,0
607403805398532095,0.12952,0
607403805666967551,0.140379,0
607403805801185279,0.137834,0
607403805935403007,0.137921,0
607403806069620735,0.137931,0
607403806203838463,0.136454,0
607403806338056191,0.13337,0
607403806472273919,0.140562,0
607403806740709375,0.134374,0
607403806874927103,0.138759,0
607403807009144831,0.139912,0
607403807143362559,0.134712,0
607403807277580287,0.13979,0
607403807411798015,0.134738,0
607403807546015743,0.13086,0
607403807814451199,0.144818,0
607403807948668927,0.139568,0
607403808082886655,0.139961,0
607403808217104383,0.137837,0
607403808351322111,0.135467,0
607403808485539839,0.133679,0
607403808619757567,0.136022,0
607403809961934847,0.139078,0
607403810096152575,0.134907,0
607403810230370303,0.134492,0
607403810364588031,0.125584,0
607403810498805759,0.135393,0
607403810633023487,0.130873,0
607403810767241215,0.141071,0
607403811035676671,0.130029,0
607403811169894399,0.128258,0
607403811304112127,0.126775,0
607403811438329855,0.120999,0
607403811572547583,0.134331,0
607403811706765311,0.124827,0
607403811840983039,0.131201,0
607403812109418495,0.140632,0
607403812243636223,0.132763,0
607403812377853951,0.136169,0
607403812512071679,0.130549,0
607403812646289407,0.140428,0
607403812780507135,0.134223,0
607403812914724863,0.135167,0
607403813183160319,0.128553,0
607403813317378047,0.13056,0
607403813451595775,0.13893,0
607403813585813503,0.140584,0
607403813720031231,0.129486,0
607403813854248959,0.124755,0
607403813988466687,0.132145,0
607403814256902143,0.135012,0
607403814391119871,0.136069,0
607403814525337599,0.147549,0
607403814659555327,0.130249,0
607403814793773055,0.127854,0
607403814927990783,0.129308,0
607403815062208511,0.130186,0
607403815330643967,0.127181,0
607403815464861695,0.129425,0
607403815599079423,0.133448,0
607403815733297151,0.133433,0
607403815867514879,0.132152,0
607403816001732607,0.131292,0
607403816135950335,0.121545,0
607403816404385791,0.142405,0
607403816538603519,0.139956,0
607403816672821247,0.147845,0
607403816807038975,0.139059,0
607403816941256703,0.146934,0
607403817075474431,0.133877,0
607403817209692159,0.144585,0
607403827141804031,0.109355,0
607403827276021759,0.111938,0
607403827410239487,0.101919,0
607403827544457215,0.105826,0
607403827678674943,0.110492,0
607403827812892671,0.118525,0
607403827947110399,0.106777,0
607403828215545855,0.122367,0
607403828349763583,0.119388,0
607403828483981311,0.11229,0
607403828618199039,0.118181,0
607403828752416767,0.132729,0
607403828886634495,0.135707,0
607403829020852223,0.121656,0
607403829289287679,0.0952344,0
607403829423505407,0.0920011,0
607403829557723135,0.0981215,0
607403829691940863,0.0913057,0
607403829826158591,0.0979719,0
607403829960376319,0.100002,0
607403830094594047,0.104501,0
607403830363029503,0.0989505,0
607403830497247231,0.104054,0
607403830631464959,0.0938168,0
607403830765682687,0.0985846,0
607403830899900415,0.109001,0
607403831034118143,0.110823,0
607403831168335871,0.0986759,0
607403831436771327,0.121101,0
607403831570989055,0.124241,0
607403831705206783,0.110092,0
607403831839424511,0.109416,0
607403831973642239,0.132023,0
607403832107859967,0.140807,0
607403832242077695,0.122895,0
607403832510513151,0.14942,0
607403832644730879,0.139923,0
607403832778948607,0.120733,0
607403832913166335,0.1255,0
607403833047384063,0.149901,0
607403833181601791,0.149453,0
607403833315819519,0.140684,0
607403833584254975,0.0993309,0
607403833718472703,0.0987805,0
607403833852690431,0.102572,0
607403833986908159,0.0999089,0
607403834121125887,0.101939,0
607403834255343615,0.11082,0
607403834389561343,0.102748,0
607403835731738623,0.11188,0
607403835865956351,0.111721,0
607403836000174079,0.111543,0
607403836134391807,0.111513,0
607403836268609535,0.126089,0
607403836402827263,0.11595,0
607403836537044991,0.113985,0
607403836805480447,0.127735,0
607403836939698175,0.118384,0
607403837073915903,0.119807,0
607403837208133631,0.113801,0
607403837342351359,0.126764,0
607403837476569087,0.124386,0
607403837610786815,0.118424,0
607403837879222271,0.100744,0
607403838013439999,0.100847,0
607403838147657727,0.0975547,0
607403838281875455,0.0936085,0
607403838416093183,0.108481,0
607403838550310911,0.10404,0
607403838684528639,0.102086,0
607403838952964095,0.103576,0
607403839087181823,0.109193,0
607403839221399551,0.107957,0
607403839355617279,0.104825,0
607403839489835007,0.116998,0
607403839624052735,0.112969,0
607403839758270463,0.108181,0
607403840026705919,0.131277,0
607403840160923647,0.124902,0
607403840295141375,0.12274,0
607403840429359103,0.120424,0
607403840563576831,0.141663,0
607403840697794559,0.13389,0
607403840832012287,0.13062,0
607403841100447743,0.123652,0
607403841234665471,0.121202,0
607403841368883199,0.129546,0
607403841503100927,0.119212,0
607403841637318655,0.138153,0
607403841771536383,0.133878,0
607403841905754111,0.12644,0
607403842174189567,0.110595,0
607403842308407295,0.109264,0
607403842442625023,0.108474,0
607403842576842751,0.110139,0
607403842711060479,0.117312,0
607403842845278207,0.118479,0
607403842979495935,0.1086,0
607403844321673215,0.0783789,0
607403844455890943,0.0803507,0
607403844590108671,0.0728279,0
607403844724326399,0.0687694,0
607403844858544127,0.0783608,0
607403844992761855,0.0821217,0
607403845126979583,0.0719309,0
607403845395415039,0.103106,0
607403845529632767,0.102574,0
607403845663850495,0.0949044,0
607403845798068223,0.0920045,0
607403845932285951,0.100337,0
607403846066503679,0.098953,0
607403846200721407,0.0827153,0
607403846469156863,0.0584789,0
607403846603374591,0.0576723,0
607403846737592319,0.0629572,0
607403846871810047,0.0590583,0
607403847006027775,0.0580984,0
607403847140245503,0.0585974,0
607403847274463231,0.0580457,0
607403847542898687,0.0677452,0
607403847677116415,0.0708593,0
607403847811334143,0.0600736,0
607403847945551871,0.0578234,0
607403848079769599,0.0683841,0
607403848213987327,0.0810215,0
607403848348205055,0.0619191,0
607403848616640511,0.0830534,0
607403848750858239,0.0830326,0
607403848885075967,0.0817375,0
607403849019293695,0.0744531,0
607403849153511423,0.0905518,0
607403849287729151,0.0885095,0
607403849421946879,0.0814769,0
607403849690382335,0.0989321,0
607403849824600063,0.0998262,0
607403849958817791,0.09239,0
607403850093035519,0.0936472,0
607403850227253247,0.100536,0
607403850361470975,0.0991265,0
607403850495688703,0.0870228,0
607403850764124159,0.0617425,0
607403850898341887,0.0671973,0
607403851032559615,0.059057,0
607403851166777343,0.058659,0
607403851300995071,0.0782382,0
607403851435212799,0.070039,0
607403851569430527,0.0649326,0
607403852911607807,0.0996168,0
607403853045825535,0.0958306,0
607403853180043263,0.0990069,0
607403853314260991,0.0931159,0
607403853448478719,0.0960748,0
607403853582696447,0.0959695,0
607403853716914175,0.0981742,0
607403853985349631,0.0918555,0
607403854119567359,0.0917588,0
607403854253785087,0.10069,0
607403854388002815,0.0962779,0
607403854522220543,0.100757,0
607403854656438271,0.0965197,0
607403854790655999,0.0932094,0
607403855059091455,0.0857846,0
607403855193309183,0.0899427,0
607403855327526911,0.0761477,0
607403855461744639,0.0761204,0
607403855595962367,0.0953725,0
607403855730180095,0.100248,0
607403855864397823,0.0802269,0
607403856132833279,0.0902143,0
607403856267051007,0.0965666,0
607403856401268735,0.0825796,0
607403856535486463,0.0832725,0
607403856669704191,0.0893581,0
607403856803921919,0.100288,0
607403856938139647,0.0889196,0
607403857206575103,0.090254,0
607403857340792831,0.0978843,0
607403857475010559,0.101292,0
607403857609228287,0.0977521,0
607403857743446015,0.0914313,0
607403857877663743,0.104542,0
607403858011881471,0.097381,0
607403858280316927,0.102623,0
607403858414534655,0.0993083,0
607403858548752383,0.102332,0
607403858682970111,0.10316,0
607403858817187839,0.100026,0
607403858951405567,0.106084,0
607403859085623295,0.103949,0
607403859354058751,0.0996583,0
607403859488276479,0.0954947,0
607403859622494207,0.0894911,0
607403859756711935,0.0915898,0
607403859890929663,0.0988578,0
607403860025147391,0.102539,0
607403860159365119,0.0868761,0
607403861501542399,0.130602,0
607403861635760127,0.144559,0
607403861769977855,0.148508,0
607403861904195583,0.148814,0
607403862038413311,0.0951259,0
607403862172631039,0.116801,0
607403862306848767,0.129516,0
607403862575284223,0.119962,0
607403862709501951,0.123059,0
607403862843719679,0.152098,0
607403862977937407,0.148556,0
607403863112155135,0.0981375,0
607403863246372863,0.108748,0
607403863380590591,0.122133,0
607403863649026047,0.139935,0
607403863783243775,0.139848,0
607403863917461503,0.132589,0
607403864051679231,0.130939,0
607403864185896959,0.136083,0
607403864320114687,0.131901,0
607403864454332415,0.130383,0
607403864722767871,0.144549,0
607403864856985599,0.141187,0
607403864991203327,0.142642,0
607403865125421055,0.147769,0
607403865259638783,0.148482,0
607403865393856511,0.14346,0
607403865528074239,0.136665,0
607403865796509695,0.0736624,0
607403865930727423,0.0674123,0
607403866064945151,0.0903062,0
607403866199162879,0.0875765,0
607403866333380607,0.0671811,0
607403866467598335,0.062893,0
607403866601816063,0.070471,0
607403866870251519,0.0659036,0
607403867004469247,0.0740404,0
607403867138686975,0.0790855,0
607403867272904703,0.0850004,0
607403867407122431,0.0627737,0
607403867541340159,0.0654689,0
607403867675557887,0.06337,0
607403867943993343,0.137908,0
607403868078211071,0.146963,0
607403868212428799,0.128639,0
607403868346646527,0.131207,0
607403868480864255,0.109699,0
607403868615081983,0.118062,0
607403868749299711,0.131486,0
607403870091476991,0.150438,0
607403870225694719,0.150066,0
607403870359912447,0.146423,0
607403870494130175,0.148773,0
607403870628347903,0.148181,0
607403870762565631,0.1462,0
607403870896783359,0.153352,0
607403871165218815,0.145774,0
607403871299436543,0.143302,0
607403871433654271,0.150472,0
607403871567871999,0.139795,0
607403871702089727,0.146865,0
607403871836307455,0.147194,0
607403871970525183,0.144878,0
607403872238960639,0.143072,0
607403872373178367,0.144137,0
607403872507396095,0.136825,0
607403872641613823,0.132711,0
607403872775831551,0.151986,0
607403872910049279,0.147233,0
607403873044267007,0.153715,0
607403873312702463,0.146814,0
607403873446920191,0.139633,0
607403873581137919,0.148658,0
607403873715355647,0.137415,0
607403873849573375,0.149981,0
607403873983791103,0.143204,0
607403874118008831,0.149512,0
607403874386444287,0.128024,0
607403874520662015,0.143001,0
607403874654879743,0.154916,0
607403874789097471,0.142184,0
607403874923315199,0.134439,0
607403875057532927,0.127989,0
607403875191750655,0.124455,0
607403875460186111,0.143044,0
607403875594403839,0.139579,0
607403875728621567,0.144203,0
607403875862839295,0.143202,0
607403875997057023,0.14231,0
607403876131274751,0.144946,0
607403876265492479,0.13628,0
607403876533927935,0.148971,0
607403876668145663,0.151509,0
607403876802363391,0.140421,0
607403876936581119,0.148066,0
607403877070798847,0.15263,0
607403877205016575,0.14934,0
607403877339234303,0.157657,0
607403878681411583,0.117851,0
607403878815629311,0.121032,0
607403878949847039,0.110416,0
607403879084064767,0.109983,0
607403879218282495,0.126717,0
607403879352500223,0.123938,0
607403879486717951,0.123541,0
607403879755153407,0.115707,0
607403879889371135,0.105362,0
607403880023588863,0.112033,0
607403880157806591,0.110548,0
607403880292024319,0.12262,0
607403880426242047,0.125511,0
607403880560459775,0.12345,0
607403880828895231,0.103316,0
607403880963112959,0.0979492,0
607403881097330687,0.0990832,0
607403881231548415,0.095055,0
607403881365766143,0.110219,0
607403881499983871,0.1061,0
607403881634201599,0.109125,0
607403881902637055,0.107542,0
607403882036854783,0.101823,0
607403882171072511,0.101018,0
607403882305290239,0.0981204,0
607403882439507967,0.120344,0
607403882573725695,0.113075,0
607403882707943423,0.0985437,0
607403882976378879,0.143119,0
607403883110596607,0.137949,0
607403883244814335,0.129633,0
607403883379032063,0.124875,0
607403883513249791,0.138786,0
607403883647467519,0.135505,0
607403883781685247,0.144353,0
607403884050120703,0.129279,0
607403884184338431,0.131043,0
607403884318556159,0.127959,0
607403884452773887,0.131303,0
607403884586991615,0.128333,0
607403884721209343,0.130901,0
607403884855427071,0.134675,0
607403885123862527,0.125618,0
607403885258080255,0.119933,0
607403885392297983,0.112833,0
607403885526515711,0.1142,0
607403885660733439,0.133037,0
607403885794951167,0.12668,0
607403885929168895,0.127481,0
607403901766860799,0.118038,0
607403901901078527,0.117549,0
607403905659174911,0.0524583,0
607403906061828095,0.0585976,0
607403906196045823,0.0548084,0
607403909283053567,0.0790308,0
607403909417271295,0.0774083,0
607403909819924479,0.0673734,0
607403909954142207,0.0642982,0
607403910088359935,0.0603221,0
607403910222577663,0.0682726,0
607403910356795391,0.071353,0
607403910491013119,0.0686612,0
607403910625230847,0.0712597,0
607403930221019135,0.139047,0
607403930355236863,0.144731,0
607403930489454591,0.140863,0
607403930623672319,0.148907,0
607403930757890047,0.149695,0
607403930892107775,0.146435,0
607403931026325503,0.163355,0
607403931294760959,0.12541,0
607403931428978687,0.118385,0
607403931563196415,0.126259,0
607403931697414143,0.125573,0
607403931831631871,0.130124,0
607403931965849599,0.125004,0
607403932100067327,0.136516,0
607403933039591423,0.159231,0
607403933442244607,0.142244,0
607403933576462335,0.119267,0
607403933979115519,0.136437,0
607403934113333247,0.135654,0
607403934247550975,0.138173,0
607403934515986431,0.171605,0
607403934650204159,0.156543,0
607403934784421887,0.186531,0
607403934918639615,0.176309,0
607403935052857343,0.155718,0
607403935187075071,0.152356,0
607403935321292799,0.178974,0
607403935589728255,0.153695,0
607403935723945983,0.154134,0
607403935858163711,0.14395,0
607403935992381439,0.145591,0
607403936126599167,0.149315,0
607403936260816895,0.15355,0
607403936395034623,0.151924,0
607403936663470079,0.1741,0
607403936797687807,0.149283,0
607403937200340991,0.17116,0
607403937334558719,0.18125,0
607403938810953727,0.0874471,0
607403938945171455,0.089245,0
607403939079389183,0.0871289,0
607403939213606911,0.0824969,0
607403939347824639,0.10982,0
607403939482042367,0.0880602,0
607403939616260095,0.120818,0
607403939884695551,0.0937286,0
607403940018913279,0.0803386,0
607403940153131007,0.0913881,0
607403940287348735,0.0841674,0
607403940421566463,0.0926079,0
607403940555784191,0.0771467,0
607403940690001919,0.100041,0
607403940958437375,0.0907697,0
607403941092655103,0.0893493,0
607403941361090559,0.0913218,0
607403941495308287,0.103243,0
607403941629526015,0.0827105,0
607403941763743743,0.112989,0
607403942032179199,0.0828877,0
607403942166396927,0.0787339,0
607403942300614655,0.088192,0
607403942434832383,0.0726759,0
607403942569050111,0.0937268,0
607403942703267839,0.0863208,0
607403942837485567,0.0892411,0
607403943105921023,0.125821,0
607403943240138751,0.119774,0
607403943374356479,0.12162,0
607403943508574207,0.119624,0
607403943642791935,0.12059,0
607403943777009663,0.106086,0
607403943911227391,0.123633,0
607403944179662847,0.0892938,0
607403944313880575,0.0902589,0
607403944448098303,0.104914,0
607403944582316031,0.0887696,0
607403944716533759,0.110161,0
607403944850751487,0.0928036,0
607403944984969215,0.108839,0
607403945253404671,0.115317,0
607403945387622399,0.116788,0
607403945521840127,0.117897,0
607403945656057855,0.117827,0
607403945790275583,0.118903,0
607403945924493311,0.114729,0
607403946058711039,0.116204,0
607403964580757503,0.0658509,0
607403964714975231,0.0647768,0
607403964849192959,0.0654806,0
607403964983410687,0.0632226,0
607403965117628415,0.065075,0
607403965251846143,0.0630961,0
607403965386063871,0.0650797,0
607403965654499327,0.0671756,0
607403965788717055,0.061647,0
607403965922934783,0.0685577,0
607403966057152511,0.0627886,0
607403966191370239,0.0656861,0
607403966325587967,0.0678106,0
607403966459805695,0.0651023,0
607403966728241151,0.0598624,0
607403966862458879,0.0597026,0
607403966996676607,0.0558405,0
607403967130894335,0.0593325,0
607403967265112063,0.06262,0
607403967399329791,0.0634478,0
607403967533547519,0.0596061,0
607403967801982975,0.0640995,0
607403967936200703,0.0577622,0
607403968070418431,0.0586545,0
607403968204636159,0.0612515,0
607403968338853887,0.070428,0
607403968473071615,0.066156,0
607403968607289343,0.0650864,0
607403968875724799,0.066703,0
607403969009942527,0.0640636,0
607403969144160255,0.0665485,0
607403969278377983,0.0612976,0
607403969412595711,0.0763393,0
607403969546813439,0.0686301,0
607403969681031167,0.0696335,0
607403969949466623,0.0713611,0
607403970083684351,0.0661189,0
607403970217902079,0.0711916,0
607403970352119807,0.0663529,0
607403970486337535,0.0686478,0
607403970620555263,0.068338,0
607403970754772991,0.0694694,0
607403971023208447,0.0620241,0
607403971157426175,0.0634348,0
607403971291643903,0.0589295,0
607403971425861631,0.0616812,0
607403971560079359,0.0673437,0
607403971694297087,0.0622828,0
607403971828514815,0.0640649,0
607403973170692095,0.0527436,0
607403973304909823,0.0509187,0
607403973439127551,0.0558956,0
607403973573345279,0.0531014,0
607403973707563007,0.0516024,0
607403973841780735,0.0516648,0
607403973975998463,0.0556846,0
607403974244433919,0.0522269,0
607403974378651647,0.0535578,0
607403974512869375,0.0442823,0
607403974647087103,0.057039,0
607403974781304831,0.0504481,0
607403974915522559,0.0586537,0
607403975049740287,0.0475694,0
607403975318175743,0.0604806,0
607403975452393471,0.0534471,0
607403975586611199,0.0561482,0
607403975720828927,0.0525847,0
607403975855046655,0.0567744,0
607403975989264383,0.0586804,0
607403976123482111,0.0516586,0
607403976391917567,0.0479025,0
607403976526135295,0.0420064,0
607403976660353023,0.0490696,0
607403976794570751,0.0535644,0
607403976928788479,0.0475641,0
607403977063006207,0.0452628,0
607403977197223935,0.0492177,0
607403977465659391,0.0576395,0
607403977599877119,0.0516097,0
607403977734094847,0.0593338,0
607403977868312575,0.0524611,0
607403978002530303,0.0605614,0
607403978136748031,0.0662824,0
607403978270965759,0.0612319,0
607403978539401215,0.056055,0
607403978673618943,0.0580298,0
607403978807836671,0.0538489,0
607403978942054399,0.057528,0
607403979076272127,0.0556641,0
607403979210489855,0.0555073,0
607403979344707583,0.0573001,0
607403979613143039,0.0648111,0
607403979747360767,0.0557678,0
607403979881578495,0.0654391,0
607403980015796223,0.0553779,0
607403980150013951,0.0626817,0
607403980284231679,0.0626826,0
607403980418449407,0.060633,0
607403981760626687,0.0513021,0
607403981894844415,0.0509058,0
607403982297497599,0.0505792,0
607403982431715327,0.0519264,0
607403982565933055,0.0515376,0
607403982834368511,0.0518832,0
607403982968586239,0.0522997,0
607403983102803967,0.0498079,0
607403983237021695,0.050538,0
607403983371239423,0.0527944,0
607403983505457151,0.0557596,0
607403983639674879,0.0491904,0
607403985652940799,0.0515631,0
607403986055593983,0.0473426,0
607403986189811711,0.0485202,0
607403986324029439,0.0521598,0
607403986458247167,0.0468291,0
607403986592464895,0.0517009,0
607403986726682623,0.0509428,0
607403986860900351,0.0521621,0
607403987129335807,0.0535082,0
607403987263553535,0.0546033,0
607403987397771263,0.0513027,0
607403987531988991,0.052581,0
607403987666206719,0.0555379,0
607403987800424447,0.0569004,0
607403987934642175,0.0526257,0
607403990350561279,0.0506723,0
607403990484779007,0.0529308,0
607403990618996735,0.0480104,0
607403990753214463,0.048642,0
607403990887432191,0.0553073,0
607403991021649919,0.0524408,0
607403991155867647,0.0546,0
607403991424303103,0.0527773,0
607403991558520831,0.0495059,0
607403991692738559,0.0493308,0
607403991826956287,0.0477199,0
607403991961174015,0.0553179,0
607403992095391743,0.0523004,0
607403992229609471,0.0520491,0
607403993034915839,0.0516491,0
607403993169133567,0.0484956,0
607403993571786751,0.0480781,0
607403993706004479,0.0468923,0
607403993974439935,0.0476846,0
607403994108657663,0.0457453,0
607403994242875391,0.0462697,0
607403994377093119,0.0469231,0
607403994645528575,0.0555471,0
607403994779746303,0.0572768,0
607403994913964031,0.057085,0
607403995048181759,0.0559602,0
607403995182399487,0.0581216,0
607403995316617215,0.0574453,0
607403995450834943,0.0563642,0
607403995719270399,0.0568424,0
607403995853488127,0.0540233,0
607403995987705855,0.0559917,0
607403996121923583,0.0540227,0
607403996256141311,0.0607106,0
607403996390359039,0.0547044,0
607403996524576767,0.0602607,0
607403996793012223,0.0498115,0
607403996927229951,0.0489108,0
607403997329883135,0.0517524,0
607403997464100863,0.0509309,0
607403997598318591,0.0507434,0
607403998940495871,0.0748065,0
607403999074713599,0.0714059,0
607403999208931327,0.0737484,0
607403999343149055,0.0744368,0
607403999477366783,0.0746333,0
607403999611584511,0.067573,0
607403999745802239,0.0766088,0
607404000014237695,0.0732794,0
607404000148455423,0.06364,0
607404000282673151,0.0727892,0
607404000416890879,0.0631932,0
607404000551108607,0.0746629,0
607404000685326335,0.0649157,0
607404000819544063,0.0724535,0
607404001087979519,0.0696368,0
607404001222197247,0.0701329,0
607404001356414975,0.0645225,0
607404001490632703,0.067686,0
607404001624850431,0.0706657,0
607404001759068159,0.0696727,0
607404001893285887,0.0676931,0
607404002161721343,0.0712468,0
607404002295939071,0.0690095,0
607404002430156799,0.0735407,0
607404002564374527,0.0681384,0
607404002698592255,0.073359,0
607404002832809983,0.0674933,0
607404002967027711,0.0717844,0
607404003235463167,0.0762002,0
607404003369680895,0.0728549,0
607404003503898623,0.0712397,0
607404003638116351,0.0772314,0
607404003772334079,0.0721247,0
607404003906551807,0.0787459,0
607404004040769535,0.0730693,0
607404004309204991,0.0664875,0
607404004443422719,0.0639734,0
607404004577640447,0.0768357,0
607404004711858175,0.0726873,0
607404004846075903,0.0634388,0
607404004980293631,0.0647259,0
607404005114511359,0.0700888,0
607404005382946815,0.0697082,0
607404005517164543,0.0753866,0
607404005651382271,0.068822,0
607404005785599999,0.0704037,0
607404005919817727,0.0750035,0
607404006054035455,0.0737683,0
607404006188253183,0.0731349,0
607404007530430463,0.0637543,0
607404007664648191,0.0618736,0
607404007798865919,0.0720038,0
607404007933083647,0.0694413,0
607404008067301375,0.0612946,0
607404008201519103,0.0580266,0
607404008335736831,0.0634545,0
607404008604172287,0.0773458,0
607404008738390015,0.0807751,0
607404008872607743,0.0685162,0
607404009006825471,0.0728616,0
607404009141043199,0.0729456,0
607404009275260927,0.0765221,0
607404009409478655,0.0612714,0
607404009677914111,0.0710528,0
607404009812131839,0.0660555,0
607404009946349567,0.068017,0
607404010080567295,0.0694234,0
607404010214785023,0.0681786,0
607404010349002751,0.0723738,0
607404010483220479,0.0643781,0
607404010751655935,0.0620356,0
607404010885873663,0.0567757,0
607404011020091391,0.0647402,0
607404011154309119,0.0627902,0
607404011288526847,0.05665,0
607404011422744575,0.0585338,0
607404011556962303,0.0585673,0
607404011825397759,0.05773,0
607404011959615487,0.0576019,0
607404012093833215,0.0682214,0
607404012228050943,0.0595084,0
607404012362268671,0.0594439,0
607404012496486399,0.05625,0
607404012630704127,0.0624002,0
607404012899139583,0.0677152,0
607404013033357311,0.0746796,0
607404013167575039,0.061223,0
607404013301792767,0.0670193,0
607404013436010495,0.0630342,0
607404013570228223,0.0873258,0
607404013704445951,0.0613268,0
607404013972881407,0.0685055,0
607404014107099135,0.0649281,0
607404014241316863,0.0714044,0
607404014375534591,0.0632141,0
607404014509752319,0.0666271,0
607404014643970047,0.0670081,0
607404014778187775,0.0659017,0
607404016120365055,0.061748,0
607404016254582783,0.0642211,0
607404016388800511,0.0569953,0
607404016523018239,0.059942,0
607404016657235967,0.0579406,0
607404016791453695,0.0591322,0
607404016925671423,0.0622224,0
607404017194106879,0.0647121,0
607404017328324607,0.0632425,0
607404017462542335,0.0597462,0
607404017596760063,0.0621991,0
607404017730977791,0.066169,0
607404017865195519,0.0678001,0
607404017999413247,0.0629682,0
607404018267848703,0.0568602,0
607404018402066431,0.057126,0
607404018536284159,0.0584625,0
607404018670501887,0.0559929,0
607404018804719615,0.0547449,0
607404018938937343,0.0599695,0
607404019073155071,0.0586427,0
607404019341590527,0.0555256,0
607404019475808255,0.056989,0
607404019610025983,0.0534069,0
607404019744243711,0.0539795,0
607404019878461439,0.0573763,0
607404020012679167,0.0603115,0
607404020146896895,0.0547216,0
607404020415332351,0.0633309,0
607404020549550079,0.0608628,0
607404020683767807,0.0688356,0
607404020817985535,0.0619787,0
607404020952203263,0.0655983,0
607404021086420991,0.0634892,0
607404021220638719,0.0670295,0
607404021489074175,0.0591673,0
607404021623291903,0.0652526,0
607404021757509631,0.0604213,0
607404021891727359,0.0624979,0
607404022025945087,0.0633592,0
607404022160162815,0.0656968,0
607404022294380543,0.0631976,0
607404022562815999,0.0720721,0
607404022697033727,0.0642759,0
607404022831251455,0.069455,0
607404022965469183,0.0636268,0
607404023099686911,0.0763466,0
607404023233904639,0.0669242,0
607404023368122367,0.071012,0
607404033300234239,0.106073,0
607404033434451967,0.0809414,0
607404033568669695,0.10505,0
607404033702887423,0.0896912,0
607404033837105151,0.0936647,0
607404033971322879,0.0916971,0
607404034105540607,0.093699,0
607404034373976063,0.0640876,0
607404034508193791,0.0664954,0
607404034642411519,0.0681742,0
607404034776629247,0.0730122,0
607404034910846975,0.0757727,0
607404035045064703,0.0593186,0
607404035179282431,0.0743316,0
607404035447717887,0.0873627,0
607404035581935615,0.0743947,0
607404035716153343,0.0818655,0
607404035850371071,0.0681101,0
607404035984588799,0.108165,0
607404036118806527,0.0874904,0
607404036253024255,0.100497,0
607404036521459711,0.0705616,0
607404036655677439,0.0777843,0
607404036789895167,0.0761582,0
607404036924112895,0.0816448,0
607404037058330623,0.0769208,0
607404037192548351,0.0702981,0
607404037326766079,0.0788347,0
607404037595201535,0.0858254,0
607404037729419263,0.0871986,0
607404037863636991,0.0884507,0
607404037997854719,0.0868969,0
607404038132072447,0.0896634,0
607404038266290175,0.089183,0
607404038400507903,0.0913766,0
607404038668943359,0.084401,0
607404038803161087,0.0854067,0
607404038937378815,0.0989335,0
607404039071596543,0.0936784,0
607404039205814271,0.0836554,0
607404039340031999,0.082498,0
607404039474249727,0.0842437,0
607404039742685183,0.0765526,0
607404039876902911,0.0859749,0
607404040011120639,0.0789938,0
607404040145338367,0.0826472,0
607404040279556095,0.0832085,0
607404040413773823,0.0825382,0
607404040547991551,0.0810687,0
607404041890168831,0.0966508,0
607404042024386559,0.113789,0
607404042158604287,0.106136,0
607404042292822015,0.118858,0
607404042427039743,0.0902164,0
607404042561257471,0.0924995,0
607404042695475199,0.086307,0
607404042963910655,0.113783,0
607404043098128383,0.12592,0
607404043232346111,0.123061,0
607404043366563839,0.123684,0
607404043500781567,0.103847,0
607404043634999295,0.109479,0
607404043769217023,0.101857,0
607404044037652479,0.122494,0
607404044171870207,0.1165,0
607404044306087935,0.116176,0
607404044440305663,0.131024,0
607404044574523391,0.106253,0
607404044708741119,0.122,0
607404044842958847,0.104788,0
607404045111394303,0.130298,0
607404045245612031,0.128836,0
607404045379829759,0.12878,0
607404045514047487,0.134851,0
607404045648265215,0.12507,0
607404045782482943,0.126683,0
607404045916700671,0.128086,0
607404046185136127,0.0720545,0
607404046319353855,0.0771393,0
607404046453571583,0.0789817,0
607404046587789311,0.0815744,0
607404046722007039,0.0619368,0
607404046856224767,0.0659417,0
607404046990442495,0.0606508,0
607404047258877951,0.0774077,0
607404047393095679,0.0791397,0
607404047527313407,0.0923875,0
607404047661531135,0.0900793,0
607404047795748863,0.0681058,0
607404047929966591,0.074125,0
607404048064184319,0.0722064,0
607404048332619775,0.0874922,0
607404048466837503,0.0892086,0
607404048601055231,0.0923147,0
607404048735272959,0.0958658,0
607404048869490687,0.0839131,0
607404049003708415,0.0833882,0
607404049137926143,0.0789441,0
607404050480103423,0.0681752,0
607404050614321151,0.0610306,0
607404050748538879,0.0653152,0
607404050882756607,0.0504293,0
607404051016974335,0.069091,0
607404051151192063,0.0762279,0
607404051285409791,0.0665161,0
607404051553845247,0.0766148,0
607404051688062975,0.0822341,0
607404051822280703,0.0813505,0
607404051956498431,0.0682399,0
607404052090716159,0.0888065,0
607404052224933887,0.0618797,0
607404052359151615,0.0943566,0
607404052627587071,0.0527139,0
607404052761804799,0.0458255,0
607404052896022527,0.0521904,0
607404053030240255,0.0482203,0
607404053164457983,0.0692599,0
607404053298675711,0.0532857,0
607404053432893439,0.0698867,0
607404053701328895,0.0609038,0
607404053835546623,0.0626041,0
607404053969764351,0.0514356,0
607404054103982079,0.0567413,0
607404054238199807,0.0640877,0
607404054372417535,0.0602644,0
607404054506635263,0.0480415,0
607404054775070719,0.0692937,0
607404054909288447,0.0631079,0
607404055043506175,0.0685054,0
607404055177723903,0.0757851,0
607404055311941631,0.0731252,0
607404055446159359,0.0746846,0
607404055580377087,0.0691071,0
607404055848812543,0.0733701,0
607404055983030271,0.0908482,0
607404056117247999,0.0667325,0
607404056251465727,0.075143,0
607404056385683455,0.073928,0
607404056519901183,0.0775568,0
607404056654118911,0.0656321,0
607404056922554367,0.0606777,0
607404057056772095,0.0665804,0
607404057190989823,0.0619186,0
607404057325207551,0.0622903,0
607404057459425279,0.0648987,0
607404057593643007,0.0629093,0
607404057727860735,0.0629946,0
607404059070038015,0.110574,0
607404059204255743,0.109624,0
607404059338473471,0.10964,0
607404059472691199,0.109468,0
607404059606908927,0.101413,0
607404059741126655,0.106163,0
607404059875344383,0.101017,0
607404060143779839,0.126509,0
607404060277997567,0.119935,0
607404060412215295,0.125777,0
607404060546433023,0.120477,0
607404060680650751,0.128192,0
607404060814868479,0.131189,0
607404060949086207,0.124944,0
607404061217521663,0.121336,0
607404061351739391,0.126456,0
607404061485957119,0.115775,0
607404061620174847,0.116925,0
607404061754392575,0.101775,0
607404061888610303,0.12039,0
607404062022828031,0.108868,0
607404062291263487,0.129611,0
607404062425481215,0.123874,0
607404062559698943,0.12718,0
607404062693916671,0.121268,0
607404062828134399,0.122387,0
607404062962352127,0.130434,0
607404063096569855,0.131963,0
607404063365005311,0.0938563,0
607404063499223039,0.0994878,0
607404063633440767,0.0958493,0
607404063767658495,0.0971968,0
607404063901876223,0.0767108,0
607404064036093951,0.0954382,0
607404064170311679,0.0817975,0
607404064438747135,0.101194,0
607404064572964863,0.105302,0
607404064707182591,0.102309,0
607404064841400319,0.107068,0
607404064975618047,0.0968764,0
607404065109835775,0.101679,0
607404065244053503,0.102841,0
607404065512488959,0.0836816,0
607404065646706687,0.104013,0
607404065780924415,0.0693018,0
607404065915142143,0.0929572,0
607404066049359871,0.0778654,0
607404066183577599,0.0923354,0
607404066317795327,0.063655,0
607404067659972607,0.0945764,0
607404067794190335,0.0963159,0
607404067928408063,0.0924525,0
607404068062625791,0.0958715,0
607404068196843519,0.0916189,0
607404068331061247,0.0885122,0
607404068465278975,0.0830545,0
607404068733714431,0.0908143,0
607404068867932159,0.0834523,0
607404069002149887,0.0917947,0
607404069136367615,0.0893406,0
607404069270585343,0.102126,0
607404069404803071,0.0943938,0
607404069539020799,0.0877919,0
607404069807456255,0.0926899,0
607404069941673983,0.0922311,0
607404070075891711,0.0890903,0
607404070210109439,0.0918795,0
607404070344327167,0.0891079,0
607404070478544895,0.0970447,0
607404070612762623,0.0879605,0
607404070881198079,0.0810881,0
607404071015415807,0.0831481,0
607404071149633535,0.0844237,0
607404071283851263,0.080622,0
607404071418068991,0.0923411,0
607404071552286719,0.0844265,0
607404071686504447,0.0977726,0
607404071954939903,0.0768569,0
607404072089157631,0.0862045,0
607404072223375359,0.0730681,0
607404072357593087,0.0789705,0
607404072491810815,0.0798045,0
607404072626028543,0.085266,0
607404072760246271,0.0754449,0
607404073028681727,0.0969656,0
607404073162899455,0.0973746,0
607404073297117183,0.0903319,0
607404073431334911,0.0982308,0
607404073565552639,0.0835024,0
607404073699770367,0.0921706,0
607404073833988095,0.087169,0
607404074102423551,0.0862086,0
607404074236641279,0.0844145,0
607404074370859007,0.0820067,0
607404074505076735,0.0823352,0
607404074639294463,0.0732544,0
607404074773512191,0.0775258,0
607404074907729919,0.0830601,0
607404076249907199,0.0713831,0
607404076384124927,0.0639835,0
607404076518342655,0.0687463,0
607404076652560383,0.0666254,0
607404076786778111,0.079297,0
607404076920995839,0.0687534,0
607404077055213567,0.08028,0
607404077323649023,0.0710558,0
607404077457866751,0.0668965,0
607404077592084479,0.0608486,0
607404077726302207,0.0666424,0
607404077860519935,0.0625798,0
607404077994737663,0.064696,0
607404078128955391,0.0680196,0
607404078397390847,0.0607988,0
607404078531608575,0.0537227,0
607404078665826303,0.0659296,0
607404078800044031,0.0584734,0
607404078934261759,0.0759147,0
607404079068479487,0.0631181,0
607404079202697215,0.071509,0
607404079471132671,0.0592217,0
607404079605350399,0.0670564,0
607404079739568127,0.059101,0
607404079873785855,0.0640429,0
607404080008003583,0.0601112,0
607404080142221311,0.0674722,0
607404080276439039,0.0515552,0
607404080544874495,0.0854538,0
607404080679092223,0.0830388,0
607404080813309951,0.0854025,0
607404080947527679,0.0874525,0
607404081081745407,0.0879766,0
607404081215963135,0.085913,0
607404081350180863,0.0848952,0
607404081618616319,0.0770145,0
607404081752834047,0.0720855,0
607404081887051775,0.0808958,0
607404082021269503,0.074549,0
607404082155487231,0.086798,0
607404082289704959,0.0802053,0
607404082423922687,0.0878529,0
607404082692358143,0.0854164,0
607404082826575871,0.0776762,0
607404082960793599,0.0817228,0
607404083095011327,0.0807661,0
607404083229229055,0.0872391,0
607404083363446783,0.0897432,0
607404083497664511,0.0890823,0
607404084839841791,0.0728876,0
607404084974059519,0.0821776,0
607404085108277247,0.0751893,0
607404085242494975,0.0784159,0
607404085376712703,0.067337,0
607404085510930431,0.0697848,0
607404085645148159,0.0701036,0
607404085913583615,0.0824864,0
607404086047801343,0.0902433,0
607404086182019071,0.0843016,0
607404086316236799,0.0880519,0
607404086450454527,0.082111,0
607404086584672255,0.0900664,0
607404086718889983,0.0767112,0
607404086987325439,0.0697881,0
607404087121543167,0.0752047,0
607404087255760895,0.0683813,0
607404087389978623,0.0732544,0
607404087524196351,0.0760173,0
607404087658414079,0.0747722,0
607404087792631807,0.0747395,0
607404088061067263,0.0761521,0
607404088195284991,0.0734904,0
607404088329502719,0.0724509,0
607404088463720447,0.0742422,0
607404088597938175,0.0792226,0
607404088732155903,0.0786828,0
607404088866373631,0.0678362,0
607404089134809087,0.0721902,0
607404089269026815,0.0702269,0
607404089403244543,0.0687487,0
607404089537462271,0.064651,0
607404089671679999,0.0786307,0
607404089805897727,0.0742374,0
607404089940115455,0.0767753,0
607404090208550911,0.0844304,0
607404090342768639,0.0856302,0
607404090476986367,0.075786,0
607404090611204095,0.0831762,0
607404090745421823,0.0801991,0
607404090879639551,0.0883727,0
607404091013857279,0.0801674,0
607404091282292735,0.0625527,0
607404091416510463,0.0703354,0
607404091550728191,0.0693703,0
607404091684945919,0.0730335,0
607404091819163647,0.0695671,0
607404091953381375,0.0637356,0
607404092087599103,0.0739521,0
607404102019710975,0.0587168,0
607404102153928703,0.0594386,0
607404102288146431,0.061587,0
607404102422364159,0.0597716,0
607404102556581887,0.0566874,0
607404102690799615,0.0534869,0
607404102825017343,0.0571074,0
607404103093452799,0.0639064,0
607404103227670527,0.0623368,0
607404103361888255,0.0652397,0
607404103496105983,0.0660787,0
607404103630323711,0.0593461,0
607404103764541439,0.0591661,0
607404103898759167,0.0639523,0
607404104167194623,0.0702666,0
607404104301412351,0.0712359,0
607404104435630079,0.0722829,0
607404104569847807,0.0733584,0
607404104704065535,0.0659216,0
607404104838283263,0.0651299,0
607404104972500991,0.0689883,0
607404105240936447,0.0647062,0
607404105375154175,0.0666922,0
607404105509371903,0.065048,0
607404105643589631,0.0665238,0
607404105777807359,0.0599846,0
607404105912025087,0.0643084,0
607404106046242815,0.0608356,0
607404106314678271,0.0538676,0
607404106448895999,0.0515162,0
607404106583113727,0.0548508,0
607404106717331455,0.0520822,0
607404106851549183,0.0519035,0
607404106985766911,0.0510047,0
607404107119984639,0.0578338,0
607404107388420095,0.0515257,0
607404107522637823,0.0555618,0
607404107656855551,0.0573747,0
607404107791073279,0.0597393,0
607404107925291007,0.0607296,0
607404108059508735,0.0616944,0
607404108193726463,0.0592305,0
607404108462161919,0.0603527,0
607404108596379647,0.0605562,0
607404108730597375,0.0570529,0
607404108864815103,0.0648827,0
607404108999032831,0.0592163,0
607404109133250559,0.061446,0
607404109267468287,0.0576932,0
607404110609645567,0.0581285,0
607404110743863295,0.0561373,0
607404110878081023,0.0558128,0
607404111012298751,0.0530885,0
607404111146516479,0.0610789,0
607404111280734207,0.0624587,0
607404111414951935,0.0606492,0
607404111683387391,0.0575174,0
607404111817605119,0.0571086,0
607404111951822847,0.0613094,0
607404112086040575,0.0590596,0
607404112220258303,0.064162,0
607404112354476031,0.0605797,0
607404112488693759,0.062329,0
607404112757129215,0.0557261,0
607404112891346943,0.0540072,0
607404113025564671,0.05721,0
607404113159782399,0.0589787,0
607404113294000127,0.0559012,0
607404113428217855,0.0549242,0
607404113562435583,0.0579751,0
607404113830871039,0.0573771,0
607404113965088767,0.0611796,0
607404114099306495,0.0581174,0
607404114233524223,0.0605679,0
607404114367741951,0.061847,0
607404114501959679,0.0567625,0
607404114636177407,0.0549708,0
607404114904612863,0.0590656,0
607404115038830591,0.0607748,0
607404115173048319,0.059723,0
607404115307266047,0.0578029,0
607404115441483775,0.0636403,0
607404115575701503,0.0570588,0
607404115709919231,0.0528469,0
607404115978354687,0.0626157,0
607404116112572415,0.0582176,0
607404116246790143,0.0641884,0
607404116381007871,0.0639444,0
607404116515225599,0.0659469,0
607404116649443327,0.0648978,0
607404116783661055,0.0599602,0
607404117052096511,0.0607752,0
607404117186314239,0.0636753,0
607404117320531967,0.0616407,0
607404117454749695,0.057018,0
607404117588967423,0.0674571,0
607404117723185151,0.0578635,0
607404117857402879,0.0655131,0
607404119199580159,0.112037,0
607404119333797887,0.119229,0
607404119468015615,0.124831,0
607404119602233343,0.115864,0
607404119736451071,0.131718,0
607404119870668799,0.133821,0
607404120004886527,0.118477,0
607404120273321983,0.114577,0
607404120407539711,0.103564,0
607404120541757439,0.11914,0
607404120675975167,0.130146,0
607404120810192895,0.0906768,0
607404120944410623,0.0735447,0
607404121078628351,0.118709,0
607404121347063807,0.123918,0
607404121481281535,0.125597,0
607404121615499263,0.127218,0
607404121749716991,0.138843,0
607404121883934719,0.129262,0
607404122018152447,0.124005,0
607404122152370175,0.120114,0
607404122420805631,0.136446,0
607404122555023359,0.12747,0
607404122689241087,0.136066,0
607404122823458815,0.141742,0
607404122957676543,0.11376,0
607404123091894271,0.118131,0
607404123226111999,0.119212,0
607404123494547455,0.118292,0
607404123628765183,0.119308,0
607404123762982911,0.121058,0
607404123897200639,0.126089,0
607404124031418367,0.106254,0
607404124165636095,0.102392,0
607404124299853823,0.124649,0
607404124568289279,0.0772246,0
607404124702507007,0.068521,0
607404124836724735,0.110843,0
607404124970942463,0.0971847,0
607404125105160191,0.0698128,0
607404125239377919,0.0645035,0
607404125373595647,0.0923443,0
607404125642031103,0.124757,0
607404125776248831,0.133936,0
607404125910466559,0.130657,0
607404126044684287,0.126088,0
607404126178902015,0.120444,0
607404126313119743,0.118278,0
607404126447337471,0.124141,0
607404127789514751,0.103842,0
607404127923732479,0.100474,0
607404128057950207,0.134641,0
607404128192167935,0.136376,0
607404128326385663,0.0741649,0
607404128460603391,0.074377,0
607404128594821119,0.121199,0
607404128863256575,0.0831635,0
607404128997474303,0.0854878,0
607404129131692031,0.107738,0
607404129265909759,0.109136,0
607404129400127487,0.0673382,0
607404129534345215,0.0693036,0
607404129668562943,0.0750366,0
607404129936998399,0.136589,0
607404130071216127,0.133332,0
607404130205433855,0.12378,0
607404130339651583,0.127385,0
607404130473869311,0.131062,0
607404130608087039,0.131867,0
607404130742304767,0.135663,0
607404131010740223,0.113392,0
607404131144957951,0.112798,0
607404131279175679,0.125171,0
607404131413393407,0.131205,0
607404131547611135,0.11573,0
607404131681828863,0.116267,0
607404131816046591,0.115748,0
607404132084482047,0.0725941,0
607404132218699775,0.0716455,0
607404132352917503,0.0933134,0
607404132487135231,0.0796901,0
607404132621352959,0.071312,0
607404132755570687,0.0682774,0
607404132889788415,0.0760335,0
607404133158223871,0.0591162,0
607404133292441599,0.0588081,0
607404133426659327,0.0665101,0
607404133560877055,0.0667917,0
607404133695094783,0.05826,0
607404133829312511,0.0580655,0
607404133963530239,0.0643313,0
607404134231965695,0.132698,0
607404134366183423,0.132167,0
607404134500401151,0.129043,0
607404134634618879,0.132928,0
607404134768836607,0.137199,0
607404134903054335,0.13548,0
607404135037272063,0.129875,0
607404136379449343,0.0588268,0
607404136513667071,0.0607891,0
607404136647884799,0.0694703,0
607404136782102527,0.0621196,0
607404136916320255,0.0674128,0
607404137050537983,0.0604167,0
607404137184755711,0.0707742,0
607404137453191167,0.0622309,0
607404137587408895,0.0596502,0
607404137721626623,0.0544404,0
607404137855844351,0.0560052,0
607404137990062079,0.0565283,0
607404138124279807,0.0635154,0
607404138258497535,0.0586196,0
607404138526932991,0.0509158,0
607404138661150719,0.052031,0
607404138795368447,0.0590494,0
607404138929586175,0.0554535,0
607404139063803903,0.0686822,0
607404139198021631,0.0616866,0
607404139332239359,0.0550886,0
607404139600674815,0.0547429,0
607404139734892543,0.0496055,0
607404139869110271,0.0533765,0
607404140003327999,0.0567057,0
607404140137545727,0.0541646,0
607404140271763455,0.0571444,0
607404140405981183,0.0525236,0
607404140674416639,0.0686096,0
607404140808634367,0.0744038,0
607404140942852095,0.0636197,0
607404141077069823,0.0782197,0
607404141211287551,0.0742738,0
607404141345505279,0.0698193,0
607404141479723007,0.0787126,0
607404141748158463,0.0709245,0
607404141882376191,0.0633292,0
607404142016593919,0.0656212,0
607404142150811647,0.0646695,0
607404142285029375,0.0762846,0
607404142419247103,0.0698394,0
607404142553464831,0.07459,0
607404142821900287,0.064622,0
607404142956118015,0.0705421,0
607404143090335743,0.0718976,0
607404143224553471,0.0715218,0
607404143358771199,0.0666077,0
607404143492988927,0.065557,0
607404143627206655,0.0673872,0
607404144969383935,0.055961,0
607404145103601663,0.0586995,0
607404145237819391,0.0566648,0
607404145372037119,0.0558589,0
607404145506254847,0.0582406,0
607404145640472575,0.0570937,0
607404145774690303,0.054633,0
607404146043125759,0.0602308,0
607404146177343487,0.0592624,0
607404146311561215,0.0630782,0
607404146445778943,0.0619905,0
607404146579996671,0.0613026,0
607404146714214399,0.0568427,0
607404146848432127,0.0605212,0
607404147116867583,0.0586382,0
607404147251085311,0.0594945,0
607404147385303039,0.0588921,0
607404147519520767,0.0593643,0
607404147653738495,0.0613052,0
607404147787956223,0.0600817,0
607404147922173951,0.0557755,0
607404148190609407,0.0632182,0
607404148324827135,0.0614234,0
607404148459044863,0.060148,0
607404148593262591,0.0614459,0
607404148727480319,0.0621539,0
607404148861698047,0.0587122,0
607404148995915775,0.0633264,0
607404149264351231,0.0558031,0
607404149398568959,0.0624811,0
607404149532786687,0.0521104,0
607404149667004415,0.0619002,0
607404149801222143,0.0587332,0
607404149935439871,0.0595803,0
607404150069657599,0.0568699,0
607404150338093055,0.0595926,0
607404150472310783,0.0587455,0
607404150606528511,0.064244,0
607404150740746239,0.0603506,0
607404150874963967,0.0579697,0
607404151009181695,0.0571189,0
607404151143399423,0.0613611,0
607404151411834879,0.0598411,0
607404151546052607,0.0589836,0
607404151680270335,0.0608074,0
607404151814488063,0.0617847,0
607404151948705791,0.053574,0
607404152082923519,0.0586717,0
607404152217141247,0.0576938,0
607404153559318527,0.0615743,0
607404153693536255,0.0586849,0
607404153827753983,0.0670837,0
607404153961971711,0.068961,0
607404154096189439,0.0690074,0
607404154230407167,0.0679005,0
607404154364624895,0.0649888,0
607404154633060351,0.0590493,0
607404154767278079,0.0536355,0
607404154901495807,0.0524027,0
607404155035713535,0.0532405,0
607404155169931263,0.0614438,0
607404155304148991,0.056141,0
607404155438366719,0.063301,0
607404155706802175,0.0850338,0
607404155841019903,0.0776922,0
607404155975237631,0.0909367,0
607404156109455359,0.0965571,0
607404156243673087,0.0687183,0
607404156377890815,0.0836802,0
607404156512108543,0.0775622,0
607404156780543999,0.0663381,0
607404156914761727,0.0532687,0
607404157048979455,0.0748448,0
607404157183197183,0.0735506,0
607404157317414911,0.0549687,0
607404157451632639,0.0517077,0
607404157585850367,0.0702085,0
607404157854285823,0.0666604,0
607404157988503551,0.0674473,0
607404158122721279,0.0674031,0
607404158256939007,0.0650732,0
607404158391156735,0.0665709,0
607404158525374463,0.068587,0
607404158659592191,0.0660602,0
607404158928027647,0.0599201,0
607404159062245375,0.0609434,0
607404159196463103,0.0623319,0
607404159330680831,0.0618671,0
607404159464898559,0.0625012,0
607404159599116287,0.0615986,0
607404159733334015,0.0582247,0
607404160001769471,0.0739512,0
607404160135987199,0.0663304,0
607404160270204927,0.0691424,0
607404160404422655,0.0690868,0
607404160538640383,0.0640848,0
607404160672858111,0.0678584,0
607404160807075839,0.0684282,0
607404170739187711,0.0633696,0
607404170873405439,0.054665,0
607404171007623167,0.0638402,0
607404171141840895,0.0608554,0
607404171276058623,0.0603974,0
607404171410276351,0.0651026,0
607404171544494079,0.0569906,0
607404171812929535,0.0604672,0
607404171947147263,0.0749963,0
607404172081364991,0.056358,0
607404172215582719,0.0689474,0
607404172349800447,0.0629575,0
607404172484018175,0.0729166,0
607404172618235903,0.0559562,0
607404172886671359,0.0616835,0
607404173020889087,0.0610507,0
607404173155106815,0.0700485,0
607404173289324543,0.0693246,0
607404173423542271,0.0596276,0
607404173557759999,0.0601463,0
607404173691977727,0.06751,0
607404173960413183,0.0630521,0
607404174094630911,0.0710469,0
607404174228848639,0.0647973,0
607404174363066367,0.0734552,0
607404174497284095,0.06135,0
607404174631501823,0.0631463,0
607404174765719551,0.060528,0
607404175034155007,0.057461,0
607404175168372735,0.0619274,0
607404175302590463,0.0599328,0
607404175436808191,0.056928,0
607404175571025919,0.0561887,0
607404175705243647,0.0606059,0
607404175839461375,0.0628436,0
607404176107896831,0.060881,0
607404176242114559,0.0657232,0
607404176376332287,0.0590371,0
607404176510550015,0.0570936,0
607404176644767743,0.059999,0
607404176778985471,0.0593085,0
607404176913203199,0.0618227,0
607404177181638655,0.0577497,0
607404177315856383,0.0588849,0
607404177450074111,0.0594566,0
607404177584291839,0.0572241,0
607404177718509567,0.0588346,0
607404177852727295,0.0581928,0
607404177986945023,0.0544273,0
607404179329122303,0.139574,0
607404179463340031,0.146792,0
607404179597557759,0.156673,0
607404179731775487,0.15176,0
607404179865993215,0.14468,0
607404180000210943,0.146499,0
607404180134428671,0.144464,0
607404180402864127,0.131881,0
607404180537081855,0.131653,0
607404180671299583,0.138352,0
607404180805517311,0.133937,0
607404180939735039,0.136203,0
607404181073952767,0.125292,0
607404181208170495,0.133779,0
607404181476605951,0.163511,0
607404181610823679,0.153102,0
607404181745041407,0.138154,0
607404181879259135,0.170327,0
607404182013476863,0.126305,0
607404182147694591,0.161991,0
607404182281912319,0.102573,0
607404182550347775,0.131355,0
607404182684565503,0.135544,0
607404182818783231,0.140353,0
607404182953000959,0.144109,0
607404183087218687,0.137828,0
607404183221436415,0.139172,0
607404183355654143,0.146514,0
607404183624089599,0.0971362,0
607404183758307327,0.145884,0
607404183892525055,0.0828455,0
607404184026742783,0.124582,0
607404184160960511,0.0881297,0
607404184295178239,0.127294,0
607404184429395967,0.0827083,0
607404184697831423,0.141427,0
607404184832049151,0.139741,0
607404184966266879,0.144775,0
607404185100484607,0.146092,0
607404185234702335,0.146179,0
607404185368920063,0.14243,0
607404185503137791,0.146543,0
607404185771573247,0.0852311,0
607404185905790975,0.10401,0
607404186040008703,0.0754346,0
607404186174226431,0.102269,0
607404186308444159,0.0792865,0
607404186442661887,0.0971212,0
607404186576879615,0.0756185,0
607404189529669631,0.0759665,0
607404189663887359,0.0713768,0
607404192885112831,0.0792665,0
607404193287766015,0.0712427,0
607404193421983743,0.0640695,0
607404193690419199,0.0688147,0
607404193824636927,0.0685173,0
607404193958854655,0.0682596,0
607404194093072383,0.0733861,0
607404196643209215,0.115099,0
607404197045862399,0.0957161,0
607404197180080127,0.103228,0
607404197582733311,0.163813,0
607404197716951039,0.187431,0
607404197851168767,0.144871,0
607404197985386495,0.190045,0
607404198119604223,0.128093,0
607404198253821951,0.175069,0
607404198388039679,0.111818,0
607404200803958783,0.0813436,0
607404200938176511,0.0828076,0
607404201072394239,0.0863587,0
607404201206611967,0.0911388,0
607404201340829695,0.07044,0
607404201475047423,0.0717008,0
607404201609265151,0.0758516,0
607404201877700607,0.0833511,0
607404202011918335,0.106493,0
607404202146136063,0.0875895,0
607404202280353791,0.0975855,0
607404202414571519,0.0775352,0
607404202548789247,0.0847585,0
607404202683006975,0.0793482,0
607404205098926079,0.0673352,0
607404205233143807,0.0661388,0
607404205367361535,0.0708639,0
607404205501579263,0.0719529,0
607404205635796991,0.0769831,0
607404205770014719,0.0651116,0
607404205904232447,0.0751354,0
607404206172667903,0.0564008,0
607404206306885631,0.0593833,0
607404206441103359,0.0518211,0
607404206575321087,0.0552656,0
607404206709538815,0.0597282,0
607404206843756543,0.0455575,0
607404206977974271,0.0597023,0
607404207246409727,0.0608678,0
607404207380627455,0.0554353,0
607404207514845183,0.0665271,0
607404207649062911,0.0565806,0
607404207783280639,0.0744022,0
607404207917498367,0.0652535,0
607404208051716095,0.0747163,0
607404208320151551,0.0530133,0
607404208454369279,0.0562812,0
607404208588587007,0.0596461,0
607404208722804735,0.060459,0
607404208857022463,0.0517089,0
607404208991240191,0.0549027,0
607404209125457919,0.0545675,0
607404209393893375,0.0772262,0
607404209528111103,0.0752542,0
607404209662328831,0.0723664,0
607404209796546559,0.0729908,0
607404209930764287,0.0688985,0
607404210064982015,0.0755382,0
607404210199199743,0.0769896,0
607404210467635199,0.0617871,0
607404210601852927,0.0707877,0
607404210736070655,0.0713165,0
607404210870288383,0.0679709,0
607404211004506111,0.0681834,0
607404211138723839,0.0701776,0
607404211272941567,0.0759021,0
607404211541377023,0.0777439,0
607404211675594751,0.069925,0
607404211809812479,0.0711425,0
607404211944030207,0.0739513,0
607404212078247935,0.0767594,0
607404212212465663,0.0798752,0
607404212346683391,0.0740173,0
607404213688860671,0.07644,0
607404213823078399,0.111839,0
607404213957296127,0.076329,0
607404214091513855,0.093434,0
607404214225731583,0.0693058,0
607404214359949311,0.0807869,0
607404214494167039,0.0662556,0
607404214762602495,0.122981,0
607404214896820223,0.140216,0
607404215031037951,0.13094,0
607404215165255679,0.139251,0
607404215299473407,0.110624,0
607404215433691135,0.118871,0
607404215567908863,0.114781,0
607404215836344319,0.0731189,0
607404215970562047,0.0856115,0
607404216104779775,0.0699948,0
607404216238997503,0.0810019,0
607404216373215231,0.0735038,0
607404216507432959,0.0810931,0
607404216641650687,0.07041,0
607404216910086143,0.12911,0
607404217044303871,0.142466,0
607404217178521599,0.0990812,0
607404217312739327,0.14777,0
607404217446957055,0.124737,0
607404217581174783,0.143289,0
607404217715392511,0.0920268,0
607404217983827967,0.0646166,0
607404218118045695,0.0606839,0
607404218252263423,0.064403,0
607404218386481151,0.0609603,0
607404218520698879,0.0625139,0
607404218654916607,0.0531359,0
607404218789134335,0.061912,0
607404219057569791,0.0646214,0
607404219191787519,0.104002,0
607404219326005247,0.0659779,0
607404219460222975,0.0970856,0
607404219594440703,0.0635069,0
607404219728658431,0.0776866,0
607404219862876159,0.0608005,0
607404220131311615,0.0680973,0
607404220265529343,0.0686187,0
607404220399747071,0.0601151,0
607404220533964799,0.0704773,0
607404220668182527,0.062415,0
607404220802400255,0.0652566,0
607404220936617983,0.05995,0
607404222278795263,0.0828071,0
607404222413012991,0.0730146,0
607404222547230719,0.0803248,0
607404222681448447,0.0789382,0
607404222815666175,0.0857935,0
607404222949883903,0.0781205,0
607404223084101631,0.0741604,0
607404223352537087,0.0622546,0
607404223486754815,0.064456,0
607404223620972543,0.0657748,0
607404223755190271,0.0580354,0
607404223889407999,0.0726045,0
607404224023625727,0.061493,0
607404224157843455,0.0773558,0
607404224426278911,0.0921275,0
607404224560496639,0.0843446,0
607404224963149823,0.0850759,0
607404225097367551,0.0845648,0
607404225231585279,0.0848985,0
607404225500020735,0.0704854,0
607404225634238463,0.0636245,0
607404225768456191,0.0763885,0
607404225902673919,0.0764245,0
607404226036891647,0.0738151,0
607404226171109375,0.0628218,0
607404226305327103,0.0764758,0
607404226573762559,0.0833814,0
607404226707980287,0.0761979,0
607404226842198015,0.0862601,0
607404226976415743,0.0811925,0
607404227110633471,0.0731489,0
607404227244851199,0.0830791,0
607404227379068927,0.0837189,0
607404227647504383,0.0806594,0
607404227781722111,0.0772426,0
607404227915939839,0.0800373,0
607404228050157567,0.0740458,0
607404228184375295,0.0826448,0
607404228318593023,0.0716269,0
607404228452810751,0.0797283,0
607404228721246207,0.0905988,0
607404228855463935,0.0852143,0
607404228989681663,0.0895992,0
607404229123899391,0.0834974,0
607404229258117119,0.0837096,0
607404229392334847,0.080623,0
607404229526552575,0.0876494,0
607409943175233535,0.132513,0
607409943309451263,0.0611579,0
607409943443668991,0.16059,0
607409943577886719,0.203375,0
607409943712104447,0.118097,0
607409943846322175,0.108574,0
607409943980539903,0.112147,0
607409944248975359,0.17253,0
607409944383193087,0.212844,0
607409944517410815,0.0953433,0
607409944651628543,0.413831,0
607409944785846271,0.16985,0
607409944920063999,0.442419,0
607409945054281727,0.0690508,0
607409945322717183,0.110308,0
607409945456934911,0.206636,0
607409945591152639,0.0916802,0
607409945725370367,0.165375,0
607409945859588095,0.0704867,0
607409945993805823,0.176213,0
607409946128023551,0.0580645,0
607409946396459007,0.125381,0
607409946530676735,0.261115,0
607409946664894463,0.0662523,0
607409946799112191,0.145875,0
607409946933329919,0.0723462,0
607409947067547647,0.164757,0
607409947201765375,0.0617812,0
607409947470200831,0.107419,0
607409947604418559,0.143654,0
607409947738636287,0.0319438,0
607409947872854015,0.0939605,0
607409948007071743,0.0939521,0
607409948141289471,0.0748874,0
607409948275507199,0.0330728,0
607409948543942655,0.0743569,0
607409948678160383,0.134353,0
607409948812378111,0.180692,0
607409948946595839,0.0995274,0
607409949349249023,0.116336,0
607409949617684479,0.0286209,0
607409949751902207,0.0776747,0
607409949886119935,0.0208731,0
607409950020337663,0.0594863,0
607409950154555391,0.0207326,0
607409950288773119,0.0880832,0
607409950422990847,0.0213022,0
607409951765168127,0.525182,0
607409951899385855,0.457471,0
607409952033603583,0.586665,0
607409952167821311,0.850984,0
607409952302039039,0.434054,0
607409952436256767,0.404282,0
607409952570474495,0.233849,0
607409952838909951,0.24193,0
607409952973127679,0.133521,0
607409953107345407,0.256293,0
607409953241563135,0.190469,0
607409953375780863,0.271057,0
607409953509998591,0.18653,0
607409953644216319,0.305358,0
607409953912651775,0.661512,0
607409954046869503,0.954002,0
607409954181087231,0.376715,0
607409954315304959,0.554308,0
607409954449522687,0.244868,0
607409954583740415,0.689018,0
607409954717958143,0.238128,0
607409954986393599,0.281618,0
607409955120611327,0.178818,0
607409955254829055,0.289672,0
607409955389046783,0.251978,0
607409955523264511,0.278588,0
607409955657482239,0.216815,0
607409955791699967,0.454305,0
607409956060135423,0.235922,0
607409956194353151,0.291317,0
607409956328570879,0.227898,0
607409956462788607,0.229122,0
607409956597006335,0.231837,0
607409956731224063,0.484658,0
607409956865441791,0.228481,0
607409957133877247,0.50561,0
607409957268094975,0.265294,0
607409957402312703,0.602433,0
607409957536530431,0.412904,0
607409957939183615,0.558755,0
607409958207619071,0.241282,0
607409958341836799,0.237225,0
607409958476054527,0.241432,0
607409958744489983,0.262109,0
607409958878707711,0.232451,0
607409959012925439,0.339943,0
607409960355102719,0.0269998,0
607409960489320447,0.0212022,0
607409960623538175,0.054748,0
607409960757755903,0.0220632,0
607409960891973631,0.0499612,0
607409961026191359,0.0210711,0
607409961160409087,0.0542783,0
607409961428844543,0.0734442,0
607409961563062271,0.0752438,0
607409961697279999,0.0291727,0
607409961831497727,0.0673707,0
607409961965715455,0.0281416,0
607409962099933183,0.0780745,0
607409962234150911,0.0250723,0
607409962502586367,0.0187457,0
607409962636804095,0.026218,0
607409962771021823,0.0191059,0
607409962905239551,0.0216439,0
607409963039457279,0.0520155,0
607409963173675007,0.0281016,0
607409963307892735,0.0171105,0
607409963576328191,0.0504136,0
607409963710545919,0.0547992,0
607409963844763647,0.0205546,0
607409963978981375,0.0727089,0
607409964113199103,0.0212844,0
607409964247416831,0.058764,0
607409964381634559,0.0211489,0
607409964650070015,0.0206341,0
607409964784287743,0.0202894,0
607409964918505471,0.0202047,0
607409965052723199,0.0201573,0
607409965186940927,0.0204359,0
607409965321158655,0.0198131,0
607409965455376383,0.0389976,0
607409965723811839,0.0214049,0
607409965858029567,0.0576787,0
607409965992247295,0.0237634,0
607409966126465023,0.0288167,0
607409966260682751,0.0205381,0
607409966394900479,0.0584547,0
607409966529118207,0.0205385,0
607409966797553663,0.0280076,0
607409966931771391,0.0256194,0
607409967065989119,0.0339744,0
607409967200206847,0.0244363,0
607409967334424575,0.0410691,0
607409967468642303,0.0267837,0
607409967602860031,0.0346183,0
607409968945037311,0.12747,0
607409969079255039,0.526617,0
607409969213472767,0.0591677,0
607409969347690495,0.37694,0
607409969481908223,0.168952,0
607409969616125951,0.328864,0
607409969750343679,0.0743637,0
607409970018779135,0.293374,0
607409970152996863,0.456038,0
607409970287214591,0.463012,0
607409970421432319,0.498652,0
607409970555650047,0.217468,0
607409970689867775,0.628164,0
607409970824085503,0.260986,0
607409971092520959,0.0562744,0
607409971226738687,0.0594836,0
607409971360956415,0.0698173,0
607409971495174143,0.0445429,0
607409971629391871,0.0425049,0
607409971763609599,0.0624418,0
607409971897827327,0.0968879,0
607409972166262783,0.420571,0
607409972300480511,0.240956,0
607409972434698239,0.315169,0
607409972568915967,0.394497,0
607409972703133695,0.529028,0
607409972837351423,0.374523,0
607409972971569151,0.379052,0
607409973240004607,0.308266,0
607409973374222335,0.159579,0
607409973508440063,0.201304,0
607409973642657791,0.0696105,0
607409973776875519,0.234708,0
607409973911093247,0.112461,0
607409974045310975,0.208543,0
607409974313746431,0.330497,0
607409974447964159,0.243807,0
607409974582181887,0.242881,0
607409974716399615,0.236456,0
607409974850617343,0.348826,0
607409974984835071,0.245514,0
607409975119052799,0.252508,0
607409975387488255,0.134625,0
607409975521705983,0.0987017,0
607409975655923711,0.0941157,0
607409975790141439,0.118771,0
607409975924359167,0.134817,0
607409976058576895,0.239293,0
607409976192794623,0.0863705,0
607409979950891007,0.0196389,0
607409980085108735,0.0260736,0
607409988540825599,0.252871,0
607409988675043327,0.229437,0
607409994714841087,0.0410371,0
607409994849058815,0.0583068,0
607409994983276543,0.0409276,0
607409995117494271,0.0410431,0
607409995251711999,0.0410371,0
607409995385929727,0.0583068,0
607409995520147455,0.040356,0
607409995788582911,0.0215063,0
607409995922800639,0.0262362,0
607409996057018367,0.0221386,0
607409996191236095,0.0224274,0
607409996325453823,0.0209006,0
607409996459671551,0.0204226,0
607409996593889279,0.0208489,0
607409996862324735,0.0397834,0
607409996996542463,0.0409276,0
607409997130760191,0.0385279,0
607409997264977919,0.0381998,0
607409997399195647,0.0395572,0
607409997533413375,0.0397834,0
607409997667631103,0.0388359,0
607409997936066559,0.0206178,0
607409998070284287,0.0204856,0
607409998204502015,0.0629614,0
607409998338719743,0.0191227,0
607409998472937471,0.0657428,0
607409998607155199,0.0239161,0
607409998741372927,0.0656993,0
607409999009808383,0.0350911,0
607409999144026111,0.0239249,0
607409999278243839,0.0341284,0
607409999412461567,0.0341284,0
607409999546679295,0.0401194,0
607409999680897023,0.0401194,0
607409999815114751,0.0391725,0
607410000083550207,0.0193474,0
607410000217767935,0.0206178,0
607410000351985663,0.0658243,0
607410000486203391,0.0193474,0
607410000888856575,0.0185723,0
607410001157292031,0.0391436,0
607410001291509759,0.0397433,0
607410001425727487,0.0224034,0
607410001559945215,0.0382638,0
607410001694162943,0.0391436,0
607410001828380671,0.0343209,0
607410001962598399,0.019139,0
607410014310629375,0.0893313,0
607410014444847103,0.0785773,0
607410022900563967,0.113845,0
607410023034781695,0.115995,0
607410029074579455,0.0910336,0
607410029208797183,0.0858034,0
607410029343014911,0.0806793,0
607410029477232639,0.0816796,0
607410029611450367,0.0920744,0
607410029745668095,0.0857347,0
607410029879885823,0.0925941,0
607410030148321279,0.0811526,0
607410030282539007,0.08624,0
607410030416756735,0.0853799,0
607410030550974463,0.0992941,0
607410030685192191,0.0801257,0
607410030819409919,0.0826092,0
607410030953627647,0.0708295,0
607410031222063103,0.102588,0
607410031356280831,0.0766116,0
607410031490498559,0.100793,0
607410031624716287,0.082357,0
607410031758934015,0.094633,0
607410031893151743,0.0831032,0
607410032027369471,0.105502,0
607410032295804927,0.0826481,0
607410032430022655,0.08551,0
607410032564240383,0.0757343,0
607410032698458111,0.0813509,0
607410032832675839,0.0745949,0
607410032966893567,0.0836361,0
607410033101111295,0.0590682,0
607410033369546751,0.113741,0
607410033503764479,0.0958775,0
607410033637982207,0.114836,0
607410033772199935,0.0934328,0
607410033906417663,0.123784,0
607410034040635391,0.124505,0
607410034174853119,0.114958,0
607410034443288575,0.110019,0
607410034577506303,0.0930178,0
607410034711724031,0.0896099,0
607410034845941759,0.0838278,0
607410035248594943,0.110476,0
607410035517030399,0.101321,0
607410035651248127,0.0819115,0
607410035785465855,0.133054,0
607410035919683583,0.093292,0
607410036053901311,0.120747,0
607410036188119039,0.105039,0
607410036322336767,0.127344,0
607410037664514047,0.108224,0
607410037798731775,0.10977,0
607410037932949503,0.0978775,0
607410038067167231,0.0964983,0
607410038201384959,0.0964558,0
607410038335602687,0.106679,0
607410038469820415,0.0905769,0
607410038738255871,0.115401,0
607410038872473599,0.119728,0
607410039006691327,0.113042,0
607410039140909055,0.117716,0
607410039275126783,0.119453,0
607410039409344511,0.118632,0
607410039543562239,0.113678,0
607410039811997695,0.0980068,0
607410039946215423,0.100477,0
607410040080433151,0.0816758,0
607410040214650879,0.0911171,0
607410040348868607,0.0916752,0
607410040483086335,0.0986393,0
607410040617304063,0.0844803,0
607410040885739519,0.105147,0
607410041019957247,0.113593,0
607410041154174975,0.106799,0
607410041288392703,0.107454,0
607410041422610431,0.105936,0
607410041556828159,0.106111,0
607410041691045887,0.10051,0
607410041959481343,0.0945291,0
607410042093699071,0.0880006,0
607410042227916799,0.104985,0
607410042362134527,0.0858786,0
607410042496352255,0.100308,0
607410042630569983,0.091271,0
607410042764787711,0.0818435,0
607410043033223167,0.111693,0
607410043167440895,0.104514,0
607410043301658623,0.103634,0
607410043435876351,0.103029,0
607410043838529535,0.0963352,0
607410044106964991,0.106178,0
607410044241182719,0.0897147,0
607410044375400447,0.0952281,0
607410044509618175,0.0930495,0
607410044643835903,0.1091,0
607410044778053631,0.102425,0
607410044912271359,0.0998771,0
607410065850236927,0.223859,0
607410065984454655,0.115182,0
607410237380493311,0.0261944,0
607410237514711039,0.015118,0
607410237648928767,0.015118,0
607410237783146495,0.0180599,0
607410238185799679,0.0313134,0
607410238722670591,0.0252803,0
607410238856888319,0.0267151,0
607410245970427903,0.0215454,0
607410246238863359,0.0339607,0
607410246373081087,0.0383562,0
607410246775734271,0.01715,0
607410492931047423,0.22142,0
607410493065265151,0.251615,0
607410493199482879,0.262915,0
607410493333700607,0.276191,0
607410493467918335,0.213941,0
607410493602136063,0.243743,0
607410493736353791,0.220968,0
607410494004789247,0.247572,0
607410494139006975,0.254548,0
607410494273224703,0.260086,0
607410494407442431,0.260653,0
607410494541660159,0.250479,0
607410494675877887,0.246535,0
607410494810095615,0.258869,0
607410495078531071,0.282787,0
607410495212748799,0.294754,0
607410495346966527,0.292352,0
607410495481184255,0.294279,0
607410495615401983,0.285382,0
607410495749619711,0.275195,0
607410495883837439,0.281031,0
607410496152272895,0.27326,0
607410496286490623,0.272875,0
607410496420708351,0.296658,0
607410496554926079,0.283958,0
607410496689143807,0.284462,0
607410496823361535,0.271858,0
607410496957579263,0.290162,0
607410497226014719,0.193831,0
607410497360232447,0.223367,0
607410497494450175,0.187622,0
607410497628667903,0.216585,0
607410498031321087,0.170131,0
607410498568191999,0.27116,0
607410498702409727,0.258673,0
607410499373498367,0.267673,0
607410499507716095,0.261717,0
607410499641933823,0.25918,0
607410499776151551,0.288994,0
607410499910369279,0.185143,0
607410500044587007,0.211889,0
607410500178804735,0.222936,0
607410501520982015,0.247486,0
607410501655199743,0.23747,0
607410501789417471,0.247779,0
607410501923635199,0.251394,0
607410502057852927,0.242549,0
607410502192070655,0.242504,0
607410502326288383,0.259897,0
607410502594723839,0.219255,0
607410502728941567,0.217205,0
607410502863159295,0.218768,0
607410502997377023,0.211615,0
607410503131594751,0.229323,0
607410503265812479,0.23121,0
607410503400030207,0.226768,0
607410503668465663,0.239094,0
607410503802683391,0.25246,0
607410503936901119,0.257453,0
607410504071118847,0.252906,0
607410504205336575,0.242751,0
607410504339554303,0.241771,0
607410504473772031,0.262745,0
607410504742207487,0.228539,0
607410504876425215,0.21546,0
607410505010642943,0.242849,0
607410505144860671,0.227546,0
607410505279078399,0.241212,0
607410505413296127,0.228394,0
607410505547513855,0.240526,0
607410505815949311,0.264846,0
607410505950167039,0.244985,0
607410506084384767,0.255599,0
607410506218602495,0.252605,0
607410506621255679,0.247686,0
607410507158126591,0.241132,0
607410507292344319,0.237627,0
607410507963432959,0.267773,0
607410508097650687,0.261136,0
607410508231868415,0.268803,0
607410508366086143,0.258643,0
607410508500303871,0.264387,0
607410508634521599,0.260252,0
607410508768739327,0.268023,0
607410510110916607,0.277701,0
607410510245134335,0.303994,0
607410510379352063,0.254454,0
607410510513569791,0.281507,0
607410510647787519,0.26181,0
607410510782005247,0.272121,0
607410510916222975,0.25679,0
607410511184658431,0.29372,0
607410511318876159,0.298123,0
607410511453093887,0.294377,0
607410511587311615,0.298885,0
607410511721529343,0.292464,0
607410511855747071,0.295672,0
607410511989964799,0.291553,0
607410512258400255,0.225392,0
607410512392617983,0.266361,0
607410512526835711,0.195298,0
607410512661053439,0.213855,0
607410512795271167,0.23518,0
607410512929488895,0.252775,0
607410513063706623,0.234358,0
607410513332142079,0.288897,0
607410513466359807,0.309317,0
607410513600577535,0.275077,0
607410513734795263,0.291502,0
607410513869012991,0.295871,0
607410514003230719,0.311287,0
607410514137448447,0.281645,0
607410514405883903,0.24234,0
607410514540101631,0.261654,0
607410514674319359,0.235648,0
607410514808537087,0.247,0
607410514942754815,0.235811,0
607410515076972543,0.250086,0
607410515211190271,0.217815,0
607410515479625727,0.27219,0
607410515613843455,0.29409,0
607410515748061183,0.264715,0
607410515882278911,0.295276,0
607410516016496639,0.247339,0
607410516150714367,0.273293,0
607410516284932095,0.258857,0
607410516553367551,0.232354,0
607410516687585279,0.261443,0
607410516821803007,0.210224,0
607410516956020735,0.22426,0
607410517090238463,0.21346,0
607410517224456191,0.243163,0
607410517358673919,0.179607,0
607410518700851199,0.300856,0
607410518835068927,0.289703,0
607410518969286655,0.304253,0
607410519103504383,0.299349,0
607410519237722111,0.292629,0
607410519371939839,0.27918,0
607410519506157567,0.303349,0
607410519774593023,0.247383,0
607410519908810751,0.255356,0
607410520043028479,0.264967,0
607410520177246207,0.235421,0
607410520311463935,0.267504,0
607410520445681663,0.251956,0
607410520579899391,0.263182,0
607410520848334847,0.275608,0
607410520982552575,0.291136,0
607410521116770303,0.291393,0
607410521250988031,0.29528,0
607410521385205759,0.306377,0
607410521519423487,0.279093,0
607410521653641215,0.292374,0
607410521922076671,0.274535,0
607410522056294399,0.260036,0
607410522190512127,0.281934,0
607410522324729855,0.270453,0
607410522458947583,0.266419,0
607410522593165311,0.251036,0
607410522727383039,0.288764,0
607410522995818495,0.307643,0
607410523130036223,0.303403,0
607410523264253951,0.304762,0
607410523398471679,0.296676,0
607410523532689407,0.310308,0
607410523666907135,0.29961,0
607410523801124863,0.30449,0
607410524069560319,0.279042,0
607410524203778047,0.273387,0
607410524337995775,0.286589,0
607410524472213503,0.283199,0
607410524606431231,0.273461,0
607410524740648959,0.270669,0
607410524874866687,0.285947,0
607410525143302143,0.318609,0
607410525277519871,0.3085,0
607410525411737599,0.309517,0
607410525545955327,0.310375,0
607410525680173055,0.306729,0
607410525814390783,0.303637,0
607410525948608511,0.314376,0
607410544470654975,0.204596,0
607410544604872703,0.202347,0
607410544739090431,0.212995,0
607410544873308159,0.203549,0
607410545007525887,0.197527,0
607410545141743615,0.1895,0
607410545275961343,0.20293,0
607410545544396799,0.183311,0
607410545678614527,0.17698,0
607410545812832255,0.197676,0
607410545947049983,0.197593,0
607410546081267711,0.168788,0
607410546215485439,0.170711,0
607410546349703167,0.187682,0
607410546618138623,0.209872,0
607410546752356351,0.207812,0
607410546886574079,0.204587,0
607410547020791807,0.214884,0
607410547155009535,0.209443,0
607410547289227263,0.213152,0
607410547423444991,0.212065,0
607410547691880447,0.242934,0
607410547826098175,0.247969,0
607410547960315903,0.232289,0
607410548094533631,0.244763,0
607410548228751359,0.217909,0
607410548362969087,0.240104,0
607410548497186815,0.225455,0
607410548765622271,0.17989,0
607410548899839999,0.171968,0
607410549034057727,0.215318,0
607410549168275455,0.197197,0
607410549302493183,0.175185,0
607410549436710911,0.171956,0
607410549570928639,0.178019,0
607410549839364095,0.162781,0
607410550107799551,0.170647,0
607410550242017279,0.178874,0
607410550644670463,0.16515,0
607410550913105919,0.230675,0
607410551047323647,0.215566,0
607410551181541375,0.214979,0
607410551315759103,0.228584,0
607410551449976831,0.21091,0
607410551584194559,0.222806,0
607410551718412287,0.216557,0
607410578830393343,0.201479,0
607410578964611071,0.200576,0
607410579098828799,0.20189,0
607410579233046527,0.208197,0
607410579367264255,0.213267,0
607410579501481983,0.219958,0
607410579635699711,0.210354,0
607410579904135167,0.199106,0
607410580038352895,0.200736,0
607410580172570623,0.195931,0
607410580306788351,0.197421,0
607410580441006079,0.204573,0
607410580575223807,0.202092,0
607410580709441535,0.211738,0
607410580977876991,0.181754,0
607410581112094719,0.193824,0
607410581246312447,0.189318,0
607410581380530175,0.202619,0
607410581514747903,0.200032,0
607410581648965631,0.190456,0
607410581783183359,0.187289,0
607410582051618815,0.185725,0
607410582185836543,0.188669,0
607410582320054271,0.182143,0
607410582454271999,0.183786,0
607410582588489727,0.190915,0
607410582722707455,0.184775,0
607410582856925183,0.182635,0
607410583125360639,0.234737,0
607410583259578367,0.222163,0
607410583393796095,0.231157,0
607410583528013823,0.217564,0
607410583930667007,0.220311,0
607410584467537919,0.211194,0
607410584601755647,0.221757,0
607410585272844287,0.234887,0
607410585407062015,0.201254,0
607410585541279743,0.217385,0
607410585675497471,0.224571,0
607410585809715199,0.238328,0
607410585943932927,0.239936,0
607410586078150655,0.220054,0
607410587420327935,0.218907,0
607410587554545663,0.235564,0
607410587688763391,0.221303,0
607410587822981119,0.233476,0
607410587957198847,0.225381,0
607410588091416575,0.226456,0
607410588225634303,0.241934,0
607410588494069759,0.223209,0
607410588628287487,0.224499,0
607410588762505215,0.246881,0
607410588896722943,0.230041,0
607410589030940671,0.208231,0
607410589165158399,0.217697,0
607410589299376127,0.264839,0
607410589567811583,0.211767,0
607410589702029311,0.222217,0
607410589836247039,0.20772,0
607410589970464767,0.216843,0
607410590104682495,0.216936,0
607410590238900223,0.216913,0
607410590373117951,0.208071,0
607410590641553407,0.2159,0
607410590775771135,0.237079,0
607410590909988863,0.254792,0
607410591044206591,0.23986,0
607410591178424319,0.231296,0
607410591312642047,0.230733,0
607410591446859775,0.221628,0
607410591715295231,0.222462,0
607410591849512959,0.225189,0
607410591983730687,0.220031,0
607410592117948415,0.22513,0
607410592520601599,0.217556,0
607410593057472511,0.232069,0
607410593191690239,0.219579,0
607410593862778879,0.210006,0
607410593996996607,0.216427,0
607410594131214335,0.198801,0
607410594265432063,0.210159,0
607410594399649791,0.223154,0
607410594533867519,0.222847,0
607410594668085247,0.186588,0
607410787404742655,0.166404,0
607410787538960383,0.159282,0
607410795994677247,0.179734,0
607410796128894975,0.248366,0
607410905382125567,0.015118,0
607410905650561023,0.015118,0
607410906455867391,0.000288811,0
607410906590085119,0.015118,0
607410906724302847,0.000449262,0
607410906858520575,0.015118,0
607410906992738303,0.015118,0
607410907126956031,0,0
607410908469133311,0.015118,0
607410908603351039,0.015118,0
607410908871786495,0.015118,0
607410909006004223,0.015118,0
607410909140221951,0.015118,0
607410909274439679,0.015118,0
607410910079746047,0.00199272,0
607410910348181503,0.0153747,0
607410910616616959,0.015118,0
607410910750834687,0.0154068,0
607410910885052415,0,0
607410911019270143,0.000288811,0
607410911153487871,0,0
607410911287705599,0.000288811,0
607410911421923327,0.000288811,0
607410911690358783,0,0
607410911958794239,0.015118,0
607410912495665151,0,0
607410913837842431,0.000192541,0
607410913972060159,0.000618881,0
607410914106277887,0.000736914,0
607410914240495615,0.000956961,0
607410914374713343,0.000288811,0
607410914508931071,0.000618881,0
607410914643148799,0.000288811,0
607410914911584255,0.00364871,0
607410915045801983,0.00991119,0
607410915180019711,0.00569614,0
607410915314237439,0.0202747,0
607410915448455167,0.0298327,0
607410915582672895,0.0357074,0
607410915716890623,0.00240664,0
607410915985326079,0.00165839,0
607410916119543807,0.00242281,0
607410916253761535,0.00165839,0
607410916387979263,0.00310113,0
607410916522196991,0.000192541,0
607410916656414719,0.000412588,0
607410916790632447,0.00191511,0
607410917059067903,0.00657158,0
607410917193285631,0.0108894,0
607410917327503359,0.00426212,0
607410917461721087,0.0117971,0
607410917595938815,0.00334064,0
607410917730156543,0.00998905,0
607410917864374271,0.00334064,0
607410918132809727,0.00426037,0
607410918267027455,0.00743828,0
607410918401245183,0.000192541,0
607410918535462911,0.000412588,0
607410918669680639,0.000288811,0
607410918803898367,0.000192541,0
607410918938116095,0.000192541,0
607410919206551551,0.000618881,0
607410919340769279,0.0233262,0
607410919474987007,0.000288811,0
607410919609204735,0.0157368,0
607410919743422463,0.00715343,0
607410919877640191,0.00972223,0
607410920011857919,0.000192541,0
607410920280293375,0.000192541,0
607410920414511103,0.000736914,0
607410920548728831,0.000449262,0
607410920682946559,0.000669309,0
607410920817164287,0.000736914,0
607410920951382015,0.000192541,0
607410921085599743,0.000449262,0
607410922830430207,0.030535,0
607410925649002495,0.0303722,0
607410925783220223,0.0316925,0
607410925917437951,0.0170869,0
607410926051655679,0.0170869,0
607410926185873407,0.0511015,0
607410926454308863,0.0211748,0
607410928333357055,0,0
607410931017711615,0.0638641,0
607410931151929343,0.0303874,0
607410931286147071,0.0325645,0
607410931420364799,0.028436,0
607410931554582527,0.0172698,0
607410931688800255,0.0172698,0
607410931823017983,0.0324719,0
607410932225671167,0.00893821,0
607410932359888895,0.00790863,0
607410932494106623,0.0136627,0
607410932628324351,0.0154068,0
607410932896759807,0.025807,0
607410933299412991,0.0311593,0
607410933836283903,0.0645354,0
607410934238937087,0.0289847,0
607410934373154815,0.060288,0
607410934507372543,0.0418483,0
607410934641590271,0.041453,0
607410934775807999,0.0352605,0
607410934910025727,0.0167244,0
607410935044243455,0.0589728,0
607410936386420735,0.0168405,0
607410936520638463,0.0170606,0
607410936654856191,0.015118,0
607410936789073919,0.015118,0
607410936923291647,0.0168405,0
607410937057509375,0.0170331,0
607410937460162559,0.0294985,0
607410937594380287,0.0282257,0
607410937728598015,0.0318767,0
607410937862815743,0.0611858,0
607410940815605759,0.00163895,0
607410941889347583,0.00249237,0
607410942157783039,0.00229216,0
607410942828871679,0.00270027,0
607410943097307135,0.000192541,0
607410943634178047,0.0172176,0
607410948331798527,0.000192541,0
607410948466016255,0.000577623,0
607410948600233983,0,0
607410948734451711,0.000288811,0
607410948868669439,0,0
607410949271322623,0.00737348,0
607410949405540351,0.00715343,0
607410949539758079,0.00660906,0
607410949673975807,0.00715343,0
607410949808193535,0.0069994,0
607410949942411263,0.00686578,0
607410950076628991,0.00660906,0
607410950345064447,0,0
607410950479282175,0,0
607410950613499903,0.000288811,0
607410950747717631,0.000288811,0
607410950881935359,0,0
607410951016153087,0,0
607410951150370815,0.000750909,0
607410951418806271,0.000736914,0
607410951553023999,0.00660906,0
607410951687241727,0.000736914,0
607410951821459455,0.000192541,0
607410951955677183,0.000192541,0
607410952089894911,0.00715343,0
607410952224112639,0.000577623,0
607410952626765823,0.00102371,0
607410952760983551,0.0158529,0
607410952895201279,0.00102371,0
607410953566289919,0.0065513,0
607410953700507647,0.0065513,0
607410953834725375,0.000288811,0
607410953968943103,0.0065513,0
607410954103160831,0.00678235,0
607410954237378559,0.0065513,0
607410954371596287,0.0154068,0
607410954774249471,0.000577623,0
607410955042684927,0.000577623,0
607410955176902655,0.0165878,0
607410960142958591,0,0
607410973967384575,0.01736,0
607410974101602303,0.0338388,0
607410974235820031,0.0276487,0
607410974370037759,0.0172506,0
607410974504255487,0.0188003,0
607410974638473215,0.017115,0
607410974772690943,0.0336219,0
607410975041126399,0.0373762,0
607410975175344127,0.0169526,0
607410975309561855,0.0173101,0
607410975443779583,0.0213682,0
607410975577997311,0.0227511,0
607410975712215039,0.0248681,0
607410975846432767,0.0211086,0
607410976114868223,0.0273151,0
607410976249085951,0.0271382,0
607410976383303679,0.00777795,0
607410976517521407,0.026621,0
607410976651739135,0.0271382,0
607410976785956863,0.0274307,0
607410976920174591,0.00879232,0
607410977188610047,0.0173175,0
607410977322827775,0.0187664,0
607410977457045503,0.0172411,0
607410977591263231,0.0170866,0
607410977725480959,0.0192119,0
607410977859698687,0.0171287,0
607410977993916415,0.017114,0
607410978262351871,0.0343688,0
607410978396569599,0.017115,0
607410978530787327,0.0106487,0
607410978665005055,0.0338991,0
607410978799222783,0.0175131,0
607410978933440511,0.017437,0
607410979067658239,0.0304261,0
607410979336093695,0.0229961,0
607410979470311423,0.0235636,0
607410979604529151,0.017115,0
607410979738746879,0.017115,0
607410979872964607,0.0260969,0
607410980007182335,0.0241313,0
607410980141400063,0.0215105,0
607410980409835519,0.0242204,0
607410980544053247,0.0267528,0
607410980678270975,0.0268592,0
607410980812488703,0.00840483,0
607410980946706431,0.00788014,0
607410981080924159,0.0265744,0
607410981215141887,0.026482,0
607410982557319167,0.0286474,0
607410982691536895,0.0367973,0
607410982825754623,0.0263966,0
607410982959972351,0.025698,0
607410983094190079,0.02474,0
607410983228407807,0.0267182,0
607410983362625535,0.0287982,0
607410983631060991,0.096133,0
607410983765278719,0.0907959,0
607410983899496447,0.100179,0
607410984033714175,0.0873472,0
607410984167931903,0.076978,0
607410984302149631,0.0930346,0
607410984436367359,0.0427525,0
607410984704802815,0.0230245,0
607410984839020543,0.025594,0
607410984973238271,0.0210099,0
607410985107455999,0.0229063,0
607410985241673727,0.0225477,0
607410985375891455,0.0222185,0
607410985510109183,0.0217567,0
607410985778544639,0.0755174,0
607410985912762367,0.0655408,0
607410986046980095,0.0332317,0
607410986181197823,0.0706374,0
607410986315415551,0.0481692,0
607410986449633279,0.0769482,0
607410986583851007,0.03,0
607410986852286463,0.0272966,0
607410986986504191,0.0247175,0
607410987120721919,0.0325655,0
607410987254939647,0.0243318,0
607410987389157375,0.0221732,0
607410987523375103,0.0237166,0
607410987657592831,0.0251995,0
607410987926028287,0.0317579,0
607410988060246015,0.0479915,0
607410988194463743,0.0266017,0
607410988328681471,0.0336223,0
607410988462899199,0.0342959,0
607410988597116927,0.036401,0
607410988731334655,0.0316023,0
607410988999770111,0.0230291,0
607410989133987839,0.025841,0
607410989268205567,0.0205129,0
607410989402423295,0.0221688,0
607410989536641023,0.0242995,0
607410989670858751,0.0348421,0
607410989805076479,0.0171287,0
607410991147253759,0.0139224,0
607410991281471487,0.0140065,0
607410991415689215,0.011873,0
607410991549906943,0.0116686,0
607410991684124671,0.0134359,0
607410991818342399,0.0129478,0
607410991952560127,0.00914677,0
607410992220995583,0.013008,0
607410992355213311,0.0089439,0
607410992489431039,0.0137909,0
607410992623648767,0.0101726,0
607410992757866495,0.00879569,0
607410992892084223,0.00930206,0
607410993026301951,0.0114137,0
607410993294737407,0.00526552,0
607410993428955135,0.00454661,0
607410993563172863,0.00550554,0
607410993697390591,0.00633482,0
607410993831608319,0.00257622,0
607410993965826047,0.0135301,0
607410994100043775,0.00470523,0
607410994368479231,0.013082,0
607410994502696959,0.0136322,0
607410994636914687,0.0122357,0
607410994771132415,0.0136322,0
607410994905350143,0.012774,0
607410995039567871,0.0143667,0
607410995173785599,0.0106743,0
607410995442221055,0.0156894,0
607410995576438783,0.00724368,0
607410995710656511,0.0115715,0
607410995844874239,0.0117349,0
607410995979091967,0.00975715,0
607410996113309695,0.00780625,0
607410996247527423,0.0108154,0
607410996515962879,0.00803412,0
607410996650180607,0.00733786,0
607410996784398335,0.00832036,0
607410996918616063,0.00900466,0
607410997052833791,0.00753901,0
607410997187051519,0.0085853,0
607410997321269247,0.0231433,0
607410997589704703,0.0253968,0
607410997723922431,0.0105126,0
607410997858140159,0.0112652,0
607410997992357887,0.00305299,0
607410998126575615,0.0133329,0
607410998260793343,0.0224218,0
607410998395011071,0.0046633,0
607410999737188351,0.0300995,0
607410999871406079,0.0274273,0
607411000005623807,0.0256434,0
607411000139841535,0.0320319,0
607411000274059263,0.0246939,0
607411000408276991,0.0279661,0
607411000542494719,0.0240437,0
607411000810930175,0.0201887,0
607411000945147903,0.0208895,0
607411001079365631,0.0201857,0
607411001213583359,0.0205069,0
607411001347801087,0.0188466,0
607411001482018815,0.020795,0
607411001616236543,0.0204967,0
607411001884671999,0.0384366,0
607411002018889727,0.0426775,0
607411002153107455,0.0403878,0
607411002287325183,0.045815,0
607411002421542911,0.0334449,0
607411002555760639,0.0381247,0
607411002689978367,0.0517333,0
607411002958413823,0.0207378,0
607411003092631551,0.0221251,0
607411003226849279,0.0320406,0
607411003361067007,0.0253725,0
607411003495284735,0.0254679,0
607411003629502463,0.0207378,0
607411003763720191,0.0315799,0
607411004032155647,0.0160722,0
607411004166373375,0.0172692,0
607411004300591103,0.0286348,0
607411004434808831,0.0226259,0
607411004569026559,0.0264627,0
607411004703244287,0.0172797,0
607411004837462015,0.00775293,0
607411005105897471,0.0193362,0
607411005240115199,0.0332996,0
607411005374332927,0.0197214,0
607411005508550655,0.0224904,0
607411005642768383,0.0201659,0
607411005776986111,0.023041,0
607411005911203839,0.018269,0
607411006179639295,0.0210274,0
607411006313857023,0.0281733,0
607411006448074751,0.0310428,0
607411006582292479,0.0321925,0
607411006716510207,0.0292443,0
607411006850727935,0.0218678,0
607411006984945663,0.0310042,0
607411008327122943,0.0172434,0
607411008461340671,0.0176064,0
607411008595558399,0.0200442,0
607411008729776127,0.0183556,0
607411008863993855,0.0167236,0
607411008998211583,0.01736,0
607411009132429311,0.0174113,0
607411009400864767,0.0201371,0
607411009535082495,0.0248817,0
607411009669300223,0.0186493,0
607411009803517951,0.0258175,0
607411009937735679,0.0216069,0
607411010071953407,0.0230408,0
607411010206171135,0.0199077,0
607411010474606591,0.0189692,0
607411010608824319,0.0354063,0
607411010743042047,0.00762342,0
607411010877259775,0.0339222,0
607411011011477503,0.0172947,0
607411011145695231,0.0174348,0
607411011279912959,0.0277786,0
607411011548348415,0.0215875,0
607411011682566143,0.0236406,0
607411011816783871,0.017437,0
607411011951001599,0.0171921,0
607411012085219327,0.0173204,0
607411012219437055,0.0242853,0
607411012353654783,0.0178995,0
607411012622090239,0.03477,0
607411012756307967,0.0232756,0
607411012890525695,0.0112193,0
607411013024743423,0.0333651,0
607411013158961151,0.0167882,0
607411013293178879,0.0208359,0
607411013427396607,0.0348669,0
607411013695832063,0.0209899,0
607411013830049791,0.0195403,0
607411013964267519,0.0170193,0
607411014098485247,0.020423,0
607411014232702975,0.0206818,0
607411014366920703,0.0216617,0
607411014501138431,0.0208359,0
607411014769573887,0.0277381,0
607411014903791615,0.0171483,0
607411015038009343,0.00981262,0
607411015172227071,0.0279175,0
607411015306444799,0.00878841,0
607411015440662527,0.0338551,0
607411015574880255,0.0106244,0
607411016917057535,0.0488479,0
607411017051275263,0.0494814,0
607411017185492991,0.0195649,0
607411017319710719,0.0197206,0
607411017453928447,0.0506865,0
607411017588146175,0.0225318,0
607411017722363903,0.019626,0
607411017990799359,0.0896616,0
607411018125017087,0.0393071,0
607411018259234815,0.0781107,0
607411018393452543,0.0279866,0
607411018527670271,0.0799623,0
607411018661887999,0.0307547,0
607411018796105727,0.0764759,0
607411019064541183,0.0278569,0
607411019198758911,0.0195982,0
607411019332976639,0.0289966,0
607411019467194367,0.0211088,0
607411019601412095,0.0193883,0
607411019735629823,0.0193883,0
607411019869847551,0.0238863,0
607411020138283007,0.0671837,0
607411020272500735,0.0255941,0
607411020406718463,0.0214782,0
607411020540936191,0.0472697,0
607411020675153919,0.0673389,0
607411020809371647,0.0746044,0
607411020943589375,0.0201049,0
607411021212024831,0.0222588,0
607411021346242559,0.025332,0
607411021480460287,0.0503565,0
607411021614678015,0.020789,0
607411021748895743,0.0498589,0
607411021883113471,0.0209154,0
607411022017331199,0.0507276,0
607411022285766655,0.0647719,0
607411022419984383,0.0690805,0
607411022554202111,0.0216546,0
607411022688419839,0.053114,0
607411022822637567,0.0819899,0
607411022956855295,0.0853819,0
607411023091073023,0.0501296,0
607411023359508479,0.026153,0
607411023493726207,0.0239604,0
607411023627943935,0.0258175,0
607411023762161663,0.0237837,0
607411023896379391,0.0258175,0
607411024030597119,0.0195649,0
607411024164814847,0.0262744,0
607411025506992127,0.00821038,0
607411025641209855,0.00699414,0
607411025775427583,0.0078253,0
607411025909645311,0.00799033,0
607411026043863039,0.00699414,0
607411026178080767,0.00699414,0
607411026312298495,0.00814962,0
607411026580733951,0.00816253,0
607411026714951679,0.00802776,0
607411026849169407,0.00886634,0
607411026983387135,0.00985944,0
607411027117604863,0.00816253,0
607411027251822591,0.00803417,0
607411027386040319,0.0080085,0
607411027654475775,0.0330951,0
607411027788693503,0.0262571,0
607411027922911231,0.0256905,0
607411028057128959,0.0262778,0
607411028191346687,0.00782362,0
607411028325564415,0.00813006,0
607411028459782143,0.00864018,0
607411028728217599,0.0146024,0
607411028862435327,0.0242858,0
607411028996653055,0.00849638,0
607411029130870783,0.0252051,0
607411029265088511,0.00760525,0
607411029399306239,0.0074889,0
607411029533523967,0.0249486,0
607411029801959423,0.00698314,0
607411029936177151,0.00714817,0
607411030070394879,0.00715883,0
607411030204612607,0.00771995,0
607411030338830335,0.00715343,0
607411030473048063,0.00730746,0
607411030607265791,0.00660906,0
607411030875701247,0.00802776,0
607411031009918975,0.00788014,0
607411031144136703,0.00792271,0
607411031278354431,0.00816253,0
607411031412572159,0.0113421,0
607411031546789887,0.0115163,0
607411031681007615,0.00676309,0
607411031949443071,0.0108966,0
607411032083660799,0.00922748,0
607411032217878527,0.00715343,0
607411032352096255,0.00864018,0
607411032486313983,0.00715343,0
607411032620531711,0.00660906,0
607411032754749439,0.00715343,0
607411043223732223,0,0
607411043492167679,0,0
607411043894820863,0,0
607411044163256319,0,0
607411044431691775,0.015118,0
607411046042304511,0,0
607411046981828607,0,0
607411047116046335,0,0
607411047384481791,0,0
607411048055570431,0.015118,0
607411048189788159,0.015118,0
607411048324005887,0,0
607411048592441343,0.015118,0
607411048726659071,0.015118,0
607411048860876799,0.015118,0
607411051276795903,0.00546332,0
607411051411013631,0.00546332,0
607411051545231359,0.0148923,0
607411051679449087,0.0148923,0
607411051813666815,0,0
607411051947884543,0.000982641,0
607411052082102271,0,0
607411052350537727,0.00325822,0
607411052484755455,0.0172201,0
607411052618973183,0.000927285,0
607411052753190911,0.00281132,0
607411052887408639,0.0161674,0
607411053021626367,0.0173788,0
607411053155844095,0.000982641,0
607411053424279551,0.0214899,0
607411053558497279,0.0207223,0
607411053692715007,0.0146796,0
607411053826932735,0.0159399,0
607411053961150463,0.0141435,0
607411054095368191,0.0111967,0
607411054229585919,0.0141435,0
607411054498021375,0.00111274,0
607411054632239103,0.00331096,0
607411054766456831,0.00111274,0
607411054900674559,0.00326335,0
607411055034892287,0.0100957,0
607411055169110015,0.00331096,0
607411055303327743,0.0111967,0
607411055571763199,0.015118,0
607411055705980927,0.015118,0
607411055840198655,0,0
607411055974416383,0,0
607411056108634111,0.015118,0
607411056242851839,0.015118,0
607411056377069567,0.015118,0
607411056645505023,0.015118,0
607411056779722751,0.0153105,0
607411056913940479,0.015118,0
607411057048158207,0.015118,0
607411057182375935,0.015118,0
607411057316593663,0.015118,0
607411057450811391,0.015118,0
607411057719246847,0.0113052,0
607411057853464575,0.0100957,0
607411057987682303,0.00120946,0
607411058121900031,0,0
607411058256117759,0,0
607411058390335487,0.0100957,0
607411058524553215,0,0
607411065235439615,0,0
607411065369657343,0,0
607411065906528255,0,0
607411068456665087,0,0
607411068590882815,0,0
607411069127753727,0,0
607411069530406911,0.0073398,0
607411069664624639,0.0073398,0
607411069798842367,0.0145352,0
607411069933060095,0.000385082,0
607411070067277823,0.0283003,0
607411070201495551,0.0146796,0
607411070335713279,0,0
607411071006801919,0,0
607411072348979199,0.00231533,0
607411072885850111,0.00386049,0
607411073422721023,0,0
607411073825374207,0,0
607411073959591935,0,0
607411074093809663,0,0
607411074228027391,0,0
607411074362245119,0,0
607411074496462847,0,0
607411074630680575,0,0
607411080402042879,0.015118,0
607411085636534271,0.0175409,0
607411085904969727,0.0175409,0
607411086173405183,0.0175409,0
607411086441840639,0.0175409,0
607411088320888831,0.0153747,0
607411088589324287,0.0153747,0
607411088857759743,0.015118,0
607411088991977471,0.015118,0
607411089126195199,0.015118,0
607411089260412927,0.015118,0
607411089394630655,0.015118,0
607411089528848383,0.015118,0
607411090065719295,0.0170869,0
607411090334154751,0.0175409,0
607411090468372479,0.0170869,0
607411090602590207,0.0170869,0
607411091273678847,0.0170869,0
607411091542114303,0.0170869,0
607411091810549759,0.0170869,0
607411092078985215,0.0177977,0
607411092213202943,0.0177977,0
607411092347420671,0.015118,0
607411092481638399,0.0153747,0
607411092615856127,0.0175409,0
607411092750073855,0.0175409,0
607411092884291583,0.0175409,0
607411111406338047,0.0177104,0
607411111540555775,0.00626782,0
607411111674773503,0.00318833,0
607411111808991231,0.00667971,0
607411111943208959,0.0193954,0
607411112077426687,0.00637784,0
607411112211644415,0.0180395,0
607411112480079871,0.00672526,0
607411112614297599,0.0207291,0
607411112748515327,0.00660166,0
607411112882733055,0.021946,0
607411113016950783,0.0178706,0
607411113151168511,0.0168634,0
607411113285386239,0.00716596,0
607411113553821695,0.00791317,0
607411113688039423,0.00806695,0
607411113822257151,0.0188465,0
607411113956474879,0.00538203,0
607411114090692607,0.00314898,0
607411114224910335,0.00931949,0
607411114359128063,0.0163529,0
607411114627563519,0.0236565,0
607411114761781247,0.0293588,0
607411114895998975,0.0180288,0
607411115030216703,0.0402007,0
607411115164434431,0.00392467,0
607411115298652159,0.0248312,0
607411115432869887,0.00928343,0
607411115701305343,0.0175188,0
607411115835523071,0.00972681,0
607411115969740799,0.0172082,0
607411116103958527,0.00409609,0
607411116238176255,0.0328678,0
607411116372393983,0.0229315,0
607411116506611711,0.0180509,0
607411116775047167,0.040165,0
607411116909264895,0.0222616,0
607411117043482623,0.0271932,0
607411117177700351,0.0269111,0
607411117311918079,0.0502588,0
607411117446135807,0.087488,0
607411117580353535,0.0205871,0
607411117848788991,0.000462098,0
607411117983006719,0.00172257,0
607411118117224447,0.015118,0
607411118251442175,0.00409609,0
607411118385659903,0,0
607411118519877631,0.004805,0
607411118654095359,0.00192795,0
607411119996272639,0.0352946,0
607411120130490367,0.0322847,0
607411120264708095,0.0359748,0
607411120398925823,0.0324546,0
607411120533143551,0.033188,0
607411120667361279,0.0369809,0
607411120801579007,0.0330973,0
607411121070014463,0.104611,0
607411121204232191,0.0420599,0
607411121338449919,0.0618189,0
607411121472667647,0.0213488,0
607411121606885375,0.0392142,0
607411121741103103,0.0890607,0
607411121875320831,0.0397435,0
607411122143756287,0.0319617,0
607411122277974015,0.0350574,0
607411122412191743,0.03196,0
607411122546409471,0.0322274,0
607411122680627199,0.0325909,0
607411122814844927,0.0342009,0
607411122949062655,0.0280301,0
607411123217498111,0.0888164,0
607411123351715839,0.0524346,0
607411123485933567,0.0379496,0
607411123620151295,0.0598388,0
607411123754369023,0.0402831,0
607411123888586751,0.026072,0
607411124022804479,0.034274,0
607411124291239935,0.0475671,0
607411124425457663,0.0284849,0
607411124559675391,0.0432448,0
607411124693893119,0.0290727,0
607411124828110847,0.0413892,0
607411124962328575,0.0481228,0
607411125096546303,0.0197428,0
607411125364981759,0.0405015,0
607411125499199487,0.0644245,0
607411125633417215,0.034995,0
607411125767634943,0.0390177,0
607411125901852671,0.0493266,0
607411126036070399,0.0405642,0
607411126170288127,0.0335749,0
607411126438723583,0.0357748,0
607411126572941311,0.0312227,0
607411126707159039,0.0345283,0
607411126841376767,0.0279616,0
607411126975594495,0.0390686,0
607411127109812223,0.0357769,0
607411127244029951,0.0295788,0
607411128586207231,0.00353231,0
607411128720424959,0.00341679,0
607411128854642687,0.00397316,0
607411128988860415,0.00341679,0
607411129123078143,0.00212471,0
607411129257295871,0.00634902,0
607411129391513599,0.00353231,0
607411129659949055,0.00677729,0
607411129794166783,0.0181827,0
607411129928384511,0.00385955,0
607411130062602239,0.00633719,0
607411130196819967,0.0195951,0
607411130331037695,0.0196841,0
607411130465255423,0.00429964,0
607411130733690879,0.00268164,0
607411130867908607,0.00238368,0
607411131002126335,0.00397316,0
607411131136344063,0.00238368,0
607411131270561791,0.00397316,0
607411131404779519,0.00341679,0
607411131538997247,0.00397316,0
607411131807432703,0.00515093,0
607411131941650431,0.00581874,0
607411132075868159,0.00238368,0
607411132210085887,0.00989568,0
607411132344303615,0.00353951,0
607411132478521343,0.00453687,0
607411132612739071,0.00238368,0
607411132881174527,0.0184785,0
607411133015392255,0.00490509,0
607411133149609983,0.00281721,0
607411133283827711,0.0189068,0
607411133418045439,0.0173788,0
607411133552263167,0.0184466,0
607411133686480895,0.0182432,0
607411133954916351,0.0175303,0
607411134089134079,0.0173745,0
607411134223351807,0.00490509,0
607411134357569535,0.0179678,0
607411134491787263,0.0163098,0
607411134626004991,0.0153105,0
607411134760222719,0.0184466,0
607411135028658175,0.00331096,0
607411135162875903,0.00397316,0
607411135297093631,0.00331096,0
607411135431311359,0.00238368,0
607411135565529087,0.00281721,0
607411135699746815,0.00281721,0
607411135833964543,0.00331096,0
607411137176141823,0.0237064,0
607411137310359551,0.0285559,0
607411137444577279,0.0116994,0
607411137578795007,0.0146444,0
607411137713012735,0.0242373,0
607411137847230463,0.0298907,0
607411137981448191,0.0274186,0
607411138249883647,0.0289289,0
607411138384101375,0.0304835,0
607411138518319103,0.0313628,0
607411138652536831,0.0307379,0
607411138786754559,0.0259548,0
607411138920972287,0.0295814,0
607411139055190015,0.0299487,0
607411139323625471,0.013357,0
607411139457843199,0.0103739,0
607411139592060927,0.0136123,0
607411139726278655,0.0132836,0
607411139860496383,0.0128912,0
607411139994714111,0.0166948,0
607411140128931839,0.0103006,0
607411140397367295,0.0189818,0
607411140531585023,0.0185305,0
607411140665802751,0.0106907,0
607411140800020479,0.0146012,0
607411140934238207,0.0151453,0
607411141068455935,0.0166953,0
607411141202673663,0.0103082,0
607411141471109119,0.0565318,0
607411141605326847,0.0289586,0
607411141739544575,0.0731217,0
607411141873762303,0.0361656,0
607411142007980031,0.020278,0
607411142142197759,0.044191,0
607411142276415487,0.0187659,0
607411142544850943,0.031346,0
607411142679068671,0.023087,0
607411142813286399,0.0216107,0
607411142947504127,0.0285337,0
607411143081721855,0.0288389,0
607411143215939583,0.0265496,0
607411143350157311,0.0283794,0
607411143618592767,0.049257,0
607411143752810495,0.0140619,0
607411143887028223,0.01967,0
607411144021245951,0.0140693,0
607411144155463679,0.0199805,0
607411144289681407,0.0288397,0
607411144423899135,0.00436983,0
607411145766076415,0.024562,0
607411145900294143,0.0115239,0
607411146034511871,0.0199384,0
607411146168729599,0.021785,0
607411146302947327,0.00640684,0
607411146437165055,0.00753956,0
607411146571382783,0.0245709,0
607411146839818239,0.00480832,0
607411146974035967,0.00412992,0
607411147108253695,0.0117495,0
607411147242471423,0.0336268,0
607411147376689151,0.00372651,0
607411147510906879,0.00249457,0
607411147645124607,0.00530115,0
607411147913560063,0.0532641,0
607411148047777791,0.0365349,0
607411148181995519,0.0387424,0
607411148316213247,0.0306618,0
607411148450430975,0.038554,0
607411148584648703,0.040132,0
607411148718866431,0.058513,0
607411148987301887,0.0250927,0
607411149121519615,0.0482126,0
607411149255737343,0.0869043,0
607411149389955071,0.0531575,0
607411149524172799,0.0117074,0
607411149658390527,0.0352004,0
607411149792608255,0.0242702,0
607411150061043711,0.00187844,0
607411150195261439,0.00640684,0
607411150329479167,0.0016859,0
607411150463696895,0.0142265,0
607411150597914623,0.00429297,0
607411150732132351,0.0119694,0
607411150866350079,0,0
607411151134785535,0.00445189,0
607411151269003263,0.00201458,0
607411151403220991,0.00772296,0
607411151537438719,0.00614104,0
607411151671656447,0.00753317,0
607411151805874175,0.014518,0
607411151940091903,0.00752794,0
607411152208527359,0.027541,0
607411152342745087,0.0251247,0
607411152476962815,0.0607717,0
607411152611180543,0.0652379,0
607411152745398271,0.0196655,0
607411152879615999,0.0366651,0
607411153013833727,0.028847,0
607411154356011007,0.0137241,0
607411154490228735,0.00895652,0
607411154624446463,0.0402362,0
607411154758664191,0.0175166,0
607411154892881919,0.0219636,0
607411155027099647,0.0065136,0
607411155161317375,0.0355633,0
607411155429752831,0.0343186,0
607411155563970559,0.0480417,0
607411155698188287,0.0120272,0
607411155832406015,0.0428879,0
607411155966623743,0.0149389,0
607411156100841471,0.0439338,0
607411156235059199,0.0238659,0
607411156503494655,0.0554894,0
607411156637712383,0.0207442,0
607411156771930111,0.0248052,0
607411156906147839,0.0196825,0
607411157040365567,0.0415858,0
607411157174583295,0.0424667,0
607411157308801023,0.0614786,0
607411157577236479,0.0459378,0
607411157711454207,0.07041,0
607411157845671935,0.0554631,0
607411157979889663,0.0459278,0
607411158114107391,0.0255189,0
607411158248325119,0.0854979,0
607411158382542847,0.0179949,0
607411158650978303,0.0232694,0
607411158785196031,0.0261169,0
607411158919413759,0.0208595,0
607411159053631487,0.0255627,0
607411159187849215,0.00891752,0
607411159322066943,0.0091985,0
607411159456284671,0.00684561,0
607411159724720127,0.0363349,0
607411159858937855,0.0216672,0
607411159993155583,0.0269511,0
607411160127373311,0.0225146,0
607411160261591039,0.0136322,0
607411160395808767,0.0264673,0
607411160530026495,0.0248018,0
607411160798461951,0.016237,0
607411160932679679,0.0395649,0
607411161066897407,0.0474632,0
607411161201115135,0.0408364,0
607411161335332863,0.0344318,0
607411161469550591,0.0360836,0
607411161603768319,0.038012,0
607411162945945599,0.0180467,0
607411163080163327,0.0160036,0
607411163214381055,0.0168603,0
607411163348598783,0.0185061,0
607411163482816511,0.0216753,0
607411163617034239,0.0258608,0
607411163751251967,0.0168603,0
607411164019687423,0.0153747,0
607411164153905151,0.0161364,0
607411164288122879,0.0161364,0
607411164422340607,0.0153747,0
607411164556558335,0.0307396,0
607411164690776063,0.0142853,0
607411164824993791,0.015118,0
607411165093429247,0.0171611,0
607411165227646975,0.0163098,0
607411165361864703,0.0152335,0
607411165496082431,0.0182432,0
607411165630300159,0.015118,0
607411165764517887,0.0176719,0
607411165898735615,0.015118,0
607411166167171071,0.0163098,0
607411166301388799,0.015118,0
607411166435606527,0.015118,0
607411166569824255,0.0165023,0
607411166704041983,0.0153747,0
607411166838259711,0.000256721,0
607411166972477439,0.018396,0
607411167240912895,0.0202566,0
607411167375130623,0.0295806,0
607411167509348351,0.0207106,0
607411167643566079,0.0210159,0
607411167777783807,0.026797,0
607411167912001535,0.0307939,0
607411168314654719,0.03106,0
607411168448872447,0.035212,0
607411168583090175,0.0270502,0
607411168717307903,0.0273429,0
607411168851525631,0.0749496,0
607411168985743359,0.0918871,0
607411169119961087,0.0407674,0
607411169388396543,0.015118,0
607411169522614271,0.0166928,0
607411169656831999,0.015118,0
607411169791049727,0.015118,0
607411169925267455,0.0175409,0
607411170059485183,0.0153747,0
607411170193702911,0.015118,0
607411191936974847,0.00209962,0
607411192205410303,0.0172176,0
607411192339628031,0.00209962,0
607411192742281215,0.00209962,0
607411248845291519,0.015118,0
607411248979509247,0.015426,0
607411249113726975,0.015118,0
607411249247944703,0.0158894,0
607411249382162431,0.0233829,0
607411249516380159,0.015349,0
607411249650597887,0.0225753,0
607411249919033343,0.0164404,0
607411250053251071,0.0267911,0
607411250187468799,0.015426,0
607411250321686527,0.0164404,0
607411250455904255,0.0155801,0
607411250590121983,0.0272169,0
607411250724339711,0.0155801,0
607411250992775167,0.0227293,0
607411251126992895,0.0228833,0
607411251261210623,0.00821464,0
607411251395428351,0.0231401,0
607411251529646079,0.0227293,0
607411251663863807,0.0229219,0
607411251798081535,0.0227293,0
607411252066516991,0.0157739,0
607411252200734719,0.0157739,0
607411252334952447,0.0158894,0
607411252469170175,0.0157739,0
607411252603387903,0.0160049,0
607411252737605631,0.0162864,0
607411252871823359,0.0158894,0
607411253140258815,0.0225753,0
607411253274476543,0.0228063,0
607411253408694271,0.015118,0
607411253542911999,0.0233829,0
607411253677129727,0.015118,0
607411253811347455,0.015349,0
607411253945565183,0.015118,0
607411254214000639,0.0230374,0
607411254348218367,0.0230374,0
607411254482436095,0.0225753,0
607411254616653823,0.0230374,0
607411254885089279,0.0230759,0
607411255019307007,0.0230374,0
607411255287742463,0.022832,0
607411255421960191,0.0227678,0
607411255556177919,0.0225753,0
607411255690395647,0.0228063,0
607411255824613375,0.0225753,0
607411255958831103,0.0225753,0
607411256093048831,0.015118,0
607411257435226111,0.0307128,0
607411257569443839,0.0387585,0
607411257703661567,0.0360638,0
607411257837879295,0.035098,0
607411257972097023,0.0177743,0
607411258106314751,0.0391725,0
607411258240532479,0.0154958,0
607411258508967935,0.0232058,0
607411258643185663,0.0398588,0
607411258777403391,0.0169038,0
607411258911621119,0.0218157,0
607411259045838847,0.0385279,0
607411259180056575,0.0376634,0
607411259314274303,0.0342054,0
607411259582709759,0.0345977,0
607411259716927487,0.0342722,0
607411259851145215,0.0168153,0
607411259985362943,0.034132,0
607411260119580671,0.0359483,0
607411260253798399,0.035538,0
607411260388016127,0.027295,0
607411260656451583,0.0215512,0
607411260790669311,0.0205278,0
607411260924887039,0.0210177,0
607411261059104767,0.0166223,0
607411261193322495,0.0173867,0
607411261327540223,0.0172712,0
607411261461757951,0.0188801,0
607411261730193407,0.0352995,0
607411261864411135,0.0340868,0
607411261998628863,0.0271762,0
607411262132846591,0.0178775,0
607411262267064319,0.0277504,0
607411262401282047,0.0192652,0
607411262535499775,0.0272169,0
607411262803935231,0.0377992,0
607411262938152959,0.0382638,0
607411263072370687,0.0332304,0
607411263206588415,0.0376259,0
607411263340806143,0.0176861,0
607411263475023871,0.0382638,0
607411263609241599,0.0178513,0
607411263877677055,0.0245695,0
607411264011894783,0.0318466,0
607411264146112511,0.0269275,0
607411264280330239,0.0276624,0
607411264414547967,0.0248776,0
607411264548765695,0.0311261,0
607411264682983423,0.0161323,0
607411266025160703,0.00146979,0
607411266159378431,0.000288811,0
607411266293596159,0.0161417,0
607411266427813887,0.00146979,0
607411266562031615,0.0165878,0
607411266696249343,0.015118,0
607411266830467071,0.0165878,0
607411267098902527,0.00701339,0
607411267233120255,0.0231401,0
607411267367337983,0.00701339,0
607411267501555711,0.00701339,0
607411267635773439,0.0233262,0
607411267769991167,0.0231401,0
607411267904208895,0.0233262,0
607411268172644351,0.0185034,0
607411268306862079,0.015118,0
607411268709515263,0.0170995,0
607411268843732991,0.000288811,0
607411269246386175,0,0
607411269514821631,0.015118,0
607411269649039359,0.00626248,0
607411269783257087,0.000577623,0
607411269917474815,0.00701339,0
607411270051692543,0.000288811,0
607411270454345727,0.00182525,0
607411270722781183,0,0
607411270991216639,0.00112562,0
607411271393869823,0,0
607411271528087551,0.00701981,0
607411271796523007,0.0155801,0
607411272064958463,0.00626248,0
607411272199176191,0.00182525,0
607411272601829375,0.0185034,0
607411274615095295,0.00762753,0
607411274749313023,0.00952376,0
607411274883530751,0.00693438,0
607411275017748479,0.00693438,0
607411275151966207,0.00711922,0
607411275286183935,0.00794874,0
607411275420401663,0.00771849,0
607411275688837119,0.0102487,0
607411275823054847,0.0117149,0
607411275957272575,0.00865772,0
607411276091490303,0.0113873,0
607411276225708031,0.0267045,0
607411276359925759,0.0340165,0
607411276494143487,0.00935884,0
607411276762578943,0.00645503,0
607411276896796671,0.00660906,0
607411277031014399,0.00667507,0
607411277165232127,0.0065513,0
607411277299449855,0.00645503,0
607411277433667583,0.00715343,0
607411277567885311,0.0069994,0
607411277836320767,0.00714817,0
607411277970538495,0.0101361,0
607411278104756223,0.00721419,0
607411278238973951,0.00714817,0
607411278373191679,0.00748407,0
607411278507409407,0.0103424,0
607411278641627135,0.00699414,0
607411278910062591,0.015426,0
607411279044280319,0.0153028,0
607411279178498047,0.0249197,0
607411279312715775,0.0249197,0
607411279446933503,0.015426,0
607411279581151231,0.0158894,0
607411279715368959,0.0231401,0
607411279983804415,0.0265601,0
607411280118022143,0.0265601,0
607411280252239871,0.0243584,0
607411280386457599,0.0265601,0
607411280520675327,0.0167882,0
607411280654893055,0.0256721,0
607411280789110783,0.0236081,0
607411281057546239,0.0109081,0
607411281191763967,0.00748744,0
607411281325981695,0.00711242,0
607411281460199423,0.00645503,0
607411281594417151,0.0258817,0
607411281728634879,0.0246887,0
607411281862852607,0.0230951,0
607411284278771711,0.0225753,0
607411284412989439,0.015426,0
607411284681424895,0.0230374,0
607411284815642623,0.015118,0
607411284949860351,0.015272,0
607411285352513535,0.015118,0
607411285486731263,0.015118,0
607411285620948991,0.0190887,0
607411285755166719,0.015118,0
607411285889384447,0.0172176,0
607411286023602175,0.0225753,0
607411286694690815,0.0225753,0
607411288707956735,0.0172176,0
607411291794964479,0.00963823,0
607411291929182207,0.0339607,0
607411292063399935,0.0101934,0
607411292197617663,0.00958938,0
607411292331835391,0.0272169,0
607411292466053119,0.0338914,0
607411292600270847,0.0101934,0
607411292868706303,0.0329115,0
607411293002924031,0.0217998,0
607411293137141759,0.018008,0
607411293271359487,0.0224034,0
607411293405577215,0.0340763,0
607411293539794943,0.0223885,0
607411293674012671,0.0329115,0
607411293942448127,0.0238977,0
607411294076665855,0.0272169,0
607411294210883583,0.0240517,0
607411294345101311,0.0273325,0
607411294479319039,0.00837232,0
607411294613536767,0.0240517,0
607411294747754495,0.0228833,0
607411295016189951,0.017651,0
607411295150407679,0.0340763,0
607411295284625407,0.0348728,0
607411295418843135,0.0349884,0
607411295553060863,0.017651,0
607411295687278591,0.0176999,0
607411295821496319,0.0266129,0
607411296089931775,0.0168419,0
607411296224149503,0.0266894,0
607411296358367231,0.0228833,0
607411296492584959,0.0272169,0
607411296626802687,0.0157351,0
607411296761020415,0.025815,0
607411296895238143,0.015272,0
607411297163673599,0.0338683,0
607411297297891327,0.0339607,0
607411297432109055,0.00958938,0
607411297566326783,0.0172941,0
607411297700544511,0.0253117,0
607411297834762239,0.0170575,0
607411297968979967,0.0267921,0
607411298237415423,0.0230374,0
607411298371633151,0.00676309,0
607411298505850879,0.00672458,0
607411298640068607,0.00676309,0
607411298774286335,0.0230374,0
607411298908504063,0.0240517,0
607411301592858623,0.015118,0
607411301727076351,0.0194442,0
607411301861294079,0.015118,0
607411302129729535,0.015118,0
607411303740342271,0.015118,0
607411304008777727,0.00182525,0
607411304277213183,0.0154734,0
607411455003721727,0.191584,0
607411455137939455,0.158324,0
607411455272157183,0.219199,0
607411455406374911,0.172832,0
607411455540592639,0.162908,0
607411455674810367,0.165306,0
607411455809028095,0.16675,0
607411456077463551,0.152602,0
607411456211681279,0.127364,0
607411456345899007,0.178817,0
607411456480116735,0.156068,0
607411456614334463,0.124549,0
607411456748552191,0.117758,0
607411456882769919,0.142933,0
607411457151205375,0.233477,0
607411457285423103,0.217542,0
607411457419640831,0.235853,0
607411457553858559,0.224177,0
607411457688076287,0.202776,0
607411457822294015,0.208301,0
607411457956511743,0.216373,0
607411458224947199,0.219435,0
607411458359164927,0.180973,0
607411458493382655,0.230562,0
607411458627600383,0.189332,0
607411458761818111,0.194812,0
607411458896035839,0.203673,0
607411459030253567,0.201768,0
607411459298689023,0.0955066,0
607411459432906751,0.119518,0
607411459567124479,0.157031,0
607411459701342207,0.13461,0
607411459835559935,0.0933727,0
607411459969777663,0.0970086,0
607411460103995391,0.096979,0
607411460372430847,0.131476,0
607411460506648575,0.118292,0
607411460640866303,0.135201,0
607411460775084031,0.123765,0
607411460909301759,0.106555,0
607411461043519487,0.114642,0
607411461177737215,0.113095,0
607411461446172671,0.204122,0
607411461580390399,0.180444,0
607411461714608127,0.214877,0
607411461848825855,0.181907,0
607411461983043583,0.157769,0
607411462117261311,0.14699,0
607411462251479039,0.176767,0
607411463593656319,0.178587,0
607411463727874047,0.162814,0
607411463862091775,0.182363,0
607411463996309503,0.168541,0
607411464130527231,0.135389,0
607411464264744959,0.147295,0
607411464398962687,0.154023,0
607411464667398143,0.140915,0
607411464801615871,0.152238,0
607411464935833599,0.153752,0
607411465070051327,0.151657,0
607411465204269055,0.125558,0
607411465338486783,0.143511,0
607411465472704511,0.134603,0
607411465741139967,0.224868,0
607411465875357695,0.21027,0
607411466009575423,0.22301,0
607411466143793151,0.245829,0
607411466278010879,0.180355,0
607411466412228607,0.202323,0
607411466546446335,0.221921,0
607411466814881791,0.200629,0
607411466949099519,0.177234,0
607411467083317247,0.211427,0
607411467217534975,0.218501,0
607411467351752703,0.159214,0
607411467485970431,0.178179,0
607411467620188159,0.193034,0
607411467888623615,0.135676,0
607411468022841343,0.1109,0
607411468157059071,0.146019,0
607411468291276799,0.126675,0
607411468425494527,0.109683,0
607411468559712255,0.105453,0
607411468693929983,0.114029,0
607411468962365439,0.117954,0
607411469096583167,0.106405,0
607411469230800895,0.144221,0
607411469365018623,0.13047,0
607411469499236351,0.105165,0
607411469633454079,0.115986,0
607411469767671807,0.10044,0
607411470036107263,0.21095,0
607411470170324991,0.175502,0
607411470304542719,0.201725,0
607411470438760447,0.191998,0
607411470572978175,0.155418,0
607411470707195903,0.173985,0
607411470841413631,0.177614,0
607411472183590911,0.169847,0
607411472317808639,0.184691,0
607411472452026367,0.192289,0
607411472586244095,0.22823,0
607411472720461823,0.181987,0
607411472854679551,0.187728,0
607411472988897279,0.171974,0
607411473257332735,0.245565,0
607411473391550463,0.262787,0
607411473525768191,0.240772,0
607411473659985919,0.250675,0
607411473794203647,0.233786,0
607411473928421375,0.247642,0
607411474062639103,0.198381,0
607411474331074559,0.241734,0
607411474465292287,0.275659,0
607411474599510015,0.240778,0
607411474733727743,0.261412,0
607411474867945471,0.230192,0
607411475002163199,0.227733,0
607411475136380927,0.205318,0
607411475404816383,0.262089,0
607411475539034111,0.241476,0
607411475673251839,0.236833,0
607411475807469567,0.256687,0
607411475941687295,0.242349,0
607411476075905023,0.239758,0
607411476210122751,0.227262,0
607411476478558207,0.153113,0
607411476612775935,0.177917,0
607411476746993663,0.178778,0
607411476881211391,0.170199,0
607411477015429119,0.146706,0
607411477149646847,0.173399,0
607411477283864575,0.14702,0
607411477552300031,0.228006,0
607411477686517759,0.228113,0
607411477820735487,0.207276,0
607411477954953215,0.221567,0
607411478089170943,0.207816,0
607411478223388671,0.219003,0
607411478357606399,0.193791,0
607411478626041855,0.169899,0
607411478760259583,0.172394,0
607411478894477311,0.209571,0
607411479028695039,0.198842,0
607411479162912767,0.176673,0
607411479297130495,0.16138,0
607411479431348223,0.231354,0
607411480773525503,0.252605,0
607411480907743231,0.261449,0
607411481041960959,0.242904,0
607411481176178687,0.245019,0
607411481310396415,0.208307,0
607411481444614143,0.257567,0
607411481578831871,0.232718,0
607411481847267327,0.266743,0
607411481981485055,0.274755,0
607411482115702783,0.256919,0
607411482249920511,0.26565,0
607411482384138239,0.230158,0
607411482518355967,0.262888,0
607411482652573695,0.256715,0
607411482921009151,0.24966,0
607411483055226879,0.251605,0
607411483189444607,0.265241,0
607411483323662335,0.275908,0
607411483457880063,0.243826,0
607411483592097791,0.254445,0
607411483726315519,0.241482,0
607411483994750975,0.271508,0
607411484128968703,0.306073,0
607411484263186431,0.259722,0
607411484397404159,0.278103,0
607411484531621887,0.261691,0
607411484665839615,0.272047,0
607411484800057343,0.263662,0
607411485068492799,0.243151,0
607411485202710527,0.199101,0
607411485336928255,0.226818,0
607411485471145983,0.248026,0
607411485605363711,0.233451,0
607411485739581439,0.220568,0
607411485873799167,0.231747,0
607411486142234623,0.234288,0
607411486276452351,0.229491,0
607411486410670079,0.206723,0
607411486544887807,0.244026,0
607411486679105535,0.197643,0
607411486813323263,0.238288,0
607411486947540991,0.195659,0
607411487215976447,0.239618,0
607411487350194175,0.224629,0
607411487484411903,0.246264,0
607411487618629631,0.23187,0
607411487752847359,0.246932,0
607411487887065087,0.235605,0
607411488021282815,0.229154,0
607411489363460095,0.078163,0
607411489497677823,0.0864763,0
607411489631895551,0.0731791,0
607411489766113279,0.079932,0
607411489900331007,0.0746163,0
607411490034548735,0.0753994,0
607411490168766463,0.077463,0
607411490437201919,0.0950857,0
607411490571419647,0.100278,0
607411490705637375,0.0973467,0
607411490839855103,0.0943314,0
607411490974072831,0.0948179,0
607411491108290559,0.09497,0
607411491242508287,0.0824985,0
607411491510943743,0.081499,0
607411491645161471,0.0865739,0
607411491779379199,0.0847732,0
607411491913596927,0.0877864,0
607411492047814655,0.0725044,0
607411492182032383,0.0844721,0
607411492316250111,0.0783264,0
607411492584685567,0.0794486,0
607411492718903295,0.0946578,0
607411492853121023,0.0863951,0
607411492987338751,0.0936381,0
607411493121556479,0.085397,0
607411493255774207,0.084147,0
607411493389991935,0.0823433,0
607411493658427391,0.0815736,0
607411493792645119,0.0714851,0
607411493926862847,0.0737486,0
607411494061080575,0.0692812,0
607411494195298303,0.0681896,0
607411494329516031,0.0758213,0
607411494463733759,0.0658435,0
607411494732169215,0.0726558,0
607411494866386943,0.0876959,0
607411495000604671,0.065453,0
607411495134822399,0.0856635,0
607411495269040127,0.0775418,0
607411495403257855,0.0766034,0
607411495537475583,0.0693844,0
607411495805911039,0.0757192,0
607411495940128767,0.0715482,0
607411496074346495,0.0732982,0
607411496208564223,0.0779008,0
607411496342781951,0.0720302,0
607411496476999679,0.0802723,0
607411496611217407,0.0620147,0
607411497953394687,0.128349,0
607411498087612415,0.0976113,0
607411498221830143,0.107949,0
607411498356047871,0.0978865,0
607411498490265599,0.130707,0
607411498624483327,0.116032,0
607411498758701055,0.114395,0
607411499027136511,0.109014,0
607411499161354239,0.140572,0
607411499295571967,0.102198,0
607411499429789695,0.131176,0
607411499564007423,0.1102,0
607411499698225151,0.111536,0
607411499832442879,0.132067,0
607411500100878335,0.109773,0
607411500235096063,0.107447,0
607411500369313791,0.115187,0
607411500503531519,0.111977,0
607411500637749247,0.105696,0
607411500771966975,0.100145,0
607411500906184703,0.110202,0
607411501174620159,0.109787,0
607411501308837887,0.105058,0
607411501443055615,0.108506,0
607411501577273343,0.100584,0
607411501711491071,0.0991634,0
607411501845708799,0.103727,0
607411501979926527,0.108781,0
607411502248361983,0.0920752,0
607411502382579711,0.104333,0
607411502516797439,0.108835,0
607411502651015167,0.101793,0
607411502785232895,0.111062,0
607411502919450623,0.0991485,0
607411503053668351,0.102872,0
607411503322103807,0.107745,0
607411503456321535,0.113012,0
607411503590539263,0.115432,0
607411503724756991,0.109236,0
607411503858974719,0.116051,0
607411503993192447,0.104611,0
607411504127410175,0.108338,0
607411504395845631,0.0992127,0
607411504530063359,0.107687,0
607411504664281087,0.103771,0
607411504798498815,0.108867,0
607411504932716543,0.114317,0
607411505066934271,0.0981057,0
607411505201151999,0.0966858,0
607411506543329279,0.125016,0
607411506677547007,0.164236,0
607411506811764735,0.113053,0
607411506945982463,0.141278,0
607411507080200191,0.138368,0
607411507214417919,0.1488,0
607411507348635647,0.143946,0
607411507617071103,0.144148,0
607411507751288831,0.13009,0
607411507885506559,0.163723,0
607411508019724287,0.129289,0
607411508153942015,0.103418,0
607411508288159743,0.11382,0
607411508422377471,0.149554,0
607411508690812927,0.11658,0
607411508825030655,0.147037,0
607411508959248383,0.118034,0
607411509093466111,0.134901,0
607411509227683839,0.0827261,0
607411509361901567,0.12619,0
607411509496119295,0.105027,0
607411509764554751,0.18412,0
607411509898772479,0.191608,0
607411510032990207,0.168865,0
607411510167207935,0.175033,0
607411510301425663,0.180109,0
607411510435643391,0.172743,0
607411510569861119,0.17189,0
607411510838296575,0.109046,0
607411510972514303,0.0945367,0
607411511106732031,0.0846355,0
607411511240949759,0.122976,0
607411511375167487,0.0782913,0
607411511509385215,0.0757653,0
607411511643602943,0.0789598,0
607411511912038399,0.0783988,0
607411512046256127,0.103541,0
607411512180473855,0.114585,0
607411512314691583,0.117838,0
607411512448909311,0.0747577,0
607411512583127039,0.0752483,0
607411512717344767,0.0736427,0
607411512985780223,0.101362,0
607411513119997951,0.0912798,0
607411513254215679,0.0618427,0
607411513388433407,0.0792471,0
607411513522651135,0.0838088,0
607411513656868863,0.145755,0
607411513791086591,0.0741155,0
607411523723198463,0.213221,0
607411523857416191,0.212025,0
607411523991633919,0.215707,0
607411524125851647,0.203213,0
607411524260069375,0.205963,0
607411524394287103,0.199676,0
607411524528504831,0.215369,0
607411524796940287,0.229781,0
607411524931158015,0.221336,0
607411525065375743,0.244085,0
607411525199593471,0.23934,0
607411525333811199,0.247987,0
607411525468028927,0.212671,0
607411525602246655,0.219469,0
607411525870682111,0.213407,0
607411526004899839,0.215874,0
607411526139117567,0.214618,0
607411526273335295,0.220096,0
607411526407553023,0.20032,0
607411526541770751,0.216926,0
607411526675988479,0.19302,0
607411526944423935,0.231952,0
607411527078641663,0.239276,0
607411527212859391,0.232481,0
607411527347077119,0.238367,0
607411527481294847,0.230775,0
607411527615512575,0.216127,0
607411527749730303,0.218324,0
607411528018165759,0.193555,0
607411528152383487,0.213882,0
607411528286601215,0.187636,0
607411528420818943,0.194041,0
607411528555036671,0.184694,0
607411528689254399,0.195547,0
607411528823472127,0.179961,0
607411529091907583,0.201712,0
607411529226125311,0.20608,0
607411529360343039,0.211066,0
607411529494560767,0.191723,0
607411529628778495,0.22324,0
607411529762996223,0.191966,0
607411529897213951,0.217875,0
607411530165649407,0.190392,0
607411530299867135,0.207423,0
607411530434084863,0.177412,0
607411530568302591,0.17507,0
607411530702520319,0.187969,0
607411530836738047,0.18247,0
607411530970955775,0.153112,0
607411532313133055,0.314692,0
607411532447350783,0.314491,0
607411532581568511,0.313025,0
607411532715786239,0.318878,0
607411532850003967,0.27538,0
607411532984221695,0.282661,0
607411533118439423,0.258694,0
607411533386874879,0.319578,0
607411533521092607,0.302681,0
607411533655310335,0.329035,0
607411533789528063,0.324985,0
607411533923745791,0.275609,0
607411534057963519,0.290468,0
607411534192181247,0.292707,0
607411534460616703,0.337172,0
607411534594834431,0.355839,0
607411534729052159,0.302119,0
607411534863269887,0.341271,0
607411534997487615,0.281401,0
607411535131705343,0.320014,0
607411535265923071,0.26983,0
607411535534358527,0.363705,0
607411535668576255,0.367497,0
607411535802793983,0.358818,0
607411535937011711,0.370708,0
607411536071229439,0.326702,0
607411536205447167,0.350535,0
607411536339664895,0.353925,0
607411536608100351,0.254827,0
607411536742318079,0.242091,0
607411536876535807,0.271669,0
607411537010753535,0.239942,0
607411537144971263,0.25168,0
607411537279188991,0.240544,0
607411537413406719,0.228076,0
607411537681842175,0.272389,0
607411537816059903,0.275701,0
607411537950277631,0.293223,0
607411538084495359,0.291698,0
607411538218713087,0.296522,0
607411538352930815,0.268479,0
607411538487148543,0.253321,0
607411538755583999,0.274917,0
607411538889801727,0.256263,0
607411539024019455,0.276267,0
607411539158237183,0.262445,0
607411539292454911,0.255628,0
607411539426672639,0.242488,0
607411539560890367,0.2397,0
607411540903067647,0.237528,0
607411541037285375,0.234146,0
607411541171503103,0.229409,0
607411541305720831,0.244538,0
607411541439938559,0.206621,0
607411541574156287,0.215243,0
607411541708374015,0.220074,0
607411541976809471,0.252332,0
607411542111027199,0.241864,0
607411542245244927,0.265077,0
607411542379462655,0.261475,0
607411542513680383,0.220045,0
607411542647898111,0.227712,0
607411542782115839,0.233922,0
607411543050551295,0.262816,0
607411543184769023,0.27669,0
607411543318986751,0.259489,0
607411543453204479,0.278103,0
607411543587422207,0.23701,0
607411543721639935,0.248676,0
607411543855857663,0.240337,0
607411544124293119,0.277481,0
607411544258510847,0.302424,0
607411544392728575,0.305299,0
607411544526946303,0.340446,0
607411544661164031,0.259492,0
607411544795381759,0.253023,0
607411544929599487,0.267831,0
607411545198034943,0.165798,0
607411545332252671,0.170954,0
607411545466470399,0.17196,0
607411545600688127,0.178696,0
607411545734905855,0.154782,0
607411545869123583,0.134781,0
607411546003341311,0.156668,0
607411546271776767,0.18446,0
607411546405994495,0.192328,0
607411546540212223,0.192468,0
607411546674429951,0.196933,0
607411546808647679,0.162115,0
607411546942865407,0.16396,0
607411547077083135,0.154651,0
607411547345518591,0.205835,0
607411547479736319,0.217263,0
607411547613954047,0.195125,0
607411547748171775,0.20887,0
607411547882389503,0.194117,0
607411548016607231,0.195054,0
607411548150824959,0.180375,0
607411549493002239,0.298844,0
607411549627219967,0.298618,0
607411549761437695,0.288487,0
607411549895655423,0.311384,0
607411550029873151,0.271481,0
607411550164090879,0.285588,0
607411550298308607,0.272768,0
607411550566744063,0.324976,0
607411550700961791,0.340125,0
607411550835179519,0.311103,0
607411550969397247,0.353676,0
607411551103614975,0.278755,0
607411551237832703,0.331731,0
607411551372050431,0.292233,0
607411551640485887,0.358682,0
607411551774703615,0.368172,0
607411551908921343,0.381084,0
607411552043139071,0.425689,0
607411552177356799,0.31874,0
607411552311574527,0.346214,0
607411552445792255,0.351252,0
607411552714227711,0.374946,0
607411552848445439,0.397339,0
607411552982663167,0.392615,0
607411553116880895,0.424316,0
607411553251098623,0.320259,0
607411553385316351,0.363549,0
607411553519534079,0.350027,0
607411553787969535,0.243223,0
607411553922187263,0.238132,0
607411554056404991,0.246906,0
607411554190622719,0.265374,0
607411554324840447,0.230188,0
607411554459058175,0.231359,0
607411554593275903,0.243928,0
607411554861711359,0.283864,0
607411554995929087,0.283651,0
607411555130146815,0.254955,0
607411555264364543,0.274778,0
607411555398582271,0.252664,0
607411555532799999,0.279762,0
607411555667017727,0.246023,0
607411555935453183,0.274493,0
607411556069670911,0.270343,0
607411556203888639,0.306224,0
607411556338106367,0.316564,0
607411556472324095,0.259019,0
607411556606541823,0.266087,0
607411556740759551,0.285319,0
607411558082936831,0.146914,0
607411558217154559,0.183182,0
607411558351372287,0.147295,0
607411558485590015,0.153352,0
607411558619807743,0.150602,0
607411558754025471,0.15565,0
607411558888243199,0.151235,0
607411559156678655,0.207178,0
607411559290896383,0.262713,0
607411559425114111,0.193664,0
607411559559331839,0.198995,0
607411559693549567,0.186298,0
607411559827767295,0.22416,0
607411559961985023,0.201109,0
607411560230420479,0.133474,0
607411560364638207,0.166766,0
607411560498855935,0.146273,0
607411560633073663,0.164146,0
607411560767291391,0.165429,0
607411560901509119,0.171453,0
607411561035726847,0.158256,0
607411561304162303,0.200041,0
607411561438380031,0.223237,0
607411561572597759,0.186003,0
607411561706815487,0.198221,0
607411561841033215,0.194872,0
607411561975250943,0.224375,0
607411562109468671,0.191359,0
607411562377904127,0.129003,0
607411562512121855,0.145678,0
607411562646339583,0.13505,0
607411562780557311,0.132992,0
607411562914775039,0.14139,0
607411563048992767,0.128145,0
607411563183210495,0.169753,0
607411563451645951,0.150105,0
607411563585863679,0.176105,0
607411563720081407,0.142974,0
607411563854299135,0.154915,0
607411563988516863,0.162475,0
607411564122734591,0.193965,0
607411564256952319,0.145163,0
607411564525387775,0.129539,0
607411564659605503,0.140094,0
607411564793823231,0.11687,0
607411564928040959,0.130546,0
607411565062258687,0.134925,0
607411565196476415,0.139873,0
607411565330694143,0.15139,0
607411566672871423,0.242021,0
607411566807089151,0.260244,0
607411566941306879,0.252917,0
607411567075524607,0.244211,0
607411567209742335,0.256715,0
607411567343960063,0.252065,0
607411567478177791,0.236692,0
607411567746613247,0.267476,0
607411567880830975,0.275884,0
607411568015048703,0.249251,0
607411568149266431,0.258817,0
607411568283484159,0.260961,0
607411568417701887,0.270361,0
607411568551919615,0.268719,0
607411568820355071,0.214405,0
607411568954572799,0.221778,0
607411569088790527,0.242217,0
607411569223008255,0.211869,0
607411569357225983,0.245137,0
607411569491443711,0.23284,0
607411569625661439,0.23697,0
607411569894096895,0.241649,0
607411570028314623,0.249112,0
607411570162532351,0.252043,0
607411570296750079,0.240293,0
607411570430967807,0.270874,0
607411570565185535,0.256161,0
607411570699403263,0.262822,0
607411570967838719,0.224539,0
607411571102056447,0.244641,0
607411571236274175,0.201273,0
607411571370491903,0.206489,0
607411571504709631,0.239208,0
607411571638927359,0.245258,0
607411571773145087,0.234499,0
607411572041580543,0.265486,0
607411572175798271,0.278918,0
607411572310015999,0.248426,0
607411572444233727,0.248522,0
607411572578451455,0.30324,0
607411572712669183,0.315569,0
607411572846886911,0.27854,0
607411573115322367,0.205216,0
607411573249540095,0.222459,0
607411573383757823,0.202031,0
607411573517975551,0.196991,0
607411573652193279,0.216776,0
607411573786411007,0.202933,0
607411573920628735,0.229263,0
607411575262806015,0.124123,0
607411575397023743,0.130261,0
607411575531241471,0.136229,0
607411575665459199,0.133721,0
607411575799676927,0.140121,0
607411575933894655,0.114333,0
607411576068112383,0.139905,0
607411576336547839,0.132616,0
607411576470765567,0.158153,0
607411576604983295,0.141984,0
607411576739201023,0.150407,0
607411576873418751,0.156224,0
607411577007636479,0.14861,0
607411577141854207,0.13342,0
607411577410289663,0.124037,0
607411577544507391,0.137868,0
607411577678725119,0.136379,0
607411577812942847,0.130491,0
607411577947160575,0.131862,0
607411578081378303,0.125785,0
607411578215596031,0.124341,0
607411578484031487,0.137765,0
607411578618249215,0.138125,0
607411578752466943,0.142661,0
607411578886684671,0.117304,0
607411579020902399,0.155059,0
607411579155120127,0.132689,0
607411579289337855,0.14465,0
607411579557773311,0.108614,0
607411579691991039,0.120759,0
607411579826208767,0.136736,0
607411579960426495,0.13514,0
607411580094644223,0.140743,0
607411580228861951,0.120013,0
607411580363079679,0.138724,0
607411580631515135,0.126747,0
607411580765732863,0.135686,0
607411580899950591,0.129273,0
607411581034168319,0.128236,0
607411581168386047,0.132417,0
607411581302603775,0.124194,0
607411581436821503,0.154856,0
607411581705256959,0.12251,0
607411581839474687,0.140028,0
607411581973692415,0.120245,0
607411582107910143,0.123501,0
607411582242127871,0.123439,0
607411582376345599,0.123544,0
607411582510563327,0.132618,0
607411592442675199,0.250467,0
607411592576892927,0.260993,0
607411592711110655,0.239166,0
607411592845328383,0.248046,0
607411592979546111,0.250438,0
607411593113763839,0.24565,0
607411593247981567,0.260179,0
607411593516417023,0.302013,0
607411593650634751,0.293134,0
607411593784852479,0.295275,0
607411593919070207,0.312348,0
607411594053287935,0.278231,0
607411594187505663,0.284423,0
607411594321723391,0.269538,0
607411594590158847,0.240297,0
607411594724376575,0.260187,0
607411594858594303,0.20756,0
607411594992812031,0.230684,0
607411595127029759,0.231738,0
607411595261247487,0.23932,0
607411595395465215,0.22957,0
607411595663900671,0.296565,0
607411595798118399,0.308996,0
607411595932336127,0.287029,0
607411596066553855,0.300795,0
607411596200771583,0.284725,0
607411596334989311,0.309079,0
607411596469207039,0.265905,0
607411596737642495,0.282529,0
607411596871860223,0.290986,0
607411597006077951,0.280842,0
607411597140295679,0.282421,0
607411597274513407,0.243075,0
607411597408731135,0.280761,0
607411597542948863,0.280028,0
607411597811384319,0.241979,0
607411597945602047,0.268315,0
607411598079819775,0.255838,0
607411598214037503,0.267834,0
607411598348255231,0.242462,0
607411598482472959,0.232974,0
607411598616690687,0.270911,0
607411598885126143,0.267891,0
607411599019343871,0.256004,0
607411599153561599,0.259067,0
607411599287779327,0.245178,0
607411599421997055,0.263994,0
607411599556214783,0.282256,0
607411599690432511,0.270771,0
607411601032609791,0.288671,0
607411601166827519,0.309661,0
607411601301045247,0.284885,0
607411601435262975,0.316224,0
607411601569480703,0.289396,0
607411601703698431,0.296605,0
607411601837916159,0.315173,0
607411602106351615,0.308466,0
607411602240569343,0.348805,0
607411602374787071,0.331279,0
607411602509004799,0.333246,0
607411602643222527,0.293011,0
607411602777440255,0.30783,0
607411602911657983,0.313911,0
607411603180093439,0.312916,0
607411603314311167,0.332856,0
607411603448528895,0.300819,0
607411603582746623,0.344756,0
607411603716964351,0.299575,0
607411603851182079,0.323308,0
607411603985399807,0.326968,0
607411604253835263,0.360884,0
607411604388052991,0.372795,0
607411604522270719,0.372464,0
607411604656488447,0.375407,0
607411604790706175,0.34224,0
607411604924923903,0.325626,0
607411605059141631,0.342685,0
607411605327577087,0.313379,0
607411605461794815,0.308021,0
607411605596012543,0.303208,0
607411605730230271,0.321557,0
607411605864447999,0.296653,0
607411605998665727,0.291084,0
607411606132883455,0.296658,0
607411606401318911,0.298574,0
607411606535536639,0.319366,0
607411606669754367,0.281129,0
607411606803972095,0.296518,0
607411606938189823,0.288446,0
607411607072407551,0.304507,0
607411607206625279,0.294138,0
607411607475060735,0.299506,0
607411607609278463,0.329652,0
607411607743496191,0.321941,0
607411607877713919,0.308206,0
607411608011931647,0.301747,0
607411608146149375,0.33003,0
607411608280367103,0.296015,0
607411609622544383,0.194338,0
607411609756762111,0.238758,0
607411609890979839,0.189342,0
607411610025197567,0.18133,0
607411610159415295,0.213141,0
607411610293633023,0.208702,0
607411610427850751,0.208141,0
607411610696286207,0.2236,0
607411610830503935,0.231752,0
607411610964721663,0.220827,0
607411611098939391,0.216065,0
607411611233157119,0.207739,0
607411611367374847,0.219518,0
607411611501592575,0.211777,0
607411611770028031,0.190373,0
607411611904245759,0.181387,0
607411612038463487,0.190701,0
607411612172681215,0.18243,0
607411612306898943,0.18689,0
607411612441116671,0.168096,0
607411612575334399,0.210681,0
607411612843769855,0.192063,0
607411612977987583,0.211409,0
607411613112205311,0.18829,0
607411613246423039,0.214302,0
607411613380640767,0.194108,0
607411613514858495,0.208687,0
607411613649076223,0.179091,0
607411613917511679,0.258462,0
607411614051729407,0.234138,0
607411614185947135,0.249047,0
607411614320164863,0.232517,0
607411614454382591,0.188577,0
607411614588600319,0.240023,0
607411614722818047,0.189179,0
607411614991253503,0.214381,0
607411615125471231,0.208056,0
607411615259688959,0.222442,0
607411615393906687,0.214124,0
607411615528124415,0.243788,0
607411615662342143,0.231408,0
607411615796559871,0.252826,0
607411616064995327,0.235714,0
607411616199213055,0.227047,0
607411616333430783,0.199121,0
607411616467648511,0.20389,0
607411616601866239,0.206188,0
607411616736083967,0.252053,0
607411616870301695,0.200133,0
607411618212478975,0.264915,0
607411618346696703,0.27097,0
607411618480914431,0.268704,0
607411618615132159,0.274003,0
607411618749349887,0.301526,0
607411618883567615,0.269381,0
607411619017785343,0.266999,0
607411619286220799,0.296647,0
607411619420438527,0.341879,0
607411619554656255,0.292865,0
607411619688873983,0.336756,0
607411619823091711,0.293476,0
607411619957309439,0.316931,0
607411620091527167,0.29665,0
607411620359962623,0.257628,0
607411620494180351,0.271598,0
607411620628398079,0.275814,0
607411620762615807,0.258708,0
607411620896833535,0.287124,0
607411621031051263,0.266198,0
607411621165268991,0.278042,0
607411621433704447,0.295014,0
607411621567922175,0.338764,0
607411621702139903,0.267724,0
607411621836357631,0.314354,0
607411621970575359,0.2845,0
607411622104793087,0.310695,0
607411622239010815,0.29559,0
607411622507446271,0.252971,0
607411622641663999,0.258793,0
607411622775881727,0.244246,0
607411622910099455,0.25384,0
607411623044317183,0.274601,0
607411623178534911,0.265762,0
607411623312752639,0.255939,0
607411623581188095,0.271132,0
607411623715405823,0.300298,0
607411623849623551,0.287646,0
607411623983841279,0.267519,0
607411624118059007,0.29463,0
607411624252276735,0.291988,0
607411624386494463,0.266468,0
607411624654929919,0.234932,0
607411624789147647,0.254941,0
607411624923365375,0.240197,0
607411625057583103,0.252622,0
607411625191800831,0.254761,0
607411625326018559,0.241715,0
607411625460236287,0.251919,0
607411626802413567,0.207926,0
607411626936631295,0.227408,0
607411627070849023,0.232651,0
607411627205066751,0.225854,0
607411627339284479,0.31707,0
607411627473502207,0.253342,0
607411627607719935,0.242702,0
607411627876155391,0.310212,0
607411628010373119,0.322903,0
607411628144590847,0.242311,0
607411628278808575,0.268899,0
607411628413026303,0.25888,0
607411628547244031,0.282418,0
607411628681461759,0.255431,0
607411628949897215,0.230665,0
607411629084114943,0.229155,0
607411629218332671,0.2522,0
607411629352550399,0.231523,0
607411629486768127,0.23898,0
607411629620985855,0.217584,0
607411629755203583,0.245381,0
607411630023639039,0.246999,0
607411630157856767,0.257965,0
607411630292074495,0.254714,0
607411630426292223,0.268978,0
607411630560509951,0.241201,0
607411630694727679,0.269084,0
607411630828945407,0.225934,0
607411631097380863,0.18312,0
607411631231598591,0.229285,0
607411631365816319,0.202627,0
607411631500034047,0.233253,0
607411631634251775,0.137926,0
607411631768469503,0.182143,0
607411631902687231,0.182425,0
607411632171122687,0.225445,0
607411632305340415,0.248624,0
607411632439558143,0.238394,0
607411632573775871,0.251047,0
607411632707993599,0.263689,0
607411632842211327,0.213254,0
607411632976429055,0.270997,0
607411633244864511,0.22463,0
607411633379082239,0.230797,0
607411633513299967,0.183947,0
607411633647517695,0.24047,0
607411633781735423,0.173424,0
607411633915953151,0.21082,0
607411634050170879,0.161754,0
607411635392348159,0.326903,0
607411635526565887,0.35418,0
607411635660783615,0.276748,0
607411635795001343,0.287543,0
607411635929219071,0.320606,0
607411636063436799,0.34211,0
607411636197654527,0.313639,0
607411636466089983,0.299031,0
607411636600307711,0.295148,0
607411636734525439,0.325702,0
607411636868743167,0.336121,0
607411637002960895,0.274727,0
607411637137178623,0.25776,0
607411637271396351,0.317816,0
607411637539831807,0.287085,0
607411637674049535,0.283886,0
607411637808267263,0.269366,0
607411637942484991,0.295263,0
607411638076702719,0.273941,0
607411638210920447,0.292238,0
607411638345138175,0.25353,0
607411638613573631,0.306894,0
607411638747791359,0.297393,0
607411638882009087,0.282047,0
607411639016226815,0.291276,0
607411639150444543,0.296154,0
607411639284662271,0.285585,0
607411639418879999,0.296555,0
607411639687315455,0.240062,0
607411639821533183,0.265922,0
607411639955750911,0.284079,0
607411640089968639,0.301909,0
607411640224186367,0.244375,0
607411640358404095,0.266081,0
607411640492621823,0.263636,0
607411640761057279,0.250658,0
607411640895275007,0.288172,0
607411641029492735,0.281105,0
607411641163710463,0.282983,0
607411641297928191,0.252858,0
607411641432145919,0.229828,0
607411641566363647,0.28574,0
607411641834799103,0.234258,0
607411641969016831,0.267315,0
607411642103234559,0.219802,0
607411642237452287,0.239551,0
607411642371670015,0.228992,0
607411642505887743,0.266114,0
607411642640105471,0.239478,0
607411643982282751,0.213036,0
607411644116500479,0.257595,0
607411644250718207,0.20763,0
607411644384935935,0.280474,0
607411644519153663,0.19881,0
607411644653371391,0.24378,0
607411644787589119,0.188205,0
607411645056024575,0.276751,0
607411645190242303,0.250293,0
607411645324460031,0.264313,0
607411645458677759,0.248041,0
607411645592895487,0.271387,0
607411645727113215,0.251451,0
607411645861330943,0.263966,0
607411646129766399,0.23851,0
607411646263984127,0.21357,0
607411646398201855,0.239024,0
607411646532419583,0.199249,0
607411646666637311,0.196774,0
607411646800855039,0.232069,0
607411646935072767,0.159587,0
607411647203508223,0.25616,0
607411647337725951,0.257154,0
607411647471943679,0.226292,0
607411647606161407,0.263603,0
607411647740379135,0.236994,0
607411647874596863,0.244532,0
607411648008814591,0.235225,0
607411648277250047,0.16355,0
607411648411467775,0.195481,0
607411648545685503,0.152321,0
607411648679903231,0.177234,0
607411648814120959,0.159425,0
607411648948338687,0.17212,0
607411649082556415,0.139191,0
607411649350991871,0.229651,0
607411649485209599,0.298428,0
607411649619427327,0.203411,0
607411649753645055,0.283044,0
607411649887862783,0.171892,0
607411650022080511,0.225083,0
607411650156298239,0.20724,0
607411650424733695,0.173718,0
607411650558951423,0.188083,0
607411650693169151,0.164025,0
607411650827386879,0.1899,0
607411650961604607,0.145645,0
607411651095822335,0.176803,0
607411651230040063,0.151874,0
607411661162151935,0.526151,0
607411661296369663,0.583076,0
607411661430587391,0.477996,0
607411661564805119,0.557912,0
607411661699022847,0.409126,0
607411661833240575,0.484279,0
607411661967458303,0.452884,0
607411662235893759,0.600825,0
607411662370111487,0.635587,0
607411662504329215,0.626615,0
607411662638546943,0.668483,0
607411662772764671,0.668237,0
607411662906982399,0.674331,0
607411663041200127,0.538222,0
607411663309635583,0.509007,0
607411663443853311,0.723183,0
607411663578071039,0.512185,0
607411663712288767,0.54513,0
607411663846506495,0.494108,0
607411663980724223,0.519692,0
607411664114941951,0.510897,0
607411664383377407,0.654045,0
607411664517595135,0.71148,0
607411664651812863,0.658219,0
607411664786030591,0.689751,0
607411664920248319,0.659559,0
607411665054466047,0.709256,0
607411665188683775,0.704786,0
607411665457119231,0.367139,0
607411665591336959,0.389305,0
607411665725554687,0.380168,0
607411665859772415,0.415936,0
607411665993990143,0.309317,0
607411666128207871,0.354304,0
607411666262425599,0.350588,0
607411666530861055,0.408095,0
607411666665078783,0.556645,0
607411666799296511,0.390433,0
607411666933514239,0.594719,0
607411667067731967,0.364167,0
607411667201949695,0.426598,0
607411667336167423,0.377724,0
607411667604602879,0.445615,0
607411667738820607,0.529868,0
607411667873038335,0.419573,0
607411668007256063,0.448554,0
607411668141473791,0.413274,0
607411668275691519,0.452119,0
607411668409909247,0.467853,0
607411669752086527,0.917375,0
607411669886304255,0.998502,0
607411670020521983,0.963529,0
607411670154739711,1.29648,0
607411670288957439,0.818856,0
607411670423175167,0.903671,0
607411670557392895,0.816543,0
607411670825828351,1.35742,0
607411670960046079,1.27423,0
607411671094263807,1.26307,0
607411671228481535,1.60364,0
607411671362699263,0.971194,0
607411671496916991,1.02188,0
607411671631134719,0.992369,0
607411671899570175,1.63571,0
607411672033787903,1.53467,0
607411672168005631,1.74464,0
607411672302223359,1.40656,0
607411672436441087,0.971764,0
607411672570658815,1.50128,0
607411672704876543,0.977269,0
607411672973311999,1.22601,0
607411673107529727,0.982104,0
607411673241747455,1.01817,0
607411673375965183,0.864394,0
607411673510182911,1.97993,0
607411673644400639,1.61263,0
607411673778618367,2.1495,0
607411674047053823,0.684405,0
607411674181271551,0.735494,0
607411674315489279,0.697371,0
607411674449707007,0.800357,0
607411674583924735,0.699945,0
607411674718142463,0.666429,0
607411674852360191,0.607344,0
607411675120795647,0.800899,0
607411675255013375,0.89738,0
607411675389231103,0.878395,0
607411675523448831,0.893254,0
607411675657666559,0.726999,0
607411675791884287,0.767005,0
607411675926102015,0.751432,0
607411676194537471,0.843125,0
607411676328755199,0.91242,0
607411676462972927,0.792535,0
607411676597190655,0.891265,0
607411676731408383,0.705077,0
607411676865626111,0.807469,0
607411676999843839,0.810086,0
607411678342021119,0.439997,0
607411678476238847,0.494208,0
607411678610456575,0.427575,0
607411678744674303,0.461931,0
607411678878892031,0.440652,0
607411679013109759,0.433785,0
607411679147327487,0.47184,0
607411679415762943,0.647283,0
607411679549980671,0.616369,0
607411679684198399,0.719337,0
607411679818416127,0.594684,0
607411679952633855,0.515892,0
607411680086851583,0.530011,0
607411680221069311,0.593619,0
607411680489504767,0.529762,0
607411680623722495,0.544772,0
607411680757940223,0.514712,0
607411680892157951,0.536196,0
607411681026375679,0.446872,0
607411681160593407,0.539021,0
607411681294811135,0.463353,0
607411681563246591,0.539394,0
607411681697464319,0.5985,0
607411681831682047,0.572534,0
607411681965899775,0.605015,0
607411682100117503,0.526807,0
607411682234335231,0.579084,0
607411682368552959,0.57501,0
607411682636988415,0.409944,0
607411682771206143,0.404749,0
607411682905423871,0.41086,0
607411683039641599,0.427062,0
607411683173859327,0.35081,0
607411683308077055,0.415527,0
607411683442294783,0.332978,0
607411683710730239,0.416672,0
607411683844947967,0.482061,0
607411683979165695,0.396785,0
607411684113383423,0.468432,0
607411684247601151,0.47194,0
607411684381818879,0.428538,0
607411684516036607,0.387663,0
607411684784472063,0.424051,0
607411684918689791,0.416758,0
607411685052907519,0.417245,0
607411685187125247,0.470228,0
607411685321342975,0.334149,0
607411685455560703,0.434453,0
607411685589778431,0.392191,0
607411686931955711,0.831573,0
607411687066173439,0.908848,0
607411687200391167,0.758754,0
607411687334608895,0.791478,0
607411687468826623,0.813198,0
607411687603044351,0.891257,0
607411687737262079,0.756369,0
607411688005697535,1.59286,0
607411688139915263,0.913577,0
607411688274132991,1.75699,0
607411688408350719,1.45458,0
607411688542568447,1.68742,0
607411688676786175,0.948415,0
607411688811003903,1.16215,0
607411689079439359,0.771774,0
607411689213657087,0.776685,0
607411689347874815,0.784494,0
607411689482092543,0.784869,0
607411689616310271,0.739521,0
607411689750527999,0.772678,0
607411689884745727,0.709018,0
607411690153181183,0.872473,0
607411690287398911,1.77468,0
607411690421616639,0.833652,0
607411690555834367,0.868266,0
607411690690052095,0.875383,0
607411690824269823,1.7645,0
607411690958487551,0.819762,0
607411691226923007,0.666977,0
607411691361140735,0.788361,0
607411691495358463,0.629227,0
607411691629576191,0.776238,0
607411691763793919,0.63018,0
607411691898011647,0.694086,0
607411692032229375,0.635826,0
607411692300664831,0.860761,0
607411692434882559,1.16464,0
607411692569100287,0.88996,0
607411692703318015,1.02755,0
607411692837535743,1.02128,0
607411692971753471,0.899467,0
607411693105971199,0.755362,0
607411693374406655,0.606883,0
607411693508624383,0.654276,0
607411693642842111,0.588452,0
607411693777059839,0.617793,0
607411693911277567,0.654704,0
607411694045495295,0.663398,0
607411694179713023,0.617814,0
607411695521890303,0.277562,0
607411695656108031,0.318309,0
607411695790325759,0.296008,0
607411695924543487,0.295938,0
607411696058761215,0.268098,0
607411696192978943,0.287794,0
607411696327196671,0.306177,0
607411696595632127,0.307586,0
607411696729849855,0.329694,0
607411696864067583,0.281818,0
607411696998285311,0.328981,0
607411697132503039,0.293916,0
607411697266720767,0.307444,0
607411697400938495,0.304642,0
607411697669373951,0.302703,0
607411697803591679,0.316883,0
607411697937809407,0.314581,0
607411698072027135,0.320632,0
607411698206244863,0.289351,0
607411698340462591,0.321392,0
607411698474680319,0.316041,0
607411698743115775,0.328261,0
607411698877333503,0.359814,0
607411699011551231,0.317891,0
607411699145768959,0.350598,0
607411699279986687,0.290321,0
607411699414204415,0.322457,0
607411699548422143,0.302226,0
607411699816857599,0.262092,0
607411699951075327,0.236887,0
607411700085293055,0.277973,0
607411700219510783,0.288495,0
607411700353728511,0.218795,0
607411700487946239,0.242964,0
607411700622163967,0.259384,0
607411700890599423,0.258786,0
607411701024817151,0.256313,0
607411701159034879,0.254401,0
607411701293252607,0.262267,0
607411701427470335,0.224251,0
607411701561688063,0.231017,0
607411701695905791,0.212689,0
607411701964341247,0.271644,0
607411702098558975,0.310033,0
607411702232776703,0.282335,0
607411702366994431,0.297235,0
607411702501212159,0.284618,0
607411702635429887,0.287833,0
607411702769647615,0.3174,0
607411704111824895,0.398912,0
607411704246042623,0.413988,0
607411704380260351,0.43652,0
607411704514478079,0.475501,0
607411704648695807,0.405269,0
607411704782913535,0.415134,0
607411704917131263,0.420211,0
607411705185566719,0.452917,0
607411705319784447,0.459873,0
607411705454002175,0.453627,0
607411705588219903,0.461343,0
607411705722437631,0.42549,0
607411705856655359,0.454532,0
607411705990873087,0.402368,0
607411706259308543,0.557242,0
607411706393526271,0.536913,0
607411706527743999,0.619782,0
607411706661961727,0.674342,0
607411706796179455,0.43097,0
607411706930397183,0.487608,0
607411707064614911,0.450775,0
607411707333050367,0.516587,0
607411707467268095,0.556871,0
607411707601485823,0.581553,0
607411707735703551,0.651862,0
607411707869921279,0.499862,0
607411708004139007,0.460914,0
607411708138356735,0.492141,0
607411708406792191,0.345604,0
607411708541009919,0.362355,0
607411708675227647,0.364378,0
607411708809445375,0.356269,0
607411708943663103,0.310381,0
607411709077880831,0.349194,0
607411709212098559,0.30999,0
607411709480534015,0.353697,0
607411709614751743,0.373883,0
607411709748969471,0.371101,0
607411709883187199,0.397638,0
607411710017404927,0.330257,0
607411710151622655,0.333302,0
607411710285840383,0.349424,0
607411710554275839,0.384689,0
607411710688493567,0.410757,0
607411710822711295,0.356542,0
607411710956929023,0.417697,0
607411711091146751,0.34971,0
607411711225364479,0.384263,0
607411711359582207,0.321036,0
607411712701759487,0.381404,0
607411712835977215,0.405058,0
607411712970194943,0.352499,0
607411713104412671,0.368155,0
607411713238630399,0.411364,0
607411713372848127,0.340954,0
607411713507065855,0.422018,0
607411713775501311,0.379346,0
607411713909719039,0.373903,0
607411714043936767,0.421952,0
607411714178154495,0.440215,0
607411714312372223,0.331205,0
607411714446589951,0.35373,0
607411714580807679,0.359682,0
607411714849243135,0.304603,0
607411714983460863,0.384401,0
607411715117678591,0.306027,0
607411715251896319,0.317308,0
607411715386114047,0.316675,0
607411715520331775,0.343652,0
607411715654549503,0.309716,0
607411715922984959,0.427518,0
607411716057202687,0.416136,0
607411716191420415,0.496153,0
607411716325638143,0.411257,0
607411716459855871,0.387776,0
607411716594073599,0.45499,0
607411716728291327,0.418089,0
607411716996726783,0.283204,0
607411717130944511,0.300584,0
607411717265162239,0.323721,0
607411717399379967,0.388874,0
607411717533597695,0.258317,0
607411717667815423,0.266168,0
607411717802033151,0.264811,0
607411718070468607,0.285713,0
607411718204686335,0.336969,0
607411718338904063,0.294051,0
607411718473121791,0.321232,0
607411718607339519,0.298439,0
607411718741557247,0.293239,0
607411718875774975,0.300036,0
607411719144210431,0.334953,0
607411719278428159,0.351281,0
607411719412645887,0.316643,0
607411719546863615,0.338525,0
607411719681081343,0.357608,0
607411719815299071,0.389591,0
607411719949516799,0.30176,0
607411729881628671,0.091293,0
607411730015846399,0.0909013,0
607411730150064127,0.0898504,0
607411730284281855,0.0860044,0
607411730418499583,0.0993295,0
607411730552717311,0.110233,0
607411730686935039,0.104089,0
607411730955370495,0.1197,0
607411731089588223,0.132708,0
607411731223805951,0.106125,0
607411731358023679,0.116147,0
607411731492241407,0.123736,0
607411731626459135,0.115855,0
607411731760676863,0.106904,0
607411732029112319,0.0775625,0
607411732163330047,0.0725437,0
607411732297547775,0.0906763,0
607411732431765503,0.0630981,0
607411732565983231,0.0845583,0
607411732700200959,0.0753137,0
607411732834418687,0.10603,0
607411733102854143,0.0993127,0
607411733237071871,0.103573,0
607411733371289599,0.0940467,0
607411733505507327,0.0856128,0
607411733639725055,0.112501,0
607411733773942783,0.112428,0
607411733908160511,0.0975051,0
607411734176595967,0.134447,0
607411734310813695,0.112622,0
607411734445031423,0.0888074,0
607411734579249151,0.10972,0
607411734713466879,0.210093,0
607411734847684607,0.21071,0
607411734981902335,0.140658,0
607411735250337791,0.142079,0
607411735384555519,0.124687,0
607411735518773247,0.122511,0
607411735652990975,0.120749,0
607411735787208703,0.139504,0
607411735921426431,0.214084,0
607411736055644159,0.180934,0
607411736324079615,0.0837655,0
607411736458297343,0.0931214,0
607411736592515071,0.0924329,0
607411736726732799,0.0823053,0
607411736860950527,0.083696,0
607411736995168255,0.0904937,0
607411737129385983,0.0919987,0
607411738471563263,0.129034,0
607411738605780991,0.100261,0
607411738739998719,0.0994274,0
607411738874216447,0.0763279,0
607411739008434175,0.129048,0
607411739142651903,0.126758,0
607411739276869631,0.135928,0
607411739545305087,0.115406,0
607411739679522815,0.121184,0
607411739813740543,0.13268,0
607411739947958271,0.0878188,0
607411740082175999,0.112644,0
607411740216393727,0.105505,0
607411740350611455,0.112677,0
607411740619046911,0.0682992,0
607411740753264639,0.070496,0
607411740887482367,0.064262,0
607411741021700095,0.065983,0
607411741155917823,0.0821684,0
607411741290135551,0.0695097,0
607411741424353279,0.0713478,0
607411741692788735,0.082912,0
607411741827006463,0.077692,0
607411741961224191,0.0857606,0
607411742095441919,0.0780853,0
607411742229659647,0.095994,0
607411742363877375,0.0785524,0
607411742498095103,0.0775042,0
607411742766530559,0.139419,0
607411742900748287,0.151441,0
607411743034966015,0.125653,0
607411743169183743,0.154659,0
607411743303401471,0.122221,0
607411743437619199,0.154037,0
607411743571836927,0.123367,0
607411743840272383,0.10876,0
607411743974490111,0.132098,0
607411744108707839,0.111233,0
607411744242925567,0.102524,0
607411744377143295,0.131678,0
607411744511361023,0.151258,0
607411744645578751,0.132948,0
607411744914014207,0.117078,0
607411745048231935,0.127484,0
607411745182449663,0.10738,0
607411745316667391,0.102115,0
607411745450885119,0.133864,0
607411745585102847,0.123199,0
607411745719320575,0.118416,0
607411747061497855,0.0642342,0
607411747195715583,0.0596645,0
607411747329933311,0.0657459,0
607411747464151039,0.0841566,0
607411747598368767,0.0867964,0
607411747732586495,0.0708519,0
607411747866804223,0.0613221,0
607411748135239679,0.061894,0
607411748269457407,0.0608215,0
607411748403675135,0.0567308,0
607411748537892863,0.0599392,0
607411748672110591,0.0955684,0
607411748806328319,0.0652875,0
607411748940546047,0.0629476,0
607411749208981503,0.059641,0
607411749343199231,0.0910246,0
607411749477416959,0.0552874,0
607411749611634687,0.0962455,0
607411749745852415,0.0646132,0
607411749880070143,0.0830156,0
607411750014287871,0.0534959,0
607411750282723327,0.0816272,0
607411750416941055,0.0456046,0
607411750551158783,0.0697492,0
607411750685376511,0.0446412,0
607411750819594239,0.0831816,0
607411750953811967,0.0575928,0
607411751088029695,0.0941787,0
607411751356465151,0.0673839,0
607411751490682879,0.0841639,0
607411751624900607,0.0722409,0
607411751759118335,0.0685567,0
607411751893336063,0.0748661,0
607411752027553791,0.0860468,0
607411752161771519,0.0836128,0
607411752430206975,0.0890597,0
607411752564424703,0.0849351,0
607411752698642431,0.0958358,0
607411752832860159,0.0904042,0
607411752967077887,0.104107,0
607411753101295615,0.0805308,0
607411753235513343,0.0931217,0
607411753503948799,0.0590369,0
607411753638166527,0.0545703,0
607411753772384255,0.0759122,0
607411753906601983,0.0562654,0
607411754040819711,0.0927111,0
607411754175037439,0.0555863,0
607411754309255167,0.0744879,0
607411755651432447,0.0612765,0
607411755785650175,0.0598207,0
607411755919867903,0.0573005,0
607411756054085631,0.0563395,0
607411756188303359,0.0757887,0
607411756322521087,0.0568527,0
607411756456738815,0.0710625,0
607411756725174271,0.065017,0
607411756859391999,0.0663731,0
607411756993609727,0.06335,0
607411757127827455,0.0678336,0
607411757262045183,0.0650316,0
607411757396262911,0.0657246,0
607411757530480639,0.0636148,0
607411757798916095,0.0764942,0
607411757933133823,0.0621388,0
607411758067351551,0.065012,0
607411758201569279,0.052691,0
607411758335787007,0.0750032,0
607411758470004735,0.0757454,0
607411758604222463,0.0632807,0
607411758872657919,0.0867622,0
607411759006875647,0.0812063,0
607411759141093375,0.118928,0
607411759275311103,0.0733593,0
607411759409528831,0.0796405,0
607411759543746559,0.091751,0
607411759677964287,0.0820526,0
607411759946399743,0.0767213,0
607411760080617471,0.0813834,0
607411760214835199,0.066187,0
607411760349052927,0.0857081,0
607411760483270655,0.0812211,0
607411760617488383,0.0639594,0
607411760751706111,0.0619964,0
607411761020141567,0.0662938,0
607411761154359295,0.0628581,0
607411761288577023,0.0885775,0
607411761422794751,0.0618976,0
607411761557012479,0.115084,0
607411761691230207,0.0966545,0
607411761825447935,0.10466,0
607411762093883391,0.0717457,0
607411762228101119,0.0652961,0
607411762362318847,0.0766694,0
607411762496536575,0.0684379,0
607411762630754303,0.078419,0
607411762764972031,0.0777045,0
607411762899189759,0.0830435,0
607411764241367039,0.112204,0
607411764375584767,0.0944957,0
607411764509802495,0.126615,0
607411764644020223,0.106694,0
607411764778237951,0.144434,0
607411764912455679,0.114079,0
607411765046673407,0.162769,0
607411765315108863,0.0895032,0
607411765449326591,0.0762315,0
607411765583544319,0.0792063,0
607411765717762047,0.0757604,0
607411765851979775,0.0957113,0
607411765986197503,0.0844608,0
607411766120415231,0.0888591,0
607411766388850687,0.133218,0
607411766523068415,0.139925,0
607411766657286143,0.146835,0
607411766791503871,0.180817,0
607411766925721599,0.170898,0
607411767059939327,0.109405,0
607411767194157055,0.12786,0
607411767462592511,0.0895431,0
607411767596810239,0.0958582,0
607411767731027967,0.109956,0
607411767865245695,0.118787,0
607411767999463423,0.0847435,0
607411768133681151,0.0864174,0
607411768267898879,0.0876277,0
607411768536334335,0.225189,0
607411768670552063,0.1931,0
607411768804769791,0.312662,0
607411768938987519,0.191849,0
607411769073205247,0.300948,0
607411769207422975,0.254826,0
607411769341640703,0.37031,0
607411769610076159,0.151633,0
607411769744293887,0.0975941,0
607411769878511615,0.135853,0
607411770012729343,0.107243,0
607411770146947071,0.176554,0
607411770281164799,0.131517,0
607411770415382527,0.182794,0
607411770683817983,0.185328,0
607411770818035711,0.178667,0
607411770952253439,0.176584,0
607411771086471167,0.157618,0
607411771220688895,0.486993,0
607411771354906623,0.247008,0
607411771489124351,0.253283,0
607411772831301631,0.0838745,0
607411772965519359,0.0889354,0
607411773099737087,0.148399,0
607411773233954815,0.199645,0
607411773368172543,0.0795172,0
607411773502390271,0.0927013,0
607411773636607999,0.0790671,0
607411773905043455,0.186737,0
607411774039261183,0.180267,0
607411774173478911,0.149605,0
607411774307696639,0.127798,0
607411774441914367,0.0795671,0
607411774576132095,0.0910369,0
607411774710349823,0.0792269,0
607411774978785279,0.121253,0
607411775113003007,0.134142,0
607411775247220735,0.110907,0
607411775381438463,0.10444,0
607411775515656191,0.157934,0
607411775649873919,0.139603,0
607411775784091647,0.131249,0
607411776052527103,0.149961,0
607411776186744831,0.150327,0
607411776320962559,0.124038,0
607411776455180287,0.148043,0
607411776589398015,0.127755,0
607411776723615743,0.135432,0
607411776857833471,0.140523,0
607411777126268927,0.0714959,0
607411777260486655,0.0757887,0
607411777394704383,0.0606246,0
607411777528922111,0.0772826,0
607411777663139839,0.0638741,0
607411777797357567,0.0904808,0
607411777931575295,0.0713856,0
607411778200010751,0.0884941,0
607411778334228479,0.076598,0
607411778468446207,0.0790375,0
607411778602663935,0.0873017,0
607411778736881663,0.0815036,0
607411778871099391,0.100229,0
607411779005317119,0.0802293,0
607411779273752575,0.0849416,0
607411779407970303,0.100775,0
607411779542188031,0.0884843,0
607411779676405759,0.223553,0
607411779810623487,0.0780976,0
607411779944841215,0.0750648,0
607411780079058943,0.0843325,0
607411781421236223,0.117332,0
607411781555453951,0.130885,0
607411781689671679,0.131616,0
607411781823889407,0.129262,0
607411781958107135,0.165858,0
607411782092324863,0.109207,0
607411782226542591,0.122335,0
607411782494978047,0.128499,0
607411782629195775,0.0955708,0
607411782763413503,0.0905257,0
607411782897631231,0.0934349,0
607411783031848959,0.141064,0
607411783166066687,0.130227,0
607411783300284415,0.112896,0
607411783568719871,0.113824,0
607411783702937599,0.120591,0
607411783837155327,0.0838318,0
607411783971373055,0.09541,0
607411784105590783,0.11926,0
607411784239808511,0.112295,0
607411784374026239,0.107367,0
607411784642461695,0.103918,0
607411784776679423,0.114197,0
607411784910897151,0.0962211,0
607411785045114879,0.107046,0
607411785179332607,0.111102,0
607411785313550335,0.0969704,0
607411785447768063,0.125846,0
607411785716203519,0.141183,0
607411785850421247,0.168224,0
607411785984638975,0.043031,0
607411786118856703,0.13675,0
607411786253074431,0.166282,0
607411786387292159,0.24223,0
607411786521509887,0.0369748,0
607411786789945343,0.157201,0
607411786924163071,0.191887,0
607411787058380799,0.113088,0
607411787192598527,0.130173,0
607411787326816255,0.149918,0
607411787461033983,0.165595,0
607411787595251711,0.246309,0
607411787863687167,0.0725973,0
607411787997904895,0.126588,0
607411788132122623,0.0389719,0
607411788266340351,0.0963961,0
607411788400558079,0.0406794,0
607411788534775807,0.0970124,0
607411788668993535,0.0385392,0
607411798601105407,0.159686,0
607411798735323135,0.168145,0
607411798869540863,0.168663,0
607411799003758591,0.197442,0
607411799137976319,0.17657,0
607411799272194047,0.200136,0
607411799406411775,0.16303,0
607411799674847231,0.176928,0
607411799809064959,0.177561,0
607411799943282687,0.16678,0
607411800077500415,0.182355,0
607411800211718143,0.16806,0
607411800345935871,0.182301,0
607411800480153599,0.17895,0
607411800748589055,0.168888,0
607411800882806783,0.181418,0
607411801017024511,0.158968,0
607411801151242239,0.163235,0
607411801285459967,0.181568,0
607411801419677695,0.182471,0
607411801553895423,0.175815,0
607411801822330879,0.161358,0
607411801956548607,0.202314,0
607411802090766335,0.157917,0
607411802224984063,0.175581,0
607411802359201791,0.16804,0
607411802493419519,0.168057,0
607411802627637247,0.170717,0
607411802896072703,0.22408,0
607411803030290431,0.171788,0
607411803164508159,0.195766,0
607411803298725887,0.219839,0
607411803432943615,0.244014,0
607411803567161343,0.277675,0
607411803701379071,0.197863,0
607411803969814527,0.196387,0
607411804104032255,0.18012,0
607411804238249983,0.167688,0
607411804372467711,0.195286,0
607411804506685439,0.23336,0
607411804640903167,0.216439,0
607411804775120895,0.196485,0
607411805043556351,0.204947,0
607411805177774079,0.182533,0
607411805311991807,0.166864,0
607411805446209535,0.192695,0
607411805580427263,0.173076,0
607411805714644991,0.226382,0
607411805848862719,0.195815,0
607411807191039999,0.162127,0
607411807325257727,0.17406,0
607411807459475455,0.166053,0
607411807593693183,0.167541,0
607411807727910911,0.181678,0
607411807862128639,0.167622,0
607411807996346367,0.163704,0
607411808264781823,0.194486,0
607411808398999551,0.202059,0
607411808533217279,0.180946,0
607411808667435007,0.195858,0
607411808801652735,0.194769,0
607411808935870463,0.207705,0
607411809070088191,0.192601,0
607411809338523647,0.165469,0
607411809472741375,0.168063,0
607411809606959103,0.163068,0
607411809741176831,0.163738,0
607411809875394559,0.170133,0
607411810009612287,0.163684,0
607411810143830015,0.176143,0
607411810412265471,0.164149,0
607411810546483199,0.165975,0
607411810680700927,0.159961,0
607411810814918655,0.155311,0
607411810949136383,0.168843,0
607411811083354111,0.175609,0
607411811217571839,0.16385,0
607411811486007295,0.250091,0
607411811620225023,0.164432,0
607411811754442751,0.215554,0
607411811888660479,0.184019,0
607411812022878207,0.257745,0
607411812157095935,0.259389,0
607411812291313663,0.208237,0
607411812559749119,0.175308,0
607411812693966847,0.205152,0
607411812828184575,0.16524,0
607411812962402303,0.176688,0
607411813096620031,0.195349,0
607411813230837759,0.224331,0
607411813365055487,0.168265,0
607411813633490943,0.209,0
607411813767708671,0.178505,0
607411813901926399,0.18751,0
607411814036144127,0.168081,0
607411814170361855,0.214402,0
607411814304579583,0.164498,0
607411814438797311,0.208637,0
607411815780974591,0.111347,0
607411815915192319,0.143821,0
607411816049410047,0.098288,0
607411816183627775,0.10222,0
607411816317845503,0.111569,0
607411816452063231,0.109313,0
607411816586280959,0.125749,0
607411816854716415,0.138516,0
607411816988934143,0.127773,0
607411817123151871,0.122731,0
607411817257369599,0.123779,0
607411817391587327,0.149319,0
607411817525805055,0.158128,0
607411817660022783,0.138043,0
607411817928458239,0.0915284,0
607411818062675967,0.092214,0
607411818196893695,0.0918184,0
607411818331111423,0.0956836,0
607411818465329151,0.129667,0
607411818599546879,0.0955395,0
607411818733764607,0.10413,0
607411819002200063,0.1012,0
607411819136417791,0.120154,0
607411819270635519,0.102115,0
607411819404853247,0.0985588,0
607411819539070975,0.118485,0
607411819673288703,0.11045,0
607411819807506431,0.117642,0
607411820075941887,0.0955127,0
607411820210159615,0.114552,0
607411820344377343,0.0849649,0
607411820478595071,0.0883556,0
607411820612812799,0.0840922,0
607411820747030527,0.0943936,0
607411820881248255,0.0980102,0
607411821149683711,0.131254,0
607411821283901439,0.159886,0
607411821418119167,0.117677,0
607411821552336895,0.14429,0
607411821686554623,0.143979,0
607411821820772351,0.16456,0
607411821954990079,0.111604,0
607411822223425535,0.0785328,0
607411822357643263,0.100532,0
607411822491860991,0.0702992,0
607411822626078719,0.0811861,0
607411822760296447,0.0824787,0
607411822894514175,0.0945153,0
607411823028731903,0.106247,0
607411824370909183,0.138081,0
607411824505126911,0.137532,0
607411824639344639,0.121487,0
607411824773562367,0.144693,0
607411824907780095,0.135061,0
607411825041997823,0.148181,0
607411825176215551,0.14005,0
607411825444651007,0.167587,0
607411825578868735,0.169896,0
607411825713086463,0.15497,0
607411825847304191,0.161813,0
607411825981521919,0.175027,0
607411826115739647,0.15556,0
607411826249957375,0.164382,0
607411826518392831,0.106705,0
607411826652610559,0.149017,0
607411826786828287,0.108708,0
607411826921046015,0.142091,0
607411827055263743,0.114528,0
607411827189481471,0.12915,0
607411827323699199,0.12613,0
607411827592134655,0.129932,0
607411827726352383,0.141219,0
607411827860570111,0.125398,0
607411827994787839,0.130655,0
607411828129005567,0.158168,0
607411828263223295,0.140973,0
607411828397441023,0.147581,0
607411828665876479,0.153689,0
607411828800094207,0.155674,0
607411828934311935,0.130775,0
607411829068529663,0.145682,0
607411829202747391,0.146245,0
607411829336965119,0.147838,0
607411829471182847,0.152559,0
607411829739618303,0.150032,0
607411829873836031,0.153085,0
607411830008053759,0.144402,0
607411830142271487,0.153155,0
607411830276489215,0.188084,0
607411830410706943,0.163367,0
607411830544924671,0.178084,0
607411830813360127,0.111453,0
607411830947577855,0.134231,0
607411831081795583,0.119294,0
607411831216013311,0.118835,0
607411831350231039,0.118952,0
607411831484448767,0.138289,0
607411831618666495,0.119468,0
607411832960843775,0.131466,0
607411833095061503,0.148183,0
607411833229279231,0.123523,0
607411833363496959,0.140435,0
607411833497714687,0.122264,0
607411833631932415,0.137774,0
607411833766150143,0.118941,0
607411834034585599,0.178832,0
607411834168803327,0.169202,0
607411834303021055,0.175043,0
607411834437238783,0.173822,0
607411834571456511,0.160417,0
607411834705674239,0.163055,0
607411834839891967,0.155468,0
607411835108327423,0.141969,0
607411835242545151,0.21361,0
607411835376762879,0.216528,0
607411835510980607,0.238614,0
607411835645198335,0.11902,0
607411835779416063,0.138973,0
607411835913633791,0.111351,0
607411836182069247,0.221571,0
607411836316286975,0.248776,0
607411836450504703,0.235063,0
607411836584722431,0.24975,0
607411836718940159,0.171704,0
607411836853157887,0.186759,0
607411836987375615,0.160906,0
607411837255811071,0.114473,0
607411837390028799,0.113645,0
607411837524246527,0.117065,0
607411837658464255,0.106653,0
607411837792681983,0.126286,0
607411837926899711,0.105804,0
607411838061117439,0.112982,0
607411838329552895,0.129518,0
607411838463770623,0.142896,0
607411838597988351,0.133021,0
607411838732206079,0.138635,0
607411839134859263,0.12905,0
607411839403294719,0.108684,0
607411839537512447,0.104107,0
607411839671730175,0.110835,0
607411839805947903,0.107152,0
607411839940165631,0.113742,0
607411840074383359,0.107701,0
607411840208601087,0.104184,0
607411841550778367,0.220361,0
607411841684996095,0.211235,0
607411841819213823,0.227732,0
607411841953431551,0.220878,0
607411842087649279,0.198301,0
607411842221867007,0.215611,0
607411842356084735,0.219119,0
607411842624520191,0.274542,0
607411842758737919,0.247309,0
607411842892955647,0.296408,0
607411843027173375,0.278574,0
607411843161391103,0.188753,0
607411843295608831,0.251659,0
607411843429826559,0.214425,0
607411843698262015,0.210665,0
607411843832479743,0.260954,0
607411843966697471,0.169121,0
607411844100915199,0.19056,0
607411844235132927,0.219574,0
607411844369350655,0.226971,0
607411844503568383,0.199442,0
607411844772003839,0.294854,0
607411844906221567,0.228692,0
607411845040439295,0.309314,0
607411845174657023,0.262453,0
607411845308874751,0.255162,0
607411845443092479,0.294115,0
607411845577310207,0.279382,0
607411845845745663,0.145419,0
607411845979963391,0.162258,0
607411846114181119,0.170195,0
607411846248398847,0.176293,0
607411846382616575,0.154498,0
607411846516834303,0.15369,0
607411846651052031,0.165767,0
607411846919487487,0.170203,0
607411847053705215,0.173033,0
607411847187922943,0.173817,0
607411847322140671,0.17051,0
607411847724793855,0.159823,0
607411847993229311,0.217587,0
607411848127447039,0.229057,0
607411848261664767,0.255665,0
607411848395882495,0.22407,0
607411848530100223,0.21433,0
607411848664317951,0.194847,0
607411848798535679,0.227073,0
607411850140712959,0.160172,0
607411850274930687,0.179263,0
607411850409148415,0.180888,0
607411850543366143,0.175729,0
607411850677583871,0.186636,0
607411850811801599,0.181942,0
607411850946019327,0.167507,0
607411851214454783,0.193873,0
607411851348672511,0.183525,0
607411851482890239,0.203403,0
607411851617107967,0.197697,0
607411851751325695,0.216441,0
607411851885543423,0.220893,0
607411852019761151,0.193456,0
607411852288196607,0.12413,0
607411852422414335,0.132062,0
607411852556632063,0.114481,0
607411852690849791,0.109172,0
607411852825067519,0.151113,0
607411852959285247,0.169993,0
607411853093502975,0.1416,0
607411853361938431,0.174929,0
607411853496156159,0.162963,0
607411853630373887,0.119295,0
607411853764591615,0.143622,0
607411853898809343,0.176255,0
607411854033027071,0.206013,0
607411854167244799,0.162207,0
607411854435680255,0.215091,0
607411854569897983,0.232835,0
607411854704115711,0.172624,0
607411854838333439,0.182359,0
607411854972551167,0.098541,0
607411855106768895,0.10909,0
607411855240986623,0.116682,0
607411855509422079,0.117901,0
607411855643639807,0.111555,0
607411855777857535,0.219511,0
607411855912075263,0.244378,0
607411856046292991,0.10952,0
607411856180510719,0.112486,0
607411856314728447,0.11358,0
607411856583163903,0.150743,0
607411856717381631,0.166565,0
607411856851599359,0.15213,0
607411856985817087,0.169193,0
607411857120034815,0.144924,0
607411857254252543,0.161247,0
607411857388470271,0.118233,0
607411867320582143,0.0545883,0
607411867454799871,0.024879,0
607411867589017599,0.0316083,0
607411867723235327,0.0254788,0
607411867857453055,0.0364121,0
607411867991670783,0.0380982,0
607411868125888511,0.0256291,0
607411868394323967,0.028863,0
607411868528541695,0.0347985,0
607411868662759423,0.0254313,0
607411868796977151,0.027369,0
607411868931194879,0.0316575,0
607411869065412607,0.0252545,0
607411869199630335,0.0235385,0
607411869468065791,0.0484616,0
607411869602283519,0.0301963,0
607411869736501247,0.0567269,0
607411869870718975,0.0596669,0
607411870004936703,0.0464442,0
607411870139154431,0.0550857,0
607411870273372159,0.0473772,0
607411870541807615,0.0280695,0
607411870676025343,0.0328478,0
607411870810243071,0.0274466,0
607411870944460799,0.0288081,0
607411871078678527,0.0253265,0
607411871212896255,0.0315008,0
607411871347113983,0.0322142,0
607411871615549439,0.147176,0
607411871749767167,0.108242,0
607411871883984895,0.047474,0
607411872018202623,0.105446,0
607411872152420351,0.0653607,0
607411872286638079,0.112628,0
607411872420855807,0.140051,0
607411872689291263,0.0702643,0
607411872823508991,0.0406294,0
607411872957726719,0.0356337,0
607411873091944447,0.0246309,0
607411873226162175,0.0537264,0
607411873360379903,0.0392923,0
607411873494597631,0.0937197,0
607411873763033087,0.055137,0
607411873897250815,0.0443699,0
607411874031468543,0.0310365,0
607411874165686271,0.0434924,0
607411874299903999,0.0279776,0
607411874434121727,0.0560452,0
607411874568339455,0.0480328,0
607411875910516735,0.0762067,0
607411876044734463,0.123543,0
607411876178952191,0.0749723,0
607411876313169919,0.100557,0
607411876447387647,0.0625757,0
607411876581605375,0.116087,0
607411876715823103,0.065531,0
607411876984258559,0.178753,0
607411877118476287,0.195354,0
607411877252694015,0.144697,0
607411877386911743,0.160685,0
607411877521129471,0.0872459,0
607411877655347199,0.135951,0
607411877789564927,0.111276,0
607411878058000383,0.0846732,0
607411878192218111,0.114478,0
607411878326435839,0.0797879,0
607411878460653567,0.120765,0
607411878594871295,0.0695043,0
607411878729089023,0.109576,0
607411878863306751,0.0783818,0
607411879131742207,0.131802,0
607411879265959935,0.255801,0
607411879400177663,0.136642,0
607411879534395391,0.199332,0
607411879668613119,0.126427,0
607411879802830847,0.221783,0
607411879937048575,0.117551,0
607411880205484031,0.0449743,0
607411880339701759,0.076957,0
607411880473919487,0.0374237,0
607411880608137215,0.0572745,0
607411880742354943,0.0371379,0
607411880876572671,0.0716272,0
607411881010790399,0.0312716,0
607411881279225855,0.0725534,0
607411881413443583,0.0955447,0
607411881547661311,0.0885618,0
607411881681879039,0.0811668,0
607411881816096767,0.0667227,0
607411881950314495,0.0799542,0
607411882084532223,0.0569739,0
607411882352967679,0.0505112,0
607411882487185407,0.0615776,0
607411882621403135,0.0449674,0
607411882755620863,0.0815637,0
607411882889838591,0.0340226,0
607411883024056319,0.0659924,0
607411883158274047,0.034373,0
607411884500451327,0.0258029,0
607411884634669055,0.0330516,0
607411884768886783,0.0249795,0
607411884903104511,0.02442,0
607411885037322239,0.0445667,0
607411885171539967,0.0377245,0
607411885305757695,0.0312314,0
607411885574193151,0.0442344,0
607411885708410879,0.0397815,0
607411885842628607,0.0429413,0
607411885976846335,0.0559294,0
607411886111064063,0.0849044,0
607411886245281791,0.0905845,0
607411886379499519,0.0369773,0
607411886647934975,0.0299208,0
607411886782152703,0.0311622,0
607411886916370431,0.0346839,0
607411887050588159,0.0220219,0
607411887184805887,0.029329,0
607411887319023615,0.0245625,0
607411887453241343,0.0302677,0
607411887721676799,0.0299619,0
607411887855894527,0.0306891,0
607411887990112255,0.0317229,0
607411888124329983,0.0409895,0
607411888258547711,0.0289074,0
607411888392765439,0.0290485,0
607411888526983167,0.0297237,0
607411888795418623,0.0929068,0
607411888929636351,0.066172,0
607411889063854079,0.0367695,0
607411889198071807,0.0390532,0
607411889332289535,0.0911751,0
607411889466507263,0.0671489,0
607411889600724991,0.0388686,0
607411889869160447,0.0630399,0
607411890003378175,0.0552752,0
607411890137595903,0.0450776,0
607411890271813631,0.0740746,0
607411890406031359,0.0264521,0
607411890540249087,0.0322527,0
607411890674466815,0.062904,0
607411890942902271,0.0276362,0
607411891077119999,0.0265008,0
607411891211337727,0.0259193,0
607411891345555455,0.0279067,0
607411891479773183,0.0215764,0
607411891613990911,0.0284137,0
607411891748208639,0.0271739,0
607411893090385919,0.0726732,0
607411893224603647,0.123485,0
607411893358821375,0.0517719,0
607411893493039103,0.088842,0
607411893627256831,0.0494246,0
607411893761474559,0.0860374,0
607411893895692287,0.0639983,0
607411894164127743,0.117521,0
607411894298345471,0.197923,0
607411894432563199,0.127109,0
607411894566780927,0.165479,0
607411894700998655,0.126388,0
607411894835216383,0.165423,0
607411894969434111,0.12111,0
607411895237869567,0.0769224,0
607411895372087295,0.108797,0
607411895506305023,0.0766754,0
607411895640522751,0.106488,0
607411895774740479,0.0478033,0
607411895908958207,0.07058,0
607411896043175935,0.0628088,0
607411896311611391,0.12348,0
607411896445829119,0.156064,0
607411896580046847,0.115779,0
607411896714264575,0.149555,0
607411896848482303,0.0981284,0
607411896982700031,0.122014,0
607411897116917759,0.110862,0
607411897385353215,0.0405532,0
607411897519570943,0.066874,0
607411897653788671,0.0363041,0
607411897788006399,0.0450507,0
607411897922224127,0.038344,0
607411898056441855,0.0392493,0
607411898190659583,0.0441351,0
607411898459095039,0.0617352,0
607411898593312767,0.0976883,0
607411898727530495,0.0923425,0
607411898861748223,0.124229,0
607411898995965951,0.0375032,0
607411899130183679,0.0657055,0
607411899264401407,0.0463278,0
607411899532836863,0.0295976,0
607411899667054591,0.0481221,0
607411899801272319,0.0303917,0
607411899935490047,0.038848,0
607411900069707775,0.0456078,0
607411900203925503,0.055237,0
607411900338143231,0.0284307,0
607411901680320511,0.0658437,0
607411901814538239,0.0545422,0
607411901948755967,0.0600608,0
607411902082973695,0.06339,0
607411902217191423,0.0482902,0
607411902351409151,0.0580829,0
607411902485626879,0.0427875,0
607411902754062335,0.0611762,0
607411902888280063,0.0871365,0
607411903022497791,0.0590341,0
607411903156715519,0.0829568,0
607411903290933247,0.0538828,0
607411903425150975,0.095922,0
607411903559368703,0.0526436,0
607411903827804159,0.0709621,0
607411903962021887,0.0406375,0
607411904096239615,0.0563851,0
607411904230457343,0.0623922,0
607411904364675071,0.0507281,0
607411904498892799,0.0621736,0
607411904633110527,0.0391798,0
607411904901545983,0.0789573,0
607411905035763711,0.0837702,0
607411905169981439,0.0637761,0
607411905304199167,0.0870458,0
607411905438416895,0.0681728,0
607411905572634623,0.0858138,0
607411905706852351,0.0792063,0
607411905975287807,0.0390661,0
607411906109505535,0.0407685,0
607411906243723263,0.0301855,0
607411906377940991,0.0385523,0
607411906512158719,0.0286801,0
607411906646376447,0.0585956,0
607411906780594175,0.024054,0
607411907049029631,0.0583047,0
607411907183247359,0.0458881,0
607411907317465087,0.0663689,0
607411907451682815,0.0425973,0
607411907585900543,0.0749872,0
607411907720118271,0.0516159,0
607411907854335999,0.0425929,0
607411908122771455,0.0285676,0
607411908256989183,0.0348668,0
607411908391206911,0.025421,0
607411908525424639,0.0325985,0
607411908659642367,0.0264069,0
607411908793860095,0.0331947,0
607411908928077823,0.0240263,0
607411910270255103,0.0671815,0
607411910404472831,0.0767029,0
607411910538690559,0.074992,0
607411910672908287,0.0739745,0
607411910807126015,0.0538976,0
607411910941343743,0.0481361,0
607411911075561471,0.0422597,0
607411911343996927,0.0734594,0
607411911478214655,0.0797623,0
607411911612432383,0.0834773,0
607411911746650111,0.0836224,0
607411911880867839,0.0555736,0
607411912015085567,0.060682,0
607411912149303295,0.0598204,0
607411912417738751,0.0500062,0
607411912551956479,0.0334058,0
607411912686174207,0.0322505,0
607411912820391935,0.0260206,0
607411912954609663,0.0617843,0
607411913088827391,0.0447947,0
607411913223045119,0.0417222,0
607411913491480575,0.079138,0
607411913625698303,0.0489582,0
607411913759916031,0.0359242,0
607411913894133759,0.0473982,0
607411914028351487,0.0623056,0
607411914162569215,0.074897,0
607411914296786943,0.0569689,0
607411914565222399,0.083447,0
607411914699440127,0.040195,0
607411914833657855,0.0983305,0
607411914967875583,0.0588006,0
607411915102093311,0.0819347,0
607411915236311039,0.0386532,0
607411915370528767,0.0875881,0
607411915638964223,0.0437828,0
607411915773181951,0.0533349,0
607411915907399679,0.0594283,0
607411916041617407,0.0531039,0
607411916175835135,0.0815934,0
607411916310052863,0.0519824,0
607411916444270591,0.0420329,0
607411916712706047,0.0677137,0
607411916846923775,0.0720751,0
607411916981141503,0.0851798,0
607411917115359231,0.0775383,0
607411917249576959,0.079354,0
607411917383794687,0.0627287,0
607411917518012415,0.0640347,0
607411918860189695,0.0282314,0
607411918994407423,0.0429179,0
607411919128625151,0.0217989,0
607411919262842879,0.0333873,0
607411919397060607,0.0334365,0
607411919531278335,0.0451131,0
607411919665496063,0.0384048,0
607411919933931519,0.0610315,0
607411920068149247,0.0972683,0
607411920202366975,0.056865,0
607411920336584703,0.159186,0
607411920470802431,0.0670971,0
607411920605020159,0.0645322,0
607411920739237887,0.0576943,0
607411921007673343,0.0766534,0
607411921141891071,0.120682,0
607411921276108799,0.115366,0
607411921410326527,0.175523,0
607411921544544255,0.0594606,0
607411921678761983,0.0298203,0
607411921812979711,0.0384225,0
607411922081415167,0.124289,0
607411922215632895,0.114079,0
607411922349850623,0.0555868,0
607411922484068351,0.0258122,0
607411922618286079,0.0636915,0
607411922752503807,0.127076,0
607411922886721535,0.0889572,0
607411923155156991,0.0401691,0
607411923289374719,0.0457258,0
607411923423592447,0.0487963,0
607411923557810175,0.0384535,0
607411923692027903,0.0356962,0
607411923826245631,0.0322496,0
607411923960463359,0.0458108,0
607411924228898815,0.0463412,0
607411924363116543,0.0568232,0
607411924497334271,0.0484213,0
607411924631551999,0.0699469,0
607411924765769727,0.0360917,0
607411924899987455,0.0528618,0
607411925034205183,0.0428027,0
607411925302640639,0.0489346,0
607411925436858367,0.0372945,0
607411925571076095,0.0682197,0
607411925705293823,0.0643995,0
607411925839511551,0.0427414,0
607411925973729279,0.0465509,0
607411926107947007,0.0867208,0
