,sst,chl,chl_log,ssh,wind_speed
sst,1.0,0.571680573804768,0.5716805738095291,0.48763060349868265,-0.14803941634872267
chl,0.571680573804768,1.0,0.9999999999999905,0.5569318474880934,-0.12194730161576002
chl_log,0.5716805738095291,0.9999999999999905,1.0,0.5569318474869956,-0.12194730161477656
ssh,0.48763060349868265,0.5569318474880934,0.5569318474869956,1.0,-0.0974716388317319
wind_speed,-0.14803941634872267,-0.12194730161576002,-0.12194730161477656,-0.0974716388317319,1.0
